task_id,asset_id,section_id,task_type,defect_type,severity,criticality,inspection_date,reported_date,due_date,estimated_duration_hours,required_team_size,safety_impact,status,days_until_due,urgency_category
ENG0001,AST0009,SEC009,Welding,Weld depression,3,MEDIUM,2025-06-05,2025-06-07,2025-07-01,7.5,13,MEDIUM,Pending,24,Normal
ENG0002,AST0136,SEC061,Ballast Maintenance,Vegetation growth,1,CRITICAL,2025-07-21,2025-07-21,2025-07-24,9.2,4,HIGH,Pending,3,Urgent
ENG0003,AST0284,SEC059,Turnout Maintenance,Point mechanism fault,4,LOW,2025-05-14,2025-05-17,2025-06-12,10.6,4,LOW,In Progress,26,Normal
ENG0004,AST0252,SEC027,Rail Inspection,Gauge deviation,4,LOW,2025-11-21,2025-11-23,2026-01-10,2.5,13,LOW,Scheduled,48,Low
ENG0005,AST0230,SEC005,Track Geometry Correction,Twist fault,3,MEDIUM,2025-10-02,2025-10-04,2025-10-25,4.3,15,MEDIUM,In Progress,21,Normal
ENG0006,AST0203,SEC053,Turnout Maintenance,Crossing nose defect,4,LOW,2025-01-25,2025-01-28,2025-03-22,3.7,6,LOW,Cancelled,53,Low
ENG0007,AST0378,SEC003,Rail Replacement,Severely worn rail,1,CRITICAL,2025-06-14,2025-06-17,2025-06-21,5.4,15,HIGH,Pending,4,Urgent
ENG0008,AST0119,SEC044,Turnout Maintenance,Crossing nose defect,4,LOW,2025-11-01,2025-11-03,2025-12-14,1.4,9,LOW,Pending,41,Low
ENG0009,AST0302,SEC002,Ballast Maintenance,Drainage blockage,5,LOW,2025-10-08,2025-10-10,2025-12-28,4.8,12,LOW,Pending,79,Low
ENG0010,AST0398,SEC023,Rail Inspection,Gauge deviation,1,CRITICAL,2025-10-08,2025-10-09,2025-10-15,10.5,8,HIGH,Pending,6,Urgent
ENG0011,AST0311,SEC011,Sleeper Replacement,Decayed wooden sleeper,4,LOW,2025-09-09,2025-09-12,2025-11-07,6.0,9,LOW,Scheduled,56,Low
ENG0012,AST0114,SEC039,Welding,Weld crack,1,CRITICAL,2025-09-04,2025-09-05,2025-09-12,2.0,11,HIGH,Cancelled,7,Urgent
ENG0013,AST0211,SEC061,Rail Replacement,Severely worn rail,4,LOW,2025-06-18,2025-06-21,2025-08-09,4.1,15,LOW,Completed,49,Low
ENG0014,AST0015,SEC015,Welding,Misaligned weld,4,LOW,2025-07-04,2025-07-06,2025-08-28,7.0,2,LOW,Completed,53,Low
ENG0015,AST0395,SEC020,Ballast Maintenance,Vegetation growth,4,LOW,2025-10-20,2025-10-20,2025-11-25,5.7,3,LOW,Cancelled,36,Low
ENG0016,AST0026,SEC026,Track Geometry Correction,Twist fault,4,LOW,2025-10-01,2025-10-03,2025-11-26,9.7,4,LOW,Completed,54,Low
ENG0017,AST0232,SEC007,Rail Replacement,End-post fracture,4,LOW,2025-12-17,2025-12-20,2026-01-20,7.5,7,LOW,Completed,31,Low
ENG0018,AST0376,SEC001,Track Alignment,Lateral misalignment,5,LOW,2025-12-17,2025-12-19,2026-02-04,10.9,9,LOW,Completed,47,Low
ENG0019,AST0133,SEC058,Turnout Maintenance,Crossing nose defect,3,MEDIUM,2025-02-17,2025-02-18,2025-03-10,1.2,14,MEDIUM,Pending,20,Normal
ENG0020,AST0074,SEC074,Rail Replacement,End-post fracture,5,LOW,2025-02-25,2025-02-28,2025-05-01,11.0,3,LOW,Pending,62,Low
ENG0021,AST0299,SEC074,Track Geometry Correction,Twist fault,3,MEDIUM,2025-10-05,2025-10-05,2025-10-23,11.7,11,MEDIUM,Scheduled,18,Normal
ENG0022,AST0065,SEC065,Rail Inspection,Gauge deviation,3,MEDIUM,2025-02-13,2025-02-16,2025-03-18,11.4,4,MEDIUM,Completed,30,Normal
ENG0023,AST0315,SEC015,Ballast Maintenance,Drainage blockage,3,MEDIUM,2025-06-09,2025-06-11,2025-07-06,7.2,9,MEDIUM,Pending,25,Normal
ENG0024,AST0128,SEC053,Welding,Weld crack,2,HIGH,2025-12-18,2025-12-18,2025-12-26,11.3,7,HIGH,In Progress,8,Normal
ENG0025,AST0195,SEC045,Sleeper Replacement,Cracked sleeper,3,MEDIUM,2025-08-26,2025-08-26,2025-09-15,3.0,12,MEDIUM,Scheduled,20,Normal
ENG0026,AST0290,SEC065,Rail Inspection,Worn rail head,3,MEDIUM,2025-09-13,2025-09-16,2025-10-12,7.4,5,MEDIUM,Pending,26,Normal
ENG0027,AST0307,SEC007,Track Geometry Correction,Alignment defect,3,MEDIUM,2025-03-14,2025-03-15,2025-04-02,7.8,12,MEDIUM,Pending,18,Normal
ENG0028,AST0082,SEC007,Ballast Maintenance,Vegetation growth,3,MEDIUM,2025-07-10,2025-07-11,2025-08-04,11.2,12,MEDIUM,Scheduled,24,Normal
ENG0029,AST0129,SEC054,Turnout Maintenance,Check rail gap,4,LOW,2025-09-05,2025-09-06,2025-10-24,3.5,9,LOW,Scheduled,48,Low
ENG0030,AST0390,SEC015,Welding,Weld depression,2,HIGH,2025-02-02,2025-02-02,2025-02-12,9.3,5,HIGH,Completed,10,Normal
ENG0031,AST0228,SEC003,Sleeper Replacement,Missing sleeper,3,MEDIUM,2025-02-20,2025-02-23,2025-03-20,5.1,12,MEDIUM,Completed,25,Normal
ENG0032,AST0066,SEC066,Rail Replacement,Rail end batter,2,HIGH,2025-01-18,2025-01-18,2025-01-31,6.8,6,HIGH,Pending,13,Normal
ENG0033,AST0126,SEC051,Turnout Maintenance,Point mechanism fault,4,LOW,2025-04-16,2025-04-16,2025-06-10,6.4,5,LOW,Completed,55,Low
ENG0034,AST0077,SEC002,Ballast Maintenance,Drainage blockage,5,LOW,2025-07-10,2025-07-11,2025-10-04,9.3,7,LOW,Pending,85,Low
ENG0035,AST0260,SEC035,Welding,Misaligned weld,4,LOW,2025-07-30,2025-07-31,2025-08-30,5.1,12,LOW,Cancelled,30,Normal
ENG0036,AST0296,SEC071,Track Geometry Correction,Alignment defect,1,CRITICAL,2025-02-20,2025-02-23,2025-02-27,9.7,15,HIGH,Completed,4,Urgent
ENG0037,AST0296,SEC071,Rail Replacement,End-post fracture,4,LOW,2025-05-27,2025-05-28,2025-07-12,8.5,5,LOW,Completed,45,Low
ENG0038,AST0205,SEC055,Sleeper Replacement,Decayed wooden sleeper,4,LOW,2025-10-15,2025-10-15,2025-12-02,8.4,7,LOW,Cancelled,48,Low
ENG0039,AST0227,SEC002,Track Geometry Correction,Cross-level error,2,HIGH,2025-06-10,2025-06-10,2025-06-20,11.6,4,HIGH,In Progress,10,Normal
ENG0040,AST0312,SEC012,Ballast Maintenance,Insufficient ballast,4,LOW,2025-08-13,2025-08-16,2025-09-18,6.5,9,LOW,Completed,33,Low
ENG0041,AST0087,SEC012,Track Alignment,Buckling risk,4,LOW,2025-12-17,2025-12-18,2026-01-24,2.7,13,LOW,Pending,37,Low
ENG0042,AST0054,SEC054,Welding,Thermit weld defect,3,MEDIUM,2025-09-05,2025-09-08,2025-10-04,7.7,12,MEDIUM,Completed,26,Normal
ENG0043,AST0086,SEC011,Rail Replacement,Broken rail,3,MEDIUM,2025-06-10,2025-06-12,2025-06-29,4.2,11,MEDIUM,Scheduled,17,Normal
ENG0044,AST0370,SEC070,Rail Replacement,Rail end batter,4,LOW,2025-05-28,2025-05-31,2025-07-08,8.6,4,LOW,Completed,38,Low
ENG0045,AST0304,SEC004,Track Geometry Correction,Alignment defect,4,LOW,2025-07-25,2025-07-27,2025-09-22,9.5,4,LOW,Completed,57,Low
ENG0046,AST0040,SEC040,Rail Inspection,Gauge deviation,4,LOW,2025-07-22,2025-07-25,2025-08-28,9.6,10,LOW,Pending,34,Low
ENG0047,AST0230,SEC005,Sleeper Replacement,Decayed wooden sleeper,3,MEDIUM,2025-05-11,2025-05-14,2025-06-08,6.8,12,MEDIUM,Completed,25,Normal
ENG0048,AST0216,SEC066,Rail Replacement,Severely worn rail,3,MEDIUM,2025-10-10,2025-10-11,2025-10-29,11.3,14,MEDIUM,Cancelled,18,Normal
ENG0049,AST0092,SEC017,Track Geometry Correction,Alignment defect,3,MEDIUM,2025-10-13,2025-10-14,2025-10-31,9.6,15,MEDIUM,Scheduled,17,Normal
ENG0050,AST0159,SEC009,Track Geometry Correction,Cross-level error,5,LOW,2025-10-11,2025-10-13,2025-12-30,3.4,3,LOW,Scheduled,78,Low
ENG0051,AST0133,SEC058,Rail Inspection,Worn rail head,3,MEDIUM,2025-11-24,2025-11-24,2025-12-14,11.5,15,MEDIUM,Scheduled,20,Normal
ENG0052,AST0399,SEC024,Welding,Thermit weld defect,5,LOW,2025-02-03,2025-02-04,2025-04-04,6.9,12,LOW,Completed,59,Low
ENG0053,AST0238,SEC013,Rail Inspection,Rail crack,3,MEDIUM,2025-02-20,2025-02-22,2025-03-14,6.9,11,MEDIUM,In Progress,20,Normal
ENG0054,AST0181,SEC031,Welding,Weld depression,4,LOW,2025-05-29,2025-05-29,2025-07-02,10.4,6,LOW,Pending,34,Low
ENG0055,AST0312,SEC012,Rail Inspection,Corrugation,3,MEDIUM,2025-08-29,2025-08-31,2025-09-30,4.6,4,MEDIUM,Pending,30,Normal
ENG0056,AST0338,SEC038,Track Alignment,Vertical misalignment,4,LOW,2025-03-01,2025-03-01,2025-04-04,8.2,13,LOW,Pending,34,Low
ENG0057,AST0310,SEC010,Rail Inspection,Surface defect,3,MEDIUM,2025-04-25,2025-04-26,2025-05-13,1.5,12,MEDIUM,Completed,17,Normal
ENG0058,AST0387,SEC012,Rail Replacement,Severely worn rail,5,LOW,2025-10-26,2025-10-28,2025-12-30,2.5,14,LOW,Completed,63,Low
ENG0059,AST0185,SEC035,Track Geometry Correction,Twist fault,5,LOW,2025-01-29,2025-02-01,2025-04-25,2.6,5,LOW,Completed,83,Low
ENG0060,AST0372,SEC072,Ballast Maintenance,Fouled ballast,3,MEDIUM,2025-09-14,2025-09-17,2025-10-07,1.4,4,MEDIUM,Pending,20,Normal
ENG0061,AST0389,SEC014,Track Geometry Correction,Cross-level error,2,HIGH,2025-11-22,2025-11-24,2025-12-08,4.9,7,HIGH,Scheduled,14,Normal
ENG0062,AST0327,SEC027,Track Geometry Correction,Alignment defect,4,LOW,2025-10-21,2025-10-24,2025-12-21,10.1,10,LOW,Scheduled,58,Low
ENG0063,AST0177,SEC027,Rail Inspection,Corrugation,3,MEDIUM,2025-08-10,2025-08-13,2025-09-10,7.8,11,MEDIUM,Completed,28,Normal
ENG0064,AST0148,SEC073,Rail Replacement,Broken rail,4,LOW,2025-11-01,2025-11-02,2025-12-09,6.7,12,LOW,Pending,37,Low
ENG0065,AST0011,SEC011,Track Geometry Correction,Cross-level error,1,CRITICAL,2025-05-19,2025-05-20,2025-05-24,9.4,2,HIGH,Pending,4,Urgent
ENG0066,AST0124,SEC049,Turnout Maintenance,Switch tongue wear,3,MEDIUM,2025-10-02,2025-10-04,2025-10-23,10.9,10,MEDIUM,Completed,19,Normal
ENG0067,AST0060,SEC060,Rail Replacement,Severely worn rail,4,LOW,2025-03-12,2025-03-12,2025-05-06,9.5,2,LOW,In Progress,55,Low
ENG0068,AST0260,SEC035,Sleeper Replacement,Broken concrete sleeper,4,LOW,2025-04-23,2025-04-26,2025-06-07,5.5,7,LOW,Completed,42,Low
ENG0069,AST0253,SEC028,Welding,Misaligned weld,4,LOW,2025-03-06,2025-03-07,2025-05-05,1.1,6,LOW,Pending,59,Low
ENG0070,AST0094,SEC019,Track Geometry Correction,Twist fault,4,LOW,2025-07-29,2025-07-31,2025-09-03,5.5,3,LOW,Pending,34,Low
ENG0071,AST0096,SEC021,Ballast Maintenance,Drainage blockage,3,MEDIUM,2025-12-19,2025-12-21,2026-01-16,11.7,14,MEDIUM,Completed,26,Normal
ENG0072,AST0143,SEC068,Turnout Maintenance,Check rail gap,3,MEDIUM,2025-04-29,2025-05-01,2025-05-29,9.7,2,MEDIUM,Pending,28,Normal
ENG0073,AST0299,SEC074,Track Geometry Correction,Gauge irregularity,3,MEDIUM,2025-08-20,2025-08-21,2025-09-06,3.1,5,MEDIUM,Scheduled,16,Normal
ENG0074,AST0377,SEC002,Track Geometry Correction,Gauge irregularity,5,LOW,2025-06-25,2025-06-26,2025-08-20,11.0,13,LOW,Pending,55,Low
ENG0075,AST0053,SEC053,Sleeper Replacement,Missing sleeper,3,MEDIUM,2025-02-04,2025-02-06,2025-03-02,10.0,12,MEDIUM,Cancelled,24,Normal
ENG0076,AST0295,SEC070,Rail Replacement,Severely worn rail,2,HIGH,2025-05-04,2025-05-05,2025-05-17,8.2,14,HIGH,Completed,12,Normal
ENG0077,AST0040,SEC040,Track Geometry Correction,Cross-level error,3,MEDIUM,2025-07-06,2025-07-06,2025-07-27,9.5,6,MEDIUM,Scheduled,21,Normal
ENG0078,AST0365,SEC065,Ballast Maintenance,Fouled ballast,2,HIGH,2025-09-14,2025-09-15,2025-09-24,9.6,3,HIGH,Completed,9,Normal
ENG0079,AST0186,SEC036,Rail Inspection,Corrugation,4,LOW,2025-09-09,2025-09-12,2025-10-13,10.6,13,LOW,Completed,31,Low
ENG0080,AST0278,SEC053,Ballast Maintenance,Insufficient ballast,4,LOW,2025-04-22,2025-04-23,2025-05-25,9.4,9,LOW,Cancelled,32,Low
ENG0081,AST0210,SEC060,Track Geometry Correction,Alignment defect,3,MEDIUM,2025-11-10,2025-11-11,2025-12-02,10.3,12,MEDIUM,Scheduled,21,Normal
ENG0082,AST0024,SEC024,Ballast Maintenance,Insufficient ballast,2,HIGH,2025-01-29,2025-01-30,2025-02-10,5.2,7,HIGH,Completed,11,Normal
ENG0083,AST0001,SEC001,Track Geometry Correction,Gauge irregularity,4,LOW,2025-08-29,2025-08-30,2025-10-24,3.2,9,LOW,Pending,55,Low
ENG0084,AST0349,SEC049,Track Geometry Correction,Cross-level error,4,LOW,2025-03-02,2025-03-03,2025-03-30,4.1,3,LOW,Completed,27,Normal
ENG0085,AST0065,SEC065,Track Geometry Correction,Alignment defect,5,LOW,2025-09-12,2025-09-14,2025-11-12,5.7,10,LOW,Cancelled,59,Low
ENG0086,AST0226,SEC001,Turnout Maintenance,Switch tongue wear,3,MEDIUM,2025-12-03,2025-12-04,2026-01-02,5.9,3,MEDIUM,Completed,29,Normal
ENG0087,AST0102,SEC027,Rail Replacement,Rail end batter,4,LOW,2025-01-16,2025-01-19,2025-03-02,4.3,10,LOW,Completed,42,Low
ENG0088,AST0379,SEC004,Track Geometry Correction,Gauge irregularity,1,CRITICAL,2025-02-10,2025-02-11,2025-02-17,9.2,13,HIGH,Completed,6,Urgent
ENG0089,AST0020,SEC020,Welding,Weld crack,2,HIGH,2025-07-19,2025-07-21,2025-08-02,1.4,7,HIGH,Completed,12,Normal
ENG0090,AST0338,SEC038,Welding,Weld crack,4,LOW,2025-04-24,2025-04-27,2025-05-31,4.5,14,LOW,Cancelled,34,Low
ENG0091,AST0260,SEC035,Sleeper Replacement,Decayed wooden sleeper,3,MEDIUM,2025-01-28,2025-01-29,2025-02-18,10.0,8,MEDIUM,Completed,20,Normal
ENG0092,AST0361,SEC061,Track Geometry Correction,Cross-level error,5,LOW,2025-06-15,2025-06-15,2025-08-20,6.1,11,LOW,Completed,66,Low
ENG0093,AST0263,SEC038,Turnout Maintenance,Point mechanism fault,4,LOW,2025-07-11,2025-07-12,2025-08-15,6.3,3,LOW,Pending,34,Low
ENG0094,AST0119,SEC044,Rail Replacement,End-post fracture,3,MEDIUM,2025-09-27,2025-09-27,2025-10-19,9.2,8,MEDIUM,Pending,22,Normal
ENG0095,AST0286,SEC061,Rail Replacement,End-post fracture,5,LOW,2025-02-20,2025-02-20,2025-04-16,4.0,5,LOW,Pending,55,Low
ENG0096,AST0142,SEC067,Welding,Weld crack,3,MEDIUM,2025-02-05,2025-02-06,2025-02-22,8.3,15,MEDIUM,Completed,16,Normal
ENG0097,AST0202,SEC052,Ballast Maintenance,Fouled ballast,2,HIGH,2025-01-30,2025-01-30,2025-02-09,3.4,11,HIGH,Pending,10,Normal
ENG0098,AST0075,SEC075,Rail Inspection,Worn rail head,1,CRITICAL,2025-09-26,2025-09-29,2025-10-04,10.0,5,HIGH,Pending,5,Urgent
ENG0099,AST0157,SEC007,Rail Inspection,Corrugation,2,HIGH,2025-01-28,2025-01-28,2025-02-12,8.3,3,HIGH,Completed,15,Normal
ENG0100,AST0207,SEC057,Welding,Weld depression,2,HIGH,2025-02-11,2025-02-14,2025-02-26,7.3,11,HIGH,Pending,12,Normal
ENG0101,AST0166,SEC016,Rail Replacement,Rail end batter,2,HIGH,2025-07-14,2025-07-14,2025-07-26,11.3,14,HIGH,Completed,12,Normal
ENG0102,AST0046,SEC046,Track Geometry Correction,Cross-level error,3,MEDIUM,2025-01-17,2025-01-19,2025-02-13,7.0,13,MEDIUM,Scheduled,25,Normal
ENG0103,AST0251,SEC026,Sleeper Replacement,Decayed wooden sleeper,3,MEDIUM,2025-03-24,2025-03-24,2025-04-15,11.0,7,MEDIUM,Completed,22,Normal
ENG0104,AST0236,SEC011,Turnout Maintenance,Crossing nose defect,2,HIGH,2025-11-07,2025-11-10,2025-11-20,10.3,6,HIGH,Pending,10,Normal
ENG0105,AST0063,SEC063,Track Alignment,Cant deficiency,2,HIGH,2025-01-25,2025-01-28,2025-02-11,7.0,13,HIGH,Completed,14,Normal
ENG0106,AST0058,SEC058,Rail Replacement,Rail end batter,4,LOW,2025-10-01,2025-10-03,2025-11-09,1.4,2,LOW,Completed,37,Low
ENG0107,AST0039,SEC039,Ballast Maintenance,Drainage blockage,5,LOW,2025-07-22,2025-07-24,2025-09-23,7.1,7,LOW,Pending,61,Low
ENG0108,AST0238,SEC013,Track Geometry Correction,Twist fault,3,MEDIUM,2025-04-19,2025-04-20,2025-05-20,9.0,5,MEDIUM,Scheduled,30,Normal
ENG0109,AST0119,SEC044,Sleeper Replacement,Broken concrete sleeper,5,LOW,2025-04-17,2025-04-19,2025-06-17,8.4,13,LOW,Pending,59,Low
ENG0110,AST0320,SEC020,Sleeper Replacement,Broken concrete sleeper,4,LOW,2025-10-12,2025-10-13,2025-11-20,5.0,15,LOW,Scheduled,38,Low
ENG0111,AST0083,SEC008,Turnout Maintenance,Check rail gap,4,LOW,2025-04-17,2025-04-19,2025-05-16,1.5,2,LOW,Scheduled,27,Normal
ENG0112,AST0065,SEC065,Ballast Maintenance,Fouled ballast,3,MEDIUM,2025-02-15,2025-02-16,2025-03-12,9.0,12,MEDIUM,In Progress,24,Normal
ENG0113,AST0040,SEC040,Rail Inspection,Worn rail head,4,LOW,2025-07-26,2025-07-27,2025-09-18,8.3,7,LOW,Completed,53,Low
ENG0114,AST0096,SEC021,Ballast Maintenance,Vegetation growth,4,LOW,2025-01-16,2025-01-16,2025-03-13,8.5,9,LOW,Completed,56,Low
ENG0115,AST0292,SEC067,Rail Replacement,Severely worn rail,1,CRITICAL,2025-04-11,2025-04-13,2025-04-17,10.1,7,HIGH,Pending,4,Urgent
ENG0116,AST0319,SEC019,Welding,Misaligned weld,4,LOW,2025-05-29,2025-06-01,2025-07-05,5.3,4,LOW,In Progress,34,Low
ENG0117,AST0247,SEC022,Ballast Maintenance,Vegetation growth,2,HIGH,2025-06-28,2025-06-28,2025-07-06,2.9,14,HIGH,Scheduled,8,Normal
ENG0118,AST0053,SEC053,Rail Replacement,Broken rail,1,CRITICAL,2025-08-10,2025-08-10,2025-08-16,6.0,5,HIGH,Completed,6,Urgent
ENG0119,AST0271,SEC046,Rail Replacement,Severely worn rail,3,MEDIUM,2025-04-10,2025-04-10,2025-05-06,10.2,2,MEDIUM,Pending,26,Normal
ENG0120,AST0148,SEC073,Sleeper Replacement,Missing sleeper,4,LOW,2025-10-02,2025-10-04,2025-11-23,2.7,12,LOW,Pending,50,Low
ENG0121,AST0257,SEC032,Track Geometry Correction,Alignment defect,4,LOW,2025-10-29,2025-10-31,2025-12-17,10.9,11,LOW,Scheduled,47,Low
ENG0122,AST0220,SEC070,Welding,Weld crack,2,HIGH,2025-07-30,2025-08-02,2025-08-11,10.6,4,HIGH,Cancelled,9,Normal
ENG0123,AST0074,SEC074,Ballast Maintenance,Drainage blockage,3,MEDIUM,2025-10-28,2025-10-30,2025-11-18,4.2,2,MEDIUM,Pending,19,Normal
ENG0124,AST0321,SEC021,Rail Replacement,End-post fracture,2,HIGH,2025-10-14,2025-10-14,2025-10-23,8.2,8,HIGH,Scheduled,9,Normal
ENG0125,AST0055,SEC055,Turnout Maintenance,Check rail gap,1,CRITICAL,2025-09-05,2025-09-08,2025-09-11,2.1,5,HIGH,Completed,3,Urgent
ENG0126,AST0077,SEC002,Ballast Maintenance,Drainage blockage,4,LOW,2025-10-26,2025-10-29,2025-12-16,3.3,10,LOW,Pending,48,Low
ENG0127,AST0172,SEC022,Track Geometry Correction,Gauge irregularity,3,MEDIUM,2025-08-02,2025-08-02,2025-08-20,2.9,11,MEDIUM,Scheduled,18,Normal
ENG0128,AST0190,SEC040,Sleeper Replacement,Decayed wooden sleeper,2,HIGH,2025-04-03,2025-04-05,2025-04-17,11.6,7,HIGH,Scheduled,12,Normal
ENG0129,AST0314,SEC014,Welding,Weld depression,4,LOW,2025-02-16,2025-02-17,2025-03-14,2.0,8,LOW,Pending,25,Normal
ENG0130,AST0376,SEC001,Sleeper Replacement,Decayed wooden sleeper,3,MEDIUM,2025-11-07,2025-11-10,2025-11-30,8.0,7,MEDIUM,Cancelled,20,Normal
ENG0131,AST0262,SEC037,Rail Replacement,Severely worn rail,3,MEDIUM,2025-10-27,2025-10-27,2025-11-24,8.2,3,MEDIUM,Pending,28,Normal
ENG0132,AST0147,SEC072,Turnout Maintenance,Switch tongue wear,5,LOW,2025-06-25,2025-06-25,2025-09-19,8.6,3,LOW,Completed,86,Low
ENG0133,AST0330,SEC030,Ballast Maintenance,Insufficient ballast,3,MEDIUM,2025-12-18,2025-12-21,2026-01-04,4.0,12,MEDIUM,Cancelled,14,Normal
ENG0134,AST0085,SEC010,Rail Replacement,Rail end batter,1,CRITICAL,2025-10-05,2025-10-07,2025-10-10,6.6,7,HIGH,Pending,3,Urgent
ENG0135,AST0028,SEC028,Turnout Maintenance,Crossing nose defect,1,CRITICAL,2025-01-26,2025-01-26,2025-01-30,9.4,3,HIGH,Scheduled,4,Urgent
ENG0136,AST0166,SEC016,Track Geometry Correction,Cross-level error,4,LOW,2025-05-30,2025-06-01,2025-07-01,8.9,4,LOW,Scheduled,30,Normal
ENG0137,AST0185,SEC035,Rail Replacement,End-post fracture,2,HIGH,2025-07-12,2025-07-14,2025-07-28,10.3,5,HIGH,Scheduled,14,Normal
ENG0138,AST0219,SEC069,Track Alignment,Buckling risk,3,MEDIUM,2025-08-01,2025-08-04,2025-08-18,11.2,14,MEDIUM,Cancelled,14,Normal
ENG0139,AST0019,SEC019,Turnout Maintenance,Check rail gap,3,MEDIUM,2025-11-06,2025-11-07,2025-11-24,6.9,8,MEDIUM,In Progress,17,Normal
ENG0140,AST0140,SEC065,Welding,Weld depression,3,MEDIUM,2025-05-26,2025-05-26,2025-06-21,1.9,9,MEDIUM,Pending,26,Normal
ENG0141,AST0073,SEC073,Rail Inspection,Worn rail head,4,LOW,2025-05-26,2025-05-26,2025-07-01,10.4,5,LOW,Pending,36,Low
ENG0142,AST0324,SEC024,Track Geometry Correction,Twist fault,3,MEDIUM,2025-08-17,2025-08-17,2025-09-09,9.3,3,MEDIUM,Completed,23,Normal
ENG0143,AST0047,SEC047,Track Alignment,Lateral misalignment,3,MEDIUM,2025-10-02,2025-10-03,2025-10-19,1.1,3,MEDIUM,Pending,16,Normal
ENG0144,AST0277,SEC052,Rail Replacement,End-post fracture,3,MEDIUM,2025-07-08,2025-07-09,2025-07-25,5.9,3,MEDIUM,Completed,16,Normal
ENG0145,AST0246,SEC021,Track Alignment,Cant deficiency,4,LOW,2025-04-16,2025-04-16,2025-05-11,4.9,2,LOW,Pending,25,Normal
ENG0146,AST0067,SEC067,Track Geometry Correction,Gauge irregularity,5,LOW,2025-06-24,2025-06-24,2025-08-09,5.2,11,LOW,Completed,46,Low
ENG0147,AST0042,SEC042,Track Alignment,Vertical misalignment,2,HIGH,2025-02-11,2025-02-12,2025-02-27,10.6,8,HIGH,In Progress,15,Normal
ENG0148,AST0185,SEC035,Sleeper Replacement,Broken concrete sleeper,4,LOW,2025-03-13,2025-03-13,2025-04-19,9.7,11,LOW,Scheduled,37,Low
ENG0149,AST0082,SEC007,Turnout Maintenance,Check rail gap,4,LOW,2025-10-05,2025-10-05,2025-11-17,8.4,6,LOW,Pending,43,Low
ENG0150,AST0288,SEC063,Turnout Maintenance,Crossing nose defect,2,HIGH,2025-03-09,2025-03-10,2025-03-23,7.8,10,HIGH,Completed,13,Normal
ENG0151,AST0026,SEC026,Turnout Maintenance,Crossing nose defect,3,MEDIUM,2025-04-04,2025-04-05,2025-04-28,2.0,7,MEDIUM,Scheduled,23,Normal
ENG0152,AST0351,SEC051,Ballast Maintenance,Fouled ballast,4,LOW,2025-02-13,2025-02-14,2025-03-22,11.9,5,LOW,Completed,36,Low
ENG0153,AST0311,SEC011,Rail Inspection,Corrugation,1,CRITICAL,2025-08-12,2025-08-14,2025-08-17,8.8,3,HIGH,Scheduled,3,Urgent
ENG0154,AST0366,SEC066,Ballast Maintenance,Drainage blockage,4,LOW,2025-12-05,2025-12-07,2026-01-30,9.9,11,LOW,Scheduled,54,Low
ENG0155,AST0239,SEC014,Track Geometry Correction,Twist fault,4,LOW,2025-08-28,2025-08-29,2025-09-27,1.0,10,LOW,In Progress,29,Normal
ENG0156,AST0328,SEC028,Rail Replacement,Rail end batter,2,HIGH,2025-07-21,2025-07-23,2025-08-07,8.2,7,HIGH,Pending,15,Normal
ENG0157,AST0090,SEC015,Turnout Maintenance,Switch tongue wear,3,MEDIUM,2025-05-13,2025-05-15,2025-06-13,2.0,12,MEDIUM,Cancelled,29,Normal
ENG0158,AST0241,SEC016,Rail Replacement,Rail end batter,3,MEDIUM,2024-12-29,2025-01-01,2025-01-24,8.8,10,MEDIUM,Pending,23,Normal
ENG0159,AST0068,SEC068,Rail Inspection,Worn rail head,5,LOW,2025-10-24,2025-10-24,2025-12-12,9.5,2,LOW,Completed,49,Low
ENG0160,AST0033,SEC033,Track Geometry Correction,Alignment defect,4,LOW,2025-03-16,2025-03-18,2025-05-15,6.3,9,LOW,Pending,58,Low
ENG0161,AST0107,SEC032,Turnout Maintenance,Switch tongue wear,1,CRITICAL,2025-11-13,2025-11-16,2025-11-23,7.6,12,HIGH,Scheduled,7,Urgent
ENG0162,AST0068,SEC068,Ballast Maintenance,Drainage blockage,2,HIGH,2025-07-20,2025-07-21,2025-08-05,2.2,5,HIGH,Completed,15,Normal
ENG0163,AST0108,SEC033,Sleeper Replacement,Missing sleeper,2,HIGH,2025-12-04,2025-12-05,2025-12-13,5.0,6,HIGH,Scheduled,8,Normal
ENG0164,AST0118,SEC043,Rail Inspection,Worn rail head,3,MEDIUM,2025-07-23,2025-07-26,2025-08-21,5.0,4,MEDIUM,Scheduled,26,Normal
ENG0165,AST0183,SEC033,Rail Replacement,Broken rail,3,MEDIUM,2025-10-26,2025-10-27,2025-11-10,9.9,14,MEDIUM,Pending,14,Normal
ENG0166,AST0324,SEC024,Track Geometry Correction,Twist fault,4,LOW,2025-09-25,2025-09-28,2025-11-24,10.9,13,LOW,Scheduled,57,Low
ENG0167,AST0117,SEC042,Track Geometry Correction,Twist fault,2,HIGH,2025-10-13,2025-10-16,2025-10-30,2.8,10,HIGH,In Progress,14,Normal
ENG0168,AST0080,SEC005,Rail Inspection,Worn rail head,4,LOW,2025-07-13,2025-07-14,2025-09-08,4.6,6,LOW,Scheduled,56,Low
ENG0169,AST0190,SEC040,Track Geometry Correction,Twist fault,3,MEDIUM,2025-07-28,2025-07-30,2025-08-17,7.0,10,MEDIUM,Pending,18,Normal
ENG0170,AST0341,SEC041,Turnout Maintenance,Point mechanism fault,2,HIGH,2025-02-15,2025-02-16,2025-03-01,2.7,4,HIGH,Completed,13,Normal
ENG0171,AST0316,SEC016,Turnout Maintenance,Switch tongue wear,2,HIGH,2025-06-03,2025-06-04,2025-06-17,8.5,14,HIGH,Pending,13,Normal
ENG0172,AST0251,SEC026,Track Alignment,Cant deficiency,2,HIGH,2025-04-16,2025-04-17,2025-04-28,3.1,2,HIGH,Cancelled,11,Normal
ENG0173,AST0021,SEC021,Sleeper Replacement,Cracked sleeper,1,CRITICAL,2025-05-17,2025-05-18,2025-05-24,7.4,4,HIGH,Pending,6,Urgent
ENG0174,AST0182,SEC032,Track Alignment,Lateral misalignment,3,MEDIUM,2025-11-26,2025-11-26,2025-12-23,6.0,12,MEDIUM,In Progress,27,Normal
ENG0175,AST0126,SEC051,Welding,Misaligned weld,4,LOW,2025-07-23,2025-07-24,2025-09-08,8.5,3,LOW,Completed,46,Low
ENG0176,AST0338,SEC038,Welding,Thermit weld defect,1,CRITICAL,2024-12-30,2025-01-02,2025-01-07,2.9,11,HIGH,Completed,5,Urgent
ENG0177,AST0231,SEC006,Sleeper Replacement,Decayed wooden sleeper,2,HIGH,2025-07-17,2025-07-18,2025-08-01,7.0,13,HIGH,Scheduled,14,Normal
ENG0178,AST0012,SEC012,Track Alignment,Buckling risk,3,MEDIUM,2025-03-28,2025-03-28,2025-04-11,7.4,3,MEDIUM,Completed,14,Normal
ENG0179,AST0149,SEC074,Sleeper Replacement,Broken concrete sleeper,3,MEDIUM,2025-07-12,2025-07-15,2025-08-10,6.5,12,MEDIUM,Completed,26,Normal
ENG0180,AST0240,SEC015,Sleeper Replacement,Broken concrete sleeper,4,LOW,2025-09-02,2025-09-02,2025-10-15,3.8,5,LOW,Completed,43,Low
ENG0181,AST0330,SEC030,Track Alignment,Vertical misalignment,3,MEDIUM,2025-03-26,2025-03-27,2025-04-11,10.5,6,MEDIUM,Scheduled,15,Normal
ENG0182,AST0245,SEC020,Ballast Maintenance,Insufficient ballast,2,HIGH,2025-09-29,2025-10-02,2025-10-11,10.8,4,HIGH,Completed,9,Normal
ENG0183,AST0267,SEC042,Sleeper Replacement,Cracked sleeper,2,HIGH,2025-08-25,2025-08-25,2025-09-01,10.1,12,HIGH,Scheduled,7,Urgent
ENG0184,AST0359,SEC059,Ballast Maintenance,Insufficient ballast,4,LOW,2025-04-28,2025-04-29,2025-06-26,3.8,13,LOW,Pending,58,Low
ENG0185,AST0082,SEC007,Track Geometry Correction,Alignment defect,3,MEDIUM,2025-03-27,2025-03-27,2025-04-10,4.4,2,MEDIUM,Completed,14,Normal
ENG0186,AST0112,SEC037,Rail Replacement,Severely worn rail,4,LOW,2025-08-02,2025-08-02,2025-09-30,10.1,13,LOW,Cancelled,59,Low
ENG0187,AST0327,SEC027,Rail Inspection,Gauge deviation,2,HIGH,2025-03-13,2025-03-13,2025-03-23,12.0,9,HIGH,Completed,10,Normal
ENG0188,AST0133,SEC058,Welding,Misaligned weld,3,MEDIUM,2025-08-12,2025-08-13,2025-09-02,8.7,14,MEDIUM,Pending,20,Normal
ENG0189,AST0166,SEC016,Track Geometry Correction,Cross-level error,4,LOW,2025-10-06,2025-10-06,2025-12-03,2.8,3,LOW,Completed,58,Low
ENG0190,AST0004,SEC004,Track Alignment,Cant deficiency,1,CRITICAL,2025-01-11,2025-01-12,2025-01-15,7.3,4,HIGH,Scheduled,3,Urgent
ENG0191,AST0278,SEC053,Ballast Maintenance,Drainage blockage,2,HIGH,2025-06-20,2025-06-23,2025-07-02,4.2,2,HIGH,Completed,9,Normal
ENG0192,AST0250,SEC025,Welding,Thermit weld defect,2,HIGH,2025-02-13,2025-02-15,2025-02-22,3.7,13,HIGH,Completed,7,Urgent
ENG0193,AST0381,SEC006,Rail Inspection,Corrugation,1,CRITICAL,2025-08-29,2025-09-01,2025-09-05,9.1,15,HIGH,Scheduled,4,Urgent
ENG0194,AST0258,SEC033,Ballast Maintenance,Drainage blockage,3,MEDIUM,2025-08-28,2025-08-30,2025-09-16,4.2,9,MEDIUM,Pending,17,Normal
ENG0195,AST0398,SEC023,Track Geometry Correction,Gauge irregularity,1,CRITICAL,2025-12-14,2025-12-17,2025-12-23,9.6,4,HIGH,Completed,6,Urgent
ENG0196,AST0332,SEC032,Rail Replacement,End-post fracture,1,CRITICAL,2025-04-13,2025-04-16,2025-04-21,11.2,11,HIGH,Pending,5,Urgent
ENG0197,AST0035,SEC035,Track Alignment,Lateral misalignment,3,MEDIUM,2025-01-02,2025-01-03,2025-02-02,10.8,7,MEDIUM,In Progress,30,Normal
ENG0198,AST0036,SEC036,Track Geometry Correction,Twist fault,1,CRITICAL,2025-02-04,2025-02-05,2025-02-12,4.0,15,HIGH,In Progress,7,Urgent
ENG0199,AST0393,SEC018,Track Geometry Correction,Alignment defect,3,MEDIUM,2025-05-30,2025-05-31,2025-06-23,4.0,4,MEDIUM,Completed,23,Normal
ENG0200,AST0367,SEC067,Turnout Maintenance,Point mechanism fault,1,CRITICAL,2025-04-20,2025-04-23,2025-04-28,5.5,2,HIGH,Cancelled,5,Urgent
ENG0201,AST0016,SEC016,Sleeper Replacement,Broken concrete sleeper,1,CRITICAL,2025-04-22,2025-04-25,2025-05-02,7.5,14,HIGH,Cancelled,7,Urgent
ENG0202,AST0175,SEC025,Turnout Maintenance,Switch tongue wear,3,MEDIUM,2025-05-12,2025-05-13,2025-06-04,8.9,6,MEDIUM,Completed,22,Normal
ENG0203,AST0354,SEC054,Rail Replacement,End-post fracture,3,MEDIUM,2025-05-06,2025-05-08,2025-05-31,3.0,9,MEDIUM,In Progress,23,Normal
ENG0204,AST0121,SEC046,Sleeper Replacement,Decayed wooden sleeper,3,MEDIUM,2025-03-14,2025-03-14,2025-04-03,6.0,12,MEDIUM,Completed,20,Normal
ENG0205,AST0378,SEC003,Ballast Maintenance,Vegetation growth,2,HIGH,2025-08-04,2025-08-06,2025-08-19,7.7,8,HIGH,Completed,13,Normal
ENG0206,AST0353,SEC053,Track Geometry Correction,Gauge irregularity,3,MEDIUM,2025-03-04,2025-03-06,2025-03-27,6.5,4,MEDIUM,Pending,21,Normal
ENG0207,AST0078,SEC003,Track Geometry Correction,Twist fault,2,HIGH,2025-04-30,2025-05-02,2025-05-17,2.1,7,HIGH,Pending,15,Normal
ENG0208,AST0268,SEC043,Ballast Maintenance,Insufficient ballast,3,MEDIUM,2025-05-05,2025-05-08,2025-06-06,9.6,6,MEDIUM,Completed,29,Normal
ENG0209,AST0205,SEC055,Rail Inspection,Rail crack,2,HIGH,2025-06-05,2025-06-07,2025-06-22,7.8,11,HIGH,Completed,15,Normal
ENG0210,AST0160,SEC010,Track Alignment,Lateral misalignment,3,MEDIUM,2025-02-11,2025-02-14,2025-03-01,3.6,6,MEDIUM,Completed,15,Normal
ENG0211,AST0060,SEC060,Turnout Maintenance,Switch tongue wear,4,LOW,2025-12-18,2025-12-21,2026-01-23,11.9,15,LOW,Completed,33,Low
ENG0212,AST0391,SEC016,Rail Replacement,Broken rail,3,MEDIUM,2025-02-04,2025-02-07,2025-02-28,3.5,2,MEDIUM,In Progress,21,Normal
ENG0213,AST0149,SEC074,Track Geometry Correction,Cross-level error,3,MEDIUM,2025-04-28,2025-05-01,2025-05-23,2.5,2,MEDIUM,Completed,22,Normal
ENG0214,AST0101,SEC026,Welding,Misaligned weld,3,MEDIUM,2025-06-12,2025-06-15,2025-07-12,7.4,12,MEDIUM,In Progress,27,Normal
ENG0215,AST0374,SEC074,Sleeper Replacement,Missing sleeper,2,HIGH,2025-01-23,2025-01-23,2025-02-04,7.5,15,HIGH,In Progress,12,Normal
ENG0216,AST0262,SEC037,Rail Inspection,Gauge deviation,3,MEDIUM,2025-07-28,2025-07-31,2025-08-27,2.6,13,MEDIUM,Pending,27,Normal
ENG0217,AST0226,SEC001,Track Geometry Correction,Twist fault,4,LOW,2025-06-09,2025-06-12,2025-08-03,4.3,7,LOW,Scheduled,52,Low
ENG0218,AST0230,SEC005,Welding,Weld depression,4,LOW,2025-01-15,2025-01-15,2025-02-13,5.8,14,LOW,Pending,29,Normal
ENG0219,AST0079,SEC004,Sleeper Replacement,Broken concrete sleeper,3,MEDIUM,2025-02-02,2025-02-03,2025-02-26,10.1,3,MEDIUM,Pending,23,Normal
ENG0220,AST0180,SEC030,Rail Inspection,Rail crack,2,HIGH,2025-02-23,2025-02-23,2025-03-07,7.9,2,HIGH,Completed,12,Normal
ENG0221,AST0249,SEC024,Rail Inspection,Surface defect,2,HIGH,2025-08-29,2025-08-31,2025-09-11,11.2,5,HIGH,In Progress,11,Normal
ENG0222,AST0334,SEC034,Turnout Maintenance,Crossing nose defect,3,MEDIUM,2025-02-25,2025-02-25,2025-03-11,3.6,10,MEDIUM,In Progress,14,Normal
ENG0223,AST0011,SEC011,Rail Inspection,Surface defect,4,LOW,2025-11-02,2025-11-05,2025-12-31,4.5,11,LOW,Completed,56,Low
ENG0224,AST0096,SEC021,Sleeper Replacement,Cracked sleeper,2,HIGH,2025-01-21,2025-01-21,2025-02-05,11.1,4,HIGH,Scheduled,15,Normal
ENG0225,AST0316,SEC016,Welding,Weld depression,2,HIGH,2025-05-17,2025-05-17,2025-06-01,4.9,9,HIGH,Cancelled,15,Normal
ENG0226,AST0115,SEC040,Track Geometry Correction,Alignment defect,5,LOW,2025-11-02,2025-11-03,2025-12-20,10.1,6,LOW,Completed,47,Low
ENG0227,AST0030,SEC030,Ballast Maintenance,Insufficient ballast,2,HIGH,2025-08-14,2025-08-14,2025-08-26,1.5,3,HIGH,Pending,12,Normal
ENG0228,AST0053,SEC053,Welding,Misaligned weld,1,CRITICAL,2025-12-11,2025-12-11,2025-12-17,10.8,11,HIGH,Scheduled,6,Urgent
ENG0229,AST0334,SEC034,Track Alignment,Cant deficiency,2,HIGH,2025-05-13,2025-05-15,2025-05-29,5.0,3,HIGH,Completed,14,Normal
ENG0230,AST0108,SEC033,Rail Replacement,Rail end batter,2,HIGH,2025-07-15,2025-07-15,2025-07-26,5.5,13,HIGH,Pending,11,Normal
ENG0231,AST0294,SEC069,Track Geometry Correction,Alignment defect,4,LOW,2025-04-29,2025-04-30,2025-06-29,8.5,8,LOW,Cancelled,60,Low
ENG0232,AST0064,SEC064,Ballast Maintenance,Fouled ballast,2,HIGH,2025-09-14,2025-09-14,2025-09-27,10.6,15,HIGH,In Progress,13,Normal
ENG0233,AST0120,SEC045,Rail Inspection,Rail crack,2,HIGH,2025-10-04,2025-10-06,2025-10-20,5.1,9,HIGH,Scheduled,14,Normal
ENG0234,AST0227,SEC002,Welding,Misaligned weld,5,LOW,2025-05-23,2025-05-26,2025-08-02,8.3,14,LOW,Pending,68,Low
ENG0235,AST0067,SEC067,Track Alignment,Buckling risk,3,MEDIUM,2025-05-25,2025-05-27,2025-06-25,4.9,4,MEDIUM,In Progress,29,Normal
ENG0236,AST0036,SEC036,Sleeper Replacement,Cracked sleeper,2,HIGH,2025-09-06,2025-09-06,2025-09-18,9.9,6,HIGH,Pending,12,Normal
ENG0237,AST0056,SEC056,Rail Replacement,End-post fracture,3,MEDIUM,2025-10-19,2025-10-19,2025-11-17,4.2,3,MEDIUM,Cancelled,29,Normal
ENG0238,AST0220,SEC070,Rail Replacement,Severely worn rail,3,MEDIUM,2025-07-16,2025-07-16,2025-08-05,1.8,9,MEDIUM,Pending,20,Normal
ENG0239,AST0116,SEC041,Track Alignment,Buckling risk,1,CRITICAL,2025-04-02,2025-04-02,2025-04-06,10.7,13,HIGH,Scheduled,4,Urgent
ENG0240,AST0177,SEC027,Welding,Weld depression,3,MEDIUM,2025-05-31,2025-06-01,2025-06-21,3.7,10,MEDIUM,Cancelled,20,Normal
ENG0241,AST0303,SEC003,Turnout Maintenance,Check rail gap,2,HIGH,2025-09-30,2025-10-01,2025-10-09,1.3,15,HIGH,Completed,8,Normal
ENG0242,AST0378,SEC003,Rail Replacement,End-post fracture,3,MEDIUM,2025-07-01,2025-07-01,2025-07-27,5.0,14,MEDIUM,Completed,26,Normal
ENG0243,AST0109,SEC034,Turnout Maintenance,Crossing nose defect,1,CRITICAL,2025-05-27,2025-05-30,2025-06-03,3.4,2,HIGH,Scheduled,4,Urgent
ENG0244,AST0398,SEC023,Track Geometry Correction,Cross-level error,1,CRITICAL,2025-07-08,2025-07-10,2025-07-17,4.3,9,HIGH,Scheduled,7,Urgent
ENG0245,AST0325,SEC025,Track Alignment,Vertical misalignment,4,LOW,2025-09-23,2025-09-26,2025-10-29,8.8,6,LOW,Scheduled,33,Low
ENG0246,AST0369,SEC069,Turnout Maintenance,Point mechanism fault,3,MEDIUM,2025-06-05,2025-06-05,2025-07-05,6.2,11,MEDIUM,Scheduled,30,Normal
ENG0247,AST0348,SEC048,Rail Replacement,Severely worn rail,3,MEDIUM,2025-01-17,2025-01-17,2025-02-14,11.3,9,MEDIUM,Completed,28,Normal
ENG0248,AST0257,SEC032,Rail Inspection,Surface defect,3,MEDIUM,2025-11-21,2025-11-22,2025-12-17,4.8,2,MEDIUM,In Progress,25,Normal
ENG0249,AST0105,SEC030,Track Geometry Correction,Cross-level error,3,MEDIUM,2025-06-27,2025-06-28,2025-07-17,9.5,4,MEDIUM,Completed,19,Normal
ENG0250,AST0376,SEC001,Ballast Maintenance,Fouled ballast,3,MEDIUM,2025-05-14,2025-05-17,2025-06-06,10.2,6,MEDIUM,In Progress,20,Normal
ENG0251,AST0153,SEC003,Sleeper Replacement,Missing sleeper,3,MEDIUM,2025-12-03,2025-12-03,2025-12-20,6.4,8,MEDIUM,Pending,17,Normal
ENG0252,AST0054,SEC054,Track Alignment,Lateral misalignment,3,MEDIUM,2025-11-09,2025-11-09,2025-12-09,7.1,10,MEDIUM,In Progress,30,Normal
ENG0253,AST0083,SEC008,Turnout Maintenance,Check rail gap,1,CRITICAL,2025-09-12,2025-09-14,2025-09-19,7.1,13,HIGH,Cancelled,5,Urgent
ENG0254,AST0243,SEC018,Rail Replacement,Rail end batter,3,MEDIUM,2025-02-18,2025-02-18,2025-03-16,2.1,7,MEDIUM,Pending,26,Normal
ENG0255,AST0321,SEC021,Rail Replacement,Rail end batter,3,MEDIUM,2025-06-10,2025-06-10,2025-07-03,3.6,6,MEDIUM,Completed,23,Normal
ENG0256,AST0038,SEC038,Ballast Maintenance,Insufficient ballast,5,LOW,2025-03-01,2025-03-04,2025-05-13,9.9,5,LOW,Pending,70,Low
ENG0257,AST0158,SEC008,Ballast Maintenance,Insufficient ballast,3,MEDIUM,2025-06-23,2025-06-23,2025-07-17,7.8,8,MEDIUM,Pending,24,Normal
ENG0258,AST0314,SEC014,Rail Inspection,Corrugation,2,HIGH,2025-08-22,2025-08-22,2025-08-31,6.5,6,HIGH,Completed,9,Normal
ENG0259,AST0203,SEC053,Rail Replacement,Broken rail,4,LOW,2025-08-09,2025-08-09,2025-09-23,2.5,4,LOW,Cancelled,45,Low
ENG0260,AST0205,SEC055,Turnout Maintenance,Switch tongue wear,5,LOW,2025-12-09,2025-12-11,2026-02-16,7.0,9,LOW,Completed,67,Low
ENG0261,AST0107,SEC032,Track Alignment,Lateral misalignment,4,LOW,2025-11-19,2025-11-19,2026-01-14,3.1,5,LOW,Pending,56,Low
ENG0262,AST0213,SEC063,Rail Inspection,Corrugation,2,HIGH,2025-02-27,2025-02-27,2025-03-07,2.4,2,HIGH,Completed,8,Normal
ENG0263,AST0158,SEC008,Rail Replacement,Rail end batter,3,MEDIUM,2025-09-29,2025-10-02,2025-10-22,8.9,10,MEDIUM,Pending,20,Normal
ENG0264,AST0033,SEC033,Track Geometry Correction,Alignment defect,1,CRITICAL,2025-07-28,2025-07-29,2025-08-05,8.3,8,HIGH,Scheduled,7,Urgent
ENG0265,AST0005,SEC005,Track Geometry Correction,Alignment defect,5,LOW,2025-04-21,2025-04-23,2025-07-14,11.5,14,LOW,Completed,82,Low
ENG0266,AST0194,SEC044,Sleeper Replacement,Missing sleeper,3,MEDIUM,2025-01-16,2025-01-18,2025-02-05,7.5,10,MEDIUM,Completed,18,Normal
ENG0267,AST0386,SEC011,Track Alignment,Lateral misalignment,2,HIGH,2025-11-24,2025-11-25,2025-12-03,8.9,13,HIGH,Completed,8,Normal
ENG0268,AST0129,SEC054,Welding,Misaligned weld,1,CRITICAL,2025-02-24,2025-02-27,2025-03-04,9.2,8,HIGH,Pending,5,Urgent
ENG0269,AST0227,SEC002,Sleeper Replacement,Missing sleeper,2,HIGH,2025-04-27,2025-04-29,2025-05-10,11.8,13,HIGH,Completed,11,Normal
ENG0270,AST0255,SEC030,Rail Inspection,Corrugation,2,HIGH,2025-11-05,2025-11-06,2025-11-14,8.9,2,HIGH,Pending,8,Normal
ENG0271,AST0343,SEC043,Sleeper Replacement,Missing sleeper,3,MEDIUM,2025-07-23,2025-07-25,2025-08-18,4.0,2,MEDIUM,Completed,24,Normal
ENG0272,AST0220,SEC070,Track Alignment,Lateral misalignment,1,CRITICAL,2025-10-18,2025-10-21,2025-10-28,5.3,13,HIGH,Completed,7,Urgent
ENG0273,AST0285,SEC060,Turnout Maintenance,Crossing nose defect,4,LOW,2025-08-04,2025-08-07,2025-09-13,3.6,3,LOW,Pending,37,Low
ENG0274,AST0234,SEC009,Welding,Weld depression,4,LOW,2025-12-01,2025-12-04,2026-01-22,3.0,12,LOW,Completed,49,Low
ENG0275,AST0071,SEC071,Track Geometry Correction,Alignment defect,4,LOW,2025-10-11,2025-10-12,2025-12-02,9.5,9,LOW,Completed,51,Low
ENG0276,AST0004,SEC004,Track Alignment,Vertical misalignment,1,CRITICAL,2025-10-29,2025-10-31,2025-11-06,10.5,4,HIGH,Scheduled,6,Urgent
ENG0277,AST0294,SEC069,Rail Inspection,Surface defect,4,LOW,2025-09-26,2025-09-27,2025-10-22,2.9,5,LOW,Pending,25,Normal
ENG0278,AST0122,SEC047,Welding,Misaligned weld,5,LOW,2025-09-23,2025-09-25,2025-12-14,3.6,14,LOW,Cancelled,80,Low
ENG0279,AST0065,SEC065,Ballast Maintenance,Vegetation growth,3,MEDIUM,2025-02-27,2025-02-28,2025-03-28,8.4,10,MEDIUM,Completed,28,Normal
ENG0280,AST0050,SEC050,Rail Replacement,Rail end batter,4,LOW,2025-12-05,2025-12-05,2026-01-13,9.4,8,LOW,Scheduled,39,Low
ENG0281,AST0041,SEC041,Rail Inspection,Surface defect,3,MEDIUM,2025-12-09,2025-12-09,2025-12-24,3.7,3,MEDIUM,Completed,15,Normal
ENG0282,AST0132,SEC057,Ballast Maintenance,Fouled ballast,2,HIGH,2025-06-09,2025-06-09,2025-06-24,7.0,13,HIGH,Cancelled,15,Normal
ENG0283,AST0386,SEC011,Track Alignment,Cant deficiency,5,LOW,2025-06-28,2025-06-28,2025-09-04,5.4,14,LOW,Completed,68,Low
ENG0284,AST0388,SEC013,Ballast Maintenance,Vegetation growth,3,MEDIUM,2025-10-04,2025-10-07,2025-10-22,6.4,9,MEDIUM,Completed,15,Normal
ENG0285,AST0073,SEC073,Track Alignment,Lateral misalignment,2,HIGH,2025-10-05,2025-10-07,2025-10-18,7.5,11,HIGH,Cancelled,11,Normal
ENG0286,AST0193,SEC043,Rail Inspection,Corrugation,3,MEDIUM,2025-01-27,2025-01-28,2025-02-23,9.0,13,MEDIUM,Scheduled,26,Normal
ENG0287,AST0349,SEC049,Sleeper Replacement,Decayed wooden sleeper,2,HIGH,2025-09-15,2025-09-16,2025-09-26,10.8,6,HIGH,Completed,10,Normal
ENG0288,AST0185,SEC035,Track Geometry Correction,Cross-level error,3,MEDIUM,2025-07-18,2025-07-20,2025-08-11,6.5,14,MEDIUM,Completed,22,Normal
ENG0289,AST0369,SEC069,Track Alignment,Cant deficiency,3,MEDIUM,2025-09-18,2025-09-20,2025-10-11,8.3,11,MEDIUM,In Progress,21,Normal
ENG0290,AST0265,SEC040,Track Geometry Correction,Gauge irregularity,5,LOW,2025-09-08,2025-09-11,2025-11-14,6.9,4,LOW,Scheduled,64,Low
ENG0291,AST0078,SEC003,Track Geometry Correction,Twist fault,3,MEDIUM,2025-08-22,2025-08-23,2025-09-15,2.0,11,MEDIUM,Scheduled,23,Normal
ENG0292,AST0190,SEC040,Ballast Maintenance,Insufficient ballast,3,MEDIUM,2025-04-26,2025-04-26,2025-05-19,2.2,9,MEDIUM,Scheduled,23,Normal
ENG0293,AST0244,SEC019,Track Alignment,Vertical misalignment,4,LOW,2025-07-26,2025-07-29,2025-09-27,2.0,10,LOW,Pending,60,Low
ENG0294,AST0300,SEC075,Track Alignment,Buckling risk,4,LOW,2025-06-17,2025-06-20,2025-07-27,8.9,10,LOW,Completed,37,Low
ENG0295,AST0156,SEC006,Rail Replacement,Rail end batter,2,HIGH,2025-02-04,2025-02-04,2025-02-12,8.1,10,HIGH,Scheduled,8,Normal
ENG0296,AST0146,SEC071,Ballast Maintenance,Insufficient ballast,2,HIGH,2025-10-22,2025-10-25,2025-11-09,3.7,13,HIGH,Pending,15,Normal
ENG0297,AST0317,SEC017,Rail Replacement,End-post fracture,3,MEDIUM,2025-06-19,2025-06-22,2025-07-18,8.7,6,MEDIUM,In Progress,26,Normal
ENG0298,AST0387,SEC012,Track Alignment,Buckling risk,4,LOW,2025-08-23,2025-08-23,2025-10-08,10.1,2,LOW,Pending,46,Low
ENG0299,AST0287,SEC062,Rail Inspection,Surface defect,2,HIGH,2025-03-06,2025-03-08,2025-03-22,3.3,8,HIGH,In Progress,14,Normal
ENG0300,AST0346,SEC046,Turnout Maintenance,Check rail gap,4,LOW,2025-07-13,2025-07-16,2025-08-17,1.4,12,LOW,Completed,32,Low
ENG0301,AST0081,SEC006,Track Alignment,Vertical misalignment,5,LOW,2025-05-14,2025-05-14,2025-07-11,2.9,13,LOW,Scheduled,58,Low
ENG0302,AST0198,SEC048,Sleeper Replacement,Broken concrete sleeper,3,MEDIUM,2025-05-21,2025-05-23,2025-06-20,9.8,14,MEDIUM,Completed,28,Normal
ENG0303,AST0394,SEC019,Ballast Maintenance,Drainage blockage,2,HIGH,2025-12-06,2025-12-06,2025-12-21,8.1,3,HIGH,Pending,15,Normal
ENG0304,AST0015,SEC015,Track Geometry Correction,Twist fault,4,LOW,2025-06-12,2025-06-14,2025-08-06,3.9,8,LOW,Scheduled,53,Low
ENG0305,AST0020,SEC020,Sleeper Replacement,Decayed wooden sleeper,4,LOW,2025-10-01,2025-10-01,2025-11-29,10.7,4,LOW,Pending,59,Low
ENG0306,AST0106,SEC031,Track Alignment,Vertical misalignment,4,LOW,2025-05-16,2025-05-16,2025-06-12,8.6,7,LOW,Cancelled,27,Normal
ENG0307,AST0097,SEC022,Turnout Maintenance,Crossing nose defect,3,MEDIUM,2025-11-10,2025-11-11,2025-12-07,5.0,5,MEDIUM,Pending,26,Normal
ENG0308,AST0147,SEC072,Track Alignment,Cant deficiency,5,LOW,2025-12-21,2025-12-21,2026-02-26,3.7,2,LOW,Completed,67,Low
ENG0309,AST0010,SEC010,Sleeper Replacement,Missing sleeper,3,MEDIUM,2025-04-10,2025-04-11,2025-04-29,3.1,11,MEDIUM,Scheduled,18,Normal
ENG0310,AST0069,SEC069,Track Geometry Correction,Alignment defect,1,CRITICAL,2025-09-18,2025-09-18,2025-09-25,2.6,15,HIGH,Completed,7,Urgent
ENG0311,AST0116,SEC041,Track Alignment,Lateral misalignment,2,HIGH,2025-02-16,2025-02-19,2025-02-28,8.1,5,HIGH,Completed,9,Normal
ENG0312,AST0009,SEC009,Welding,Misaligned weld,1,CRITICAL,2025-06-02,2025-06-03,2025-06-06,5.0,6,HIGH,Pending,3,Urgent
ENG0313,AST0190,SEC040,Track Geometry Correction,Twist fault,3,MEDIUM,2025-08-21,2025-08-21,2025-09-05,11.5,15,MEDIUM,Scheduled,15,Normal
ENG0314,AST0075,SEC075,Track Geometry Correction,Alignment defect,2,HIGH,2025-11-13,2025-11-15,2025-11-25,7.7,8,HIGH,Completed,10,Normal
ENG0315,AST0278,SEC053,Rail Inspection,Corrugation,1,CRITICAL,2025-05-12,2025-05-14,2025-05-20,2.6,3,HIGH,Cancelled,6,Urgent
ENG0316,AST0120,SEC045,Ballast Maintenance,Drainage blockage,2,HIGH,2025-02-13,2025-02-15,2025-02-26,3.0,12,HIGH,Completed,11,Normal
ENG0317,AST0377,SEC002,Ballast Maintenance,Vegetation growth,3,MEDIUM,2025-05-18,2025-05-18,2025-06-07,11.8,7,MEDIUM,Scheduled,20,Normal
ENG0318,AST0319,SEC019,Rail Replacement,Severely worn rail,4,LOW,2025-09-27,2025-09-28,2025-11-12,9.1,7,LOW,Pending,45,Low
ENG0319,AST0020,SEC020,Sleeper Replacement,Broken concrete sleeper,3,MEDIUM,2025-09-19,2025-09-21,2025-10-08,7.4,13,MEDIUM,Pending,17,Normal
ENG0320,AST0345,SEC045,Track Geometry Correction,Alignment defect,5,LOW,2025-01-06,2025-01-09,2025-03-28,11.9,11,LOW,Completed,78,Low
ENG0321,AST0362,SEC062,Welding,Weld crack,2,HIGH,2025-03-21,2025-03-23,2025-04-04,2.8,11,HIGH,In Progress,12,Normal
ENG0322,AST0309,SEC009,Track Geometry Correction,Alignment defect,4,LOW,2025-07-05,2025-07-07,2025-08-12,3.6,9,LOW,Pending,36,Low
ENG0323,AST0306,SEC006,Welding,Weld depression,5,LOW,2025-04-26,2025-04-28,2025-07-01,5.1,2,LOW,Scheduled,64,Low
ENG0324,AST0161,SEC011,Track Geometry Correction,Gauge irregularity,2,HIGH,2025-07-03,2025-07-06,2025-07-14,7.3,6,HIGH,Scheduled,8,Normal
ENG0325,AST0125,SEC050,Welding,Weld depression,3,MEDIUM,2025-08-22,2025-08-22,2025-09-13,6.3,6,MEDIUM,Scheduled,22,Normal
ENG0326,AST0098,SEC023,Sleeper Replacement,Missing sleeper,3,MEDIUM,2025-06-22,2025-06-25,2025-07-13,1.1,12,MEDIUM,Completed,18,Normal
ENG0327,AST0140,SEC065,Ballast Maintenance,Fouled ballast,3,MEDIUM,2025-05-24,2025-05-25,2025-06-12,5.2,13,MEDIUM,Pending,18,Normal
ENG0328,AST0202,SEC052,Rail Replacement,Broken rail,1,CRITICAL,2025-08-17,2025-08-20,2025-08-27,9.0,5,HIGH,Completed,7,Urgent
ENG0329,AST0013,SEC013,Sleeper Replacement,Broken concrete sleeper,3,MEDIUM,2025-12-15,2025-12-15,2026-01-08,4.1,2,MEDIUM,In Progress,24,Normal
ENG0330,AST0292,SEC067,Track Geometry Correction,Cross-level error,5,LOW,2025-07-18,2025-07-19,2025-09-05,7.0,13,LOW,In Progress,48,Low
ENG0331,AST0187,SEC037,Turnout Maintenance,Check rail gap,3,MEDIUM,2025-12-20,2025-12-20,2026-01-18,9.8,9,MEDIUM,Completed,29,Normal
ENG0332,AST0321,SEC021,Sleeper Replacement,Broken concrete sleeper,5,LOW,2025-02-11,2025-02-14,2025-04-22,5.2,12,LOW,Completed,67,Low
ENG0333,AST0297,SEC072,Ballast Maintenance,Drainage blockage,4,LOW,2025-03-25,2025-03-28,2025-05-13,4.8,14,LOW,Pending,46,Low
ENG0334,AST0287,SEC062,Ballast Maintenance,Vegetation growth,5,LOW,2025-03-19,2025-03-20,2025-06-04,5.2,12,LOW,Pending,76,Low
ENG0335,AST0122,SEC047,Turnout Maintenance,Check rail gap,3,MEDIUM,2025-10-03,2025-10-06,2025-10-27,10.4,12,MEDIUM,Pending,21,Normal
ENG0336,AST0219,SEC069,Turnout Maintenance,Check rail gap,3,MEDIUM,2025-02-22,2025-02-24,2025-03-15,1.5,7,MEDIUM,Pending,19,Normal
ENG0337,AST0123,SEC048,Ballast Maintenance,Fouled ballast,3,MEDIUM,2025-07-22,2025-07-23,2025-08-13,8.4,5,MEDIUM,Completed,21,Normal
ENG0338,AST0305,SEC005,Sleeper Replacement,Broken concrete sleeper,1,CRITICAL,2025-06-27,2025-06-29,2025-07-04,1.1,2,HIGH,Pending,5,Urgent
ENG0339,AST0346,SEC046,Sleeper Replacement,Decayed wooden sleeper,1,CRITICAL,2025-03-14,2025-03-17,2025-03-21,8.8,6,HIGH,Completed,4,Urgent
ENG0340,AST0279,SEC054,Turnout Maintenance,Check rail gap,5,LOW,2025-08-16,2025-08-16,2025-10-03,8.6,8,LOW,Completed,48,Low
ENG0341,AST0113,SEC038,Rail Inspection,Rail crack,4,LOW,2025-07-10,2025-07-10,2025-08-19,8.1,12,LOW,Completed,40,Low
ENG0342,AST0138,SEC063,Sleeper Replacement,Cracked sleeper,3,MEDIUM,2025-11-05,2025-11-07,2025-12-04,2.3,7,MEDIUM,Completed,27,Normal
ENG0343,AST0261,SEC036,Track Alignment,Vertical misalignment,4,LOW,2025-06-10,2025-06-11,2025-08-02,2.6,15,LOW,Completed,52,Low
ENG0344,AST0341,SEC041,Rail Replacement,Broken rail,3,MEDIUM,2025-04-13,2025-04-13,2025-05-12,10.3,6,MEDIUM,Completed,29,Normal
ENG0345,AST0190,SEC040,Ballast Maintenance,Drainage blockage,3,MEDIUM,2025-03-15,2025-03-18,2025-04-09,8.0,14,MEDIUM,Completed,22,Normal
ENG0346,AST0236,SEC011,Welding,Thermit weld defect,4,LOW,2025-08-13,2025-08-15,2025-10-03,6.4,13,LOW,Scheduled,49,Low
ENG0347,AST0222,SEC072,Rail Inspection,Rail crack,4,LOW,2025-04-16,2025-04-17,2025-06-12,11.2,6,LOW,Cancelled,56,Low
ENG0348,AST0384,SEC009,Track Alignment,Vertical misalignment,3,MEDIUM,2025-02-18,2025-02-20,2025-03-07,3.2,13,MEDIUM,Cancelled,15,Normal
ENG0349,AST0342,SEC042,Rail Inspection,Surface defect,1,CRITICAL,2025-10-16,2025-10-19,2025-10-25,7.0,6,HIGH,Scheduled,6,Urgent
ENG0350,AST0129,SEC054,Welding,Weld crack,2,HIGH,2025-03-13,2025-03-16,2025-03-28,9.0,8,HIGH,Scheduled,12,Normal
ENG0351,AST0379,SEC004,Welding,Weld crack,5,LOW,2025-05-28,2025-05-28,2025-07-24,10.2,12,LOW,Scheduled,57,Low
ENG0352,AST0383,SEC008,Ballast Maintenance,Vegetation growth,3,MEDIUM,2025-05-16,2025-05-16,2025-06-10,4.1,14,MEDIUM,Scheduled,25,Normal
ENG0353,AST0032,SEC032,Sleeper Replacement,Missing sleeper,5,LOW,2025-08-10,2025-08-13,2025-11-05,5.3,4,LOW,Scheduled,84,Low
ENG0354,AST0276,SEC051,Turnout Maintenance,Check rail gap,4,LOW,2025-03-29,2025-03-30,2025-05-27,5.3,5,LOW,In Progress,58,Low
ENG0355,AST0034,SEC034,Sleeper Replacement,Broken concrete sleeper,2,HIGH,2025-08-01,2025-08-02,2025-08-17,4.8,15,HIGH,Scheduled,15,Normal
ENG0356,AST0307,SEC007,Sleeper Replacement,Cracked sleeper,3,MEDIUM,2025-04-12,2025-04-15,2025-04-30,9.9,13,MEDIUM,Completed,15,Normal
ENG0357,AST0308,SEC008,Turnout Maintenance,Crossing nose defect,4,LOW,2025-11-27,2025-11-27,2025-12-28,4.6,4,LOW,Scheduled,31,Low
ENG0358,AST0220,SEC070,Sleeper Replacement,Cracked sleeper,4,LOW,2025-09-06,2025-09-09,2025-10-31,4.5,6,LOW,Completed,52,Low
ENG0359,AST0015,SEC015,Turnout Maintenance,Crossing nose defect,2,HIGH,2025-09-24,2025-09-24,2025-10-06,5.8,6,HIGH,Scheduled,12,Normal
ENG0360,AST0037,SEC037,Sleeper Replacement,Cracked sleeper,5,LOW,2025-06-19,2025-06-19,2025-08-12,4.4,15,LOW,In Progress,54,Low
ENG0361,AST0112,SEC037,Ballast Maintenance,Insufficient ballast,4,LOW,2025-05-08,2025-05-11,2025-06-13,4.3,14,LOW,Cancelled,33,Low
ENG0362,AST0008,SEC008,Rail Replacement,Broken rail,3,MEDIUM,2025-02-10,2025-02-11,2025-03-08,10.3,6,MEDIUM,In Progress,25,Normal
ENG0363,AST0214,SEC064,Welding,Weld crack,2,HIGH,2025-11-08,2025-11-11,2025-11-22,7.2,7,HIGH,Completed,11,Normal
ENG0364,AST0384,SEC009,Rail Inspection,Gauge deviation,2,HIGH,2025-04-12,2025-04-14,2025-04-25,9.6,2,HIGH,Completed,11,Normal
ENG0365,AST0103,SEC028,Turnout Maintenance,Check rail gap,3,MEDIUM,2025-08-04,2025-08-05,2025-08-29,11.9,7,MEDIUM,Pending,24,Normal
ENG0366,AST0083,SEC008,Welding,Misaligned weld,3,MEDIUM,2025-02-09,2025-02-12,2025-03-06,7.8,14,MEDIUM,Completed,22,Normal
ENG0367,AST0263,SEC038,Turnout Maintenance,Point mechanism fault,4,LOW,2025-04-14,2025-04-14,2025-06-02,6.0,8,LOW,Pending,49,Low
ENG0368,AST0019,SEC019,Track Geometry Correction,Cross-level error,3,MEDIUM,2025-01-15,2025-01-18,2025-02-16,2.7,10,MEDIUM,Cancelled,29,Normal
ENG0369,AST0112,SEC037,Rail Replacement,End-post fracture,3,MEDIUM,2025-02-17,2025-02-18,2025-03-11,4.4,4,MEDIUM,Completed,21,Normal
ENG0370,AST0221,SEC071,Sleeper Replacement,Cracked sleeper,1,CRITICAL,2025-03-30,2025-03-31,2025-04-07,10.5,10,HIGH,Pending,7,Urgent
ENG0371,AST0352,SEC052,Sleeper Replacement,Cracked sleeper,4,LOW,2025-06-12,2025-06-12,2025-07-25,1.0,9,LOW,Pending,43,Low
ENG0372,AST0046,SEC046,Rail Replacement,Rail end batter,2,HIGH,2025-05-11,2025-05-14,2025-05-22,5.0,15,HIGH,Completed,8,Normal
ENG0373,AST0316,SEC016,Track Geometry Correction,Gauge irregularity,3,MEDIUM,2025-01-17,2025-01-17,2025-02-01,1.3,5,MEDIUM,In Progress,15,Normal
ENG0374,AST0326,SEC026,Turnout Maintenance,Point mechanism fault,3,MEDIUM,2025-01-06,2025-01-07,2025-02-06,10.7,14,MEDIUM,Pending,30,Normal
ENG0375,AST0281,SEC056,Rail Replacement,Severely worn rail,3,MEDIUM,2025-04-23,2025-04-25,2025-05-24,8.4,15,MEDIUM,Pending,29,Normal
ENG0376,AST0268,SEC043,Track Geometry Correction,Cross-level error,4,LOW,2025-09-11,2025-09-11,2025-10-13,9.2,3,LOW,Completed,32,Low
ENG0377,AST0064,SEC064,Welding,Misaligned weld,3,MEDIUM,2025-02-13,2025-02-13,2025-03-02,4.7,8,MEDIUM,In Progress,17,Normal
ENG0378,AST0153,SEC003,Sleeper Replacement,Cracked sleeper,5,LOW,2025-06-18,2025-06-18,2025-09-12,11.0,15,LOW,Scheduled,86,Low
ENG0379,AST0112,SEC037,Welding,Weld depression,2,HIGH,2025-02-11,2025-02-11,2025-02-24,5.3,13,HIGH,Completed,13,Normal
ENG0380,AST0053,SEC053,Ballast Maintenance,Fouled ballast,2,HIGH,2025-08-06,2025-08-08,2025-08-15,10.2,4,HIGH,Scheduled,7,Urgent
ENG0381,AST0007,SEC007,Track Geometry Correction,Gauge irregularity,4,LOW,2025-08-03,2025-08-03,2025-08-28,3.2,14,LOW,Completed,25,Normal
ENG0382,AST0296,SEC071,Ballast Maintenance,Drainage blockage,3,MEDIUM,2025-06-24,2025-06-27,2025-07-25,9.4,2,MEDIUM,Pending,28,Normal
ENG0383,AST0068,SEC068,Track Geometry Correction,Twist fault,4,LOW,2025-04-14,2025-04-17,2025-06-14,10.7,14,LOW,Pending,58,Low
ENG0384,AST0149,SEC074,Sleeper Replacement,Decayed wooden sleeper,1,CRITICAL,2025-10-07,2025-10-08,2025-10-11,4.6,7,HIGH,In Progress,3,Urgent
ENG0385,AST0208,SEC058,Track Geometry Correction,Alignment defect,2,HIGH,2025-09-24,2025-09-25,2025-10-04,5.1,3,HIGH,Completed,9,Normal
ENG0386,AST0169,SEC019,Track Alignment,Vertical misalignment,2,HIGH,2025-04-05,2025-04-07,2025-04-15,2.3,8,HIGH,Pending,8,Normal
ENG0387,AST0132,SEC057,Track Alignment,Cant deficiency,3,MEDIUM,2025-09-23,2025-09-26,2025-10-22,2.0,6,MEDIUM,Pending,26,Normal
ENG0388,AST0378,SEC003,Track Geometry Correction,Alignment defect,3,MEDIUM,2025-06-11,2025-06-14,2025-07-14,11.7,4,MEDIUM,Completed,30,Normal
ENG0389,AST0365,SEC065,Sleeper Replacement,Broken concrete sleeper,4,LOW,2025-09-27,2025-09-28,2025-11-23,11.3,13,LOW,Completed,56,Low
ENG0390,AST0398,SEC023,Turnout Maintenance,Point mechanism fault,4,LOW,2025-08-27,2025-08-30,2025-10-23,3.9,3,LOW,Completed,54,Low
ENG0391,AST0078,SEC003,Turnout Maintenance,Point mechanism fault,4,LOW,2025-12-06,2025-12-06,2026-01-16,6.4,9,LOW,Pending,41,Low
ENG0392,AST0344,SEC044,Track Geometry Correction,Twist fault,4,LOW,2025-04-06,2025-04-08,2025-05-21,10.7,4,LOW,Pending,43,Low
ENG0393,AST0301,SEC001,Turnout Maintenance,Crossing nose defect,3,MEDIUM,2025-09-05,2025-09-05,2025-09-26,1.8,2,MEDIUM,Scheduled,21,Normal
ENG0394,AST0076,SEC001,Track Geometry Correction,Alignment defect,3,MEDIUM,2025-09-17,2025-09-19,2025-10-12,9.4,4,MEDIUM,Pending,23,Normal
ENG0395,AST0356,SEC056,Sleeper Replacement,Broken concrete sleeper,4,LOW,2025-06-19,2025-06-20,2025-07-31,4.8,4,LOW,Scheduled,41,Low
ENG0396,AST0293,SEC068,Welding,Misaligned weld,1,CRITICAL,2025-06-23,2025-06-25,2025-07-01,8.1,2,HIGH,Completed,6,Urgent
ENG0397,AST0099,SEC024,Track Alignment,Buckling risk,3,MEDIUM,2025-11-02,2025-11-04,2025-12-01,5.4,3,MEDIUM,Completed,27,Normal
ENG0398,AST0175,SEC025,Rail Inspection,Gauge deviation,4,LOW,2025-05-10,2025-05-12,2025-06-28,5.8,4,LOW,In Progress,47,Low
ENG0399,AST0245,SEC020,Sleeper Replacement,Cracked sleeper,3,MEDIUM,2025-05-07,2025-05-09,2025-05-26,9.3,4,MEDIUM,Completed,17,Normal
ENG0400,AST0159,SEC009,Ballast Maintenance,Drainage blockage,4,LOW,2025-01-26,2025-01-29,2025-03-10,9.0,6,LOW,Scheduled,40,Low
ENG0401,AST0326,SEC026,Sleeper Replacement,Cracked sleeper,3,MEDIUM,2025-03-07,2025-03-07,2025-03-21,5.1,4,MEDIUM,Completed,14,Normal
ENG0402,AST0246,SEC021,Sleeper Replacement,Cracked sleeper,4,LOW,2025-05-21,2025-05-22,2025-07-11,4.6,2,LOW,Pending,50,Low
ENG0403,AST0005,SEC005,Ballast Maintenance,Drainage blockage,3,MEDIUM,2025-03-30,2025-04-01,2025-04-19,6.5,8,MEDIUM,Scheduled,18,Normal
ENG0404,AST0180,SEC030,Rail Inspection,Worn rail head,2,HIGH,2025-06-23,2025-06-25,2025-07-09,5.7,12,HIGH,Completed,14,Normal
ENG0405,AST0348,SEC048,Sleeper Replacement,Decayed wooden sleeper,4,LOW,2025-01-14,2025-01-16,2025-03-03,5.3,15,LOW,Scheduled,46,Low
ENG0406,AST0326,SEC026,Turnout Maintenance,Crossing nose defect,2,HIGH,2025-02-17,2025-02-17,2025-02-26,7.5,10,HIGH,Scheduled,9,Normal
ENG0407,AST0118,SEC043,Track Geometry Correction,Alignment defect,3,MEDIUM,2025-03-09,2025-03-09,2025-03-30,2.0,7,MEDIUM,Cancelled,21,Normal
ENG0408,AST0311,SEC011,Welding,Weld depression,2,HIGH,2025-10-01,2025-10-01,2025-10-12,5.1,4,HIGH,Pending,11,Normal
ENG0409,AST0005,SEC005,Rail Replacement,End-post fracture,1,CRITICAL,2025-08-23,2025-08-23,2025-08-30,8.7,7,HIGH,Scheduled,7,Urgent
ENG0410,AST0178,SEC028,Rail Inspection,Worn rail head,5,LOW,2025-01-12,2025-01-14,2025-04-02,6.3,5,LOW,Completed,78,Low
ENG0411,AST0320,SEC020,Rail Replacement,Severely worn rail,2,HIGH,2025-01-25,2025-01-25,2025-02-04,9.0,11,HIGH,Completed,10,Normal
ENG0412,AST0200,SEC050,Sleeper Replacement,Missing sleeper,3,MEDIUM,2025-03-01,2025-03-01,2025-03-23,9.9,5,MEDIUM,Completed,22,Normal
ENG0413,AST0144,SEC069,Rail Replacement,Rail end batter,5,LOW,2025-08-09,2025-08-12,2025-10-12,8.4,15,LOW,Pending,61,Low
ENG0414,AST0219,SEC069,Sleeper Replacement,Decayed wooden sleeper,4,LOW,2025-03-15,2025-03-16,2025-05-11,11.1,10,LOW,Scheduled,56,Low
ENG0415,AST0220,SEC070,Track Geometry Correction,Gauge irregularity,4,LOW,2025-09-10,2025-09-10,2025-10-28,1.7,4,LOW,Pending,48,Low
ENG0416,AST0243,SEC018,Welding,Misaligned weld,2,HIGH,2025-09-29,2025-10-01,2025-10-08,7.5,14,HIGH,Completed,7,Urgent
ENG0417,AST0305,SEC005,Welding,Weld depression,2,HIGH,2025-09-23,2025-09-23,2025-10-08,8.2,14,HIGH,Pending,15,Normal
ENG0418,AST0197,SEC047,Track Alignment,Vertical misalignment,3,MEDIUM,2025-10-29,2025-10-30,2025-11-20,11.5,10,MEDIUM,Pending,21,Normal
ENG0419,AST0203,SEC053,Rail Inspection,Corrugation,5,LOW,2025-06-18,2025-06-20,2025-09-13,8.2,13,LOW,Completed,85,Low
ENG0420,AST0110,SEC035,Rail Replacement,Broken rail,3,MEDIUM,2025-10-12,2025-10-14,2025-11-01,1.1,10,MEDIUM,Pending,18,Normal
ENG0421,AST0049,SEC049,Track Alignment,Vertical misalignment,5,LOW,2025-09-12,2025-09-13,2025-10-23,10.5,9,LOW,In Progress,40,Low
ENG0422,AST0007,SEC007,Welding,Misaligned weld,2,HIGH,2025-10-14,2025-10-17,2025-11-01,5.9,13,HIGH,In Progress,15,Normal
ENG0423,AST0251,SEC026,Track Geometry Correction,Cross-level error,5,LOW,2025-02-20,2025-02-22,2025-04-27,10.3,14,LOW,Completed,64,Low
ENG0424,AST0149,SEC074,Welding,Thermit weld defect,2,HIGH,2025-11-03,2025-11-06,2025-11-13,2.0,14,HIGH,In Progress,7,Urgent
ENG0425,AST0381,SEC006,Rail Inspection,Worn rail head,5,LOW,2025-01-26,2025-01-27,2025-04-01,1.3,14,LOW,Scheduled,64,Low
ENG0426,AST0045,SEC045,Rail Replacement,Broken rail,4,LOW,2025-02-11,2025-02-14,2025-03-30,6.7,11,LOW,Completed,44,Low
ENG0427,AST0329,SEC029,Track Alignment,Cant deficiency,3,MEDIUM,2025-11-24,2025-11-24,2025-12-18,2.1,12,MEDIUM,Pending,24,Normal
ENG0428,AST0115,SEC040,Sleeper Replacement,Broken concrete sleeper,4,LOW,2025-06-10,2025-06-10,2025-07-10,9.5,14,LOW,Completed,30,Normal
ENG0429,AST0339,SEC039,Turnout Maintenance,Check rail gap,1,CRITICAL,2025-04-09,2025-04-11,2025-04-18,2.7,6,HIGH,In Progress,7,Urgent
ENG0430,AST0202,SEC052,Ballast Maintenance,Fouled ballast,1,CRITICAL,2025-05-30,2025-05-30,2025-06-06,9.5,13,HIGH,Scheduled,7,Urgent
ENG0431,AST0282,SEC057,Track Alignment,Lateral misalignment,3,MEDIUM,2025-01-07,2025-01-07,2025-01-24,3.4,11,MEDIUM,Completed,17,Normal
ENG0432,AST0128,SEC053,Rail Inspection,Corrugation,4,LOW,2025-03-05,2025-03-08,2025-04-30,10.2,4,LOW,Pending,53,Low
ENG0433,AST0378,SEC003,Sleeper Replacement,Cracked sleeper,5,LOW,2025-05-04,2025-05-06,2025-07-13,3.2,4,LOW,Cancelled,68,Low
ENG0434,AST0145,SEC070,Welding,Thermit weld defect,4,LOW,2025-06-10,2025-06-13,2025-07-31,9.1,5,LOW,Pending,48,Low
ENG0435,AST0257,SEC032,Rail Inspection,Rail crack,2,HIGH,2025-11-27,2025-11-29,2025-12-12,8.6,9,HIGH,Cancelled,13,Normal
ENG0436,AST0053,SEC053,Rail Inspection,Corrugation,5,LOW,2025-03-01,2025-03-04,2025-06-02,1.4,11,LOW,Pending,90,Low
ENG0437,AST0184,SEC034,Rail Replacement,End-post fracture,2,HIGH,2025-09-30,2025-10-03,2025-10-15,11.3,6,HIGH,Pending,12,Normal
ENG0438,AST0059,SEC059,Ballast Maintenance,Vegetation growth,3,MEDIUM,2025-03-20,2025-03-23,2025-04-19,1.7,14,MEDIUM,Pending,27,Normal
ENG0439,AST0088,SEC013,Track Geometry Correction,Alignment defect,3,MEDIUM,2025-07-16,2025-07-18,2025-08-07,7.3,11,MEDIUM,Scheduled,20,Normal
ENG0440,AST0160,SEC010,Track Geometry Correction,Twist fault,5,LOW,2025-11-26,2025-11-29,2026-01-19,6.8,4,LOW,In Progress,51,Low
ENG0441,AST0235,SEC010,Ballast Maintenance,Drainage blockage,3,MEDIUM,2025-06-26,2025-06-28,2025-07-24,5.8,10,MEDIUM,Cancelled,26,Normal
ENG0442,AST0154,SEC004,Welding,Weld crack,4,LOW,2025-01-02,2025-01-04,2025-03-05,9.8,6,LOW,Pending,60,Low
ENG0443,AST0344,SEC044,Turnout Maintenance,Switch tongue wear,1,CRITICAL,2025-07-02,2025-07-05,2025-07-12,2.2,15,HIGH,Scheduled,7,Urgent
ENG0444,AST0246,SEC021,Turnout Maintenance,Crossing nose defect,5,LOW,2025-01-02,2025-01-04,2025-02-23,11.8,7,LOW,In Progress,50,Low
ENG0445,AST0187,SEC037,Track Geometry Correction,Alignment defect,5,LOW,2025-05-29,2025-06-01,2025-08-05,6.4,4,LOW,Completed,65,Low
ENG0446,AST0215,SEC065,Sleeper Replacement,Decayed wooden sleeper,4,LOW,2025-07-24,2025-07-24,2025-09-17,1.1,13,LOW,Cancelled,55,Low
ENG0447,AST0167,SEC017,Ballast Maintenance,Fouled ballast,4,LOW,2025-08-10,2025-08-11,2025-10-04,9.9,3,LOW,Pending,54,Low
ENG0448,AST0388,SEC013,Rail Inspection,Surface defect,2,HIGH,2025-01-20,2025-01-20,2025-02-04,4.7,7,HIGH,Completed,15,Normal
ENG0449,AST0294,SEC069,Track Alignment,Cant deficiency,3,MEDIUM,2025-07-08,2025-07-08,2025-08-05,8.6,10,MEDIUM,Cancelled,28,Normal
ENG0450,AST0126,SEC051,Track Alignment,Buckling risk,2,HIGH,2025-10-12,2025-10-14,2025-10-22,1.4,12,HIGH,In Progress,8,Normal
ENG0451,AST0306,SEC006,Rail Inspection,Gauge deviation,4,LOW,2025-03-02,2025-03-04,2025-04-19,10.4,11,LOW,Scheduled,46,Low
ENG0452,AST0359,SEC059,Turnout Maintenance,Switch tongue wear,1,CRITICAL,2025-02-06,2025-02-07,2025-02-12,6.1,11,HIGH,Pending,5,Urgent
ENG0453,AST0288,SEC063,Turnout Maintenance,Point mechanism fault,2,HIGH,2025-03-25,2025-03-25,2025-04-04,9.0,8,HIGH,Pending,10,Normal
ENG0454,AST0236,SEC011,Rail Inspection,Surface defect,4,LOW,2025-11-04,2025-11-07,2025-12-15,3.8,5,LOW,In Progress,38,Low
ENG0455,AST0240,SEC015,Ballast Maintenance,Insufficient ballast,3,MEDIUM,2025-01-04,2025-01-07,2025-02-03,9.3,10,MEDIUM,Completed,27,Normal
ENG0456,AST0218,SEC068,Welding,Thermit weld defect,3,MEDIUM,2025-10-10,2025-10-10,2025-10-24,7.0,6,MEDIUM,Scheduled,14,Normal
ENG0457,AST0184,SEC034,Turnout Maintenance,Crossing nose defect,3,MEDIUM,2025-12-16,2025-12-18,2026-01-01,1.4,12,MEDIUM,Scheduled,14,Normal
ENG0458,AST0338,SEC038,Turnout Maintenance,Crossing nose defect,2,HIGH,2025-04-12,2025-04-15,2025-04-25,10.2,12,HIGH,Completed,10,Normal
ENG0459,AST0400,SEC025,Rail Replacement,Severely worn rail,1,CRITICAL,2025-10-09,2025-10-12,2025-10-18,7.6,6,HIGH,Completed,6,Urgent
ENG0460,AST0267,SEC042,Track Geometry Correction,Twist fault,4,LOW,2025-02-24,2025-02-26,2025-03-28,4.9,8,LOW,In Progress,30,Normal
ENG0461,AST0314,SEC014,Rail Replacement,End-post fracture,2,HIGH,2025-06-03,2025-06-04,2025-06-19,9.5,15,HIGH,Completed,15,Normal
ENG0462,AST0160,SEC010,Turnout Maintenance,Point mechanism fault,3,MEDIUM,2025-04-14,2025-04-15,2025-04-30,3.5,12,MEDIUM,Pending,15,Normal
ENG0463,AST0038,SEC038,Track Geometry Correction,Alignment defect,2,HIGH,2025-04-01,2025-04-02,2025-04-16,1.7,6,HIGH,Pending,14,Normal
ENG0464,AST0278,SEC053,Track Alignment,Buckling risk,5,LOW,2025-09-22,2025-09-22,2025-11-25,3.3,11,LOW,Pending,64,Low
ENG0465,AST0342,SEC042,Track Alignment,Vertical misalignment,3,MEDIUM,2025-06-19,2025-06-21,2025-07-21,9.1,6,MEDIUM,Cancelled,30,Normal
ENG0466,AST0069,SEC069,Rail Replacement,Broken rail,1,CRITICAL,2025-12-03,2025-12-03,2025-12-09,11.8,12,HIGH,In Progress,6,Urgent
ENG0467,AST0200,SEC050,Ballast Maintenance,Insufficient ballast,3,MEDIUM,2025-05-02,2025-05-02,2025-06-01,11.8,11,MEDIUM,Scheduled,30,Normal
ENG0468,AST0164,SEC014,Welding,Weld depression,3,MEDIUM,2025-11-10,2025-11-12,2025-12-04,11.5,5,MEDIUM,Completed,22,Normal
ENG0469,AST0064,SEC064,Welding,Weld crack,2,HIGH,2025-04-09,2025-04-10,2025-04-21,8.6,12,HIGH,Cancelled,11,Normal
ENG0470,AST0087,SEC012,Welding,Weld depression,4,LOW,2025-09-29,2025-09-29,2025-11-13,4.1,5,LOW,Scheduled,45,Low
ENG0471,AST0363,SEC063,Rail Replacement,End-post fracture,1,CRITICAL,2025-03-03,2025-03-03,2025-03-07,2.8,9,HIGH,Completed,4,Urgent
ENG0472,AST0076,SEC001,Track Geometry Correction,Twist fault,1,CRITICAL,2025-06-30,2025-06-30,2025-07-06,2.9,5,HIGH,Cancelled,6,Urgent
ENG0473,AST0123,SEC048,Turnout Maintenance,Point mechanism fault,3,MEDIUM,2025-05-17,2025-05-18,2025-06-10,6.9,14,MEDIUM,Pending,23,Normal
ENG0474,AST0336,SEC036,Rail Replacement,Rail end batter,4,LOW,2025-02-27,2025-03-02,2025-03-31,4.3,10,LOW,Pending,29,Normal
ENG0475,AST0242,SEC017,Rail Inspection,Gauge deviation,2,HIGH,2025-10-04,2025-10-04,2025-10-16,5.5,8,HIGH,Pending,12,Normal
ENG0476,AST0167,SEC017,Turnout Maintenance,Check rail gap,4,LOW,2025-03-05,2025-03-06,2025-05-02,10.9,3,LOW,Pending,57,Low
ENG0477,AST0172,SEC022,Rail Inspection,Gauge deviation,3,MEDIUM,2025-05-29,2025-05-31,2025-06-30,8.8,10,MEDIUM,Completed,30,Normal
ENG0478,AST0184,SEC034,Turnout Maintenance,Crossing nose defect,4,LOW,2025-06-26,2025-06-29,2025-07-29,9.5,10,LOW,Pending,30,Normal
ENG0479,AST0243,SEC018,Track Alignment,Vertical misalignment,3,MEDIUM,2025-12-08,2025-12-10,2025-12-26,4.4,9,MEDIUM,Scheduled,16,Normal
ENG0480,AST0096,SEC021,Welding,Weld crack,5,LOW,2025-09-30,2025-10-01,2025-12-20,11.3,2,LOW,Pending,80,Low
ENG0481,AST0227,SEC002,Rail Inspection,Surface defect,3,MEDIUM,2025-10-30,2025-11-02,2025-11-30,6.9,15,MEDIUM,Completed,28,Normal
ENG0482,AST0223,SEC073,Rail Replacement,Broken rail,4,LOW,2025-08-05,2025-08-07,2025-09-29,2.7,6,LOW,In Progress,53,Low
ENG0483,AST0066,SEC066,Track Alignment,Lateral misalignment,4,LOW,2025-04-12,2025-04-12,2025-06-06,6.1,11,LOW,Pending,55,Low
ENG0484,AST0307,SEC007,Ballast Maintenance,Fouled ballast,2,HIGH,2025-06-22,2025-06-25,2025-07-02,8.5,8,HIGH,In Progress,7,Urgent
ENG0485,AST0105,SEC030,Welding,Misaligned weld,2,HIGH,2025-09-21,2025-09-24,2025-10-01,11.6,14,HIGH,Scheduled,7,Urgent
ENG0486,AST0250,SEC025,Rail Inspection,Worn rail head,3,MEDIUM,2025-09-07,2025-09-08,2025-10-01,8.3,14,MEDIUM,Completed,23,Normal
ENG0487,AST0067,SEC067,Sleeper Replacement,Broken concrete sleeper,4,LOW,2025-12-01,2025-12-03,2026-01-09,10.3,13,LOW,In Progress,37,Low
ENG0488,AST0141,SEC066,Rail Inspection,Gauge deviation,2,HIGH,2025-07-14,2025-07-16,2025-07-26,4.3,9,HIGH,Completed,10,Normal
ENG0489,AST0201,SEC051,Welding,Misaligned weld,3,MEDIUM,2025-11-27,2025-11-30,2025-12-16,4.4,10,MEDIUM,Completed,16,Normal
ENG0490,AST0203,SEC053,Track Geometry Correction,Gauge irregularity,4,LOW,2025-07-15,2025-07-15,2025-09-05,6.9,13,LOW,Cancelled,52,Low
ENG0491,AST0146,SEC071,Sleeper Replacement,Cracked sleeper,1,CRITICAL,2025-06-24,2025-06-26,2025-06-30,3.5,5,HIGH,Scheduled,4,Urgent
ENG0492,AST0226,SEC001,Turnout Maintenance,Crossing nose defect,3,MEDIUM,2025-09-05,2025-09-05,2025-09-29,10.7,8,MEDIUM,Completed,24,Normal
ENG0493,AST0089,SEC014,Rail Inspection,Worn rail head,3,MEDIUM,2025-01-02,2025-01-04,2025-01-23,2.8,8,MEDIUM,Completed,19,Normal
ENG0494,AST0281,SEC056,Ballast Maintenance,Insufficient ballast,4,LOW,2025-08-23,2025-08-25,2025-10-13,3.5,7,LOW,Scheduled,49,Low
ENG0495,AST0216,SEC066,Welding,Weld depression,1,CRITICAL,2025-06-08,2025-06-09,2025-06-13,3.3,9,HIGH,Cancelled,4,Urgent
ENG0496,AST0396,SEC021,Track Geometry Correction,Twist fault,4,LOW,2025-07-04,2025-07-07,2025-08-18,7.4,11,LOW,Pending,42,Low
ENG0497,AST0069,SEC069,Welding,Weld crack,2,HIGH,2025-12-14,2025-12-14,2025-12-26,1.8,13,HIGH,Completed,12,Normal
ENG0498,AST0019,SEC019,Sleeper Replacement,Missing sleeper,5,LOW,2025-06-29,2025-07-01,2025-09-20,11.9,3,LOW,In Progress,81,Low
ENG0499,AST0253,SEC028,Rail Inspection,Rail crack,4,LOW,2025-11-14,2025-11-17,2025-12-23,11.9,6,LOW,Completed,36,Low
ENG0500,AST0121,SEC046,Track Geometry Correction,Gauge irregularity,3,MEDIUM,2025-11-20,2025-11-23,2025-12-13,7.4,4,MEDIUM,In Progress,20,Normal
ENG0501,AST0336,SEC036,Sleeper Replacement,Decayed wooden sleeper,5,LOW,2025-02-21,2025-02-23,2025-05-01,6.1,5,LOW,Completed,67,Low
ENG0502,AST0309,SEC009,Track Alignment,Buckling risk,5,LOW,2025-08-12,2025-08-12,2025-10-12,9.5,2,LOW,Completed,61,Low
ENG0503,AST0054,SEC054,Track Geometry Correction,Twist fault,3,MEDIUM,2025-03-24,2025-03-25,2025-04-19,4.6,3,MEDIUM,Pending,25,Normal
ENG0504,AST0366,SEC066,Welding,Weld crack,5,LOW,2025-07-25,2025-07-28,2025-09-21,5.9,11,LOW,Scheduled,55,Low
ENG0505,AST0189,SEC039,Ballast Maintenance,Vegetation growth,4,LOW,2025-11-09,2025-11-12,2026-01-04,8.3,2,LOW,Completed,53,Low
ENG0506,AST0282,SEC057,Track Geometry Correction,Alignment defect,4,LOW,2025-01-20,2025-01-23,2025-02-23,10.0,14,LOW,Pending,31,Low
ENG0507,AST0122,SEC047,Ballast Maintenance,Vegetation growth,3,MEDIUM,2025-10-17,2025-10-19,2025-11-17,8.4,9,MEDIUM,In Progress,29,Normal
ENG0508,AST0103,SEC028,Welding,Weld crack,3,MEDIUM,2025-06-22,2025-06-25,2025-07-09,1.2,14,MEDIUM,Scheduled,14,Normal
ENG0509,AST0082,SEC007,Rail Inspection,Rail crack,1,CRITICAL,2025-07-18,2025-07-21,2025-07-25,6.1,11,HIGH,Completed,4,Urgent
ENG0510,AST0051,SEC051,Welding,Weld depression,1,CRITICAL,2025-06-06,2025-06-06,2025-06-12,11.2,8,HIGH,Completed,6,Urgent
ENG0511,AST0153,SEC003,Rail Replacement,Broken rail,2,HIGH,2025-09-01,2025-09-01,2025-09-09,4.0,2,HIGH,Scheduled,8,Normal
ENG0512,AST0208,SEC058,Ballast Maintenance,Insufficient ballast,2,HIGH,2025-03-21,2025-03-24,2025-04-05,2.6,9,HIGH,In Progress,12,Normal
ENG0513,AST0020,SEC020,Rail Replacement,Broken rail,3,MEDIUM,2025-09-11,2025-09-14,2025-10-08,6.5,10,MEDIUM,In Progress,24,Normal
ENG0514,AST0078,SEC003,Rail Replacement,Severely worn rail,1,CRITICAL,2025-11-20,2025-11-23,2025-11-27,5.9,11,HIGH,Cancelled,4,Urgent
ENG0515,AST0021,SEC021,Rail Inspection,Gauge deviation,3,MEDIUM,2025-03-05,2025-03-05,2025-04-04,8.0,14,MEDIUM,Completed,30,Normal
ENG0516,AST0114,SEC039,Track Alignment,Lateral misalignment,4,LOW,2025-08-02,2025-08-04,2025-09-12,6.7,5,LOW,Scheduled,39,Low
ENG0517,AST0243,SEC018,Ballast Maintenance,Fouled ballast,3,MEDIUM,2025-01-26,2025-01-29,2025-02-27,10.8,7,MEDIUM,Pending,29,Normal
ENG0518,AST0270,SEC045,Sleeper Replacement,Broken concrete sleeper,4,LOW,2025-11-12,2025-11-13,2026-01-12,1.7,2,LOW,Scheduled,60,Low
ENG0519,AST0211,SEC061,Ballast Maintenance,Fouled ballast,1,CRITICAL,2025-04-02,2025-04-05,2025-04-09,5.9,13,HIGH,Completed,4,Urgent
ENG0520,AST0297,SEC072,Rail Inspection,Rail crack,4,LOW,2025-03-24,2025-03-27,2025-05-15,2.0,13,LOW,Scheduled,49,Low
ENG0521,AST0220,SEC070,Sleeper Replacement,Broken concrete sleeper,3,MEDIUM,2025-04-12,2025-04-14,2025-05-03,9.0,9,MEDIUM,Cancelled,19,Normal
ENG0522,AST0301,SEC001,Welding,Weld depression,2,HIGH,2025-07-18,2025-07-18,2025-08-01,10.7,13,HIGH,Pending,14,Normal
ENG0523,AST0086,SEC011,Track Alignment,Buckling risk,4,LOW,2025-08-16,2025-08-19,2025-09-24,9.8,15,LOW,Scheduled,36,Low
ENG0524,AST0223,SEC073,Rail Inspection,Gauge deviation,3,MEDIUM,2025-01-18,2025-01-21,2025-02-12,9.0,8,MEDIUM,Pending,22,Normal
ENG0525,AST0378,SEC003,Welding,Thermit weld defect,3,MEDIUM,2025-02-17,2025-02-20,2025-03-12,6.6,10,MEDIUM,In Progress,20,Normal
ENG0526,AST0117,SEC042,Rail Inspection,Rail crack,2,HIGH,2025-07-24,2025-07-24,2025-08-03,6.4,14,HIGH,Completed,10,Normal
ENG0527,AST0136,SEC061,Ballast Maintenance,Insufficient ballast,4,LOW,2025-07-31,2025-08-03,2025-09-06,5.3,15,LOW,In Progress,34,Low
ENG0528,AST0221,SEC071,Track Alignment,Vertical misalignment,2,HIGH,2025-07-25,2025-07-27,2025-08-03,8.5,10,HIGH,Cancelled,7,Urgent
ENG0529,AST0163,SEC013,Welding,Thermit weld defect,3,MEDIUM,2025-06-02,2025-06-02,2025-06-21,1.7,6,MEDIUM,Pending,19,Normal
ENG0530,AST0183,SEC033,Ballast Maintenance,Vegetation growth,3,MEDIUM,2025-06-27,2025-06-30,2025-07-16,4.4,13,MEDIUM,Pending,16,Normal
ENG0531,AST0269,SEC044,Sleeper Replacement,Missing sleeper,4,LOW,2025-05-24,2025-05-25,2025-07-17,2.4,10,LOW,Completed,53,Low
ENG0532,AST0040,SEC040,Welding,Weld depression,3,MEDIUM,2025-06-15,2025-06-15,2025-07-04,3.8,14,MEDIUM,Pending,19,Normal
ENG0533,AST0133,SEC058,Track Alignment,Buckling risk,2,HIGH,2025-06-03,2025-06-03,2025-06-10,10.7,10,HIGH,Pending,7,Urgent
ENG0534,AST0343,SEC043,Track Geometry Correction,Alignment defect,3,MEDIUM,2025-11-05,2025-11-06,2025-11-20,8.5,4,MEDIUM,Scheduled,14,Normal
ENG0535,AST0312,SEC012,Track Geometry Correction,Alignment defect,2,HIGH,2025-10-02,2025-10-02,2025-10-09,11.9,2,HIGH,Completed,7,Urgent
ENG0536,AST0122,SEC047,Sleeper Replacement,Decayed wooden sleeper,3,MEDIUM,2025-09-08,2025-09-10,2025-09-30,2.2,13,MEDIUM,Cancelled,20,Normal
ENG0537,AST0320,SEC020,Welding,Weld depression,4,LOW,2025-08-25,2025-08-25,2025-10-11,4.3,15,LOW,Pending,47,Low
ENG0538,AST0367,SEC067,Sleeper Replacement,Broken concrete sleeper,3,MEDIUM,2025-03-23,2025-03-23,2025-04-22,1.9,3,MEDIUM,Completed,30,Normal
ENG0539,AST0078,SEC003,Turnout Maintenance,Switch tongue wear,3,MEDIUM,2025-03-19,2025-03-21,2025-04-12,2.8,14,MEDIUM,Completed,22,Normal
ENG0540,AST0225,SEC075,Track Geometry Correction,Twist fault,3,MEDIUM,2025-03-07,2025-03-10,2025-04-08,1.0,2,MEDIUM,In Progress,29,Normal
ENG0541,AST0012,SEC012,Ballast Maintenance,Insufficient ballast,4,LOW,2025-10-30,2025-10-31,2025-11-25,4.1,5,LOW,Scheduled,25,Normal
ENG0542,AST0076,SEC001,Rail Replacement,Severely worn rail,3,MEDIUM,2025-07-19,2025-07-21,2025-08-10,11.0,8,MEDIUM,In Progress,20,Normal
ENG0543,AST0274,SEC049,Track Geometry Correction,Cross-level error,3,MEDIUM,2025-09-20,2025-09-21,2025-10-15,5.4,13,MEDIUM,Scheduled,24,Normal
ENG0544,AST0376,SEC001,Ballast Maintenance,Fouled ballast,4,LOW,2025-02-07,2025-02-10,2025-04-10,2.9,15,LOW,Pending,59,Low
ENG0545,AST0217,SEC067,Turnout Maintenance,Switch tongue wear,2,HIGH,2025-11-19,2025-11-19,2025-11-30,8.4,14,HIGH,Completed,11,Normal
ENG0546,AST0368,SEC068,Ballast Maintenance,Fouled ballast,3,MEDIUM,2025-01-23,2025-01-23,2025-02-08,8.5,5,MEDIUM,Completed,16,Normal
ENG0547,AST0148,SEC073,Rail Replacement,Broken rail,3,MEDIUM,2025-05-27,2025-05-29,2025-06-17,8.5,9,MEDIUM,Completed,19,Normal
ENG0548,AST0175,SEC025,Ballast Maintenance,Insufficient ballast,1,CRITICAL,2025-06-24,2025-06-24,2025-06-27,11.7,14,HIGH,Cancelled,3,Urgent
ENG0549,AST0151,SEC001,Rail Replacement,Rail end batter,2,HIGH,2025-08-08,2025-08-09,2025-08-21,5.1,3,HIGH,Completed,12,Normal
ENG0550,AST0261,SEC036,Welding,Weld crack,2,HIGH,2025-09-29,2025-09-29,2025-10-13,7.7,4,HIGH,Completed,14,Normal
ENG0551,AST0002,SEC002,Rail Replacement,End-post fracture,4,LOW,2025-12-11,2025-12-14,2026-01-27,10.9,6,LOW,Pending,44,Low
ENG0552,AST0093,SEC018,Rail Replacement,End-post fracture,3,MEDIUM,2025-12-03,2025-12-06,2026-01-05,5.3,3,MEDIUM,Completed,30,Normal
ENG0553,AST0031,SEC031,Ballast Maintenance,Fouled ballast,3,MEDIUM,2025-05-15,2025-05-15,2025-06-04,5.9,13,MEDIUM,Scheduled,20,Normal
ENG0554,AST0391,SEC016,Ballast Maintenance,Insufficient ballast,5,LOW,2025-04-06,2025-04-06,2025-06-25,10.3,3,LOW,Completed,80,Low
ENG0555,AST0132,SEC057,Sleeper Replacement,Decayed wooden sleeper,2,HIGH,2025-01-06,2025-01-09,2025-01-19,11.0,4,HIGH,Completed,10,Normal
ENG0556,AST0143,SEC068,Rail Replacement,End-post fracture,4,LOW,2025-06-26,2025-06-27,2025-07-23,8.3,12,LOW,Cancelled,26,Normal
ENG0557,AST0384,SEC009,Sleeper Replacement,Cracked sleeper,4,LOW,2025-04-24,2025-04-24,2025-06-11,6.2,14,LOW,Cancelled,48,Low
ENG0558,AST0004,SEC004,Sleeper Replacement,Missing sleeper,1,CRITICAL,2025-10-14,2025-10-15,2025-10-20,9.3,5,HIGH,Scheduled,5,Urgent
ENG0559,AST0061,SEC061,Ballast Maintenance,Fouled ballast,4,LOW,2025-01-10,2025-01-12,2025-03-05,1.7,3,LOW,In Progress,52,Low
ENG0560,AST0071,SEC071,Sleeper Replacement,Cracked sleeper,2,HIGH,2025-10-11,2025-10-11,2025-10-19,9.7,12,HIGH,In Progress,8,Normal
ENG0561,AST0292,SEC067,Ballast Maintenance,Fouled ballast,3,MEDIUM,2025-08-05,2025-08-05,2025-08-21,5.6,15,MEDIUM,Scheduled,16,Normal
ENG0562,AST0231,SEC006,Track Alignment,Buckling risk,1,CRITICAL,2025-06-07,2025-06-09,2025-06-16,11.4,5,HIGH,Completed,7,Urgent
ENG0563,AST0099,SEC024,Track Geometry Correction,Cross-level error,2,HIGH,2025-02-13,2025-02-16,2025-02-28,9.4,14,HIGH,Completed,12,Normal
ENG0564,AST0179,SEC029,Track Geometry Correction,Twist fault,4,LOW,2025-01-16,2025-01-19,2025-02-16,1.7,10,LOW,Pending,28,Normal
ENG0565,AST0222,SEC072,Rail Inspection,Corrugation,3,MEDIUM,2025-05-16,2025-05-16,2025-05-31,5.7,13,MEDIUM,In Progress,15,Normal
ENG0566,AST0057,SEC057,Track Geometry Correction,Cross-level error,4,LOW,2025-01-09,2025-01-11,2025-02-22,11.0,2,LOW,Scheduled,42,Low
ENG0567,AST0153,SEC003,Track Geometry Correction,Gauge irregularity,4,LOW,2025-07-07,2025-07-07,2025-09-04,10.9,7,LOW,In Progress,59,Low
ENG0568,AST0259,SEC034,Track Geometry Correction,Gauge irregularity,3,MEDIUM,2025-09-05,2025-09-06,2025-09-23,9.9,11,MEDIUM,Scheduled,17,Normal
ENG0569,AST0329,SEC029,Rail Inspection,Surface defect,2,HIGH,2025-04-21,2025-04-23,2025-04-30,1.6,15,HIGH,In Progress,7,Urgent
ENG0570,AST0231,SEC006,Welding,Weld depression,2,HIGH,2025-04-09,2025-04-11,2025-04-25,9.0,7,HIGH,Completed,14,Normal
ENG0571,AST0342,SEC042,Track Alignment,Vertical misalignment,4,LOW,2025-01-21,2025-01-22,2025-02-17,2.3,10,LOW,Completed,26,Normal
ENG0572,AST0017,SEC017,Sleeper Replacement,Missing sleeper,3,MEDIUM,2025-09-16,2025-09-19,2025-10-06,7.8,11,MEDIUM,Completed,17,Normal
ENG0573,AST0149,SEC074,Welding,Thermit weld defect,2,HIGH,2025-12-05,2025-12-08,2025-12-22,10.0,14,HIGH,Completed,14,Normal
ENG0574,AST0385,SEC010,Sleeper Replacement,Cracked sleeper,4,LOW,2025-02-03,2025-02-03,2025-03-18,11.9,14,LOW,Completed,43,Low
ENG0575,AST0129,SEC054,Rail Replacement,Severely worn rail,3,MEDIUM,2025-01-06,2025-01-07,2025-02-05,6.7,13,MEDIUM,In Progress,29,Normal
ENG0576,AST0190,SEC040,Welding,Weld crack,4,LOW,2025-04-24,2025-04-24,2025-06-19,10.3,5,LOW,Pending,56,Low
ENG0577,AST0251,SEC026,Welding,Misaligned weld,3,MEDIUM,2025-07-01,2025-07-03,2025-07-31,7.7,14,MEDIUM,Completed,28,Normal
ENG0578,AST0058,SEC058,Rail Inspection,Worn rail head,2,HIGH,2025-02-09,2025-02-10,2025-02-17,10.2,9,HIGH,Completed,7,Urgent
ENG0579,AST0248,SEC023,Rail Inspection,Worn rail head,3,MEDIUM,2025-03-24,2025-03-26,2025-04-25,3.7,12,MEDIUM,Completed,30,Normal
ENG0580,AST0339,SEC039,Sleeper Replacement,Cracked sleeper,2,HIGH,2025-08-12,2025-08-14,2025-08-24,5.0,4,HIGH,Scheduled,10,Normal
ENG0581,AST0227,SEC002,Turnout Maintenance,Switch tongue wear,3,MEDIUM,2025-07-23,2025-07-24,2025-08-19,8.7,12,MEDIUM,Completed,26,Normal
ENG0582,AST0005,SEC005,Rail Replacement,Severely worn rail,3,MEDIUM,2025-02-02,2025-02-04,2025-02-25,3.6,10,MEDIUM,Pending,21,Normal
ENG0583,AST0033,SEC033,Rail Replacement,Broken rail,3,MEDIUM,2025-06-14,2025-06-17,2025-07-04,1.3,5,MEDIUM,Completed,17,Normal
ENG0584,AST0018,SEC018,Rail Inspection,Rail crack,2,HIGH,2025-01-25,2025-01-28,2025-02-10,4.0,4,HIGH,Scheduled,13,Normal
ENG0585,AST0383,SEC008,Rail Inspection,Gauge deviation,4,LOW,2025-12-03,2025-12-03,2026-01-05,1.4,10,LOW,Completed,33,Low
ENG0586,AST0057,SEC057,Rail Inspection,Worn rail head,3,MEDIUM,2025-01-26,2025-01-27,2025-02-26,4.9,7,MEDIUM,Cancelled,30,Normal
ENG0587,AST0380,SEC005,Turnout Maintenance,Switch tongue wear,3,MEDIUM,2025-12-02,2025-12-05,2025-12-23,2.9,4,MEDIUM,Completed,18,Normal
ENG0588,AST0151,SEC001,Welding,Thermit weld defect,3,MEDIUM,2025-12-04,2025-12-07,2025-12-30,7.4,14,MEDIUM,Completed,23,Normal
ENG0589,AST0351,SEC051,Rail Replacement,End-post fracture,4,LOW,2025-01-13,2025-01-15,2025-03-12,2.4,5,LOW,In Progress,56,Low
ENG0590,AST0282,SEC057,Turnout Maintenance,Crossing nose defect,4,LOW,2025-02-02,2025-02-03,2025-02-28,8.3,15,LOW,Pending,25,Normal
ENG0591,AST0103,SEC028,Sleeper Replacement,Broken concrete sleeper,3,MEDIUM,2025-04-27,2025-04-28,2025-05-18,6.8,13,MEDIUM,Completed,20,Normal
ENG0592,AST0097,SEC022,Rail Replacement,Rail end batter,4,LOW,2025-12-07,2025-12-07,2026-01-16,5.9,11,LOW,Completed,40,Low
ENG0593,AST0307,SEC007,Rail Replacement,Broken rail,4,LOW,2025-05-01,2025-05-03,2025-06-07,2.8,5,LOW,In Progress,35,Low
ENG0594,AST0137,SEC062,Welding,Weld crack,3,MEDIUM,2025-02-28,2025-03-01,2025-03-29,1.8,8,MEDIUM,Pending,28,Normal
ENG0595,AST0018,SEC018,Sleeper Replacement,Cracked sleeper,2,HIGH,2025-09-17,2025-09-20,2025-10-01,3.2,13,HIGH,Completed,11,Normal
ENG0596,AST0059,SEC059,Sleeper Replacement,Missing sleeper,4,LOW,2025-07-22,2025-07-25,2025-08-27,5.0,6,LOW,Completed,33,Low
ENG0597,AST0288,SEC063,Rail Replacement,End-post fracture,3,MEDIUM,2025-01-01,2025-01-01,2025-01-18,10.8,11,MEDIUM,Cancelled,17,Normal
ENG0598,AST0278,SEC053,Rail Replacement,End-post fracture,4,LOW,2025-09-21,2025-09-21,2025-10-27,7.5,10,LOW,Pending,36,Low
ENG0599,AST0138,SEC063,Track Geometry Correction,Twist fault,3,MEDIUM,2025-03-22,2025-03-22,2025-04-10,5.9,4,MEDIUM,Cancelled,19,Normal
ENG0600,AST0117,SEC042,Ballast Maintenance,Fouled ballast,2,HIGH,2025-10-12,2025-10-13,2025-10-24,11.7,8,HIGH,Completed,11,Normal
ENG0601,AST0035,SEC035,Track Geometry Correction,Gauge irregularity,5,LOW,2025-10-17,2025-10-19,2025-12-23,6.3,5,LOW,Completed,65,Low
ENG0602,AST0168,SEC018,Rail Replacement,Broken rail,2,HIGH,2025-01-28,2025-01-28,2025-02-10,1.1,5,HIGH,Cancelled,13,Normal
ENG0603,AST0226,SEC001,Ballast Maintenance,Drainage blockage,2,HIGH,2025-11-11,2025-11-12,2025-11-19,3.7,2,HIGH,Scheduled,7,Urgent
ENG0604,AST0297,SEC072,Track Alignment,Vertical misalignment,4,LOW,2025-09-14,2025-09-16,2025-11-14,8.9,5,LOW,Completed,59,Low
ENG0605,AST0091,SEC016,Rail Replacement,Rail end batter,2,HIGH,2025-07-03,2025-07-06,2025-07-18,7.4,5,HIGH,Completed,12,Normal
ENG0606,AST0015,SEC015,Track Geometry Correction,Twist fault,2,HIGH,2025-10-16,2025-10-16,2025-10-23,7.8,11,HIGH,Completed,7,Urgent
ENG0607,AST0081,SEC006,Track Alignment,Cant deficiency,4,LOW,2025-09-02,2025-09-02,2025-09-27,11.3,12,LOW,Scheduled,25,Normal
ENG0608,AST0371,SEC071,Turnout Maintenance,Point mechanism fault,5,LOW,2025-01-27,2025-01-30,2025-04-30,10.6,12,LOW,Scheduled,90,Low
ENG0609,AST0199,SEC049,Welding,Thermit weld defect,2,HIGH,2025-09-28,2025-09-28,2025-10-06,10.3,8,HIGH,Completed,8,Normal
ENG0610,AST0092,SEC017,Track Geometry Correction,Alignment defect,4,LOW,2025-06-25,2025-06-26,2025-08-06,4.8,4,LOW,Completed,41,Low
ENG0611,AST0139,SEC064,Ballast Maintenance,Fouled ballast,5,LOW,2025-01-19,2025-01-22,2025-03-23,5.6,9,LOW,Scheduled,60,Low
ENG0612,AST0126,SEC051,Rail Replacement,Broken rail,3,MEDIUM,2025-01-11,2025-01-11,2025-02-06,2.3,5,MEDIUM,Completed,26,Normal
ENG0613,AST0013,SEC013,Welding,Weld crack,1,CRITICAL,2025-11-26,2025-11-28,2025-12-04,10.9,2,HIGH,In Progress,6,Urgent
ENG0614,AST0186,SEC036,Ballast Maintenance,Insufficient ballast,5,LOW,2025-01-05,2025-01-06,2025-04-05,11.9,9,LOW,Completed,89,Low
ENG0615,AST0137,SEC062,Sleeper Replacement,Decayed wooden sleeper,5,LOW,2025-06-23,2025-06-24,2025-08-09,10.2,3,LOW,In Progress,46,Low
ENG0616,AST0033,SEC033,Turnout Maintenance,Crossing nose defect,5,LOW,2025-02-20,2025-02-22,2025-05-06,10.7,9,LOW,Cancelled,73,Low
ENG0617,AST0146,SEC071,Track Geometry Correction,Gauge irregularity,1,CRITICAL,2025-07-11,2025-07-13,2025-07-18,2.1,2,HIGH,Completed,5,Urgent
ENG0618,AST0202,SEC052,Turnout Maintenance,Check rail gap,3,MEDIUM,2025-02-11,2025-02-13,2025-03-06,8.1,11,MEDIUM,Scheduled,21,Normal
ENG0619,AST0077,SEC002,Welding,Weld depression,3,MEDIUM,2025-04-29,2025-04-30,2025-05-16,5.3,3,MEDIUM,In Progress,16,Normal
ENG0620,AST0154,SEC004,Rail Replacement,End-post fracture,3,MEDIUM,2025-11-13,2025-11-14,2025-12-07,5.5,14,MEDIUM,Scheduled,23,Normal
ENG0621,AST0072,SEC072,Rail Replacement,Severely worn rail,2,HIGH,2025-05-04,2025-05-07,2025-05-20,2.9,3,HIGH,Cancelled,13,Normal
ENG0622,AST0292,SEC067,Rail Replacement,Broken rail,3,MEDIUM,2025-11-07,2025-11-08,2025-11-29,4.7,3,MEDIUM,Completed,21,Normal
ENG0623,AST0257,SEC032,Track Alignment,Buckling risk,2,HIGH,2025-05-08,2025-05-09,2025-05-17,6.8,15,HIGH,In Progress,8,Normal
ENG0624,AST0025,SEC025,Ballast Maintenance,Insufficient ballast,5,LOW,2025-02-28,2025-03-03,2025-05-15,5.7,2,LOW,Scheduled,73,Low
ENG0625,AST0194,SEC044,Rail Replacement,Severely worn rail,3,MEDIUM,2025-02-24,2025-02-24,2025-03-16,6.3,8,MEDIUM,Completed,20,Normal
ENG0626,AST0121,SEC046,Rail Replacement,Rail end batter,3,MEDIUM,2025-04-09,2025-04-10,2025-05-03,9.5,13,MEDIUM,Completed,23,Normal
ENG0627,AST0320,SEC020,Turnout Maintenance,Switch tongue wear,2,HIGH,2025-09-08,2025-09-10,2025-09-21,6.0,10,HIGH,Scheduled,11,Normal
ENG0628,AST0295,SEC070,Rail Inspection,Rail crack,2,HIGH,2025-10-09,2025-10-11,2025-10-23,11.3,3,HIGH,Scheduled,12,Normal
ENG0629,AST0055,SEC055,Track Geometry Correction,Cross-level error,2,HIGH,2025-07-26,2025-07-29,2025-08-13,10.4,8,HIGH,Completed,15,Normal
ENG0630,AST0078,SEC003,Rail Inspection,Worn rail head,2,HIGH,2025-02-01,2025-02-02,2025-02-10,5.6,4,HIGH,Pending,8,Normal
ENG0631,AST0215,SEC065,Rail Replacement,Rail end batter,2,HIGH,2025-01-09,2025-01-12,2025-01-22,1.5,14,HIGH,Completed,10,Normal
ENG0632,AST0389,SEC014,Rail Inspection,Worn rail head,3,MEDIUM,2025-04-24,2025-04-26,2025-05-17,6.9,10,MEDIUM,Pending,21,Normal
ENG0633,AST0106,SEC031,Ballast Maintenance,Fouled ballast,4,LOW,2025-08-13,2025-08-15,2025-09-10,10.6,5,LOW,Scheduled,26,Normal
ENG0634,AST0244,SEC019,Rail Replacement,End-post fracture,1,CRITICAL,2025-08-28,2025-08-29,2025-09-01,10.7,2,HIGH,Completed,3,Urgent
ENG0635,AST0110,SEC035,Rail Inspection,Gauge deviation,4,LOW,2025-02-18,2025-02-20,2025-04-13,7.6,4,LOW,Completed,52,Low
ENG0636,AST0311,SEC011,Track Geometry Correction,Twist fault,2,HIGH,2025-12-16,2025-12-16,2025-12-24,5.3,9,HIGH,Scheduled,8,Normal
ENG0637,AST0389,SEC014,Rail Replacement,Severely worn rail,2,HIGH,2025-05-16,2025-05-19,2025-05-30,1.3,5,HIGH,Completed,11,Normal
ENG0638,AST0069,SEC069,Turnout Maintenance,Switch tongue wear,3,MEDIUM,2025-04-23,2025-04-24,2025-05-09,4.2,8,MEDIUM,Pending,15,Normal
ENG0639,AST0179,SEC029,Turnout Maintenance,Point mechanism fault,2,HIGH,2025-10-03,2025-10-06,2025-10-17,2.4,12,HIGH,Pending,11,Normal
ENG0640,AST0394,SEC019,Turnout Maintenance,Switch tongue wear,1,CRITICAL,2025-06-25,2025-06-28,2025-07-05,7.5,14,HIGH,Scheduled,7,Urgent
ENG0641,AST0252,SEC027,Track Geometry Correction,Twist fault,3,MEDIUM,2024-12-29,2025-01-01,2025-01-21,7.7,9,MEDIUM,Completed,20,Normal
ENG0642,AST0361,SEC061,Ballast Maintenance,Vegetation growth,3,MEDIUM,2025-06-07,2025-06-07,2025-06-25,1.9,5,MEDIUM,Cancelled,18,Normal
ENG0643,AST0302,SEC002,Track Alignment,Lateral misalignment,4,LOW,2025-10-03,2025-10-06,2025-10-31,11.1,6,LOW,Completed,25,Normal
ENG0644,AST0269,SEC044,Sleeper Replacement,Missing sleeper,1,CRITICAL,2025-02-28,2025-03-03,2025-03-10,4.6,6,HIGH,Pending,7,Urgent
ENG0645,AST0375,SEC075,Track Geometry Correction,Gauge irregularity,4,LOW,2025-01-25,2025-01-26,2025-03-07,5.4,14,LOW,Pending,40,Low
ENG0646,AST0379,SEC004,Ballast Maintenance,Drainage blockage,3,MEDIUM,2025-10-26,2025-10-28,2025-11-21,7.6,7,MEDIUM,Cancelled,24,Normal
ENG0647,AST0307,SEC007,Ballast Maintenance,Fouled ballast,3,MEDIUM,2025-03-01,2025-03-01,2025-03-15,10.3,2,MEDIUM,Cancelled,14,Normal
ENG0648,AST0010,SEC010,Rail Replacement,Severely worn rail,2,HIGH,2025-07-25,2025-07-25,2025-08-08,3.2,6,HIGH,Scheduled,14,Normal
ENG0649,AST0379,SEC004,Sleeper Replacement,Cracked sleeper,4,LOW,2025-11-23,2025-11-24,2025-12-24,2.0,14,LOW,Completed,30,Normal
ENG0650,AST0196,SEC046,Welding,Misaligned weld,3,MEDIUM,2025-06-10,2025-06-10,2025-06-26,4.9,13,MEDIUM,Pending,16,Normal
ENG0651,AST0007,SEC007,Welding,Misaligned weld,3,MEDIUM,2025-08-13,2025-08-16,2025-09-14,3.5,13,MEDIUM,Completed,29,Normal
ENG0652,AST0282,SEC057,Track Geometry Correction,Cross-level error,5,LOW,2025-11-16,2025-11-18,2026-01-22,8.6,14,LOW,Completed,65,Low
ENG0653,AST0014,SEC014,Ballast Maintenance,Vegetation growth,2,HIGH,2025-12-08,2025-12-10,2025-12-21,1.5,10,HIGH,Scheduled,11,Normal
ENG0654,AST0182,SEC032,Track Alignment,Buckling risk,3,MEDIUM,2025-10-13,2025-10-14,2025-11-09,3.1,7,MEDIUM,Completed,26,Normal
ENG0655,AST0046,SEC046,Welding,Misaligned weld,4,LOW,2025-01-12,2025-01-15,2025-02-24,8.2,8,LOW,Completed,40,Low
ENG0656,AST0208,SEC058,Turnout Maintenance,Point mechanism fault,2,HIGH,2025-09-18,2025-09-20,2025-10-04,11.3,5,HIGH,Completed,14,Normal
ENG0657,AST0259,SEC034,Sleeper Replacement,Broken concrete sleeper,5,LOW,2025-05-21,2025-05-22,2025-07-29,11.5,3,LOW,Pending,68,Low
ENG0658,AST0078,SEC003,Track Alignment,Buckling risk,1,CRITICAL,2025-04-24,2025-04-24,2025-04-27,1.9,8,HIGH,Completed,3,Urgent
ENG0659,AST0068,SEC068,Turnout Maintenance,Crossing nose defect,4,LOW,2025-04-18,2025-04-18,2025-05-26,11.2,6,LOW,Scheduled,38,Low
ENG0660,AST0238,SEC013,Ballast Maintenance,Vegetation growth,4,LOW,2025-05-28,2025-05-29,2025-07-03,4.5,10,LOW,Scheduled,35,Low
ENG0661,AST0067,SEC067,Track Geometry Correction,Gauge irregularity,4,LOW,2025-05-14,2025-05-14,2025-07-12,5.8,10,LOW,Scheduled,59,Low
ENG0662,AST0084,SEC009,Turnout Maintenance,Switch tongue wear,3,MEDIUM,2025-11-09,2025-11-09,2025-12-05,10.3,4,MEDIUM,Pending,26,Normal
ENG0663,AST0278,SEC053,Ballast Maintenance,Insufficient ballast,2,HIGH,2025-04-13,2025-04-14,2025-04-22,5.6,15,HIGH,Pending,8,Normal
ENG0664,AST0083,SEC008,Track Alignment,Cant deficiency,4,LOW,2025-10-15,2025-10-15,2025-11-22,5.0,11,LOW,Completed,38,Low
ENG0665,AST0206,SEC056,Sleeper Replacement,Cracked sleeper,3,MEDIUM,2025-09-16,2025-09-16,2025-10-11,5.9,3,MEDIUM,Pending,25,Normal
ENG0666,AST0249,SEC024,Rail Inspection,Corrugation,3,MEDIUM,2025-09-07,2025-09-10,2025-10-02,1.8,11,MEDIUM,Completed,22,Normal
ENG0667,AST0026,SEC026,Turnout Maintenance,Switch tongue wear,2,HIGH,2025-01-19,2025-01-22,2025-01-29,2.0,15,HIGH,Completed,7,Urgent
ENG0668,AST0092,SEC017,Sleeper Replacement,Broken concrete sleeper,4,LOW,2025-02-16,2025-02-16,2025-03-13,1.9,10,LOW,In Progress,25,Normal
ENG0669,AST0077,SEC002,Track Geometry Correction,Gauge irregularity,2,HIGH,2025-11-03,2025-11-06,2025-11-16,10.7,12,HIGH,Pending,10,Normal
ENG0670,AST0299,SEC074,Track Alignment,Buckling risk,2,HIGH,2025-04-13,2025-04-16,2025-04-24,4.4,4,HIGH,Cancelled,8,Normal
ENG0671,AST0346,SEC046,Track Geometry Correction,Gauge irregularity,2,HIGH,2025-04-05,2025-04-06,2025-04-15,3.7,14,HIGH,Cancelled,9,Normal
ENG0672,AST0202,SEC052,Sleeper Replacement,Cracked sleeper,4,LOW,2025-10-01,2025-10-02,2025-11-28,8.1,3,LOW,Scheduled,57,Low
ENG0673,AST0084,SEC009,Rail Inspection,Rail crack,3,MEDIUM,2025-12-20,2025-12-20,2026-01-15,4.4,10,MEDIUM,Completed,26,Normal
ENG0674,AST0009,SEC009,Ballast Maintenance,Vegetation growth,3,MEDIUM,2025-06-16,2025-06-17,2025-07-01,2.8,5,MEDIUM,Pending,14,Normal
ENG0675,AST0093,SEC018,Turnout Maintenance,Switch tongue wear,3,MEDIUM,2025-10-30,2025-11-02,2025-11-25,5.0,5,MEDIUM,In Progress,23,Normal
ENG0676,AST0116,SEC041,Sleeper Replacement,Cracked sleeper,3,MEDIUM,2025-09-25,2025-09-28,2025-10-27,8.1,5,MEDIUM,Pending,29,Normal
ENG0677,AST0062,SEC062,Track Geometry Correction,Twist fault,3,MEDIUM,2025-05-25,2025-05-26,2025-06-18,7.7,9,MEDIUM,Scheduled,23,Normal
ENG0678,AST0355,SEC055,Rail Inspection,Worn rail head,5,LOW,2025-12-01,2025-12-01,2026-02-13,11.7,9,LOW,Pending,74,Low
ENG0679,AST0188,SEC038,Ballast Maintenance,Insufficient ballast,5,LOW,2025-04-20,2025-04-22,2025-07-12,7.5,12,LOW,Cancelled,81,Low
ENG0680,AST0028,SEC028,Welding,Weld crack,1,CRITICAL,2025-06-15,2025-06-15,2025-06-21,4.2,4,HIGH,Pending,6,Urgent
ENG0681,AST0099,SEC024,Turnout Maintenance,Switch tongue wear,5,LOW,2025-09-04,2025-09-06,2025-11-27,11.0,2,LOW,Pending,82,Low
ENG0682,AST0061,SEC061,Rail Inspection,Corrugation,4,LOW,2025-10-20,2025-10-21,2025-11-23,2.5,14,LOW,Scheduled,33,Low
ENG0683,AST0103,SEC028,Ballast Maintenance,Fouled ballast,5,LOW,2025-01-26,2025-01-29,2025-03-12,7.5,14,LOW,Pending,42,Low
ENG0684,AST0216,SEC066,Sleeper Replacement,Decayed wooden sleeper,3,MEDIUM,2025-10-11,2025-10-11,2025-11-02,8.3,13,MEDIUM,Completed,22,Normal
ENG0685,AST0278,SEC053,Track Geometry Correction,Cross-level error,3,MEDIUM,2025-05-26,2025-05-27,2025-06-25,11.2,9,MEDIUM,Scheduled,29,Normal
ENG0686,AST0087,SEC012,Track Alignment,Lateral misalignment,4,LOW,2025-07-14,2025-07-17,2025-09-10,7.9,4,LOW,Cancelled,55,Low
ENG0687,AST0224,SEC074,Ballast Maintenance,Drainage blockage,2,HIGH,2025-10-08,2025-10-11,2025-10-18,3.4,14,HIGH,In Progress,7,Urgent
ENG0688,AST0279,SEC054,Ballast Maintenance,Insufficient ballast,2,HIGH,2025-02-19,2025-02-21,2025-02-28,8.2,13,HIGH,Pending,7,Urgent
ENG0689,AST0155,SEC005,Turnout Maintenance,Crossing nose defect,4,LOW,2025-10-11,2025-10-11,2025-11-22,10.9,9,LOW,Completed,42,Low
ENG0690,AST0373,SEC073,Sleeper Replacement,Decayed wooden sleeper,3,MEDIUM,2025-08-06,2025-08-09,2025-08-31,8.7,9,MEDIUM,Scheduled,22,Normal
ENG0691,AST0090,SEC015,Track Alignment,Vertical misalignment,5,LOW,2025-06-27,2025-06-27,2025-08-09,10.8,9,LOW,Completed,43,Low
ENG0692,AST0048,SEC048,Ballast Maintenance,Fouled ballast,3,MEDIUM,2025-10-30,2025-11-01,2025-11-20,4.5,11,MEDIUM,Pending,19,Normal
ENG0693,AST0090,SEC015,Ballast Maintenance,Vegetation growth,3,MEDIUM,2025-02-05,2025-02-07,2025-03-06,4.8,15,MEDIUM,Pending,27,Normal
ENG0694,AST0061,SEC061,Track Geometry Correction,Alignment defect,4,LOW,2025-09-15,2025-09-15,2025-11-06,11.3,7,LOW,Completed,52,Low
ENG0695,AST0111,SEC036,Track Geometry Correction,Twist fault,4,LOW,2025-09-04,2025-09-07,2025-10-09,8.3,8,LOW,Pending,32,Low
ENG0696,AST0198,SEC048,Turnout Maintenance,Check rail gap,4,LOW,2025-03-23,2025-03-26,2025-05-25,9.9,5,LOW,Pending,60,Low
ENG0697,AST0129,SEC054,Track Alignment,Vertical misalignment,1,CRITICAL,2025-05-04,2025-05-04,2025-05-10,4.9,9,HIGH,Pending,6,Urgent
ENG0698,AST0289,SEC064,Sleeper Replacement,Cracked sleeper,3,MEDIUM,2025-08-05,2025-08-07,2025-08-25,8.0,6,MEDIUM,Scheduled,18,Normal
ENG0699,AST0385,SEC010,Welding,Weld crack,5,LOW,2025-01-31,2025-02-02,2025-04-27,2.7,6,LOW,Cancelled,84,Low
ENG0700,AST0174,SEC024,Rail Replacement,End-post fracture,3,MEDIUM,2025-10-20,2025-10-22,2025-11-05,10.2,4,MEDIUM,Completed,14,Normal
ENG0701,AST0147,SEC072,Turnout Maintenance,Switch tongue wear,4,LOW,2025-01-16,2025-01-18,2025-03-01,2.9,10,LOW,Scheduled,42,Low
ENG0702,AST0030,SEC030,Track Geometry Correction,Alignment defect,3,MEDIUM,2025-08-09,2025-08-09,2025-08-27,1.7,5,MEDIUM,Cancelled,18,Normal
ENG0703,AST0113,SEC038,Ballast Maintenance,Vegetation growth,5,LOW,2025-04-23,2025-04-23,2025-06-26,1.4,6,LOW,Pending,64,Low
ENG0704,AST0015,SEC015,Sleeper Replacement,Missing sleeper,5,LOW,2025-11-20,2025-11-22,2026-02-02,6.5,2,LOW,Scheduled,72,Low
ENG0705,AST0131,SEC056,Turnout Maintenance,Point mechanism fault,3,MEDIUM,2025-09-17,2025-09-20,2025-10-04,9.6,14,MEDIUM,Scheduled,14,Normal
ENG0706,AST0004,SEC004,Welding,Weld depression,3,MEDIUM,2025-10-04,2025-10-04,2025-10-20,9.8,8,MEDIUM,Pending,16,Normal
ENG0707,AST0279,SEC054,Track Alignment,Cant deficiency,2,HIGH,2025-07-19,2025-07-20,2025-07-29,7.5,9,HIGH,Scheduled,9,Normal
ENG0708,AST0202,SEC052,Track Alignment,Cant deficiency,4,LOW,2025-03-02,2025-03-03,2025-04-23,9.3,4,LOW,Cancelled,51,Low
ENG0709,AST0316,SEC016,Welding,Weld crack,2,HIGH,2025-08-29,2025-08-29,2025-09-07,9.9,12,HIGH,Pending,9,Normal
ENG0710,AST0351,SEC051,Ballast Maintenance,Insufficient ballast,3,MEDIUM,2025-02-28,2025-02-28,2025-03-17,3.9,9,MEDIUM,Pending,17,Normal
ENG0711,AST0260,SEC035,Ballast Maintenance,Insufficient ballast,4,LOW,2025-11-21,2025-11-22,2026-01-13,7.7,12,LOW,Cancelled,52,Low
ENG0712,AST0038,SEC038,Turnout Maintenance,Switch tongue wear,2,HIGH,2025-01-17,2025-01-20,2025-01-31,7.3,6,HIGH,In Progress,11,Normal
ENG0713,AST0037,SEC037,Welding,Weld crack,2,HIGH,2025-05-17,2025-05-19,2025-05-26,11.6,15,HIGH,Completed,7,Urgent
ENG0714,AST0297,SEC072,Track Alignment,Cant deficiency,3,MEDIUM,2025-08-12,2025-08-13,2025-08-31,2.6,3,MEDIUM,Pending,18,Normal
ENG0715,AST0236,SEC011,Rail Inspection,Surface defect,3,MEDIUM,2025-06-04,2025-06-05,2025-07-03,5.7,2,MEDIUM,Scheduled,28,Normal
ENG0716,AST0318,SEC018,Track Alignment,Cant deficiency,4,LOW,2025-10-07,2025-10-07,2025-11-22,5.3,6,LOW,Completed,46,Low
ENG0717,AST0368,SEC068,Rail Inspection,Surface defect,3,MEDIUM,2025-05-15,2025-05-16,2025-06-15,2.8,11,MEDIUM,Completed,30,Normal
ENG0718,AST0052,SEC052,Track Alignment,Vertical misalignment,4,LOW,2025-08-28,2025-08-30,2025-10-07,2.5,8,LOW,Completed,38,Low
ENG0719,AST0274,SEC049,Turnout Maintenance,Crossing nose defect,4,LOW,2025-07-25,2025-07-26,2025-09-07,10.3,6,LOW,Scheduled,43,Low
ENG0720,AST0197,SEC047,Rail Replacement,Severely worn rail,1,CRITICAL,2025-01-06,2025-01-06,2025-01-12,4.4,10,HIGH,Scheduled,6,Urgent
ENG0721,AST0316,SEC016,Track Alignment,Lateral misalignment,5,LOW,2025-11-28,2025-12-01,2026-02-08,8.0,3,LOW,Completed,69,Low
ENG0722,AST0194,SEC044,Rail Inspection,Corrugation,1,CRITICAL,2025-12-20,2025-12-20,2025-12-23,6.8,6,HIGH,Completed,3,Urgent
ENG0723,AST0247,SEC022,Rail Inspection,Gauge deviation,1,CRITICAL,2025-06-01,2025-06-01,2025-06-07,6.4,7,HIGH,Completed,6,Urgent
ENG0724,AST0269,SEC044,Track Alignment,Vertical misalignment,3,MEDIUM,2025-05-30,2025-05-30,2025-06-23,9.4,3,MEDIUM,Scheduled,24,Normal
ENG0725,AST0317,SEC017,Sleeper Replacement,Decayed wooden sleeper,4,LOW,2025-10-07,2025-10-08,2025-11-10,3.8,14,LOW,Completed,33,Low
ENG0726,AST0109,SEC034,Track Alignment,Buckling risk,5,LOW,2025-10-13,2025-10-14,2026-01-04,2.4,9,LOW,Scheduled,82,Low
ENG0727,AST0174,SEC024,Welding,Thermit weld defect,4,LOW,2025-08-27,2025-08-30,2025-10-04,10.9,15,LOW,Pending,35,Low
ENG0728,AST0273,SEC048,Turnout Maintenance,Crossing nose defect,5,LOW,2025-06-19,2025-06-19,2025-08-10,8.1,6,LOW,Scheduled,52,Low
ENG0729,AST0011,SEC011,Rail Replacement,Broken rail,3,MEDIUM,2025-05-17,2025-05-17,2025-06-10,1.8,9,MEDIUM,Pending,24,Normal
ENG0730,AST0322,SEC022,Rail Inspection,Rail crack,4,LOW,2025-09-22,2025-09-23,2025-11-16,6.9,12,LOW,Scheduled,54,Low
ENG0731,AST0026,SEC026,Track Alignment,Buckling risk,3,MEDIUM,2025-03-10,2025-03-13,2025-03-29,2.8,5,MEDIUM,Pending,16,Normal
ENG0732,AST0365,SEC065,Sleeper Replacement,Decayed wooden sleeper,2,HIGH,2025-10-07,2025-10-07,2025-10-21,5.9,7,HIGH,In Progress,14,Normal
ENG0733,AST0151,SEC001,Rail Replacement,Broken rail,2,HIGH,2024-12-31,2025-01-02,2025-01-16,11.4,12,HIGH,Scheduled,14,Normal
ENG0734,AST0281,SEC056,Welding,Thermit weld defect,3,MEDIUM,2025-12-08,2025-12-09,2025-12-28,7.4,7,MEDIUM,Completed,19,Normal
ENG0735,AST0020,SEC020,Welding,Misaligned weld,4,LOW,2025-09-19,2025-09-20,2025-10-18,9.6,3,LOW,Scheduled,28,Normal
ENG0736,AST0041,SEC041,Track Alignment,Vertical misalignment,2,HIGH,2025-09-30,2025-10-01,2025-10-16,1.3,9,HIGH,Completed,15,Normal
ENG0737,AST0297,SEC072,Track Geometry Correction,Alignment defect,4,LOW,2025-05-07,2025-05-07,2025-06-26,5.2,6,LOW,Completed,50,Low
ENG0738,AST0103,SEC028,Turnout Maintenance,Crossing nose defect,5,LOW,2025-06-10,2025-06-12,2025-07-26,6.6,2,LOW,Cancelled,44,Low
ENG0739,AST0329,SEC029,Track Geometry Correction,Twist fault,3,MEDIUM,2025-08-04,2025-08-05,2025-09-04,3.1,6,MEDIUM,Pending,30,Normal
ENG0740,AST0215,SEC065,Ballast Maintenance,Fouled ballast,3,MEDIUM,2025-09-14,2025-09-14,2025-10-10,5.5,14,MEDIUM,Pending,26,Normal
ENG0741,AST0081,SEC006,Ballast Maintenance,Insufficient ballast,2,HIGH,2025-10-07,2025-10-07,2025-10-17,6.8,8,HIGH,Pending,10,Normal
ENG0742,AST0371,SEC071,Track Alignment,Buckling risk,4,LOW,2025-01-12,2025-01-12,2025-03-04,7.8,14,LOW,Scheduled,51,Low
ENG0743,AST0165,SEC015,Ballast Maintenance,Drainage blockage,3,MEDIUM,2025-04-03,2025-04-06,2025-05-05,7.2,9,MEDIUM,Completed,29,Normal
ENG0744,AST0146,SEC071,Sleeper Replacement,Missing sleeper,4,LOW,2025-07-22,2025-07-23,2025-09-01,10.0,6,LOW,Scheduled,40,Low
ENG0745,AST0122,SEC047,Rail Replacement,Broken rail,1,CRITICAL,2025-12-03,2025-12-04,2025-12-09,2.6,4,HIGH,Pending,5,Urgent
ENG0746,AST0360,SEC060,Welding,Misaligned weld,2,HIGH,2025-11-08,2025-11-11,2025-11-25,1.7,9,HIGH,Scheduled,14,Normal
ENG0747,AST0020,SEC020,Sleeper Replacement,Missing sleeper,3,MEDIUM,2025-09-06,2025-09-08,2025-10-04,1.3,7,MEDIUM,Cancelled,26,Normal
ENG0748,AST0290,SEC065,Track Alignment,Vertical misalignment,4,LOW,2025-04-03,2025-04-04,2025-05-21,7.4,6,LOW,Pending,47,Low
ENG0749,AST0208,SEC058,Sleeper Replacement,Decayed wooden sleeper,3,MEDIUM,2025-10-28,2025-10-29,2025-11-21,4.2,13,MEDIUM,Pending,23,Normal
ENG0750,AST0062,SEC062,Track Geometry Correction,Gauge irregularity,3,MEDIUM,2025-01-06,2025-01-08,2025-01-31,11.6,2,MEDIUM,Pending,23,Normal
ENG0751,AST0224,SEC074,Rail Replacement,End-post fracture,3,MEDIUM,2025-04-12,2025-04-14,2025-05-07,4.6,3,MEDIUM,Scheduled,23,Normal
ENG0752,AST0308,SEC008,Turnout Maintenance,Check rail gap,3,MEDIUM,2025-12-13,2025-12-13,2025-12-31,7.4,8,MEDIUM,Pending,18,Normal
ENG0753,AST0243,SEC018,Track Geometry Correction,Cross-level error,3,MEDIUM,2025-12-09,2025-12-11,2026-01-06,11.3,4,MEDIUM,Pending,26,Normal
ENG0754,AST0123,SEC048,Rail Replacement,Broken rail,5,LOW,2025-04-07,2025-04-09,2025-06-06,4.8,3,LOW,Pending,58,Low
ENG0755,AST0381,SEC006,Rail Inspection,Rail crack,3,MEDIUM,2025-03-03,2025-03-03,2025-04-02,2.0,2,MEDIUM,Pending,30,Normal
ENG0756,AST0111,SEC036,Track Geometry Correction,Cross-level error,2,HIGH,2025-04-10,2025-04-13,2025-04-25,9.3,5,HIGH,Pending,12,Normal
ENG0757,AST0124,SEC049,Rail Replacement,Severely worn rail,4,LOW,2025-02-03,2025-02-06,2025-03-11,7.5,5,LOW,Scheduled,33,Low
ENG0758,AST0096,SEC021,Ballast Maintenance,Vegetation growth,3,MEDIUM,2025-09-17,2025-09-17,2025-10-04,10.5,4,MEDIUM,In Progress,17,Normal
ENG0759,AST0037,SEC037,Ballast Maintenance,Fouled ballast,3,MEDIUM,2025-05-06,2025-05-09,2025-06-03,11.4,8,MEDIUM,Pending,25,Normal
ENG0760,AST0092,SEC017,Track Alignment,Cant deficiency,3,MEDIUM,2025-04-18,2025-04-19,2025-05-12,6.8,14,MEDIUM,Scheduled,23,Normal
ENG0761,AST0295,SEC070,Ballast Maintenance,Vegetation growth,4,LOW,2025-12-04,2025-12-05,2026-02-02,2.3,14,LOW,Completed,59,Low
ENG0762,AST0016,SEC016,Turnout Maintenance,Switch tongue wear,4,LOW,2025-09-19,2025-09-19,2025-11-08,4.3,2,LOW,Completed,50,Low
ENG0763,AST0353,SEC053,Rail Inspection,Corrugation,3,MEDIUM,2025-04-19,2025-04-19,2025-05-04,7.2,10,MEDIUM,Pending,15,Normal
ENG0764,AST0005,SEC005,Welding,Misaligned weld,4,LOW,2025-05-24,2025-05-26,2025-07-23,8.7,6,LOW,Completed,58,Low
ENG0765,AST0156,SEC006,Track Geometry Correction,Twist fault,3,MEDIUM,2025-04-08,2025-04-09,2025-05-03,9.3,7,MEDIUM,Scheduled,24,Normal
ENG0766,AST0338,SEC038,Track Geometry Correction,Twist fault,3,MEDIUM,2025-08-11,2025-08-13,2025-09-12,9.1,6,MEDIUM,In Progress,30,Normal
ENG0767,AST0092,SEC017,Rail Replacement,Severely worn rail,3,MEDIUM,2025-04-27,2025-04-28,2025-05-12,2.9,6,MEDIUM,Completed,14,Normal
ENG0768,AST0096,SEC021,Rail Replacement,Broken rail,3,MEDIUM,2025-08-01,2025-08-01,2025-08-15,4.4,12,MEDIUM,Pending,14,Normal
ENG0769,AST0138,SEC063,Welding,Misaligned weld,5,LOW,2025-10-12,2025-10-14,2025-11-28,4.8,14,LOW,Completed,45,Low
ENG0770,AST0045,SEC045,Turnout Maintenance,Switch tongue wear,5,LOW,2025-06-01,2025-06-04,2025-08-18,11.0,10,LOW,Pending,75,Low
ENG0771,AST0359,SEC059,Track Alignment,Buckling risk,3,MEDIUM,2025-04-28,2025-04-30,2025-05-23,5.9,5,MEDIUM,Completed,23,Normal
ENG0772,AST0123,SEC048,Rail Replacement,Broken rail,3,MEDIUM,2025-08-23,2025-08-25,2025-09-22,3.4,11,MEDIUM,In Progress,28,Normal
ENG0773,AST0366,SEC066,Rail Replacement,Rail end batter,3,MEDIUM,2025-03-16,2025-03-19,2025-04-09,8.2,3,MEDIUM,Cancelled,21,Normal
ENG0774,AST0303,SEC003,Sleeper Replacement,Missing sleeper,2,HIGH,2025-08-22,2025-08-25,2025-09-05,9.0,9,HIGH,Cancelled,11,Normal
ENG0775,AST0326,SEC026,Turnout Maintenance,Point mechanism fault,1,CRITICAL,2025-03-17,2025-03-19,2025-03-26,9.4,3,HIGH,Pending,7,Urgent
ENG0776,AST0356,SEC056,Sleeper Replacement,Broken concrete sleeper,4,LOW,2025-02-20,2025-02-20,2025-04-10,2.7,2,LOW,Scheduled,49,Low
ENG0777,AST0356,SEC056,Sleeper Replacement,Cracked sleeper,4,LOW,2025-01-03,2025-01-06,2025-02-19,10.3,5,LOW,Completed,44,Low
ENG0778,AST0111,SEC036,Welding,Thermit weld defect,2,HIGH,2025-03-29,2025-04-01,2025-04-13,2.2,12,HIGH,Scheduled,12,Normal
ENG0779,AST0162,SEC012,Sleeper Replacement,Decayed wooden sleeper,1,CRITICAL,2025-01-31,2025-02-03,2025-02-10,8.4,5,HIGH,Scheduled,7,Urgent
ENG0780,AST0182,SEC032,Welding,Weld depression,3,MEDIUM,2025-08-29,2025-09-01,2025-09-19,3.7,8,MEDIUM,Completed,18,Normal
ENG0781,AST0368,SEC068,Welding,Misaligned weld,4,LOW,2025-05-23,2025-05-25,2025-06-28,11.8,11,LOW,Completed,34,Low
ENG0782,AST0333,SEC033,Track Alignment,Lateral misalignment,1,CRITICAL,2025-03-23,2025-03-25,2025-03-30,8.9,10,HIGH,Completed,5,Urgent
ENG0783,AST0397,SEC022,Welding,Weld crack,4,LOW,2025-11-05,2025-11-06,2025-12-30,5.3,5,LOW,Pending,54,Low
ENG0784,AST0247,SEC022,Turnout Maintenance,Switch tongue wear,3,MEDIUM,2025-10-03,2025-10-04,2025-10-25,4.5,8,MEDIUM,Completed,21,Normal
ENG0785,AST0283,SEC058,Rail Inspection,Gauge deviation,4,LOW,2025-02-13,2025-02-14,2025-04-12,6.1,11,LOW,Scheduled,57,Low
ENG0786,AST0374,SEC074,Welding,Thermit weld defect,2,HIGH,2025-10-10,2025-10-12,2025-10-27,12.0,5,HIGH,Scheduled,15,Normal
ENG0787,AST0024,SEC024,Track Geometry Correction,Cross-level error,2,HIGH,2025-08-08,2025-08-08,2025-08-22,5.9,4,HIGH,Scheduled,14,Normal
ENG0788,AST0308,SEC008,Track Alignment,Vertical misalignment,3,MEDIUM,2025-06-26,2025-06-27,2025-07-17,6.4,12,MEDIUM,Cancelled,20,Normal
ENG0789,AST0161,SEC011,Ballast Maintenance,Drainage blockage,2,HIGH,2025-08-22,2025-08-24,2025-09-02,9.2,14,HIGH,Scheduled,9,Normal
ENG0790,AST0087,SEC012,Turnout Maintenance,Point mechanism fault,3,MEDIUM,2025-06-22,2025-06-22,2025-07-10,2.6,3,MEDIUM,Pending,18,Normal
ENG0791,AST0306,SEC006,Ballast Maintenance,Insufficient ballast,3,MEDIUM,2025-06-24,2025-06-24,2025-07-10,3.8,6,MEDIUM,Pending,16,Normal
ENG0792,AST0002,SEC002,Rail Inspection,Gauge deviation,2,HIGH,2025-09-05,2025-09-06,2025-09-18,11.8,4,HIGH,Pending,12,Normal
ENG0793,AST0396,SEC021,Track Geometry Correction,Cross-level error,3,MEDIUM,2025-08-25,2025-08-28,2025-09-27,11.0,14,MEDIUM,Scheduled,30,Normal
ENG0794,AST0315,SEC015,Turnout Maintenance,Crossing nose defect,3,MEDIUM,2025-12-16,2025-12-17,2026-01-05,9.9,13,MEDIUM,Completed,19,Normal
ENG0795,AST0126,SEC051,Turnout Maintenance,Switch tongue wear,4,LOW,2025-01-09,2025-01-09,2025-02-22,7.4,4,LOW,Pending,44,Low
ENG0796,AST0335,SEC035,Track Alignment,Lateral misalignment,3,MEDIUM,2025-03-13,2025-03-13,2025-03-29,9.5,7,MEDIUM,Completed,16,Normal
ENG0797,AST0376,SEC001,Welding,Weld depression,4,LOW,2025-09-28,2025-09-29,2025-11-08,8.0,9,LOW,Completed,40,Low
ENG0798,AST0231,SEC006,Sleeper Replacement,Missing sleeper,5,LOW,2025-02-25,2025-02-25,2025-05-04,7.1,15,LOW,Completed,68,Low
ENG0799,AST0273,SEC048,Rail Inspection,Worn rail head,2,HIGH,2025-04-14,2025-04-16,2025-04-29,5.7,3,HIGH,Completed,13,Normal
ENG0800,AST0179,SEC029,Track Geometry Correction,Gauge irregularity,1,CRITICAL,2025-03-21,2025-03-23,2025-03-27,2.4,14,HIGH,Completed,4,Urgent
ENG0801,AST0227,SEC002,Rail Inspection,Gauge deviation,5,LOW,2025-07-18,2025-07-19,2025-09-28,1.5,14,LOW,Completed,71,Low
ENG0802,AST0060,SEC060,Sleeper Replacement,Decayed wooden sleeper,5,LOW,2025-03-24,2025-03-24,2025-06-19,3.8,2,LOW,Scheduled,87,Low
ENG0803,AST0279,SEC054,Ballast Maintenance,Drainage blockage,4,LOW,2025-02-05,2025-02-07,2025-04-03,11.9,9,LOW,Cancelled,55,Low
ENG0804,AST0218,SEC068,Welding,Misaligned weld,2,HIGH,2025-03-26,2025-03-29,2025-04-06,11.9,2,HIGH,Completed,8,Normal
ENG0805,AST0096,SEC021,Welding,Weld crack,4,LOW,2025-02-03,2025-02-03,2025-03-19,6.2,4,LOW,Scheduled,44,Low
ENG0806,AST0170,SEC020,Sleeper Replacement,Broken concrete sleeper,2,HIGH,2025-04-12,2025-04-13,2025-04-27,6.2,12,HIGH,Scheduled,14,Normal
ENG0807,AST0353,SEC053,Welding,Thermit weld defect,4,LOW,2025-08-18,2025-08-21,2025-09-22,3.9,9,LOW,Completed,32,Low
ENG0808,AST0148,SEC073,Sleeper Replacement,Cracked sleeper,2,HIGH,2025-07-20,2025-07-23,2025-08-02,11.6,12,HIGH,Pending,10,Normal
ENG0809,AST0336,SEC036,Welding,Misaligned weld,1,CRITICAL,2025-10-16,2025-10-18,2025-10-22,1.4,11,HIGH,Scheduled,4,Urgent
ENG0810,AST0120,SEC045,Track Geometry Correction,Alignment defect,5,LOW,2025-05-26,2025-05-26,2025-07-29,9.3,6,LOW,Completed,64,Low
ENG0811,AST0267,SEC042,Turnout Maintenance,Switch tongue wear,3,MEDIUM,2025-10-17,2025-10-19,2025-11-18,6.4,14,MEDIUM,Scheduled,30,Normal
ENG0812,AST0152,SEC002,Rail Inspection,Corrugation,4,LOW,2025-12-01,2025-12-02,2025-12-31,5.1,15,LOW,Completed,29,Normal
ENG0813,AST0026,SEC026,Track Alignment,Vertical misalignment,4,LOW,2025-09-09,2025-09-12,2025-11-06,5.6,10,LOW,Completed,55,Low
ENG0814,AST0175,SEC025,Rail Inspection,Rail crack,3,MEDIUM,2025-02-10,2025-02-13,2025-03-11,7.6,13,MEDIUM,Completed,26,Normal
ENG0815,AST0399,SEC024,Track Alignment,Lateral misalignment,3,MEDIUM,2025-10-30,2025-10-30,2025-11-26,9.7,5,MEDIUM,In Progress,27,Normal
ENG0816,AST0366,SEC066,Ballast Maintenance,Drainage blockage,2,HIGH,2025-05-29,2025-05-29,2025-06-09,6.2,7,HIGH,In Progress,11,Normal
ENG0817,AST0220,SEC070,Ballast Maintenance,Insufficient ballast,4,LOW,2025-09-19,2025-09-19,2025-10-16,3.6,4,LOW,Pending,27,Normal
ENG0818,AST0344,SEC044,Ballast Maintenance,Insufficient ballast,2,HIGH,2025-11-20,2025-11-23,2025-11-30,1.8,12,HIGH,In Progress,7,Urgent
ENG0819,AST0102,SEC027,Track Geometry Correction,Gauge irregularity,4,LOW,2025-03-18,2025-03-21,2025-05-04,8.8,8,LOW,Completed,44,Low
ENG0820,AST0081,SEC006,Ballast Maintenance,Vegetation growth,3,MEDIUM,2025-02-05,2025-02-08,2025-03-02,5.0,3,MEDIUM,Completed,22,Normal
ENG0821,AST0291,SEC066,Track Geometry Correction,Cross-level error,3,MEDIUM,2025-01-22,2025-01-22,2025-02-13,9.3,9,MEDIUM,Completed,22,Normal
ENG0822,AST0323,SEC023,Rail Inspection,Gauge deviation,5,LOW,2025-08-25,2025-08-27,2025-10-21,8.2,9,LOW,Completed,55,Low
ENG0823,AST0216,SEC066,Track Geometry Correction,Gauge irregularity,3,MEDIUM,2025-07-08,2025-07-11,2025-07-27,4.5,4,MEDIUM,Completed,16,Normal
ENG0824,AST0344,SEC044,Turnout Maintenance,Crossing nose defect,5,LOW,2025-10-17,2025-10-17,2026-01-14,9.0,2,LOW,Completed,89,Low
ENG0825,AST0003,SEC003,Ballast Maintenance,Vegetation growth,2,HIGH,2025-12-15,2025-12-16,2025-12-25,9.4,3,HIGH,Cancelled,9,Normal
ENG0826,AST0116,SEC041,Turnout Maintenance,Check rail gap,5,LOW,2025-01-16,2025-01-18,2025-03-19,5.6,9,LOW,Completed,60,Low
ENG0827,AST0322,SEC022,Ballast Maintenance,Vegetation growth,3,MEDIUM,2025-02-19,2025-02-20,2025-03-12,11.6,12,MEDIUM,Pending,20,Normal
ENG0828,AST0293,SEC068,Ballast Maintenance,Fouled ballast,3,MEDIUM,2025-09-19,2025-09-21,2025-10-18,4.1,12,MEDIUM,Completed,27,Normal
ENG0829,AST0038,SEC038,Rail Inspection,Rail crack,4,LOW,2025-10-16,2025-10-19,2025-12-15,3.6,2,LOW,Completed,57,Low
ENG0830,AST0314,SEC014,Rail Replacement,End-post fracture,5,LOW,2025-03-18,2025-03-19,2025-05-28,8.6,5,LOW,Pending,70,Low
ENG0831,AST0098,SEC023,Sleeper Replacement,Cracked sleeper,3,MEDIUM,2025-09-11,2025-09-12,2025-10-04,6.0,3,MEDIUM,Scheduled,22,Normal
ENG0832,AST0188,SEC038,Rail Inspection,Worn rail head,4,LOW,2025-02-17,2025-02-20,2025-04-02,6.2,8,LOW,Completed,41,Low
ENG0833,AST0105,SEC030,Sleeper Replacement,Cracked sleeper,3,MEDIUM,2025-11-26,2025-11-27,2025-12-27,3.3,2,MEDIUM,Pending,30,Normal
ENG0834,AST0210,SEC060,Rail Replacement,Severely worn rail,3,MEDIUM,2025-10-25,2025-10-26,2025-11-25,9.6,10,MEDIUM,Pending,30,Normal
ENG0835,AST0291,SEC066,Turnout Maintenance,Crossing nose defect,4,LOW,2025-10-10,2025-10-10,2025-11-18,2.2,13,LOW,Pending,39,Low
ENG0836,AST0081,SEC006,Track Geometry Correction,Alignment defect,3,MEDIUM,2025-10-24,2025-10-26,2025-11-22,1.6,12,MEDIUM,In Progress,27,Normal
ENG0837,AST0210,SEC060,Track Geometry Correction,Gauge irregularity,4,LOW,2025-07-13,2025-07-15,2025-09-06,1.3,4,LOW,Scheduled,53,Low
ENG0838,AST0008,SEC008,Rail Inspection,Surface defect,3,MEDIUM,2025-03-16,2025-03-17,2025-04-04,9.9,6,MEDIUM,Scheduled,18,Normal
ENG0839,AST0103,SEC028,Turnout Maintenance,Check rail gap,1,CRITICAL,2025-06-06,2025-06-07,2025-06-12,5.8,4,HIGH,Completed,5,Urgent
ENG0840,AST0234,SEC009,Welding,Misaligned weld,2,HIGH,2025-09-02,2025-09-02,2025-09-15,11.9,8,HIGH,Completed,13,Normal
ENG0841,AST0377,SEC002,Rail Inspection,Surface defect,1,CRITICAL,2025-03-28,2025-03-31,2025-04-03,6.2,13,HIGH,Pending,3,Urgent
ENG0842,AST0313,SEC013,Sleeper Replacement,Broken concrete sleeper,2,HIGH,2025-04-21,2025-04-23,2025-05-04,10.2,7,HIGH,Completed,11,Normal
ENG0843,AST0304,SEC004,Track Geometry Correction,Gauge irregularity,2,HIGH,2025-11-21,2025-11-22,2025-11-30,9.6,2,HIGH,Scheduled,8,Normal
ENG0844,AST0120,SEC045,Track Alignment,Lateral misalignment,3,MEDIUM,2025-09-19,2025-09-21,2025-10-05,5.8,12,MEDIUM,In Progress,14,Normal
ENG0845,AST0072,SEC072,Rail Inspection,Corrugation,1,CRITICAL,2025-02-23,2025-02-25,2025-03-03,3.1,13,HIGH,Pending,6,Urgent
ENG0846,AST0183,SEC033,Ballast Maintenance,Fouled ballast,4,LOW,2025-01-07,2025-01-08,2025-03-03,11.1,8,LOW,Completed,54,Low
ENG0847,AST0241,SEC016,Welding,Thermit weld defect,5,LOW,2025-07-10,2025-07-12,2025-08-25,11.9,7,LOW,Completed,44,Low
ENG0848,AST0330,SEC030,Rail Replacement,Rail end batter,5,LOW,2025-02-21,2025-02-24,2025-04-15,10.3,13,LOW,Completed,50,Low
ENG0849,AST0023,SEC023,Turnout Maintenance,Crossing nose defect,2,HIGH,2025-11-14,2025-11-17,2025-12-01,11.5,6,HIGH,In Progress,14,Normal
ENG0850,AST0227,SEC002,Turnout Maintenance,Point mechanism fault,1,CRITICAL,2025-02-26,2025-02-27,2025-03-05,4.4,15,HIGH,Pending,6,Urgent
ENG0851,AST0193,SEC043,Rail Replacement,Rail end batter,5,LOW,2025-07-10,2025-07-10,2025-08-29,2.1,9,LOW,Scheduled,50,Low
ENG0852,AST0284,SEC059,Welding,Weld crack,1,CRITICAL,2025-04-21,2025-04-21,2025-04-24,11.8,9,HIGH,Pending,3,Urgent
ENG0853,AST0174,SEC024,Turnout Maintenance,Switch tongue wear,4,LOW,2025-02-02,2025-02-02,2025-03-22,1.1,12,LOW,In Progress,48,Low
ENG0854,AST0261,SEC036,Ballast Maintenance,Drainage blockage,4,LOW,2025-05-14,2025-05-15,2025-07-14,9.5,3,LOW,Completed,60,Low
ENG0855,AST0393,SEC018,Rail Inspection,Rail crack,3,MEDIUM,2025-07-02,2025-07-02,2025-07-19,1.6,15,MEDIUM,Scheduled,17,Normal
ENG0856,AST0197,SEC047,Welding,Thermit weld defect,5,LOW,2025-11-06,2025-11-09,2026-01-19,8.3,15,LOW,Completed,71,Low
ENG0857,AST0268,SEC043,Turnout Maintenance,Crossing nose defect,5,LOW,2025-10-16,2025-10-19,2025-12-07,9.2,14,LOW,Completed,49,Low
ENG0858,AST0253,SEC028,Track Geometry Correction,Cross-level error,3,MEDIUM,2025-09-16,2025-09-18,2025-10-06,9.6,7,MEDIUM,Completed,18,Normal
ENG0859,AST0202,SEC052,Rail Inspection,Gauge deviation,4,LOW,2025-04-11,2025-04-11,2025-06-02,11.4,12,LOW,Pending,52,Low
ENG0860,AST0054,SEC054,Ballast Maintenance,Insufficient ballast,5,LOW,2025-08-11,2025-08-12,2025-09-25,2.6,15,LOW,In Progress,44,Low
ENG0861,AST0203,SEC053,Sleeper Replacement,Decayed wooden sleeper,1,CRITICAL,2025-08-09,2025-08-12,2025-08-16,4.8,13,HIGH,Completed,4,Urgent
ENG0862,AST0318,SEC018,Track Alignment,Vertical misalignment,4,LOW,2025-12-11,2025-12-13,2026-01-18,3.9,6,LOW,Scheduled,36,Low
ENG0863,AST0255,SEC030,Rail Inspection,Corrugation,3,MEDIUM,2025-09-16,2025-09-19,2025-10-19,8.0,4,MEDIUM,Pending,30,Normal
ENG0864,AST0255,SEC030,Sleeper Replacement,Cracked sleeper,2,HIGH,2025-10-16,2025-10-16,2025-10-28,10.3,8,HIGH,Pending,12,Normal
ENG0865,AST0307,SEC007,Sleeper Replacement,Broken concrete sleeper,4,LOW,2025-05-06,2025-05-06,2025-06-01,5.5,5,LOW,Cancelled,26,Normal
ENG0866,AST0372,SEC072,Sleeper Replacement,Missing sleeper,2,HIGH,2025-07-02,2025-07-02,2025-07-13,4.6,8,HIGH,Cancelled,11,Normal
ENG0867,AST0327,SEC027,Track Geometry Correction,Cross-level error,5,LOW,2025-08-05,2025-08-06,2025-10-13,6.6,5,LOW,Scheduled,68,Low
ENG0868,AST0261,SEC036,Track Alignment,Buckling risk,4,LOW,2025-07-24,2025-07-25,2025-09-07,5.7,12,LOW,Completed,44,Low
ENG0869,AST0361,SEC061,Track Alignment,Lateral misalignment,4,LOW,2025-11-02,2025-11-04,2025-12-02,4.3,4,LOW,Completed,28,Normal
ENG0870,AST0350,SEC050,Rail Inspection,Worn rail head,2,HIGH,2025-02-19,2025-02-19,2025-03-04,2.5,14,HIGH,Completed,13,Normal
ENG0871,AST0275,SEC050,Sleeper Replacement,Decayed wooden sleeper,4,LOW,2025-08-21,2025-08-23,2025-09-20,2.3,5,LOW,Scheduled,28,Normal
ENG0872,AST0193,SEC043,Track Alignment,Lateral misalignment,2,HIGH,2025-12-13,2025-12-14,2025-12-27,11.3,8,HIGH,Completed,13,Normal
ENG0873,AST0041,SEC041,Rail Replacement,Severely worn rail,3,MEDIUM,2025-01-06,2025-01-09,2025-01-25,4.5,6,MEDIUM,Scheduled,16,Normal
ENG0874,AST0047,SEC047,Turnout Maintenance,Point mechanism fault,4,LOW,2025-08-28,2025-08-30,2025-10-06,3.9,8,LOW,Completed,37,Low
ENG0875,AST0238,SEC013,Track Alignment,Cant deficiency,1,CRITICAL,2025-06-02,2025-06-03,2025-06-09,9.5,10,HIGH,Pending,6,Urgent
ENG0876,AST0387,SEC012,Sleeper Replacement,Decayed wooden sleeper,3,MEDIUM,2025-06-19,2025-06-21,2025-07-06,4.4,4,MEDIUM,Pending,15,Normal
ENG0877,AST0235,SEC010,Welding,Weld depression,3,MEDIUM,2025-09-15,2025-09-17,2025-10-01,11.0,11,MEDIUM,Pending,14,Normal
ENG0878,AST0047,SEC047,Track Geometry Correction,Alignment defect,4,LOW,2025-07-01,2025-07-01,2025-08-03,4.9,3,LOW,Pending,33,Low
ENG0879,AST0093,SEC018,Track Geometry Correction,Twist fault,4,LOW,2025-01-31,2025-01-31,2025-03-14,11.6,9,LOW,Scheduled,42,Low
ENG0880,AST0233,SEC008,Sleeper Replacement,Missing sleeper,3,MEDIUM,2025-05-05,2025-05-07,2025-06-06,9.6,14,MEDIUM,Completed,30,Normal
ENG0881,AST0350,SEC050,Track Alignment,Lateral misalignment,2,HIGH,2025-06-05,2025-06-08,2025-06-19,2.0,6,HIGH,Cancelled,11,Normal
ENG0882,AST0097,SEC022,Turnout Maintenance,Switch tongue wear,3,MEDIUM,2025-09-20,2025-09-23,2025-10-10,3.5,14,MEDIUM,Completed,17,Normal
ENG0883,AST0255,SEC030,Ballast Maintenance,Drainage blockage,4,LOW,2025-08-19,2025-08-19,2025-09-24,10.9,2,LOW,Scheduled,36,Low
ENG0884,AST0120,SEC045,Rail Replacement,End-post fracture,2,HIGH,2025-07-21,2025-07-23,2025-08-02,9.4,8,HIGH,Scheduled,10,Normal
ENG0885,AST0051,SEC051,Track Geometry Correction,Cross-level error,3,MEDIUM,2025-04-12,2025-04-14,2025-05-02,7.3,5,MEDIUM,Cancelled,18,Normal
ENG0886,AST0173,SEC023,Turnout Maintenance,Point mechanism fault,3,MEDIUM,2025-06-25,2025-06-27,2025-07-16,11.7,6,MEDIUM,Completed,19,Normal
ENG0887,AST0076,SEC001,Rail Inspection,Corrugation,3,MEDIUM,2025-03-04,2025-03-07,2025-03-31,10.8,10,MEDIUM,Pending,24,Normal
ENG0888,AST0172,SEC022,Rail Replacement,End-post fracture,4,LOW,2025-04-29,2025-05-01,2025-06-01,10.8,5,LOW,Pending,31,Low
ENG0889,AST0163,SEC013,Rail Inspection,Rail crack,3,MEDIUM,2025-04-07,2025-04-10,2025-04-24,9.0,15,MEDIUM,Completed,14,Normal
ENG0890,AST0030,SEC030,Turnout Maintenance,Crossing nose defect,3,MEDIUM,2025-04-25,2025-04-28,2025-05-25,6.5,9,MEDIUM,Completed,27,Normal
ENG0891,AST0248,SEC023,Ballast Maintenance,Drainage blockage,3,MEDIUM,2025-10-07,2025-10-09,2025-11-08,10.8,13,MEDIUM,Scheduled,30,Normal
ENG0892,AST0045,SEC045,Rail Replacement,Severely worn rail,3,MEDIUM,2025-08-31,2025-09-02,2025-09-22,2.9,7,MEDIUM,Scheduled,20,Normal
ENG0893,AST0281,SEC056,Ballast Maintenance,Vegetation growth,1,CRITICAL,2025-11-06,2025-11-07,2025-11-13,1.6,13,HIGH,Completed,6,Urgent
ENG0894,AST0110,SEC035,Ballast Maintenance,Vegetation growth,3,MEDIUM,2025-09-14,2025-09-17,2025-10-03,9.8,9,MEDIUM,Scheduled,16,Normal
ENG0895,AST0076,SEC001,Track Alignment,Vertical misalignment,4,LOW,2025-02-20,2025-02-23,2025-04-06,2.0,5,LOW,Pending,42,Low
ENG0896,AST0238,SEC013,Rail Replacement,Broken rail,1,CRITICAL,2025-06-17,2025-06-19,2025-06-22,4.2,8,HIGH,Pending,3,Urgent
ENG0897,AST0300,SEC075,Rail Replacement,End-post fracture,4,LOW,2025-04-17,2025-04-20,2025-05-23,2.0,5,LOW,Pending,33,Low
ENG0898,AST0186,SEC036,Track Alignment,Vertical misalignment,4,LOW,2025-04-02,2025-04-05,2025-05-20,7.7,9,LOW,Completed,45,Low
ENG0899,AST0045,SEC045,Sleeper Replacement,Cracked sleeper,4,LOW,2025-07-28,2025-07-29,2025-08-29,3.9,11,LOW,In Progress,31,Low
ENG0900,AST0253,SEC028,Ballast Maintenance,Insufficient ballast,3,MEDIUM,2025-07-17,2025-07-17,2025-08-07,6.4,14,MEDIUM,Pending,21,Normal
ENG0901,AST0384,SEC009,Track Geometry Correction,Alignment defect,3,MEDIUM,2025-07-05,2025-07-08,2025-08-06,3.4,11,MEDIUM,Completed,29,Normal
ENG0902,AST0191,SEC041,Track Geometry Correction,Gauge irregularity,3,MEDIUM,2025-05-27,2025-05-28,2025-06-13,9.0,8,MEDIUM,Completed,16,Normal
ENG0903,AST0385,SEC010,Rail Inspection,Surface defect,3,MEDIUM,2025-10-11,2025-10-13,2025-11-05,6.7,13,MEDIUM,Pending,23,Normal
ENG0904,AST0288,SEC063,Turnout Maintenance,Switch tongue wear,3,MEDIUM,2025-03-02,2025-03-03,2025-03-23,5.6,15,MEDIUM,Completed,20,Normal
ENG0905,AST0187,SEC037,Rail Replacement,Severely worn rail,4,LOW,2025-05-04,2025-05-05,2025-06-15,7.2,13,LOW,Completed,41,Low
ENG0906,AST0091,SEC016,Track Geometry Correction,Alignment defect,3,MEDIUM,2025-09-26,2025-09-26,2025-10-12,7.6,6,MEDIUM,Completed,16,Normal
ENG0907,AST0372,SEC072,Ballast Maintenance,Drainage blockage,4,LOW,2025-05-07,2025-05-08,2025-06-12,2.2,14,LOW,Completed,35,Low
ENG0908,AST0116,SEC041,Welding,Weld crack,1,CRITICAL,2025-11-02,2025-11-02,2025-11-05,7.9,6,HIGH,Cancelled,3,Urgent
ENG0909,AST0063,SEC063,Ballast Maintenance,Fouled ballast,4,LOW,2025-08-29,2025-09-01,2025-09-28,9.4,11,LOW,Completed,27,Normal
ENG0910,AST0099,SEC024,Sleeper Replacement,Missing sleeper,5,LOW,2025-02-05,2025-02-06,2025-04-13,6.2,3,LOW,Scheduled,66,Low
ENG0911,AST0266,SEC041,Sleeper Replacement,Decayed wooden sleeper,4,LOW,2025-03-01,2025-03-03,2025-04-10,8.8,13,LOW,Pending,38,Low
ENG0912,AST0170,SEC020,Sleeper Replacement,Broken concrete sleeper,3,MEDIUM,2025-11-16,2025-11-19,2025-12-11,11.4,10,MEDIUM,Scheduled,22,Normal
ENG0913,AST0170,SEC020,Turnout Maintenance,Crossing nose defect,5,LOW,2025-11-07,2025-11-08,2025-12-31,8.1,9,LOW,Pending,53,Low
ENG0914,AST0143,SEC068,Rail Inspection,Surface defect,1,CRITICAL,2025-04-19,2025-04-20,2025-04-27,6.7,8,HIGH,Completed,7,Urgent
ENG0915,AST0084,SEC009,Ballast Maintenance,Insufficient ballast,1,CRITICAL,2025-07-31,2025-08-02,2025-08-07,1.7,8,HIGH,Completed,5,Urgent
ENG0916,AST0380,SEC005,Track Geometry Correction,Alignment defect,4,LOW,2025-01-22,2025-01-24,2025-03-14,6.3,2,LOW,Completed,49,Low
ENG0917,AST0077,SEC002,Ballast Maintenance,Vegetation growth,4,LOW,2025-02-19,2025-02-20,2025-04-04,6.0,14,LOW,Scheduled,43,Low
ENG0918,AST0175,SEC025,Rail Replacement,Severely worn rail,3,MEDIUM,2025-03-29,2025-03-29,2025-04-12,10.9,2,MEDIUM,Completed,14,Normal
ENG0919,AST0083,SEC008,Rail Inspection,Worn rail head,5,LOW,2025-11-20,2025-11-22,2026-01-03,6.0,9,LOW,Completed,42,Low
ENG0920,AST0068,SEC068,Rail Replacement,Rail end batter,4,LOW,2025-07-10,2025-07-10,2025-09-04,4.2,10,LOW,Completed,56,Low
ENG0921,AST0148,SEC073,Track Alignment,Cant deficiency,1,CRITICAL,2025-10-22,2025-10-25,2025-10-31,3.6,4,HIGH,Completed,6,Urgent
ENG0922,AST0079,SEC004,Turnout Maintenance,Crossing nose defect,4,LOW,2025-10-28,2025-10-28,2025-12-07,4.7,14,LOW,Pending,40,Low
ENG0923,AST0322,SEC022,Rail Inspection,Rail crack,3,MEDIUM,2025-06-19,2025-06-19,2025-07-15,10.9,3,MEDIUM,Cancelled,26,Normal
ENG0924,AST0227,SEC002,Sleeper Replacement,Decayed wooden sleeper,4,LOW,2025-05-20,2025-05-23,2025-07-21,7.0,2,LOW,Completed,59,Low
ENG0925,AST0107,SEC032,Welding,Misaligned weld,3,MEDIUM,2025-03-29,2025-03-29,2025-04-24,5.1,9,MEDIUM,Cancelled,26,Normal
ENG0926,AST0328,SEC028,Rail Replacement,Broken rail,4,LOW,2025-08-10,2025-08-10,2025-09-26,4.2,5,LOW,Cancelled,47,Low
ENG0927,AST0043,SEC043,Track Alignment,Cant deficiency,4,LOW,2025-11-06,2025-11-09,2026-01-06,8.0,2,LOW,Completed,58,Low
ENG0928,AST0083,SEC008,Welding,Weld depression,1,CRITICAL,2025-06-12,2025-06-14,2025-06-18,7.6,15,HIGH,Pending,4,Urgent
ENG0929,AST0107,SEC032,Rail Replacement,Broken rail,3,MEDIUM,2025-06-10,2025-06-10,2025-07-09,2.4,12,MEDIUM,In Progress,29,Normal
ENG0930,AST0285,SEC060,Sleeper Replacement,Missing sleeper,4,LOW,2025-05-15,2025-05-18,2025-07-08,11.0,7,LOW,Cancelled,51,Low
ENG0931,AST0089,SEC014,Ballast Maintenance,Fouled ballast,5,LOW,2025-05-18,2025-05-21,2025-07-13,6.2,10,LOW,Pending,53,Low
ENG0932,AST0205,SEC055,Sleeper Replacement,Missing sleeper,2,HIGH,2024-12-31,2025-01-02,2025-01-11,5.0,3,HIGH,In Progress,9,Normal
ENG0933,AST0389,SEC014,Rail Inspection,Corrugation,1,CRITICAL,2025-06-10,2025-06-13,2025-06-17,8.1,15,HIGH,Pending,4,Urgent
ENG0934,AST0228,SEC003,Track Alignment,Cant deficiency,3,MEDIUM,2025-02-25,2025-02-25,2025-03-26,6.5,5,MEDIUM,Scheduled,29,Normal
ENG0935,AST0391,SEC016,Sleeper Replacement,Broken concrete sleeper,2,HIGH,2025-10-06,2025-10-07,2025-10-18,9.6,9,HIGH,Cancelled,11,Normal
ENG0936,AST0015,SEC015,Rail Inspection,Rail crack,4,LOW,2025-10-09,2025-10-10,2025-11-14,4.2,7,LOW,Pending,35,Low
ENG0937,AST0137,SEC062,Track Alignment,Buckling risk,4,LOW,2025-03-30,2025-03-30,2025-05-09,6.2,4,LOW,Scheduled,40,Low
ENG0938,AST0007,SEC007,Track Alignment,Cant deficiency,3,MEDIUM,2025-09-12,2025-09-12,2025-10-10,4.9,8,MEDIUM,In Progress,28,Normal
ENG0939,AST0268,SEC043,Track Alignment,Buckling risk,3,MEDIUM,2025-02-04,2025-02-05,2025-02-27,2.1,14,MEDIUM,Scheduled,22,Normal
ENG0940,AST0280,SEC055,Track Geometry Correction,Twist fault,2,HIGH,2025-02-22,2025-02-23,2025-03-04,7.7,9,HIGH,Scheduled,9,Normal
ENG0941,AST0171,SEC021,Rail Replacement,Severely worn rail,4,LOW,2025-07-05,2025-07-06,2025-08-28,7.7,4,LOW,Completed,53,Low
ENG0942,AST0160,SEC010,Ballast Maintenance,Insufficient ballast,2,HIGH,2025-04-26,2025-04-29,2025-05-13,3.9,4,HIGH,Completed,14,Normal
ENG0943,AST0212,SEC062,Rail Replacement,End-post fracture,4,LOW,2025-02-05,2025-02-08,2025-03-19,11.6,9,LOW,Pending,39,Low
ENG0944,AST0392,SEC017,Sleeper Replacement,Broken concrete sleeper,4,LOW,2025-05-10,2025-05-12,2025-07-09,1.3,5,LOW,Pending,58,Low
ENG0945,AST0018,SEC018,Ballast Maintenance,Drainage blockage,3,MEDIUM,2025-06-27,2025-06-30,2025-07-15,4.6,15,MEDIUM,Pending,15,Normal
ENG0946,AST0181,SEC031,Welding,Misaligned weld,4,LOW,2025-06-14,2025-06-15,2025-08-02,10.6,3,LOW,In Progress,48,Low
ENG0947,AST0042,SEC042,Welding,Weld depression,1,CRITICAL,2025-03-02,2025-03-03,2025-03-09,4.6,2,HIGH,Pending,6,Urgent
ENG0948,AST0143,SEC068,Sleeper Replacement,Decayed wooden sleeper,2,HIGH,2025-04-18,2025-04-18,2025-04-28,11.9,15,HIGH,Completed,10,Normal
ENG0949,AST0259,SEC034,Rail Replacement,End-post fracture,5,LOW,2025-06-21,2025-06-21,2025-08-11,7.2,10,LOW,Completed,51,Low
ENG0950,AST0267,SEC042,Track Alignment,Cant deficiency,3,MEDIUM,2025-09-12,2025-09-12,2025-10-05,4.7,8,MEDIUM,Pending,23,Normal
ENG0951,AST0243,SEC018,Turnout Maintenance,Switch tongue wear,4,LOW,2025-10-08,2025-10-08,2025-11-09,10.4,13,LOW,Scheduled,32,Low
ENG0952,AST0270,SEC045,Sleeper Replacement,Decayed wooden sleeper,1,CRITICAL,2025-11-26,2025-11-29,2025-12-02,7.7,11,HIGH,Pending,3,Urgent
ENG0953,AST0065,SEC065,Turnout Maintenance,Switch tongue wear,3,MEDIUM,2025-12-16,2025-12-16,2025-12-30,6.0,12,MEDIUM,Scheduled,14,Normal
ENG0954,AST0155,SEC005,Welding,Misaligned weld,5,LOW,2025-09-08,2025-09-10,2025-10-20,9.1,11,LOW,Scheduled,40,Low
ENG0955,AST0396,SEC021,Turnout Maintenance,Point mechanism fault,3,MEDIUM,2025-10-14,2025-10-17,2025-11-02,8.9,10,MEDIUM,Scheduled,16,Normal
ENG0956,AST0141,SEC066,Track Geometry Correction,Twist fault,2,HIGH,2025-07-18,2025-07-21,2025-08-02,10.0,14,HIGH,Completed,12,Normal
ENG0957,AST0370,SEC070,Rail Inspection,Corrugation,5,LOW,2025-01-03,2025-01-03,2025-03-11,2.8,3,LOW,In Progress,67,Low
ENG0958,AST0112,SEC037,Welding,Misaligned weld,4,LOW,2025-08-13,2025-08-14,2025-10-01,7.7,11,LOW,Pending,48,Low
ENG0959,AST0071,SEC071,Welding,Thermit weld defect,1,CRITICAL,2025-04-06,2025-04-09,2025-04-15,11.0,4,HIGH,In Progress,6,Urgent
ENG0960,AST0394,SEC019,Ballast Maintenance,Drainage blockage,4,LOW,2025-01-20,2025-01-20,2025-02-24,7.3,13,LOW,Completed,35,Low
ENG0961,AST0255,SEC030,Welding,Misaligned weld,5,LOW,2025-03-08,2025-03-11,2025-04-30,4.8,9,LOW,Cancelled,50,Low
ENG0962,AST0084,SEC009,Welding,Weld depression,3,MEDIUM,2025-02-21,2025-02-24,2025-03-21,8.8,9,MEDIUM,Scheduled,25,Normal
ENG0963,AST0017,SEC017,Sleeper Replacement,Broken concrete sleeper,3,MEDIUM,2025-10-08,2025-10-08,2025-10-24,11.5,15,MEDIUM,Completed,16,Normal
ENG0964,AST0048,SEC048,Track Alignment,Cant deficiency,3,MEDIUM,2025-07-16,2025-07-16,2025-08-04,7.4,11,MEDIUM,Completed,19,Normal
ENG0965,AST0156,SEC006,Welding,Weld depression,5,LOW,2025-07-17,2025-07-17,2025-09-06,10.2,14,LOW,Pending,51,Low
ENG0966,AST0350,SEC050,Turnout Maintenance,Switch tongue wear,3,MEDIUM,2025-06-18,2025-06-21,2025-07-18,1.9,7,MEDIUM,Pending,27,Normal
ENG0967,AST0210,SEC060,Track Geometry Correction,Twist fault,3,MEDIUM,2025-06-24,2025-06-25,2025-07-25,7.7,2,MEDIUM,Pending,30,Normal
ENG0968,AST0168,SEC018,Track Geometry Correction,Alignment defect,3,MEDIUM,2025-03-11,2025-03-14,2025-04-02,3.8,3,MEDIUM,Completed,19,Normal
ENG0969,AST0188,SEC038,Track Alignment,Buckling risk,1,CRITICAL,2025-03-21,2025-03-23,2025-03-28,1.1,6,HIGH,In Progress,5,Urgent
ENG0970,AST0070,SEC070,Welding,Thermit weld defect,2,HIGH,2025-05-05,2025-05-08,2025-05-19,2.1,8,HIGH,Pending,11,Normal
ENG0971,AST0213,SEC063,Rail Inspection,Gauge deviation,4,LOW,2025-08-04,2025-08-04,2025-09-01,10.6,5,LOW,Scheduled,28,Normal
ENG0972,AST0217,SEC067,Track Alignment,Buckling risk,3,MEDIUM,2025-04-16,2025-04-16,2025-05-01,4.8,2,MEDIUM,Pending,15,Normal
ENG0973,AST0277,SEC052,Turnout Maintenance,Switch tongue wear,5,LOW,2025-10-13,2025-10-16,2026-01-03,2.2,10,LOW,Pending,79,Low
ENG0974,AST0004,SEC004,Rail Replacement,Rail end batter,3,MEDIUM,2025-05-29,2025-06-01,2025-06-26,1.3,12,MEDIUM,Completed,25,Normal
ENG0975,AST0120,SEC045,Sleeper Replacement,Cracked sleeper,3,MEDIUM,2025-08-30,2025-09-02,2025-09-24,2.2,13,MEDIUM,In Progress,22,Normal
ENG0976,AST0357,SEC057,Sleeper Replacement,Cracked sleeper,3,MEDIUM,2025-07-28,2025-07-31,2025-08-30,3.8,13,MEDIUM,In Progress,30,Normal
ENG0977,AST0392,SEC017,Rail Inspection,Corrugation,2,HIGH,2025-02-26,2025-03-01,2025-03-10,8.0,7,HIGH,Completed,9,Normal
ENG0978,AST0337,SEC037,Track Geometry Correction,Gauge irregularity,2,HIGH,2025-12-18,2025-12-20,2026-01-03,2.8,11,HIGH,Pending,14,Normal
ENG0979,AST0208,SEC058,Welding,Weld crack,4,LOW,2025-09-24,2025-09-26,2025-11-13,4.6,13,LOW,Completed,48,Low
ENG0980,AST0372,SEC072,Ballast Maintenance,Insufficient ballast,4,LOW,2025-01-11,2025-01-13,2025-02-25,9.9,15,LOW,Completed,43,Low
ENG0981,AST0247,SEC022,Rail Inspection,Surface defect,5,LOW,2025-08-19,2025-08-19,2025-10-25,11.8,10,LOW,In Progress,67,Low
ENG0982,AST0081,SEC006,Turnout Maintenance,Point mechanism fault,4,LOW,2025-07-16,2025-07-18,2025-08-30,1.3,3,LOW,Completed,43,Low
ENG0983,AST0213,SEC063,Sleeper Replacement,Missing sleeper,4,LOW,2025-01-28,2025-01-29,2025-03-22,3.2,13,LOW,Cancelled,52,Low
ENG0984,AST0321,SEC021,Ballast Maintenance,Insufficient ballast,3,MEDIUM,2025-08-20,2025-08-20,2025-09-07,9.8,12,MEDIUM,Cancelled,18,Normal
ENG0985,AST0347,SEC047,Welding,Thermit weld defect,3,MEDIUM,2025-04-06,2025-04-07,2025-05-06,2.0,6,MEDIUM,Scheduled,29,Normal
ENG0986,AST0295,SEC070,Rail Inspection,Rail crack,4,LOW,2025-05-18,2025-05-19,2025-06-30,6.4,8,LOW,Completed,42,Low
ENG0987,AST0008,SEC008,Track Alignment,Lateral misalignment,1,CRITICAL,2025-04-24,2025-04-25,2025-05-02,7.6,15,HIGH,In Progress,7,Urgent
ENG0988,AST0343,SEC043,Track Geometry Correction,Cross-level error,4,LOW,2025-12-17,2025-12-17,2026-01-11,7.1,6,LOW,Pending,25,Normal
ENG0989,AST0086,SEC011,Welding,Weld crack,3,MEDIUM,2025-01-04,2025-01-07,2025-01-22,8.0,7,MEDIUM,Completed,15,Normal
ENG0990,AST0073,SEC073,Turnout Maintenance,Point mechanism fault,3,MEDIUM,2025-06-11,2025-06-13,2025-07-04,6.2,8,MEDIUM,Scheduled,21,Normal
ENG0991,AST0362,SEC062,Welding,Misaligned weld,4,LOW,2025-03-25,2025-03-25,2025-05-05,6.8,9,LOW,Cancelled,41,Low
ENG0992,AST0224,SEC074,Track Alignment,Cant deficiency,2,HIGH,2025-05-07,2025-05-08,2025-05-15,3.2,13,HIGH,In Progress,7,Urgent
ENG0993,AST0394,SEC019,Ballast Maintenance,Fouled ballast,4,LOW,2025-08-04,2025-08-04,2025-09-05,3.6,8,LOW,In Progress,32,Low
ENG0994,AST0060,SEC060,Track Geometry Correction,Alignment defect,3,MEDIUM,2025-11-08,2025-11-10,2025-11-30,7.1,6,MEDIUM,Completed,20,Normal
ENG0995,AST0009,SEC009,Track Geometry Correction,Twist fault,4,LOW,2025-07-18,2025-07-18,2025-08-18,10.7,7,LOW,Pending,31,Low
ENG0996,AST0363,SEC063,Turnout Maintenance,Crossing nose defect,3,MEDIUM,2025-11-09,2025-11-12,2025-12-06,7.2,2,MEDIUM,Pending,24,Normal
ENG0997,AST0364,SEC064,Welding,Misaligned weld,3,MEDIUM,2025-03-28,2025-03-29,2025-04-27,11.3,8,MEDIUM,Pending,29,Normal
ENG0998,AST0030,SEC030,Track Geometry Correction,Gauge irregularity,1,CRITICAL,2025-05-17,2025-05-20,2025-05-26,10.3,14,HIGH,Scheduled,6,Urgent
ENG0999,AST0140,SEC065,Welding,Weld depression,3,MEDIUM,2025-06-21,2025-06-22,2025-07-20,2.1,10,MEDIUM,In Progress,28,Normal
ENG1000,AST0393,SEC018,Track Geometry Correction,Twist fault,2,HIGH,2025-06-10,2025-06-12,2025-06-27,8.5,7,HIGH,Scheduled,15,Normal
ENG1001,AST0205,SEC055,Ballast Maintenance,Vegetation growth,2,HIGH,2025-09-16,2025-09-17,2025-09-25,1.6,7,HIGH,Cancelled,8,Normal
ENG1002,AST0297,SEC072,Sleeper Replacement,Cracked sleeper,4,LOW,2025-07-16,2025-07-16,2025-08-14,1.7,2,LOW,Pending,29,Normal
ENG1003,AST0271,SEC046,Track Geometry Correction,Cross-level error,3,MEDIUM,2025-09-11,2025-09-14,2025-10-09,9.8,8,MEDIUM,Cancelled,25,Normal
ENG1004,AST0263,SEC038,Rail Inspection,Rail crack,4,LOW,2025-10-29,2025-10-29,2025-12-14,8.6,13,LOW,Pending,46,Low
ENG1005,AST0062,SEC062,Rail Inspection,Rail crack,4,LOW,2025-08-16,2025-08-18,2025-10-15,3.8,4,LOW,Scheduled,58,Low
ENG1006,AST0295,SEC070,Track Alignment,Lateral misalignment,2,HIGH,2025-07-01,2025-07-04,2025-07-16,7.0,7,HIGH,In Progress,12,Normal
ENG1007,AST0323,SEC023,Track Geometry Correction,Gauge irregularity,2,HIGH,2025-06-20,2025-06-22,2025-07-03,1.6,3,HIGH,Completed,11,Normal
ENG1008,AST0236,SEC011,Rail Replacement,Broken rail,3,MEDIUM,2025-10-09,2025-10-11,2025-10-27,10.1,3,MEDIUM,In Progress,16,Normal
ENG1009,AST0049,SEC049,Track Alignment,Vertical misalignment,3,MEDIUM,2025-04-01,2025-04-02,2025-04-28,8.5,12,MEDIUM,Scheduled,26,Normal
ENG1010,AST0399,SEC024,Rail Replacement,Broken rail,3,MEDIUM,2025-06-08,2025-06-09,2025-06-26,7.5,15,MEDIUM,Pending,17,Normal
ENG1011,AST0218,SEC068,Ballast Maintenance,Vegetation growth,5,LOW,2025-07-16,2025-07-16,2025-09-04,4.6,12,LOW,In Progress,50,Low
ENG1012,AST0049,SEC049,Rail Inspection,Worn rail head,3,MEDIUM,2025-12-18,2025-12-18,2026-01-15,11.8,13,MEDIUM,Cancelled,28,Normal
ENG1013,AST0009,SEC009,Welding,Misaligned weld,4,LOW,2025-03-26,2025-03-26,2025-05-19,6.0,4,LOW,Completed,54,Low
ENG1014,AST0159,SEC009,Turnout Maintenance,Switch tongue wear,3,MEDIUM,2025-11-09,2025-11-10,2025-12-07,8.6,14,MEDIUM,In Progress,27,Normal
ENG1015,AST0311,SEC011,Sleeper Replacement,Broken concrete sleeper,4,LOW,2025-03-25,2025-03-26,2025-05-21,11.0,3,LOW,Cancelled,56,Low
ENG1016,AST0390,SEC015,Sleeper Replacement,Broken concrete sleeper,3,MEDIUM,2025-10-08,2025-10-11,2025-10-31,9.4,15,MEDIUM,Scheduled,20,Normal
ENG1017,AST0356,SEC056,Turnout Maintenance,Switch tongue wear,1,CRITICAL,2025-10-29,2025-10-29,2025-11-03,9.1,9,HIGH,Completed,5,Urgent
ENG1018,AST0090,SEC015,Sleeper Replacement,Cracked sleeper,3,MEDIUM,2025-06-05,2025-06-06,2025-06-21,6.5,15,MEDIUM,Pending,15,Normal
ENG1019,AST0259,SEC034,Welding,Weld depression,2,HIGH,2025-05-10,2025-05-11,2025-05-24,10.1,5,HIGH,Completed,13,Normal
ENG1020,AST0062,SEC062,Track Alignment,Cant deficiency,5,LOW,2025-07-16,2025-07-17,2025-10-14,9.5,12,LOW,Pending,89,Low
ENG1021,AST0071,SEC071,Track Geometry Correction,Twist fault,2,HIGH,2025-05-10,2025-05-13,2025-05-21,10.3,9,HIGH,Pending,8,Normal
ENG1022,AST0221,SEC071,Track Geometry Correction,Twist fault,2,HIGH,2025-02-07,2025-02-09,2025-02-17,1.4,10,HIGH,Completed,8,Normal
ENG1023,AST0212,SEC062,Track Geometry Correction,Alignment defect,2,HIGH,2025-09-10,2025-09-10,2025-09-17,11.7,14,HIGH,Completed,7,Urgent
ENG1024,AST0310,SEC010,Welding,Weld depression,1,CRITICAL,2025-04-15,2025-04-18,2025-04-25,11.4,6,HIGH,Scheduled,7,Urgent
ENG1025,AST0011,SEC011,Track Alignment,Lateral misalignment,1,CRITICAL,2025-06-15,2025-06-18,2025-06-21,10.3,11,HIGH,Pending,3,Urgent
ENG1026,AST0347,SEC047,Turnout Maintenance,Check rail gap,4,LOW,2025-05-24,2025-05-27,2025-06-28,7.7,14,LOW,Cancelled,32,Low
ENG1027,AST0258,SEC033,Rail Inspection,Rail crack,4,LOW,2025-11-23,2025-11-23,2026-01-22,4.5,7,LOW,Pending,60,Low
ENG1028,AST0007,SEC007,Sleeper Replacement,Broken concrete sleeper,4,LOW,2025-08-24,2025-08-27,2025-10-11,1.2,9,LOW,Completed,45,Low
ENG1029,AST0188,SEC038,Welding,Weld depression,3,MEDIUM,2025-04-24,2025-04-26,2025-05-20,7.7,4,MEDIUM,Scheduled,24,Normal
ENG1030,AST0171,SEC021,Track Geometry Correction,Cross-level error,4,LOW,2025-04-21,2025-04-22,2025-06-09,9.6,6,LOW,Scheduled,48,Low
ENG1031,AST0343,SEC043,Sleeper Replacement,Cracked sleeper,3,MEDIUM,2025-01-19,2025-01-20,2025-02-06,2.6,8,MEDIUM,Pending,17,Normal
ENG1032,AST0016,SEC016,Track Alignment,Buckling risk,1,CRITICAL,2025-10-16,2025-10-17,2025-10-22,2.9,9,HIGH,Completed,5,Urgent
ENG1033,AST0036,SEC036,Track Geometry Correction,Twist fault,4,LOW,2025-07-05,2025-07-07,2025-09-04,11.8,4,LOW,Cancelled,59,Low
ENG1034,AST0395,SEC020,Rail Replacement,End-post fracture,3,MEDIUM,2025-09-01,2025-09-02,2025-09-16,10.5,12,MEDIUM,Pending,14,Normal
ENG1035,AST0384,SEC009,Rail Inspection,Worn rail head,4,LOW,2025-04-22,2025-04-25,2025-05-29,1.8,4,LOW,Scheduled,34,Low
ENG1036,AST0349,SEC049,Track Geometry Correction,Twist fault,1,CRITICAL,2025-03-18,2025-03-20,2025-03-23,1.7,3,HIGH,Cancelled,3,Urgent
ENG1037,AST0149,SEC074,Welding,Thermit weld defect,1,CRITICAL,2025-06-04,2025-06-05,2025-06-10,10.4,7,HIGH,Completed,5,Urgent
ENG1038,AST0020,SEC020,Rail Replacement,End-post fracture,4,LOW,2025-10-20,2025-10-23,2025-12-16,6.9,11,LOW,Completed,54,Low
ENG1039,AST0337,SEC037,Sleeper Replacement,Decayed wooden sleeper,2,HIGH,2025-11-21,2025-11-24,2025-12-04,8.0,12,HIGH,Pending,10,Normal
ENG1040,AST0062,SEC062,Track Alignment,Cant deficiency,4,LOW,2025-02-22,2025-02-24,2025-04-15,6.8,14,LOW,Pending,50,Low
ENG1041,AST0180,SEC030,Sleeper Replacement,Missing sleeper,2,HIGH,2025-09-18,2025-09-21,2025-10-04,9.9,4,HIGH,Pending,13,Normal
ENG1042,AST0362,SEC062,Track Geometry Correction,Gauge irregularity,3,MEDIUM,2025-06-20,2025-06-21,2025-07-18,6.2,3,MEDIUM,Pending,27,Normal
ENG1043,AST0391,SEC016,Turnout Maintenance,Point mechanism fault,3,MEDIUM,2025-09-06,2025-09-08,2025-10-05,5.9,3,MEDIUM,Scheduled,27,Normal
ENG1044,AST0064,SEC064,Turnout Maintenance,Crossing nose defect,5,LOW,2025-03-09,2025-03-10,2025-04-19,4.3,7,LOW,In Progress,40,Low
ENG1045,AST0047,SEC047,Track Alignment,Cant deficiency,3,MEDIUM,2025-01-30,2025-01-30,2025-03-01,7.6,9,MEDIUM,Scheduled,30,Normal
ENG1046,AST0126,SEC051,Rail Replacement,Severely worn rail,3,MEDIUM,2025-01-10,2025-01-13,2025-01-31,3.9,10,MEDIUM,Completed,18,Normal
ENG1047,AST0076,SEC001,Track Geometry Correction,Gauge irregularity,5,LOW,2025-10-05,2025-10-06,2025-12-06,10.1,4,LOW,Cancelled,61,Low
ENG1048,AST0332,SEC032,Welding,Thermit weld defect,3,MEDIUM,2025-10-26,2025-10-26,2025-11-17,8.7,6,MEDIUM,Completed,22,Normal
ENG1049,AST0147,SEC072,Sleeper Replacement,Broken concrete sleeper,2,HIGH,2025-06-20,2025-06-22,2025-06-29,5.9,13,HIGH,Pending,7,Urgent
ENG1050,AST0029,SEC029,Ballast Maintenance,Fouled ballast,1,CRITICAL,2025-07-17,2025-07-18,2025-07-22,3.0,11,HIGH,Completed,4,Urgent
ENG1051,AST0261,SEC036,Track Alignment,Lateral misalignment,3,MEDIUM,2025-06-10,2025-06-10,2025-07-05,11.4,9,MEDIUM,Completed,25,Normal
ENG1052,AST0313,SEC013,Track Alignment,Buckling risk,4,LOW,2025-01-27,2025-01-29,2025-03-03,1.4,2,LOW,Scheduled,33,Low
ENG1053,AST0042,SEC042,Track Alignment,Buckling risk,3,MEDIUM,2025-07-11,2025-07-13,2025-08-04,9.8,12,MEDIUM,Scheduled,22,Normal
ENG1054,AST0383,SEC008,Rail Replacement,Severely worn rail,2,HIGH,2025-02-26,2025-02-28,2025-03-08,8.8,9,HIGH,In Progress,8,Normal
ENG1055,AST0102,SEC027,Sleeper Replacement,Missing sleeper,1,CRITICAL,2025-07-22,2025-07-25,2025-07-28,12.0,7,HIGH,Scheduled,3,Urgent
ENG1056,AST0068,SEC068,Sleeper Replacement,Cracked sleeper,3,MEDIUM,2025-12-21,2025-12-21,2026-01-13,6.8,6,MEDIUM,Completed,23,Normal
ENG1057,AST0007,SEC007,Rail Replacement,Severely worn rail,3,MEDIUM,2025-05-06,2025-05-09,2025-06-08,6.3,7,MEDIUM,In Progress,30,Normal
ENG1058,AST0046,SEC046,Track Geometry Correction,Alignment defect,1,CRITICAL,2025-09-11,2025-09-13,2025-09-17,8.5,15,HIGH,Cancelled,4,Urgent
ENG1059,AST0229,SEC004,Rail Replacement,End-post fracture,5,LOW,2025-02-22,2025-02-22,2025-05-14,1.3,11,LOW,Pending,81,Low
ENG1060,AST0233,SEC008,Track Alignment,Vertical misalignment,3,MEDIUM,2025-02-09,2025-02-10,2025-03-09,9.7,12,MEDIUM,Completed,27,Normal
ENG1061,AST0374,SEC074,Welding,Misaligned weld,5,LOW,2025-06-20,2025-06-21,2025-08-29,5.5,13,LOW,Scheduled,69,Low
ENG1062,AST0062,SEC062,Track Geometry Correction,Cross-level error,5,LOW,2025-08-27,2025-08-28,2025-10-17,8.6,10,LOW,In Progress,50,Low
ENG1063,AST0013,SEC013,Rail Inspection,Corrugation,2,HIGH,2025-08-14,2025-08-16,2025-08-28,7.4,6,HIGH,Scheduled,12,Normal
ENG1064,AST0249,SEC024,Track Geometry Correction,Gauge irregularity,3,MEDIUM,2025-08-25,2025-08-25,2025-09-18,6.4,14,MEDIUM,In Progress,24,Normal
ENG1065,AST0232,SEC007,Rail Inspection,Worn rail head,3,MEDIUM,2025-10-23,2025-10-25,2025-11-16,5.0,6,MEDIUM,Pending,22,Normal
ENG1066,AST0319,SEC019,Rail Inspection,Worn rail head,3,MEDIUM,2025-05-28,2025-05-28,2025-06-14,5.8,6,MEDIUM,Pending,17,Normal
ENG1067,AST0400,SEC025,Ballast Maintenance,Insufficient ballast,2,HIGH,2025-10-20,2025-10-22,2025-11-02,10.8,5,HIGH,Pending,11,Normal
ENG1068,AST0134,SEC059,Track Geometry Correction,Gauge irregularity,1,CRITICAL,2025-11-07,2025-11-10,2025-11-13,4.9,10,HIGH,In Progress,3,Urgent
ENG1069,AST0183,SEC033,Rail Replacement,Broken rail,1,CRITICAL,2025-01-21,2025-01-24,2025-01-27,9.0,12,HIGH,Completed,3,Urgent
ENG1070,AST0237,SEC012,Rail Inspection,Surface defect,3,MEDIUM,2025-04-14,2025-04-16,2025-04-30,8.7,9,MEDIUM,Completed,14,Normal
ENG1071,AST0155,SEC005,Track Geometry Correction,Alignment defect,3,MEDIUM,2025-07-04,2025-07-06,2025-07-24,4.7,15,MEDIUM,Pending,18,Normal
ENG1072,AST0260,SEC035,Track Geometry Correction,Cross-level error,1,CRITICAL,2025-04-06,2025-04-09,2025-04-16,8.7,14,HIGH,Completed,7,Urgent
ENG1073,AST0262,SEC037,Track Alignment,Cant deficiency,1,CRITICAL,2025-05-02,2025-05-04,2025-05-08,11.4,7,HIGH,Completed,4,Urgent
ENG1074,AST0109,SEC034,Track Alignment,Buckling risk,3,MEDIUM,2025-08-14,2025-08-17,2025-09-16,8.2,9,MEDIUM,Pending,30,Normal
ENG1075,AST0275,SEC050,Turnout Maintenance,Point mechanism fault,4,LOW,2025-05-04,2025-05-05,2025-06-21,1.3,6,LOW,Pending,47,Low
ENG1076,AST0271,SEC046,Rail Replacement,Rail end batter,4,LOW,2025-03-24,2025-03-24,2025-05-18,1.8,11,LOW,Pending,55,Low
ENG1077,AST0264,SEC039,Sleeper Replacement,Decayed wooden sleeper,3,MEDIUM,2025-03-12,2025-03-15,2025-04-06,3.5,12,MEDIUM,Pending,22,Normal
ENG1078,AST0376,SEC001,Sleeper Replacement,Cracked sleeper,3,MEDIUM,2024-12-30,2025-01-01,2025-01-20,10.0,6,MEDIUM,Completed,19,Normal
ENG1079,AST0231,SEC006,Track Alignment,Vertical misalignment,2,HIGH,2025-11-08,2025-11-09,2025-11-17,1.1,10,HIGH,Scheduled,8,Normal
ENG1080,AST0101,SEC026,Welding,Weld depression,2,HIGH,2025-05-10,2025-05-10,2025-05-25,3.3,5,HIGH,Completed,15,Normal
ENG1081,AST0256,SEC031,Track Geometry Correction,Cross-level error,2,HIGH,2025-04-02,2025-04-05,2025-04-15,7.8,9,HIGH,In Progress,10,Normal
ENG1082,AST0038,SEC038,Turnout Maintenance,Crossing nose defect,3,MEDIUM,2025-08-15,2025-08-16,2025-09-10,12.0,9,MEDIUM,In Progress,25,Normal
ENG1083,AST0241,SEC016,Ballast Maintenance,Fouled ballast,3,MEDIUM,2025-11-26,2025-11-27,2025-12-11,11.2,13,MEDIUM,Completed,14,Normal
ENG1084,AST0011,SEC011,Welding,Weld crack,2,HIGH,2025-07-26,2025-07-28,2025-08-07,4.6,8,HIGH,Completed,10,Normal
ENG1085,AST0099,SEC024,Welding,Misaligned weld,3,MEDIUM,2025-11-29,2025-11-29,2025-12-27,7.6,12,MEDIUM,Pending,28,Normal
ENG1086,AST0111,SEC036,Track Alignment,Vertical misalignment,1,CRITICAL,2025-08-03,2025-08-03,2025-08-10,4.3,2,HIGH,Pending,7,Urgent
ENG1087,AST0181,SEC031,Welding,Weld depression,4,LOW,2025-07-26,2025-07-28,2025-09-10,4.2,11,LOW,Completed,44,Low
ENG1088,AST0399,SEC024,Sleeper Replacement,Broken concrete sleeper,5,LOW,2025-01-10,2025-01-12,2025-03-31,6.1,9,LOW,Completed,78,Low
ENG1089,AST0012,SEC012,Track Geometry Correction,Alignment defect,3,MEDIUM,2025-03-15,2025-03-16,2025-04-05,4.4,8,MEDIUM,Completed,20,Normal
ENG1090,AST0285,SEC060,Ballast Maintenance,Insufficient ballast,4,LOW,2025-08-18,2025-08-19,2025-09-14,5.3,11,LOW,Cancelled,26,Normal
ENG1091,AST0386,SEC011,Turnout Maintenance,Point mechanism fault,1,CRITICAL,2025-02-22,2025-02-22,2025-02-25,8.1,13,HIGH,Cancelled,3,Urgent
ENG1092,AST0210,SEC060,Turnout Maintenance,Check rail gap,4,LOW,2025-01-18,2025-01-21,2025-03-04,4.8,5,LOW,Completed,42,Low
ENG1093,AST0356,SEC056,Rail Replacement,Rail end batter,2,HIGH,2025-12-10,2025-12-13,2025-12-23,11.9,4,HIGH,Scheduled,10,Normal
ENG1094,AST0205,SEC055,Rail Replacement,End-post fracture,4,LOW,2025-11-08,2025-11-08,2025-12-12,11.8,13,LOW,Pending,34,Low
ENG1095,AST0224,SEC074,Welding,Weld depression,3,MEDIUM,2025-06-04,2025-06-06,2025-07-02,2.8,3,MEDIUM,Scheduled,26,Normal
ENG1096,AST0338,SEC038,Rail Replacement,Rail end batter,3,MEDIUM,2025-09-06,2025-09-06,2025-10-01,8.0,8,MEDIUM,Scheduled,25,Normal
ENG1097,AST0332,SEC032,Track Alignment,Lateral misalignment,2,HIGH,2025-07-30,2025-08-01,2025-08-14,7.0,14,HIGH,Completed,13,Normal
ENG1098,AST0063,SEC063,Rail Replacement,Rail end batter,4,LOW,2025-08-26,2025-08-29,2025-10-19,10.5,2,LOW,Completed,51,Low
ENG1099,AST0275,SEC050,Rail Replacement,End-post fracture,1,CRITICAL,2025-06-29,2025-07-02,2025-07-06,8.1,13,HIGH,Completed,4,Urgent
ENG1100,AST0078,SEC003,Turnout Maintenance,Point mechanism fault,3,MEDIUM,2025-11-20,2025-11-23,2025-12-08,11.6,12,MEDIUM,Cancelled,15,Normal
ENG1101,AST0076,SEC001,Ballast Maintenance,Drainage blockage,3,MEDIUM,2025-08-19,2025-08-20,2025-09-19,3.4,3,MEDIUM,Pending,30,Normal
ENG1102,AST0237,SEC012,Track Alignment,Vertical misalignment,4,LOW,2025-02-26,2025-02-26,2025-04-09,7.3,14,LOW,Pending,42,Low
ENG1103,AST0200,SEC050,Welding,Weld crack,3,MEDIUM,2025-05-17,2025-05-19,2025-06-03,10.0,12,MEDIUM,Pending,15,Normal
ENG1104,AST0386,SEC011,Track Alignment,Vertical misalignment,3,MEDIUM,2025-04-19,2025-04-21,2025-05-20,8.2,9,MEDIUM,Scheduled,29,Normal
ENG1105,AST0400,SEC025,Sleeper Replacement,Decayed wooden sleeper,4,LOW,2025-02-10,2025-02-13,2025-03-14,4.1,11,LOW,Pending,29,Normal
ENG1106,AST0214,SEC064,Track Alignment,Lateral misalignment,3,MEDIUM,2025-01-23,2025-01-24,2025-02-13,9.2,7,MEDIUM,Scheduled,20,Normal
ENG1107,AST0107,SEC032,Track Geometry Correction,Twist fault,2,HIGH,2025-04-09,2025-04-09,2025-04-19,5.6,13,HIGH,Pending,10,Normal
ENG1108,AST0169,SEC019,Rail Inspection,Corrugation,1,CRITICAL,2025-01-18,2025-01-21,2025-01-28,7.8,4,HIGH,Completed,7,Urgent
ENG1109,AST0145,SEC070,Welding,Weld crack,3,MEDIUM,2025-02-16,2025-02-18,2025-03-06,8.8,3,MEDIUM,Pending,16,Normal
ENG1110,AST0006,SEC006,Rail Inspection,Corrugation,4,LOW,2025-09-12,2025-09-13,2025-10-11,11.6,14,LOW,Pending,28,Normal
ENG1111,AST0318,SEC018,Track Alignment,Vertical misalignment,2,HIGH,2025-07-21,2025-07-24,2025-08-08,11.9,6,HIGH,Scheduled,15,Normal
ENG1112,AST0323,SEC023,Turnout Maintenance,Check rail gap,2,HIGH,2025-09-16,2025-09-18,2025-09-30,11.3,10,HIGH,Completed,12,Normal
ENG1113,AST0277,SEC052,Sleeper Replacement,Broken concrete sleeper,2,HIGH,2025-10-29,2025-10-29,2025-11-07,3.5,12,HIGH,Completed,9,Normal
ENG1114,AST0192,SEC042,Ballast Maintenance,Vegetation growth,1,CRITICAL,2025-07-14,2025-07-14,2025-07-18,10.3,9,HIGH,Cancelled,4,Urgent
ENG1115,AST0213,SEC063,Turnout Maintenance,Crossing nose defect,1,CRITICAL,2025-02-08,2025-02-10,2025-02-14,8.1,6,HIGH,Completed,4,Urgent
ENG1116,AST0310,SEC010,Ballast Maintenance,Insufficient ballast,1,CRITICAL,2025-04-28,2025-04-29,2025-05-03,6.9,15,HIGH,Pending,4,Urgent
ENG1117,AST0391,SEC016,Track Alignment,Cant deficiency,4,LOW,2025-08-06,2025-08-08,2025-09-22,7.2,10,LOW,Completed,45,Low
ENG1118,AST0190,SEC040,Track Alignment,Buckling risk,2,HIGH,2025-07-29,2025-07-29,2025-08-05,7.9,3,HIGH,Pending,7,Urgent
ENG1119,AST0280,SEC055,Turnout Maintenance,Check rail gap,4,LOW,2025-11-27,2025-11-30,2026-01-26,10.6,13,LOW,In Progress,57,Low
ENG1120,AST0201,SEC051,Turnout Maintenance,Check rail gap,4,LOW,2025-11-29,2025-12-02,2026-01-13,7.3,7,LOW,Completed,42,Low
ENG1121,AST0247,SEC022,Welding,Weld depression,4,LOW,2025-08-16,2025-08-17,2025-09-27,9.2,11,LOW,Completed,41,Low
ENG1122,AST0319,SEC019,Turnout Maintenance,Point mechanism fault,3,MEDIUM,2025-10-17,2025-10-20,2025-11-06,4.3,2,MEDIUM,Completed,17,Normal
ENG1123,AST0378,SEC003,Welding,Thermit weld defect,5,LOW,2025-02-28,2025-03-01,2025-05-24,10.3,9,LOW,Completed,84,Low
ENG1124,AST0105,SEC030,Ballast Maintenance,Drainage blockage,5,LOW,2025-02-06,2025-02-08,2025-04-08,6.5,15,LOW,Completed,59,Low
ENG1125,AST0260,SEC035,Rail Replacement,End-post fracture,3,MEDIUM,2025-08-16,2025-08-17,2025-09-10,7.6,6,MEDIUM,Completed,24,Normal
ENG1126,AST0316,SEC016,Ballast Maintenance,Insufficient ballast,2,HIGH,2025-04-08,2025-04-08,2025-04-23,4.9,4,HIGH,Completed,15,Normal
ENG1127,AST0254,SEC029,Ballast Maintenance,Insufficient ballast,2,HIGH,2025-04-02,2025-04-02,2025-04-17,8.1,12,HIGH,Completed,15,Normal
ENG1128,AST0272,SEC047,Track Geometry Correction,Cross-level error,3,MEDIUM,2025-02-27,2025-02-28,2025-03-22,2.6,11,MEDIUM,Pending,22,Normal
ENG1129,AST0328,SEC028,Turnout Maintenance,Crossing nose defect,4,LOW,2025-02-20,2025-02-22,2025-04-02,7.4,14,LOW,Completed,39,Low
ENG1130,AST0216,SEC066,Welding,Weld crack,4,LOW,2025-05-07,2025-05-07,2025-06-18,6.2,9,LOW,Completed,42,Low
ENG1131,AST0247,SEC022,Turnout Maintenance,Switch tongue wear,2,HIGH,2025-02-04,2025-02-04,2025-02-14,11.8,14,HIGH,Completed,10,Normal
ENG1132,AST0353,SEC053,Ballast Maintenance,Fouled ballast,2,HIGH,2025-03-03,2025-03-03,2025-03-17,11.6,9,HIGH,Pending,14,Normal
ENG1133,AST0283,SEC058,Rail Inspection,Rail crack,3,MEDIUM,2025-06-08,2025-06-09,2025-06-26,2.5,3,MEDIUM,Pending,17,Normal
ENG1134,AST0359,SEC059,Rail Inspection,Gauge deviation,3,MEDIUM,2025-07-16,2025-07-16,2025-08-01,8.1,8,MEDIUM,Scheduled,16,Normal
ENG1135,AST0333,SEC033,Rail Replacement,Severely worn rail,3,MEDIUM,2025-07-05,2025-07-07,2025-07-24,4.6,14,MEDIUM,Scheduled,17,Normal
ENG1136,AST0325,SEC025,Sleeper Replacement,Decayed wooden sleeper,2,HIGH,2025-06-27,2025-06-30,2025-07-15,4.0,7,HIGH,Pending,15,Normal
ENG1137,AST0210,SEC060,Ballast Maintenance,Vegetation growth,4,LOW,2025-06-09,2025-06-12,2025-07-20,8.4,7,LOW,Completed,38,Low
ENG1138,AST0214,SEC064,Rail Replacement,Rail end batter,3,MEDIUM,2025-06-09,2025-06-12,2025-07-09,6.4,10,MEDIUM,Pending,27,Normal
ENG1139,AST0268,SEC043,Track Geometry Correction,Cross-level error,1,CRITICAL,2025-06-13,2025-06-13,2025-06-18,5.8,8,HIGH,Completed,5,Urgent
ENG1140,AST0024,SEC024,Turnout Maintenance,Point mechanism fault,3,MEDIUM,2025-03-12,2025-03-15,2025-04-10,6.3,15,MEDIUM,Completed,26,Normal
ENG1141,AST0006,SEC006,Rail Replacement,End-post fracture,2,HIGH,2025-12-08,2025-12-08,2025-12-16,4.5,2,HIGH,In Progress,8,Normal
ENG1142,AST0122,SEC047,Track Geometry Correction,Twist fault,4,LOW,2025-10-21,2025-10-24,2025-12-07,4.7,6,LOW,Scheduled,44,Low
ENG1143,AST0067,SEC067,Welding,Weld depression,3,MEDIUM,2025-01-24,2025-01-25,2025-02-08,3.3,14,MEDIUM,Completed,14,Normal
ENG1144,AST0389,SEC014,Welding,Weld depression,5,LOW,2025-08-21,2025-08-23,2025-11-06,4.0,9,LOW,Completed,75,Low
ENG1145,AST0140,SEC065,Ballast Maintenance,Vegetation growth,1,CRITICAL,2025-05-04,2025-05-06,2025-05-10,7.8,10,HIGH,Completed,4,Urgent
ENG1146,AST0362,SEC062,Track Alignment,Buckling risk,2,HIGH,2025-06-18,2025-06-21,2025-06-28,10.3,15,HIGH,Completed,7,Urgent
ENG1147,AST0106,SEC031,Sleeper Replacement,Cracked sleeper,2,HIGH,2025-03-22,2025-03-24,2025-04-05,7.0,10,HIGH,Completed,12,Normal
ENG1148,AST0192,SEC042,Ballast Maintenance,Drainage blockage,4,LOW,2025-03-28,2025-03-29,2025-04-25,1.1,14,LOW,Completed,27,Normal
ENG1149,AST0283,SEC058,Welding,Thermit weld defect,4,LOW,2025-09-17,2025-09-20,2025-10-22,1.7,9,LOW,Completed,32,Low
ENG1150,AST0156,SEC006,Rail Inspection,Worn rail head,3,MEDIUM,2025-01-15,2025-01-16,2025-02-06,9.5,9,MEDIUM,Scheduled,21,Normal
ENG1151,AST0036,SEC036,Ballast Maintenance,Vegetation growth,5,LOW,2025-11-30,2025-11-30,2026-02-28,3.7,14,LOW,Pending,90,Low
ENG1152,AST0157,SEC007,Ballast Maintenance,Insufficient ballast,5,LOW,2025-09-24,2025-09-26,2025-11-05,2.6,10,LOW,Scheduled,40,Low
ENG1153,AST0042,SEC042,Track Geometry Correction,Gauge irregularity,4,LOW,2025-05-11,2025-05-11,2025-06-30,5.5,5,LOW,Cancelled,50,Low
ENG1154,AST0358,SEC058,Track Alignment,Cant deficiency,2,HIGH,2025-04-28,2025-04-30,2025-05-09,6.2,14,HIGH,In Progress,9,Normal
ENG1155,AST0123,SEC048,Sleeper Replacement,Missing sleeper,3,MEDIUM,2025-03-16,2025-03-17,2025-04-04,11.4,3,MEDIUM,Completed,18,Normal
ENG1156,AST0274,SEC049,Turnout Maintenance,Check rail gap,4,LOW,2025-11-06,2025-11-08,2025-12-13,1.8,14,LOW,Completed,35,Low
ENG1157,AST0073,SEC073,Track Alignment,Vertical misalignment,1,CRITICAL,2025-01-28,2025-01-31,2025-02-04,3.3,15,HIGH,Completed,4,Urgent
ENG1158,AST0167,SEC017,Ballast Maintenance,Drainage blockage,3,MEDIUM,2024-12-31,2025-01-01,2025-01-16,1.1,4,MEDIUM,Pending,15,Normal
ENG1159,AST0355,SEC055,Rail Inspection,Corrugation,4,LOW,2025-10-13,2025-10-16,2025-11-26,7.3,2,LOW,Pending,41,Low
ENG1160,AST0011,SEC011,Track Alignment,Cant deficiency,3,MEDIUM,2025-01-04,2025-01-05,2025-01-28,4.2,15,MEDIUM,Pending,23,Normal
ENG1161,AST0100,SEC025,Track Geometry Correction,Cross-level error,2,HIGH,2025-06-17,2025-06-17,2025-06-25,6.2,10,HIGH,Cancelled,8,Normal
ENG1162,AST0109,SEC034,Track Geometry Correction,Alignment defect,3,MEDIUM,2025-02-23,2025-02-26,2025-03-15,1.6,11,MEDIUM,Completed,17,Normal
ENG1163,AST0380,SEC005,Sleeper Replacement,Broken concrete sleeper,2,HIGH,2025-09-26,2025-09-28,2025-10-06,10.9,8,HIGH,Completed,8,Normal
ENG1164,AST0045,SEC045,Track Geometry Correction,Gauge irregularity,3,MEDIUM,2025-10-11,2025-10-14,2025-11-04,3.0,9,MEDIUM,In Progress,21,Normal
ENG1165,AST0294,SEC069,Welding,Misaligned weld,5,LOW,2025-08-14,2025-08-16,2025-11-10,3.1,2,LOW,Scheduled,86,Low
ENG1166,AST0282,SEC057,Rail Replacement,Rail end batter,2,HIGH,2025-05-25,2025-05-25,2025-06-08,3.6,7,HIGH,In Progress,14,Normal
ENG1167,AST0393,SEC018,Track Geometry Correction,Twist fault,2,HIGH,2025-10-09,2025-10-12,2025-10-24,8.6,11,HIGH,Pending,12,Normal
ENG1168,AST0299,SEC074,Rail Replacement,Broken rail,4,LOW,2025-12-21,2025-12-21,2026-01-23,2.1,5,LOW,Completed,33,Low
ENG1169,AST0243,SEC018,Turnout Maintenance,Switch tongue wear,3,MEDIUM,2025-09-10,2025-09-13,2025-10-02,11.2,11,MEDIUM,Completed,19,Normal
ENG1170,AST0009,SEC009,Turnout Maintenance,Point mechanism fault,3,MEDIUM,2025-08-02,2025-08-05,2025-08-20,2.8,12,MEDIUM,Completed,15,Normal
ENG1171,AST0226,SEC001,Turnout Maintenance,Check rail gap,4,LOW,2025-07-22,2025-07-23,2025-08-23,9.2,4,LOW,Cancelled,31,Low
ENG1172,AST0138,SEC063,Sleeper Replacement,Broken concrete sleeper,3,MEDIUM,2025-06-02,2025-06-02,2025-06-24,4.4,10,MEDIUM,Completed,22,Normal
ENG1173,AST0073,SEC073,Sleeper Replacement,Decayed wooden sleeper,5,LOW,2025-07-12,2025-07-14,2025-08-28,3.2,2,LOW,Pending,45,Low
ENG1174,AST0388,SEC013,Track Alignment,Buckling risk,3,MEDIUM,2025-07-26,2025-07-26,2025-08-18,7.4,11,MEDIUM,In Progress,23,Normal
ENG1175,AST0194,SEC044,Turnout Maintenance,Switch tongue wear,3,MEDIUM,2025-02-02,2025-02-02,2025-02-26,8.4,7,MEDIUM,Completed,24,Normal
ENG1176,AST0184,SEC034,Sleeper Replacement,Cracked sleeper,3,MEDIUM,2025-06-02,2025-06-05,2025-06-20,11.7,6,MEDIUM,Pending,15,Normal
ENG1177,AST0026,SEC026,Ballast Maintenance,Insufficient ballast,2,HIGH,2025-02-23,2025-02-24,2025-03-03,9.3,15,HIGH,Completed,7,Urgent
ENG1178,AST0244,SEC019,Welding,Weld depression,3,MEDIUM,2025-04-13,2025-04-15,2025-05-08,4.6,8,MEDIUM,Completed,23,Normal
ENG1179,AST0181,SEC031,Rail Replacement,Rail end batter,3,MEDIUM,2025-06-18,2025-06-21,2025-07-09,4.7,7,MEDIUM,Scheduled,18,Normal
ENG1180,AST0229,SEC004,Track Alignment,Buckling risk,3,MEDIUM,2025-07-19,2025-07-21,2025-08-12,1.2,10,MEDIUM,Completed,22,Normal
ENG1181,AST0133,SEC058,Rail Replacement,End-post fracture,2,HIGH,2025-01-22,2025-01-24,2025-02-06,11.7,7,HIGH,Pending,13,Normal
ENG1182,AST0378,SEC003,Rail Inspection,Worn rail head,3,MEDIUM,2025-03-07,2025-03-09,2025-03-24,9.3,14,MEDIUM,Completed,15,Normal
ENG1183,AST0348,SEC048,Ballast Maintenance,Vegetation growth,4,LOW,2025-10-02,2025-10-05,2025-11-14,4.9,11,LOW,Pending,40,Low
ENG1184,AST0047,SEC047,Ballast Maintenance,Drainage blockage,1,CRITICAL,2025-01-29,2025-01-30,2025-02-05,3.0,3,HIGH,Pending,6,Urgent
ENG1185,AST0267,SEC042,Sleeper Replacement,Missing sleeper,2,HIGH,2025-12-20,2025-12-20,2025-12-31,1.6,8,HIGH,Completed,11,Normal
ENG1186,AST0092,SEC017,Rail Replacement,Broken rail,4,LOW,2025-08-08,2025-08-10,2025-09-07,7.7,7,LOW,In Progress,28,Normal
ENG1187,AST0325,SEC025,Welding,Weld crack,3,MEDIUM,2025-01-11,2025-01-11,2025-02-09,2.8,9,MEDIUM,In Progress,29,Normal
ENG1188,AST0348,SEC048,Track Alignment,Vertical misalignment,3,MEDIUM,2025-10-11,2025-10-11,2025-10-29,8.6,7,MEDIUM,Scheduled,18,Normal
ENG1189,AST0131,SEC056,Rail Inspection,Worn rail head,5,LOW,2025-10-10,2025-10-10,2025-12-02,10.3,10,LOW,Pending,53,Low
ENG1190,AST0104,SEC029,Ballast Maintenance,Fouled ballast,4,LOW,2025-04-01,2025-04-04,2025-06-01,10.0,7,LOW,Pending,58,Low
ENG1191,AST0321,SEC021,Track Alignment,Lateral misalignment,1,CRITICAL,2025-11-03,2025-11-06,2025-11-10,6.6,6,HIGH,Scheduled,4,Urgent
ENG1192,AST0037,SEC037,Rail Inspection,Worn rail head,2,HIGH,2025-12-11,2025-12-13,2025-12-22,9.1,9,HIGH,Completed,9,Normal
ENG1193,AST0293,SEC068,Welding,Thermit weld defect,3,MEDIUM,2025-09-01,2025-09-02,2025-10-01,3.5,8,MEDIUM,Scheduled,29,Normal
ENG1194,AST0112,SEC037,Track Geometry Correction,Alignment defect,4,LOW,2025-03-25,2025-03-28,2025-05-23,11.4,6,LOW,Scheduled,56,Low
ENG1195,AST0276,SEC051,Ballast Maintenance,Fouled ballast,2,HIGH,2025-08-03,2025-08-04,2025-08-13,6.4,3,HIGH,In Progress,9,Normal
ENG1196,AST0043,SEC043,Rail Inspection,Worn rail head,3,MEDIUM,2025-07-10,2025-07-13,2025-08-05,7.0,6,MEDIUM,Scheduled,23,Normal
ENG1197,AST0024,SEC024,Track Alignment,Lateral misalignment,2,HIGH,2025-09-06,2025-09-09,2025-09-24,1.4,12,HIGH,Completed,15,Normal
ENG1198,AST0132,SEC057,Rail Replacement,Broken rail,1,CRITICAL,2025-05-05,2025-05-08,2025-05-15,1.2,13,HIGH,In Progress,7,Urgent
ENG1199,AST0286,SEC061,Welding,Misaligned weld,5,LOW,2025-10-25,2025-10-28,2026-01-01,2.0,7,LOW,Scheduled,65,Low
ENG1200,AST0340,SEC040,Sleeper Replacement,Broken concrete sleeper,3,MEDIUM,2025-06-08,2025-06-08,2025-06-23,1.1,7,MEDIUM,Pending,15,Normal
ENG1201,AST0057,SEC057,Rail Inspection,Gauge deviation,4,LOW,2025-06-25,2025-06-25,2025-08-14,10.5,9,LOW,Cancelled,50,Low
ENG1202,AST0369,SEC069,Ballast Maintenance,Vegetation growth,3,MEDIUM,2025-03-04,2025-03-07,2025-03-29,2.9,6,MEDIUM,Completed,22,Normal
ENG1203,AST0186,SEC036,Track Alignment,Vertical misalignment,4,LOW,2025-11-02,2025-11-03,2025-12-28,4.9,10,LOW,Completed,55,Low
ENG1204,AST0086,SEC011,Rail Inspection,Surface defect,2,HIGH,2025-01-11,2025-01-11,2025-01-24,3.7,14,HIGH,Scheduled,13,Normal
ENG1205,AST0333,SEC033,Track Geometry Correction,Twist fault,3,MEDIUM,2025-03-15,2025-03-18,2025-04-08,9.6,3,MEDIUM,Pending,21,Normal
ENG1206,AST0184,SEC034,Track Geometry Correction,Cross-level error,3,MEDIUM,2025-08-24,2025-08-26,2025-09-12,10.9,13,MEDIUM,Scheduled,17,Normal
ENG1207,AST0308,SEC008,Ballast Maintenance,Fouled ballast,3,MEDIUM,2025-04-04,2025-04-04,2025-04-30,4.7,13,MEDIUM,Scheduled,26,Normal
ENG1208,AST0102,SEC027,Ballast Maintenance,Vegetation growth,4,LOW,2025-06-11,2025-06-12,2025-08-11,10.9,12,LOW,Cancelled,60,Low
ENG1209,AST0112,SEC037,Welding,Misaligned weld,4,LOW,2025-05-12,2025-05-12,2025-07-08,4.2,2,LOW,Scheduled,57,Low
ENG1210,AST0105,SEC030,Ballast Maintenance,Vegetation growth,3,MEDIUM,2025-02-09,2025-02-12,2025-03-04,6.9,2,MEDIUM,Scheduled,20,Normal
ENG1211,AST0230,SEC005,Rail Inspection,Worn rail head,4,LOW,2025-11-18,2025-11-19,2026-01-09,7.2,4,LOW,Completed,51,Low
ENG1212,AST0074,SEC074,Ballast Maintenance,Fouled ballast,4,LOW,2025-05-07,2025-05-07,2025-06-26,8.9,3,LOW,Completed,50,Low
ENG1213,AST0094,SEC019,Sleeper Replacement,Missing sleeper,2,HIGH,2025-06-24,2025-06-24,2025-07-07,6.2,7,HIGH,Scheduled,13,Normal
ENG1214,AST0027,SEC027,Sleeper Replacement,Decayed wooden sleeper,2,HIGH,2025-12-09,2025-12-11,2025-12-26,2.3,5,HIGH,Completed,15,Normal
ENG1215,AST0349,SEC049,Turnout Maintenance,Crossing nose defect,5,LOW,2025-11-21,2025-11-24,2026-02-18,6.8,15,LOW,Cancelled,86,Low
ENG1216,AST0356,SEC056,Rail Inspection,Surface defect,1,CRITICAL,2025-01-02,2025-01-03,2025-01-10,1.2,3,HIGH,Scheduled,7,Urgent
ENG1217,AST0342,SEC042,Track Geometry Correction,Alignment defect,2,HIGH,2025-09-08,2025-09-10,2025-09-21,1.6,15,HIGH,Pending,11,Normal
ENG1218,AST0092,SEC017,Rail Replacement,End-post fracture,4,LOW,2025-03-25,2025-03-28,2025-05-01,5.1,7,LOW,Pending,34,Low
ENG1219,AST0149,SEC074,Welding,Thermit weld defect,2,HIGH,2025-04-30,2025-05-02,2025-05-14,4.8,11,HIGH,Pending,12,Normal
ENG1220,AST0260,SEC035,Track Geometry Correction,Cross-level error,3,MEDIUM,2025-09-08,2025-09-11,2025-10-03,3.9,13,MEDIUM,Scheduled,22,Normal
ENG1221,AST0130,SEC055,Turnout Maintenance,Check rail gap,3,MEDIUM,2025-01-06,2025-01-07,2025-01-31,6.9,8,MEDIUM,Pending,24,Normal
ENG1222,AST0192,SEC042,Rail Inspection,Worn rail head,2,HIGH,2025-07-26,2025-07-29,2025-08-08,6.8,14,HIGH,Pending,10,Normal
ENG1223,AST0199,SEC049,Rail Replacement,Broken rail,3,MEDIUM,2025-12-03,2025-12-04,2025-12-22,1.7,10,MEDIUM,Completed,18,Normal
ENG1224,AST0331,SEC031,Sleeper Replacement,Cracked sleeper,2,HIGH,2025-12-05,2025-12-05,2025-12-13,9.8,4,HIGH,Scheduled,8,Normal
ENG1225,AST0097,SEC022,Track Geometry Correction,Cross-level error,1,CRITICAL,2025-04-11,2025-04-14,2025-04-18,6.4,2,HIGH,Scheduled,4,Urgent
ENG1226,AST0213,SEC063,Ballast Maintenance,Drainage blockage,3,MEDIUM,2025-04-01,2025-04-02,2025-04-19,7.7,3,MEDIUM,Pending,17,Normal
ENG1227,AST0236,SEC011,Welding,Weld crack,4,LOW,2025-02-15,2025-02-16,2025-03-25,4.7,11,LOW,Pending,37,Low
ENG1228,AST0018,SEC018,Turnout Maintenance,Switch tongue wear,2,HIGH,2025-09-01,2025-09-02,2025-09-10,9.7,9,HIGH,Pending,8,Normal
ENG1229,AST0162,SEC012,Track Alignment,Buckling risk,4,LOW,2025-11-22,2025-11-23,2026-01-17,2.6,2,LOW,Completed,55,Low
ENG1230,AST0158,SEC008,Track Geometry Correction,Alignment defect,3,MEDIUM,2025-09-24,2025-09-27,2025-10-13,4.8,7,MEDIUM,Completed,16,Normal
ENG1231,AST0047,SEC047,Track Alignment,Lateral misalignment,4,LOW,2025-08-15,2025-08-15,2025-10-11,1.9,8,LOW,Scheduled,57,Low
ENG1232,AST0124,SEC049,Turnout Maintenance,Switch tongue wear,4,LOW,2025-02-24,2025-02-27,2025-04-13,8.0,14,LOW,In Progress,45,Low
ENG1233,AST0094,SEC019,Track Alignment,Cant deficiency,5,LOW,2025-05-12,2025-05-15,2025-07-29,7.0,4,LOW,Pending,75,Low
ENG1234,AST0167,SEC017,Rail Inspection,Worn rail head,5,LOW,2025-04-15,2025-04-16,2025-07-05,7.8,11,LOW,Cancelled,80,Low
ENG1235,AST0118,SEC043,Ballast Maintenance,Drainage blockage,4,LOW,2025-02-04,2025-02-06,2025-04-05,3.1,9,LOW,Pending,58,Low
ENG1236,AST0056,SEC056,Sleeper Replacement,Decayed wooden sleeper,3,MEDIUM,2025-02-14,2025-02-16,2025-03-16,5.9,13,MEDIUM,In Progress,28,Normal
ENG1237,AST0061,SEC061,Rail Inspection,Surface defect,3,MEDIUM,2025-12-14,2025-12-14,2026-01-10,9.3,11,MEDIUM,Scheduled,27,Normal
ENG1238,AST0379,SEC004,Rail Replacement,Severely worn rail,4,LOW,2025-12-16,2025-12-16,2026-02-08,7.0,8,LOW,Scheduled,54,Low
ENG1239,AST0216,SEC066,Rail Replacement,Severely worn rail,3,MEDIUM,2025-09-03,2025-09-05,2025-10-03,4.9,13,MEDIUM,Pending,28,Normal
ENG1240,AST0262,SEC037,Rail Inspection,Corrugation,5,LOW,2025-03-19,2025-03-19,2025-06-12,7.2,8,LOW,Scheduled,85,Low
ENG1241,AST0215,SEC065,Turnout Maintenance,Check rail gap,2,HIGH,2025-06-17,2025-06-18,2025-07-01,6.5,4,HIGH,Completed,13,Normal
ENG1242,AST0002,SEC002,Track Geometry Correction,Alignment defect,3,MEDIUM,2025-05-03,2025-05-03,2025-05-17,5.4,13,MEDIUM,In Progress,14,Normal
ENG1243,AST0355,SEC055,Track Geometry Correction,Cross-level error,2,HIGH,2025-01-31,2025-02-02,2025-02-16,10.0,8,HIGH,In Progress,14,Normal
ENG1244,AST0310,SEC010,Welding,Weld depression,3,MEDIUM,2025-09-01,2025-09-03,2025-09-24,11.9,10,MEDIUM,Scheduled,21,Normal
ENG1245,AST0247,SEC022,Track Geometry Correction,Gauge irregularity,4,LOW,2025-01-01,2025-01-04,2025-02-16,4.1,3,LOW,In Progress,43,Low
ENG1246,AST0060,SEC060,Ballast Maintenance,Drainage blockage,5,LOW,2025-02-04,2025-02-06,2025-04-04,8.3,13,LOW,Completed,57,Low
ENG1247,AST0353,SEC053,Turnout Maintenance,Check rail gap,3,MEDIUM,2025-02-19,2025-02-19,2025-03-21,7.0,12,MEDIUM,Completed,30,Normal
ENG1248,AST0083,SEC008,Sleeper Replacement,Missing sleeper,3,MEDIUM,2025-05-30,2025-06-01,2025-06-16,9.2,10,MEDIUM,Scheduled,15,Normal
ENG1249,AST0185,SEC035,Track Alignment,Cant deficiency,2,HIGH,2025-03-28,2025-03-31,2025-04-09,4.5,9,HIGH,Completed,9,Normal
ENG1250,AST0185,SEC035,Track Alignment,Vertical misalignment,1,CRITICAL,2025-07-03,2025-07-04,2025-07-08,9.8,4,HIGH,In Progress,4,Urgent
ENG1251,AST0384,SEC009,Track Alignment,Cant deficiency,3,MEDIUM,2025-06-10,2025-06-12,2025-07-05,2.8,12,MEDIUM,Completed,23,Normal
ENG1252,AST0208,SEC058,Ballast Maintenance,Insufficient ballast,3,MEDIUM,2025-02-27,2025-03-01,2025-03-26,9.3,6,MEDIUM,Pending,25,Normal
ENG1253,AST0292,SEC067,Ballast Maintenance,Drainage blockage,5,LOW,2025-09-25,2025-09-26,2025-12-14,7.9,5,LOW,Scheduled,79,Low
ENG1254,AST0025,SEC025,Welding,Misaligned weld,3,MEDIUM,2025-12-05,2025-12-07,2026-01-06,6.4,13,MEDIUM,In Progress,30,Normal
ENG1255,AST0113,SEC038,Track Geometry Correction,Twist fault,3,MEDIUM,2025-04-03,2025-04-06,2025-04-23,9.2,8,MEDIUM,In Progress,17,Normal
ENG1256,AST0395,SEC020,Ballast Maintenance,Drainage blockage,3,MEDIUM,2025-08-13,2025-08-14,2025-08-31,2.4,5,MEDIUM,Pending,17,Normal
ENG1257,AST0144,SEC069,Sleeper Replacement,Missing sleeper,3,MEDIUM,2025-05-23,2025-05-25,2025-06-09,5.3,12,MEDIUM,Scheduled,15,Normal
ENG1258,AST0088,SEC013,Rail Replacement,Broken rail,1,CRITICAL,2025-07-08,2025-07-11,2025-07-17,3.6,5,HIGH,Pending,6,Urgent
ENG1259,AST0090,SEC015,Turnout Maintenance,Crossing nose defect,3,MEDIUM,2025-08-02,2025-08-03,2025-08-27,11.0,10,MEDIUM,In Progress,24,Normal
ENG1260,AST0307,SEC007,Rail Inspection,Gauge deviation,3,MEDIUM,2025-11-02,2025-11-03,2025-11-18,8.4,9,MEDIUM,Scheduled,15,Normal
ENG1261,AST0378,SEC003,Rail Inspection,Surface defect,3,MEDIUM,2025-06-14,2025-06-15,2025-07-13,4.8,15,MEDIUM,Pending,28,Normal
ENG1262,AST0377,SEC002,Rail Replacement,Rail end batter,4,LOW,2025-01-18,2025-01-21,2025-02-17,8.4,3,LOW,Scheduled,27,Normal
ENG1263,AST0172,SEC022,Ballast Maintenance,Fouled ballast,2,HIGH,2025-11-08,2025-11-10,2025-11-23,5.5,8,HIGH,In Progress,13,Normal
ENG1264,AST0357,SEC057,Rail Inspection,Surface defect,2,HIGH,2025-07-08,2025-07-11,2025-07-25,7.9,3,HIGH,Cancelled,14,Normal
ENG1265,AST0197,SEC047,Track Geometry Correction,Twist fault,2,HIGH,2025-12-16,2025-12-19,2025-12-26,11.0,14,HIGH,Scheduled,7,Urgent
ENG1266,AST0069,SEC069,Ballast Maintenance,Vegetation growth,3,MEDIUM,2025-04-17,2025-04-18,2025-05-15,5.3,15,MEDIUM,In Progress,27,Normal
ENG1267,AST0137,SEC062,Turnout Maintenance,Point mechanism fault,3,MEDIUM,2025-04-30,2025-05-03,2025-05-18,11.5,2,MEDIUM,Scheduled,15,Normal
ENG1268,AST0387,SEC012,Track Alignment,Vertical misalignment,3,MEDIUM,2025-06-05,2025-06-05,2025-06-21,11.7,4,MEDIUM,Cancelled,16,Normal
ENG1269,AST0339,SEC039,Turnout Maintenance,Crossing nose defect,3,MEDIUM,2025-03-13,2025-03-14,2025-03-31,6.5,8,MEDIUM,Completed,17,Normal
ENG1270,AST0218,SEC068,Welding,Misaligned weld,3,MEDIUM,2025-12-08,2025-12-09,2026-01-05,1.3,10,MEDIUM,Scheduled,27,Normal
ENG1271,AST0113,SEC038,Ballast Maintenance,Vegetation growth,3,MEDIUM,2025-02-06,2025-02-08,2025-03-06,7.0,9,MEDIUM,Completed,26,Normal
ENG1272,AST0350,SEC050,Rail Inspection,Gauge deviation,3,MEDIUM,2025-06-12,2025-06-14,2025-07-12,9.2,3,MEDIUM,Pending,28,Normal
ENG1273,AST0340,SEC040,Track Alignment,Buckling risk,3,MEDIUM,2025-04-22,2025-04-25,2025-05-11,3.3,6,MEDIUM,Completed,16,Normal
ENG1274,AST0306,SEC006,Turnout Maintenance,Switch tongue wear,1,CRITICAL,2025-03-14,2025-03-14,2025-03-21,10.8,8,HIGH,Pending,7,Urgent
ENG1275,AST0085,SEC010,Track Alignment,Lateral misalignment,3,MEDIUM,2025-02-24,2025-02-26,2025-03-28,8.8,7,MEDIUM,Pending,30,Normal
ENG1276,AST0387,SEC012,Sleeper Replacement,Missing sleeper,2,HIGH,2025-06-28,2025-06-28,2025-07-12,6.3,13,HIGH,In Progress,14,Normal
ENG1277,AST0225,SEC075,Track Alignment,Vertical misalignment,3,MEDIUM,2025-09-21,2025-09-22,2025-10-09,7.7,10,MEDIUM,Completed,17,Normal
ENG1278,AST0114,SEC039,Track Alignment,Buckling risk,5,LOW,2025-12-17,2025-12-19,2026-02-21,9.0,5,LOW,Scheduled,64,Low
ENG1279,AST0079,SEC004,Turnout Maintenance,Check rail gap,2,HIGH,2025-01-30,2025-01-31,2025-02-13,6.7,9,HIGH,Pending,13,Normal
ENG1280,AST0030,SEC030,Track Alignment,Cant deficiency,3,MEDIUM,2025-12-05,2025-12-06,2025-12-25,10.4,15,MEDIUM,Completed,19,Normal
ENG1281,AST0317,SEC017,Sleeper Replacement,Decayed wooden sleeper,3,MEDIUM,2025-04-12,2025-04-15,2025-04-30,2.7,7,MEDIUM,Scheduled,15,Normal
ENG1282,AST0293,SEC068,Sleeper Replacement,Missing sleeper,5,LOW,2025-10-18,2025-10-20,2026-01-11,1.7,4,LOW,Scheduled,83,Low
ENG1283,AST0388,SEC013,Ballast Maintenance,Vegetation growth,4,LOW,2025-08-02,2025-08-02,2025-09-10,2.4,10,LOW,Scheduled,39,Low
ENG1284,AST0151,SEC001,Rail Replacement,Severely worn rail,3,MEDIUM,2025-09-20,2025-09-22,2025-10-09,10.4,2,MEDIUM,Completed,17,Normal
ENG1285,AST0354,SEC054,Welding,Misaligned weld,1,CRITICAL,2025-02-18,2025-02-19,2025-02-25,5.0,15,HIGH,Pending,6,Urgent
ENG1286,AST0145,SEC070,Track Alignment,Lateral misalignment,2,HIGH,2025-09-09,2025-09-11,2025-09-21,3.3,7,HIGH,In Progress,10,Normal
ENG1287,AST0206,SEC056,Rail Inspection,Gauge deviation,3,MEDIUM,2025-11-16,2025-11-18,2025-12-14,7.6,3,MEDIUM,Pending,26,Normal
ENG1288,AST0298,SEC073,Rail Replacement,Broken rail,3,MEDIUM,2025-04-04,2025-04-06,2025-04-24,2.2,3,MEDIUM,Scheduled,18,Normal
ENG1289,AST0149,SEC074,Track Geometry Correction,Alignment defect,2,HIGH,2025-04-20,2025-04-20,2025-05-03,7.8,7,HIGH,Cancelled,13,Normal
ENG1290,AST0019,SEC019,Turnout Maintenance,Check rail gap,4,LOW,2025-12-03,2025-12-06,2026-01-13,11.8,14,LOW,Scheduled,38,Low
ENG1291,AST0024,SEC024,Turnout Maintenance,Point mechanism fault,4,LOW,2025-11-01,2025-11-02,2025-12-11,10.6,15,LOW,Pending,39,Low
ENG1292,AST0347,SEC047,Welding,Thermit weld defect,3,MEDIUM,2025-02-13,2025-02-15,2025-03-05,6.7,4,MEDIUM,Completed,18,Normal
ENG1293,AST0338,SEC038,Welding,Weld crack,2,HIGH,2025-11-25,2025-11-27,2025-12-10,8.7,3,HIGH,Completed,13,Normal
ENG1294,AST0331,SEC031,Welding,Weld depression,2,HIGH,2025-03-25,2025-03-26,2025-04-07,7.4,15,HIGH,Completed,12,Normal
ENG1295,AST0189,SEC039,Sleeper Replacement,Missing sleeper,4,LOW,2025-08-16,2025-08-19,2025-10-03,3.9,13,LOW,Cancelled,45,Low
ENG1296,AST0371,SEC071,Turnout Maintenance,Switch tongue wear,3,MEDIUM,2025-06-28,2025-07-01,2025-07-26,2.8,15,MEDIUM,Completed,25,Normal
ENG1297,AST0342,SEC042,Rail Inspection,Corrugation,2,HIGH,2025-07-17,2025-07-20,2025-08-03,2.1,12,HIGH,Pending,14,Normal
ENG1298,AST0283,SEC058,Rail Inspection,Corrugation,3,MEDIUM,2025-09-23,2025-09-24,2025-10-15,7.0,5,MEDIUM,Completed,21,Normal
ENG1299,AST0338,SEC038,Ballast Maintenance,Fouled ballast,5,LOW,2025-11-29,2025-12-02,2026-02-05,8.0,3,LOW,Pending,65,Low
ENG1300,AST0151,SEC001,Sleeper Replacement,Decayed wooden sleeper,1,CRITICAL,2025-02-11,2025-02-12,2025-02-18,9.2,3,HIGH,In Progress,6,Urgent
ENG1301,AST0097,SEC022,Turnout Maintenance,Switch tongue wear,3,MEDIUM,2025-09-10,2025-09-12,2025-10-07,7.9,5,MEDIUM,Completed,25,Normal
ENG1302,AST0376,SEC001,Rail Replacement,End-post fracture,5,LOW,2025-12-14,2025-12-17,2026-03-13,9.2,14,LOW,Completed,86,Low
ENG1303,AST0057,SEC057,Rail Replacement,Broken rail,3,MEDIUM,2025-11-09,2025-11-12,2025-11-30,11.1,7,MEDIUM,Pending,18,Normal
ENG1304,AST0123,SEC048,Rail Inspection,Surface defect,3,MEDIUM,2025-12-16,2025-12-19,2026-01-18,5.5,6,MEDIUM,Completed,30,Normal
ENG1305,AST0299,SEC074,Track Geometry Correction,Twist fault,3,MEDIUM,2025-05-01,2025-05-01,2025-05-22,9.5,13,MEDIUM,Completed,21,Normal
ENG1306,AST0153,SEC003,Welding,Weld crack,2,HIGH,2025-09-06,2025-09-09,2025-09-23,9.2,12,HIGH,Completed,14,Normal
ENG1307,AST0195,SEC045,Track Alignment,Lateral misalignment,4,LOW,2025-11-21,2025-11-24,2026-01-11,4.7,12,LOW,Completed,48,Low
ENG1308,AST0012,SEC012,Turnout Maintenance,Check rail gap,2,HIGH,2025-02-13,2025-02-13,2025-02-24,10.4,12,HIGH,Completed,11,Normal
ENG1309,AST0106,SEC031,Ballast Maintenance,Drainage blockage,3,MEDIUM,2025-06-10,2025-06-13,2025-07-02,8.4,11,MEDIUM,Scheduled,19,Normal
ENG1310,AST0007,SEC007,Rail Inspection,Rail crack,2,HIGH,2025-06-19,2025-06-21,2025-07-01,6.5,7,HIGH,Scheduled,10,Normal
ENG1311,AST0251,SEC026,Turnout Maintenance,Switch tongue wear,3,MEDIUM,2025-08-18,2025-08-20,2025-09-09,9.6,8,MEDIUM,Scheduled,20,Normal
ENG1312,AST0235,SEC010,Ballast Maintenance,Insufficient ballast,5,LOW,2025-06-16,2025-06-17,2025-09-09,8.5,13,LOW,Completed,84,Low
ENG1313,AST0191,SEC041,Turnout Maintenance,Point mechanism fault,4,LOW,2025-08-24,2025-08-25,2025-10-19,3.8,4,LOW,Scheduled,55,Low
ENG1314,AST0049,SEC049,Track Geometry Correction,Twist fault,2,HIGH,2025-01-11,2025-01-13,2025-01-26,5.8,4,HIGH,Pending,13,Normal
ENG1315,AST0353,SEC053,Track Alignment,Cant deficiency,3,MEDIUM,2025-05-10,2025-05-11,2025-05-28,1.2,13,MEDIUM,Pending,17,Normal
ENG1316,AST0085,SEC010,Sleeper Replacement,Broken concrete sleeper,4,LOW,2025-01-14,2025-01-15,2025-03-09,4.7,12,LOW,In Progress,53,Low
ENG1317,AST0208,SEC058,Rail Replacement,Severely worn rail,4,LOW,2025-03-19,2025-03-21,2025-05-20,6.3,8,LOW,Scheduled,60,Low
ENG1318,AST0268,SEC043,Rail Replacement,Rail end batter,1,CRITICAL,2025-09-10,2025-09-12,2025-09-15,6.2,6,HIGH,Scheduled,3,Urgent
ENG1319,AST0129,SEC054,Track Alignment,Lateral misalignment,4,LOW,2025-07-17,2025-07-20,2025-09-10,2.5,7,LOW,Pending,52,Low
ENG1320,AST0263,SEC038,Welding,Misaligned weld,2,HIGH,2025-04-18,2025-04-18,2025-05-02,11.4,12,HIGH,Pending,14,Normal
ENG1321,AST0239,SEC014,Turnout Maintenance,Switch tongue wear,2,HIGH,2025-09-02,2025-09-05,2025-09-13,5.3,10,HIGH,In Progress,8,Normal
ENG1322,AST0309,SEC009,Turnout Maintenance,Check rail gap,2,HIGH,2025-02-04,2025-02-04,2025-02-17,10.7,2,HIGH,Cancelled,13,Normal
ENG1323,AST0287,SEC062,Rail Inspection,Gauge deviation,2,HIGH,2025-06-10,2025-06-12,2025-06-26,2.2,4,HIGH,Pending,14,Normal
ENG1324,AST0062,SEC062,Rail Inspection,Rail crack,5,LOW,2025-08-11,2025-08-13,2025-10-24,3.4,5,LOW,Pending,72,Low
ENG1325,AST0018,SEC018,Welding,Thermit weld defect,4,LOW,2025-03-01,2025-03-03,2025-04-15,7.7,5,LOW,Pending,43,Low
ENG1326,AST0044,SEC044,Rail Replacement,Broken rail,5,LOW,2025-07-29,2025-07-31,2025-10-04,8.0,8,LOW,Pending,65,Low
ENG1327,AST0038,SEC038,Turnout Maintenance,Crossing nose defect,3,MEDIUM,2025-03-09,2025-03-11,2025-04-05,3.0,2,MEDIUM,Scheduled,25,Normal
ENG1328,AST0317,SEC017,Sleeper Replacement,Missing sleeper,1,CRITICAL,2025-11-16,2025-11-17,2025-11-23,10.9,6,HIGH,Pending,6,Urgent
ENG1329,AST0308,SEC008,Rail Replacement,Severely worn rail,3,MEDIUM,2025-03-18,2025-03-20,2025-04-12,1.8,14,MEDIUM,Pending,23,Normal
ENG1330,AST0383,SEC008,Ballast Maintenance,Insufficient ballast,1,CRITICAL,2025-05-26,2025-05-26,2025-05-29,9.5,15,HIGH,In Progress,3,Urgent
ENG1331,AST0292,SEC067,Ballast Maintenance,Insufficient ballast,5,LOW,2025-10-21,2025-10-24,2025-12-23,4.2,12,LOW,In Progress,60,Low
ENG1332,AST0167,SEC017,Welding,Weld crack,2,HIGH,2025-06-21,2025-06-23,2025-07-08,5.7,11,HIGH,Completed,15,Normal
ENG1333,AST0311,SEC011,Rail Replacement,Severely worn rail,4,LOW,2025-09-18,2025-09-20,2025-10-26,11.0,6,LOW,Completed,36,Low
ENG1334,AST0266,SEC041,Turnout Maintenance,Crossing nose defect,1,CRITICAL,2025-07-27,2025-07-27,2025-08-02,3.2,10,HIGH,Scheduled,6,Urgent
ENG1335,AST0315,SEC015,Rail Replacement,Rail end batter,3,MEDIUM,2025-06-25,2025-06-26,2025-07-15,7.6,5,MEDIUM,Cancelled,19,Normal
ENG1336,AST0171,SEC021,Sleeper Replacement,Cracked sleeper,2,HIGH,2025-03-29,2025-03-29,2025-04-05,5.8,11,HIGH,Completed,7,Urgent
ENG1337,AST0280,SEC055,Rail Inspection,Rail crack,1,CRITICAL,2025-10-30,2025-10-30,2025-11-02,11.4,12,HIGH,Pending,3,Urgent
ENG1338,AST0025,SEC025,Sleeper Replacement,Broken concrete sleeper,3,MEDIUM,2025-08-22,2025-08-25,2025-09-22,7.0,15,MEDIUM,Completed,28,Normal
ENG1339,AST0363,SEC063,Rail Replacement,Broken rail,3,MEDIUM,2025-11-25,2025-11-27,2025-12-16,5.8,14,MEDIUM,Scheduled,19,Normal
ENG1340,AST0207,SEC057,Rail Replacement,Rail end batter,1,CRITICAL,2025-04-16,2025-04-18,2025-04-21,1.2,12,HIGH,Completed,3,Urgent
ENG1341,AST0320,SEC020,Track Geometry Correction,Cross-level error,4,LOW,2025-03-07,2025-03-09,2025-04-17,2.5,6,LOW,Completed,39,Low
ENG1342,AST0280,SEC055,Sleeper Replacement,Missing sleeper,3,MEDIUM,2025-01-30,2025-02-02,2025-02-25,5.0,2,MEDIUM,Cancelled,23,Normal
ENG1343,AST0043,SEC043,Turnout Maintenance,Crossing nose defect,4,LOW,2025-11-13,2025-11-14,2025-12-10,6.6,13,LOW,Completed,26,Normal
ENG1344,AST0066,SEC066,Track Alignment,Cant deficiency,3,MEDIUM,2025-06-01,2025-06-02,2025-06-20,4.0,9,MEDIUM,Cancelled,18,Normal
ENG1345,AST0221,SEC071,Rail Replacement,Severely worn rail,2,HIGH,2025-01-25,2025-01-28,2025-02-11,5.6,2,HIGH,In Progress,14,Normal
ENG1346,AST0241,SEC016,Turnout Maintenance,Check rail gap,1,CRITICAL,2025-10-05,2025-10-06,2025-10-09,9.5,3,HIGH,Pending,3,Urgent
ENG1347,AST0055,SEC055,Sleeper Replacement,Decayed wooden sleeper,4,LOW,2025-11-02,2025-11-04,2025-12-31,4.2,15,LOW,Pending,57,Low
ENG1348,AST0232,SEC007,Track Geometry Correction,Twist fault,1,CRITICAL,2025-08-17,2025-08-20,2025-08-26,5.6,3,HIGH,Completed,6,Urgent
ENG1349,AST0003,SEC003,Turnout Maintenance,Point mechanism fault,2,HIGH,2025-06-12,2025-06-15,2025-06-28,10.7,4,HIGH,Pending,13,Normal
ENG1350,AST0202,SEC052,Track Geometry Correction,Twist fault,3,MEDIUM,2025-01-17,2025-01-20,2025-02-13,8.2,12,MEDIUM,Pending,24,Normal
ENG1351,AST0399,SEC024,Track Geometry Correction,Gauge irregularity,3,MEDIUM,2025-08-17,2025-08-20,2025-09-13,2.6,7,MEDIUM,Pending,24,Normal
ENG1352,AST0356,SEC056,Rail Inspection,Corrugation,5,LOW,2025-09-18,2025-09-19,2025-12-13,10.1,8,LOW,Completed,85,Low
ENG1353,AST0241,SEC016,Rail Replacement,Severely worn rail,3,MEDIUM,2025-06-05,2025-06-07,2025-06-27,9.9,8,MEDIUM,Scheduled,20,Normal
ENG1354,AST0079,SEC004,Welding,Weld crack,4,LOW,2025-10-18,2025-10-18,2025-12-04,8.3,8,LOW,Scheduled,47,Low
ENG1355,AST0206,SEC056,Rail Inspection,Rail crack,4,LOW,2025-07-22,2025-07-22,2025-08-17,4.6,4,LOW,Completed,26,Normal
ENG1356,AST0306,SEC006,Track Geometry Correction,Alignment defect,5,LOW,2025-03-29,2025-04-01,2025-05-27,3.6,9,LOW,Completed,56,Low
ENG1357,AST0240,SEC015,Sleeper Replacement,Missing sleeper,2,HIGH,2025-06-14,2025-06-14,2025-06-23,9.7,7,HIGH,Completed,9,Normal
ENG1358,AST0042,SEC042,Rail Inspection,Gauge deviation,1,CRITICAL,2025-08-18,2025-08-18,2025-08-24,4.0,11,HIGH,Pending,6,Urgent
ENG1359,AST0238,SEC013,Rail Inspection,Worn rail head,4,LOW,2025-04-25,2025-04-26,2025-05-24,3.9,11,LOW,In Progress,28,Normal
ENG1360,AST0088,SEC013,Sleeper Replacement,Broken concrete sleeper,3,MEDIUM,2025-05-30,2025-06-02,2025-06-20,7.5,11,MEDIUM,Pending,18,Normal
ENG1361,AST0146,SEC071,Rail Inspection,Corrugation,2,HIGH,2025-07-19,2025-07-19,2025-08-02,8.8,13,HIGH,Pending,14,Normal
ENG1362,AST0252,SEC027,Track Alignment,Lateral misalignment,5,LOW,2025-10-11,2025-10-12,2026-01-09,1.6,14,LOW,In Progress,89,Low
ENG1363,AST0105,SEC030,Ballast Maintenance,Drainage blockage,2,HIGH,2025-08-05,2025-08-05,2025-08-16,9.2,8,HIGH,In Progress,11,Normal
ENG1364,AST0370,SEC070,Rail Inspection,Rail crack,5,LOW,2025-11-15,2025-11-15,2025-12-25,3.3,2,LOW,Completed,40,Low
ENG1365,AST0178,SEC028,Sleeper Replacement,Missing sleeper,3,MEDIUM,2025-02-13,2025-02-16,2025-03-15,7.2,9,MEDIUM,In Progress,27,Normal
ENG1366,AST0079,SEC004,Rail Inspection,Surface defect,1,CRITICAL,2025-06-04,2025-06-06,2025-06-12,8.9,15,HIGH,Scheduled,6,Urgent
ENG1367,AST0072,SEC072,Welding,Misaligned weld,4,LOW,2025-05-16,2025-05-18,2025-06-27,5.3,13,LOW,Completed,40,Low
ENG1368,AST0157,SEC007,Rail Inspection,Worn rail head,3,MEDIUM,2025-01-22,2025-01-25,2025-02-18,9.5,11,MEDIUM,Pending,24,Normal
ENG1369,AST0254,SEC029,Rail Inspection,Corrugation,3,MEDIUM,2025-10-11,2025-10-14,2025-11-07,10.0,8,MEDIUM,Pending,24,Normal
ENG1370,AST0210,SEC060,Ballast Maintenance,Drainage blockage,4,LOW,2025-08-09,2025-08-10,2025-10-09,8.2,14,LOW,Pending,60,Low
ENG1371,AST0005,SEC005,Ballast Maintenance,Drainage blockage,1,CRITICAL,2025-03-25,2025-03-28,2025-04-01,8.8,15,HIGH,Pending,4,Urgent
ENG1372,AST0066,SEC066,Rail Replacement,Severely worn rail,5,LOW,2025-04-20,2025-04-21,2025-06-06,2.3,12,LOW,Completed,46,Low
ENG1373,AST0228,SEC003,Welding,Weld depression,2,HIGH,2025-06-29,2025-07-02,2025-07-09,4.5,7,HIGH,Completed,7,Urgent
ENG1374,AST0206,SEC056,Rail Inspection,Surface defect,3,MEDIUM,2025-02-19,2025-02-21,2025-03-23,10.3,2,MEDIUM,Pending,30,Normal
ENG1375,AST0382,SEC007,Sleeper Replacement,Broken concrete sleeper,3,MEDIUM,2025-07-12,2025-07-13,2025-08-12,9.3,14,MEDIUM,Completed,30,Normal
ENG1376,AST0048,SEC048,Turnout Maintenance,Point mechanism fault,3,MEDIUM,2025-08-23,2025-08-24,2025-09-10,6.9,8,MEDIUM,Completed,17,Normal
ENG1377,AST0223,SEC073,Sleeper Replacement,Decayed wooden sleeper,3,MEDIUM,2025-03-09,2025-03-10,2025-04-04,10.0,6,MEDIUM,Scheduled,25,Normal
ENG1378,AST0298,SEC073,Welding,Thermit weld defect,2,HIGH,2025-09-01,2025-09-04,2025-09-19,9.1,14,HIGH,Pending,15,Normal
ENG1379,AST0143,SEC068,Track Alignment,Cant deficiency,3,MEDIUM,2025-11-08,2025-11-09,2025-11-23,5.3,9,MEDIUM,Completed,14,Normal
ENG1380,AST0305,SEC005,Track Geometry Correction,Alignment defect,3,MEDIUM,2025-03-19,2025-03-21,2025-04-16,6.0,14,MEDIUM,Completed,26,Normal
ENG1381,AST0011,SEC011,Sleeper Replacement,Broken concrete sleeper,2,HIGH,2025-07-25,2025-07-26,2025-08-10,8.3,15,HIGH,Completed,15,Normal
ENG1382,AST0007,SEC007,Track Alignment,Cant deficiency,2,HIGH,2025-05-21,2025-05-22,2025-06-01,6.9,2,HIGH,Scheduled,10,Normal
ENG1383,AST0371,SEC071,Turnout Maintenance,Point mechanism fault,2,HIGH,2025-02-01,2025-02-02,2025-02-09,11.8,4,HIGH,Scheduled,7,Urgent
ENG1384,AST0039,SEC039,Turnout Maintenance,Check rail gap,4,LOW,2025-11-25,2025-11-27,2026-01-01,8.8,14,LOW,Completed,35,Low
ENG1385,AST0031,SEC031,Rail Replacement,Severely worn rail,1,CRITICAL,2025-11-04,2025-11-06,2025-11-12,5.8,5,HIGH,Scheduled,6,Urgent
ENG1386,AST0249,SEC024,Track Alignment,Vertical misalignment,4,LOW,2025-01-28,2025-01-29,2025-03-26,6.6,11,LOW,Completed,56,Low
ENG1387,AST0081,SEC006,Track Alignment,Vertical misalignment,2,HIGH,2025-05-04,2025-05-05,2025-05-13,7.8,8,HIGH,Scheduled,8,Normal
ENG1388,AST0223,SEC073,Track Geometry Correction,Twist fault,1,CRITICAL,2025-09-09,2025-09-11,2025-09-15,2.8,12,HIGH,Pending,4,Urgent
ENG1389,AST0079,SEC004,Ballast Maintenance,Vegetation growth,3,MEDIUM,2025-03-19,2025-03-22,2025-04-11,8.1,5,MEDIUM,Scheduled,20,Normal
ENG1390,AST0397,SEC022,Welding,Weld crack,3,MEDIUM,2025-07-06,2025-07-08,2025-07-30,11.9,12,MEDIUM,Completed,22,Normal
ENG1391,AST0248,SEC023,Ballast Maintenance,Fouled ballast,4,LOW,2025-11-30,2025-11-30,2026-01-20,12.0,12,LOW,Pending,51,Low
ENG1392,AST0137,SEC062,Welding,Misaligned weld,3,MEDIUM,2025-10-31,2025-11-03,2025-11-27,1.5,9,MEDIUM,Cancelled,24,Normal
ENG1393,AST0056,SEC056,Track Geometry Correction,Twist fault,3,MEDIUM,2025-02-20,2025-02-21,2025-03-08,3.9,14,MEDIUM,Completed,15,Normal
ENG1394,AST0189,SEC039,Welding,Weld depression,3,MEDIUM,2025-01-27,2025-01-27,2025-02-21,9.4,9,MEDIUM,Completed,25,Normal
ENG1395,AST0030,SEC030,Track Geometry Correction,Alignment defect,2,HIGH,2025-06-09,2025-06-10,2025-06-21,3.3,10,HIGH,Pending,11,Normal
ENG1396,AST0248,SEC023,Track Geometry Correction,Alignment defect,3,MEDIUM,2025-05-18,2025-05-18,2025-06-13,3.7,5,MEDIUM,Completed,26,Normal
ENG1397,AST0036,SEC036,Track Geometry Correction,Cross-level error,3,MEDIUM,2025-11-06,2025-11-08,2025-11-25,5.1,4,MEDIUM,Pending,17,Normal
ENG1398,AST0054,SEC054,Turnout Maintenance,Switch tongue wear,3,MEDIUM,2025-07-23,2025-07-23,2025-08-08,10.8,12,MEDIUM,Scheduled,16,Normal
ENG1399,AST0350,SEC050,Sleeper Replacement,Broken concrete sleeper,3,MEDIUM,2025-11-03,2025-11-05,2025-11-26,7.0,7,MEDIUM,Scheduled,21,Normal
ENG1400,AST0354,SEC054,Rail Replacement,Broken rail,3,MEDIUM,2025-02-23,2025-02-26,2025-03-18,10.7,5,MEDIUM,Pending,20,Normal
ENG1401,AST0379,SEC004,Track Geometry Correction,Alignment defect,3,MEDIUM,2025-01-04,2025-01-07,2025-02-01,4.2,4,MEDIUM,Completed,25,Normal
ENG1402,AST0101,SEC026,Rail Inspection,Surface defect,3,MEDIUM,2025-08-09,2025-08-09,2025-09-06,5.2,5,MEDIUM,Completed,28,Normal
ENG1403,AST0322,SEC022,Turnout Maintenance,Check rail gap,4,LOW,2025-10-06,2025-10-09,2025-11-12,1.0,3,LOW,Pending,34,Low
ENG1404,AST0017,SEC017,Turnout Maintenance,Crossing nose defect,3,MEDIUM,2025-06-03,2025-06-05,2025-06-20,6.0,8,MEDIUM,Scheduled,15,Normal
ENG1405,AST0285,SEC060,Track Geometry Correction,Gauge irregularity,4,LOW,2025-10-05,2025-10-05,2025-11-03,7.9,7,LOW,Completed,29,Normal
ENG1406,AST0129,SEC054,Welding,Weld crack,2,HIGH,2025-09-08,2025-09-10,2025-09-22,11.3,10,HIGH,Scheduled,12,Normal
ENG1407,AST0308,SEC008,Sleeper Replacement,Missing sleeper,4,LOW,2025-03-20,2025-03-20,2025-05-17,8.1,6,LOW,Completed,58,Low
ENG1408,AST0173,SEC023,Rail Inspection,Rail crack,5,LOW,2025-05-02,2025-05-05,2025-07-28,6.1,13,LOW,Completed,84,Low
ENG1409,AST0112,SEC037,Rail Inspection,Worn rail head,2,HIGH,2025-07-13,2025-07-13,2025-07-25,2.5,12,HIGH,Scheduled,12,Normal
ENG1410,AST0131,SEC056,Sleeper Replacement,Missing sleeper,2,HIGH,2025-10-16,2025-10-18,2025-11-02,10.1,2,HIGH,Completed,15,Normal
ENG1411,AST0074,SEC074,Sleeper Replacement,Broken concrete sleeper,1,CRITICAL,2025-05-04,2025-05-05,2025-05-09,3.8,9,HIGH,Scheduled,4,Urgent
ENG1412,AST0370,SEC070,Welding,Weld crack,4,LOW,2025-11-19,2025-11-20,2026-01-07,8.8,9,LOW,Completed,48,Low
ENG1413,AST0388,SEC013,Turnout Maintenance,Crossing nose defect,4,LOW,2025-05-01,2025-05-03,2025-06-03,6.5,2,LOW,Completed,31,Low
ENG1414,AST0190,SEC040,Ballast Maintenance,Vegetation growth,5,LOW,2025-04-12,2025-04-12,2025-06-07,2.9,4,LOW,Pending,56,Low
ENG1415,AST0164,SEC014,Welding,Thermit weld defect,3,MEDIUM,2025-11-10,2025-11-13,2025-12-08,1.4,4,MEDIUM,Pending,25,Normal
ENG1416,AST0104,SEC029,Rail Replacement,End-post fracture,4,LOW,2025-10-01,2025-10-04,2025-11-11,11.7,7,LOW,Completed,38,Low
ENG1417,AST0032,SEC032,Rail Inspection,Gauge deviation,2,HIGH,2025-07-05,2025-07-07,2025-07-21,10.4,14,HIGH,Scheduled,14,Normal
ENG1418,AST0329,SEC029,Rail Replacement,End-post fracture,3,MEDIUM,2025-10-20,2025-10-21,2025-11-19,11.1,4,MEDIUM,Scheduled,29,Normal
ENG1419,AST0315,SEC015,Track Alignment,Vertical misalignment,3,MEDIUM,2025-08-10,2025-08-10,2025-09-02,8.6,2,MEDIUM,Completed,23,Normal
ENG1420,AST0027,SEC027,Rail Replacement,Rail end batter,3,MEDIUM,2025-03-22,2025-03-22,2025-04-17,9.7,2,MEDIUM,Scheduled,26,Normal
ENG1421,AST0005,SEC005,Turnout Maintenance,Check rail gap,2,HIGH,2025-01-15,2025-01-15,2025-01-25,10.8,4,HIGH,Completed,10,Normal
ENG1422,AST0393,SEC018,Track Geometry Correction,Twist fault,3,MEDIUM,2025-08-08,2025-08-09,2025-09-08,7.6,13,MEDIUM,Completed,30,Normal
ENG1423,AST0360,SEC060,Rail Inspection,Worn rail head,4,LOW,2025-08-28,2025-08-29,2025-09-27,5.0,15,LOW,Scheduled,29,Normal
ENG1424,AST0193,SEC043,Track Geometry Correction,Gauge irregularity,1,CRITICAL,2025-01-24,2025-01-25,2025-02-01,7.8,5,HIGH,Completed,7,Urgent
ENG1425,AST0295,SEC070,Track Alignment,Lateral misalignment,2,HIGH,2025-06-02,2025-06-04,2025-06-19,10.7,9,HIGH,In Progress,15,Normal
ENG1426,AST0190,SEC040,Track Alignment,Buckling risk,2,HIGH,2025-03-27,2025-03-28,2025-04-06,8.4,8,HIGH,Completed,9,Normal
ENG1427,AST0035,SEC035,Rail Replacement,Rail end batter,4,LOW,2025-10-28,2025-10-28,2025-11-28,7.1,13,LOW,Pending,31,Low
ENG1428,AST0306,SEC006,Track Geometry Correction,Gauge irregularity,5,LOW,2025-08-24,2025-08-25,2025-11-10,3.5,4,LOW,Scheduled,77,Low
ENG1429,AST0133,SEC058,Turnout Maintenance,Switch tongue wear,2,HIGH,2025-07-18,2025-07-21,2025-08-01,11.3,13,HIGH,In Progress,11,Normal
ENG1430,AST0054,SEC054,Ballast Maintenance,Insufficient ballast,2,HIGH,2025-11-16,2025-11-18,2025-11-27,10.9,5,HIGH,Cancelled,9,Normal
ENG1431,AST0012,SEC012,Rail Inspection,Rail crack,2,HIGH,2025-07-12,2025-07-12,2025-07-19,5.5,7,HIGH,In Progress,7,Urgent
ENG1432,AST0122,SEC047,Sleeper Replacement,Missing sleeper,4,LOW,2025-04-30,2025-05-03,2025-06-18,4.6,4,LOW,Completed,46,Low
ENG1433,AST0394,SEC019,Sleeper Replacement,Decayed wooden sleeper,3,MEDIUM,2025-03-22,2025-03-24,2025-04-09,6.8,12,MEDIUM,Pending,16,Normal
ENG1434,AST0156,SEC006,Rail Inspection,Worn rail head,2,HIGH,2025-09-15,2025-09-16,2025-10-01,3.0,8,HIGH,Completed,15,Normal
ENG1435,AST0224,SEC074,Rail Inspection,Worn rail head,3,MEDIUM,2025-03-26,2025-03-28,2025-04-27,3.5,4,MEDIUM,Scheduled,30,Normal
ENG1436,AST0392,SEC017,Track Geometry Correction,Twist fault,4,LOW,2025-02-25,2025-02-27,2025-04-27,3.6,2,LOW,Cancelled,59,Low
ENG1437,AST0047,SEC047,Track Geometry Correction,Twist fault,4,LOW,2025-02-14,2025-02-16,2025-04-07,4.1,7,LOW,Scheduled,50,Low
ENG1438,AST0301,SEC001,Track Alignment,Vertical misalignment,3,MEDIUM,2025-06-06,2025-06-09,2025-06-23,5.0,11,MEDIUM,In Progress,14,Normal
ENG1439,AST0200,SEC050,Track Alignment,Cant deficiency,2,HIGH,2025-11-24,2025-11-26,2025-12-10,4.2,13,HIGH,Cancelled,14,Normal
ENG1440,AST0151,SEC001,Turnout Maintenance,Crossing nose defect,3,MEDIUM,2025-04-02,2025-04-03,2025-04-26,11.8,13,MEDIUM,Scheduled,23,Normal
ENG1441,AST0395,SEC020,Sleeper Replacement,Cracked sleeper,2,HIGH,2025-02-09,2025-02-10,2025-02-23,2.5,3,HIGH,Completed,13,Normal
ENG1442,AST0215,SEC065,Rail Replacement,Broken rail,2,HIGH,2025-11-01,2025-11-04,2025-11-13,3.2,11,HIGH,Scheduled,9,Normal
ENG1443,AST0008,SEC008,Rail Replacement,Broken rail,3,MEDIUM,2025-11-19,2025-11-20,2025-12-18,4.4,3,MEDIUM,Completed,28,Normal
ENG1444,AST0134,SEC059,Rail Inspection,Corrugation,5,LOW,2025-01-20,2025-01-21,2025-03-05,5.2,2,LOW,Scheduled,43,Low
ENG1445,AST0203,SEC053,Rail Inspection,Surface defect,5,LOW,2025-11-17,2025-11-20,2026-01-30,10.7,2,LOW,Scheduled,71,Low
ENG1446,AST0318,SEC018,Turnout Maintenance,Switch tongue wear,4,LOW,2025-01-09,2025-01-10,2025-03-06,11.6,8,LOW,In Progress,55,Low
ENG1447,AST0227,SEC002,Track Geometry Correction,Alignment defect,2,HIGH,2025-06-24,2025-06-24,2025-07-04,7.1,4,HIGH,Completed,10,Normal
ENG1448,AST0302,SEC002,Sleeper Replacement,Cracked sleeper,4,LOW,2025-07-23,2025-07-25,2025-08-19,5.8,5,LOW,Scheduled,25,Normal
ENG1449,AST0288,SEC063,Track Alignment,Lateral misalignment,4,LOW,2025-09-22,2025-09-24,2025-11-08,2.3,14,LOW,Completed,45,Low
ENG1450,AST0224,SEC074,Rail Replacement,Severely worn rail,1,CRITICAL,2025-04-04,2025-04-07,2025-04-11,11.9,7,HIGH,Completed,4,Urgent
ENG1451,AST0089,SEC014,Welding,Weld depression,2,HIGH,2025-10-06,2025-10-06,2025-10-21,4.9,15,HIGH,Cancelled,15,Normal
ENG1452,AST0041,SEC041,Rail Inspection,Worn rail head,4,LOW,2025-11-15,2025-11-17,2025-12-26,1.7,7,LOW,Completed,39,Low
ENG1453,AST0191,SEC041,Ballast Maintenance,Insufficient ballast,3,MEDIUM,2025-08-04,2025-08-05,2025-09-02,8.2,7,MEDIUM,Cancelled,28,Normal
ENG1454,AST0341,SEC041,Ballast Maintenance,Vegetation growth,3,MEDIUM,2025-06-16,2025-06-16,2025-07-14,4.7,9,MEDIUM,Scheduled,28,Normal
ENG1455,AST0041,SEC041,Turnout Maintenance,Switch tongue wear,5,LOW,2025-11-06,2025-11-06,2025-12-20,9.5,11,LOW,Completed,44,Low
ENG1456,AST0328,SEC028,Track Geometry Correction,Alignment defect,3,MEDIUM,2025-10-22,2025-10-22,2025-11-18,2.3,15,MEDIUM,Completed,27,Normal
ENG1457,AST0311,SEC011,Rail Inspection,Rail crack,2,HIGH,2025-12-03,2025-12-05,2025-12-15,1.1,6,HIGH,Completed,10,Normal
ENG1458,AST0230,SEC005,Sleeper Replacement,Missing sleeper,5,LOW,2025-10-29,2025-10-29,2025-12-18,9.0,5,LOW,Completed,50,Low
ENG1459,AST0325,SEC025,Sleeper Replacement,Broken concrete sleeper,3,MEDIUM,2025-08-17,2025-08-18,2025-09-10,8.5,7,MEDIUM,Cancelled,23,Normal
ENG1460,AST0183,SEC033,Welding,Weld depression,3,MEDIUM,2025-12-06,2025-12-09,2026-01-01,7.7,4,MEDIUM,Cancelled,23,Normal
ENG1461,AST0103,SEC028,Rail Replacement,Severely worn rail,3,MEDIUM,2025-02-02,2025-02-04,2025-02-21,1.3,13,MEDIUM,In Progress,17,Normal
ENG1462,AST0351,SEC051,Sleeper Replacement,Broken concrete sleeper,3,MEDIUM,2025-03-13,2025-03-13,2025-04-02,6.1,13,MEDIUM,Pending,20,Normal
ENG1463,AST0276,SEC051,Sleeper Replacement,Cracked sleeper,3,MEDIUM,2025-09-27,2025-09-29,2025-10-26,7.7,10,MEDIUM,Completed,27,Normal
ENG1464,AST0342,SEC042,Turnout Maintenance,Point mechanism fault,1,CRITICAL,2025-03-02,2025-03-04,2025-03-09,5.1,10,HIGH,Scheduled,5,Urgent
ENG1465,AST0071,SEC071,Track Alignment,Vertical misalignment,3,MEDIUM,2025-06-22,2025-06-24,2025-07-22,4.1,13,MEDIUM,Completed,28,Normal
ENG1466,AST0203,SEC053,Turnout Maintenance,Point mechanism fault,4,LOW,2025-02-26,2025-03-01,2025-04-29,9.7,2,LOW,Completed,59,Low
ENG1467,AST0394,SEC019,Turnout Maintenance,Check rail gap,2,HIGH,2025-03-20,2025-03-20,2025-04-01,6.8,12,HIGH,Pending,12,Normal
ENG1468,AST0313,SEC013,Rail Inspection,Rail crack,4,LOW,2025-09-25,2025-09-28,2025-11-06,1.2,8,LOW,Scheduled,39,Low
ENG1469,AST0038,SEC038,Track Geometry Correction,Twist fault,5,LOW,2025-11-15,2025-11-17,2026-01-11,8.3,14,LOW,Pending,55,Low
ENG1470,AST0140,SEC065,Track Geometry Correction,Twist fault,1,CRITICAL,2025-02-19,2025-02-22,2025-02-25,1.4,11,HIGH,Pending,3,Urgent
ENG1471,AST0118,SEC043,Welding,Weld crack,3,MEDIUM,2025-05-19,2025-05-19,2025-06-15,5.3,14,MEDIUM,Pending,27,Normal
ENG1472,AST0217,SEC067,Rail Replacement,Severely worn rail,4,LOW,2025-05-14,2025-05-16,2025-06-13,10.9,11,LOW,Completed,28,Normal
ENG1473,AST0260,SEC035,Sleeper Replacement,Broken concrete sleeper,2,HIGH,2025-05-25,2025-05-25,2025-06-07,10.1,15,HIGH,Pending,13,Normal
ENG1474,AST0394,SEC019,Track Geometry Correction,Twist fault,3,MEDIUM,2025-07-10,2025-07-12,2025-08-03,4.7,10,MEDIUM,Pending,22,Normal
ENG1475,AST0349,SEC049,Welding,Misaligned weld,5,LOW,2025-09-10,2025-09-13,2025-11-07,2.6,14,LOW,Scheduled,55,Low
ENG1476,AST0070,SEC070,Sleeper Replacement,Cracked sleeper,5,LOW,2025-11-04,2025-11-07,2026-01-07,5.6,3,LOW,Completed,61,Low
ENG1477,AST0034,SEC034,Turnout Maintenance,Check rail gap,3,MEDIUM,2025-01-10,2025-01-11,2025-01-27,11.7,3,MEDIUM,Scheduled,16,Normal
ENG1478,AST0207,SEC057,Track Geometry Correction,Twist fault,4,LOW,2025-06-22,2025-06-23,2025-08-21,8.8,11,LOW,Scheduled,59,Low
ENG1479,AST0193,SEC043,Track Alignment,Lateral misalignment,4,LOW,2025-08-24,2025-08-26,2025-10-04,11.8,4,LOW,Cancelled,39,Low
ENG1480,AST0038,SEC038,Rail Replacement,End-post fracture,3,MEDIUM,2025-06-07,2025-06-09,2025-06-24,10.0,15,MEDIUM,Pending,15,Normal
ENG1481,AST0278,SEC053,Sleeper Replacement,Decayed wooden sleeper,2,HIGH,2025-04-08,2025-04-10,2025-04-19,10.8,9,HIGH,Pending,9,Normal
ENG1482,AST0184,SEC034,Welding,Thermit weld defect,2,HIGH,2025-02-05,2025-02-05,2025-02-18,12.0,10,HIGH,Cancelled,13,Normal
ENG1483,AST0293,SEC068,Track Alignment,Lateral misalignment,3,MEDIUM,2025-08-22,2025-08-22,2025-09-10,7.7,7,MEDIUM,In Progress,19,Normal
ENG1484,AST0131,SEC056,Track Alignment,Lateral misalignment,3,MEDIUM,2025-01-06,2025-01-08,2025-01-24,4.4,6,MEDIUM,Cancelled,16,Normal
ENG1485,AST0129,SEC054,Rail Inspection,Worn rail head,1,CRITICAL,2025-06-29,2025-06-29,2025-07-02,1.1,2,HIGH,Completed,3,Urgent
ENG1486,AST0392,SEC017,Rail Replacement,End-post fracture,2,HIGH,2025-06-01,2025-06-02,2025-06-13,2.0,5,HIGH,Completed,11,Normal
ENG1487,AST0290,SEC065,Track Geometry Correction,Cross-level error,5,LOW,2025-10-21,2025-10-22,2026-01-08,2.1,13,LOW,Completed,78,Low
ENG1488,AST0117,SEC042,Turnout Maintenance,Point mechanism fault,4,LOW,2025-12-13,2025-12-16,2026-02-04,1.3,4,LOW,Cancelled,50,Low
ENG1489,AST0095,SEC020,Track Geometry Correction,Cross-level error,1,CRITICAL,2025-03-10,2025-03-12,2025-03-18,5.3,14,HIGH,Completed,6,Urgent
ENG1490,AST0084,SEC009,Welding,Misaligned weld,5,LOW,2025-10-15,2025-10-16,2025-12-01,2.9,2,LOW,Completed,46,Low
ENG1491,AST0245,SEC020,Sleeper Replacement,Decayed wooden sleeper,3,MEDIUM,2025-08-27,2025-08-27,2025-09-20,1.9,14,MEDIUM,In Progress,24,Normal
ENG1492,AST0175,SEC025,Welding,Weld crack,3,MEDIUM,2025-10-23,2025-10-25,2025-11-22,5.1,3,MEDIUM,Completed,28,Normal
ENG1493,AST0044,SEC044,Track Geometry Correction,Cross-level error,4,LOW,2025-11-06,2025-11-08,2025-12-24,8.1,9,LOW,Cancelled,46,Low
ENG1494,AST0289,SEC064,Rail Replacement,Rail end batter,1,CRITICAL,2025-04-21,2025-04-23,2025-04-27,7.8,3,HIGH,Completed,4,Urgent
ENG1495,AST0360,SEC060,Rail Replacement,Rail end batter,3,MEDIUM,2025-10-27,2025-10-30,2025-11-26,10.2,15,MEDIUM,Completed,27,Normal
ENG1496,AST0273,SEC048,Track Geometry Correction,Twist fault,4,LOW,2025-09-13,2025-09-15,2025-10-10,10.6,5,LOW,In Progress,25,Normal
ENG1497,AST0157,SEC007,Ballast Maintenance,Drainage blockage,4,LOW,2025-04-20,2025-04-20,2025-06-09,7.1,9,LOW,Scheduled,50,Low
ENG1498,AST0082,SEC007,Welding,Thermit weld defect,3,MEDIUM,2025-03-04,2025-03-06,2025-03-27,4.0,13,MEDIUM,Pending,21,Normal
ENG1499,AST0065,SEC065,Rail Replacement,End-post fracture,3,MEDIUM,2025-04-05,2025-04-06,2025-04-25,5.4,14,MEDIUM,Cancelled,19,Normal
ENG1500,AST0040,SEC040,Track Alignment,Buckling risk,3,MEDIUM,2025-09-21,2025-09-24,2025-10-09,7.9,7,MEDIUM,Scheduled,15,Normal
ENG1501,AST0159,SEC009,Track Alignment,Cant deficiency,3,MEDIUM,2025-04-17,2025-04-17,2025-05-15,4.4,14,MEDIUM,Pending,28,Normal
ENG1502,AST0239,SEC014,Track Alignment,Cant deficiency,3,MEDIUM,2025-01-05,2025-01-05,2025-02-04,8.4,3,MEDIUM,Completed,30,Normal
ENG1503,AST0191,SEC041,Track Geometry Correction,Alignment defect,2,HIGH,2025-12-13,2025-12-15,2025-12-23,10.3,6,HIGH,Completed,8,Normal
ENG1504,AST0365,SEC065,Ballast Maintenance,Insufficient ballast,5,LOW,2025-06-23,2025-06-26,2025-08-19,7.2,4,LOW,In Progress,54,Low
ENG1505,AST0167,SEC017,Track Alignment,Lateral misalignment,3,MEDIUM,2025-10-11,2025-10-13,2025-11-08,8.5,11,MEDIUM,Pending,26,Normal
ENG1506,AST0351,SEC051,Turnout Maintenance,Check rail gap,4,LOW,2025-03-05,2025-03-06,2025-04-10,5.0,2,LOW,Scheduled,35,Low
ENG1507,AST0188,SEC038,Track Geometry Correction,Gauge irregularity,3,MEDIUM,2025-01-31,2025-01-31,2025-02-28,10.0,11,MEDIUM,Pending,28,Normal
ENG1508,AST0364,SEC064,Rail Replacement,End-post fracture,4,LOW,2025-01-16,2025-01-18,2025-03-19,8.5,13,LOW,Completed,60,Low
ENG1509,AST0309,SEC009,Track Geometry Correction,Cross-level error,5,LOW,2025-11-25,2025-11-27,2026-02-11,7.3,15,LOW,Completed,76,Low
ENG1510,AST0194,SEC044,Turnout Maintenance,Point mechanism fault,4,LOW,2025-08-06,2025-08-08,2025-10-01,1.3,15,LOW,Scheduled,54,Low
ENG1511,AST0323,SEC023,Track Geometry Correction,Cross-level error,4,LOW,2025-04-04,2025-04-04,2025-05-03,2.9,5,LOW,Pending,29,Normal
ENG1512,AST0256,SEC031,Sleeper Replacement,Missing sleeper,3,MEDIUM,2025-01-18,2025-01-20,2025-02-19,11.5,15,MEDIUM,Scheduled,30,Normal
ENG1513,AST0297,SEC072,Rail Inspection,Worn rail head,3,MEDIUM,2025-01-23,2025-01-25,2025-02-24,8.2,2,MEDIUM,Scheduled,30,Normal
ENG1514,AST0040,SEC040,Rail Inspection,Worn rail head,3,MEDIUM,2025-05-06,2025-05-06,2025-05-21,1.8,13,MEDIUM,Completed,15,Normal
ENG1515,AST0097,SEC022,Sleeper Replacement,Cracked sleeper,4,LOW,2025-10-03,2025-10-03,2025-11-17,9.8,13,LOW,Completed,45,Low
ENG1516,AST0278,SEC053,Track Geometry Correction,Twist fault,3,MEDIUM,2025-10-01,2025-10-01,2025-10-22,2.3,2,MEDIUM,In Progress,21,Normal
ENG1517,AST0119,SEC044,Welding,Misaligned weld,2,HIGH,2025-05-20,2025-05-23,2025-06-04,11.2,11,HIGH,Scheduled,12,Normal
ENG1518,AST0082,SEC007,Ballast Maintenance,Fouled ballast,3,MEDIUM,2025-12-06,2025-12-09,2026-01-04,4.4,6,MEDIUM,Pending,26,Normal
ENG1519,AST0250,SEC025,Welding,Weld crack,5,LOW,2025-11-24,2025-11-27,2026-01-23,10.6,5,LOW,Completed,57,Low
ENG1520,AST0133,SEC058,Ballast Maintenance,Fouled ballast,2,HIGH,2025-10-05,2025-10-08,2025-10-22,2.9,12,HIGH,Completed,14,Normal
ENG1521,AST0335,SEC035,Turnout Maintenance,Crossing nose defect,3,MEDIUM,2025-10-07,2025-10-10,2025-11-09,1.2,3,MEDIUM,Completed,30,Normal
ENG1522,AST0337,SEC037,Welding,Weld depression,2,HIGH,2025-01-18,2025-01-18,2025-02-01,8.3,2,HIGH,Cancelled,14,Normal
ENG1523,AST0308,SEC008,Ballast Maintenance,Vegetation growth,5,LOW,2025-07-08,2025-07-08,2025-08-26,3.1,5,LOW,Pending,49,Low
ENG1524,AST0298,SEC073,Rail Inspection,Corrugation,4,LOW,2025-06-16,2025-06-19,2025-08-07,1.5,14,LOW,Cancelled,49,Low
ENG1525,AST0289,SEC064,Welding,Weld depression,2,HIGH,2025-11-04,2025-11-07,2025-11-17,5.2,6,HIGH,In Progress,10,Normal
ENG1526,AST0251,SEC026,Track Geometry Correction,Cross-level error,3,MEDIUM,2025-09-07,2025-09-10,2025-10-01,2.9,7,MEDIUM,Completed,21,Normal
ENG1527,AST0257,SEC032,Rail Replacement,End-post fracture,3,MEDIUM,2025-01-19,2025-01-21,2025-02-05,11.7,9,MEDIUM,Pending,15,Normal
ENG1528,AST0114,SEC039,Track Geometry Correction,Twist fault,2,HIGH,2025-11-07,2025-11-08,2025-11-19,4.4,5,HIGH,In Progress,11,Normal
ENG1529,AST0159,SEC009,Sleeper Replacement,Missing sleeper,1,CRITICAL,2025-03-31,2025-04-03,2025-04-10,8.7,11,HIGH,Pending,7,Urgent
ENG1530,AST0228,SEC003,Rail Replacement,Severely worn rail,4,LOW,2025-06-23,2025-06-23,2025-07-25,10.9,9,LOW,Pending,32,Low
ENG1531,AST0319,SEC019,Sleeper Replacement,Missing sleeper,1,CRITICAL,2025-08-05,2025-08-07,2025-08-14,3.7,2,HIGH,Completed,7,Urgent
ENG1532,AST0041,SEC041,Rail Inspection,Corrugation,2,HIGH,2025-05-31,2025-05-31,2025-06-14,7.2,7,HIGH,Pending,14,Normal
ENG1533,AST0019,SEC019,Welding,Weld depression,3,MEDIUM,2025-12-12,2025-12-12,2026-01-03,11.5,13,MEDIUM,Scheduled,22,Normal
ENG1534,AST0356,SEC056,Rail Inspection,Rail crack,4,LOW,2025-02-22,2025-02-23,2025-03-25,2.6,3,LOW,Pending,30,Normal
ENG1535,AST0267,SEC042,Sleeper Replacement,Broken concrete sleeper,4,LOW,2025-02-19,2025-02-21,2025-04-22,10.7,14,LOW,Pending,60,Low
ENG1536,AST0398,SEC023,Ballast Maintenance,Vegetation growth,4,LOW,2025-05-07,2025-05-07,2025-06-13,4.6,15,LOW,In Progress,37,Low
ENG1537,AST0376,SEC001,Ballast Maintenance,Vegetation growth,4,LOW,2025-11-22,2025-11-22,2026-01-11,9.7,13,LOW,Scheduled,50,Low
ENG1538,AST0134,SEC059,Rail Inspection,Corrugation,5,LOW,2025-03-25,2025-03-26,2025-06-13,10.5,4,LOW,Pending,79,Low
ENG1539,AST0340,SEC040,Rail Inspection,Gauge deviation,2,HIGH,2025-07-09,2025-07-12,2025-07-23,8.3,15,HIGH,Completed,11,Normal
ENG1540,AST0211,SEC061,Track Geometry Correction,Gauge irregularity,4,LOW,2025-01-21,2025-01-23,2025-02-17,4.3,7,LOW,Completed,25,Normal
ENG1541,AST0374,SEC074,Turnout Maintenance,Point mechanism fault,5,LOW,2025-12-06,2025-12-07,2026-03-04,9.6,13,LOW,Pending,87,Low
ENG1542,AST0266,SEC041,Track Geometry Correction,Twist fault,3,MEDIUM,2025-01-11,2025-01-13,2025-02-11,2.6,15,MEDIUM,In Progress,29,Normal
ENG1543,AST0253,SEC028,Track Geometry Correction,Gauge irregularity,5,LOW,2025-09-11,2025-09-13,2025-11-03,3.5,12,LOW,Completed,51,Low
ENG1544,AST0388,SEC013,Turnout Maintenance,Check rail gap,5,LOW,2025-05-07,2025-05-10,2025-07-05,7.4,11,LOW,In Progress,56,Low
ENG1545,AST0138,SEC063,Rail Inspection,Gauge deviation,4,LOW,2025-02-06,2025-02-08,2025-04-04,11.5,4,LOW,Scheduled,55,Low
ENG1546,AST0303,SEC003,Rail Replacement,Severely worn rail,5,LOW,2025-09-13,2025-09-16,2025-12-14,6.4,9,LOW,Completed,89,Low
ENG1547,AST0056,SEC056,Welding,Weld depression,4,LOW,2025-09-30,2025-09-30,2025-11-26,4.7,2,LOW,Cancelled,57,Low
ENG1548,AST0144,SEC069,Rail Replacement,End-post fracture,3,MEDIUM,2025-08-13,2025-08-14,2025-09-10,7.3,9,MEDIUM,Completed,27,Normal
ENG1549,AST0268,SEC043,Rail Inspection,Rail crack,4,LOW,2025-09-27,2025-09-30,2025-10-25,8.5,9,LOW,Pending,25,Normal
ENG1550,AST0342,SEC042,Turnout Maintenance,Crossing nose defect,1,CRITICAL,2025-08-16,2025-08-19,2025-08-23,10.1,11,HIGH,In Progress,4,Urgent
ENG1551,AST0354,SEC054,Track Alignment,Buckling risk,2,HIGH,2025-05-31,2025-06-02,2025-06-14,8.7,15,HIGH,Pending,12,Normal
ENG1552,AST0302,SEC002,Turnout Maintenance,Point mechanism fault,2,HIGH,2025-10-25,2025-10-25,2025-11-04,3.6,4,HIGH,Scheduled,10,Normal
ENG1553,AST0088,SEC013,Welding,Thermit weld defect,5,LOW,2025-05-15,2025-05-16,2025-07-09,10.8,11,LOW,Completed,54,Low
ENG1554,AST0349,SEC049,Rail Replacement,End-post fracture,2,HIGH,2025-05-28,2025-05-28,2025-06-09,3.9,13,HIGH,Completed,12,Normal
ENG1555,AST0169,SEC019,Welding,Weld depression,4,LOW,2025-06-05,2025-06-06,2025-08-02,7.1,6,LOW,Pending,57,Low
ENG1556,AST0185,SEC035,Turnout Maintenance,Check rail gap,5,LOW,2025-01-17,2025-01-20,2025-04-16,10.8,14,LOW,In Progress,86,Low
ENG1557,AST0142,SEC067,Turnout Maintenance,Switch tongue wear,2,HIGH,2025-08-26,2025-08-26,2025-09-04,4.1,7,HIGH,Scheduled,9,Normal
ENG1558,AST0080,SEC005,Turnout Maintenance,Crossing nose defect,3,MEDIUM,2025-05-03,2025-05-05,2025-06-03,1.9,7,MEDIUM,Completed,29,Normal
ENG1559,AST0102,SEC027,Ballast Maintenance,Vegetation growth,1,CRITICAL,2024-12-30,2025-01-02,2025-01-08,1.9,9,HIGH,In Progress,6,Urgent
ENG1560,AST0214,SEC064,Rail Inspection,Rail crack,1,CRITICAL,2025-06-23,2025-06-24,2025-06-28,10.7,8,HIGH,Scheduled,4,Urgent
ENG1561,AST0392,SEC017,Track Alignment,Buckling risk,4,LOW,2025-06-06,2025-06-07,2025-07-21,5.7,11,LOW,Completed,44,Low
ENG1562,AST0147,SEC072,Turnout Maintenance,Point mechanism fault,4,LOW,2025-01-03,2025-01-03,2025-02-17,11.2,10,LOW,Pending,45,Low
ENG1563,AST0163,SEC013,Welding,Weld crack,1,CRITICAL,2025-10-30,2025-10-30,2025-11-05,5.4,11,HIGH,Completed,6,Urgent
ENG1564,AST0195,SEC045,Turnout Maintenance,Point mechanism fault,5,LOW,2025-11-28,2025-11-29,2026-02-13,4.9,5,LOW,Pending,76,Low
ENG1565,AST0304,SEC004,Rail Replacement,Rail end batter,4,LOW,2025-10-01,2025-10-03,2025-11-09,7.0,4,LOW,In Progress,37,Low
ENG1566,AST0022,SEC022,Track Geometry Correction,Alignment defect,2,HIGH,2025-08-09,2025-08-11,2025-08-26,11.7,5,HIGH,Cancelled,15,Normal
ENG1567,AST0230,SEC005,Welding,Misaligned weld,4,LOW,2025-08-21,2025-08-22,2025-10-01,10.8,5,LOW,Pending,40,Low
ENG1568,AST0080,SEC005,Rail Replacement,Severely worn rail,1,CRITICAL,2025-01-02,2025-01-05,2025-01-11,1.6,5,HIGH,Completed,6,Urgent
ENG1569,AST0032,SEC032,Rail Replacement,Severely worn rail,5,LOW,2025-12-14,2025-12-15,2026-03-11,3.8,10,LOW,Completed,86,Low
ENG1570,AST0224,SEC074,Rail Inspection,Surface defect,4,LOW,2025-04-12,2025-04-13,2025-05-24,4.5,13,LOW,Pending,41,Low
ENG1571,AST0212,SEC062,Welding,Weld crack,5,LOW,2025-12-08,2025-12-08,2026-02-07,10.9,7,LOW,Scheduled,61,Low
ENG1572,AST0362,SEC062,Sleeper Replacement,Missing sleeper,3,MEDIUM,2025-12-12,2025-12-14,2026-01-13,8.3,8,MEDIUM,Completed,30,Normal
ENG1573,AST0296,SEC071,Sleeper Replacement,Cracked sleeper,3,MEDIUM,2025-08-05,2025-08-06,2025-08-22,5.8,10,MEDIUM,Pending,16,Normal
ENG1574,AST0274,SEC049,Rail Replacement,End-post fracture,5,LOW,2025-06-16,2025-06-16,2025-07-26,1.7,13,LOW,Completed,40,Low
ENG1575,AST0281,SEC056,Track Geometry Correction,Cross-level error,2,HIGH,2025-10-22,2025-10-25,2025-11-04,6.1,8,HIGH,Cancelled,10,Normal
ENG1576,AST0250,SEC025,Ballast Maintenance,Insufficient ballast,3,MEDIUM,2025-07-25,2025-07-28,2025-08-21,2.2,4,MEDIUM,Completed,24,Normal
ENG1577,AST0190,SEC040,Rail Inspection,Worn rail head,3,MEDIUM,2025-05-25,2025-05-27,2025-06-21,6.0,12,MEDIUM,Cancelled,25,Normal
ENG1578,AST0155,SEC005,Ballast Maintenance,Insufficient ballast,1,CRITICAL,2025-04-11,2025-04-14,2025-04-20,2.4,9,HIGH,Pending,6,Urgent
ENG1579,AST0257,SEC032,Sleeper Replacement,Missing sleeper,3,MEDIUM,2025-07-10,2025-07-13,2025-07-28,11.1,11,MEDIUM,Cancelled,15,Normal
ENG1580,AST0258,SEC033,Sleeper Replacement,Cracked sleeper,4,LOW,2025-05-09,2025-05-12,2025-06-06,5.5,10,LOW,In Progress,25,Normal
ENG1581,AST0311,SEC011,Rail Inspection,Surface defect,2,HIGH,2025-04-05,2025-04-08,2025-04-19,8.5,7,HIGH,Completed,11,Normal
ENG1582,AST0319,SEC019,Ballast Maintenance,Insufficient ballast,4,LOW,2025-07-20,2025-07-23,2025-09-14,7.2,15,LOW,Pending,53,Low
ENG1583,AST0067,SEC067,Track Alignment,Buckling risk,5,LOW,2025-03-02,2025-03-03,2025-05-28,4.8,7,LOW,Completed,86,Low
ENG1584,AST0139,SEC064,Sleeper Replacement,Broken concrete sleeper,3,MEDIUM,2025-01-03,2025-01-03,2025-01-17,10.8,11,MEDIUM,Cancelled,14,Normal
ENG1585,AST0313,SEC013,Track Alignment,Lateral misalignment,2,HIGH,2025-12-02,2025-12-02,2025-12-13,4.8,3,HIGH,Completed,11,Normal
ENG1586,AST0256,SEC031,Track Geometry Correction,Cross-level error,3,MEDIUM,2025-12-15,2025-12-18,2026-01-01,7.8,15,MEDIUM,Cancelled,14,Normal
ENG1587,AST0162,SEC012,Track Geometry Correction,Twist fault,4,LOW,2025-11-23,2025-11-24,2026-01-21,11.4,12,LOW,Cancelled,58,Low
ENG1588,AST0253,SEC028,Sleeper Replacement,Broken concrete sleeper,4,LOW,2025-05-21,2025-05-22,2025-07-20,11.0,14,LOW,Scheduled,59,Low
ENG1589,AST0088,SEC013,Turnout Maintenance,Switch tongue wear,4,LOW,2025-01-11,2025-01-13,2025-03-09,7.7,4,LOW,Cancelled,55,Low
ENG1590,AST0278,SEC053,Rail Replacement,Severely worn rail,4,LOW,2025-02-20,2025-02-22,2025-04-08,2.5,9,LOW,Cancelled,45,Low
ENG1591,AST0214,SEC064,Rail Replacement,Broken rail,3,MEDIUM,2025-06-15,2025-06-18,2025-07-04,4.7,13,MEDIUM,Completed,16,Normal
ENG1592,AST0289,SEC064,Rail Replacement,End-post fracture,4,LOW,2025-09-15,2025-09-17,2025-10-22,8.4,2,LOW,Scheduled,35,Low
ENG1593,AST0375,SEC075,Ballast Maintenance,Insufficient ballast,3,MEDIUM,2025-04-24,2025-04-27,2025-05-11,9.6,5,MEDIUM,Pending,14,Normal
ENG1594,AST0233,SEC008,Turnout Maintenance,Crossing nose defect,3,MEDIUM,2025-11-01,2025-11-01,2025-11-24,8.8,10,MEDIUM,Scheduled,23,Normal
ENG1595,AST0371,SEC071,Track Geometry Correction,Gauge irregularity,1,CRITICAL,2025-08-31,2025-09-03,2025-09-06,3.6,3,HIGH,In Progress,3,Urgent
ENG1596,AST0179,SEC029,Ballast Maintenance,Insufficient ballast,2,HIGH,2025-09-04,2025-09-07,2025-09-21,7.2,9,HIGH,Scheduled,14,Normal
ENG1597,AST0130,SEC055,Welding,Misaligned weld,4,LOW,2025-04-15,2025-04-17,2025-05-13,4.1,4,LOW,Scheduled,26,Normal
ENG1598,AST0084,SEC009,Ballast Maintenance,Insufficient ballast,4,LOW,2025-02-05,2025-02-05,2025-03-22,7.8,6,LOW,Scheduled,45,Low
ENG1599,AST0297,SEC072,Turnout Maintenance,Crossing nose defect,3,MEDIUM,2025-04-27,2025-04-29,2025-05-28,9.5,8,MEDIUM,Scheduled,29,Normal
ENG1600,AST0162,SEC012,Rail Inspection,Rail crack,4,LOW,2025-02-07,2025-02-08,2025-03-21,1.2,12,LOW,Completed,41,Low
ENG1601,AST0059,SEC059,Track Geometry Correction,Gauge irregularity,5,LOW,2025-08-04,2025-08-06,2025-10-27,5.5,13,LOW,Completed,82,Low
ENG1602,AST0232,SEC007,Turnout Maintenance,Switch tongue wear,1,CRITICAL,2025-03-27,2025-03-29,2025-04-04,11.3,15,HIGH,In Progress,6,Urgent
ENG1603,AST0315,SEC015,Turnout Maintenance,Switch tongue wear,2,HIGH,2025-03-19,2025-03-21,2025-03-30,5.7,4,HIGH,Pending,9,Normal
ENG1604,AST0101,SEC026,Turnout Maintenance,Crossing nose defect,2,HIGH,2025-08-03,2025-08-04,2025-08-14,8.2,8,HIGH,In Progress,10,Normal
ENG1605,AST0114,SEC039,Turnout Maintenance,Check rail gap,3,MEDIUM,2025-01-06,2025-01-07,2025-01-28,2.4,15,MEDIUM,Completed,21,Normal
ENG1606,AST0006,SEC006,Rail Replacement,Rail end batter,3,MEDIUM,2025-10-28,2025-10-31,2025-11-25,5.9,8,MEDIUM,Scheduled,25,Normal
ENG1607,AST0252,SEC027,Rail Replacement,Broken rail,4,LOW,2025-03-18,2025-03-20,2025-04-21,8.3,2,LOW,Scheduled,32,Low
ENG1608,AST0119,SEC044,Track Geometry Correction,Twist fault,5,LOW,2025-05-26,2025-05-27,2025-08-12,3.7,7,LOW,Completed,77,Low
ENG1609,AST0188,SEC038,Turnout Maintenance,Switch tongue wear,4,LOW,2025-02-11,2025-02-11,2025-04-11,4.2,9,LOW,Pending,59,Low
ENG1610,AST0296,SEC071,Welding,Misaligned weld,4,LOW,2025-06-13,2025-06-13,2025-07-10,11.3,12,LOW,Cancelled,27,Normal
ENG1611,AST0327,SEC027,Welding,Thermit weld defect,4,LOW,2025-03-06,2025-03-06,2025-04-08,8.0,12,LOW,Completed,33,Low
ENG1612,AST0026,SEC026,Welding,Thermit weld defect,3,MEDIUM,2025-04-20,2025-04-21,2025-05-11,9.0,13,MEDIUM,Scheduled,20,Normal
ENG1613,AST0297,SEC072,Ballast Maintenance,Fouled ballast,5,LOW,2025-10-03,2025-10-06,2025-12-24,10.8,9,LOW,In Progress,79,Low
ENG1614,AST0236,SEC011,Track Alignment,Lateral misalignment,3,MEDIUM,2025-02-27,2025-02-28,2025-03-17,5.5,15,MEDIUM,Pending,17,Normal
ENG1615,AST0340,SEC040,Sleeper Replacement,Decayed wooden sleeper,4,LOW,2025-07-16,2025-07-18,2025-09-03,10.5,12,LOW,Scheduled,47,Low
ENG1616,AST0322,SEC022,Track Alignment,Lateral misalignment,2,HIGH,2025-12-10,2025-12-13,2025-12-25,3.7,4,HIGH,Completed,12,Normal
ENG1617,AST0034,SEC034,Ballast Maintenance,Vegetation growth,4,LOW,2025-10-02,2025-10-05,2025-11-11,7.2,15,LOW,Scheduled,37,Low
ENG1618,AST0096,SEC021,Welding,Weld depression,3,MEDIUM,2025-08-04,2025-08-07,2025-09-02,6.5,11,MEDIUM,In Progress,26,Normal
ENG1619,AST0291,SEC066,Welding,Weld depression,3,MEDIUM,2025-08-20,2025-08-23,2025-09-17,4.7,13,MEDIUM,In Progress,25,Normal
ENG1620,AST0169,SEC019,Rail Replacement,Rail end batter,2,HIGH,2025-03-20,2025-03-22,2025-04-01,11.3,15,HIGH,Completed,10,Normal
ENG1621,AST0191,SEC041,Sleeper Replacement,Broken concrete sleeper,5,LOW,2025-01-17,2025-01-19,2025-03-18,4.0,14,LOW,Scheduled,58,Low
ENG1622,AST0326,SEC026,Sleeper Replacement,Broken concrete sleeper,2,HIGH,2025-05-22,2025-05-25,2025-06-01,7.6,9,HIGH,Scheduled,7,Urgent
ENG1623,AST0201,SEC051,Sleeper Replacement,Cracked sleeper,2,HIGH,2025-01-19,2025-01-20,2025-02-01,11.0,13,HIGH,In Progress,12,Normal
ENG1624,AST0326,SEC026,Welding,Weld crack,3,MEDIUM,2025-02-10,2025-02-10,2025-02-26,4.3,9,MEDIUM,Completed,16,Normal
ENG1625,AST0077,SEC002,Track Geometry Correction,Alignment defect,1,CRITICAL,2025-09-18,2025-09-19,2025-09-25,8.9,6,HIGH,Pending,6,Urgent
ENG1626,AST0223,SEC073,Sleeper Replacement,Decayed wooden sleeper,4,LOW,2025-06-16,2025-06-16,2025-07-27,3.5,5,LOW,Scheduled,41,Low
ENG1627,AST0297,SEC072,Rail Replacement,Broken rail,4,LOW,2025-01-18,2025-01-18,2025-02-19,11.3,13,LOW,Scheduled,32,Low
ENG1628,AST0331,SEC031,Ballast Maintenance,Vegetation growth,5,LOW,2025-08-20,2025-08-23,2025-10-13,10.5,11,LOW,Scheduled,51,Low
ENG1629,AST0010,SEC010,Welding,Weld depression,3,MEDIUM,2025-11-23,2025-11-26,2025-12-12,9.6,12,MEDIUM,Completed,16,Normal
ENG1630,AST0044,SEC044,Turnout Maintenance,Check rail gap,5,LOW,2025-04-27,2025-04-28,2025-07-25,7.6,4,LOW,Completed,88,Low
ENG1631,AST0175,SEC025,Ballast Maintenance,Drainage blockage,4,LOW,2025-07-22,2025-07-22,2025-09-16,7.3,11,LOW,In Progress,56,Low
ENG1632,AST0367,SEC067,Sleeper Replacement,Missing sleeper,5,LOW,2025-05-30,2025-06-01,2025-08-16,6.2,6,LOW,Scheduled,76,Low
ENG1633,AST0125,SEC050,Sleeper Replacement,Decayed wooden sleeper,4,LOW,2025-10-02,2025-10-03,2025-11-29,4.8,3,LOW,Pending,57,Low
ENG1634,AST0030,SEC030,Turnout Maintenance,Crossing nose defect,2,HIGH,2025-05-28,2025-05-28,2025-06-08,2.2,11,HIGH,Pending,11,Normal
ENG1635,AST0243,SEC018,Track Geometry Correction,Cross-level error,3,MEDIUM,2025-05-30,2025-05-30,2025-06-26,2.8,12,MEDIUM,Completed,27,Normal
ENG1636,AST0113,SEC038,Turnout Maintenance,Point mechanism fault,2,HIGH,2025-09-08,2025-09-08,2025-09-20,3.1,8,HIGH,Pending,12,Normal
ENG1637,AST0332,SEC032,Ballast Maintenance,Insufficient ballast,3,MEDIUM,2025-03-21,2025-03-21,2025-04-04,11.9,13,MEDIUM,Pending,14,Normal
ENG1638,AST0273,SEC048,Ballast Maintenance,Insufficient ballast,2,HIGH,2025-12-06,2025-12-09,2025-12-23,1.4,13,HIGH,Pending,14,Normal
ENG1639,AST0031,SEC031,Rail Inspection,Gauge deviation,2,HIGH,2025-10-19,2025-10-22,2025-10-29,8.2,9,HIGH,In Progress,7,Urgent
ENG1640,AST0189,SEC039,Track Alignment,Cant deficiency,4,LOW,2025-04-25,2025-04-27,2025-06-15,8.5,9,LOW,Completed,49,Low
ENG1641,AST0354,SEC054,Rail Inspection,Gauge deviation,4,LOW,2025-10-16,2025-10-16,2025-12-13,3.4,8,LOW,Completed,58,Low
ENG1642,AST0343,SEC043,Track Geometry Correction,Alignment defect,4,LOW,2025-11-02,2025-11-05,2025-12-15,1.2,9,LOW,Scheduled,40,Low
ENG1643,AST0235,SEC010,Ballast Maintenance,Vegetation growth,4,LOW,2025-01-04,2025-01-05,2025-02-14,4.5,13,LOW,Scheduled,40,Low
ENG1644,AST0117,SEC042,Track Alignment,Vertical misalignment,2,HIGH,2025-05-12,2025-05-15,2025-05-26,5.8,3,HIGH,Pending,11,Normal
ENG1645,AST0027,SEC027,Sleeper Replacement,Decayed wooden sleeper,1,CRITICAL,2025-05-07,2025-05-09,2025-05-15,6.1,11,HIGH,Scheduled,6,Urgent
ENG1646,AST0025,SEC025,Track Geometry Correction,Alignment defect,2,HIGH,2025-05-09,2025-05-11,2025-05-22,9.5,3,HIGH,Scheduled,11,Normal
ENG1647,AST0081,SEC006,Turnout Maintenance,Point mechanism fault,4,LOW,2025-04-04,2025-04-07,2025-05-02,1.9,7,LOW,Completed,25,Normal
ENG1648,AST0120,SEC045,Welding,Misaligned weld,5,LOW,2025-07-29,2025-07-29,2025-09-23,1.8,2,LOW,Completed,56,Low
ENG1649,AST0075,SEC075,Ballast Maintenance,Fouled ballast,2,HIGH,2025-01-14,2025-01-16,2025-01-29,8.5,3,HIGH,Pending,13,Normal
ENG1650,AST0048,SEC048,Sleeper Replacement,Missing sleeper,1,CRITICAL,2025-02-03,2025-02-04,2025-02-10,2.6,5,HIGH,Completed,6,Urgent
ENG1651,AST0011,SEC011,Rail Replacement,Rail end batter,3,MEDIUM,2025-08-26,2025-08-27,2025-09-26,8.2,4,MEDIUM,Completed,30,Normal
ENG1652,AST0379,SEC004,Sleeper Replacement,Cracked sleeper,3,MEDIUM,2025-06-13,2025-06-14,2025-07-07,1.6,15,MEDIUM,Cancelled,23,Normal
ENG1653,AST0324,SEC024,Ballast Maintenance,Fouled ballast,2,HIGH,2025-04-04,2025-04-07,2025-04-17,10.8,9,HIGH,Cancelled,10,Normal
ENG1654,AST0224,SEC074,Rail Inspection,Surface defect,4,LOW,2025-11-18,2025-11-21,2026-01-04,6.7,3,LOW,Pending,44,Low
ENG1655,AST0280,SEC055,Rail Inspection,Surface defect,1,CRITICAL,2025-09-23,2025-09-23,2025-09-27,3.4,12,HIGH,Completed,4,Urgent
ENG1656,AST0091,SEC016,Sleeper Replacement,Broken concrete sleeper,4,LOW,2025-01-08,2025-01-09,2025-02-23,9.5,10,LOW,Cancelled,45,Low
ENG1657,AST0189,SEC039,Turnout Maintenance,Switch tongue wear,4,LOW,2025-10-15,2025-10-17,2025-11-25,7.6,4,LOW,Cancelled,39,Low
ENG1658,AST0387,SEC012,Sleeper Replacement,Decayed wooden sleeper,4,LOW,2025-09-03,2025-09-03,2025-10-23,3.8,12,LOW,In Progress,50,Low
ENG1659,AST0039,SEC039,Sleeper Replacement,Missing sleeper,2,HIGH,2025-02-10,2025-02-10,2025-02-18,3.7,7,HIGH,Pending,8,Normal
ENG1660,AST0333,SEC033,Ballast Maintenance,Drainage blockage,2,HIGH,2025-03-29,2025-03-29,2025-04-07,8.6,2,HIGH,In Progress,9,Normal
ENG1661,AST0092,SEC017,Rail Replacement,Severely worn rail,2,HIGH,2025-09-24,2025-09-25,2025-10-07,1.2,14,HIGH,Pending,12,Normal
ENG1662,AST0224,SEC074,Turnout Maintenance,Check rail gap,3,MEDIUM,2025-07-26,2025-07-26,2025-08-10,9.8,4,MEDIUM,Completed,15,Normal
ENG1663,AST0341,SEC041,Track Alignment,Vertical misalignment,2,HIGH,2025-04-24,2025-04-24,2025-05-01,1.7,14,HIGH,Pending,7,Urgent
ENG1664,AST0186,SEC036,Track Alignment,Lateral misalignment,3,MEDIUM,2025-06-06,2025-06-07,2025-06-30,7.4,8,MEDIUM,Pending,23,Normal
ENG1665,AST0100,SEC025,Sleeper Replacement,Missing sleeper,2,HIGH,2025-05-31,2025-06-02,2025-06-11,2.8,15,HIGH,Completed,9,Normal
ENG1666,AST0316,SEC016,Sleeper Replacement,Missing sleeper,3,MEDIUM,2025-04-01,2025-04-03,2025-05-03,10.0,11,MEDIUM,Completed,30,Normal
ENG1667,AST0337,SEC037,Turnout Maintenance,Point mechanism fault,3,MEDIUM,2025-03-24,2025-03-26,2025-04-14,8.0,11,MEDIUM,Cancelled,19,Normal
ENG1668,AST0325,SEC025,Ballast Maintenance,Insufficient ballast,4,LOW,2025-07-17,2025-07-18,2025-08-29,6.7,10,LOW,Cancelled,42,Low
ENG1669,AST0078,SEC003,Rail Replacement,Broken rail,1,CRITICAL,2025-04-21,2025-04-21,2025-04-26,7.7,9,HIGH,Pending,5,Urgent
ENG1670,AST0275,SEC050,Track Geometry Correction,Alignment defect,2,HIGH,2025-09-26,2025-09-27,2025-10-04,6.9,13,HIGH,Completed,7,Urgent
ENG1671,AST0125,SEC050,Rail Replacement,Severely worn rail,3,MEDIUM,2025-01-10,2025-01-11,2025-02-10,2.2,2,MEDIUM,In Progress,30,Normal
ENG1672,AST0212,SEC062,Sleeper Replacement,Missing sleeper,3,MEDIUM,2025-01-03,2025-01-03,2025-01-31,6.8,4,MEDIUM,In Progress,28,Normal
ENG1673,AST0149,SEC074,Track Geometry Correction,Alignment defect,2,HIGH,2025-03-24,2025-03-24,2025-04-02,11.0,3,HIGH,Scheduled,9,Normal
ENG1674,AST0231,SEC006,Ballast Maintenance,Insufficient ballast,2,HIGH,2025-02-22,2025-02-23,2025-03-02,10.2,10,HIGH,Pending,7,Urgent
ENG1675,AST0231,SEC006,Track Geometry Correction,Gauge irregularity,2,HIGH,2025-05-09,2025-05-12,2025-05-22,7.3,4,HIGH,Pending,10,Normal
ENG1676,AST0221,SEC071,Track Alignment,Buckling risk,2,HIGH,2025-08-03,2025-08-03,2025-08-17,8.2,8,HIGH,Completed,14,Normal
ENG1677,AST0371,SEC071,Welding,Misaligned weld,2,HIGH,2025-06-18,2025-06-19,2025-06-27,10.5,6,HIGH,Pending,8,Normal
ENG1678,AST0364,SEC064,Ballast Maintenance,Fouled ballast,3,MEDIUM,2025-04-30,2025-05-02,2025-05-31,11.1,6,MEDIUM,Completed,29,Normal
ENG1679,AST0240,SEC015,Rail Inspection,Corrugation,3,MEDIUM,2025-07-26,2025-07-27,2025-08-16,7.1,12,MEDIUM,In Progress,20,Normal
ENG1680,AST0287,SEC062,Turnout Maintenance,Switch tongue wear,4,LOW,2025-08-19,2025-08-19,2025-10-14,6.7,2,LOW,Completed,56,Low
ENG1681,AST0090,SEC015,Welding,Misaligned weld,3,MEDIUM,2025-10-01,2025-10-03,2025-10-19,5.7,12,MEDIUM,Scheduled,16,Normal
ENG1682,AST0398,SEC023,Rail Inspection,Corrugation,4,LOW,2025-04-30,2025-05-02,2025-05-31,1.8,10,LOW,Pending,29,Normal
ENG1683,AST0201,SEC051,Track Geometry Correction,Twist fault,4,LOW,2025-01-22,2025-01-23,2025-03-06,6.5,11,LOW,Pending,42,Low
ENG1684,AST0319,SEC019,Rail Replacement,End-post fracture,5,LOW,2025-04-12,2025-04-15,2025-07-14,1.2,2,LOW,Completed,90,Low
ENG1685,AST0397,SEC022,Ballast Maintenance,Insufficient ballast,3,MEDIUM,2025-12-20,2025-12-20,2026-01-12,8.4,2,MEDIUM,Scheduled,23,Normal
ENG1686,AST0051,SEC051,Rail Inspection,Surface defect,4,LOW,2025-11-12,2025-11-15,2025-12-14,8.0,15,LOW,Pending,29,Normal
ENG1687,AST0297,SEC072,Track Alignment,Vertical misalignment,1,CRITICAL,2025-05-27,2025-05-29,2025-06-04,9.7,8,HIGH,Pending,6,Urgent
ENG1688,AST0203,SEC053,Turnout Maintenance,Crossing nose defect,3,MEDIUM,2025-03-31,2025-04-02,2025-04-18,8.1,10,MEDIUM,Completed,16,Normal
ENG1689,AST0254,SEC029,Welding,Weld depression,2,HIGH,2025-07-22,2025-07-24,2025-08-04,6.7,8,HIGH,Pending,11,Normal
ENG1690,AST0111,SEC036,Turnout Maintenance,Crossing nose defect,1,CRITICAL,2025-12-12,2025-12-14,2025-12-19,2.1,13,HIGH,Cancelled,5,Urgent
ENG1691,AST0383,SEC008,Rail Replacement,End-post fracture,3,MEDIUM,2025-11-07,2025-11-10,2025-11-29,9.7,5,MEDIUM,Pending,19,Normal
ENG1692,AST0181,SEC031,Track Alignment,Cant deficiency,4,LOW,2025-05-11,2025-05-12,2025-06-16,6.9,3,LOW,Scheduled,35,Low
ENG1693,AST0261,SEC036,Welding,Misaligned weld,4,LOW,2025-10-29,2025-10-30,2025-12-09,8.8,5,LOW,Scheduled,40,Low
ENG1694,AST0067,SEC067,Track Alignment,Vertical misalignment,2,HIGH,2025-05-27,2025-05-28,2025-06-07,8.2,8,HIGH,Completed,10,Normal
ENG1695,AST0344,SEC044,Rail Inspection,Surface defect,4,LOW,2025-09-28,2025-10-01,2025-11-19,10.5,14,LOW,Cancelled,49,Low
ENG1696,AST0303,SEC003,Turnout Maintenance,Check rail gap,4,LOW,2025-09-17,2025-09-20,2025-11-01,1.6,5,LOW,Pending,42,Low
ENG1697,AST0262,SEC037,Rail Inspection,Surface defect,1,CRITICAL,2025-05-01,2025-05-03,2025-05-10,10.8,10,HIGH,In Progress,7,Urgent
ENG1698,AST0391,SEC016,Ballast Maintenance,Drainage blockage,5,LOW,2025-11-12,2025-11-14,2026-01-18,8.8,5,LOW,Scheduled,65,Low
ENG1699,AST0357,SEC057,Track Alignment,Cant deficiency,2,HIGH,2025-03-01,2025-03-02,2025-03-14,4.0,12,HIGH,Completed,12,Normal
ENG1700,AST0124,SEC049,Rail Inspection,Corrugation,5,LOW,2025-04-22,2025-04-22,2025-06-26,4.0,11,LOW,Cancelled,65,Low
ENG1701,AST0159,SEC009,Rail Inspection,Corrugation,4,LOW,2025-12-13,2025-12-15,2026-02-10,11.6,12,LOW,Pending,57,Low
ENG1702,AST0308,SEC008,Rail Replacement,Severely worn rail,3,MEDIUM,2025-04-16,2025-04-18,2025-05-13,5.2,6,MEDIUM,Pending,25,Normal
ENG1703,AST0189,SEC039,Rail Replacement,Broken rail,5,LOW,2025-05-27,2025-05-28,2025-08-06,7.8,6,LOW,Scheduled,70,Low
ENG1704,AST0109,SEC034,Sleeper Replacement,Decayed wooden sleeper,4,LOW,2025-12-03,2025-12-03,2026-01-04,9.8,6,LOW,Pending,32,Low
ENG1705,AST0247,SEC022,Turnout Maintenance,Point mechanism fault,4,LOW,2025-07-23,2025-07-25,2025-09-18,8.3,9,LOW,Completed,55,Low
ENG1706,AST0099,SEC024,Sleeper Replacement,Broken concrete sleeper,4,LOW,2025-09-16,2025-09-19,2025-11-10,3.9,2,LOW,In Progress,52,Low
ENG1707,AST0213,SEC063,Rail Replacement,Broken rail,4,LOW,2025-01-04,2025-01-05,2025-02-28,3.3,3,LOW,Completed,54,Low
ENG1708,AST0210,SEC060,Turnout Maintenance,Point mechanism fault,3,MEDIUM,2025-11-01,2025-11-02,2025-11-18,6.8,8,MEDIUM,Scheduled,16,Normal
ENG1709,AST0365,SEC065,Sleeper Replacement,Missing sleeper,3,MEDIUM,2025-05-26,2025-05-29,2025-06-14,10.2,11,MEDIUM,Completed,16,Normal
ENG1710,AST0094,SEC019,Rail Replacement,Severely worn rail,1,CRITICAL,2025-11-17,2025-11-19,2025-11-23,7.9,2,HIGH,Cancelled,4,Urgent
ENG1711,AST0058,SEC058,Welding,Weld crack,5,LOW,2025-04-21,2025-04-23,2025-06-09,11.1,9,LOW,Scheduled,47,Low
ENG1712,AST0005,SEC005,Welding,Weld crack,2,HIGH,2025-10-09,2025-10-12,2025-10-20,12.0,4,HIGH,In Progress,8,Normal
ENG1713,AST0102,SEC027,Rail Replacement,End-post fracture,3,MEDIUM,2025-02-08,2025-02-09,2025-03-03,7.0,14,MEDIUM,Scheduled,22,Normal
ENG1714,AST0274,SEC049,Ballast Maintenance,Fouled ballast,2,HIGH,2025-01-15,2025-01-17,2025-01-24,9.5,5,HIGH,Completed,7,Urgent
ENG1715,AST0312,SEC012,Welding,Weld depression,1,CRITICAL,2025-10-02,2025-10-04,2025-10-07,4.7,10,HIGH,Scheduled,3,Urgent
ENG1716,AST0338,SEC038,Turnout Maintenance,Check rail gap,3,MEDIUM,2025-10-31,2025-11-03,2025-12-03,8.4,3,MEDIUM,In Progress,30,Normal
ENG1717,AST0321,SEC021,Rail Inspection,Worn rail head,2,HIGH,2025-02-10,2025-02-13,2025-02-24,9.2,12,HIGH,Completed,11,Normal
ENG1718,AST0331,SEC031,Welding,Thermit weld defect,5,LOW,2025-08-11,2025-08-12,2025-10-31,10.7,12,LOW,Pending,80,Low
ENG1719,AST0199,SEC049,Sleeper Replacement,Decayed wooden sleeper,1,CRITICAL,2025-06-28,2025-06-30,2025-07-05,5.4,15,HIGH,Completed,5,Urgent
ENG1720,AST0099,SEC024,Turnout Maintenance,Check rail gap,3,MEDIUM,2025-08-13,2025-08-13,2025-08-30,4.1,14,MEDIUM,Pending,17,Normal
ENG1721,AST0179,SEC029,Turnout Maintenance,Check rail gap,3,MEDIUM,2025-03-06,2025-03-07,2025-03-22,1.9,7,MEDIUM,Scheduled,15,Normal
ENG1722,AST0190,SEC040,Track Alignment,Cant deficiency,3,MEDIUM,2025-09-21,2025-09-24,2025-10-17,3.8,4,MEDIUM,Pending,23,Normal
ENG1723,AST0313,SEC013,Ballast Maintenance,Drainage blockage,4,LOW,2025-07-19,2025-07-22,2025-08-25,8.6,14,LOW,Scheduled,34,Low
ENG1724,AST0292,SEC067,Track Geometry Correction,Cross-level error,2,HIGH,2025-07-01,2025-07-03,2025-07-15,5.9,13,HIGH,In Progress,12,Normal
ENG1725,AST0148,SEC073,Welding,Weld crack,2,HIGH,2025-06-27,2025-06-29,2025-07-06,7.9,11,HIGH,Completed,7,Urgent
ENG1726,AST0359,SEC059,Rail Replacement,Rail end batter,3,MEDIUM,2025-12-12,2025-12-13,2025-12-29,7.7,4,MEDIUM,Pending,16,Normal
ENG1727,AST0334,SEC034,Track Alignment,Vertical misalignment,2,HIGH,2025-02-17,2025-02-20,2025-03-02,8.5,7,HIGH,Pending,10,Normal
ENG1728,AST0129,SEC054,Welding,Weld crack,4,LOW,2025-09-29,2025-09-29,2025-10-27,10.9,12,LOW,In Progress,28,Normal
ENG1729,AST0228,SEC003,Track Alignment,Vertical misalignment,3,MEDIUM,2025-05-26,2025-05-27,2025-06-23,9.0,14,MEDIUM,Completed,27,Normal
ENG1730,AST0205,SEC055,Turnout Maintenance,Check rail gap,3,MEDIUM,2025-10-12,2025-10-13,2025-11-09,3.7,8,MEDIUM,Scheduled,27,Normal
ENG1731,AST0246,SEC021,Sleeper Replacement,Broken concrete sleeper,3,MEDIUM,2025-11-07,2025-11-09,2025-11-26,10.7,8,MEDIUM,Pending,17,Normal
ENG1732,AST0364,SEC064,Welding,Misaligned weld,5,LOW,2025-12-17,2025-12-19,2026-03-13,2.4,2,LOW,Completed,84,Low
ENG1733,AST0357,SEC057,Ballast Maintenance,Drainage blockage,4,LOW,2025-04-08,2025-04-09,2025-05-16,8.3,9,LOW,Completed,37,Low
ENG1734,AST0334,SEC034,Turnout Maintenance,Check rail gap,3,MEDIUM,2025-11-30,2025-11-30,2025-12-26,5.0,2,MEDIUM,In Progress,26,Normal
ENG1735,AST0242,SEC017,Rail Replacement,Rail end batter,4,LOW,2025-03-15,2025-03-16,2025-04-22,6.4,9,LOW,Scheduled,37,Low
ENG1736,AST0179,SEC029,Welding,Misaligned weld,3,MEDIUM,2025-07-07,2025-07-10,2025-07-31,9.5,14,MEDIUM,Cancelled,21,Normal
ENG1737,AST0098,SEC023,Track Geometry Correction,Alignment defect,4,LOW,2025-03-18,2025-03-21,2025-05-06,5.4,4,LOW,Completed,46,Low
ENG1738,AST0232,SEC007,Track Geometry Correction,Cross-level error,3,MEDIUM,2025-11-14,2025-11-15,2025-12-05,9.9,14,MEDIUM,In Progress,20,Normal
ENG1739,AST0317,SEC017,Ballast Maintenance,Insufficient ballast,4,LOW,2025-09-21,2025-09-24,2025-11-19,6.6,13,LOW,Scheduled,56,Low
ENG1740,AST0032,SEC032,Rail Inspection,Rail crack,2,HIGH,2025-03-05,2025-03-08,2025-03-15,6.1,4,HIGH,Scheduled,7,Urgent
ENG1741,AST0001,SEC001,Welding,Thermit weld defect,5,LOW,2025-08-28,2025-08-28,2025-10-09,2.4,2,LOW,Completed,42,Low
ENG1742,AST0061,SEC061,Rail Replacement,Severely worn rail,3,MEDIUM,2025-11-24,2025-11-24,2025-12-20,8.8,2,MEDIUM,Completed,26,Normal
ENG1743,AST0390,SEC015,Track Geometry Correction,Twist fault,1,CRITICAL,2025-06-28,2025-06-29,2025-07-05,11.3,5,HIGH,Completed,6,Urgent
ENG1744,AST0251,SEC026,Welding,Weld crack,5,LOW,2025-08-16,2025-08-17,2025-10-24,1.3,8,LOW,In Progress,68,Low
ENG1745,AST0169,SEC019,Track Geometry Correction,Gauge irregularity,3,MEDIUM,2025-08-17,2025-08-17,2025-09-07,6.9,13,MEDIUM,Cancelled,21,Normal
ENG1746,AST0034,SEC034,Track Geometry Correction,Alignment defect,4,LOW,2025-01-20,2025-01-20,2025-03-11,11.8,13,LOW,Completed,50,Low
ENG1747,AST0304,SEC004,Welding,Weld depression,1,CRITICAL,2025-03-08,2025-03-09,2025-03-14,2.0,6,HIGH,Pending,5,Urgent
ENG1748,AST0018,SEC018,Track Alignment,Vertical misalignment,1,CRITICAL,2025-10-24,2025-10-27,2025-10-30,9.1,12,HIGH,Pending,3,Urgent
ENG1749,AST0321,SEC021,Turnout Maintenance,Point mechanism fault,4,LOW,2025-09-18,2025-09-21,2025-11-07,4.3,3,LOW,Completed,47,Low
ENG1750,AST0247,SEC022,Sleeper Replacement,Broken concrete sleeper,2,HIGH,2025-07-23,2025-07-23,2025-08-04,1.4,13,HIGH,Completed,12,Normal
ENG1751,AST0354,SEC054,Track Alignment,Lateral misalignment,3,MEDIUM,2025-03-13,2025-03-16,2025-04-02,2.8,14,MEDIUM,In Progress,17,Normal
ENG1752,AST0037,SEC037,Turnout Maintenance,Switch tongue wear,3,MEDIUM,2025-08-31,2025-09-03,2025-09-27,1.1,13,MEDIUM,Pending,24,Normal
ENG1753,AST0228,SEC003,Track Geometry Correction,Cross-level error,3,MEDIUM,2025-09-06,2025-09-06,2025-09-24,6.0,12,MEDIUM,Scheduled,18,Normal
ENG1754,AST0129,SEC054,Ballast Maintenance,Fouled ballast,4,LOW,2025-02-12,2025-02-15,2025-03-28,2.6,6,LOW,Cancelled,41,Low
ENG1755,AST0210,SEC060,Track Geometry Correction,Alignment defect,5,LOW,2025-03-12,2025-03-14,2025-05-29,8.9,12,LOW,Completed,76,Low
ENG1756,AST0129,SEC054,Welding,Weld crack,2,HIGH,2025-01-17,2025-01-18,2025-01-27,2.1,5,HIGH,In Progress,9,Normal
ENG1757,AST0117,SEC042,Rail Inspection,Surface defect,4,LOW,2025-03-13,2025-03-15,2025-05-06,8.9,12,LOW,In Progress,52,Low
ENG1758,AST0378,SEC003,Rail Replacement,End-post fracture,2,HIGH,2025-02-17,2025-02-17,2025-03-03,7.1,8,HIGH,Cancelled,14,Normal
ENG1759,AST0138,SEC063,Turnout Maintenance,Check rail gap,3,MEDIUM,2025-09-17,2025-09-17,2025-10-05,7.9,10,MEDIUM,Pending,18,Normal
ENG1760,AST0138,SEC063,Welding,Weld crack,4,LOW,2025-12-02,2025-12-04,2026-01-12,3.9,6,LOW,Pending,39,Low
ENG1761,AST0319,SEC019,Welding,Thermit weld defect,4,LOW,2025-05-05,2025-05-06,2025-06-08,5.8,3,LOW,In Progress,33,Low
ENG1762,AST0198,SEC048,Welding,Weld depression,4,LOW,2025-07-02,2025-07-02,2025-07-28,10.4,2,LOW,Completed,26,Normal
ENG1763,AST0330,SEC030,Rail Inspection,Worn rail head,5,LOW,2025-09-25,2025-09-26,2025-12-07,1.9,4,LOW,Scheduled,72,Low
ENG1764,AST0268,SEC043,Track Geometry Correction,Twist fault,2,HIGH,2025-02-24,2025-02-27,2025-03-07,7.1,7,HIGH,Completed,8,Normal
ENG1765,AST0204,SEC054,Ballast Maintenance,Insufficient ballast,3,MEDIUM,2025-05-06,2025-05-08,2025-05-27,2.7,2,MEDIUM,Completed,19,Normal
ENG1766,AST0372,SEC072,Sleeper Replacement,Cracked sleeper,1,CRITICAL,2025-07-11,2025-07-13,2025-07-20,11.1,15,HIGH,Completed,7,Urgent
ENG1767,AST0052,SEC052,Welding,Weld depression,3,MEDIUM,2025-09-14,2025-09-16,2025-10-07,6.2,9,MEDIUM,Pending,21,Normal
ENG1768,AST0221,SEC071,Track Geometry Correction,Cross-level error,5,LOW,2025-04-29,2025-04-29,2025-07-20,3.3,3,LOW,Pending,82,Low
ENG1769,AST0123,SEC048,Sleeper Replacement,Cracked sleeper,3,MEDIUM,2025-02-18,2025-02-18,2025-03-06,8.2,4,MEDIUM,In Progress,16,Normal
ENG1770,AST0288,SEC063,Track Alignment,Vertical misalignment,3,MEDIUM,2025-08-26,2025-08-26,2025-09-10,8.6,8,MEDIUM,Scheduled,15,Normal
ENG1771,AST0188,SEC038,Sleeper Replacement,Broken concrete sleeper,4,LOW,2025-01-02,2025-01-02,2025-01-30,11.6,5,LOW,Scheduled,28,Normal
ENG1772,AST0030,SEC030,Welding,Weld depression,5,LOW,2025-05-01,2025-05-04,2025-08-01,3.7,6,LOW,Pending,89,Low
ENG1773,AST0272,SEC047,Sleeper Replacement,Cracked sleeper,4,LOW,2025-10-09,2025-10-11,2025-11-27,1.3,9,LOW,In Progress,47,Low
ENG1774,AST0031,SEC031,Track Geometry Correction,Twist fault,4,LOW,2025-11-06,2025-11-09,2025-12-09,11.8,14,LOW,Cancelled,30,Normal
ENG1775,AST0139,SEC064,Ballast Maintenance,Vegetation growth,2,HIGH,2025-03-30,2025-04-02,2025-04-13,1.3,11,HIGH,In Progress,11,Normal
ENG1776,AST0012,SEC012,Rail Replacement,Severely worn rail,3,MEDIUM,2025-05-22,2025-05-23,2025-06-08,11.9,5,MEDIUM,Completed,16,Normal
ENG1777,AST0241,SEC016,Rail Replacement,Broken rail,4,LOW,2025-08-26,2025-08-28,2025-10-15,8.0,5,LOW,Completed,48,Low
ENG1778,AST0104,SEC029,Sleeper Replacement,Missing sleeper,1,CRITICAL,2025-01-25,2025-01-25,2025-01-30,6.9,4,HIGH,Pending,5,Urgent
ENG1779,AST0296,SEC071,Track Alignment,Cant deficiency,3,MEDIUM,2025-04-02,2025-04-02,2025-04-20,10.9,13,MEDIUM,Pending,18,Normal
ENG1780,AST0265,SEC040,Sleeper Replacement,Cracked sleeper,3,MEDIUM,2025-09-05,2025-09-07,2025-09-27,9.5,3,MEDIUM,Cancelled,20,Normal
ENG1781,AST0037,SEC037,Track Alignment,Cant deficiency,3,MEDIUM,2025-06-24,2025-06-25,2025-07-10,10.1,10,MEDIUM,Completed,15,Normal
ENG1782,AST0105,SEC030,Rail Replacement,Rail end batter,4,LOW,2025-07-02,2025-07-03,2025-08-26,6.5,5,LOW,Pending,54,Low
ENG1783,AST0141,SEC066,Track Geometry Correction,Gauge irregularity,3,MEDIUM,2025-07-12,2025-07-14,2025-08-04,1.2,4,MEDIUM,Pending,21,Normal
ENG1784,AST0036,SEC036,Track Geometry Correction,Alignment defect,2,HIGH,2025-06-01,2025-06-01,2025-06-08,9.8,6,HIGH,Completed,7,Urgent
ENG1785,AST0360,SEC060,Turnout Maintenance,Check rail gap,3,MEDIUM,2025-06-22,2025-06-22,2025-07-18,1.4,12,MEDIUM,Cancelled,26,Normal
ENG1786,AST0092,SEC017,Welding,Weld crack,2,HIGH,2025-04-03,2025-04-06,2025-04-19,5.7,9,HIGH,Completed,13,Normal
ENG1787,AST0066,SEC066,Sleeper Replacement,Cracked sleeper,4,LOW,2025-12-14,2025-12-16,2026-01-17,2.4,13,LOW,Pending,32,Low
ENG1788,AST0383,SEC008,Rail Inspection,Worn rail head,3,MEDIUM,2025-06-24,2025-06-25,2025-07-11,9.1,7,MEDIUM,Pending,16,Normal
ENG1789,AST0323,SEC023,Turnout Maintenance,Check rail gap,5,LOW,2025-12-17,2025-12-17,2026-03-04,9.5,14,LOW,Completed,77,Low
ENG1790,AST0196,SEC046,Ballast Maintenance,Drainage blockage,4,LOW,2025-06-23,2025-06-25,2025-08-13,10.5,9,LOW,Pending,49,Low
ENG1791,AST0261,SEC036,Track Alignment,Vertical misalignment,4,LOW,2025-02-18,2025-02-19,2025-03-28,11.5,5,LOW,In Progress,37,Low
ENG1792,AST0320,SEC020,Track Alignment,Cant deficiency,2,HIGH,2025-08-08,2025-08-11,2025-08-20,5.2,11,HIGH,Scheduled,9,Normal
ENG1793,AST0062,SEC062,Turnout Maintenance,Check rail gap,4,LOW,2025-10-01,2025-10-01,2025-11-10,11.6,12,LOW,Pending,40,Low
ENG1794,AST0132,SEC057,Ballast Maintenance,Vegetation growth,3,MEDIUM,2025-10-08,2025-10-10,2025-11-05,2.8,3,MEDIUM,Scheduled,26,Normal
ENG1795,AST0015,SEC015,Turnout Maintenance,Point mechanism fault,2,HIGH,2025-10-01,2025-10-01,2025-10-15,2.3,12,HIGH,Scheduled,14,Normal
ENG1796,AST0385,SEC010,Sleeper Replacement,Missing sleeper,3,MEDIUM,2025-10-09,2025-10-11,2025-11-02,3.5,3,MEDIUM,Cancelled,22,Normal
ENG1797,AST0191,SEC041,Turnout Maintenance,Check rail gap,5,LOW,2025-08-24,2025-08-26,2025-11-20,6.7,15,LOW,Completed,86,Low
ENG1798,AST0363,SEC063,Rail Replacement,Broken rail,2,HIGH,2025-03-29,2025-03-29,2025-04-05,3.1,7,HIGH,Pending,7,Urgent
ENG1799,AST0236,SEC011,Rail Inspection,Gauge deviation,4,LOW,2025-09-16,2025-09-17,2025-11-03,9.4,8,LOW,Completed,47,Low
ENG1800,AST0295,SEC070,Sleeper Replacement,Cracked sleeper,1,CRITICAL,2025-01-24,2025-01-26,2025-01-30,11.4,3,HIGH,Scheduled,4,Urgent
ENG1801,AST0168,SEC018,Track Alignment,Vertical misalignment,3,MEDIUM,2025-12-18,2025-12-20,2026-01-09,8.7,15,MEDIUM,Completed,20,Normal
ENG1802,AST0235,SEC010,Rail Replacement,Severely worn rail,5,LOW,2025-08-07,2025-08-10,2025-11-07,7.0,3,LOW,Cancelled,89,Low
ENG1803,AST0190,SEC040,Track Geometry Correction,Twist fault,3,MEDIUM,2025-07-10,2025-07-11,2025-08-01,2.4,13,MEDIUM,Completed,21,Normal
ENG1804,AST0357,SEC057,Ballast Maintenance,Vegetation growth,3,MEDIUM,2025-09-01,2025-09-01,2025-09-16,2.7,10,MEDIUM,Pending,15,Normal
ENG1805,AST0106,SEC031,Ballast Maintenance,Insufficient ballast,4,LOW,2025-04-29,2025-04-30,2025-06-09,6.4,3,LOW,In Progress,40,Low
ENG1806,AST0330,SEC030,Sleeper Replacement,Decayed wooden sleeper,2,HIGH,2025-09-03,2025-09-04,2025-09-11,2.8,10,HIGH,Pending,7,Urgent
ENG1807,AST0375,SEC075,Rail Inspection,Worn rail head,2,HIGH,2025-10-25,2025-10-27,2025-11-05,4.1,12,HIGH,Completed,9,Normal
ENG1808,AST0237,SEC012,Sleeper Replacement,Cracked sleeper,4,LOW,2025-03-19,2025-03-19,2025-04-21,2.3,6,LOW,Cancelled,33,Low
ENG1809,AST0361,SEC061,Track Alignment,Lateral misalignment,4,LOW,2025-04-21,2025-04-22,2025-06-14,3.7,10,LOW,Scheduled,53,Low
ENG1810,AST0284,SEC059,Rail Replacement,Rail end batter,4,LOW,2025-07-14,2025-07-17,2025-09-12,1.2,12,LOW,Completed,57,Low
ENG1811,AST0310,SEC010,Ballast Maintenance,Insufficient ballast,4,LOW,2025-09-20,2025-09-21,2025-11-05,9.5,2,LOW,Scheduled,45,Low
ENG1812,AST0394,SEC019,Sleeper Replacement,Broken concrete sleeper,4,LOW,2025-04-01,2025-04-04,2025-05-17,4.7,11,LOW,Scheduled,43,Low
ENG1813,AST0272,SEC047,Sleeper Replacement,Decayed wooden sleeper,3,MEDIUM,2025-06-12,2025-06-13,2025-06-28,6.7,10,MEDIUM,Scheduled,15,Normal
ENG1814,AST0176,SEC026,Turnout Maintenance,Check rail gap,4,LOW,2025-05-05,2025-05-07,2025-06-19,7.5,4,LOW,In Progress,43,Low
ENG1815,AST0030,SEC030,Welding,Weld depression,4,LOW,2025-03-31,2025-04-01,2025-05-04,8.7,9,LOW,In Progress,33,Low
ENG1816,AST0107,SEC032,Track Geometry Correction,Alignment defect,2,HIGH,2025-03-24,2025-03-27,2025-04-04,8.7,8,HIGH,In Progress,8,Normal
ENG1817,AST0077,SEC002,Sleeper Replacement,Cracked sleeper,4,LOW,2025-08-01,2025-08-04,2025-10-02,1.0,15,LOW,Completed,59,Low
ENG1818,AST0119,SEC044,Welding,Weld depression,2,HIGH,2025-09-29,2025-09-30,2025-10-12,5.8,5,HIGH,Pending,12,Normal
ENG1819,AST0148,SEC073,Track Alignment,Vertical misalignment,2,HIGH,2025-11-30,2025-12-03,2025-12-11,3.4,4,HIGH,Completed,8,Normal
ENG1820,AST0286,SEC061,Track Alignment,Lateral misalignment,4,LOW,2025-09-17,2025-09-20,2025-10-30,2.3,2,LOW,In Progress,40,Low
ENG1821,AST0358,SEC058,Sleeper Replacement,Missing sleeper,3,MEDIUM,2025-10-10,2025-10-13,2025-11-09,6.2,11,MEDIUM,Completed,27,Normal
ENG1822,AST0379,SEC004,Rail Inspection,Worn rail head,4,LOW,2025-09-05,2025-09-05,2025-10-29,4.1,11,LOW,Completed,54,Low
ENG1823,AST0095,SEC020,Rail Replacement,Broken rail,1,CRITICAL,2025-01-06,2025-01-09,2025-01-15,10.8,4,HIGH,Completed,6,Urgent
ENG1824,AST0367,SEC067,Rail Replacement,End-post fracture,2,HIGH,2025-08-02,2025-08-03,2025-08-16,11.0,6,HIGH,Pending,13,Normal
ENG1825,AST0395,SEC020,Sleeper Replacement,Missing sleeper,4,LOW,2025-08-14,2025-08-17,2025-09-27,6.0,7,LOW,Pending,41,Low
ENG1826,AST0091,SEC016,Track Geometry Correction,Gauge irregularity,2,HIGH,2024-12-31,2025-01-02,2025-01-09,4.5,2,HIGH,Completed,7,Urgent
ENG1827,AST0009,SEC009,Track Alignment,Vertical misalignment,5,LOW,2025-04-04,2025-04-06,2025-07-01,7.7,14,LOW,Pending,86,Low
ENG1828,AST0163,SEC013,Turnout Maintenance,Check rail gap,2,HIGH,2025-05-09,2025-05-12,2025-05-23,5.4,12,HIGH,Scheduled,11,Normal
ENG1829,AST0175,SEC025,Track Alignment,Lateral misalignment,1,CRITICAL,2025-11-26,2025-11-26,2025-12-01,10.1,15,HIGH,Completed,5,Urgent
ENG1830,AST0371,SEC071,Track Geometry Correction,Alignment defect,3,MEDIUM,2025-09-09,2025-09-12,2025-10-01,6.6,15,MEDIUM,Completed,19,Normal
ENG1831,AST0353,SEC053,Track Alignment,Buckling risk,2,HIGH,2025-08-01,2025-08-04,2025-08-19,2.9,11,HIGH,Completed,15,Normal
ENG1832,AST0020,SEC020,Welding,Weld crack,3,MEDIUM,2025-03-03,2025-03-05,2025-03-28,7.2,2,MEDIUM,Pending,23,Normal
ENG1833,AST0344,SEC044,Turnout Maintenance,Point mechanism fault,4,LOW,2025-01-31,2025-02-02,2025-03-21,1.2,12,LOW,Completed,47,Low
ENG1834,AST0179,SEC029,Track Geometry Correction,Twist fault,1,CRITICAL,2025-04-16,2025-04-18,2025-04-23,2.7,2,HIGH,In Progress,5,Urgent
ENG1835,AST0066,SEC066,Rail Replacement,End-post fracture,3,MEDIUM,2025-02-01,2025-02-03,2025-02-17,11.3,11,MEDIUM,Completed,14,Normal
ENG1836,AST0119,SEC044,Ballast Maintenance,Fouled ballast,3,MEDIUM,2025-08-02,2025-08-05,2025-08-22,10.6,7,MEDIUM,Pending,17,Normal
ENG1837,AST0264,SEC039,Rail Inspection,Surface defect,3,MEDIUM,2025-11-21,2025-11-22,2025-12-08,4.7,7,MEDIUM,Pending,16,Normal
ENG1838,AST0239,SEC014,Welding,Thermit weld defect,4,LOW,2025-08-15,2025-08-15,2025-10-03,7.8,2,LOW,Pending,49,Low
ENG1839,AST0126,SEC051,Sleeper Replacement,Cracked sleeper,4,LOW,2025-03-20,2025-03-21,2025-04-23,4.3,7,LOW,Completed,33,Low
ENG1840,AST0076,SEC001,Turnout Maintenance,Point mechanism fault,2,HIGH,2025-12-09,2025-12-11,2025-12-18,4.8,6,HIGH,In Progress,7,Urgent
ENG1841,AST0302,SEC002,Welding,Thermit weld defect,2,HIGH,2025-04-27,2025-04-28,2025-05-11,4.0,7,HIGH,In Progress,13,Normal
ENG1842,AST0386,SEC011,Sleeper Replacement,Broken concrete sleeper,5,LOW,2025-09-14,2025-09-16,2025-12-01,3.6,12,LOW,Completed,76,Low
ENG1843,AST0210,SEC060,Ballast Maintenance,Insufficient ballast,3,MEDIUM,2025-07-24,2025-07-24,2025-08-10,10.1,6,MEDIUM,Completed,17,Normal
ENG1844,AST0285,SEC060,Track Alignment,Vertical misalignment,2,HIGH,2025-07-02,2025-07-02,2025-07-13,5.8,13,HIGH,Pending,11,Normal
ENG1845,AST0274,SEC049,Rail Inspection,Gauge deviation,2,HIGH,2025-09-02,2025-09-04,2025-09-11,8.2,12,HIGH,Completed,7,Urgent
ENG1846,AST0394,SEC019,Track Geometry Correction,Cross-level error,5,LOW,2025-10-22,2025-10-24,2025-12-09,9.4,6,LOW,Cancelled,46,Low
ENG1847,AST0024,SEC024,Ballast Maintenance,Fouled ballast,4,LOW,2025-09-25,2025-09-28,2025-10-31,9.9,2,LOW,Pending,33,Low
ENG1848,AST0399,SEC024,Rail Inspection,Worn rail head,2,HIGH,2025-12-03,2025-12-03,2025-12-17,5.5,4,HIGH,Completed,14,Normal
ENG1849,AST0223,SEC073,Track Alignment,Vertical misalignment,1,CRITICAL,2025-12-07,2025-12-08,2025-12-14,3.6,8,HIGH,Pending,6,Urgent
ENG1850,AST0202,SEC052,Rail Replacement,End-post fracture,3,MEDIUM,2025-01-15,2025-01-15,2025-02-04,3.9,15,MEDIUM,In Progress,20,Normal
ENG1851,AST0203,SEC053,Track Alignment,Cant deficiency,1,CRITICAL,2025-08-19,2025-08-19,2025-08-22,2.4,9,HIGH,Cancelled,3,Urgent
ENG1852,AST0213,SEC063,Sleeper Replacement,Decayed wooden sleeper,4,LOW,2025-04-02,2025-04-04,2025-05-15,10.3,11,LOW,Scheduled,41,Low
ENG1853,AST0397,SEC022,Turnout Maintenance,Switch tongue wear,5,LOW,2025-07-09,2025-07-10,2025-09-24,2.5,4,LOW,Scheduled,76,Low
ENG1854,AST0255,SEC030,Sleeper Replacement,Broken concrete sleeper,4,LOW,2025-01-17,2025-01-17,2025-02-25,10.5,14,LOW,Completed,39,Low
ENG1855,AST0143,SEC068,Rail Replacement,Rail end batter,3,MEDIUM,2025-05-09,2025-05-10,2025-05-25,6.8,13,MEDIUM,Scheduled,15,Normal
ENG1856,AST0198,SEC048,Welding,Weld depression,3,MEDIUM,2025-10-25,2025-10-26,2025-11-12,8.9,14,MEDIUM,Completed,17,Normal
ENG1857,AST0316,SEC016,Track Alignment,Buckling risk,2,HIGH,2025-08-20,2025-08-22,2025-09-03,3.4,9,HIGH,Completed,12,Normal
ENG1858,AST0078,SEC003,Track Alignment,Lateral misalignment,3,MEDIUM,2025-09-06,2025-09-07,2025-10-04,10.6,4,MEDIUM,Completed,27,Normal
ENG1859,AST0230,SEC005,Track Alignment,Cant deficiency,4,LOW,2025-05-18,2025-05-21,2025-07-12,5.7,11,LOW,Completed,52,Low
ENG1860,AST0289,SEC064,Ballast Maintenance,Vegetation growth,1,CRITICAL,2025-08-27,2025-08-29,2025-09-03,1.1,5,HIGH,Completed,5,Urgent
ENG1861,AST0171,SEC021,Welding,Weld crack,4,LOW,2025-04-09,2025-04-10,2025-05-08,6.6,11,LOW,In Progress,28,Normal
ENG1862,AST0300,SEC075,Rail Inspection,Corrugation,2,HIGH,2025-03-16,2025-03-19,2025-04-01,4.5,14,HIGH,Pending,13,Normal
ENG1863,AST0398,SEC023,Sleeper Replacement,Decayed wooden sleeper,1,CRITICAL,2025-06-24,2025-06-25,2025-06-29,11.6,10,HIGH,Pending,4,Urgent
ENG1864,AST0271,SEC046,Ballast Maintenance,Insufficient ballast,4,LOW,2025-06-20,2025-06-21,2025-08-05,3.9,6,LOW,Pending,45,Low
ENG1865,AST0117,SEC042,Welding,Thermit weld defect,2,HIGH,2025-07-11,2025-07-14,2025-07-28,3.7,3,HIGH,Completed,14,Normal
ENG1866,AST0147,SEC072,Rail Replacement,Severely worn rail,4,LOW,2025-01-29,2025-01-31,2025-03-16,8.2,5,LOW,Scheduled,44,Low
ENG1867,AST0388,SEC013,Track Alignment,Buckling risk,3,MEDIUM,2025-12-16,2025-12-18,2026-01-10,8.1,9,MEDIUM,Pending,23,Normal
ENG1868,AST0131,SEC056,Sleeper Replacement,Cracked sleeper,4,LOW,2025-11-30,2025-11-30,2026-01-12,1.6,5,LOW,Pending,43,Low
ENG1869,AST0027,SEC027,Turnout Maintenance,Point mechanism fault,3,MEDIUM,2025-08-03,2025-08-03,2025-08-18,7.6,8,MEDIUM,Completed,15,Normal
ENG1870,AST0370,SEC070,Welding,Thermit weld defect,1,CRITICAL,2025-11-27,2025-11-28,2025-12-04,3.9,3,HIGH,Completed,6,Urgent
ENG1871,AST0188,SEC038,Turnout Maintenance,Point mechanism fault,4,LOW,2025-10-02,2025-10-04,2025-11-03,8.8,9,LOW,Pending,30,Normal
ENG1872,AST0400,SEC025,Rail Replacement,Rail end batter,3,MEDIUM,2025-08-23,2025-08-25,2025-09-23,8.0,10,MEDIUM,Pending,29,Normal
ENG1873,AST0056,SEC056,Ballast Maintenance,Drainage blockage,3,MEDIUM,2025-03-06,2025-03-06,2025-03-25,11.9,3,MEDIUM,Pending,19,Normal
ENG1874,AST0011,SEC011,Rail Replacement,Broken rail,5,LOW,2025-10-28,2025-10-31,2026-01-09,6.8,9,LOW,Pending,70,Low
ENG1875,AST0261,SEC036,Track Geometry Correction,Alignment defect,4,LOW,2025-05-02,2025-05-04,2025-06-23,10.9,5,LOW,Scheduled,50,Low
ENG1876,AST0340,SEC040,Welding,Weld depression,2,HIGH,2025-01-06,2025-01-08,2025-01-21,9.5,15,HIGH,Scheduled,13,Normal
ENG1877,AST0115,SEC040,Welding,Misaligned weld,4,LOW,2025-03-04,2025-03-05,2025-04-07,5.6,3,LOW,Pending,33,Low
ENG1878,AST0133,SEC058,Track Alignment,Vertical misalignment,1,CRITICAL,2025-11-10,2025-11-12,2025-11-17,2.7,8,HIGH,Scheduled,5,Urgent
ENG1879,AST0346,SEC046,Track Alignment,Lateral misalignment,2,HIGH,2025-02-11,2025-02-14,2025-02-27,8.6,10,HIGH,Pending,13,Normal
ENG1880,AST0076,SEC001,Turnout Maintenance,Crossing nose defect,1,CRITICAL,2025-04-11,2025-04-12,2025-04-19,8.6,3,HIGH,Pending,7,Urgent
ENG1881,AST0142,SEC067,Sleeper Replacement,Cracked sleeper,4,LOW,2025-07-01,2025-07-02,2025-08-01,10.5,11,LOW,Scheduled,30,Normal
ENG1882,AST0017,SEC017,Rail Replacement,Severely worn rail,4,LOW,2025-07-23,2025-07-24,2025-09-10,1.7,6,LOW,Completed,48,Low
ENG1883,AST0022,SEC022,Sleeper Replacement,Decayed wooden sleeper,1,CRITICAL,2025-02-26,2025-02-26,2025-03-04,11.2,10,HIGH,Completed,6,Urgent
ENG1884,AST0394,SEC019,Track Alignment,Lateral misalignment,5,LOW,2025-02-18,2025-02-19,2025-04-21,6.9,2,LOW,Pending,61,Low
ENG1885,AST0040,SEC040,Rail Inspection,Corrugation,2,HIGH,2025-09-19,2025-09-20,2025-10-02,9.9,12,HIGH,Cancelled,12,Normal
ENG1886,AST0163,SEC013,Rail Inspection,Rail crack,2,HIGH,2025-04-01,2025-04-04,2025-04-19,8.1,15,HIGH,In Progress,15,Normal
ENG1887,AST0151,SEC001,Track Geometry Correction,Gauge irregularity,4,LOW,2025-09-09,2025-09-12,2025-10-30,10.7,10,LOW,Scheduled,48,Low
ENG1888,AST0243,SEC018,Track Geometry Correction,Alignment defect,5,LOW,2025-12-19,2025-12-21,2026-03-16,3.2,15,LOW,Completed,85,Low
ENG1889,AST0165,SEC015,Sleeper Replacement,Cracked sleeper,3,MEDIUM,2025-09-19,2025-09-20,2025-10-07,6.6,12,MEDIUM,Completed,17,Normal
ENG1890,AST0081,SEC006,Track Geometry Correction,Gauge irregularity,2,HIGH,2025-11-09,2025-11-10,2025-11-18,2.5,11,HIGH,Pending,8,Normal
ENG1891,AST0287,SEC062,Track Geometry Correction,Twist fault,4,LOW,2025-09-08,2025-09-08,2025-10-03,8.7,8,LOW,Completed,25,Normal
ENG1892,AST0126,SEC051,Track Geometry Correction,Twist fault,2,HIGH,2025-03-08,2025-03-09,2025-03-18,1.0,4,HIGH,Completed,9,Normal
ENG1893,AST0294,SEC069,Track Geometry Correction,Gauge irregularity,4,LOW,2025-09-27,2025-09-29,2025-11-15,9.1,5,LOW,In Progress,47,Low
ENG1894,AST0054,SEC054,Rail Replacement,Broken rail,3,MEDIUM,2025-09-06,2025-09-08,2025-09-26,4.9,8,MEDIUM,Scheduled,18,Normal
ENG1895,AST0176,SEC026,Ballast Maintenance,Drainage blockage,5,LOW,2025-05-23,2025-05-24,2025-07-25,4.1,8,LOW,Scheduled,62,Low
ENG1896,AST0237,SEC012,Track Alignment,Cant deficiency,3,MEDIUM,2025-06-11,2025-06-11,2025-06-25,2.6,9,MEDIUM,Scheduled,14,Normal
ENG1897,AST0308,SEC008,Track Geometry Correction,Alignment defect,3,MEDIUM,2025-01-17,2025-01-20,2025-02-05,3.0,2,MEDIUM,Pending,16,Normal
ENG1898,AST0161,SEC011,Rail Inspection,Corrugation,2,HIGH,2025-05-28,2025-05-28,2025-06-04,1.7,8,HIGH,Scheduled,7,Urgent
ENG1899,AST0196,SEC046,Rail Replacement,Rail end batter,3,MEDIUM,2025-03-28,2025-03-31,2025-04-28,5.8,10,MEDIUM,Pending,28,Normal
ENG1900,AST0039,SEC039,Track Geometry Correction,Alignment defect,4,LOW,2025-05-24,2025-05-25,2025-07-19,8.3,8,LOW,Scheduled,55,Low
ENG1901,AST0153,SEC003,Track Alignment,Buckling risk,2,HIGH,2025-11-06,2025-11-08,2025-11-18,9.7,15,HIGH,Pending,10,Normal
ENG1902,AST0203,SEC053,Rail Replacement,Broken rail,1,CRITICAL,2025-03-16,2025-03-17,2025-03-24,7.0,9,HIGH,Completed,7,Urgent
ENG1903,AST0105,SEC030,Track Geometry Correction,Gauge irregularity,2,HIGH,2025-11-22,2025-11-25,2025-12-10,3.4,10,HIGH,Pending,15,Normal
ENG1904,AST0364,SEC064,Welding,Thermit weld defect,3,MEDIUM,2025-10-09,2025-10-11,2025-11-03,8.8,8,MEDIUM,Scheduled,23,Normal
ENG1905,AST0362,SEC062,Turnout Maintenance,Check rail gap,4,LOW,2025-03-02,2025-03-04,2025-05-02,4.1,11,LOW,Pending,59,Low
ENG1906,AST0109,SEC034,Ballast Maintenance,Drainage blockage,3,MEDIUM,2025-11-08,2025-11-08,2025-11-30,4.8,8,MEDIUM,Scheduled,22,Normal
ENG1907,AST0207,SEC057,Sleeper Replacement,Decayed wooden sleeper,3,MEDIUM,2025-06-23,2025-06-25,2025-07-13,1.9,4,MEDIUM,In Progress,18,Normal
ENG1908,AST0003,SEC003,Track Alignment,Buckling risk,4,LOW,2025-10-20,2025-10-22,2025-12-10,11.0,10,LOW,Scheduled,49,Low
ENG1909,AST0085,SEC010,Ballast Maintenance,Fouled ballast,3,MEDIUM,2025-11-13,2025-11-13,2025-12-13,6.9,14,MEDIUM,Completed,30,Normal
ENG1910,AST0168,SEC018,Welding,Thermit weld defect,4,LOW,2025-07-24,2025-07-25,2025-08-25,9.2,15,LOW,Completed,31,Low
ENG1911,AST0309,SEC009,Rail Inspection,Rail crack,4,LOW,2025-07-22,2025-07-25,2025-09-06,9.9,5,LOW,Scheduled,43,Low
ENG1912,AST0362,SEC062,Track Geometry Correction,Alignment defect,5,LOW,2025-11-14,2025-11-17,2026-01-27,8.0,14,LOW,Completed,71,Low
ENG1913,AST0269,SEC044,Turnout Maintenance,Crossing nose defect,3,MEDIUM,2025-09-14,2025-09-14,2025-09-30,3.9,14,MEDIUM,Pending,16,Normal
ENG1914,AST0125,SEC050,Rail Inspection,Rail crack,3,MEDIUM,2025-06-20,2025-06-22,2025-07-12,5.3,9,MEDIUM,Pending,20,Normal
ENG1915,AST0333,SEC033,Welding,Weld crack,3,MEDIUM,2025-12-17,2025-12-19,2026-01-06,9.2,3,MEDIUM,Cancelled,18,Normal
ENG1916,AST0032,SEC032,Rail Inspection,Rail crack,2,HIGH,2025-04-22,2025-04-23,2025-05-04,10.5,5,HIGH,Pending,11,Normal
ENG1917,AST0275,SEC050,Rail Inspection,Gauge deviation,2,HIGH,2025-10-09,2025-10-10,2025-10-23,5.8,6,HIGH,Completed,13,Normal
ENG1918,AST0142,SEC067,Welding,Weld depression,1,CRITICAL,2025-06-15,2025-06-16,2025-06-23,5.0,10,HIGH,Cancelled,7,Urgent
ENG1919,AST0202,SEC052,Ballast Maintenance,Insufficient ballast,3,MEDIUM,2025-03-23,2025-03-26,2025-04-18,4.3,13,MEDIUM,Cancelled,23,Normal
ENG1920,AST0253,SEC028,Track Alignment,Buckling risk,1,CRITICAL,2025-06-24,2025-06-27,2025-07-02,2.3,8,HIGH,Completed,5,Urgent
ENG1921,AST0188,SEC038,Track Alignment,Lateral misalignment,2,HIGH,2025-05-03,2025-05-06,2025-05-13,4.2,10,HIGH,Scheduled,7,Urgent
ENG1922,AST0233,SEC008,Welding,Weld crack,3,MEDIUM,2025-12-02,2025-12-04,2025-12-24,9.0,10,MEDIUM,Completed,20,Normal
ENG1923,AST0184,SEC034,Welding,Weld depression,4,LOW,2025-01-09,2025-01-10,2025-02-25,5.5,9,LOW,Completed,46,Low
ENG1924,AST0135,SEC060,Sleeper Replacement,Missing sleeper,3,MEDIUM,2025-08-31,2025-09-01,2025-09-20,10.3,11,MEDIUM,In Progress,19,Normal
ENG1925,AST0108,SEC033,Track Alignment,Buckling risk,2,HIGH,2025-09-30,2025-10-02,2025-10-14,1.6,12,HIGH,Scheduled,12,Normal
ENG1926,AST0291,SEC066,Rail Replacement,Rail end batter,2,HIGH,2025-02-13,2025-02-16,2025-02-25,10.4,15,HIGH,Completed,9,Normal
ENG1927,AST0388,SEC013,Welding,Misaligned weld,3,MEDIUM,2025-02-18,2025-02-18,2025-03-16,1.7,7,MEDIUM,Scheduled,26,Normal
ENG1928,AST0141,SEC066,Rail Replacement,End-post fracture,3,MEDIUM,2025-04-13,2025-04-13,2025-05-05,2.7,6,MEDIUM,Pending,22,Normal
ENG1929,AST0283,SEC058,Rail Replacement,End-post fracture,1,CRITICAL,2025-03-06,2025-03-07,2025-03-13,6.2,13,HIGH,Completed,6,Urgent
ENG1930,AST0083,SEC008,Rail Inspection,Gauge deviation,1,CRITICAL,2025-02-11,2025-02-11,2025-02-14,8.1,2,HIGH,Scheduled,3,Urgent
ENG1931,AST0097,SEC022,Welding,Weld crack,4,LOW,2025-07-01,2025-07-01,2025-08-24,10.4,6,LOW,Cancelled,54,Low
ENG1932,AST0030,SEC030,Rail Replacement,Rail end batter,5,LOW,2025-09-29,2025-09-30,2025-12-10,1.2,5,LOW,Completed,71,Low
ENG1933,AST0249,SEC024,Welding,Weld depression,4,LOW,2025-03-24,2025-03-24,2025-04-29,1.8,6,LOW,In Progress,36,Low
ENG1934,AST0252,SEC027,Welding,Thermit weld defect,3,MEDIUM,2025-02-28,2025-03-02,2025-03-17,3.6,5,MEDIUM,Completed,15,Normal
ENG1935,AST0190,SEC040,Sleeper Replacement,Decayed wooden sleeper,4,LOW,2025-09-18,2025-09-18,2025-10-28,9.8,12,LOW,In Progress,40,Low
ENG1936,AST0111,SEC036,Track Geometry Correction,Twist fault,4,LOW,2025-12-10,2025-12-13,2026-01-18,5.2,9,LOW,Completed,36,Low
ENG1937,AST0011,SEC011,Rail Inspection,Rail crack,4,LOW,2025-06-15,2025-06-16,2025-08-06,11.1,4,LOW,Completed,51,Low
ENG1938,AST0129,SEC054,Welding,Misaligned weld,4,LOW,2025-09-24,2025-09-24,2025-11-13,11.7,14,LOW,Pending,50,Low
ENG1939,AST0015,SEC015,Track Geometry Correction,Gauge irregularity,3,MEDIUM,2025-02-10,2025-02-10,2025-02-24,9.8,6,MEDIUM,Completed,14,Normal
ENG1940,AST0230,SEC005,Sleeper Replacement,Broken concrete sleeper,2,HIGH,2025-07-28,2025-07-30,2025-08-12,6.4,2,HIGH,Pending,13,Normal
ENG1941,AST0260,SEC035,Sleeper Replacement,Missing sleeper,5,LOW,2025-04-05,2025-04-08,2025-06-04,10.8,4,LOW,Pending,57,Low
ENG1942,AST0351,SEC051,Sleeper Replacement,Cracked sleeper,3,MEDIUM,2025-11-19,2025-11-20,2025-12-14,10.4,15,MEDIUM,Completed,24,Normal
ENG1943,AST0233,SEC008,Welding,Weld crack,2,HIGH,2025-09-05,2025-09-08,2025-09-17,3.1,2,HIGH,In Progress,9,Normal
ENG1944,AST0201,SEC051,Sleeper Replacement,Missing sleeper,4,LOW,2025-05-23,2025-05-25,2025-06-29,2.4,9,LOW,Pending,35,Low
ENG1945,AST0055,SEC055,Ballast Maintenance,Insufficient ballast,3,MEDIUM,2025-03-29,2025-03-31,2025-04-20,8.1,6,MEDIUM,Completed,20,Normal
ENG1946,AST0058,SEC058,Rail Inspection,Rail crack,5,LOW,2025-07-02,2025-07-04,2025-08-25,8.3,13,LOW,Cancelled,52,Low
ENG1947,AST0031,SEC031,Welding,Misaligned weld,2,HIGH,2025-03-30,2025-04-02,2025-04-12,4.3,3,HIGH,Pending,10,Normal
ENG1948,AST0241,SEC016,Track Geometry Correction,Twist fault,3,MEDIUM,2025-07-12,2025-07-14,2025-08-02,11.2,11,MEDIUM,Pending,19,Normal
ENG1949,AST0141,SEC066,Ballast Maintenance,Vegetation growth,1,CRITICAL,2025-01-31,2025-02-02,2025-02-09,1.1,2,HIGH,Pending,7,Urgent
ENG1950,AST0120,SEC045,Welding,Thermit weld defect,4,LOW,2025-09-03,2025-09-05,2025-10-18,8.8,15,LOW,Cancelled,43,Low
ENG1951,AST0124,SEC049,Track Geometry Correction,Twist fault,3,MEDIUM,2025-06-14,2025-06-17,2025-07-16,9.3,4,MEDIUM,Completed,29,Normal
ENG1952,AST0356,SEC056,Ballast Maintenance,Drainage blockage,3,MEDIUM,2025-02-20,2025-02-21,2025-03-15,3.7,2,MEDIUM,Scheduled,22,Normal
ENG1953,AST0315,SEC015,Sleeper Replacement,Broken concrete sleeper,3,MEDIUM,2025-01-02,2025-01-03,2025-01-18,3.3,11,MEDIUM,Completed,15,Normal
ENG1954,AST0169,SEC019,Track Geometry Correction,Cross-level error,1,CRITICAL,2025-12-10,2025-12-13,2025-12-19,6.2,13,HIGH,Pending,6,Urgent
ENG1955,AST0234,SEC009,Turnout Maintenance,Crossing nose defect,4,LOW,2025-10-27,2025-10-30,2025-12-16,6.3,2,LOW,Completed,47,Low
ENG1956,AST0298,SEC073,Rail Replacement,Severely worn rail,1,CRITICAL,2025-05-16,2025-05-16,2025-05-19,8.1,2,HIGH,Cancelled,3,Urgent
ENG1957,AST0248,SEC023,Track Alignment,Buckling risk,3,MEDIUM,2025-05-25,2025-05-28,2025-06-15,4.5,12,MEDIUM,Pending,18,Normal
ENG1958,AST0375,SEC075,Track Alignment,Vertical misalignment,2,HIGH,2025-07-05,2025-07-08,2025-07-18,4.8,9,HIGH,Completed,10,Normal
ENG1959,AST0018,SEC018,Rail Replacement,Broken rail,3,MEDIUM,2025-12-17,2025-12-20,2026-01-07,2.5,13,MEDIUM,Scheduled,18,Normal
ENG1960,AST0072,SEC072,Welding,Misaligned weld,4,LOW,2025-04-14,2025-04-15,2025-06-14,9.5,5,LOW,Cancelled,60,Low
ENG1961,AST0369,SEC069,Rail Replacement,Broken rail,3,MEDIUM,2025-10-30,2025-11-01,2025-11-22,2.8,5,MEDIUM,Cancelled,21,Normal
ENG1962,AST0057,SEC057,Track Alignment,Vertical misalignment,3,MEDIUM,2025-11-26,2025-11-29,2025-12-21,3.9,14,MEDIUM,Pending,22,Normal
ENG1963,AST0232,SEC007,Track Geometry Correction,Alignment defect,1,CRITICAL,2025-11-18,2025-11-18,2025-11-23,10.5,13,HIGH,Cancelled,5,Urgent
ENG1964,AST0225,SEC075,Rail Replacement,Broken rail,5,LOW,2025-11-11,2025-11-12,2026-01-26,5.9,9,LOW,Completed,75,Low
ENG1965,AST0042,SEC042,Rail Inspection,Worn rail head,2,HIGH,2025-06-30,2025-06-30,2025-07-07,2.9,15,HIGH,Pending,7,Urgent
ENG1966,AST0315,SEC015,Turnout Maintenance,Switch tongue wear,4,LOW,2025-08-31,2025-09-02,2025-10-08,5.4,5,LOW,Cancelled,36,Low
ENG1967,AST0045,SEC045,Turnout Maintenance,Point mechanism fault,4,LOW,2025-09-14,2025-09-16,2025-11-05,3.3,8,LOW,Completed,50,Low
ENG1968,AST0229,SEC004,Welding,Weld crack,3,MEDIUM,2025-12-19,2025-12-21,2026-01-09,2.3,14,MEDIUM,Completed,19,Normal
ENG1969,AST0156,SEC006,Track Alignment,Buckling risk,3,MEDIUM,2025-06-17,2025-06-18,2025-07-02,7.6,5,MEDIUM,Pending,14,Normal
ENG1970,AST0059,SEC059,Track Alignment,Lateral misalignment,2,HIGH,2025-08-07,2025-08-09,2025-08-21,10.3,15,HIGH,Completed,12,Normal
ENG1971,AST0108,SEC033,Sleeper Replacement,Broken concrete sleeper,4,LOW,2025-03-16,2025-03-16,2025-05-08,8.1,8,LOW,Completed,53,Low
ENG1972,AST0065,SEC065,Rail Inspection,Gauge deviation,4,LOW,2025-01-04,2025-01-06,2025-01-31,5.3,7,LOW,Pending,25,Normal
ENG1973,AST0176,SEC026,Rail Replacement,End-post fracture,1,CRITICAL,2025-11-23,2025-11-23,2025-11-30,4.8,9,HIGH,Scheduled,7,Urgent
ENG1974,AST0119,SEC044,Track Geometry Correction,Alignment defect,4,LOW,2025-01-05,2025-01-07,2025-03-04,2.2,15,LOW,Pending,56,Low
ENG1975,AST0399,SEC024,Track Geometry Correction,Cross-level error,5,LOW,2025-07-21,2025-07-24,2025-09-14,1.0,10,LOW,Scheduled,52,Low
ENG1976,AST0397,SEC022,Welding,Thermit weld defect,4,LOW,2025-03-17,2025-03-17,2025-05-13,1.8,13,LOW,Pending,57,Low
ENG1977,AST0319,SEC019,Track Alignment,Lateral misalignment,3,MEDIUM,2025-12-13,2025-12-13,2025-12-28,6.5,14,MEDIUM,Pending,15,Normal
ENG1978,AST0146,SEC071,Track Alignment,Buckling risk,2,HIGH,2025-06-29,2025-06-30,2025-07-07,2.3,7,HIGH,Cancelled,7,Urgent
ENG1979,AST0382,SEC007,Welding,Misaligned weld,3,MEDIUM,2025-04-15,2025-04-15,2025-04-29,7.6,7,MEDIUM,Completed,14,Normal
ENG1980,AST0189,SEC039,Rail Replacement,Rail end batter,4,LOW,2025-09-16,2025-09-16,2025-10-22,8.8,14,LOW,Cancelled,36,Low
ENG1981,AST0018,SEC018,Sleeper Replacement,Cracked sleeper,3,MEDIUM,2025-01-10,2025-01-12,2025-02-11,3.9,6,MEDIUM,Completed,30,Normal
ENG1982,AST0384,SEC009,Sleeper Replacement,Cracked sleeper,3,MEDIUM,2025-05-16,2025-05-18,2025-06-01,5.8,2,MEDIUM,Completed,14,Normal
ENG1983,AST0238,SEC013,Sleeper Replacement,Broken concrete sleeper,2,HIGH,2025-11-07,2025-11-07,2025-11-18,8.0,4,HIGH,Scheduled,11,Normal
ENG1984,AST0052,SEC052,Turnout Maintenance,Crossing nose defect,1,CRITICAL,2025-01-31,2025-02-01,2025-02-04,7.3,10,HIGH,Completed,3,Urgent
ENG1985,AST0250,SEC025,Track Alignment,Vertical misalignment,3,MEDIUM,2025-01-15,2025-01-15,2025-02-14,10.9,10,MEDIUM,Pending,30,Normal
ENG1986,AST0061,SEC061,Welding,Thermit weld defect,1,CRITICAL,2025-04-11,2025-04-12,2025-04-17,10.6,10,HIGH,Pending,5,Urgent
ENG1987,AST0236,SEC011,Ballast Maintenance,Vegetation growth,5,LOW,2025-03-30,2025-04-02,2025-06-03,4.5,6,LOW,Pending,62,Low
ENG1988,AST0340,SEC040,Track Geometry Correction,Cross-level error,3,MEDIUM,2025-11-13,2025-11-13,2025-11-28,2.9,3,MEDIUM,Completed,15,Normal
ENG1989,AST0316,SEC016,Rail Inspection,Gauge deviation,5,LOW,2025-07-15,2025-07-15,2025-09-19,2.0,12,LOW,Completed,66,Low
ENG1990,AST0063,SEC063,Track Alignment,Vertical misalignment,3,MEDIUM,2025-11-06,2025-11-08,2025-12-08,8.0,13,MEDIUM,Cancelled,30,Normal
ENG1991,AST0091,SEC016,Rail Replacement,Rail end batter,3,MEDIUM,2025-11-21,2025-11-21,2025-12-16,2.0,11,MEDIUM,Cancelled,25,Normal
ENG1992,AST0072,SEC072,Track Geometry Correction,Alignment defect,3,MEDIUM,2025-07-20,2025-07-23,2025-08-07,12.0,4,MEDIUM,In Progress,15,Normal
ENG1993,AST0206,SEC056,Sleeper Replacement,Decayed wooden sleeper,3,MEDIUM,2025-01-29,2025-01-30,2025-03-01,1.6,14,MEDIUM,Pending,30,Normal
ENG1994,AST0016,SEC016,Rail Inspection,Rail crack,2,HIGH,2025-03-21,2025-03-22,2025-04-01,7.7,4,HIGH,In Progress,10,Normal
ENG1995,AST0265,SEC040,Turnout Maintenance,Crossing nose defect,2,HIGH,2025-02-10,2025-02-10,2025-02-25,11.6,12,HIGH,Completed,15,Normal
ENG1996,AST0225,SEC075,Sleeper Replacement,Broken concrete sleeper,1,CRITICAL,2025-08-15,2025-08-15,2025-08-18,5.4,13,HIGH,Completed,3,Urgent
ENG1997,AST0055,SEC055,Rail Inspection,Corrugation,5,LOW,2025-09-24,2025-09-24,2025-11-11,9.7,8,LOW,Pending,48,Low
ENG1998,AST0091,SEC016,Ballast Maintenance,Vegetation growth,5,LOW,2025-01-04,2025-01-06,2025-02-26,9.0,3,LOW,Completed,51,Low
ENG1999,AST0250,SEC025,Welding,Misaligned weld,2,HIGH,2025-09-14,2025-09-15,2025-09-23,2.0,9,HIGH,Scheduled,8,Normal
ENG2000,AST0149,SEC074,Rail Inspection,Surface defect,3,MEDIUM,2025-05-10,2025-05-11,2025-06-06,10.3,13,MEDIUM,Pending,26,Normal
ENG2001,AST0056,SEC056,Sleeper Replacement,Missing sleeper,3,MEDIUM,2025-06-04,2025-06-07,2025-06-28,9.0,8,MEDIUM,Completed,21,Normal
ENG2002,AST0229,SEC004,Rail Replacement,Broken rail,3,MEDIUM,2025-11-06,2025-11-06,2025-11-23,9.9,11,MEDIUM,Completed,17,Normal
ENG2003,AST0062,SEC062,Turnout Maintenance,Check rail gap,5,LOW,2025-04-22,2025-04-24,2025-06-18,3.6,13,LOW,Completed,55,Low
ENG2004,AST0160,SEC010,Ballast Maintenance,Vegetation growth,2,HIGH,2025-08-02,2025-08-03,2025-08-18,1.2,9,HIGH,Pending,15,Normal
ENG2005,AST0030,SEC030,Sleeper Replacement,Broken concrete sleeper,2,HIGH,2025-01-24,2025-01-25,2025-02-08,9.0,10,HIGH,Scheduled,14,Normal
ENG2006,AST0125,SEC050,Track Geometry Correction,Gauge irregularity,4,LOW,2025-09-13,2025-09-14,2025-10-17,8.2,15,LOW,Pending,33,Low
ENG2007,AST0279,SEC054,Rail Replacement,Severely worn rail,4,LOW,2025-06-15,2025-06-17,2025-07-26,9.4,13,LOW,Scheduled,39,Low
ENG2008,AST0146,SEC071,Sleeper Replacement,Missing sleeper,4,LOW,2025-12-14,2025-12-16,2026-02-12,8.5,15,LOW,Scheduled,58,Low
ENG2009,AST0312,SEC012,Sleeper Replacement,Broken concrete sleeper,3,MEDIUM,2025-01-05,2025-01-07,2025-01-23,9.3,14,MEDIUM,Pending,16,Normal
ENG2010,AST0380,SEC005,Rail Replacement,Severely worn rail,3,MEDIUM,2025-08-05,2025-08-07,2025-08-29,10.0,4,MEDIUM,Completed,22,Normal
ENG2011,AST0156,SEC006,Sleeper Replacement,Missing sleeper,4,LOW,2025-06-30,2025-07-03,2025-08-20,3.3,5,LOW,Pending,48,Low
ENG2012,AST0106,SEC031,Track Alignment,Lateral misalignment,2,HIGH,2025-08-16,2025-08-16,2025-08-28,10.9,11,HIGH,Completed,12,Normal
ENG2013,AST0217,SEC067,Track Geometry Correction,Alignment defect,2,HIGH,2025-09-26,2025-09-26,2025-10-09,11.8,11,HIGH,In Progress,13,Normal
ENG2014,AST0134,SEC059,Welding,Weld crack,2,HIGH,2025-09-14,2025-09-16,2025-09-26,5.8,9,HIGH,Completed,10,Normal
ENG2015,AST0258,SEC033,Rail Inspection,Corrugation,4,LOW,2025-10-26,2025-10-26,2025-11-24,9.1,6,LOW,In Progress,29,Normal
ENG2016,AST0320,SEC020,Sleeper Replacement,Broken concrete sleeper,2,HIGH,2025-05-13,2025-05-13,2025-05-28,11.8,8,HIGH,Completed,15,Normal
ENG2017,AST0101,SEC026,Sleeper Replacement,Broken concrete sleeper,3,MEDIUM,2025-09-09,2025-09-11,2025-10-09,2.9,15,MEDIUM,Pending,28,Normal
ENG2018,AST0243,SEC018,Track Alignment,Lateral misalignment,3,MEDIUM,2025-07-23,2025-07-23,2025-08-08,9.1,3,MEDIUM,Completed,16,Normal
ENG2019,AST0262,SEC037,Rail Replacement,End-post fracture,3,MEDIUM,2025-04-16,2025-04-16,2025-05-12,8.5,6,MEDIUM,Pending,26,Normal
ENG2020,AST0119,SEC044,Track Alignment,Vertical misalignment,1,CRITICAL,2025-06-26,2025-06-27,2025-07-01,3.2,5,HIGH,Scheduled,4,Urgent
ENG2021,AST0369,SEC069,Rail Inspection,Worn rail head,4,LOW,2025-07-16,2025-07-17,2025-08-25,4.0,3,LOW,Pending,39,Low
ENG2022,AST0107,SEC032,Ballast Maintenance,Vegetation growth,2,HIGH,2025-03-30,2025-04-01,2025-04-09,11.7,3,HIGH,Scheduled,8,Normal
ENG2023,AST0272,SEC047,Rail Inspection,Gauge deviation,4,LOW,2025-06-14,2025-06-16,2025-07-15,7.7,4,LOW,Pending,29,Normal
ENG2024,AST0112,SEC037,Track Geometry Correction,Gauge irregularity,4,LOW,2025-08-12,2025-08-13,2025-09-21,3.6,6,LOW,Pending,39,Low
ENG2025,AST0238,SEC013,Sleeper Replacement,Broken concrete sleeper,2,HIGH,2025-07-06,2025-07-06,2025-07-20,3.0,2,HIGH,Completed,14,Normal
ENG2026,AST0352,SEC052,Rail Replacement,End-post fracture,3,MEDIUM,2025-02-24,2025-02-26,2025-03-22,5.2,14,MEDIUM,Completed,24,Normal
ENG2027,AST0086,SEC011,Track Alignment,Cant deficiency,3,MEDIUM,2025-09-15,2025-09-18,2025-10-02,8.0,10,MEDIUM,Completed,14,Normal
ENG2028,AST0291,SEC066,Sleeper Replacement,Cracked sleeper,5,LOW,2025-09-09,2025-09-10,2025-11-23,6.2,4,LOW,Pending,74,Low
ENG2029,AST0373,SEC073,Sleeper Replacement,Missing sleeper,2,HIGH,2025-01-29,2025-01-30,2025-02-14,1.1,10,HIGH,Pending,15,Normal
ENG2030,AST0078,SEC003,Rail Inspection,Rail crack,2,HIGH,2025-06-27,2025-06-30,2025-07-14,5.1,5,HIGH,Completed,14,Normal
ENG2031,AST0226,SEC001,Turnout Maintenance,Switch tongue wear,3,MEDIUM,2025-12-18,2025-12-18,2026-01-12,7.3,15,MEDIUM,Scheduled,25,Normal
ENG2032,AST0385,SEC010,Turnout Maintenance,Check rail gap,3,MEDIUM,2025-10-11,2025-10-11,2025-11-07,10.2,14,MEDIUM,Completed,27,Normal
ENG2033,AST0018,SEC018,Welding,Misaligned weld,4,LOW,2025-10-04,2025-10-07,2025-12-03,6.7,7,LOW,Cancelled,57,Low
ENG2034,AST0204,SEC054,Track Alignment,Lateral misalignment,3,MEDIUM,2025-06-08,2025-06-09,2025-06-25,11.8,4,MEDIUM,Completed,16,Normal
ENG2035,AST0025,SEC025,Rail Inspection,Worn rail head,2,HIGH,2025-05-04,2025-05-07,2025-05-22,9.2,12,HIGH,Pending,15,Normal
ENG2036,AST0019,SEC019,Welding,Thermit weld defect,5,LOW,2025-08-02,2025-08-05,2025-10-18,9.4,9,LOW,Completed,74,Low
ENG2037,AST0271,SEC046,Ballast Maintenance,Vegetation growth,4,LOW,2025-01-19,2025-01-20,2025-03-11,5.1,6,LOW,Scheduled,50,Low
ENG2038,AST0108,SEC033,Rail Inspection,Worn rail head,4,LOW,2025-07-11,2025-07-14,2025-08-22,9.0,9,LOW,Completed,39,Low
ENG2039,AST0295,SEC070,Ballast Maintenance,Drainage blockage,1,CRITICAL,2025-03-28,2025-03-28,2025-03-31,2.5,9,HIGH,Cancelled,3,Urgent
ENG2040,AST0355,SEC055,Ballast Maintenance,Drainage blockage,3,MEDIUM,2025-01-17,2025-01-20,2025-02-16,5.9,14,MEDIUM,Completed,27,Normal
ENG2041,AST0257,SEC032,Rail Replacement,Rail end batter,4,LOW,2025-11-28,2025-11-28,2026-01-10,7.6,8,LOW,Cancelled,43,Low
ENG2042,AST0196,SEC046,Rail Replacement,Rail end batter,3,MEDIUM,2025-07-30,2025-07-30,2025-08-28,4.9,12,MEDIUM,Completed,29,Normal
ENG2043,AST0155,SEC005,Ballast Maintenance,Insufficient ballast,3,MEDIUM,2025-12-09,2025-12-10,2025-12-31,8.1,3,MEDIUM,Cancelled,21,Normal
ENG2044,AST0209,SEC059,Welding,Misaligned weld,3,MEDIUM,2025-11-24,2025-11-24,2025-12-24,6.3,15,MEDIUM,Scheduled,30,Normal
ENG2045,AST0347,SEC047,Sleeper Replacement,Broken concrete sleeper,3,MEDIUM,2025-11-22,2025-11-24,2025-12-10,5.0,4,MEDIUM,Pending,16,Normal
ENG2046,AST0201,SEC051,Rail Inspection,Rail crack,4,LOW,2025-10-18,2025-10-19,2025-12-08,7.2,5,LOW,Pending,50,Low
ENG2047,AST0027,SEC027,Turnout Maintenance,Point mechanism fault,2,HIGH,2025-03-05,2025-03-06,2025-03-15,11.1,15,HIGH,Completed,9,Normal
ENG2048,AST0389,SEC014,Rail Replacement,End-post fracture,3,MEDIUM,2025-07-22,2025-07-25,2025-08-21,7.9,15,MEDIUM,In Progress,27,Normal
ENG2049,AST0198,SEC048,Turnout Maintenance,Check rail gap,2,HIGH,2025-04-23,2025-04-23,2025-05-02,11.4,15,HIGH,Completed,9,Normal
ENG2050,AST0371,SEC071,Ballast Maintenance,Vegetation growth,4,LOW,2025-11-18,2025-11-21,2026-01-08,10.6,4,LOW,Completed,48,Low
ENG2051,AST0097,SEC022,Rail Replacement,Severely worn rail,3,MEDIUM,2025-04-04,2025-04-04,2025-04-27,10.2,12,MEDIUM,Completed,23,Normal
ENG2052,AST0341,SEC041,Rail Replacement,End-post fracture,3,MEDIUM,2025-11-27,2025-11-28,2025-12-14,5.4,5,MEDIUM,Cancelled,16,Normal
ENG2053,AST0286,SEC061,Rail Inspection,Corrugation,3,MEDIUM,2025-11-11,2025-11-11,2025-12-10,5.6,3,MEDIUM,Scheduled,29,Normal
ENG2054,AST0315,SEC015,Welding,Misaligned weld,3,MEDIUM,2025-04-14,2025-04-14,2025-05-14,8.2,11,MEDIUM,Scheduled,30,Normal
ENG2055,AST0337,SEC037,Welding,Misaligned weld,2,HIGH,2025-07-01,2025-07-01,2025-07-12,7.2,7,HIGH,Cancelled,11,Normal
ENG2056,AST0204,SEC054,Sleeper Replacement,Missing sleeper,1,CRITICAL,2025-09-28,2025-09-28,2025-10-02,4.5,10,HIGH,Pending,4,Urgent
ENG2057,AST0249,SEC024,Track Geometry Correction,Alignment defect,4,LOW,2025-03-25,2025-03-28,2025-05-05,3.0,13,LOW,Completed,38,Low
ENG2058,AST0225,SEC075,Rail Replacement,Broken rail,3,MEDIUM,2025-01-27,2025-01-29,2025-02-16,3.7,10,MEDIUM,Cancelled,18,Normal
ENG2059,AST0369,SEC069,Welding,Weld depression,3,MEDIUM,2025-07-31,2025-08-01,2025-08-24,8.5,2,MEDIUM,Completed,23,Normal
ENG2060,AST0368,SEC068,Sleeper Replacement,Missing sleeper,5,LOW,2025-06-11,2025-06-11,2025-08-28,3.1,13,LOW,Completed,78,Low
ENG2061,AST0006,SEC006,Track Geometry Correction,Alignment defect,4,LOW,2025-01-10,2025-01-13,2025-02-15,3.1,10,LOW,Completed,33,Low
ENG2062,AST0364,SEC064,Sleeper Replacement,Missing sleeper,4,LOW,2025-10-29,2025-11-01,2025-12-02,6.3,13,LOW,Scheduled,31,Low
ENG2063,AST0157,SEC007,Rail Inspection,Worn rail head,3,MEDIUM,2025-06-30,2025-07-01,2025-07-19,4.0,7,MEDIUM,Completed,18,Normal
ENG2064,AST0100,SEC025,Track Alignment,Vertical misalignment,4,LOW,2025-08-19,2025-08-20,2025-09-14,7.6,5,LOW,In Progress,25,Normal
ENG2065,AST0138,SEC063,Rail Inspection,Rail crack,4,LOW,2025-05-13,2025-05-15,2025-06-23,11.5,4,LOW,Completed,39,Low
ENG2066,AST0164,SEC014,Welding,Weld depression,1,CRITICAL,2025-05-12,2025-05-15,2025-05-20,3.0,6,HIGH,Completed,5,Urgent
ENG2067,AST0350,SEC050,Welding,Weld depression,5,LOW,2025-07-12,2025-07-12,2025-09-02,6.5,12,LOW,Completed,52,Low
ENG2068,AST0129,SEC054,Track Alignment,Cant deficiency,3,MEDIUM,2025-09-21,2025-09-23,2025-10-20,6.4,10,MEDIUM,Scheduled,27,Normal
ENG2069,AST0355,SEC055,Track Alignment,Cant deficiency,4,LOW,2025-05-30,2025-06-02,2025-07-24,4.1,7,LOW,Completed,52,Low
ENG2070,AST0324,SEC024,Turnout Maintenance,Switch tongue wear,1,CRITICAL,2025-09-06,2025-09-07,2025-09-14,11.9,5,HIGH,Completed,7,Urgent
ENG2071,AST0183,SEC033,Ballast Maintenance,Drainage blockage,3,MEDIUM,2025-04-10,2025-04-13,2025-04-30,6.1,5,MEDIUM,In Progress,17,Normal
ENG2072,AST0083,SEC008,Track Geometry Correction,Twist fault,3,MEDIUM,2025-05-16,2025-05-18,2025-06-07,4.8,7,MEDIUM,Pending,20,Normal
ENG2073,AST0064,SEC064,Turnout Maintenance,Switch tongue wear,3,MEDIUM,2025-01-07,2025-01-08,2025-01-24,9.1,8,MEDIUM,In Progress,16,Normal
ENG2074,AST0178,SEC028,Rail Replacement,Severely worn rail,3,MEDIUM,2025-11-20,2025-11-22,2025-12-20,4.2,15,MEDIUM,Scheduled,28,Normal
ENG2075,AST0392,SEC017,Turnout Maintenance,Crossing nose defect,4,LOW,2025-03-02,2025-03-04,2025-05-02,1.3,2,LOW,Completed,59,Low
ENG2076,AST0397,SEC022,Turnout Maintenance,Switch tongue wear,5,LOW,2025-06-18,2025-06-20,2025-09-06,10.8,15,LOW,In Progress,78,Low
ENG2077,AST0203,SEC053,Rail Inspection,Surface defect,3,MEDIUM,2025-10-02,2025-10-02,2025-10-17,9.4,11,MEDIUM,In Progress,15,Normal
ENG2078,AST0111,SEC036,Turnout Maintenance,Point mechanism fault,5,LOW,2025-12-08,2025-12-09,2026-01-29,11.2,14,LOW,In Progress,51,Low
ENG2079,AST0241,SEC016,Welding,Weld depression,4,LOW,2025-07-22,2025-07-22,2025-08-22,11.6,11,LOW,Completed,31,Low
ENG2080,AST0051,SEC051,Turnout Maintenance,Switch tongue wear,5,LOW,2025-11-26,2025-11-27,2026-02-13,9.2,2,LOW,In Progress,78,Low
ENG2081,AST0055,SEC055,Track Geometry Correction,Alignment defect,1,CRITICAL,2025-02-21,2025-02-21,2025-02-27,3.3,14,HIGH,Pending,6,Urgent
ENG2082,AST0062,SEC062,Track Alignment,Buckling risk,3,MEDIUM,2025-05-29,2025-05-29,2025-06-26,6.9,9,MEDIUM,Completed,28,Normal
ENG2083,AST0177,SEC027,Turnout Maintenance,Check rail gap,2,HIGH,2025-07-01,2025-07-01,2025-07-08,10.8,14,HIGH,Completed,7,Urgent
ENG2084,AST0216,SEC066,Rail Inspection,Worn rail head,4,LOW,2025-03-04,2025-03-05,2025-04-14,7.7,15,LOW,In Progress,40,Low
ENG2085,AST0240,SEC015,Welding,Weld crack,3,MEDIUM,2025-12-11,2025-12-14,2026-01-05,5.2,9,MEDIUM,In Progress,22,Normal
ENG2086,AST0156,SEC006,Rail Inspection,Worn rail head,2,HIGH,2025-06-07,2025-06-07,2025-06-16,6.1,10,HIGH,In Progress,9,Normal
ENG2087,AST0385,SEC010,Track Alignment,Lateral misalignment,3,MEDIUM,2025-10-22,2025-10-22,2025-11-06,11.7,6,MEDIUM,Completed,15,Normal
ENG2088,AST0102,SEC027,Sleeper Replacement,Cracked sleeper,2,HIGH,2025-09-05,2025-09-08,2025-09-16,8.5,4,HIGH,Pending,8,Normal
ENG2089,AST0108,SEC033,Ballast Maintenance,Insufficient ballast,3,MEDIUM,2025-03-17,2025-03-18,2025-04-10,7.9,14,MEDIUM,In Progress,23,Normal
ENG2090,AST0193,SEC043,Track Geometry Correction,Gauge irregularity,3,MEDIUM,2025-09-24,2025-09-27,2025-10-17,3.9,3,MEDIUM,Scheduled,20,Normal
ENG2091,AST0098,SEC023,Rail Inspection,Surface defect,5,LOW,2025-06-06,2025-06-08,2025-08-18,6.0,14,LOW,In Progress,71,Low
ENG2092,AST0148,SEC073,Track Geometry Correction,Twist fault,4,LOW,2025-06-29,2025-06-29,2025-08-18,7.3,3,LOW,In Progress,50,Low
ENG2093,AST0040,SEC040,Rail Replacement,Severely worn rail,2,HIGH,2025-04-25,2025-04-25,2025-05-10,5.9,15,HIGH,Pending,15,Normal
ENG2094,AST0010,SEC010,Turnout Maintenance,Check rail gap,3,MEDIUM,2025-02-11,2025-02-12,2025-03-02,7.2,9,MEDIUM,Completed,18,Normal
ENG2095,AST0286,SEC061,Rail Replacement,End-post fracture,4,LOW,2025-10-18,2025-10-18,2025-12-06,3.4,5,LOW,Completed,49,Low
ENG2096,AST0335,SEC035,Turnout Maintenance,Check rail gap,4,LOW,2025-09-16,2025-09-17,2025-11-03,3.6,3,LOW,Completed,47,Low
ENG2097,AST0390,SEC015,Sleeper Replacement,Broken concrete sleeper,1,CRITICAL,2025-08-12,2025-08-12,2025-08-15,10.9,14,HIGH,In Progress,3,Urgent
ENG2098,AST0100,SEC025,Sleeper Replacement,Decayed wooden sleeper,3,MEDIUM,2025-08-15,2025-08-16,2025-08-30,10.0,13,MEDIUM,Completed,14,Normal
ENG2099,AST0131,SEC056,Sleeper Replacement,Broken concrete sleeper,2,HIGH,2025-04-23,2025-04-23,2025-05-02,10.1,7,HIGH,Scheduled,9,Normal
ENG2100,AST0274,SEC049,Welding,Weld crack,3,MEDIUM,2025-05-31,2025-06-02,2025-06-27,1.4,3,MEDIUM,Pending,25,Normal
ENG2101,AST0215,SEC065,Track Geometry Correction,Gauge irregularity,3,MEDIUM,2025-10-18,2025-10-21,2025-11-08,11.3,2,MEDIUM,In Progress,18,Normal
ENG2102,AST0369,SEC069,Ballast Maintenance,Fouled ballast,4,LOW,2025-04-23,2025-04-25,2025-06-05,1.9,8,LOW,Pending,41,Low
ENG2103,AST0237,SEC012,Ballast Maintenance,Drainage blockage,2,HIGH,2025-11-25,2025-11-28,2025-12-12,10.7,6,HIGH,Pending,14,Normal
ENG2104,AST0185,SEC035,Sleeper Replacement,Decayed wooden sleeper,2,HIGH,2025-06-25,2025-06-26,2025-07-06,8.5,14,HIGH,Cancelled,10,Normal
ENG2105,AST0115,SEC040,Turnout Maintenance,Switch tongue wear,2,HIGH,2025-01-29,2025-01-30,2025-02-13,4.1,7,HIGH,Pending,14,Normal
ENG2106,AST0130,SEC055,Rail Replacement,Severely worn rail,5,LOW,2025-02-01,2025-02-01,2025-03-28,9.8,6,LOW,Completed,55,Low
ENG2107,AST0003,SEC003,Ballast Maintenance,Vegetation growth,3,MEDIUM,2025-08-20,2025-08-22,2025-09-15,10.8,4,MEDIUM,Pending,24,Normal
ENG2108,AST0298,SEC073,Track Alignment,Buckling risk,5,LOW,2025-02-18,2025-02-19,2025-05-14,9.6,14,LOW,Completed,84,Low
ENG2109,AST0177,SEC027,Track Alignment,Lateral misalignment,4,LOW,2025-12-09,2025-12-12,2026-01-16,11.5,13,LOW,Completed,35,Low
ENG2110,AST0169,SEC019,Sleeper Replacement,Cracked sleeper,4,LOW,2025-09-11,2025-09-13,2025-10-15,10.1,8,LOW,Pending,32,Low
ENG2111,AST0327,SEC027,Track Alignment,Lateral misalignment,3,MEDIUM,2025-10-29,2025-10-31,2025-11-26,7.6,13,MEDIUM,Cancelled,26,Normal
ENG2112,AST0145,SEC070,Ballast Maintenance,Vegetation growth,3,MEDIUM,2025-08-20,2025-08-20,2025-09-17,9.5,14,MEDIUM,Pending,28,Normal
ENG2113,AST0006,SEC006,Ballast Maintenance,Insufficient ballast,1,CRITICAL,2025-06-15,2025-06-16,2025-06-20,3.3,5,HIGH,Scheduled,4,Urgent
ENG2114,AST0033,SEC033,Sleeper Replacement,Broken concrete sleeper,4,LOW,2025-08-16,2025-08-16,2025-10-07,11.5,12,LOW,Completed,52,Low
ENG2115,AST0211,SEC061,Track Geometry Correction,Alignment defect,4,LOW,2025-09-24,2025-09-26,2025-10-28,7.9,9,LOW,Completed,32,Low
ENG2116,AST0154,SEC004,Welding,Misaligned weld,3,MEDIUM,2025-03-27,2025-03-30,2025-04-18,2.0,14,MEDIUM,Cancelled,19,Normal
ENG2117,AST0302,SEC002,Welding,Thermit weld defect,4,LOW,2025-11-24,2025-11-24,2026-01-16,10.1,9,LOW,In Progress,53,Low
ENG2118,AST0031,SEC031,Rail Inspection,Gauge deviation,1,CRITICAL,2025-03-24,2025-03-26,2025-03-31,2.9,14,HIGH,Completed,5,Urgent
ENG2119,AST0300,SEC075,Turnout Maintenance,Crossing nose defect,3,MEDIUM,2025-04-15,2025-04-15,2025-05-03,8.4,6,MEDIUM,Scheduled,18,Normal
ENG2120,AST0287,SEC062,Sleeper Replacement,Cracked sleeper,5,LOW,2025-05-08,2025-05-11,2025-07-31,10.6,10,LOW,Cancelled,81,Low
ENG2121,AST0182,SEC032,Turnout Maintenance,Point mechanism fault,4,LOW,2025-09-14,2025-09-14,2025-11-01,7.4,14,LOW,Pending,48,Low
ENG2122,AST0184,SEC034,Rail Inspection,Surface defect,1,CRITICAL,2025-05-11,2025-05-11,2025-05-14,7.4,13,HIGH,Cancelled,3,Urgent
ENG2123,AST0352,SEC052,Sleeper Replacement,Decayed wooden sleeper,4,LOW,2025-02-20,2025-02-22,2025-03-19,1.8,13,LOW,Pending,25,Normal
ENG2124,AST0175,SEC025,Rail Inspection,Gauge deviation,5,LOW,2025-08-21,2025-08-22,2025-10-29,10.7,12,LOW,Scheduled,68,Low
ENG2125,AST0085,SEC010,Sleeper Replacement,Cracked sleeper,2,HIGH,2025-03-05,2025-03-05,2025-03-13,5.6,5,HIGH,In Progress,8,Normal
ENG2126,AST0264,SEC039,Rail Inspection,Corrugation,1,CRITICAL,2025-01-16,2025-01-17,2025-01-20,8.9,8,HIGH,Completed,3,Urgent
ENG2127,AST0147,SEC072,Welding,Misaligned weld,4,LOW,2025-01-16,2025-01-17,2025-03-06,5.4,12,LOW,In Progress,48,Low
ENG2128,AST0314,SEC014,Track Geometry Correction,Twist fault,4,LOW,2025-04-28,2025-04-28,2025-05-27,12.0,4,LOW,Pending,29,Normal
ENG2129,AST0049,SEC049,Turnout Maintenance,Point mechanism fault,2,HIGH,2025-08-25,2025-08-28,2025-09-06,5.6,13,HIGH,Pending,9,Normal
ENG2130,AST0218,SEC068,Rail Replacement,Rail end batter,1,CRITICAL,2025-01-08,2025-01-09,2025-01-16,3.2,12,HIGH,In Progress,7,Urgent
ENG2131,AST0042,SEC042,Track Alignment,Lateral misalignment,4,LOW,2025-06-30,2025-07-01,2025-08-03,5.6,13,LOW,Pending,33,Low
ENG2132,AST0305,SEC005,Track Alignment,Cant deficiency,4,LOW,2025-11-21,2025-11-22,2026-01-03,7.8,12,LOW,Completed,42,Low
ENG2133,AST0066,SEC066,Sleeper Replacement,Cracked sleeper,2,HIGH,2025-09-10,2025-09-10,2025-09-21,8.1,9,HIGH,Completed,11,Normal
ENG2134,AST0350,SEC050,Turnout Maintenance,Point mechanism fault,3,MEDIUM,2025-05-20,2025-05-21,2025-06-17,3.5,8,MEDIUM,Pending,27,Normal
ENG2135,AST0096,SEC021,Track Geometry Correction,Gauge irregularity,3,MEDIUM,2025-05-02,2025-05-03,2025-05-22,6.8,11,MEDIUM,Scheduled,19,Normal
ENG2136,AST0225,SEC075,Track Geometry Correction,Twist fault,4,LOW,2025-10-04,2025-10-04,2025-11-21,10.3,4,LOW,Pending,48,Low
ENG2137,AST0232,SEC007,Rail Replacement,Broken rail,2,HIGH,2025-06-26,2025-06-27,2025-07-07,8.7,5,HIGH,Scheduled,10,Normal
ENG2138,AST0359,SEC059,Sleeper Replacement,Cracked sleeper,5,LOW,2025-06-01,2025-06-04,2025-07-25,3.9,13,LOW,Completed,51,Low
ENG2139,AST0066,SEC066,Welding,Weld depression,1,CRITICAL,2025-03-16,2025-03-19,2025-03-25,11.4,15,HIGH,Pending,6,Urgent
ENG2140,AST0344,SEC044,Track Alignment,Buckling risk,3,MEDIUM,2025-10-28,2025-10-30,2025-11-20,9.8,10,MEDIUM,Cancelled,21,Normal
ENG2141,AST0088,SEC013,Rail Replacement,Rail end batter,4,LOW,2025-04-14,2025-04-16,2025-05-22,5.0,4,LOW,Cancelled,36,Low
ENG2142,AST0390,SEC015,Rail Inspection,Surface defect,4,LOW,2025-09-07,2025-09-09,2025-10-09,4.4,3,LOW,Completed,30,Normal
ENG2143,AST0022,SEC022,Track Alignment,Lateral misalignment,4,LOW,2025-03-27,2025-03-29,2025-05-02,2.3,2,LOW,Pending,34,Low
ENG2144,AST0167,SEC017,Rail Inspection,Gauge deviation,4,LOW,2025-08-27,2025-08-30,2025-10-21,4.9,9,LOW,Pending,52,Low
ENG2145,AST0161,SEC011,Turnout Maintenance,Crossing nose defect,4,LOW,2025-06-27,2025-06-27,2025-07-31,7.2,2,LOW,Scheduled,34,Low
ENG2146,AST0370,SEC070,Welding,Weld depression,1,CRITICAL,2025-03-06,2025-03-07,2025-03-10,7.2,9,HIGH,Cancelled,3,Urgent
ENG2147,AST0198,SEC048,Ballast Maintenance,Insufficient ballast,1,CRITICAL,2025-04-26,2025-04-26,2025-05-02,1.7,2,HIGH,In Progress,6,Urgent
ENG2148,AST0114,SEC039,Welding,Misaligned weld,4,LOW,2025-06-24,2025-06-25,2025-07-25,7.6,2,LOW,Cancelled,30,Normal
ENG2149,AST0162,SEC012,Welding,Weld depression,4,LOW,2025-05-04,2025-05-06,2025-06-09,7.4,9,LOW,Completed,34,Low
ENG2150,AST0381,SEC006,Welding,Weld depression,4,LOW,2025-03-04,2025-03-06,2025-04-30,5.2,5,LOW,Completed,55,Low
ENG2151,AST0261,SEC036,Track Alignment,Cant deficiency,4,LOW,2025-03-11,2025-03-12,2025-05-10,8.3,12,LOW,Completed,59,Low
ENG2152,AST0247,SEC022,Ballast Maintenance,Insufficient ballast,2,HIGH,2025-04-20,2025-04-21,2025-04-29,6.7,7,HIGH,Pending,8,Normal
ENG2153,AST0088,SEC013,Track Geometry Correction,Gauge irregularity,5,LOW,2025-01-27,2025-01-27,2025-04-12,4.4,15,LOW,Scheduled,75,Low
ENG2154,AST0057,SEC057,Track Geometry Correction,Gauge irregularity,4,LOW,2025-09-01,2025-09-02,2025-10-17,9.0,10,LOW,Pending,45,Low
ENG2155,AST0194,SEC044,Turnout Maintenance,Crossing nose defect,5,LOW,2025-05-10,2025-05-11,2025-07-05,10.8,3,LOW,In Progress,55,Low
ENG2156,AST0186,SEC036,Track Alignment,Vertical misalignment,4,LOW,2025-04-02,2025-04-04,2025-05-16,7.2,4,LOW,Scheduled,42,Low
ENG2157,AST0252,SEC027,Track Alignment,Cant deficiency,3,MEDIUM,2025-03-26,2025-03-28,2025-04-21,5.3,7,MEDIUM,Completed,24,Normal
ENG2158,AST0230,SEC005,Welding,Weld crack,3,MEDIUM,2025-06-09,2025-06-09,2025-06-28,7.8,12,MEDIUM,Scheduled,19,Normal
ENG2159,AST0136,SEC061,Rail Inspection,Surface defect,3,MEDIUM,2025-01-02,2025-01-02,2025-01-25,4.0,4,MEDIUM,Scheduled,23,Normal
ENG2160,AST0216,SEC066,Welding,Weld depression,3,MEDIUM,2025-08-21,2025-08-21,2025-09-13,2.1,6,MEDIUM,Completed,23,Normal
ENG2161,AST0279,SEC054,Turnout Maintenance,Check rail gap,2,HIGH,2025-12-19,2025-12-20,2025-12-29,6.3,8,HIGH,Completed,9,Normal
ENG2162,AST0137,SEC062,Track Alignment,Buckling risk,2,HIGH,2025-10-29,2025-10-31,2025-11-08,4.6,9,HIGH,Scheduled,8,Normal
ENG2163,AST0310,SEC010,Rail Replacement,Broken rail,3,MEDIUM,2025-02-20,2025-02-22,2025-03-22,6.6,11,MEDIUM,Scheduled,28,Normal
ENG2164,AST0369,SEC069,Track Geometry Correction,Gauge irregularity,4,LOW,2025-06-26,2025-06-29,2025-08-07,5.7,9,LOW,Completed,39,Low
ENG2165,AST0141,SEC066,Track Alignment,Cant deficiency,2,HIGH,2025-11-10,2025-11-13,2025-11-25,7.9,4,HIGH,Completed,12,Normal
ENG2166,AST0364,SEC064,Rail Inspection,Corrugation,3,MEDIUM,2025-05-22,2025-05-23,2025-06-21,3.3,2,MEDIUM,Completed,29,Normal
ENG2167,AST0015,SEC015,Track Geometry Correction,Twist fault,4,LOW,2025-12-14,2025-12-17,2026-02-11,2.8,4,LOW,Completed,56,Low
ENG2168,AST0316,SEC016,Rail Replacement,Broken rail,1,CRITICAL,2025-04-08,2025-04-11,2025-04-14,4.3,14,HIGH,Completed,3,Urgent
ENG2169,AST0344,SEC044,Rail Inspection,Gauge deviation,3,MEDIUM,2024-12-31,2025-01-02,2025-01-27,8.6,11,MEDIUM,Completed,25,Normal
ENG2170,AST0344,SEC044,Rail Inspection,Worn rail head,4,LOW,2025-09-07,2025-09-07,2025-11-02,6.9,7,LOW,Pending,56,Low
ENG2171,AST0051,SEC051,Ballast Maintenance,Fouled ballast,4,LOW,2025-07-16,2025-07-16,2025-09-07,2.0,4,LOW,Completed,53,Low
ENG2172,AST0183,SEC033,Ballast Maintenance,Drainage blockage,2,HIGH,2025-04-28,2025-05-01,2025-05-10,11.5,7,HIGH,Pending,9,Normal
ENG2173,AST0350,SEC050,Track Alignment,Vertical misalignment,3,MEDIUM,2025-07-17,2025-07-20,2025-08-09,8.4,14,MEDIUM,Scheduled,20,Normal
ENG2174,AST0387,SEC012,Rail Replacement,End-post fracture,4,LOW,2025-12-17,2025-12-19,2026-02-15,3.7,13,LOW,Cancelled,58,Low
ENG2175,AST0323,SEC023,Welding,Misaligned weld,4,LOW,2025-08-29,2025-08-31,2025-10-13,2.4,8,LOW,Pending,43,Low
ENG2176,AST0118,SEC043,Welding,Weld depression,4,LOW,2025-08-31,2025-09-03,2025-10-04,4.8,5,LOW,Completed,31,Low
ENG2177,AST0140,SEC065,Rail Inspection,Surface defect,4,LOW,2025-03-11,2025-03-12,2025-04-19,6.6,14,LOW,Scheduled,38,Low
ENG2178,AST0083,SEC008,Rail Replacement,End-post fracture,3,MEDIUM,2025-08-22,2025-08-23,2025-09-21,9.3,4,MEDIUM,Pending,29,Normal
ENG2179,AST0253,SEC028,Sleeper Replacement,Cracked sleeper,2,HIGH,2025-05-27,2025-05-30,2025-06-09,10.2,11,HIGH,Pending,10,Normal
ENG2180,AST0230,SEC005,Rail Replacement,Severely worn rail,4,LOW,2025-04-05,2025-04-07,2025-06-02,1.3,11,LOW,Pending,56,Low
ENG2181,AST0293,SEC068,Track Alignment,Lateral misalignment,4,LOW,2025-03-11,2025-03-12,2025-04-14,6.3,8,LOW,Completed,33,Low
ENG2182,AST0168,SEC018,Welding,Weld crack,1,CRITICAL,2025-11-29,2025-12-01,2025-12-04,3.7,3,HIGH,Scheduled,3,Urgent
ENG2183,AST0222,SEC072,Track Alignment,Buckling risk,5,LOW,2025-02-20,2025-02-20,2025-04-16,2.4,4,LOW,Completed,55,Low
ENG2184,AST0366,SEC066,Track Alignment,Cant deficiency,1,CRITICAL,2025-01-20,2025-01-23,2025-01-27,4.6,7,HIGH,Completed,4,Urgent
ENG2185,AST0027,SEC027,Track Geometry Correction,Cross-level error,3,MEDIUM,2025-09-07,2025-09-10,2025-09-29,1.2,7,MEDIUM,Completed,19,Normal
ENG2186,AST0046,SEC046,Rail Replacement,End-post fracture,4,LOW,2025-06-19,2025-06-21,2025-08-14,6.3,11,LOW,Completed,54,Low
ENG2187,AST0210,SEC060,Rail Inspection,Rail crack,2,HIGH,2025-02-24,2025-02-26,2025-03-07,11.1,15,HIGH,Completed,9,Normal
ENG2188,AST0004,SEC004,Welding,Misaligned weld,3,MEDIUM,2025-06-11,2025-06-13,2025-06-30,11.4,9,MEDIUM,Completed,17,Normal
ENG2189,AST0119,SEC044,Turnout Maintenance,Point mechanism fault,3,MEDIUM,2025-07-11,2025-07-12,2025-08-04,1.4,3,MEDIUM,Pending,23,Normal
ENG2190,AST0336,SEC036,Track Alignment,Cant deficiency,2,HIGH,2025-11-16,2025-11-18,2025-11-25,3.1,3,HIGH,Scheduled,7,Urgent
ENG2191,AST0384,SEC009,Sleeper Replacement,Cracked sleeper,1,CRITICAL,2025-04-08,2025-04-11,2025-04-14,1.6,14,HIGH,Scheduled,3,Urgent
ENG2192,AST0161,SEC011,Track Alignment,Lateral misalignment,4,LOW,2025-09-30,2025-10-03,2025-11-04,6.2,11,LOW,Pending,32,Low
ENG2193,AST0328,SEC028,Welding,Thermit weld defect,4,LOW,2025-11-19,2025-11-22,2026-01-21,7.4,2,LOW,Completed,60,Low
ENG2194,AST0008,SEC008,Track Alignment,Lateral misalignment,1,CRITICAL,2025-02-05,2025-02-07,2025-02-13,8.4,9,HIGH,Scheduled,6,Urgent
ENG2195,AST0029,SEC029,Welding,Weld crack,3,MEDIUM,2025-05-25,2025-05-27,2025-06-25,3.1,10,MEDIUM,Pending,29,Normal
ENG2196,AST0299,SEC074,Turnout Maintenance,Crossing nose defect,4,LOW,2025-09-20,2025-09-20,2025-11-12,4.6,2,LOW,Pending,53,Low
ENG2197,AST0155,SEC005,Track Geometry Correction,Gauge irregularity,3,MEDIUM,2025-09-13,2025-09-15,2025-10-09,8.9,3,MEDIUM,Completed,24,Normal
ENG2198,AST0215,SEC065,Turnout Maintenance,Switch tongue wear,5,LOW,2025-04-05,2025-04-06,2025-05-19,8.6,11,LOW,Completed,43,Low
ENG2199,AST0373,SEC073,Turnout Maintenance,Switch tongue wear,4,LOW,2025-07-14,2025-07-15,2025-08-12,6.4,12,LOW,Cancelled,28,Normal
ENG2200,AST0313,SEC013,Sleeper Replacement,Missing sleeper,4,LOW,2025-04-28,2025-04-30,2025-06-02,6.9,3,LOW,Scheduled,33,Low
ENG2201,AST0291,SEC066,Welding,Thermit weld defect,4,LOW,2025-04-05,2025-04-07,2025-05-02,7.7,10,LOW,Scheduled,25,Normal
ENG2202,AST0072,SEC072,Track Alignment,Cant deficiency,2,HIGH,2025-08-21,2025-08-24,2025-09-01,6.2,2,HIGH,In Progress,8,Normal
ENG2203,AST0384,SEC009,Sleeper Replacement,Cracked sleeper,2,HIGH,2025-09-03,2025-09-04,2025-09-15,3.1,7,HIGH,Scheduled,11,Normal
ENG2204,AST0287,SEC062,Welding,Thermit weld defect,3,MEDIUM,2025-07-02,2025-07-03,2025-07-25,9.5,11,MEDIUM,Completed,22,Normal
ENG2205,AST0047,SEC047,Rail Inspection,Surface defect,5,LOW,2025-04-09,2025-04-12,2025-06-06,11.6,4,LOW,Cancelled,55,Low
ENG2206,AST0026,SEC026,Track Alignment,Vertical misalignment,3,MEDIUM,2025-08-23,2025-08-24,2025-09-19,6.7,4,MEDIUM,Completed,26,Normal
ENG2207,AST0212,SEC062,Rail Inspection,Worn rail head,1,CRITICAL,2025-07-21,2025-07-22,2025-07-25,8.4,6,HIGH,Scheduled,3,Urgent
ENG2208,AST0093,SEC018,Track Alignment,Buckling risk,2,HIGH,2025-04-13,2025-04-14,2025-04-27,4.5,12,HIGH,Cancelled,13,Normal
ENG2209,AST0172,SEC022,Welding,Thermit weld defect,3,MEDIUM,2025-05-05,2025-05-06,2025-05-25,10.1,11,MEDIUM,Completed,19,Normal
ENG2210,AST0203,SEC053,Turnout Maintenance,Point mechanism fault,4,LOW,2025-02-25,2025-02-25,2025-04-04,11.6,14,LOW,Completed,38,Low
ENG2211,AST0253,SEC028,Track Geometry Correction,Twist fault,3,MEDIUM,2025-02-23,2025-02-25,2025-03-17,5.8,14,MEDIUM,Completed,20,Normal
ENG2212,AST0263,SEC038,Rail Replacement,End-post fracture,2,HIGH,2025-10-15,2025-10-15,2025-10-25,1.2,11,HIGH,Scheduled,10,Normal
ENG2213,AST0355,SEC055,Welding,Thermit weld defect,3,MEDIUM,2025-03-02,2025-03-03,2025-03-31,2.9,14,MEDIUM,Pending,28,Normal
ENG2214,AST0329,SEC029,Rail Inspection,Rail crack,4,LOW,2025-02-26,2025-03-01,2025-04-15,2.0,12,LOW,Completed,45,Low
ENG2215,AST0095,SEC020,Ballast Maintenance,Fouled ballast,3,MEDIUM,2025-07-17,2025-07-18,2025-08-17,10.7,8,MEDIUM,Pending,30,Normal
ENG2216,AST0234,SEC009,Turnout Maintenance,Switch tongue wear,3,MEDIUM,2025-03-26,2025-03-27,2025-04-18,4.6,13,MEDIUM,Scheduled,22,Normal
ENG2217,AST0372,SEC072,Welding,Weld crack,3,MEDIUM,2025-07-26,2025-07-26,2025-08-21,8.2,7,MEDIUM,Scheduled,26,Normal
ENG2218,AST0248,SEC023,Welding,Thermit weld defect,3,MEDIUM,2025-08-18,2025-08-21,2025-09-08,8.1,8,MEDIUM,Completed,18,Normal
ENG2219,AST0386,SEC011,Track Geometry Correction,Gauge irregularity,3,MEDIUM,2025-03-01,2025-03-04,2025-03-23,1.3,6,MEDIUM,Completed,19,Normal
ENG2220,AST0162,SEC012,Ballast Maintenance,Drainage blockage,3,MEDIUM,2025-04-06,2025-04-09,2025-05-02,1.1,14,MEDIUM,Completed,23,Normal
ENG2221,AST0113,SEC038,Rail Inspection,Rail crack,5,LOW,2025-08-04,2025-08-06,2025-10-11,8.2,10,LOW,Completed,66,Low
ENG2222,AST0180,SEC030,Ballast Maintenance,Drainage blockage,5,LOW,2025-03-18,2025-03-19,2025-05-01,9.1,11,LOW,Cancelled,43,Low
ENG2223,AST0211,SEC061,Ballast Maintenance,Fouled ballast,4,LOW,2025-08-10,2025-08-13,2025-09-14,10.9,13,LOW,Pending,32,Low
ENG2224,AST0066,SEC066,Turnout Maintenance,Switch tongue wear,4,LOW,2025-04-19,2025-04-22,2025-05-30,2.6,11,LOW,Scheduled,38,Low
ENG2225,AST0080,SEC005,Track Geometry Correction,Gauge irregularity,2,HIGH,2025-03-05,2025-03-08,2025-03-21,6.9,9,HIGH,Scheduled,13,Normal
ENG2226,AST0372,SEC072,Ballast Maintenance,Insufficient ballast,3,MEDIUM,2025-08-14,2025-08-15,2025-09-02,2.1,7,MEDIUM,Scheduled,18,Normal
ENG2227,AST0093,SEC018,Sleeper Replacement,Broken concrete sleeper,3,MEDIUM,2025-08-05,2025-08-07,2025-08-24,8.2,7,MEDIUM,Completed,17,Normal
ENG2228,AST0102,SEC027,Track Geometry Correction,Alignment defect,3,MEDIUM,2025-06-07,2025-06-08,2025-07-01,7.0,6,MEDIUM,Cancelled,23,Normal
ENG2229,AST0271,SEC046,Turnout Maintenance,Point mechanism fault,4,LOW,2025-11-17,2025-11-18,2025-12-20,9.9,10,LOW,Completed,32,Low
ENG2230,AST0387,SEC012,Ballast Maintenance,Drainage blockage,3,MEDIUM,2025-01-01,2025-01-01,2025-01-30,10.7,14,MEDIUM,Completed,29,Normal
ENG2231,AST0099,SEC024,Track Geometry Correction,Twist fault,3,MEDIUM,2025-04-30,2025-05-03,2025-05-20,9.6,11,MEDIUM,Scheduled,17,Normal
ENG2232,AST0129,SEC054,Rail Replacement,Rail end batter,1,CRITICAL,2025-09-26,2025-09-26,2025-09-30,3.1,8,HIGH,Pending,4,Urgent
ENG2233,AST0036,SEC036,Track Alignment,Vertical misalignment,1,CRITICAL,2025-08-04,2025-08-06,2025-08-09,8.6,4,HIGH,Pending,3,Urgent
ENG2234,AST0028,SEC028,Sleeper Replacement,Cracked sleeper,5,LOW,2025-12-01,2025-12-02,2026-01-13,3.1,4,LOW,In Progress,42,Low
ENG2235,AST0211,SEC061,Rail Replacement,End-post fracture,4,LOW,2025-11-24,2025-11-24,2026-01-16,7.4,12,LOW,Cancelled,53,Low
ENG2236,AST0086,SEC011,Welding,Weld depression,4,LOW,2025-01-25,2025-01-27,2025-03-05,6.6,6,LOW,Pending,37,Low
ENG2237,AST0179,SEC029,Track Geometry Correction,Cross-level error,3,MEDIUM,2025-11-13,2025-11-13,2025-11-28,11.1,14,MEDIUM,Completed,15,Normal
ENG2238,AST0277,SEC052,Rail Replacement,Broken rail,4,LOW,2025-10-16,2025-10-18,2025-12-13,10.3,5,LOW,Cancelled,56,Low
ENG2239,AST0223,SEC073,Sleeper Replacement,Broken concrete sleeper,4,LOW,2025-09-03,2025-09-03,2025-10-18,6.5,4,LOW,In Progress,45,Low
ENG2240,AST0232,SEC007,Track Geometry Correction,Cross-level error,4,LOW,2025-10-09,2025-10-12,2025-11-14,7.3,15,LOW,Scheduled,33,Low
ENG2241,AST0132,SEC057,Track Geometry Correction,Gauge irregularity,3,MEDIUM,2025-04-07,2025-04-08,2025-05-02,3.5,3,MEDIUM,Completed,24,Normal
ENG2242,AST0094,SEC019,Rail Inspection,Corrugation,4,LOW,2025-12-11,2025-12-13,2026-02-06,1.6,9,LOW,Cancelled,55,Low
ENG2243,AST0093,SEC018,Rail Inspection,Rail crack,3,MEDIUM,2025-01-05,2025-01-07,2025-01-24,3.7,7,MEDIUM,Completed,17,Normal
ENG2244,AST0058,SEC058,Turnout Maintenance,Check rail gap,3,MEDIUM,2025-02-22,2025-02-25,2025-03-13,12.0,5,MEDIUM,Scheduled,16,Normal
ENG2245,AST0266,SEC041,Track Geometry Correction,Alignment defect,2,HIGH,2025-10-25,2025-10-28,2025-11-10,8.7,6,HIGH,Completed,13,Normal
ENG2246,AST0174,SEC024,Sleeper Replacement,Cracked sleeper,4,LOW,2025-04-11,2025-04-12,2025-05-11,7.8,15,LOW,Pending,29,Normal
ENG2247,AST0165,SEC015,Turnout Maintenance,Crossing nose defect,4,LOW,2025-03-19,2025-03-22,2025-05-03,9.9,13,LOW,Scheduled,42,Low
ENG2248,AST0135,SEC060,Sleeper Replacement,Broken concrete sleeper,1,CRITICAL,2025-09-25,2025-09-26,2025-10-02,8.9,14,HIGH,Completed,6,Urgent
ENG2249,AST0205,SEC055,Track Geometry Correction,Twist fault,5,LOW,2025-09-11,2025-09-13,2025-12-06,6.9,4,LOW,Completed,84,Low
ENG2250,AST0350,SEC050,Ballast Maintenance,Fouled ballast,4,LOW,2025-05-06,2025-05-06,2025-06-19,7.5,14,LOW,Pending,44,Low
ENG2251,AST0061,SEC061,Turnout Maintenance,Crossing nose defect,3,MEDIUM,2025-12-02,2025-12-03,2025-12-22,3.5,4,MEDIUM,Completed,19,Normal
ENG2252,AST0262,SEC037,Track Geometry Correction,Gauge irregularity,1,CRITICAL,2025-02-18,2025-02-18,2025-02-21,2.6,7,HIGH,Pending,3,Urgent
ENG2253,AST0361,SEC061,Rail Replacement,End-post fracture,4,LOW,2025-09-14,2025-09-14,2025-11-02,9.8,15,LOW,Pending,49,Low
ENG2254,AST0093,SEC018,Ballast Maintenance,Fouled ballast,3,MEDIUM,2025-09-10,2025-09-10,2025-10-07,12.0,11,MEDIUM,Pending,27,Normal
ENG2255,AST0073,SEC073,Rail Inspection,Surface defect,4,LOW,2025-04-21,2025-04-21,2025-06-14,8.0,13,LOW,Pending,54,Low
ENG2256,AST0026,SEC026,Track Geometry Correction,Gauge irregularity,2,HIGH,2025-07-15,2025-07-17,2025-08-01,4.7,4,HIGH,Cancelled,15,Normal
ENG2257,AST0157,SEC007,Welding,Weld crack,2,HIGH,2025-09-14,2025-09-14,2025-09-29,4.9,14,HIGH,Completed,15,Normal
ENG2258,AST0039,SEC039,Rail Inspection,Worn rail head,3,MEDIUM,2025-09-14,2025-09-17,2025-10-11,7.9,3,MEDIUM,Completed,24,Normal
ENG2259,AST0319,SEC019,Track Alignment,Lateral misalignment,5,LOW,2025-09-19,2025-09-22,2025-12-12,10.5,15,LOW,Pending,81,Low
ENG2260,AST0251,SEC026,Track Geometry Correction,Gauge irregularity,3,MEDIUM,2025-05-18,2025-05-18,2025-06-03,1.0,10,MEDIUM,Completed,16,Normal
ENG2261,AST0125,SEC050,Welding,Weld depression,4,LOW,2025-01-29,2025-01-30,2025-03-17,5.8,9,LOW,Completed,46,Low
ENG2262,AST0080,SEC005,Ballast Maintenance,Vegetation growth,2,HIGH,2025-03-29,2025-04-01,2025-04-08,2.1,2,HIGH,Scheduled,7,Urgent
ENG2263,AST0026,SEC026,Ballast Maintenance,Vegetation growth,3,MEDIUM,2025-07-26,2025-07-29,2025-08-16,8.7,12,MEDIUM,Completed,18,Normal
ENG2264,AST0081,SEC006,Track Alignment,Buckling risk,3,MEDIUM,2025-10-12,2025-10-13,2025-11-07,3.9,3,MEDIUM,Scheduled,25,Normal
ENG2265,AST0151,SEC001,Track Alignment,Cant deficiency,2,HIGH,2025-05-15,2025-05-18,2025-05-27,10.4,3,HIGH,In Progress,9,Normal
ENG2266,AST0028,SEC028,Track Geometry Correction,Alignment defect,3,MEDIUM,2025-04-14,2025-04-16,2025-05-14,2.7,14,MEDIUM,Pending,28,Normal
ENG2267,AST0089,SEC014,Rail Replacement,Severely worn rail,1,CRITICAL,2025-11-16,2025-11-17,2025-11-24,5.6,2,HIGH,Completed,7,Urgent
ENG2268,AST0104,SEC029,Ballast Maintenance,Drainage blockage,2,HIGH,2025-08-04,2025-08-05,2025-08-18,9.0,11,HIGH,Cancelled,13,Normal
ENG2269,AST0296,SEC071,Welding,Thermit weld defect,1,CRITICAL,2025-05-15,2025-05-16,2025-05-20,10.4,4,HIGH,Cancelled,4,Urgent
ENG2270,AST0267,SEC042,Turnout Maintenance,Switch tongue wear,1,CRITICAL,2025-05-04,2025-05-06,2025-05-09,10.2,11,HIGH,Completed,3,Urgent
ENG2271,AST0093,SEC018,Rail Inspection,Worn rail head,1,CRITICAL,2025-08-31,2025-08-31,2025-09-04,9.6,10,HIGH,Pending,4,Urgent
ENG2272,AST0384,SEC009,Rail Inspection,Rail crack,2,HIGH,2025-10-15,2025-10-18,2025-10-25,1.5,6,HIGH,Pending,7,Urgent
ENG2273,AST0111,SEC036,Sleeper Replacement,Missing sleeper,3,MEDIUM,2025-08-04,2025-08-06,2025-08-29,10.5,8,MEDIUM,In Progress,23,Normal
ENG2274,AST0138,SEC063,Ballast Maintenance,Fouled ballast,4,LOW,2025-07-29,2025-07-29,2025-09-15,5.1,9,LOW,Scheduled,48,Low
ENG2275,AST0285,SEC060,Rail Inspection,Rail crack,3,MEDIUM,2025-02-10,2025-02-12,2025-03-03,1.9,10,MEDIUM,Completed,19,Normal
ENG2276,AST0021,SEC021,Sleeper Replacement,Cracked sleeper,3,MEDIUM,2025-09-19,2025-09-22,2025-10-16,10.9,4,MEDIUM,Scheduled,24,Normal
ENG2277,AST0378,SEC003,Track Geometry Correction,Gauge irregularity,3,MEDIUM,2025-06-23,2025-06-26,2025-07-19,9.6,8,MEDIUM,Scheduled,23,Normal
ENG2278,AST0357,SEC057,Rail Replacement,End-post fracture,1,CRITICAL,2025-08-28,2025-08-30,2025-09-06,5.5,12,HIGH,Pending,7,Urgent
ENG2279,AST0366,SEC066,Rail Replacement,End-post fracture,4,LOW,2025-08-10,2025-08-10,2025-09-05,9.6,5,LOW,Completed,26,Normal
ENG2280,AST0361,SEC061,Track Geometry Correction,Gauge irregularity,4,LOW,2025-08-10,2025-08-12,2025-09-25,7.6,5,LOW,Completed,44,Low
ENG2281,AST0238,SEC013,Sleeper Replacement,Broken concrete sleeper,1,CRITICAL,2025-10-02,2025-10-02,2025-10-08,8.7,15,HIGH,Pending,6,Urgent
ENG2282,AST0074,SEC074,Rail Replacement,End-post fracture,2,HIGH,2025-10-09,2025-10-09,2025-10-16,3.3,8,HIGH,Completed,7,Urgent
ENG2283,AST0336,SEC036,Sleeper Replacement,Missing sleeper,2,HIGH,2025-09-13,2025-09-14,2025-09-21,6.3,5,HIGH,Completed,7,Urgent
ENG2284,AST0017,SEC017,Turnout Maintenance,Crossing nose defect,4,LOW,2025-10-21,2025-10-24,2025-12-17,5.7,4,LOW,Completed,54,Low
ENG2285,AST0349,SEC049,Track Geometry Correction,Gauge irregularity,1,CRITICAL,2025-10-07,2025-10-07,2025-10-13,3.4,6,HIGH,Pending,6,Urgent
ENG2286,AST0391,SEC016,Sleeper Replacement,Decayed wooden sleeper,2,HIGH,2025-08-24,2025-08-25,2025-09-06,11.9,13,HIGH,In Progress,12,Normal
ENG2287,AST0060,SEC060,Track Alignment,Vertical misalignment,3,MEDIUM,2025-02-27,2025-02-28,2025-03-17,5.2,11,MEDIUM,Scheduled,17,Normal
ENG2288,AST0270,SEC045,Track Geometry Correction,Alignment defect,4,LOW,2025-09-12,2025-09-13,2025-11-11,9.1,2,LOW,In Progress,59,Low
ENG2289,AST0332,SEC032,Ballast Maintenance,Drainage blockage,2,HIGH,2025-09-14,2025-09-15,2025-09-30,6.9,14,HIGH,In Progress,15,Normal
ENG2290,AST0184,SEC034,Track Alignment,Cant deficiency,4,LOW,2025-07-07,2025-07-07,2025-08-06,1.1,9,LOW,Completed,30,Normal
ENG2291,AST0091,SEC016,Rail Inspection,Rail crack,2,HIGH,2025-02-11,2025-02-14,2025-02-26,8.0,9,HIGH,Completed,12,Normal
ENG2292,AST0168,SEC018,Welding,Weld crack,3,MEDIUM,2025-11-10,2025-11-10,2025-11-24,3.9,5,MEDIUM,Completed,14,Normal
ENG2293,AST0149,SEC074,Welding,Misaligned weld,2,HIGH,2025-11-25,2025-11-26,2025-12-04,10.4,9,HIGH,Completed,8,Normal
ENG2294,AST0053,SEC053,Track Geometry Correction,Twist fault,2,HIGH,2025-06-08,2025-06-11,2025-06-22,5.1,11,HIGH,Completed,11,Normal
ENG2295,AST0102,SEC027,Welding,Weld depression,3,MEDIUM,2025-08-18,2025-08-21,2025-09-17,6.5,9,MEDIUM,Scheduled,27,Normal
ENG2296,AST0390,SEC015,Rail Replacement,End-post fracture,4,LOW,2025-01-22,2025-01-25,2025-03-22,3.7,10,LOW,Completed,56,Low
ENG2297,AST0339,SEC039,Rail Replacement,Rail end batter,3,MEDIUM,2025-09-09,2025-09-09,2025-09-25,1.7,15,MEDIUM,Completed,16,Normal
ENG2298,AST0129,SEC054,Ballast Maintenance,Drainage blockage,1,CRITICAL,2025-03-21,2025-03-21,2025-03-26,5.0,4,HIGH,Completed,5,Urgent
ENG2299,AST0103,SEC028,Welding,Weld depression,5,LOW,2025-05-18,2025-05-20,2025-07-08,7.5,12,LOW,Pending,49,Low
ENG2300,AST0382,SEC007,Rail Inspection,Gauge deviation,3,MEDIUM,2025-04-25,2025-04-25,2025-05-22,2.7,4,MEDIUM,Pending,27,Normal
ENG2301,AST0183,SEC033,Welding,Thermit weld defect,3,MEDIUM,2025-03-20,2025-03-20,2025-04-18,2.4,5,MEDIUM,Scheduled,29,Normal
ENG2302,AST0320,SEC020,Track Alignment,Vertical misalignment,4,LOW,2025-07-13,2025-07-14,2025-08-21,1.1,15,LOW,Pending,38,Low
ENG2303,AST0385,SEC010,Ballast Maintenance,Vegetation growth,1,CRITICAL,2025-08-21,2025-08-21,2025-08-25,1.7,4,HIGH,In Progress,4,Urgent
ENG2304,AST0014,SEC014,Ballast Maintenance,Fouled ballast,4,LOW,2025-01-12,2025-01-14,2025-02-12,1.1,8,LOW,Completed,29,Normal
ENG2305,AST0092,SEC017,Ballast Maintenance,Vegetation growth,4,LOW,2025-10-14,2025-10-14,2025-12-06,11.7,8,LOW,Cancelled,53,Low
ENG2306,AST0115,SEC040,Track Geometry Correction,Alignment defect,3,MEDIUM,2025-09-26,2025-09-27,2025-10-15,3.4,12,MEDIUM,Pending,18,Normal
ENG2307,AST0332,SEC032,Track Alignment,Vertical misalignment,3,MEDIUM,2025-01-03,2025-01-03,2025-01-27,6.3,9,MEDIUM,In Progress,24,Normal
ENG2308,AST0276,SEC051,Turnout Maintenance,Point mechanism fault,2,HIGH,2025-08-18,2025-08-19,2025-09-01,5.8,7,HIGH,Completed,13,Normal
ENG2309,AST0139,SEC064,Track Geometry Correction,Twist fault,3,MEDIUM,2025-02-14,2025-02-14,2025-03-02,8.7,9,MEDIUM,Scheduled,16,Normal
ENG2310,AST0361,SEC061,Welding,Misaligned weld,3,MEDIUM,2025-08-23,2025-08-23,2025-09-08,4.2,12,MEDIUM,Completed,16,Normal
ENG2311,AST0343,SEC043,Track Geometry Correction,Alignment defect,4,LOW,2025-08-03,2025-08-03,2025-09-22,2.9,6,LOW,Pending,50,Low
ENG2312,AST0230,SEC005,Sleeper Replacement,Cracked sleeper,3,MEDIUM,2025-11-03,2025-11-06,2025-11-28,6.8,13,MEDIUM,Completed,22,Normal
ENG2313,AST0318,SEC018,Rail Replacement,Rail end batter,3,MEDIUM,2025-11-20,2025-11-23,2025-12-21,10.0,6,MEDIUM,In Progress,28,Normal
ENG2314,AST0320,SEC020,Sleeper Replacement,Missing sleeper,4,LOW,2025-11-13,2025-11-13,2025-12-28,9.7,13,LOW,Pending,45,Low
ENG2315,AST0119,SEC044,Track Geometry Correction,Gauge irregularity,2,HIGH,2025-03-08,2025-03-10,2025-03-23,9.9,3,HIGH,Scheduled,13,Normal
ENG2316,AST0107,SEC032,Turnout Maintenance,Point mechanism fault,3,MEDIUM,2025-05-16,2025-05-16,2025-06-03,8.0,3,MEDIUM,Completed,18,Normal
ENG2317,AST0253,SEC028,Track Geometry Correction,Cross-level error,3,MEDIUM,2025-02-02,2025-02-02,2025-02-26,8.7,15,MEDIUM,Scheduled,24,Normal
ENG2318,AST0182,SEC032,Ballast Maintenance,Insufficient ballast,4,LOW,2025-10-07,2025-10-07,2025-12-06,4.9,11,LOW,Pending,60,Low
ENG2319,AST0130,SEC055,Track Geometry Correction,Cross-level error,3,MEDIUM,2025-08-22,2025-08-22,2025-09-15,2.2,3,MEDIUM,Pending,24,Normal
ENG2320,AST0374,SEC074,Welding,Weld depression,4,LOW,2025-12-18,2025-12-18,2026-01-14,4.9,6,LOW,Pending,27,Normal
ENG2321,AST0029,SEC029,Turnout Maintenance,Switch tongue wear,4,LOW,2025-07-02,2025-07-03,2025-08-18,5.8,8,LOW,Scheduled,46,Low
ENG2322,AST0156,SEC006,Rail Inspection,Corrugation,5,LOW,2025-01-16,2025-01-19,2025-04-07,5.9,8,LOW,Scheduled,78,Low
ENG2323,AST0381,SEC006,Welding,Misaligned weld,3,MEDIUM,2025-04-12,2025-04-13,2025-05-02,10.7,12,MEDIUM,Scheduled,19,Normal
ENG2324,AST0308,SEC008,Turnout Maintenance,Crossing nose defect,4,LOW,2025-07-11,2025-07-14,2025-09-06,5.3,2,LOW,Pending,54,Low
ENG2325,AST0013,SEC013,Welding,Weld crack,4,LOW,2025-11-12,2025-11-14,2026-01-10,5.6,3,LOW,In Progress,57,Low
ENG2326,AST0275,SEC050,Welding,Misaligned weld,3,MEDIUM,2025-06-02,2025-06-03,2025-06-17,1.4,4,MEDIUM,Pending,14,Normal
ENG2327,AST0269,SEC044,Rail Inspection,Corrugation,2,HIGH,2025-05-16,2025-05-18,2025-06-01,6.4,9,HIGH,Completed,14,Normal
ENG2328,AST0125,SEC050,Track Geometry Correction,Cross-level error,4,LOW,2025-02-07,2025-02-10,2025-04-04,7.0,10,LOW,Completed,53,Low
ENG2329,AST0160,SEC010,Rail Replacement,End-post fracture,3,MEDIUM,2025-11-11,2025-11-12,2025-12-11,7.7,6,MEDIUM,Cancelled,29,Normal
ENG2330,AST0376,SEC001,Sleeper Replacement,Decayed wooden sleeper,3,MEDIUM,2025-04-29,2025-05-01,2025-05-26,11.3,2,MEDIUM,Pending,25,Normal
ENG2331,AST0289,SEC064,Turnout Maintenance,Point mechanism fault,4,LOW,2025-10-01,2025-10-01,2025-11-07,9.4,13,LOW,Pending,37,Low
ENG2332,AST0004,SEC004,Track Alignment,Vertical misalignment,3,MEDIUM,2025-12-13,2025-12-16,2026-01-14,2.4,12,MEDIUM,Pending,29,Normal
ENG2333,AST0237,SEC012,Track Alignment,Lateral misalignment,2,HIGH,2025-04-05,2025-04-07,2025-04-19,1.6,4,HIGH,In Progress,12,Normal
ENG2334,AST0146,SEC071,Rail Inspection,Gauge deviation,3,MEDIUM,2025-04-03,2025-04-04,2025-04-30,10.9,11,MEDIUM,Completed,26,Normal
ENG2335,AST0100,SEC025,Sleeper Replacement,Broken concrete sleeper,1,CRITICAL,2025-11-25,2025-11-25,2025-12-02,1.3,2,HIGH,Pending,7,Urgent
ENG2336,AST0322,SEC022,Track Geometry Correction,Twist fault,3,MEDIUM,2025-05-20,2025-05-23,2025-06-19,6.8,8,MEDIUM,Completed,27,Normal
ENG2337,AST0300,SEC075,Sleeper Replacement,Decayed wooden sleeper,3,MEDIUM,2025-11-30,2025-12-02,2025-12-27,11.3,8,MEDIUM,Scheduled,25,Normal
ENG2338,AST0372,SEC072,Welding,Weld depression,2,HIGH,2025-10-18,2025-10-19,2025-10-26,5.8,11,HIGH,Completed,7,Urgent
ENG2339,AST0273,SEC048,Track Geometry Correction,Cross-level error,2,HIGH,2025-04-07,2025-04-08,2025-04-16,7.4,9,HIGH,Scheduled,8,Normal
ENG2340,AST0258,SEC033,Track Geometry Correction,Cross-level error,3,MEDIUM,2025-06-04,2025-06-07,2025-06-29,3.0,9,MEDIUM,In Progress,22,Normal
ENG2341,AST0049,SEC049,Track Alignment,Buckling risk,5,LOW,2025-10-07,2025-10-10,2026-01-05,10.4,5,LOW,Pending,87,Low
ENG2342,AST0238,SEC013,Track Alignment,Cant deficiency,4,LOW,2025-03-17,2025-03-18,2025-05-07,8.2,4,LOW,Completed,50,Low
ENG2343,AST0113,SEC038,Track Alignment,Cant deficiency,4,LOW,2025-07-30,2025-07-31,2025-08-25,1.4,15,LOW,Completed,25,Normal
ENG2344,AST0221,SEC071,Sleeper Replacement,Missing sleeper,4,LOW,2025-08-04,2025-08-06,2025-09-15,7.2,4,LOW,Pending,40,Low
ENG2345,AST0159,SEC009,Track Geometry Correction,Alignment defect,4,LOW,2025-12-10,2025-12-12,2026-02-10,4.8,4,LOW,Pending,60,Low
ENG2346,AST0257,SEC032,Welding,Weld depression,3,MEDIUM,2025-05-27,2025-05-29,2025-06-13,5.7,13,MEDIUM,Completed,15,Normal
ENG2347,AST0257,SEC032,Track Geometry Correction,Cross-level error,2,HIGH,2025-01-17,2025-01-18,2025-01-27,11.3,6,HIGH,Completed,9,Normal
ENG2348,AST0130,SEC055,Sleeper Replacement,Decayed wooden sleeper,1,CRITICAL,2025-05-10,2025-05-13,2025-05-18,3.0,3,HIGH,Completed,5,Urgent
ENG2349,AST0206,SEC056,Turnout Maintenance,Check rail gap,3,MEDIUM,2025-04-06,2025-04-06,2025-05-04,7.9,5,MEDIUM,In Progress,28,Normal
ENG2350,AST0031,SEC031,Rail Replacement,Severely worn rail,2,HIGH,2025-08-21,2025-08-24,2025-09-04,4.1,15,HIGH,Pending,11,Normal
ENG2351,AST0242,SEC017,Track Geometry Correction,Cross-level error,4,LOW,2025-02-23,2025-02-23,2025-04-08,9.5,11,LOW,Completed,44,Low
ENG2352,AST0159,SEC009,Track Geometry Correction,Gauge irregularity,5,LOW,2025-09-12,2025-09-13,2025-12-05,7.2,12,LOW,Pending,83,Low
ENG2353,AST0003,SEC003,Track Geometry Correction,Gauge irregularity,3,MEDIUM,2025-11-12,2025-11-12,2025-12-09,10.7,13,MEDIUM,Pending,27,Normal
ENG2354,AST0344,SEC044,Turnout Maintenance,Crossing nose defect,4,LOW,2025-10-03,2025-10-06,2025-11-20,11.3,3,LOW,Pending,45,Low
ENG2355,AST0391,SEC016,Sleeper Replacement,Missing sleeper,4,LOW,2025-01-25,2025-01-25,2025-03-06,7.8,3,LOW,Cancelled,40,Low
ENG2356,AST0284,SEC059,Track Alignment,Vertical misalignment,5,LOW,2025-09-02,2025-09-04,2025-10-22,4.1,6,LOW,Completed,48,Low
ENG2357,AST0346,SEC046,Rail Inspection,Corrugation,3,MEDIUM,2025-05-16,2025-05-18,2025-06-13,11.9,5,MEDIUM,Completed,26,Normal
ENG2358,AST0169,SEC019,Turnout Maintenance,Switch tongue wear,2,HIGH,2025-11-22,2025-11-23,2025-12-08,1.3,5,HIGH,Pending,15,Normal
ENG2359,AST0012,SEC012,Welding,Weld depression,4,LOW,2025-08-06,2025-08-08,2025-09-17,10.4,5,LOW,Completed,40,Low
ENG2360,AST0387,SEC012,Rail Replacement,Rail end batter,1,CRITICAL,2025-04-09,2025-04-09,2025-04-13,4.1,9,HIGH,Cancelled,4,Urgent
ENG2361,AST0089,SEC014,Rail Replacement,End-post fracture,3,MEDIUM,2025-11-30,2025-11-30,2025-12-22,1.3,8,MEDIUM,Scheduled,22,Normal
ENG2362,AST0011,SEC011,Rail Replacement,Rail end batter,4,LOW,2025-05-31,2025-06-03,2025-07-10,5.9,4,LOW,In Progress,37,Low
ENG2363,AST0339,SEC039,Track Geometry Correction,Cross-level error,4,LOW,2025-08-07,2025-08-10,2025-09-29,3.3,2,LOW,Pending,50,Low
ENG2364,AST0275,SEC050,Sleeper Replacement,Broken concrete sleeper,2,HIGH,2025-01-02,2025-01-04,2025-01-11,4.9,10,HIGH,Pending,7,Urgent
ENG2365,AST0013,SEC013,Turnout Maintenance,Check rail gap,3,MEDIUM,2025-05-31,2025-06-03,2025-07-02,3.8,10,MEDIUM,Pending,29,Normal
ENG2366,AST0227,SEC002,Rail Replacement,Broken rail,3,MEDIUM,2025-10-05,2025-10-05,2025-11-02,5.7,2,MEDIUM,Pending,28,Normal
ENG2367,AST0065,SEC065,Sleeper Replacement,Broken concrete sleeper,2,HIGH,2025-06-01,2025-06-04,2025-06-13,4.8,4,HIGH,In Progress,9,Normal
ENG2368,AST0398,SEC023,Ballast Maintenance,Vegetation growth,3,MEDIUM,2025-08-10,2025-08-10,2025-09-01,5.9,6,MEDIUM,Completed,22,Normal
ENG2369,AST0254,SEC029,Track Alignment,Buckling risk,3,MEDIUM,2025-05-30,2025-05-31,2025-06-28,3.0,13,MEDIUM,Completed,28,Normal
ENG2370,AST0295,SEC070,Sleeper Replacement,Missing sleeper,2,HIGH,2025-09-05,2025-09-08,2025-09-23,11.4,7,HIGH,Scheduled,15,Normal
ENG2371,AST0397,SEC022,Rail Inspection,Corrugation,3,MEDIUM,2025-11-28,2025-11-28,2025-12-19,6.0,15,MEDIUM,Completed,21,Normal
ENG2372,AST0011,SEC011,Rail Inspection,Gauge deviation,3,MEDIUM,2025-06-20,2025-06-22,2025-07-13,10.8,5,MEDIUM,Pending,21,Normal
ENG2373,AST0074,SEC074,Welding,Misaligned weld,3,MEDIUM,2025-07-27,2025-07-27,2025-08-22,2.9,2,MEDIUM,Pending,26,Normal
ENG2374,AST0124,SEC049,Track Alignment,Lateral misalignment,5,LOW,2025-02-16,2025-02-17,2025-04-27,7.5,12,LOW,Scheduled,69,Low
ENG2375,AST0178,SEC028,Ballast Maintenance,Insufficient ballast,4,LOW,2025-12-01,2025-12-03,2026-01-27,2.6,8,LOW,Pending,55,Low
ENG2376,AST0254,SEC029,Sleeper Replacement,Missing sleeper,1,CRITICAL,2025-12-06,2025-12-08,2025-12-14,9.6,10,HIGH,Pending,6,Urgent
ENG2377,AST0148,SEC073,Rail Inspection,Gauge deviation,3,MEDIUM,2025-08-13,2025-08-13,2025-09-03,4.9,6,MEDIUM,Scheduled,21,Normal
ENG2378,AST0388,SEC013,Welding,Weld depression,3,MEDIUM,2025-02-16,2025-02-16,2025-03-16,1.1,11,MEDIUM,Pending,28,Normal
ENG2379,AST0291,SEC066,Sleeper Replacement,Broken concrete sleeper,5,LOW,2025-04-10,2025-04-11,2025-05-26,8.1,6,LOW,Pending,45,Low
ENG2380,AST0240,SEC015,Track Alignment,Buckling risk,2,HIGH,2025-10-31,2025-11-03,2025-11-17,6.7,7,HIGH,Pending,14,Normal
ENG2381,AST0224,SEC074,Rail Inspection,Surface defect,5,LOW,2025-06-28,2025-07-01,2025-09-08,4.3,10,LOW,Scheduled,69,Low
ENG2382,AST0184,SEC034,Turnout Maintenance,Check rail gap,2,HIGH,2025-06-02,2025-06-05,2025-06-12,5.9,14,HIGH,Cancelled,7,Urgent
ENG2383,AST0151,SEC001,Rail Replacement,Broken rail,4,LOW,2025-12-02,2025-12-03,2025-12-28,3.1,10,LOW,Scheduled,25,Normal
ENG2384,AST0144,SEC069,Turnout Maintenance,Crossing nose defect,1,CRITICAL,2025-06-22,2025-06-22,2025-06-26,10.9,13,HIGH,Completed,4,Urgent
ENG2385,AST0035,SEC035,Rail Replacement,Rail end batter,3,MEDIUM,2025-06-25,2025-06-26,2025-07-26,11.7,7,MEDIUM,Completed,30,Normal
ENG2386,AST0380,SEC005,Ballast Maintenance,Drainage blockage,1,CRITICAL,2025-10-26,2025-10-29,2025-11-02,1.2,15,HIGH,Scheduled,4,Urgent
ENG2387,AST0099,SEC024,Rail Inspection,Corrugation,2,HIGH,2025-12-20,2025-12-20,2026-01-02,9.4,10,HIGH,Scheduled,13,Normal
ENG2388,AST0175,SEC025,Rail Inspection,Surface defect,3,MEDIUM,2025-03-04,2025-03-06,2025-03-25,7.8,13,MEDIUM,Scheduled,19,Normal
ENG2389,AST0138,SEC063,Ballast Maintenance,Fouled ballast,5,LOW,2025-10-08,2025-10-09,2025-11-21,4.8,10,LOW,In Progress,43,Low
ENG2390,AST0321,SEC021,Welding,Misaligned weld,3,MEDIUM,2025-04-02,2025-04-03,2025-04-18,3.2,3,MEDIUM,Completed,15,Normal
ENG2391,AST0196,SEC046,Turnout Maintenance,Switch tongue wear,3,MEDIUM,2025-03-14,2025-03-16,2025-04-06,8.0,13,MEDIUM,Pending,21,Normal
ENG2392,AST0199,SEC049,Track Alignment,Buckling risk,3,MEDIUM,2025-10-02,2025-10-03,2025-10-22,2.1,10,MEDIUM,Cancelled,19,Normal
ENG2393,AST0355,SEC055,Track Alignment,Cant deficiency,3,MEDIUM,2025-11-05,2025-11-08,2025-11-23,6.3,3,MEDIUM,Scheduled,15,Normal
ENG2394,AST0115,SEC040,Rail Inspection,Surface defect,3,MEDIUM,2025-08-15,2025-08-16,2025-09-08,4.0,4,MEDIUM,Cancelled,23,Normal
ENG2395,AST0381,SEC006,Welding,Misaligned weld,3,MEDIUM,2025-06-27,2025-06-28,2025-07-16,4.0,2,MEDIUM,Scheduled,18,Normal
ENG2396,AST0267,SEC042,Track Alignment,Cant deficiency,3,MEDIUM,2025-08-29,2025-08-31,2025-09-21,7.6,8,MEDIUM,Scheduled,21,Normal
ENG2397,AST0139,SEC064,Track Geometry Correction,Twist fault,3,MEDIUM,2025-08-28,2025-08-28,2025-09-25,7.3,2,MEDIUM,Completed,28,Normal
ENG2398,AST0067,SEC067,Track Geometry Correction,Gauge irregularity,1,CRITICAL,2025-10-30,2025-11-01,2025-11-05,2.4,10,HIGH,Scheduled,4,Urgent
ENG2399,AST0250,SEC025,Ballast Maintenance,Fouled ballast,5,LOW,2025-01-24,2025-01-25,2025-03-31,3.3,7,LOW,Completed,65,Low
ENG2400,AST0027,SEC027,Track Geometry Correction,Gauge irregularity,2,HIGH,2025-04-08,2025-04-10,2025-04-18,11.9,7,HIGH,Scheduled,8,Normal
ENG2401,AST0288,SEC063,Track Geometry Correction,Twist fault,1,CRITICAL,2025-07-27,2025-07-29,2025-08-02,4.9,10,HIGH,Pending,4,Urgent
ENG2402,AST0279,SEC054,Track Alignment,Vertical misalignment,2,HIGH,2025-03-18,2025-03-19,2025-04-02,9.4,6,HIGH,Scheduled,14,Normal
ENG2403,AST0362,SEC062,Sleeper Replacement,Cracked sleeper,2,HIGH,2025-09-25,2025-09-27,2025-10-04,3.1,3,HIGH,Scheduled,7,Urgent
ENG2404,AST0303,SEC003,Turnout Maintenance,Point mechanism fault,2,HIGH,2025-08-07,2025-08-09,2025-08-20,10.4,2,HIGH,Scheduled,11,Normal
ENG2405,AST0323,SEC023,Rail Inspection,Surface defect,2,HIGH,2025-06-18,2025-06-21,2025-07-06,10.2,6,HIGH,Pending,15,Normal
ENG2406,AST0047,SEC047,Welding,Weld crack,3,MEDIUM,2025-05-01,2025-05-02,2025-05-27,5.0,2,MEDIUM,Pending,25,Normal
ENG2407,AST0123,SEC048,Rail Replacement,Rail end batter,3,MEDIUM,2025-11-19,2025-11-20,2025-12-06,10.7,2,MEDIUM,Completed,16,Normal
ENG2408,AST0028,SEC028,Rail Inspection,Worn rail head,2,HIGH,2025-07-16,2025-07-19,2025-08-01,10.7,7,HIGH,Completed,13,Normal
ENG2409,AST0138,SEC063,Ballast Maintenance,Fouled ballast,5,LOW,2025-07-10,2025-07-10,2025-09-20,8.3,5,LOW,In Progress,72,Low
ENG2410,AST0095,SEC020,Sleeper Replacement,Missing sleeper,4,LOW,2025-09-18,2025-09-19,2025-10-31,10.4,10,LOW,Cancelled,42,Low
ENG2411,AST0370,SEC070,Rail Replacement,Rail end batter,2,HIGH,2025-03-24,2025-03-25,2025-04-05,8.3,8,HIGH,Pending,11,Normal
ENG2412,AST0199,SEC049,Sleeper Replacement,Missing sleeper,3,MEDIUM,2025-03-03,2025-03-03,2025-03-21,9.3,11,MEDIUM,Pending,18,Normal
ENG2413,AST0181,SEC031,Sleeper Replacement,Missing sleeper,4,LOW,2025-12-17,2025-12-20,2026-02-07,5.1,4,LOW,Scheduled,49,Low
ENG2414,AST0319,SEC019,Ballast Maintenance,Vegetation growth,2,HIGH,2025-05-05,2025-05-05,2025-05-14,5.6,11,HIGH,Pending,9,Normal
ENG2415,AST0262,SEC037,Rail Replacement,Rail end batter,5,LOW,2025-10-08,2025-10-08,2025-11-25,10.2,6,LOW,Scheduled,48,Low
ENG2416,AST0078,SEC003,Turnout Maintenance,Switch tongue wear,4,LOW,2025-12-20,2025-12-20,2026-02-03,4.2,5,LOW,Completed,45,Low
ENG2417,AST0159,SEC009,Ballast Maintenance,Drainage blockage,3,MEDIUM,2025-04-05,2025-04-07,2025-04-21,5.5,11,MEDIUM,Completed,14,Normal
ENG2418,AST0400,SEC025,Welding,Weld depression,3,MEDIUM,2025-07-12,2025-07-14,2025-07-31,6.3,13,MEDIUM,Completed,17,Normal
ENG2419,AST0209,SEC059,Rail Inspection,Gauge deviation,3,MEDIUM,2025-06-09,2025-06-10,2025-07-10,5.5,13,MEDIUM,Cancelled,30,Normal
ENG2420,AST0386,SEC011,Ballast Maintenance,Insufficient ballast,2,HIGH,2025-06-04,2025-06-07,2025-06-15,1.7,11,HIGH,Completed,8,Normal
ENG2421,AST0043,SEC043,Ballast Maintenance,Fouled ballast,3,MEDIUM,2025-03-25,2025-03-27,2025-04-13,9.5,2,MEDIUM,Cancelled,17,Normal
ENG2422,AST0055,SEC055,Ballast Maintenance,Vegetation growth,4,LOW,2025-07-31,2025-08-02,2025-09-06,11.9,4,LOW,Cancelled,35,Low
ENG2423,AST0040,SEC040,Sleeper Replacement,Broken concrete sleeper,3,MEDIUM,2025-04-09,2025-04-10,2025-05-08,3.1,15,MEDIUM,Pending,28,Normal
ENG2424,AST0314,SEC014,Sleeper Replacement,Missing sleeper,4,LOW,2025-01-25,2025-01-27,2025-03-02,10.6,5,LOW,Completed,34,Low
ENG2425,AST0059,SEC059,Track Alignment,Vertical misalignment,4,LOW,2025-04-08,2025-04-08,2025-05-15,7.9,7,LOW,Scheduled,37,Low
ENG2426,AST0088,SEC013,Track Alignment,Vertical misalignment,4,LOW,2025-05-11,2025-05-11,2025-06-20,3.5,13,LOW,Pending,40,Low
ENG2427,AST0248,SEC023,Rail Inspection,Corrugation,5,LOW,2025-09-19,2025-09-20,2025-11-24,3.5,11,LOW,Completed,65,Low
ENG2428,AST0094,SEC019,Ballast Maintenance,Vegetation growth,4,LOW,2025-08-03,2025-08-03,2025-09-01,1.8,14,LOW,Scheduled,29,Normal
ENG2429,AST0037,SEC037,Rail Inspection,Surface defect,5,LOW,2025-05-07,2025-05-07,2025-08-03,11.5,2,LOW,Pending,88,Low
ENG2430,AST0318,SEC018,Track Alignment,Vertical misalignment,3,MEDIUM,2025-08-26,2025-08-26,2025-09-17,4.5,12,MEDIUM,Scheduled,22,Normal
ENG2431,AST0191,SEC041,Rail Replacement,Rail end batter,3,MEDIUM,2025-11-03,2025-11-05,2025-11-20,8.6,14,MEDIUM,Scheduled,15,Normal
ENG2432,AST0029,SEC029,Ballast Maintenance,Fouled ballast,2,HIGH,2025-01-22,2025-01-22,2025-02-05,3.3,4,HIGH,Completed,14,Normal
ENG2433,AST0370,SEC070,Welding,Misaligned weld,1,CRITICAL,2025-01-31,2025-02-01,2025-02-08,3.4,7,HIGH,Completed,7,Urgent
ENG2434,AST0024,SEC024,Track Geometry Correction,Alignment defect,1,CRITICAL,2025-02-22,2025-02-23,2025-03-01,7.9,3,HIGH,Completed,6,Urgent
ENG2435,AST0026,SEC026,Rail Inspection,Worn rail head,3,MEDIUM,2025-12-04,2025-12-06,2026-01-05,10.6,15,MEDIUM,Completed,30,Normal
ENG2436,AST0003,SEC003,Track Alignment,Vertical misalignment,2,HIGH,2025-04-14,2025-04-17,2025-04-30,6.9,15,HIGH,Pending,13,Normal
ENG2437,AST0024,SEC024,Ballast Maintenance,Drainage blockage,4,LOW,2025-12-15,2025-12-16,2026-01-11,8.1,4,LOW,Cancelled,26,Normal
ENG2438,AST0391,SEC016,Welding,Misaligned weld,5,LOW,2025-04-16,2025-04-18,2025-06-03,1.2,2,LOW,Scheduled,46,Low
ENG2439,AST0359,SEC059,Ballast Maintenance,Drainage blockage,4,LOW,2025-06-24,2025-06-26,2025-07-29,1.5,9,LOW,Pending,33,Low
ENG2440,AST0245,SEC020,Rail Replacement,Rail end batter,3,MEDIUM,2025-08-11,2025-08-12,2025-08-27,6.3,7,MEDIUM,Pending,15,Normal
ENG2441,AST0153,SEC003,Ballast Maintenance,Drainage blockage,3,MEDIUM,2025-08-02,2025-08-05,2025-08-22,4.3,9,MEDIUM,Cancelled,17,Normal
ENG2442,AST0004,SEC004,Welding,Weld crack,1,CRITICAL,2025-07-27,2025-07-28,2025-08-01,6.6,11,HIGH,Completed,4,Urgent
ENG2443,AST0392,SEC017,Rail Inspection,Worn rail head,3,MEDIUM,2025-11-22,2025-11-22,2025-12-20,7.6,6,MEDIUM,Pending,28,Normal
ENG2444,AST0158,SEC008,Rail Replacement,End-post fracture,2,HIGH,2025-08-19,2025-08-19,2025-08-31,11.2,13,HIGH,Scheduled,12,Normal
ENG2445,AST0015,SEC015,Rail Inspection,Corrugation,2,HIGH,2025-02-12,2025-02-14,2025-02-26,6.0,5,HIGH,Cancelled,12,Normal
ENG2446,AST0176,SEC026,Turnout Maintenance,Check rail gap,1,CRITICAL,2025-05-05,2025-05-08,2025-05-12,7.1,5,HIGH,Completed,4,Urgent
ENG2447,AST0067,SEC067,Track Alignment,Buckling risk,2,HIGH,2025-11-18,2025-11-21,2025-12-06,7.3,8,HIGH,Completed,15,Normal
ENG2448,AST0356,SEC056,Track Alignment,Buckling risk,3,MEDIUM,2025-07-26,2025-07-28,2025-08-20,10.4,7,MEDIUM,Completed,23,Normal
ENG2449,AST0030,SEC030,Track Alignment,Lateral misalignment,3,MEDIUM,2025-01-19,2025-01-19,2025-02-08,3.1,13,MEDIUM,In Progress,20,Normal
ENG2450,AST0219,SEC069,Track Geometry Correction,Alignment defect,5,LOW,2025-05-21,2025-05-24,2025-07-11,10.1,2,LOW,Pending,48,Low
ENG2451,AST0248,SEC023,Ballast Maintenance,Insufficient ballast,4,LOW,2025-08-24,2025-08-27,2025-10-17,6.4,8,LOW,Pending,51,Low
ENG2452,AST0033,SEC033,Turnout Maintenance,Crossing nose defect,3,MEDIUM,2025-02-21,2025-02-22,2025-03-19,4.6,6,MEDIUM,In Progress,25,Normal
ENG2453,AST0368,SEC068,Rail Inspection,Worn rail head,2,HIGH,2025-01-29,2025-02-01,2025-02-12,5.4,15,HIGH,Completed,11,Normal
ENG2454,AST0098,SEC023,Rail Replacement,Rail end batter,3,MEDIUM,2025-06-16,2025-06-17,2025-07-02,10.8,11,MEDIUM,Completed,15,Normal
ENG2455,AST0122,SEC047,Turnout Maintenance,Crossing nose defect,3,MEDIUM,2025-01-16,2025-01-19,2025-02-09,5.1,8,MEDIUM,Completed,21,Normal
ENG2456,AST0318,SEC018,Sleeper Replacement,Cracked sleeper,2,HIGH,2025-03-09,2025-03-09,2025-03-19,5.7,6,HIGH,Completed,10,Normal
ENG2457,AST0368,SEC068,Rail Inspection,Gauge deviation,5,LOW,2025-10-21,2025-10-22,2026-01-16,4.4,3,LOW,Pending,86,Low
ENG2458,AST0078,SEC003,Ballast Maintenance,Vegetation growth,4,LOW,2025-03-07,2025-03-08,2025-04-20,1.4,10,LOW,Completed,43,Low
ENG2459,AST0073,SEC073,Welding,Weld depression,3,MEDIUM,2025-12-11,2025-12-11,2025-12-28,11.5,14,MEDIUM,Completed,17,Normal
ENG2460,AST0053,SEC053,Track Alignment,Buckling risk,5,LOW,2025-09-14,2025-09-17,2025-11-08,8.8,10,LOW,Cancelled,52,Low
ENG2461,AST0148,SEC073,Sleeper Replacement,Decayed wooden sleeper,3,MEDIUM,2025-07-12,2025-07-14,2025-08-11,7.3,4,MEDIUM,In Progress,28,Normal
ENG2462,AST0178,SEC028,Ballast Maintenance,Vegetation growth,5,LOW,2025-06-16,2025-06-18,2025-08-15,9.7,9,LOW,In Progress,58,Low
ENG2463,AST0178,SEC028,Turnout Maintenance,Switch tongue wear,3,MEDIUM,2025-03-19,2025-03-22,2025-04-08,4.4,2,MEDIUM,Scheduled,17,Normal
ENG2464,AST0278,SEC053,Turnout Maintenance,Switch tongue wear,2,HIGH,2025-02-03,2025-02-05,2025-02-16,4.7,5,HIGH,Cancelled,11,Normal
ENG2465,AST0288,SEC063,Track Geometry Correction,Cross-level error,4,LOW,2025-02-19,2025-02-22,2025-03-25,1.2,7,LOW,Cancelled,31,Low
ENG2466,AST0377,SEC002,Rail Inspection,Corrugation,3,MEDIUM,2025-12-15,2025-12-15,2026-01-04,3.4,13,MEDIUM,Scheduled,20,Normal
ENG2467,AST0136,SEC061,Track Geometry Correction,Alignment defect,5,LOW,2025-11-26,2025-11-26,2026-02-17,4.5,6,LOW,Scheduled,83,Low
ENG2468,AST0132,SEC057,Track Alignment,Lateral misalignment,3,MEDIUM,2025-02-17,2025-02-19,2025-03-19,10.2,4,MEDIUM,Scheduled,28,Normal
ENG2469,AST0187,SEC037,Welding,Weld crack,3,MEDIUM,2025-01-26,2025-01-26,2025-02-16,8.1,4,MEDIUM,Scheduled,21,Normal
ENG2470,AST0328,SEC028,Ballast Maintenance,Fouled ballast,2,HIGH,2025-10-30,2025-11-02,2025-11-15,1.3,13,HIGH,Scheduled,13,Normal
ENG2471,AST0352,SEC052,Welding,Weld crack,2,HIGH,2025-01-17,2025-01-17,2025-01-26,10.2,14,HIGH,Scheduled,9,Normal
ENG2472,AST0328,SEC028,Track Alignment,Buckling risk,2,HIGH,2025-11-05,2025-11-08,2025-11-18,5.9,3,HIGH,Scheduled,10,Normal
ENG2473,AST0065,SEC065,Welding,Thermit weld defect,2,HIGH,2025-08-27,2025-08-28,2025-09-09,8.3,3,HIGH,Cancelled,12,Normal
ENG2474,AST0153,SEC003,Rail Inspection,Worn rail head,4,LOW,2025-03-04,2025-03-07,2025-05-01,9.5,3,LOW,Pending,55,Low
ENG2475,AST0262,SEC037,Ballast Maintenance,Drainage blockage,5,LOW,2025-07-07,2025-07-10,2025-09-15,8.3,7,LOW,In Progress,67,Low
ENG2476,AST0309,SEC009,Rail Inspection,Rail crack,4,LOW,2025-03-22,2025-03-25,2025-05-22,6.9,12,LOW,Completed,58,Low
ENG2477,AST0328,SEC028,Welding,Weld depression,4,LOW,2025-07-23,2025-07-23,2025-08-27,3.4,6,LOW,Pending,35,Low
ENG2478,AST0051,SEC051,Track Alignment,Vertical misalignment,1,CRITICAL,2025-05-31,2025-06-03,2025-06-09,1.4,10,HIGH,Completed,6,Urgent
ENG2479,AST0240,SEC015,Rail Inspection,Gauge deviation,4,LOW,2025-05-06,2025-05-06,2025-06-19,1.9,7,LOW,Completed,44,Low
ENG2480,AST0197,SEC047,Rail Inspection,Gauge deviation,3,MEDIUM,2025-04-02,2025-04-05,2025-04-22,9.6,3,MEDIUM,Pending,17,Normal
ENG2481,AST0215,SEC065,Welding,Misaligned weld,2,HIGH,2025-01-30,2025-02-02,2025-02-10,11.8,14,HIGH,Cancelled,8,Normal
ENG2482,AST0308,SEC008,Ballast Maintenance,Vegetation growth,3,MEDIUM,2025-02-28,2025-03-02,2025-03-27,5.3,15,MEDIUM,Pending,25,Normal
ENG2483,AST0076,SEC001,Track Geometry Correction,Alignment defect,3,MEDIUM,2025-09-24,2025-09-24,2025-10-08,9.1,14,MEDIUM,Completed,14,Normal
ENG2484,AST0344,SEC044,Sleeper Replacement,Missing sleeper,3,MEDIUM,2025-05-29,2025-06-01,2025-06-29,3.4,11,MEDIUM,Completed,28,Normal
ENG2485,AST0220,SEC070,Rail Inspection,Rail crack,1,CRITICAL,2025-03-29,2025-03-30,2025-04-03,6.8,3,HIGH,Completed,4,Urgent
ENG2486,AST0313,SEC013,Rail Inspection,Surface defect,3,MEDIUM,2025-08-23,2025-08-23,2025-09-18,1.3,15,MEDIUM,Pending,26,Normal
ENG2487,AST0326,SEC026,Track Geometry Correction,Cross-level error,3,MEDIUM,2025-10-11,2025-10-11,2025-10-31,7.2,10,MEDIUM,Scheduled,20,Normal
ENG2488,AST0378,SEC003,Ballast Maintenance,Vegetation growth,3,MEDIUM,2025-04-27,2025-04-28,2025-05-20,6.8,5,MEDIUM,Cancelled,22,Normal
ENG2489,AST0086,SEC011,Track Alignment,Lateral misalignment,2,HIGH,2025-11-06,2025-11-08,2025-11-23,5.5,3,HIGH,Completed,15,Normal
ENG2490,AST0022,SEC022,Rail Inspection,Worn rail head,3,MEDIUM,2025-08-05,2025-08-05,2025-08-29,6.6,14,MEDIUM,Pending,24,Normal
ENG2491,AST0322,SEC022,Ballast Maintenance,Insufficient ballast,3,MEDIUM,2025-10-15,2025-10-15,2025-11-14,8.4,3,MEDIUM,Scheduled,30,Normal
ENG2492,AST0226,SEC001,Track Geometry Correction,Gauge irregularity,3,MEDIUM,2025-01-21,2025-01-22,2025-02-15,6.9,9,MEDIUM,Completed,24,Normal
ENG2493,AST0319,SEC019,Welding,Weld depression,3,MEDIUM,2025-08-18,2025-08-20,2025-09-08,5.6,6,MEDIUM,In Progress,19,Normal
ENG2494,AST0016,SEC016,Rail Replacement,Rail end batter,3,MEDIUM,2025-10-14,2025-10-17,2025-11-14,9.4,14,MEDIUM,Scheduled,28,Normal
ENG2495,AST0175,SEC025,Turnout Maintenance,Crossing nose defect,3,MEDIUM,2025-06-21,2025-06-24,2025-07-11,11.3,7,MEDIUM,Pending,17,Normal
ENG2496,AST0086,SEC011,Sleeper Replacement,Missing sleeper,2,HIGH,2025-03-29,2025-03-31,2025-04-09,1.6,2,HIGH,In Progress,9,Normal
ENG2497,AST0398,SEC023,Turnout Maintenance,Crossing nose defect,3,MEDIUM,2025-08-16,2025-08-19,2025-09-04,3.6,10,MEDIUM,Completed,16,Normal
ENG2498,AST0263,SEC038,Track Geometry Correction,Twist fault,4,LOW,2025-04-01,2025-04-02,2025-05-16,2.6,13,LOW,Scheduled,44,Low
ENG2499,AST0354,SEC054,Track Geometry Correction,Cross-level error,3,MEDIUM,2025-01-07,2025-01-09,2025-01-29,7.9,7,MEDIUM,Pending,20,Normal
ENG2500,AST0191,SEC041,Sleeper Replacement,Cracked sleeper,3,MEDIUM,2025-11-06,2025-11-06,2025-11-23,8.3,6,MEDIUM,Pending,17,Normal
ENG2501,AST0351,SEC051,Sleeper Replacement,Cracked sleeper,1,CRITICAL,2025-11-09,2025-11-11,2025-11-17,2.6,14,HIGH,Pending,6,Urgent
ENG2502,AST0024,SEC024,Track Alignment,Cant deficiency,4,LOW,2025-12-17,2025-12-18,2026-01-19,11.9,7,LOW,In Progress,32,Low
ENG2503,AST0182,SEC032,Sleeper Replacement,Cracked sleeper,3,MEDIUM,2025-08-11,2025-08-14,2025-09-07,11.2,15,MEDIUM,Scheduled,24,Normal
ENG2504,AST0361,SEC061,Sleeper Replacement,Decayed wooden sleeper,4,LOW,2025-11-09,2025-11-10,2025-12-29,8.8,4,LOW,In Progress,49,Low
ENG2505,AST0315,SEC015,Sleeper Replacement,Missing sleeper,4,LOW,2025-06-13,2025-06-15,2025-07-16,3.7,9,LOW,Cancelled,31,Low
ENG2506,AST0337,SEC037,Track Alignment,Buckling risk,4,LOW,2025-06-26,2025-06-26,2025-08-01,3.8,10,LOW,Scheduled,36,Low
ENG2507,AST0046,SEC046,Track Geometry Correction,Alignment defect,4,LOW,2025-08-01,2025-08-01,2025-08-26,5.0,15,LOW,Completed,25,Normal
ENG2508,AST0094,SEC019,Welding,Weld depression,5,LOW,2025-12-18,2025-12-20,2026-03-12,8.4,11,LOW,Pending,82,Low
ENG2509,AST0308,SEC008,Ballast Maintenance,Vegetation growth,4,LOW,2025-11-15,2025-11-15,2026-01-06,3.1,5,LOW,Cancelled,52,Low
ENG2510,AST0128,SEC053,Track Geometry Correction,Alignment defect,3,MEDIUM,2025-08-31,2025-09-02,2025-09-20,9.4,8,MEDIUM,Scheduled,18,Normal
ENG2511,AST0375,SEC075,Turnout Maintenance,Check rail gap,4,LOW,2025-09-21,2025-09-24,2025-11-05,7.1,14,LOW,Scheduled,42,Low
ENG2512,AST0003,SEC003,Sleeper Replacement,Broken concrete sleeper,4,LOW,2025-01-30,2025-02-01,2025-03-19,7.9,9,LOW,Pending,46,Low
ENG2513,AST0117,SEC042,Welding,Thermit weld defect,4,LOW,2025-08-05,2025-08-08,2025-09-14,3.2,13,LOW,Completed,37,Low
ENG2514,AST0305,SEC005,Turnout Maintenance,Crossing nose defect,4,LOW,2024-12-31,2025-01-03,2025-02-06,11.4,8,LOW,Pending,34,Low
ENG2515,AST0176,SEC026,Track Alignment,Vertical misalignment,2,HIGH,2025-10-25,2025-10-25,2025-11-02,3.5,14,HIGH,Scheduled,8,Normal
ENG2516,AST0037,SEC037,Rail Replacement,End-post fracture,2,HIGH,2025-02-01,2025-02-01,2025-02-14,4.3,3,HIGH,Pending,13,Normal
ENG2517,AST0157,SEC007,Track Alignment,Buckling risk,3,MEDIUM,2025-02-19,2025-02-21,2025-03-08,5.5,2,MEDIUM,Cancelled,15,Normal
ENG2518,AST0231,SEC006,Ballast Maintenance,Fouled ballast,3,MEDIUM,2025-06-25,2025-06-27,2025-07-26,9.1,11,MEDIUM,Cancelled,29,Normal
ENG2519,AST0079,SEC004,Turnout Maintenance,Switch tongue wear,1,CRITICAL,2025-01-30,2025-02-02,2025-02-05,8.9,2,HIGH,Completed,3,Urgent
ENG2520,AST0078,SEC003,Track Geometry Correction,Twist fault,2,HIGH,2025-11-26,2025-11-26,2025-12-06,5.6,2,HIGH,Pending,10,Normal
ENG2521,AST0131,SEC056,Turnout Maintenance,Point mechanism fault,3,MEDIUM,2025-08-21,2025-08-24,2025-09-15,1.6,2,MEDIUM,Completed,22,Normal
ENG2522,AST0220,SEC070,Sleeper Replacement,Broken concrete sleeper,1,CRITICAL,2025-01-12,2025-01-14,2025-01-20,5.4,14,HIGH,Pending,6,Urgent
ENG2523,AST0179,SEC029,Sleeper Replacement,Broken concrete sleeper,4,LOW,2025-08-10,2025-08-13,2025-09-09,7.8,8,LOW,Cancelled,27,Normal
ENG2524,AST0120,SEC045,Rail Inspection,Surface defect,3,MEDIUM,2025-04-12,2025-04-15,2025-05-08,10.0,6,MEDIUM,Completed,23,Normal
ENG2525,AST0191,SEC041,Track Geometry Correction,Cross-level error,3,MEDIUM,2025-07-06,2025-07-06,2025-08-02,10.4,6,MEDIUM,Completed,27,Normal
ENG2526,AST0121,SEC046,Turnout Maintenance,Crossing nose defect,2,HIGH,2025-05-28,2025-05-30,2025-06-13,6.1,15,HIGH,Cancelled,14,Normal
ENG2527,AST0030,SEC030,Sleeper Replacement,Cracked sleeper,3,MEDIUM,2025-07-05,2025-07-07,2025-07-26,11.6,14,MEDIUM,Completed,19,Normal
ENG2528,AST0101,SEC026,Welding,Misaligned weld,1,CRITICAL,2025-11-10,2025-11-12,2025-11-15,9.9,13,HIGH,Pending,3,Urgent
ENG2529,AST0109,SEC034,Ballast Maintenance,Vegetation growth,1,CRITICAL,2025-08-28,2025-08-30,2025-09-04,7.3,4,HIGH,Cancelled,5,Urgent
ENG2530,AST0158,SEC008,Ballast Maintenance,Insufficient ballast,2,HIGH,2025-12-08,2025-12-11,2025-12-19,5.4,7,HIGH,Pending,8,Normal
ENG2531,AST0316,SEC016,Ballast Maintenance,Insufficient ballast,5,LOW,2025-11-01,2025-11-03,2025-12-16,8.9,15,LOW,Scheduled,43,Low
ENG2532,AST0248,SEC023,Sleeper Replacement,Broken concrete sleeper,4,LOW,2025-06-23,2025-06-26,2025-08-02,8.3,10,LOW,In Progress,37,Low
ENG2533,AST0287,SEC062,Track Alignment,Cant deficiency,1,CRITICAL,2025-09-03,2025-09-04,2025-09-11,5.8,15,HIGH,Completed,7,Urgent
ENG2534,AST0175,SEC025,Ballast Maintenance,Vegetation growth,4,LOW,2025-10-13,2025-10-15,2025-12-03,8.4,13,LOW,Cancelled,49,Low
ENG2535,AST0100,SEC025,Turnout Maintenance,Point mechanism fault,3,MEDIUM,2025-07-14,2025-07-14,2025-08-12,2.0,5,MEDIUM,Pending,29,Normal
ENG2536,AST0216,SEC066,Track Alignment,Buckling risk,3,MEDIUM,2025-08-28,2025-08-30,2025-09-17,3.0,14,MEDIUM,Completed,18,Normal
ENG2537,AST0114,SEC039,Sleeper Replacement,Broken concrete sleeper,3,MEDIUM,2025-05-13,2025-05-15,2025-06-05,7.4,9,MEDIUM,Cancelled,21,Normal
ENG2538,AST0267,SEC042,Welding,Weld depression,5,LOW,2025-09-23,2025-09-24,2025-11-08,7.5,11,LOW,Completed,45,Low
ENG2539,AST0133,SEC058,Rail Replacement,Severely worn rail,3,MEDIUM,2025-10-05,2025-10-06,2025-11-01,10.9,9,MEDIUM,Completed,26,Normal
ENG2540,AST0320,SEC020,Rail Inspection,Corrugation,4,LOW,2025-07-29,2025-07-29,2025-09-12,5.6,3,LOW,Completed,45,Low
ENG2541,AST0176,SEC026,Track Alignment,Cant deficiency,2,HIGH,2025-08-22,2025-08-22,2025-09-03,6.7,15,HIGH,Pending,12,Normal
ENG2542,AST0368,SEC068,Sleeper Replacement,Broken concrete sleeper,4,LOW,2025-09-28,2025-09-30,2025-11-07,6.8,8,LOW,Pending,38,Low
ENG2543,AST0091,SEC016,Track Alignment,Buckling risk,4,LOW,2025-10-18,2025-10-19,2025-11-17,10.3,9,LOW,Scheduled,29,Normal
ENG2544,AST0293,SEC068,Rail Replacement,Broken rail,3,MEDIUM,2025-11-29,2025-12-02,2026-01-01,7.4,10,MEDIUM,In Progress,30,Normal
ENG2545,AST0263,SEC038,Turnout Maintenance,Crossing nose defect,3,MEDIUM,2025-11-09,2025-11-12,2025-12-03,6.2,8,MEDIUM,Scheduled,21,Normal
ENG2546,AST0194,SEC044,Rail Replacement,Rail end batter,2,HIGH,2025-05-26,2025-05-28,2025-06-08,3.7,12,HIGH,Pending,11,Normal
ENG2547,AST0278,SEC053,Sleeper Replacement,Missing sleeper,2,HIGH,2025-11-08,2025-11-09,2025-11-23,4.9,4,HIGH,Pending,14,Normal
ENG2548,AST0212,SEC062,Ballast Maintenance,Insufficient ballast,3,MEDIUM,2025-02-18,2025-02-21,2025-03-10,10.0,9,MEDIUM,Pending,17,Normal
ENG2549,AST0065,SEC065,Turnout Maintenance,Check rail gap,4,LOW,2025-10-21,2025-10-22,2025-11-26,3.1,11,LOW,In Progress,35,Low
ENG2550,AST0180,SEC030,Rail Replacement,Rail end batter,2,HIGH,2025-02-03,2025-02-06,2025-02-19,4.9,14,HIGH,Cancelled,13,Normal
ENG2551,AST0277,SEC052,Track Alignment,Lateral misalignment,2,HIGH,2025-05-06,2025-05-06,2025-05-19,9.3,13,HIGH,Pending,13,Normal
ENG2552,AST0143,SEC068,Track Geometry Correction,Alignment defect,4,LOW,2025-10-04,2025-10-05,2025-11-02,11.3,9,LOW,Scheduled,28,Normal
ENG2553,AST0005,SEC005,Track Alignment,Cant deficiency,1,CRITICAL,2025-01-21,2025-01-23,2025-01-27,5.4,8,HIGH,Completed,4,Urgent
ENG2554,AST0065,SEC065,Sleeper Replacement,Decayed wooden sleeper,3,MEDIUM,2025-01-13,2025-01-16,2025-02-15,7.5,3,MEDIUM,Pending,30,Normal
ENG2555,AST0248,SEC023,Ballast Maintenance,Drainage blockage,3,MEDIUM,2025-05-04,2025-05-07,2025-05-28,2.7,6,MEDIUM,Scheduled,21,Normal
ENG2556,AST0311,SEC011,Rail Inspection,Corrugation,5,LOW,2025-05-07,2025-05-08,2025-07-07,5.9,8,LOW,Pending,60,Low
ENG2557,AST0072,SEC072,Sleeper Replacement,Cracked sleeper,3,MEDIUM,2025-04-09,2025-04-09,2025-05-09,8.8,8,MEDIUM,Scheduled,30,Normal
ENG2558,AST0055,SEC055,Ballast Maintenance,Vegetation growth,4,LOW,2025-05-22,2025-05-22,2025-06-25,4.4,12,LOW,Completed,34,Low
ENG2559,AST0081,SEC006,Welding,Weld depression,5,LOW,2025-07-23,2025-07-24,2025-09-23,7.7,8,LOW,Pending,61,Low
ENG2560,AST0232,SEC007,Turnout Maintenance,Point mechanism fault,3,MEDIUM,2025-08-25,2025-08-28,2025-09-21,3.6,10,MEDIUM,Completed,24,Normal
ENG2561,AST0167,SEC017,Rail Replacement,Broken rail,4,LOW,2025-06-25,2025-06-27,2025-08-26,11.3,14,LOW,Scheduled,60,Low
ENG2562,AST0020,SEC020,Track Geometry Correction,Cross-level error,4,LOW,2025-04-05,2025-04-06,2025-05-30,4.7,8,LOW,Cancelled,54,Low
ENG2563,AST0072,SEC072,Track Alignment,Cant deficiency,2,HIGH,2025-02-08,2025-02-09,2025-02-22,10.1,7,HIGH,Completed,13,Normal
ENG2564,AST0183,SEC033,Welding,Weld crack,1,CRITICAL,2025-06-27,2025-06-27,2025-07-01,6.2,13,HIGH,Completed,4,Urgent
ENG2565,AST0194,SEC044,Rail Inspection,Rail crack,2,HIGH,2025-08-25,2025-08-27,2025-09-05,8.7,10,HIGH,Scheduled,9,Normal
ENG2566,AST0342,SEC042,Ballast Maintenance,Fouled ballast,3,MEDIUM,2025-04-18,2025-04-18,2025-05-02,2.3,4,MEDIUM,Pending,14,Normal
ENG2567,AST0154,SEC004,Track Alignment,Cant deficiency,2,HIGH,2025-12-03,2025-12-05,2025-12-15,1.6,15,HIGH,Completed,10,Normal
ENG2568,AST0200,SEC050,Sleeper Replacement,Cracked sleeper,1,CRITICAL,2025-11-15,2025-11-17,2025-11-23,5.3,14,HIGH,Scheduled,6,Urgent
ENG2569,AST0194,SEC044,Ballast Maintenance,Insufficient ballast,1,CRITICAL,2025-09-07,2025-09-10,2025-09-17,1.9,7,HIGH,Scheduled,7,Urgent
ENG2570,AST0002,SEC002,Ballast Maintenance,Fouled ballast,2,HIGH,2025-09-29,2025-09-29,2025-10-06,3.6,3,HIGH,Completed,7,Urgent
ENG2571,AST0183,SEC033,Rail Replacement,End-post fracture,3,MEDIUM,2025-11-30,2025-12-01,2025-12-21,9.0,11,MEDIUM,Completed,20,Normal
ENG2572,AST0009,SEC009,Track Alignment,Vertical misalignment,4,LOW,2025-05-11,2025-05-12,2025-07-11,1.7,11,LOW,Cancelled,60,Low
ENG2573,AST0341,SEC041,Welding,Thermit weld defect,4,LOW,2025-08-23,2025-08-23,2025-09-17,4.4,6,LOW,Cancelled,25,Normal
ENG2574,AST0156,SEC006,Rail Inspection,Worn rail head,4,LOW,2025-09-19,2025-09-21,2025-11-19,4.8,11,LOW,Cancelled,59,Low
ENG2575,AST0115,SEC040,Rail Inspection,Rail crack,2,HIGH,2025-05-26,2025-05-29,2025-06-11,5.2,13,HIGH,Cancelled,13,Normal
ENG2576,AST0205,SEC055,Sleeper Replacement,Missing sleeper,3,MEDIUM,2025-04-15,2025-04-17,2025-05-12,8.7,6,MEDIUM,Scheduled,25,Normal
ENG2577,AST0359,SEC059,Rail Replacement,End-post fracture,2,HIGH,2025-03-15,2025-03-17,2025-03-25,11.0,8,HIGH,Scheduled,8,Normal
ENG2578,AST0298,SEC073,Welding,Weld crack,5,LOW,2025-06-28,2025-06-28,2025-08-23,11.3,10,LOW,Scheduled,56,Low
ENG2579,AST0024,SEC024,Sleeper Replacement,Missing sleeper,3,MEDIUM,2025-03-29,2025-04-01,2025-04-25,10.6,14,MEDIUM,Scheduled,24,Normal
ENG2580,AST0157,SEC007,Track Geometry Correction,Cross-level error,5,LOW,2025-07-21,2025-07-23,2025-09-16,2.8,13,LOW,Pending,55,Low
ENG2581,AST0278,SEC053,Welding,Weld crack,2,HIGH,2025-06-24,2025-06-26,2025-07-03,11.2,15,HIGH,Scheduled,7,Urgent
ENG2582,AST0071,SEC071,Turnout Maintenance,Point mechanism fault,3,MEDIUM,2025-06-10,2025-06-11,2025-07-07,4.8,11,MEDIUM,Pending,26,Normal
ENG2583,AST0200,SEC050,Rail Inspection,Corrugation,3,MEDIUM,2025-09-12,2025-09-12,2025-10-01,3.7,9,MEDIUM,Scheduled,19,Normal
ENG2584,AST0021,SEC021,Rail Inspection,Rail crack,4,LOW,2025-11-18,2025-11-18,2025-12-18,5.9,10,LOW,Scheduled,30,Normal
ENG2585,AST0330,SEC030,Track Geometry Correction,Alignment defect,4,LOW,2025-02-06,2025-02-08,2025-04-03,1.1,15,LOW,Completed,54,Low
ENG2586,AST0396,SEC021,Track Alignment,Lateral misalignment,3,MEDIUM,2025-05-12,2025-05-13,2025-06-02,11.2,5,MEDIUM,Completed,20,Normal
ENG2587,AST0078,SEC003,Sleeper Replacement,Broken concrete sleeper,4,LOW,2025-10-26,2025-10-29,2025-11-28,6.6,13,LOW,Completed,30,Normal
ENG2588,AST0378,SEC003,Rail Replacement,Broken rail,4,LOW,2025-03-12,2025-03-14,2025-04-28,8.2,12,LOW,Scheduled,45,Low
ENG2589,AST0263,SEC038,Sleeper Replacement,Broken concrete sleeper,1,CRITICAL,2025-05-24,2025-05-25,2025-05-31,7.9,7,HIGH,Cancelled,6,Urgent
ENG2590,AST0378,SEC003,Track Alignment,Vertical misalignment,2,HIGH,2025-05-01,2025-05-04,2025-05-11,5.7,13,HIGH,Pending,7,Urgent
ENG2591,AST0124,SEC049,Ballast Maintenance,Insufficient ballast,4,LOW,2025-09-24,2025-09-27,2025-11-02,9.1,8,LOW,Completed,36,Low
ENG2592,AST0328,SEC028,Turnout Maintenance,Switch tongue wear,3,MEDIUM,2025-09-29,2025-10-01,2025-10-28,4.8,3,MEDIUM,Pending,27,Normal
ENG2593,AST0121,SEC046,Turnout Maintenance,Check rail gap,4,LOW,2025-04-12,2025-04-15,2025-05-25,4.8,13,LOW,Completed,40,Low
ENG2594,AST0240,SEC015,Track Alignment,Vertical misalignment,2,HIGH,2025-08-12,2025-08-12,2025-08-26,11.4,11,HIGH,Completed,14,Normal
ENG2595,AST0317,SEC017,Welding,Misaligned weld,2,HIGH,2025-06-11,2025-06-13,2025-06-20,3.4,4,HIGH,Completed,7,Urgent
ENG2596,AST0134,SEC059,Track Geometry Correction,Twist fault,1,CRITICAL,2025-02-19,2025-02-20,2025-02-24,11.4,10,HIGH,Completed,4,Urgent
ENG2597,AST0182,SEC032,Sleeper Replacement,Broken concrete sleeper,3,MEDIUM,2025-12-04,2025-12-06,2026-01-02,10.8,12,MEDIUM,Completed,27,Normal
ENG2598,AST0035,SEC035,Turnout Maintenance,Point mechanism fault,3,MEDIUM,2025-03-22,2025-03-25,2025-04-09,7.6,3,MEDIUM,Completed,15,Normal
ENG2599,AST0077,SEC002,Ballast Maintenance,Drainage blockage,3,MEDIUM,2025-02-09,2025-02-10,2025-03-04,3.9,10,MEDIUM,In Progress,22,Normal
ENG2600,AST0127,SEC052,Rail Inspection,Worn rail head,4,LOW,2025-04-30,2025-05-03,2025-06-05,9.0,5,LOW,Completed,33,Low
ENG2601,AST0278,SEC053,Rail Replacement,End-post fracture,4,LOW,2025-09-05,2025-09-06,2025-10-08,7.7,5,LOW,Scheduled,32,Low
ENG2602,AST0278,SEC053,Turnout Maintenance,Point mechanism fault,1,CRITICAL,2025-08-20,2025-08-21,2025-08-27,6.8,15,HIGH,Completed,6,Urgent
ENG2603,AST0202,SEC052,Ballast Maintenance,Insufficient ballast,1,CRITICAL,2025-12-11,2025-12-11,2025-12-16,4.2,10,HIGH,In Progress,5,Urgent
ENG2604,AST0369,SEC069,Track Geometry Correction,Cross-level error,3,MEDIUM,2025-03-21,2025-03-22,2025-04-11,2.9,8,MEDIUM,Completed,20,Normal
ENG2605,AST0335,SEC035,Rail Replacement,Rail end batter,3,MEDIUM,2025-01-11,2025-01-11,2025-01-29,9.5,9,MEDIUM,Completed,18,Normal
ENG2606,AST0111,SEC036,Ballast Maintenance,Vegetation growth,3,MEDIUM,2025-07-26,2025-07-26,2025-08-11,1.5,11,MEDIUM,Scheduled,16,Normal
ENG2607,AST0063,SEC063,Track Alignment,Vertical misalignment,3,MEDIUM,2025-06-23,2025-06-24,2025-07-24,9.0,11,MEDIUM,Pending,30,Normal
ENG2608,AST0186,SEC036,Track Alignment,Vertical misalignment,1,CRITICAL,2025-05-03,2025-05-06,2025-05-10,11.4,2,HIGH,In Progress,4,Urgent
ENG2609,AST0311,SEC011,Rail Inspection,Surface defect,3,MEDIUM,2025-08-12,2025-08-14,2025-09-06,1.1,9,MEDIUM,Pending,23,Normal
ENG2610,AST0173,SEC023,Track Alignment,Lateral misalignment,2,HIGH,2025-07-12,2025-07-15,2025-07-26,3.1,10,HIGH,Scheduled,11,Normal
ENG2611,AST0171,SEC021,Rail Replacement,Severely worn rail,1,CRITICAL,2025-07-31,2025-08-01,2025-08-06,7.7,2,HIGH,Scheduled,5,Urgent
ENG2612,AST0331,SEC031,Track Geometry Correction,Gauge irregularity,3,MEDIUM,2025-04-06,2025-04-08,2025-05-07,11.7,12,MEDIUM,Scheduled,29,Normal
ENG2613,AST0390,SEC015,Track Alignment,Buckling risk,2,HIGH,2025-09-04,2025-09-04,2025-09-15,7.7,9,HIGH,Scheduled,11,Normal
ENG2614,AST0161,SEC011,Rail Replacement,Severely worn rail,1,CRITICAL,2025-01-06,2025-01-09,2025-01-12,7.7,9,HIGH,Completed,3,Urgent
ENG2615,AST0268,SEC043,Sleeper Replacement,Missing sleeper,1,CRITICAL,2025-06-29,2025-06-29,2025-07-06,5.4,15,HIGH,Scheduled,7,Urgent
ENG2616,AST0065,SEC065,Rail Replacement,Broken rail,1,CRITICAL,2025-03-17,2025-03-20,2025-03-23,10.7,14,HIGH,Scheduled,3,Urgent
ENG2617,AST0379,SEC004,Track Alignment,Cant deficiency,4,LOW,2025-01-15,2025-01-17,2025-02-16,8.9,6,LOW,Scheduled,30,Normal
ENG2618,AST0347,SEC047,Ballast Maintenance,Drainage blockage,3,MEDIUM,2025-06-03,2025-06-04,2025-06-26,8.0,14,MEDIUM,Scheduled,22,Normal
ENG2619,AST0073,SEC073,Rail Inspection,Surface defect,4,LOW,2025-09-27,2025-09-30,2025-11-03,6.7,6,LOW,Cancelled,34,Low
ENG2620,AST0007,SEC007,Ballast Maintenance,Fouled ballast,1,CRITICAL,2025-11-11,2025-11-13,2025-11-20,3.0,2,HIGH,Pending,7,Urgent
ENG2621,AST0274,SEC049,Rail Replacement,Rail end batter,4,LOW,2025-12-03,2025-12-05,2026-01-03,5.1,3,LOW,Scheduled,29,Normal
ENG2622,AST0316,SEC016,Track Alignment,Cant deficiency,3,MEDIUM,2025-08-16,2025-08-17,2025-09-12,11.9,14,MEDIUM,Pending,26,Normal
ENG2623,AST0254,SEC029,Track Alignment,Buckling risk,4,LOW,2025-06-09,2025-06-09,2025-07-23,10.2,11,LOW,Scheduled,44,Low
ENG2624,AST0154,SEC004,Rail Replacement,End-post fracture,3,MEDIUM,2025-05-23,2025-05-25,2025-06-11,5.1,13,MEDIUM,Pending,17,Normal
ENG2625,AST0205,SEC055,Track Geometry Correction,Alignment defect,3,MEDIUM,2025-07-05,2025-07-07,2025-08-04,8.6,15,MEDIUM,Scheduled,28,Normal
ENG2626,AST0060,SEC060,Ballast Maintenance,Drainage blockage,4,LOW,2025-11-08,2025-11-09,2025-12-30,10.7,6,LOW,In Progress,51,Low
ENG2627,AST0396,SEC021,Rail Inspection,Corrugation,3,MEDIUM,2025-02-20,2025-02-21,2025-03-21,10.5,2,MEDIUM,Pending,28,Normal
ENG2628,AST0397,SEC022,Sleeper Replacement,Missing sleeper,1,CRITICAL,2025-03-20,2025-03-20,2025-03-24,5.0,11,HIGH,Completed,4,Urgent
ENG2629,AST0261,SEC036,Rail Replacement,Rail end batter,4,LOW,2025-08-18,2025-08-18,2025-10-04,10.4,3,LOW,Pending,47,Low
ENG2630,AST0070,SEC070,Track Alignment,Vertical misalignment,3,MEDIUM,2025-11-10,2025-11-12,2025-11-29,12.0,15,MEDIUM,Completed,17,Normal
ENG2631,AST0383,SEC008,Rail Inspection,Surface defect,1,CRITICAL,2025-10-21,2025-10-21,2025-10-24,7.9,13,HIGH,In Progress,3,Urgent
ENG2632,AST0058,SEC058,Sleeper Replacement,Missing sleeper,3,MEDIUM,2025-09-20,2025-09-22,2025-10-12,3.0,3,MEDIUM,Pending,20,Normal
ENG2633,AST0039,SEC039,Rail Inspection,Worn rail head,4,LOW,2025-11-18,2025-11-21,2026-01-16,4.1,9,LOW,In Progress,56,Low
ENG2634,AST0065,SEC065,Rail Replacement,Severely worn rail,4,LOW,2025-01-11,2025-01-14,2025-02-15,10.4,12,LOW,Completed,32,Low
ENG2635,AST0201,SEC051,Sleeper Replacement,Missing sleeper,3,MEDIUM,2025-11-23,2025-11-23,2025-12-19,2.4,5,MEDIUM,Scheduled,26,Normal
ENG2636,AST0038,SEC038,Track Geometry Correction,Twist fault,4,LOW,2025-06-27,2025-06-28,2025-08-08,5.6,5,LOW,Pending,41,Low
ENG2637,AST0119,SEC044,Rail Replacement,Severely worn rail,2,HIGH,2025-07-31,2025-08-01,2025-08-13,6.7,9,HIGH,In Progress,12,Normal
ENG2638,AST0229,SEC004,Track Alignment,Vertical misalignment,5,LOW,2025-10-17,2025-10-17,2025-12-30,7.3,4,LOW,Pending,74,Low
ENG2639,AST0231,SEC006,Rail Inspection,Corrugation,4,LOW,2025-12-18,2025-12-18,2026-02-15,7.7,5,LOW,Completed,59,Low
ENG2640,AST0358,SEC058,Track Alignment,Buckling risk,1,CRITICAL,2025-01-31,2025-02-02,2025-02-05,11.5,3,HIGH,Cancelled,3,Urgent
ENG2641,AST0298,SEC073,Rail Replacement,Broken rail,4,LOW,2025-10-25,2025-10-26,2025-12-17,11.9,12,LOW,Pending,52,Low
ENG2642,AST0047,SEC047,Track Geometry Correction,Alignment defect,1,CRITICAL,2025-05-16,2025-05-17,2025-05-20,9.1,12,HIGH,Pending,3,Urgent
ENG2643,AST0274,SEC049,Rail Inspection,Rail crack,4,LOW,2025-07-09,2025-07-11,2025-08-24,3.6,5,LOW,Pending,44,Low
ENG2644,AST0075,SEC075,Turnout Maintenance,Crossing nose defect,4,LOW,2025-10-03,2025-10-06,2025-11-29,9.6,14,LOW,Scheduled,54,Low
ENG2645,AST0362,SEC062,Track Geometry Correction,Gauge irregularity,3,MEDIUM,2025-03-03,2025-03-04,2025-03-31,5.2,13,MEDIUM,Cancelled,27,Normal
ENG2646,AST0184,SEC034,Welding,Misaligned weld,4,LOW,2025-06-24,2025-06-25,2025-08-08,3.9,10,LOW,Pending,44,Low
ENG2647,AST0156,SEC006,Sleeper Replacement,Broken concrete sleeper,1,CRITICAL,2025-06-09,2025-06-09,2025-06-14,12.0,12,HIGH,In Progress,5,Urgent
ENG2648,AST0082,SEC007,Track Alignment,Lateral misalignment,2,HIGH,2025-07-24,2025-07-27,2025-08-05,5.0,5,HIGH,Scheduled,9,Normal
ENG2649,AST0189,SEC039,Ballast Maintenance,Fouled ballast,2,HIGH,2025-04-25,2025-04-27,2025-05-11,3.4,2,HIGH,Completed,14,Normal
ENG2650,AST0008,SEC008,Welding,Misaligned weld,4,LOW,2025-09-15,2025-09-15,2025-10-23,4.6,13,LOW,Completed,38,Low
ENG2651,AST0161,SEC011,Rail Inspection,Worn rail head,4,LOW,2025-10-04,2025-10-07,2025-11-07,2.2,11,LOW,Completed,31,Low
ENG2652,AST0351,SEC051,Rail Replacement,Severely worn rail,4,LOW,2025-02-16,2025-02-16,2025-04-09,8.2,11,LOW,Scheduled,52,Low
ENG2653,AST0302,SEC002,Welding,Misaligned weld,5,LOW,2025-10-09,2025-10-12,2025-12-04,9.3,9,LOW,Pending,53,Low
ENG2654,AST0016,SEC016,Turnout Maintenance,Switch tongue wear,2,HIGH,2025-03-03,2025-03-06,2025-03-16,4.3,7,HIGH,Cancelled,10,Normal
ENG2655,AST0254,SEC029,Rail Inspection,Gauge deviation,4,LOW,2025-05-09,2025-05-11,2025-06-22,8.2,11,LOW,Scheduled,42,Low
ENG2656,AST0194,SEC044,Sleeper Replacement,Broken concrete sleeper,4,LOW,2025-08-19,2025-08-19,2025-09-29,7.2,9,LOW,Cancelled,41,Low
ENG2657,AST0344,SEC044,Track Alignment,Buckling risk,4,LOW,2025-06-22,2025-06-24,2025-07-23,4.7,15,LOW,Pending,29,Normal
ENG2658,AST0099,SEC024,Track Geometry Correction,Alignment defect,3,MEDIUM,2025-07-03,2025-07-05,2025-07-26,8.4,13,MEDIUM,Cancelled,21,Normal
ENG2659,AST0238,SEC013,Track Geometry Correction,Alignment defect,4,LOW,2025-07-09,2025-07-09,2025-09-06,1.7,14,LOW,Completed,59,Low
ENG2660,AST0389,SEC014,Welding,Weld depression,3,MEDIUM,2025-11-08,2025-11-08,2025-12-01,2.1,3,MEDIUM,Scheduled,23,Normal
ENG2661,AST0050,SEC050,Rail Inspection,Corrugation,4,LOW,2025-05-06,2025-05-09,2025-07-02,7.3,10,LOW,Completed,54,Low
ENG2662,AST0002,SEC002,Rail Replacement,Rail end batter,4,LOW,2025-03-17,2025-03-17,2025-04-20,8.8,3,LOW,Pending,34,Low
ENG2663,AST0369,SEC069,Rail Inspection,Surface defect,5,LOW,2025-11-04,2025-11-06,2025-12-19,1.0,12,LOW,Completed,43,Low
ENG2664,AST0054,SEC054,Sleeper Replacement,Cracked sleeper,3,MEDIUM,2025-03-20,2025-03-22,2025-04-14,3.1,14,MEDIUM,Completed,23,Normal
ENG2665,AST0002,SEC002,Sleeper Replacement,Decayed wooden sleeper,3,MEDIUM,2025-10-10,2025-10-10,2025-10-31,10.1,10,MEDIUM,Completed,21,Normal
ENG2666,AST0254,SEC029,Ballast Maintenance,Vegetation growth,3,MEDIUM,2025-04-27,2025-04-29,2025-05-15,10.6,12,MEDIUM,Cancelled,16,Normal
ENG2667,AST0109,SEC034,Turnout Maintenance,Switch tongue wear,4,LOW,2025-02-21,2025-02-22,2025-03-21,1.1,12,LOW,Pending,27,Normal
ENG2668,AST0149,SEC074,Sleeper Replacement,Broken concrete sleeper,5,LOW,2025-04-11,2025-04-14,2025-07-01,8.0,14,LOW,Cancelled,78,Low
ENG2669,AST0244,SEC019,Turnout Maintenance,Point mechanism fault,1,CRITICAL,2025-07-12,2025-07-12,2025-07-19,8.8,12,HIGH,Completed,7,Urgent
ENG2670,AST0144,SEC069,Rail Replacement,Broken rail,1,CRITICAL,2025-09-23,2025-09-24,2025-09-29,2.7,7,HIGH,Completed,5,Urgent
ENG2671,AST0089,SEC014,Sleeper Replacement,Decayed wooden sleeper,4,LOW,2025-08-17,2025-08-20,2025-09-22,10.2,7,LOW,Scheduled,33,Low
ENG2672,AST0075,SEC075,Welding,Misaligned weld,3,MEDIUM,2025-08-03,2025-08-05,2025-08-24,11.2,13,MEDIUM,In Progress,19,Normal
ENG2673,AST0028,SEC028,Welding,Weld depression,2,HIGH,2025-08-20,2025-08-22,2025-09-01,10.8,4,HIGH,Scheduled,10,Normal
ENG2674,AST0308,SEC008,Ballast Maintenance,Vegetation growth,3,MEDIUM,2025-01-09,2025-01-09,2025-02-01,9.6,9,MEDIUM,Scheduled,23,Normal
ENG2675,AST0194,SEC044,Turnout Maintenance,Switch tongue wear,1,CRITICAL,2025-01-09,2025-01-11,2025-01-17,3.4,14,HIGH,In Progress,6,Urgent
ENG2676,AST0353,SEC053,Ballast Maintenance,Insufficient ballast,4,LOW,2025-10-07,2025-10-09,2025-11-08,2.9,10,LOW,Scheduled,30,Normal
ENG2677,AST0304,SEC004,Rail Replacement,End-post fracture,2,HIGH,2025-06-01,2025-06-04,2025-06-13,2.4,12,HIGH,Completed,9,Normal
ENG2678,AST0086,SEC011,Welding,Weld depression,3,MEDIUM,2025-09-20,2025-09-21,2025-10-05,1.9,5,MEDIUM,Completed,14,Normal
ENG2679,AST0165,SEC015,Rail Inspection,Surface defect,2,HIGH,2025-08-17,2025-08-19,2025-08-29,9.8,13,HIGH,Scheduled,10,Normal
ENG2680,AST0257,SEC032,Track Geometry Correction,Alignment defect,2,HIGH,2025-06-03,2025-06-03,2025-06-16,8.2,10,HIGH,Cancelled,13,Normal
ENG2681,AST0369,SEC069,Turnout Maintenance,Point mechanism fault,2,HIGH,2025-11-23,2025-11-25,2025-12-07,2.0,2,HIGH,Completed,12,Normal
ENG2682,AST0123,SEC048,Rail Inspection,Worn rail head,4,LOW,2025-08-14,2025-08-14,2025-09-18,4.1,4,LOW,In Progress,35,Low
ENG2683,AST0131,SEC056,Turnout Maintenance,Check rail gap,3,MEDIUM,2025-07-13,2025-07-16,2025-08-12,6.6,9,MEDIUM,Pending,27,Normal
ENG2684,AST0076,SEC001,Ballast Maintenance,Vegetation growth,3,MEDIUM,2025-09-15,2025-09-17,2025-10-09,5.8,11,MEDIUM,Cancelled,22,Normal
ENG2685,AST0250,SEC025,Sleeper Replacement,Cracked sleeper,4,LOW,2025-11-19,2025-11-20,2025-12-18,3.3,13,LOW,Pending,28,Normal
ENG2686,AST0357,SEC057,Rail Inspection,Worn rail head,5,LOW,2025-12-17,2025-12-18,2026-02-14,2.4,4,LOW,Cancelled,58,Low
ENG2687,AST0368,SEC068,Track Geometry Correction,Cross-level error,4,LOW,2025-06-25,2025-06-27,2025-08-17,11.5,13,LOW,Completed,51,Low
ENG2688,AST0208,SEC058,Rail Inspection,Gauge deviation,2,HIGH,2025-01-26,2025-01-28,2025-02-09,3.6,9,HIGH,Scheduled,12,Normal
ENG2689,AST0170,SEC020,Turnout Maintenance,Crossing nose defect,3,MEDIUM,2025-08-28,2025-08-30,2025-09-20,11.6,9,MEDIUM,Scheduled,21,Normal
ENG2690,AST0356,SEC056,Rail Replacement,End-post fracture,2,HIGH,2025-04-11,2025-04-11,2025-04-21,9.1,5,HIGH,Completed,10,Normal
ENG2691,AST0071,SEC071,Rail Inspection,Rail crack,2,HIGH,2025-03-21,2025-03-24,2025-04-04,9.0,4,HIGH,Pending,11,Normal
ENG2692,AST0286,SEC061,Rail Inspection,Rail crack,3,MEDIUM,2025-09-27,2025-09-27,2025-10-19,3.2,14,MEDIUM,Pending,22,Normal
ENG2693,AST0309,SEC009,Turnout Maintenance,Crossing nose defect,4,LOW,2025-03-06,2025-03-09,2025-05-02,7.1,15,LOW,In Progress,54,Low
ENG2694,AST0277,SEC052,Rail Inspection,Rail crack,5,LOW,2025-06-27,2025-06-27,2025-09-12,11.2,11,LOW,Pending,77,Low
ENG2695,AST0094,SEC019,Track Geometry Correction,Cross-level error,3,MEDIUM,2025-11-29,2025-11-30,2025-12-15,5.5,11,MEDIUM,Completed,15,Normal
ENG2696,AST0167,SEC017,Turnout Maintenance,Crossing nose defect,4,LOW,2025-08-17,2025-08-17,2025-09-28,7.7,14,LOW,Completed,42,Low
ENG2697,AST0198,SEC048,Rail Inspection,Surface defect,1,CRITICAL,2025-02-26,2025-02-26,2025-03-02,2.7,14,HIGH,Pending,4,Urgent
ENG2698,AST0086,SEC011,Track Geometry Correction,Gauge irregularity,3,MEDIUM,2025-08-16,2025-08-17,2025-09-08,6.8,9,MEDIUM,Scheduled,22,Normal
ENG2699,AST0068,SEC068,Rail Replacement,Severely worn rail,3,MEDIUM,2025-09-05,2025-09-06,2025-10-05,4.3,14,MEDIUM,Pending,29,Normal
ENG2700,AST0105,SEC030,Track Geometry Correction,Gauge irregularity,2,HIGH,2025-02-10,2025-02-11,2025-02-20,6.3,13,HIGH,Scheduled,9,Normal
ENG2701,AST0191,SEC041,Track Geometry Correction,Alignment defect,2,HIGH,2025-08-05,2025-08-06,2025-08-20,9.0,10,HIGH,Completed,14,Normal
ENG2702,AST0192,SEC042,Welding,Misaligned weld,4,LOW,2025-04-30,2025-05-02,2025-06-19,9.0,10,LOW,Scheduled,48,Low
ENG2703,AST0074,SEC074,Turnout Maintenance,Crossing nose defect,2,HIGH,2025-02-02,2025-02-02,2025-02-10,6.5,10,HIGH,Completed,8,Normal
ENG2704,AST0260,SEC035,Turnout Maintenance,Check rail gap,2,HIGH,2025-07-08,2025-07-10,2025-07-22,10.2,14,HIGH,Completed,12,Normal
ENG2705,AST0206,SEC056,Rail Replacement,Broken rail,1,CRITICAL,2025-04-23,2025-04-23,2025-04-29,6.6,4,HIGH,In Progress,6,Urgent
ENG2706,AST0291,SEC066,Track Geometry Correction,Alignment defect,2,HIGH,2025-01-07,2025-01-09,2025-01-23,4.4,12,HIGH,Scheduled,14,Normal
ENG2707,AST0151,SEC001,Rail Inspection,Corrugation,3,MEDIUM,2025-04-02,2025-04-03,2025-04-22,9.4,7,MEDIUM,Pending,19,Normal
ENG2708,AST0216,SEC066,Track Geometry Correction,Cross-level error,4,LOW,2025-09-11,2025-09-12,2025-10-07,10.9,6,LOW,Scheduled,25,Normal
ENG2709,AST0257,SEC032,Rail Inspection,Surface defect,3,MEDIUM,2025-05-13,2025-05-15,2025-06-14,6.5,12,MEDIUM,Completed,30,Normal
ENG2710,AST0024,SEC024,Track Geometry Correction,Cross-level error,4,LOW,2025-07-12,2025-07-12,2025-08-29,9.5,13,LOW,Scheduled,48,Low
ENG2711,AST0231,SEC006,Track Alignment,Buckling risk,3,MEDIUM,2025-01-05,2025-01-06,2025-02-03,9.2,13,MEDIUM,Pending,28,Normal
ENG2712,AST0292,SEC067,Rail Replacement,Rail end batter,4,LOW,2025-12-09,2025-12-11,2026-01-23,6.3,6,LOW,Completed,43,Low
ENG2713,AST0347,SEC047,Ballast Maintenance,Insufficient ballast,1,CRITICAL,2025-07-01,2025-07-01,2025-07-05,2.1,11,HIGH,Pending,4,Urgent
ENG2714,AST0062,SEC062,Track Alignment,Cant deficiency,2,HIGH,2025-04-18,2025-04-21,2025-04-28,8.7,14,HIGH,Completed,7,Urgent
ENG2715,AST0006,SEC006,Rail Inspection,Corrugation,5,LOW,2025-04-22,2025-04-22,2025-07-15,8.0,8,LOW,Scheduled,84,Low
ENG2716,AST0241,SEC016,Rail Inspection,Surface defect,4,LOW,2025-06-08,2025-06-08,2025-07-28,2.7,3,LOW,Completed,50,Low
ENG2717,AST0042,SEC042,Track Geometry Correction,Alignment defect,1,CRITICAL,2025-05-13,2025-05-13,2025-05-20,2.6,2,HIGH,In Progress,7,Urgent
ENG2718,AST0208,SEC058,Track Alignment,Vertical misalignment,3,MEDIUM,2025-03-13,2025-03-14,2025-04-06,7.1,11,MEDIUM,Pending,23,Normal
ENG2719,AST0255,SEC030,Rail Replacement,Broken rail,4,LOW,2025-11-06,2025-11-06,2025-12-28,8.6,7,LOW,Pending,52,Low
ENG2720,AST0315,SEC015,Sleeper Replacement,Decayed wooden sleeper,4,LOW,2025-05-02,2025-05-02,2025-06-09,8.8,6,LOW,In Progress,38,Low
ENG2721,AST0142,SEC067,Track Alignment,Vertical misalignment,3,MEDIUM,2025-07-28,2025-07-31,2025-08-21,7.0,13,MEDIUM,In Progress,21,Normal
ENG2722,AST0273,SEC048,Sleeper Replacement,Decayed wooden sleeper,3,MEDIUM,2025-08-13,2025-08-16,2025-09-14,6.4,10,MEDIUM,Cancelled,29,Normal
ENG2723,AST0127,SEC052,Rail Inspection,Surface defect,5,LOW,2025-05-24,2025-05-25,2025-08-05,3.1,14,LOW,Completed,72,Low
ENG2724,AST0247,SEC022,Ballast Maintenance,Vegetation growth,3,MEDIUM,2025-01-14,2025-01-16,2025-02-12,1.3,8,MEDIUM,Cancelled,27,Normal
ENG2725,AST0029,SEC029,Rail Inspection,Corrugation,2,HIGH,2025-10-22,2025-10-23,2025-10-30,11.8,3,HIGH,Pending,7,Urgent
ENG2726,AST0275,SEC050,Turnout Maintenance,Check rail gap,5,LOW,2025-01-24,2025-01-27,2025-04-12,5.3,4,LOW,Completed,75,Low
ENG2727,AST0129,SEC054,Welding,Misaligned weld,3,MEDIUM,2025-04-05,2025-04-05,2025-04-24,6.2,8,MEDIUM,Pending,19,Normal
ENG2728,AST0348,SEC048,Rail Replacement,End-post fracture,4,LOW,2025-12-11,2025-12-12,2026-02-01,4.8,5,LOW,Scheduled,51,Low
ENG2729,AST0106,SEC031,Rail Inspection,Rail crack,5,LOW,2025-04-16,2025-04-16,2025-06-27,3.4,11,LOW,Pending,72,Low
ENG2730,AST0121,SEC046,Sleeper Replacement,Decayed wooden sleeper,4,LOW,2025-01-21,2025-01-23,2025-02-19,6.2,5,LOW,Scheduled,27,Normal
ENG2731,AST0378,SEC003,Turnout Maintenance,Check rail gap,3,MEDIUM,2025-04-22,2025-04-25,2025-05-10,10.0,4,MEDIUM,Completed,15,Normal
ENG2732,AST0040,SEC040,Track Geometry Correction,Alignment defect,5,LOW,2025-09-01,2025-09-01,2025-10-14,9.8,6,LOW,Pending,43,Low
ENG2733,AST0086,SEC011,Sleeper Replacement,Decayed wooden sleeper,3,MEDIUM,2025-08-16,2025-08-18,2025-09-10,10.7,10,MEDIUM,Pending,23,Normal
ENG2734,AST0199,SEC049,Ballast Maintenance,Fouled ballast,3,MEDIUM,2025-04-23,2025-04-24,2025-05-17,2.8,15,MEDIUM,Pending,23,Normal
ENG2735,AST0008,SEC008,Rail Replacement,Severely worn rail,3,MEDIUM,2025-12-03,2025-12-03,2025-12-25,5.9,6,MEDIUM,Scheduled,22,Normal
ENG2736,AST0092,SEC017,Track Alignment,Lateral misalignment,2,HIGH,2025-11-15,2025-11-17,2025-11-27,10.0,2,HIGH,Scheduled,10,Normal
ENG2737,AST0064,SEC064,Track Geometry Correction,Alignment defect,4,LOW,2025-02-11,2025-02-12,2025-04-07,8.2,15,LOW,Scheduled,54,Low
ENG2738,AST0283,SEC058,Welding,Weld crack,5,LOW,2025-07-30,2025-08-02,2025-10-31,6.4,7,LOW,In Progress,90,Low
ENG2739,AST0167,SEC017,Sleeper Replacement,Cracked sleeper,4,LOW,2025-06-24,2025-06-26,2025-07-29,5.0,3,LOW,Cancelled,33,Low
ENG2740,AST0095,SEC020,Turnout Maintenance,Crossing nose defect,3,MEDIUM,2025-01-17,2025-01-20,2025-02-16,10.1,15,MEDIUM,Completed,27,Normal
ENG2741,AST0100,SEC025,Track Alignment,Vertical misalignment,2,HIGH,2025-11-20,2025-11-20,2025-12-05,1.3,2,HIGH,In Progress,15,Normal
ENG2742,AST0152,SEC002,Ballast Maintenance,Vegetation growth,2,HIGH,2025-04-06,2025-04-06,2025-04-16,9.1,13,HIGH,Completed,10,Normal
ENG2743,AST0335,SEC035,Rail Inspection,Corrugation,3,MEDIUM,2025-07-28,2025-07-29,2025-08-20,11.1,9,MEDIUM,Completed,22,Normal
ENG2744,AST0118,SEC043,Welding,Misaligned weld,5,LOW,2025-12-12,2025-12-13,2026-02-01,4.4,5,LOW,Completed,50,Low
ENG2745,AST0100,SEC025,Rail Replacement,Rail end batter,5,LOW,2025-02-28,2025-02-28,2025-05-21,11.6,3,LOW,Completed,82,Low
ENG2746,AST0313,SEC013,Rail Replacement,Broken rail,3,MEDIUM,2025-12-09,2025-12-11,2026-01-05,4.9,6,MEDIUM,Scheduled,25,Normal
ENG2747,AST0324,SEC024,Rail Inspection,Surface defect,3,MEDIUM,2025-02-05,2025-02-07,2025-03-02,7.2,11,MEDIUM,Completed,23,Normal
ENG2748,AST0350,SEC050,Rail Inspection,Gauge deviation,4,LOW,2025-07-31,2025-07-31,2025-09-15,11.7,14,LOW,Pending,46,Low
ENG2749,AST0387,SEC012,Track Geometry Correction,Cross-level error,5,LOW,2025-05-13,2025-05-15,2025-08-05,3.5,8,LOW,Completed,82,Low
ENG2750,AST0073,SEC073,Welding,Misaligned weld,3,MEDIUM,2025-08-15,2025-08-16,2025-09-04,5.8,6,MEDIUM,Completed,19,Normal
ENG2751,AST0160,SEC010,Track Alignment,Lateral misalignment,3,MEDIUM,2025-05-17,2025-05-19,2025-06-15,11.7,4,MEDIUM,Cancelled,27,Normal
ENG2752,AST0292,SEC067,Track Alignment,Buckling risk,4,LOW,2025-08-11,2025-08-12,2025-10-03,5.5,3,LOW,Scheduled,52,Low
ENG2753,AST0207,SEC057,Ballast Maintenance,Vegetation growth,3,MEDIUM,2025-10-20,2025-10-22,2025-11-05,6.0,13,MEDIUM,Completed,14,Normal
ENG2754,AST0046,SEC046,Turnout Maintenance,Switch tongue wear,3,MEDIUM,2025-11-28,2025-11-29,2025-12-26,1.2,2,MEDIUM,Scheduled,27,Normal
ENG2755,AST0054,SEC054,Ballast Maintenance,Fouled ballast,3,MEDIUM,2025-10-28,2025-10-30,2025-11-21,4.3,14,MEDIUM,Pending,22,Normal
ENG2756,AST0163,SEC013,Rail Replacement,Rail end batter,4,LOW,2025-11-10,2025-11-10,2025-12-20,2.5,10,LOW,Completed,40,Low
ENG2757,AST0349,SEC049,Turnout Maintenance,Crossing nose defect,4,LOW,2025-04-11,2025-04-11,2025-05-19,7.6,8,LOW,In Progress,38,Low
ENG2758,AST0082,SEC007,Welding,Weld depression,5,LOW,2025-11-04,2025-11-04,2026-01-24,5.2,13,LOW,Cancelled,81,Low
ENG2759,AST0290,SEC065,Welding,Weld depression,5,LOW,2025-01-18,2025-01-21,2025-03-29,10.1,8,LOW,Completed,67,Low
ENG2760,AST0292,SEC067,Rail Replacement,Broken rail,1,CRITICAL,2025-10-14,2025-10-15,2025-10-19,3.4,14,HIGH,In Progress,4,Urgent
ENG2761,AST0022,SEC022,Ballast Maintenance,Insufficient ballast,2,HIGH,2025-12-09,2025-12-11,2025-12-21,2.0,15,HIGH,Scheduled,10,Normal
ENG2762,AST0279,SEC054,Rail Replacement,End-post fracture,3,MEDIUM,2025-04-15,2025-04-16,2025-05-04,2.5,15,MEDIUM,Pending,18,Normal
ENG2763,AST0119,SEC044,Track Geometry Correction,Twist fault,4,LOW,2025-05-08,2025-05-09,2025-06-23,6.9,13,LOW,Completed,45,Low
ENG2764,AST0303,SEC003,Ballast Maintenance,Vegetation growth,2,HIGH,2025-05-02,2025-05-03,2025-05-16,1.7,12,HIGH,In Progress,13,Normal
ENG2765,AST0126,SEC051,Welding,Misaligned weld,3,MEDIUM,2025-02-27,2025-02-27,2025-03-13,9.8,12,MEDIUM,Cancelled,14,Normal
ENG2766,AST0331,SEC031,Rail Inspection,Corrugation,3,MEDIUM,2025-02-20,2025-02-20,2025-03-18,8.4,14,MEDIUM,Cancelled,26,Normal
ENG2767,AST0153,SEC003,Rail Replacement,Broken rail,2,HIGH,2025-06-22,2025-06-22,2025-07-04,8.5,3,HIGH,Completed,12,Normal
ENG2768,AST0384,SEC009,Track Geometry Correction,Alignment defect,1,CRITICAL,2025-03-01,2025-03-02,2025-03-05,5.5,3,HIGH,Scheduled,3,Urgent
ENG2769,AST0012,SEC012,Track Alignment,Lateral misalignment,1,CRITICAL,2025-04-04,2025-04-07,2025-04-14,8.6,7,HIGH,Cancelled,7,Urgent
ENG2770,AST0040,SEC040,Rail Replacement,Rail end batter,3,MEDIUM,2025-02-09,2025-02-10,2025-03-01,7.0,15,MEDIUM,Pending,19,Normal
ENG2771,AST0058,SEC058,Rail Replacement,Severely worn rail,4,LOW,2025-06-20,2025-06-23,2025-08-08,6.9,10,LOW,Completed,46,Low
ENG2772,AST0280,SEC055,Rail Inspection,Rail crack,2,HIGH,2025-03-10,2025-03-10,2025-03-17,5.2,10,HIGH,In Progress,7,Urgent
ENG2773,AST0372,SEC072,Turnout Maintenance,Switch tongue wear,3,MEDIUM,2025-07-16,2025-07-17,2025-08-08,8.3,9,MEDIUM,In Progress,22,Normal
ENG2774,AST0379,SEC004,Sleeper Replacement,Cracked sleeper,2,HIGH,2025-10-11,2025-10-13,2025-10-25,7.5,14,HIGH,Cancelled,12,Normal
ENG2775,AST0027,SEC027,Ballast Maintenance,Drainage blockage,5,LOW,2025-05-25,2025-05-28,2025-08-24,12.0,3,LOW,Completed,88,Low
ENG2776,AST0212,SEC062,Rail Replacement,Broken rail,2,HIGH,2025-05-26,2025-05-29,2025-06-06,8.0,10,HIGH,Cancelled,8,Normal
ENG2777,AST0145,SEC070,Welding,Weld depression,1,CRITICAL,2025-04-10,2025-04-10,2025-04-17,7.9,15,HIGH,Pending,7,Urgent
ENG2778,AST0262,SEC037,Track Geometry Correction,Cross-level error,3,MEDIUM,2025-07-23,2025-07-26,2025-08-18,5.4,4,MEDIUM,Completed,23,Normal
ENG2779,AST0337,SEC037,Welding,Weld depression,3,MEDIUM,2025-11-21,2025-11-23,2025-12-22,6.1,4,MEDIUM,Cancelled,29,Normal
ENG2780,AST0301,SEC001,Rail Replacement,Broken rail,2,HIGH,2025-11-06,2025-11-06,2025-11-17,9.5,13,HIGH,Completed,11,Normal
ENG2781,AST0226,SEC001,Rail Inspection,Surface defect,4,LOW,2025-07-09,2025-07-11,2025-08-15,8.9,11,LOW,Completed,35,Low
ENG2782,AST0273,SEC048,Rail Replacement,Severely worn rail,1,CRITICAL,2025-01-25,2025-01-25,2025-01-31,6.0,8,HIGH,Completed,6,Urgent
ENG2783,AST0102,SEC027,Welding,Weld depression,3,MEDIUM,2025-12-21,2025-12-21,2026-01-16,11.1,10,MEDIUM,Completed,26,Normal
ENG2784,AST0116,SEC041,Welding,Misaligned weld,5,LOW,2025-06-26,2025-06-26,2025-08-22,1.3,7,LOW,Scheduled,57,Low
ENG2785,AST0317,SEC017,Track Geometry Correction,Gauge irregularity,3,MEDIUM,2025-11-09,2025-11-10,2025-12-01,6.3,2,MEDIUM,Pending,21,Normal
ENG2786,AST0102,SEC027,Welding,Misaligned weld,3,MEDIUM,2025-09-21,2025-09-21,2025-10-17,3.0,7,MEDIUM,Completed,26,Normal
ENG2787,AST0122,SEC047,Turnout Maintenance,Point mechanism fault,4,LOW,2025-03-24,2025-03-26,2025-04-22,1.4,8,LOW,Completed,27,Normal
ENG2788,AST0361,SEC061,Welding,Misaligned weld,3,MEDIUM,2025-05-21,2025-05-23,2025-06-12,10.7,14,MEDIUM,Cancelled,20,Normal
ENG2789,AST0211,SEC061,Ballast Maintenance,Vegetation growth,3,MEDIUM,2025-03-06,2025-03-08,2025-04-07,11.6,4,MEDIUM,Pending,30,Normal
ENG2790,AST0106,SEC031,Track Geometry Correction,Gauge irregularity,5,LOW,2025-05-08,2025-05-10,2025-06-24,10.2,10,LOW,Pending,45,Low
ENG2791,AST0161,SEC011,Ballast Maintenance,Fouled ballast,1,CRITICAL,2025-09-04,2025-09-06,2025-09-09,8.3,11,HIGH,In Progress,3,Urgent
ENG2792,AST0225,SEC075,Track Geometry Correction,Gauge irregularity,1,CRITICAL,2025-04-23,2025-04-26,2025-05-01,5.6,3,HIGH,Completed,5,Urgent
ENG2793,AST0187,SEC037,Rail Inspection,Rail crack,2,HIGH,2025-06-22,2025-06-23,2025-07-07,7.6,8,HIGH,In Progress,14,Normal
ENG2794,AST0197,SEC047,Track Geometry Correction,Alignment defect,4,LOW,2025-04-05,2025-04-05,2025-05-23,2.4,3,LOW,Scheduled,48,Low
ENG2795,AST0400,SEC025,Ballast Maintenance,Insufficient ballast,4,LOW,2025-08-03,2025-08-05,2025-09-30,5.8,10,LOW,Completed,56,Low
ENG2796,AST0172,SEC022,Turnout Maintenance,Crossing nose defect,4,LOW,2024-12-30,2025-01-02,2025-02-28,10.7,3,LOW,Pending,57,Low
ENG2797,AST0014,SEC014,Sleeper Replacement,Decayed wooden sleeper,1,CRITICAL,2025-06-05,2025-06-08,2025-06-15,10.9,3,HIGH,Pending,7,Urgent
ENG2798,AST0326,SEC026,Track Geometry Correction,Alignment defect,5,LOW,2025-06-06,2025-06-09,2025-07-19,8.4,3,LOW,Completed,40,Low
ENG2799,AST0190,SEC040,Rail Replacement,Broken rail,2,HIGH,2025-05-17,2025-05-19,2025-06-01,9.7,10,HIGH,Completed,13,Normal
ENG2800,AST0278,SEC053,Rail Inspection,Gauge deviation,4,LOW,2025-04-25,2025-04-26,2025-06-16,2.0,13,LOW,Pending,51,Low
ENG2801,AST0309,SEC009,Track Geometry Correction,Alignment defect,3,MEDIUM,2025-04-28,2025-04-30,2025-05-23,1.9,6,MEDIUM,Completed,23,Normal
ENG2802,AST0117,SEC042,Rail Replacement,Severely worn rail,2,HIGH,2025-04-10,2025-04-13,2025-04-22,11.2,11,HIGH,Scheduled,9,Normal
ENG2803,AST0054,SEC054,Turnout Maintenance,Point mechanism fault,4,LOW,2025-06-16,2025-06-16,2025-07-19,8.5,3,LOW,Pending,33,Low
ENG2804,AST0155,SEC005,Welding,Misaligned weld,4,LOW,2025-08-30,2025-09-02,2025-10-31,11.2,6,LOW,Pending,59,Low
ENG2805,AST0328,SEC028,Track Alignment,Buckling risk,5,LOW,2025-04-13,2025-04-13,2025-06-09,4.5,13,LOW,Scheduled,57,Low
ENG2806,AST0179,SEC029,Turnout Maintenance,Switch tongue wear,4,LOW,2025-07-17,2025-07-20,2025-08-14,1.6,8,LOW,Completed,25,Normal
ENG2807,AST0127,SEC052,Track Geometry Correction,Alignment defect,3,MEDIUM,2025-03-04,2025-03-07,2025-03-21,9.4,5,MEDIUM,Scheduled,14,Normal
ENG2808,AST0113,SEC038,Welding,Misaligned weld,5,LOW,2025-10-30,2025-11-01,2026-01-16,6.0,3,LOW,Pending,76,Low
ENG2809,AST0140,SEC065,Track Alignment,Cant deficiency,3,MEDIUM,2025-12-09,2025-12-11,2026-01-07,3.3,3,MEDIUM,Completed,27,Normal
ENG2810,AST0093,SEC018,Rail Inspection,Corrugation,4,LOW,2025-05-08,2025-05-08,2025-06-12,11.1,7,LOW,Completed,35,Low
ENG2811,AST0196,SEC046,Rail Replacement,Rail end batter,1,CRITICAL,2025-07-31,2025-08-03,2025-08-08,6.0,9,HIGH,Completed,5,Urgent
ENG2812,AST0189,SEC039,Track Geometry Correction,Alignment defect,3,MEDIUM,2025-12-17,2025-12-20,2026-01-09,10.9,8,MEDIUM,Completed,20,Normal
ENG2813,AST0287,SEC062,Turnout Maintenance,Crossing nose defect,4,LOW,2025-06-12,2025-06-13,2025-07-26,2.4,5,LOW,Cancelled,43,Low
ENG2814,AST0297,SEC072,Ballast Maintenance,Vegetation growth,2,HIGH,2025-10-12,2025-10-15,2025-10-27,6.3,8,HIGH,Completed,12,Normal
ENG2815,AST0377,SEC002,Rail Inspection,Worn rail head,3,MEDIUM,2025-10-24,2025-10-27,2025-11-13,11.1,6,MEDIUM,Completed,17,Normal
ENG2816,AST0148,SEC073,Rail Replacement,Severely worn rail,3,MEDIUM,2025-05-15,2025-05-17,2025-06-16,7.1,14,MEDIUM,Completed,30,Normal
ENG2817,AST0400,SEC025,Turnout Maintenance,Check rail gap,1,CRITICAL,2025-03-16,2025-03-17,2025-03-23,8.2,10,HIGH,Completed,6,Urgent
ENG2818,AST0048,SEC048,Track Geometry Correction,Cross-level error,3,MEDIUM,2025-05-26,2025-05-27,2025-06-17,7.9,15,MEDIUM,Pending,21,Normal
ENG2819,AST0160,SEC010,Track Geometry Correction,Cross-level error,4,LOW,2025-06-13,2025-06-16,2025-07-27,11.1,3,LOW,In Progress,41,Low
ENG2820,AST0082,SEC007,Ballast Maintenance,Insufficient ballast,3,MEDIUM,2025-08-26,2025-08-26,2025-09-17,7.6,5,MEDIUM,Scheduled,22,Normal
ENG2821,AST0143,SEC068,Track Geometry Correction,Gauge irregularity,1,CRITICAL,2025-12-10,2025-12-10,2025-12-15,2.5,8,HIGH,Scheduled,5,Urgent
ENG2822,AST0158,SEC008,Rail Replacement,Rail end batter,3,MEDIUM,2025-09-07,2025-09-09,2025-09-23,7.6,4,MEDIUM,Completed,14,Normal
ENG2823,AST0119,SEC044,Sleeper Replacement,Cracked sleeper,1,CRITICAL,2025-04-03,2025-04-06,2025-04-10,11.9,13,HIGH,Cancelled,4,Urgent
ENG2824,AST0236,SEC011,Turnout Maintenance,Point mechanism fault,3,MEDIUM,2025-10-23,2025-10-26,2025-11-24,7.0,7,MEDIUM,Scheduled,29,Normal
ENG2825,AST0176,SEC026,Rail Replacement,Broken rail,1,CRITICAL,2025-11-11,2025-11-13,2025-11-18,10.1,4,HIGH,Pending,5,Urgent
ENG2826,AST0098,SEC023,Ballast Maintenance,Insufficient ballast,5,LOW,2025-09-08,2025-09-10,2025-10-20,7.7,14,LOW,Pending,40,Low
ENG2827,AST0299,SEC074,Ballast Maintenance,Insufficient ballast,3,MEDIUM,2025-03-13,2025-03-15,2025-04-03,2.1,9,MEDIUM,Pending,19,Normal
ENG2828,AST0115,SEC040,Rail Inspection,Gauge deviation,3,MEDIUM,2025-11-19,2025-11-19,2025-12-14,11.7,13,MEDIUM,Completed,25,Normal
ENG2829,AST0166,SEC016,Ballast Maintenance,Vegetation growth,5,LOW,2025-03-08,2025-03-09,2025-05-11,1.8,13,LOW,Completed,63,Low
ENG2830,AST0256,SEC031,Rail Replacement,Severely worn rail,4,LOW,2025-09-27,2025-09-30,2025-11-16,8.8,4,LOW,Cancelled,47,Low
ENG2831,AST0143,SEC068,Turnout Maintenance,Point mechanism fault,3,MEDIUM,2025-06-27,2025-06-29,2025-07-29,2.9,10,MEDIUM,Scheduled,30,Normal
ENG2832,AST0361,SEC061,Welding,Weld crack,2,HIGH,2025-07-27,2025-07-28,2025-08-12,5.7,8,HIGH,Completed,15,Normal
ENG2833,AST0034,SEC034,Ballast Maintenance,Fouled ballast,3,MEDIUM,2025-11-03,2025-11-06,2025-12-02,2.5,9,MEDIUM,Cancelled,26,Normal
ENG2834,AST0013,SEC013,Welding,Misaligned weld,1,CRITICAL,2025-11-26,2025-11-28,2025-12-01,10.1,4,HIGH,Pending,3,Urgent
ENG2835,AST0185,SEC035,Rail Replacement,Broken rail,4,LOW,2025-04-10,2025-04-13,2025-05-13,7.7,14,LOW,Pending,30,Normal
ENG2836,AST0140,SEC065,Track Geometry Correction,Twist fault,2,HIGH,2025-05-13,2025-05-15,2025-05-29,4.2,7,HIGH,Pending,14,Normal
ENG2837,AST0077,SEC002,Ballast Maintenance,Vegetation growth,5,LOW,2025-08-06,2025-08-06,2025-10-16,2.7,3,LOW,Cancelled,71,Low
ENG2838,AST0131,SEC056,Track Alignment,Buckling risk,3,MEDIUM,2025-04-09,2025-04-12,2025-05-11,7.9,8,MEDIUM,Pending,29,Normal
ENG2839,AST0383,SEC008,Track Geometry Correction,Gauge irregularity,4,LOW,2025-04-04,2025-04-06,2025-06-02,10.1,4,LOW,Completed,57,Low
ENG2840,AST0184,SEC034,Rail Inspection,Rail crack,2,HIGH,2025-09-26,2025-09-26,2025-10-06,10.9,4,HIGH,Pending,10,Normal
ENG2841,AST0092,SEC017,Rail Inspection,Corrugation,4,LOW,2025-09-04,2025-09-04,2025-10-20,6.4,3,LOW,Scheduled,46,Low
ENG2842,AST0376,SEC001,Turnout Maintenance,Point mechanism fault,3,MEDIUM,2025-09-26,2025-09-29,2025-10-25,11.7,12,MEDIUM,Scheduled,26,Normal
ENG2843,AST0253,SEC028,Rail Inspection,Gauge deviation,1,CRITICAL,2025-03-05,2025-03-06,2025-03-13,3.5,12,HIGH,Scheduled,7,Urgent
ENG2844,AST0324,SEC024,Sleeper Replacement,Missing sleeper,5,LOW,2025-06-03,2025-06-06,2025-08-02,5.0,7,LOW,Scheduled,57,Low
ENG2845,AST0124,SEC049,Ballast Maintenance,Fouled ballast,3,MEDIUM,2025-12-18,2025-12-21,2026-01-12,2.4,15,MEDIUM,Completed,22,Normal
ENG2846,AST0351,SEC051,Rail Inspection,Surface defect,2,HIGH,2025-10-02,2025-10-02,2025-10-09,1.5,7,HIGH,Pending,7,Urgent
ENG2847,AST0330,SEC030,Rail Inspection,Gauge deviation,3,MEDIUM,2025-10-11,2025-10-12,2025-11-09,8.2,14,MEDIUM,In Progress,28,Normal
ENG2848,AST0196,SEC046,Track Geometry Correction,Alignment defect,3,MEDIUM,2025-09-05,2025-09-07,2025-09-27,6.7,15,MEDIUM,Completed,20,Normal
ENG2849,AST0209,SEC059,Track Geometry Correction,Twist fault,5,LOW,2025-05-24,2025-05-25,2025-08-15,2.6,3,LOW,In Progress,82,Low
ENG2850,AST0163,SEC013,Ballast Maintenance,Drainage blockage,3,MEDIUM,2025-01-15,2025-01-17,2025-02-13,3.0,10,MEDIUM,Pending,27,Normal
ENG2851,AST0031,SEC031,Rail Replacement,Rail end batter,1,CRITICAL,2025-06-07,2025-06-08,2025-06-12,7.9,5,HIGH,Pending,4,Urgent
ENG2852,AST0270,SEC045,Sleeper Replacement,Missing sleeper,1,CRITICAL,2025-05-03,2025-05-05,2025-05-10,8.9,9,HIGH,Completed,5,Urgent
ENG2853,AST0208,SEC058,Track Alignment,Buckling risk,5,LOW,2025-08-10,2025-08-11,2025-10-11,11.9,4,LOW,In Progress,61,Low
ENG2854,AST0053,SEC053,Welding,Misaligned weld,1,CRITICAL,2025-05-03,2025-05-06,2025-05-13,5.9,4,HIGH,Cancelled,7,Urgent
ENG2855,AST0324,SEC024,Sleeper Replacement,Missing sleeper,1,CRITICAL,2025-04-07,2025-04-09,2025-04-16,10.3,6,HIGH,Pending,7,Urgent
ENG2856,AST0377,SEC002,Sleeper Replacement,Decayed wooden sleeper,3,MEDIUM,2025-05-21,2025-05-21,2025-06-17,10.8,4,MEDIUM,Completed,27,Normal
ENG2857,AST0347,SEC047,Rail Replacement,End-post fracture,4,LOW,2025-10-02,2025-10-04,2025-11-29,5.1,15,LOW,Scheduled,56,Low
ENG2858,AST0207,SEC057,Turnout Maintenance,Check rail gap,2,HIGH,2025-05-31,2025-05-31,2025-06-10,1.5,15,HIGH,Pending,10,Normal
ENG2859,AST0171,SEC021,Welding,Weld crack,2,HIGH,2025-12-11,2025-12-13,2025-12-24,4.1,9,HIGH,Cancelled,11,Normal
ENG2860,AST0242,SEC017,Track Geometry Correction,Cross-level error,3,MEDIUM,2025-05-18,2025-05-18,2025-06-03,3.1,7,MEDIUM,In Progress,16,Normal
ENG2861,AST0223,SEC073,Track Alignment,Vertical misalignment,3,MEDIUM,2025-05-01,2025-05-04,2025-05-24,7.6,11,MEDIUM,Completed,20,Normal
ENG2862,AST0353,SEC053,Sleeper Replacement,Broken concrete sleeper,4,LOW,2025-12-13,2025-12-15,2026-01-26,8.2,15,LOW,Completed,42,Low
ENG2863,AST0025,SEC025,Sleeper Replacement,Decayed wooden sleeper,1,CRITICAL,2025-06-05,2025-06-07,2025-06-11,1.6,5,HIGH,Pending,4,Urgent
ENG2864,AST0165,SEC015,Sleeper Replacement,Missing sleeper,3,MEDIUM,2025-04-03,2025-04-03,2025-04-17,10.3,7,MEDIUM,Cancelled,14,Normal
ENG2865,AST0074,SEC074,Track Geometry Correction,Alignment defect,4,LOW,2025-03-25,2025-03-28,2025-04-25,1.8,10,LOW,Pending,28,Normal
ENG2866,AST0190,SEC040,Turnout Maintenance,Point mechanism fault,3,MEDIUM,2025-06-03,2025-06-03,2025-06-19,4.4,6,MEDIUM,Pending,16,Normal
ENG2867,AST0377,SEC002,Track Geometry Correction,Gauge irregularity,2,HIGH,2025-04-19,2025-04-21,2025-04-29,11.7,4,HIGH,In Progress,8,Normal
ENG2868,AST0007,SEC007,Turnout Maintenance,Switch tongue wear,4,LOW,2025-05-02,2025-05-02,2025-06-10,9.8,15,LOW,Completed,39,Low
ENG2869,AST0200,SEC050,Turnout Maintenance,Switch tongue wear,2,HIGH,2025-10-03,2025-10-05,2025-10-14,7.4,12,HIGH,Scheduled,9,Normal
ENG2870,AST0081,SEC006,Rail Replacement,Broken rail,3,MEDIUM,2025-12-06,2025-12-08,2025-12-27,5.2,14,MEDIUM,Scheduled,19,Normal
ENG2871,AST0179,SEC029,Rail Replacement,Rail end batter,3,MEDIUM,2025-09-05,2025-09-08,2025-10-08,7.5,9,MEDIUM,Pending,30,Normal
ENG2872,AST0124,SEC049,Welding,Thermit weld defect,1,CRITICAL,2025-03-22,2025-03-25,2025-03-30,10.0,8,HIGH,Completed,5,Urgent
ENG2873,AST0322,SEC022,Track Alignment,Cant deficiency,3,MEDIUM,2025-04-03,2025-04-06,2025-05-05,4.2,14,MEDIUM,Completed,29,Normal
ENG2874,AST0077,SEC002,Turnout Maintenance,Check rail gap,5,LOW,2025-07-27,2025-07-27,2025-09-19,7.1,5,LOW,Pending,54,Low
ENG2875,AST0032,SEC032,Track Geometry Correction,Gauge irregularity,2,HIGH,2025-03-01,2025-03-04,2025-03-19,5.8,13,HIGH,Pending,15,Normal
ENG2876,AST0295,SEC070,Rail Replacement,Broken rail,3,MEDIUM,2025-01-28,2025-01-29,2025-02-28,11.2,7,MEDIUM,Completed,30,Normal
ENG2877,AST0336,SEC036,Rail Replacement,End-post fracture,1,CRITICAL,2025-07-12,2025-07-14,2025-07-21,8.1,3,HIGH,In Progress,7,Urgent
ENG2878,AST0264,SEC039,Turnout Maintenance,Check rail gap,5,LOW,2025-11-10,2025-11-12,2026-01-05,10.2,9,LOW,In Progress,54,Low
ENG2879,AST0155,SEC005,Sleeper Replacement,Cracked sleeper,3,MEDIUM,2025-03-27,2025-03-27,2025-04-10,1.2,4,MEDIUM,Completed,14,Normal
ENG2880,AST0253,SEC028,Rail Replacement,Severely worn rail,3,MEDIUM,2025-07-10,2025-07-10,2025-07-25,6.3,8,MEDIUM,Completed,15,Normal
ENG2881,AST0040,SEC040,Track Geometry Correction,Cross-level error,2,HIGH,2025-02-23,2025-02-26,2025-03-08,4.0,2,HIGH,Completed,10,Normal
ENG2882,AST0136,SEC061,Rail Inspection,Corrugation,3,MEDIUM,2025-02-18,2025-02-21,2025-03-08,10.4,11,MEDIUM,Completed,15,Normal
ENG2883,AST0237,SEC012,Sleeper Replacement,Missing sleeper,3,MEDIUM,2025-07-15,2025-07-18,2025-08-10,7.0,11,MEDIUM,Pending,23,Normal
ENG2884,AST0251,SEC026,Rail Replacement,Broken rail,5,LOW,2025-11-16,2025-11-17,2025-12-31,7.1,14,LOW,Pending,44,Low
ENG2885,AST0367,SEC067,Sleeper Replacement,Broken concrete sleeper,3,MEDIUM,2025-01-01,2025-01-03,2025-01-28,2.9,12,MEDIUM,Scheduled,25,Normal
ENG2886,AST0181,SEC031,Track Geometry Correction,Alignment defect,3,MEDIUM,2025-08-14,2025-08-16,2025-09-01,6.8,6,MEDIUM,Completed,16,Normal
ENG2887,AST0313,SEC013,Rail Inspection,Surface defect,1,CRITICAL,2025-04-19,2025-04-20,2025-04-25,11.9,5,HIGH,Scheduled,5,Urgent
ENG2888,AST0158,SEC008,Welding,Misaligned weld,4,LOW,2025-02-18,2025-02-19,2025-03-21,2.8,6,LOW,In Progress,30,Normal
ENG2889,AST0269,SEC044,Track Alignment,Buckling risk,3,MEDIUM,2025-12-06,2025-12-09,2025-12-31,1.9,9,MEDIUM,Completed,22,Normal
ENG2890,AST0053,SEC053,Turnout Maintenance,Switch tongue wear,3,MEDIUM,2025-06-24,2025-06-27,2025-07-22,10.8,8,MEDIUM,Scheduled,25,Normal
ENG2891,AST0387,SEC012,Rail Inspection,Corrugation,3,MEDIUM,2025-08-27,2025-08-29,2025-09-28,5.3,9,MEDIUM,Scheduled,30,Normal
ENG2892,AST0347,SEC047,Track Geometry Correction,Alignment defect,5,LOW,2025-09-06,2025-09-09,2025-11-21,11.4,13,LOW,Pending,73,Low
ENG2893,AST0374,SEC074,Rail Inspection,Corrugation,3,MEDIUM,2025-07-18,2025-07-18,2025-08-15,8.2,6,MEDIUM,Pending,28,Normal
ENG2894,AST0234,SEC009,Welding,Weld crack,1,CRITICAL,2025-10-02,2025-10-03,2025-10-08,6.6,12,HIGH,Pending,5,Urgent
ENG2895,AST0225,SEC075,Ballast Maintenance,Vegetation growth,4,LOW,2025-02-11,2025-02-11,2025-03-21,8.8,4,LOW,Completed,38,Low
ENG2896,AST0233,SEC008,Ballast Maintenance,Fouled ballast,4,LOW,2025-11-16,2025-11-18,2026-01-09,6.0,15,LOW,Scheduled,52,Low
ENG2897,AST0043,SEC043,Track Geometry Correction,Alignment defect,3,MEDIUM,2025-10-11,2025-10-11,2025-10-28,10.5,11,MEDIUM,Completed,17,Normal
ENG2898,AST0199,SEC049,Turnout Maintenance,Check rail gap,3,MEDIUM,2025-12-06,2025-12-07,2025-12-27,11.3,4,MEDIUM,Cancelled,20,Normal
ENG2899,AST0275,SEC050,Rail Replacement,End-post fracture,3,MEDIUM,2025-06-20,2025-06-23,2025-07-16,2.6,5,MEDIUM,Completed,23,Normal
ENG2900,AST0383,SEC008,Track Geometry Correction,Cross-level error,2,HIGH,2025-01-05,2025-01-08,2025-01-19,9.3,3,HIGH,Completed,11,Normal
ENG2901,AST0002,SEC002,Welding,Thermit weld defect,3,MEDIUM,2025-02-12,2025-02-13,2025-03-04,8.4,12,MEDIUM,Scheduled,19,Normal
ENG2902,AST0358,SEC058,Rail Replacement,End-post fracture,4,LOW,2025-04-16,2025-04-18,2025-06-08,11.0,14,LOW,Completed,51,Low
ENG2903,AST0309,SEC009,Sleeper Replacement,Cracked sleeper,5,LOW,2025-07-08,2025-07-09,2025-08-27,11.2,12,LOW,Scheduled,49,Low
ENG2904,AST0243,SEC018,Rail Replacement,Rail end batter,3,MEDIUM,2025-03-18,2025-03-20,2025-04-11,5.5,10,MEDIUM,Completed,22,Normal
ENG2905,AST0237,SEC012,Rail Replacement,Severely worn rail,3,MEDIUM,2025-03-07,2025-03-10,2025-03-24,8.5,6,MEDIUM,In Progress,14,Normal
ENG2906,AST0359,SEC059,Rail Inspection,Surface defect,3,MEDIUM,2025-02-09,2025-02-11,2025-02-27,8.6,3,MEDIUM,Scheduled,16,Normal
ENG2907,AST0284,SEC059,Track Alignment,Vertical misalignment,4,LOW,2025-12-18,2025-12-19,2026-02-09,7.8,9,LOW,Pending,52,Low
ENG2908,AST0198,SEC048,Sleeper Replacement,Missing sleeper,4,LOW,2025-07-06,2025-07-07,2025-09-02,9.5,14,LOW,Completed,57,Low
ENG2909,AST0372,SEC072,Rail Inspection,Corrugation,5,LOW,2025-12-05,2025-12-07,2026-01-16,2.6,13,LOW,Pending,40,Low
ENG2910,AST0123,SEC048,Track Alignment,Vertical misalignment,4,LOW,2025-02-05,2025-02-05,2025-03-31,1.4,14,LOW,In Progress,54,Low
ENG2911,AST0029,SEC029,Welding,Thermit weld defect,3,MEDIUM,2025-09-03,2025-09-03,2025-09-19,8.9,9,MEDIUM,Completed,16,Normal
ENG2912,AST0115,SEC040,Track Alignment,Lateral misalignment,5,LOW,2025-08-06,2025-08-07,2025-09-17,8.7,7,LOW,Completed,41,Low
ENG2913,AST0329,SEC029,Sleeper Replacement,Broken concrete sleeper,2,HIGH,2025-09-10,2025-09-11,2025-09-25,7.8,3,HIGH,Completed,14,Normal
ENG2914,AST0120,SEC045,Sleeper Replacement,Broken concrete sleeper,3,MEDIUM,2025-04-12,2025-04-13,2025-04-28,5.4,12,MEDIUM,Cancelled,15,Normal
ENG2915,AST0123,SEC048,Sleeper Replacement,Decayed wooden sleeper,5,LOW,2025-05-25,2025-05-26,2025-08-04,1.6,10,LOW,Completed,70,Low
ENG2916,AST0014,SEC014,Track Alignment,Buckling risk,4,LOW,2025-09-25,2025-09-27,2025-11-08,1.9,4,LOW,Pending,42,Low
ENG2917,AST0279,SEC054,Rail Replacement,Broken rail,3,MEDIUM,2025-01-19,2025-01-20,2025-02-18,10.7,10,MEDIUM,Completed,29,Normal
ENG2918,AST0212,SEC062,Rail Replacement,End-post fracture,1,CRITICAL,2025-01-04,2025-01-04,2025-01-09,10.8,2,HIGH,Cancelled,5,Urgent
ENG2919,AST0108,SEC033,Rail Replacement,End-post fracture,2,HIGH,2025-07-12,2025-07-15,2025-07-30,10.0,11,HIGH,Cancelled,15,Normal
ENG2920,AST0192,SEC042,Turnout Maintenance,Point mechanism fault,4,LOW,2025-09-18,2025-09-21,2025-11-01,9.9,6,LOW,Completed,41,Low
ENG2921,AST0184,SEC034,Rail Inspection,Rail crack,3,MEDIUM,2025-10-14,2025-10-17,2025-11-05,4.9,3,MEDIUM,Pending,19,Normal
ENG2922,AST0319,SEC019,Track Alignment,Cant deficiency,4,LOW,2025-09-20,2025-09-22,2025-11-07,6.1,8,LOW,Pending,46,Low
ENG2923,AST0007,SEC007,Sleeper Replacement,Decayed wooden sleeper,5,LOW,2025-08-18,2025-08-21,2025-10-25,8.6,8,LOW,Scheduled,65,Low
ENG2924,AST0376,SEC001,Sleeper Replacement,Missing sleeper,5,LOW,2025-05-17,2025-05-19,2025-08-15,11.9,10,LOW,Scheduled,88,Low
ENG2925,AST0077,SEC002,Ballast Maintenance,Drainage blockage,2,HIGH,2025-09-09,2025-09-11,2025-09-20,4.4,12,HIGH,Pending,9,Normal
ENG2926,AST0110,SEC035,Track Geometry Correction,Gauge irregularity,3,MEDIUM,2025-09-14,2025-09-17,2025-10-15,9.1,12,MEDIUM,In Progress,28,Normal
ENG2927,AST0074,SEC074,Turnout Maintenance,Check rail gap,4,LOW,2025-10-25,2025-10-27,2025-12-26,4.4,15,LOW,Pending,60,Low
ENG2928,AST0104,SEC029,Track Geometry Correction,Twist fault,4,LOW,2025-01-28,2025-01-29,2025-03-09,6.9,10,LOW,Scheduled,39,Low
ENG2929,AST0043,SEC043,Ballast Maintenance,Drainage blockage,2,HIGH,2025-06-10,2025-06-10,2025-06-25,10.9,3,HIGH,In Progress,15,Normal
ENG2930,AST0346,SEC046,Rail Replacement,Severely worn rail,4,LOW,2025-05-17,2025-05-18,2025-06-17,7.5,4,LOW,Completed,30,Normal
ENG2931,AST0025,SEC025,Rail Replacement,End-post fracture,2,HIGH,2025-01-29,2025-01-31,2025-02-09,4.1,12,HIGH,Completed,9,Normal
ENG2932,AST0156,SEC006,Sleeper Replacement,Missing sleeper,1,CRITICAL,2025-06-09,2025-06-11,2025-06-15,4.1,14,HIGH,Completed,4,Urgent
ENG2933,AST0376,SEC001,Turnout Maintenance,Switch tongue wear,3,MEDIUM,2025-01-25,2025-01-25,2025-02-19,11.0,11,MEDIUM,Completed,25,Normal
ENG2934,AST0256,SEC031,Sleeper Replacement,Cracked sleeper,4,LOW,2025-12-13,2025-12-14,2026-02-01,9.4,14,LOW,Cancelled,49,Low
ENG2935,AST0307,SEC007,Turnout Maintenance,Crossing nose defect,5,LOW,2025-07-18,2025-07-18,2025-08-29,9.3,3,LOW,Scheduled,42,Low
ENG2936,AST0264,SEC039,Track Geometry Correction,Gauge irregularity,4,LOW,2025-12-03,2025-12-06,2026-01-17,10.8,6,LOW,Pending,42,Low
ENG2937,AST0017,SEC017,Track Alignment,Vertical misalignment,3,MEDIUM,2025-11-12,2025-11-14,2025-12-10,6.0,3,MEDIUM,Pending,26,Normal
ENG2938,AST0316,SEC016,Sleeper Replacement,Cracked sleeper,4,LOW,2025-09-02,2025-09-03,2025-10-30,1.6,15,LOW,Pending,57,Low
ENG2939,AST0161,SEC011,Turnout Maintenance,Check rail gap,2,HIGH,2025-03-19,2025-03-19,2025-03-27,6.9,11,HIGH,Scheduled,8,Normal
ENG2940,AST0036,SEC036,Turnout Maintenance,Crossing nose defect,4,LOW,2025-10-20,2025-10-20,2025-12-19,1.1,15,LOW,Pending,60,Low
ENG2941,AST0039,SEC039,Welding,Misaligned weld,2,HIGH,2025-11-12,2025-11-12,2025-11-27,7.8,10,HIGH,Completed,15,Normal
ENG2942,AST0052,SEC052,Track Geometry Correction,Alignment defect,1,CRITICAL,2024-12-31,2025-01-01,2025-01-08,7.0,8,HIGH,Scheduled,7,Urgent
ENG2943,AST0373,SEC073,Track Geometry Correction,Gauge irregularity,3,MEDIUM,2025-04-26,2025-04-27,2025-05-14,2.7,3,MEDIUM,Pending,17,Normal
ENG2944,AST0144,SEC069,Sleeper Replacement,Decayed wooden sleeper,2,HIGH,2025-10-09,2025-10-12,2025-10-23,3.3,6,HIGH,Completed,11,Normal
ENG2945,AST0010,SEC010,Sleeper Replacement,Decayed wooden sleeper,5,LOW,2025-12-08,2025-12-10,2026-02-26,9.2,14,LOW,Completed,78,Low
ENG2946,AST0181,SEC031,Turnout Maintenance,Point mechanism fault,4,LOW,2025-06-15,2025-06-15,2025-08-14,9.2,9,LOW,Pending,60,Low
ENG2947,AST0244,SEC019,Rail Inspection,Corrugation,5,LOW,2025-09-20,2025-09-23,2025-12-10,7.7,2,LOW,Pending,78,Low
ENG2948,AST0243,SEC018,Turnout Maintenance,Switch tongue wear,4,LOW,2025-06-14,2025-06-15,2025-07-23,8.9,2,LOW,Cancelled,38,Low
ENG2949,AST0108,SEC033,Track Geometry Correction,Gauge irregularity,4,LOW,2025-11-01,2025-11-04,2025-12-25,10.6,11,LOW,Completed,51,Low
ENG2950,AST0170,SEC020,Rail Inspection,Corrugation,3,MEDIUM,2025-12-04,2025-12-07,2025-12-25,9.6,8,MEDIUM,Cancelled,18,Normal
ENG2951,AST0371,SEC071,Ballast Maintenance,Vegetation growth,3,MEDIUM,2025-08-31,2025-08-31,2025-09-18,3.0,3,MEDIUM,Pending,18,Normal
ENG2952,AST0390,SEC015,Rail Replacement,Rail end batter,3,MEDIUM,2025-10-25,2025-10-27,2025-11-12,1.3,12,MEDIUM,Scheduled,16,Normal
ENG2953,AST0261,SEC036,Ballast Maintenance,Insufficient ballast,4,LOW,2025-12-01,2025-12-02,2026-01-25,3.6,5,LOW,Pending,54,Low
ENG2954,AST0321,SEC021,Track Geometry Correction,Alignment defect,2,HIGH,2025-01-02,2025-01-02,2025-01-12,6.0,14,HIGH,In Progress,10,Normal
ENG2955,AST0336,SEC036,Rail Replacement,Severely worn rail,3,MEDIUM,2025-06-08,2025-06-09,2025-07-09,1.5,9,MEDIUM,Completed,30,Normal
ENG2956,AST0393,SEC018,Welding,Weld depression,4,LOW,2025-02-17,2025-02-17,2025-04-01,3.2,11,LOW,In Progress,43,Low
ENG2957,AST0231,SEC006,Welding,Thermit weld defect,5,LOW,2025-06-28,2025-06-28,2025-09-11,3.8,10,LOW,Scheduled,75,Low
ENG2958,AST0347,SEC047,Turnout Maintenance,Crossing nose defect,2,HIGH,2025-08-06,2025-08-07,2025-08-14,4.2,9,HIGH,Scheduled,7,Urgent
ENG2959,AST0072,SEC072,Welding,Thermit weld defect,1,CRITICAL,2025-09-19,2025-09-22,2025-09-27,1.2,10,HIGH,Completed,5,Urgent
ENG2960,AST0279,SEC054,Rail Inspection,Gauge deviation,3,MEDIUM,2025-02-11,2025-02-13,2025-03-14,4.5,12,MEDIUM,In Progress,29,Normal
ENG2961,AST0333,SEC033,Turnout Maintenance,Check rail gap,2,HIGH,2025-11-16,2025-11-19,2025-11-30,9.9,13,HIGH,Completed,11,Normal
ENG2962,AST0010,SEC010,Rail Replacement,Severely worn rail,3,MEDIUM,2025-04-26,2025-04-28,2025-05-16,8.0,5,MEDIUM,Scheduled,18,Normal
ENG2963,AST0082,SEC007,Turnout Maintenance,Check rail gap,4,LOW,2025-02-17,2025-02-18,2025-04-19,6.1,8,LOW,Scheduled,60,Low
ENG2964,AST0149,SEC074,Turnout Maintenance,Point mechanism fault,2,HIGH,2025-09-29,2025-10-01,2025-10-13,8.3,14,HIGH,Completed,12,Normal
ENG2965,AST0387,SEC012,Rail Replacement,Broken rail,2,HIGH,2025-04-19,2025-04-20,2025-04-28,5.5,11,HIGH,Scheduled,8,Normal
ENG2966,AST0237,SEC012,Track Alignment,Lateral misalignment,3,MEDIUM,2025-10-08,2025-10-09,2025-11-04,9.0,8,MEDIUM,Scheduled,26,Normal
ENG2967,AST0145,SEC070,Welding,Weld depression,2,HIGH,2025-10-30,2025-10-31,2025-11-09,3.0,3,HIGH,Completed,9,Normal
ENG2968,AST0239,SEC014,Ballast Maintenance,Insufficient ballast,3,MEDIUM,2025-03-14,2025-03-15,2025-04-09,7.0,10,MEDIUM,Completed,25,Normal
ENG2969,AST0062,SEC062,Track Alignment,Vertical misalignment,3,MEDIUM,2025-04-09,2025-04-11,2025-05-05,1.9,15,MEDIUM,Cancelled,24,Normal
ENG2970,AST0231,SEC006,Rail Replacement,Broken rail,3,MEDIUM,2025-12-17,2025-12-19,2026-01-09,5.5,13,MEDIUM,Completed,21,Normal
ENG2971,AST0394,SEC019,Ballast Maintenance,Insufficient ballast,1,CRITICAL,2025-07-25,2025-07-27,2025-07-30,11.5,14,HIGH,Completed,3,Urgent
ENG2972,AST0233,SEC008,Turnout Maintenance,Point mechanism fault,3,MEDIUM,2025-01-15,2025-01-15,2025-01-31,1.4,15,MEDIUM,Completed,16,Normal
ENG2973,AST0309,SEC009,Welding,Misaligned weld,3,MEDIUM,2025-11-05,2025-11-05,2025-11-20,10.4,13,MEDIUM,Scheduled,15,Normal
ENG2974,AST0328,SEC028,Ballast Maintenance,Drainage blockage,2,HIGH,2025-06-25,2025-06-25,2025-07-07,4.4,6,HIGH,Pending,12,Normal
ENG2975,AST0348,SEC048,Track Alignment,Lateral misalignment,2,HIGH,2025-11-15,2025-11-17,2025-11-26,1.8,9,HIGH,Pending,9,Normal
ENG2976,AST0195,SEC045,Turnout Maintenance,Check rail gap,3,MEDIUM,2025-08-19,2025-08-22,2025-09-05,3.9,13,MEDIUM,Completed,14,Normal
ENG2977,AST0080,SEC005,Welding,Weld depression,2,HIGH,2025-02-03,2025-02-03,2025-02-14,2.6,7,HIGH,Completed,11,Normal
ENG2978,AST0355,SEC055,Ballast Maintenance,Fouled ballast,4,LOW,2025-11-16,2025-11-17,2025-12-13,3.9,15,LOW,In Progress,26,Normal
ENG2979,AST0129,SEC054,Welding,Weld crack,2,HIGH,2025-08-10,2025-08-13,2025-08-25,10.3,6,HIGH,Completed,12,Normal
ENG2980,AST0180,SEC030,Sleeper Replacement,Broken concrete sleeper,4,LOW,2025-09-16,2025-09-16,2025-10-12,11.3,4,LOW,In Progress,26,Normal
ENG2981,AST0155,SEC005,Welding,Thermit weld defect,5,LOW,2025-06-20,2025-06-23,2025-08-22,6.9,14,LOW,In Progress,60,Low
ENG2982,AST0375,SEC075,Rail Replacement,Broken rail,4,LOW,2025-09-08,2025-09-08,2025-10-13,9.9,6,LOW,Scheduled,35,Low
ENG2983,AST0091,SEC016,Welding,Misaligned weld,4,LOW,2025-09-25,2025-09-25,2025-10-25,6.0,8,LOW,Completed,30,Normal
ENG2984,AST0167,SEC017,Welding,Thermit weld defect,1,CRITICAL,2025-02-07,2025-02-10,2025-02-17,6.2,2,HIGH,Cancelled,7,Urgent
ENG2985,AST0395,SEC020,Sleeper Replacement,Missing sleeper,1,CRITICAL,2025-03-10,2025-03-10,2025-03-17,2.0,8,HIGH,In Progress,7,Urgent
ENG2986,AST0252,SEC027,Rail Inspection,Rail crack,3,MEDIUM,2025-04-25,2025-04-25,2025-05-15,4.1,11,MEDIUM,Scheduled,20,Normal
ENG2987,AST0140,SEC065,Rail Replacement,Rail end batter,4,LOW,2025-03-28,2025-03-29,2025-05-28,10.5,13,LOW,Pending,60,Low
ENG2988,AST0188,SEC038,Welding,Weld crack,4,LOW,2025-05-31,2025-06-01,2025-07-26,6.4,12,LOW,Scheduled,55,Low
ENG2989,AST0182,SEC032,Rail Inspection,Corrugation,3,MEDIUM,2025-05-30,2025-05-31,2025-06-20,10.4,8,MEDIUM,Completed,20,Normal
ENG2990,AST0166,SEC016,Sleeper Replacement,Broken concrete sleeper,3,MEDIUM,2025-09-20,2025-09-23,2025-10-18,6.8,13,MEDIUM,Pending,25,Normal
ENG2991,AST0041,SEC041,Turnout Maintenance,Crossing nose defect,2,HIGH,2025-10-11,2025-10-11,2025-10-24,11.8,2,HIGH,Scheduled,13,Normal
ENG2992,AST0258,SEC033,Ballast Maintenance,Insufficient ballast,3,MEDIUM,2025-03-09,2025-03-09,2025-04-04,2.1,14,MEDIUM,Scheduled,26,Normal
ENG2993,AST0164,SEC014,Sleeper Replacement,Decayed wooden sleeper,3,MEDIUM,2025-09-20,2025-09-21,2025-10-10,8.8,15,MEDIUM,Pending,19,Normal
ENG2994,AST0146,SEC071,Turnout Maintenance,Crossing nose defect,5,LOW,2025-07-21,2025-07-23,2025-09-18,3.8,6,LOW,Completed,57,Low
ENG2995,AST0009,SEC009,Turnout Maintenance,Point mechanism fault,3,MEDIUM,2025-01-17,2025-01-20,2025-02-07,4.4,8,MEDIUM,Completed,18,Normal
ENG2996,AST0052,SEC052,Ballast Maintenance,Drainage blockage,3,MEDIUM,2025-04-14,2025-04-16,2025-05-13,7.0,8,MEDIUM,Scheduled,27,Normal
ENG2997,AST0308,SEC008,Rail Replacement,End-post fracture,3,MEDIUM,2025-04-25,2025-04-27,2025-05-24,8.8,5,MEDIUM,Cancelled,27,Normal
ENG2998,AST0020,SEC020,Rail Inspection,Gauge deviation,4,LOW,2025-04-26,2025-04-28,2025-05-30,8.3,14,LOW,Pending,32,Low
ENG2999,AST0332,SEC032,Track Geometry Correction,Gauge irregularity,3,MEDIUM,2025-07-07,2025-07-10,2025-08-09,2.8,4,MEDIUM,In Progress,30,Normal
ENG3000,AST0318,SEC018,Rail Replacement,Broken rail,2,HIGH,2025-03-31,2025-04-03,2025-04-13,1.8,5,HIGH,Cancelled,10,Normal
ENG3001,AST0213,SEC063,Track Geometry Correction,Alignment defect,3,MEDIUM,2025-09-20,2025-09-23,2025-10-07,4.7,12,MEDIUM,Completed,14,Normal
ENG3002,AST0239,SEC014,Track Geometry Correction,Cross-level error,2,HIGH,2025-08-19,2025-08-22,2025-09-05,2.7,8,HIGH,Pending,14,Normal
ENG3003,AST0278,SEC053,Track Geometry Correction,Gauge irregularity,3,MEDIUM,2025-07-10,2025-07-12,2025-07-26,4.0,11,MEDIUM,Scheduled,14,Normal
ENG3004,AST0292,SEC067,Turnout Maintenance,Check rail gap,3,MEDIUM,2025-05-26,2025-05-29,2025-06-18,6.7,12,MEDIUM,Completed,20,Normal
ENG3005,AST0283,SEC058,Sleeper Replacement,Cracked sleeper,3,MEDIUM,2025-06-27,2025-06-30,2025-07-30,1.1,5,MEDIUM,Cancelled,30,Normal
ENG3006,AST0245,SEC020,Track Alignment,Vertical misalignment,4,LOW,2025-06-16,2025-06-19,2025-07-26,7.3,6,LOW,Pending,37,Low
ENG3007,AST0330,SEC030,Rail Replacement,Severely worn rail,5,LOW,2025-09-10,2025-09-12,2025-10-28,2.1,8,LOW,Scheduled,46,Low
ENG3008,AST0012,SEC012,Rail Inspection,Gauge deviation,4,LOW,2025-03-04,2025-03-04,2025-04-17,7.4,3,LOW,Completed,44,Low
ENG3009,AST0061,SEC061,Track Geometry Correction,Gauge irregularity,3,MEDIUM,2025-02-05,2025-02-06,2025-03-07,4.9,6,MEDIUM,Pending,29,Normal
ENG3010,AST0068,SEC068,Rail Inspection,Surface defect,4,LOW,2025-04-15,2025-04-17,2025-06-08,4.6,6,LOW,Completed,52,Low
ENG3011,AST0076,SEC001,Track Geometry Correction,Twist fault,5,LOW,2025-01-15,2025-01-17,2025-02-26,11.5,8,LOW,Completed,40,Low
ENG3012,AST0032,SEC032,Rail Inspection,Surface defect,3,MEDIUM,2025-07-03,2025-07-03,2025-07-21,2.1,14,MEDIUM,Completed,18,Normal
ENG3013,AST0021,SEC021,Rail Inspection,Rail crack,3,MEDIUM,2025-10-18,2025-10-18,2025-11-07,10.6,12,MEDIUM,Scheduled,20,Normal
ENG3014,AST0196,SEC046,Turnout Maintenance,Crossing nose defect,4,LOW,2025-03-19,2025-03-20,2025-05-13,9.5,11,LOW,Scheduled,54,Low
ENG3015,AST0330,SEC030,Track Geometry Correction,Gauge irregularity,1,CRITICAL,2025-10-26,2025-10-29,2025-11-01,1.9,10,HIGH,Completed,3,Urgent
ENG3016,AST0354,SEC054,Track Alignment,Vertical misalignment,3,MEDIUM,2025-12-03,2025-12-06,2025-12-21,10.9,5,MEDIUM,Completed,15,Normal
ENG3017,AST0075,SEC075,Track Alignment,Cant deficiency,3,MEDIUM,2025-03-02,2025-03-05,2025-03-24,5.9,3,MEDIUM,Completed,19,Normal
ENG3018,AST0005,SEC005,Rail Replacement,Rail end batter,3,MEDIUM,2025-02-21,2025-02-22,2025-03-08,9.9,13,MEDIUM,Completed,14,Normal
ENG3019,AST0202,SEC052,Track Alignment,Lateral misalignment,2,HIGH,2025-09-06,2025-09-06,2025-09-13,1.5,15,HIGH,In Progress,7,Urgent
ENG3020,AST0338,SEC038,Turnout Maintenance,Check rail gap,2,HIGH,2025-03-22,2025-03-24,2025-04-04,10.3,15,HIGH,Pending,11,Normal
ENG3021,AST0095,SEC020,Track Geometry Correction,Gauge irregularity,1,CRITICAL,2025-10-19,2025-10-21,2025-10-27,10.0,9,HIGH,Completed,6,Urgent
ENG3022,AST0100,SEC025,Ballast Maintenance,Drainage blockage,3,MEDIUM,2025-06-28,2025-06-30,2025-07-23,9.5,13,MEDIUM,Scheduled,23,Normal
ENG3023,AST0046,SEC046,Turnout Maintenance,Switch tongue wear,3,MEDIUM,2025-09-10,2025-09-12,2025-10-02,6.6,5,MEDIUM,In Progress,20,Normal
ENG3024,AST0212,SEC062,Ballast Maintenance,Drainage blockage,3,MEDIUM,2025-03-05,2025-03-07,2025-04-04,1.6,14,MEDIUM,Completed,28,Normal
ENG3025,AST0398,SEC023,Ballast Maintenance,Insufficient ballast,4,LOW,2025-04-23,2025-04-24,2025-05-29,2.0,4,LOW,Pending,35,Low
ENG3026,AST0273,SEC048,Sleeper Replacement,Missing sleeper,4,LOW,2025-11-01,2025-11-04,2025-12-31,3.3,10,LOW,Pending,57,Low
ENG3027,AST0158,SEC008,Turnout Maintenance,Switch tongue wear,1,CRITICAL,2025-05-18,2025-05-19,2025-05-24,1.3,7,HIGH,Completed,5,Urgent
ENG3028,AST0289,SEC064,Sleeper Replacement,Missing sleeper,2,HIGH,2025-06-13,2025-06-16,2025-06-23,11.5,11,HIGH,Completed,7,Urgent
ENG3029,AST0398,SEC023,Rail Inspection,Corrugation,3,MEDIUM,2025-03-24,2025-03-24,2025-04-14,10.5,8,MEDIUM,Completed,21,Normal
ENG3030,AST0361,SEC061,Rail Inspection,Rail crack,3,MEDIUM,2025-06-21,2025-06-24,2025-07-15,2.8,3,MEDIUM,Pending,21,Normal
ENG3031,AST0220,SEC070,Track Geometry Correction,Gauge irregularity,1,CRITICAL,2025-09-21,2025-09-24,2025-09-27,3.7,10,HIGH,Completed,3,Urgent
ENG3032,AST0230,SEC005,Rail Inspection,Corrugation,4,LOW,2025-03-21,2025-03-21,2025-05-10,8.8,6,LOW,Completed,50,Low
ENG3033,AST0289,SEC064,Turnout Maintenance,Switch tongue wear,3,MEDIUM,2025-10-27,2025-10-27,2025-11-16,5.1,12,MEDIUM,Pending,20,Normal
ENG3034,AST0279,SEC054,Ballast Maintenance,Vegetation growth,1,CRITICAL,2025-12-04,2025-12-07,2025-12-10,11.8,3,HIGH,In Progress,3,Urgent
ENG3035,AST0279,SEC054,Sleeper Replacement,Missing sleeper,2,HIGH,2025-12-05,2025-12-08,2025-12-20,4.6,2,HIGH,Scheduled,12,Normal
ENG3036,AST0330,SEC030,Welding,Weld depression,4,LOW,2025-09-27,2025-09-30,2025-11-15,6.2,5,LOW,Scheduled,46,Low
ENG3037,AST0179,SEC029,Turnout Maintenance,Crossing nose defect,3,MEDIUM,2025-02-17,2025-02-17,2025-03-12,3.2,13,MEDIUM,Scheduled,23,Normal
ENG3038,AST0355,SEC055,Rail Inspection,Rail crack,2,HIGH,2025-06-02,2025-06-04,2025-06-17,2.2,3,HIGH,Completed,13,Normal
ENG3039,AST0239,SEC014,Welding,Weld crack,2,HIGH,2025-10-11,2025-10-14,2025-10-23,11.6,14,HIGH,Completed,9,Normal
ENG3040,AST0166,SEC016,Rail Replacement,Rail end batter,2,HIGH,2025-05-25,2025-05-28,2025-06-11,2.9,15,HIGH,Pending,14,Normal
ENG3041,AST0335,SEC035,Welding,Weld crack,4,LOW,2025-07-02,2025-07-04,2025-08-19,10.5,7,LOW,Cancelled,46,Low
ENG3042,AST0307,SEC007,Rail Inspection,Worn rail head,4,LOW,2025-09-21,2025-09-21,2025-11-07,7.3,13,LOW,Scheduled,47,Low
ENG3043,AST0217,SEC067,Turnout Maintenance,Check rail gap,3,MEDIUM,2025-09-11,2025-09-14,2025-10-12,6.6,14,MEDIUM,Pending,28,Normal
ENG3044,AST0123,SEC048,Ballast Maintenance,Fouled ballast,4,LOW,2025-10-31,2025-11-01,2025-12-16,3.1,8,LOW,Pending,45,Low
ENG3045,AST0165,SEC015,Track Geometry Correction,Gauge irregularity,3,MEDIUM,2025-08-18,2025-08-21,2025-09-14,9.4,11,MEDIUM,Completed,24,Normal
ENG3046,AST0157,SEC007,Welding,Weld depression,3,MEDIUM,2025-04-19,2025-04-19,2025-05-19,8.7,7,MEDIUM,Pending,30,Normal
ENG3047,AST0369,SEC069,Track Alignment,Vertical misalignment,3,MEDIUM,2025-05-10,2025-05-13,2025-06-10,8.1,7,MEDIUM,Scheduled,28,Normal
ENG3048,AST0383,SEC008,Sleeper Replacement,Decayed wooden sleeper,4,LOW,2025-11-21,2025-11-23,2026-01-16,3.8,11,LOW,Scheduled,54,Low
ENG3049,AST0096,SEC021,Rail Inspection,Surface defect,2,HIGH,2025-07-10,2025-07-12,2025-07-26,3.1,13,HIGH,Scheduled,14,Normal
ENG3050,AST0038,SEC038,Track Geometry Correction,Alignment defect,3,MEDIUM,2025-06-28,2025-06-30,2025-07-14,1.6,7,MEDIUM,Cancelled,14,Normal
ENG3051,AST0166,SEC016,Track Geometry Correction,Cross-level error,1,CRITICAL,2025-10-28,2025-10-31,2025-11-07,4.1,5,HIGH,Completed,7,Urgent
ENG3052,AST0078,SEC003,Sleeper Replacement,Decayed wooden sleeper,4,LOW,2025-02-26,2025-02-27,2025-04-14,7.4,13,LOW,In Progress,46,Low
ENG3053,AST0156,SEC006,Ballast Maintenance,Insufficient ballast,5,LOW,2025-03-03,2025-03-04,2025-05-25,1.7,9,LOW,Cancelled,82,Low
ENG3054,AST0387,SEC012,Track Alignment,Vertical misalignment,3,MEDIUM,2025-09-27,2025-09-29,2025-10-24,2.7,3,MEDIUM,Pending,25,Normal
ENG3055,AST0065,SEC065,Sleeper Replacement,Missing sleeper,3,MEDIUM,2025-11-29,2025-11-29,2025-12-19,6.0,7,MEDIUM,Cancelled,20,Normal
ENG3056,AST0020,SEC020,Ballast Maintenance,Fouled ballast,3,MEDIUM,2025-09-02,2025-09-03,2025-09-20,7.0,4,MEDIUM,Scheduled,17,Normal
ENG3057,AST0105,SEC030,Track Geometry Correction,Gauge irregularity,2,HIGH,2025-05-10,2025-05-13,2025-05-25,4.5,14,HIGH,Scheduled,12,Normal
ENG3058,AST0174,SEC024,Rail Replacement,Severely worn rail,3,MEDIUM,2025-11-04,2025-11-06,2025-11-27,2.2,11,MEDIUM,Completed,21,Normal
ENG3059,AST0010,SEC010,Rail Inspection,Gauge deviation,3,MEDIUM,2025-09-02,2025-09-03,2025-10-01,3.3,3,MEDIUM,Completed,28,Normal
ENG3060,AST0008,SEC008,Rail Replacement,End-post fracture,1,CRITICAL,2025-05-05,2025-05-08,2025-05-14,11.7,6,HIGH,Completed,6,Urgent
ENG3061,AST0016,SEC016,Rail Inspection,Rail crack,3,MEDIUM,2025-01-23,2025-01-23,2025-02-19,4.5,9,MEDIUM,Completed,27,Normal
ENG3062,AST0371,SEC071,Ballast Maintenance,Drainage blockage,4,LOW,2025-01-07,2025-01-10,2025-02-20,8.8,12,LOW,In Progress,41,Low
ENG3063,AST0262,SEC037,Track Geometry Correction,Gauge irregularity,5,LOW,2025-09-23,2025-09-24,2025-11-06,1.1,11,LOW,Pending,43,Low
ENG3064,AST0082,SEC007,Turnout Maintenance,Point mechanism fault,4,LOW,2025-07-16,2025-07-18,2025-09-14,8.2,2,LOW,Completed,58,Low
ENG3065,AST0262,SEC037,Turnout Maintenance,Check rail gap,4,LOW,2025-08-03,2025-08-05,2025-09-26,4.3,4,LOW,Cancelled,52,Low
ENG3066,AST0010,SEC010,Ballast Maintenance,Drainage blockage,3,MEDIUM,2025-11-09,2025-11-10,2025-12-02,3.0,5,MEDIUM,In Progress,22,Normal
ENG3067,AST0342,SEC042,Track Alignment,Buckling risk,5,LOW,2025-06-10,2025-06-12,2025-08-07,9.3,15,LOW,Scheduled,56,Low
ENG3068,AST0313,SEC013,Track Alignment,Buckling risk,3,MEDIUM,2025-10-22,2025-10-25,2025-11-16,3.1,4,MEDIUM,Pending,22,Normal
ENG3069,AST0275,SEC050,Rail Replacement,Broken rail,2,HIGH,2025-03-12,2025-03-13,2025-03-26,10.6,5,HIGH,Pending,13,Normal
ENG3070,AST0138,SEC063,Ballast Maintenance,Fouled ballast,2,HIGH,2025-02-08,2025-02-11,2025-02-21,5.2,5,HIGH,In Progress,10,Normal
ENG3071,AST0356,SEC056,Sleeper Replacement,Missing sleeper,3,MEDIUM,2025-01-29,2025-01-31,2025-02-14,3.3,7,MEDIUM,Pending,14,Normal
ENG3072,AST0222,SEC072,Track Geometry Correction,Gauge irregularity,4,LOW,2025-07-14,2025-07-14,2025-08-08,11.2,9,LOW,Completed,25,Normal
ENG3073,AST0280,SEC055,Track Alignment,Buckling risk,3,MEDIUM,2025-02-12,2025-02-13,2025-03-07,8.4,15,MEDIUM,Cancelled,22,Normal
ENG3074,AST0365,SEC065,Sleeper Replacement,Broken concrete sleeper,5,LOW,2025-11-20,2025-11-21,2026-01-08,1.7,5,LOW,In Progress,48,Low
ENG3075,AST0137,SEC062,Turnout Maintenance,Crossing nose defect,3,MEDIUM,2025-02-10,2025-02-13,2025-03-03,9.4,4,MEDIUM,Pending,18,Normal
ENG3076,AST0361,SEC061,Rail Inspection,Corrugation,2,HIGH,2025-01-08,2025-01-09,2025-01-21,8.4,10,HIGH,Scheduled,12,Normal
ENG3077,AST0169,SEC019,Turnout Maintenance,Point mechanism fault,5,LOW,2025-04-20,2025-04-20,2025-06-27,4.3,13,LOW,Scheduled,68,Low
ENG3078,AST0058,SEC058,Rail Replacement,Rail end batter,4,LOW,2025-07-17,2025-07-19,2025-09-15,1.4,12,LOW,Cancelled,58,Low
ENG3079,AST0268,SEC043,Track Alignment,Cant deficiency,3,MEDIUM,2025-10-09,2025-10-09,2025-10-25,11.5,11,MEDIUM,Scheduled,16,Normal
ENG3080,AST0090,SEC015,Track Geometry Correction,Gauge irregularity,2,HIGH,2025-08-11,2025-08-12,2025-08-23,5.9,9,HIGH,Pending,11,Normal
ENG3081,AST0146,SEC071,Turnout Maintenance,Switch tongue wear,4,LOW,2025-11-12,2025-11-13,2025-12-24,8.3,14,LOW,Scheduled,41,Low
ENG3082,AST0045,SEC045,Sleeper Replacement,Missing sleeper,4,LOW,2025-04-18,2025-04-21,2025-05-19,5.8,7,LOW,Completed,28,Normal
ENG3083,AST0026,SEC026,Track Geometry Correction,Gauge irregularity,3,MEDIUM,2025-01-10,2025-01-13,2025-02-02,10.3,13,MEDIUM,Scheduled,20,Normal
ENG3084,AST0208,SEC058,Sleeper Replacement,Broken concrete sleeper,2,HIGH,2025-06-18,2025-06-21,2025-07-03,2.2,13,HIGH,In Progress,12,Normal
ENG3085,AST0293,SEC068,Track Geometry Correction,Cross-level error,2,HIGH,2025-08-02,2025-08-05,2025-08-14,6.3,6,HIGH,Pending,9,Normal
ENG3086,AST0242,SEC017,Track Alignment,Vertical misalignment,3,MEDIUM,2025-09-30,2025-10-02,2025-10-16,7.2,13,MEDIUM,Scheduled,14,Normal
ENG3087,AST0156,SEC006,Turnout Maintenance,Check rail gap,1,CRITICAL,2025-12-08,2025-12-11,2025-12-16,3.4,2,HIGH,Completed,5,Urgent
ENG3088,AST0151,SEC001,Ballast Maintenance,Insufficient ballast,4,LOW,2025-03-09,2025-03-11,2025-04-23,2.9,10,LOW,Completed,43,Low
ENG3089,AST0212,SEC062,Turnout Maintenance,Crossing nose defect,5,LOW,2025-04-21,2025-04-21,2025-07-16,7.1,9,LOW,Completed,86,Low
ENG3090,AST0131,SEC056,Track Alignment,Cant deficiency,3,MEDIUM,2025-08-30,2025-09-02,2025-09-22,7.8,10,MEDIUM,Pending,20,Normal
ENG3091,AST0172,SEC022,Track Alignment,Lateral misalignment,1,CRITICAL,2025-04-15,2025-04-15,2025-04-22,11.5,10,HIGH,Completed,7,Urgent
ENG3092,AST0099,SEC024,Welding,Misaligned weld,3,MEDIUM,2025-01-27,2025-01-28,2025-02-27,1.5,10,MEDIUM,Scheduled,30,Normal
ENG3093,AST0274,SEC049,Sleeper Replacement,Decayed wooden sleeper,4,LOW,2025-10-26,2025-10-28,2025-12-23,5.5,15,LOW,Completed,56,Low
ENG3094,AST0236,SEC011,Ballast Maintenance,Vegetation growth,3,MEDIUM,2025-07-27,2025-07-27,2025-08-17,9.3,11,MEDIUM,Completed,21,Normal
ENG3095,AST0230,SEC005,Ballast Maintenance,Drainage blockage,3,MEDIUM,2025-04-05,2025-04-05,2025-05-01,3.4,6,MEDIUM,Scheduled,26,Normal
ENG3096,AST0088,SEC013,Track Alignment,Vertical misalignment,1,CRITICAL,2025-02-22,2025-02-22,2025-02-27,3.4,3,HIGH,Completed,5,Urgent
ENG3097,AST0014,SEC014,Rail Replacement,Broken rail,2,HIGH,2025-06-15,2025-06-18,2025-06-27,6.8,12,HIGH,In Progress,9,Normal
ENG3098,AST0048,SEC048,Turnout Maintenance,Check rail gap,3,MEDIUM,2025-03-12,2025-03-15,2025-04-08,5.8,12,MEDIUM,In Progress,24,Normal
ENG3099,AST0112,SEC037,Turnout Maintenance,Crossing nose defect,2,HIGH,2025-04-21,2025-04-24,2025-05-08,2.9,8,HIGH,Pending,14,Normal
ENG3100,AST0100,SEC025,Sleeper Replacement,Broken concrete sleeper,4,LOW,2025-01-03,2025-01-06,2025-02-13,6.3,12,LOW,Scheduled,38,Low
ENG3101,AST0118,SEC043,Turnout Maintenance,Crossing nose defect,4,LOW,2025-05-18,2025-05-18,2025-07-09,11.1,6,LOW,Scheduled,52,Low
ENG3102,AST0058,SEC058,Ballast Maintenance,Fouled ballast,3,MEDIUM,2025-03-15,2025-03-17,2025-04-11,8.7,6,MEDIUM,Completed,25,Normal
ENG3103,AST0209,SEC059,Track Geometry Correction,Cross-level error,5,LOW,2025-11-09,2025-11-10,2026-01-28,1.5,15,LOW,Scheduled,79,Low
ENG3104,AST0102,SEC027,Turnout Maintenance,Point mechanism fault,1,CRITICAL,2025-06-01,2025-06-01,2025-06-04,7.2,6,HIGH,Cancelled,3,Urgent
ENG3105,AST0150,SEC075,Sleeper Replacement,Broken concrete sleeper,2,HIGH,2025-02-26,2025-02-27,2025-03-13,6.0,5,HIGH,Pending,14,Normal
ENG3106,AST0190,SEC040,Rail Replacement,Severely worn rail,4,LOW,2025-06-19,2025-06-22,2025-08-02,9.9,13,LOW,Completed,41,Low
ENG3107,AST0365,SEC065,Turnout Maintenance,Point mechanism fault,5,LOW,2025-08-29,2025-09-01,2025-11-16,3.3,10,LOW,Scheduled,76,Low
ENG3108,AST0091,SEC016,Turnout Maintenance,Switch tongue wear,3,MEDIUM,2025-08-12,2025-08-12,2025-09-02,10.2,9,MEDIUM,In Progress,21,Normal
ENG3109,AST0159,SEC009,Track Geometry Correction,Gauge irregularity,3,MEDIUM,2025-11-10,2025-11-10,2025-12-10,2.9,9,MEDIUM,Pending,30,Normal
ENG3110,AST0192,SEC042,Welding,Thermit weld defect,4,LOW,2025-06-25,2025-06-26,2025-08-08,3.3,5,LOW,Completed,43,Low
ENG3111,AST0345,SEC045,Track Geometry Correction,Alignment defect,1,CRITICAL,2025-08-11,2025-08-11,2025-08-14,7.6,8,HIGH,Pending,3,Urgent
ENG3112,AST0338,SEC038,Turnout Maintenance,Crossing nose defect,4,LOW,2025-06-07,2025-06-07,2025-07-28,11.3,4,LOW,Completed,51,Low
ENG3113,AST0316,SEC016,Ballast Maintenance,Drainage blockage,2,HIGH,2025-04-26,2025-04-26,2025-05-04,5.4,8,HIGH,Pending,8,Normal
ENG3114,AST0321,SEC021,Rail Replacement,Rail end batter,1,CRITICAL,2025-12-20,2025-12-20,2025-12-27,2.6,4,HIGH,Completed,7,Urgent
ENG3115,AST0211,SEC061,Rail Replacement,Rail end batter,2,HIGH,2025-03-20,2025-03-20,2025-04-03,10.1,6,HIGH,Pending,14,Normal
ENG3116,AST0353,SEC053,Rail Inspection,Gauge deviation,1,CRITICAL,2025-09-25,2025-09-27,2025-10-04,6.1,9,HIGH,Scheduled,7,Urgent
ENG3117,AST0398,SEC023,Ballast Maintenance,Drainage blockage,1,CRITICAL,2025-10-14,2025-10-17,2025-10-21,11.5,2,HIGH,Pending,4,Urgent
ENG3118,AST0279,SEC054,Track Geometry Correction,Cross-level error,1,CRITICAL,2025-04-27,2025-04-28,2025-05-02,8.9,9,HIGH,Pending,4,Urgent
ENG3119,AST0387,SEC012,Track Geometry Correction,Alignment defect,2,HIGH,2025-11-26,2025-11-29,2025-12-10,7.3,5,HIGH,Pending,11,Normal
ENG3120,AST0166,SEC016,Turnout Maintenance,Crossing nose defect,4,LOW,2025-03-18,2025-03-20,2025-04-21,2.4,9,LOW,Completed,32,Low
ENG3121,AST0381,SEC006,Ballast Maintenance,Insufficient ballast,4,LOW,2025-12-02,2025-12-05,2026-01-31,3.9,10,LOW,Cancelled,57,Low
ENG3122,AST0253,SEC028,Rail Replacement,Rail end batter,3,MEDIUM,2025-12-17,2025-12-20,2026-01-05,4.1,7,MEDIUM,Scheduled,16,Normal
ENG3123,AST0232,SEC007,Rail Replacement,Rail end batter,4,LOW,2025-06-09,2025-06-11,2025-07-11,2.0,2,LOW,Completed,30,Normal
ENG3124,AST0071,SEC071,Ballast Maintenance,Insufficient ballast,5,LOW,2025-07-15,2025-07-18,2025-09-18,8.7,9,LOW,Completed,62,Low
ENG3125,AST0171,SEC021,Rail Replacement,Rail end batter,2,HIGH,2025-06-27,2025-06-28,2025-07-06,1.8,9,HIGH,Cancelled,8,Normal
ENG3126,AST0159,SEC009,Track Alignment,Lateral misalignment,1,CRITICAL,2025-08-10,2025-08-12,2025-08-17,2.6,2,HIGH,Completed,5,Urgent
ENG3127,AST0344,SEC044,Rail Inspection,Rail crack,2,HIGH,2025-08-15,2025-08-18,2025-08-28,6.3,13,HIGH,Completed,10,Normal
ENG3128,AST0270,SEC045,Rail Replacement,End-post fracture,4,LOW,2025-09-04,2025-09-04,2025-10-23,11.1,2,LOW,Completed,49,Low
ENG3129,AST0059,SEC059,Ballast Maintenance,Drainage blockage,3,MEDIUM,2025-07-16,2025-07-18,2025-08-15,1.5,11,MEDIUM,Pending,28,Normal
ENG3130,AST0227,SEC002,Rail Inspection,Gauge deviation,5,LOW,2025-07-03,2025-07-03,2025-09-15,8.5,2,LOW,Completed,74,Low
ENG3131,AST0204,SEC054,Sleeper Replacement,Cracked sleeper,2,HIGH,2025-01-01,2025-01-04,2025-01-14,7.4,12,HIGH,In Progress,10,Normal
ENG3132,AST0187,SEC037,Turnout Maintenance,Check rail gap,5,LOW,2025-09-23,2025-09-24,2025-12-04,11.3,12,LOW,Completed,71,Low
ENG3133,AST0197,SEC047,Welding,Misaligned weld,2,HIGH,2024-12-31,2025-01-02,2025-01-11,3.5,4,HIGH,In Progress,9,Normal
ENG3134,AST0117,SEC042,Rail Inspection,Surface defect,4,LOW,2025-08-29,2025-09-01,2025-10-03,9.0,3,LOW,Pending,32,Low
ENG3135,AST0081,SEC006,Rail Inspection,Worn rail head,3,MEDIUM,2025-01-02,2025-01-05,2025-02-01,5.1,4,MEDIUM,Scheduled,27,Normal
ENG3136,AST0050,SEC050,Sleeper Replacement,Cracked sleeper,5,LOW,2025-09-25,2025-09-27,2025-12-19,1.2,10,LOW,Scheduled,83,Low
ENG3137,AST0010,SEC010,Ballast Maintenance,Fouled ballast,3,MEDIUM,2025-06-07,2025-06-10,2025-07-07,8.9,14,MEDIUM,Scheduled,27,Normal
ENG3138,AST0381,SEC006,Ballast Maintenance,Vegetation growth,2,HIGH,2025-11-03,2025-11-03,2025-11-14,4.4,7,HIGH,In Progress,11,Normal
ENG3139,AST0295,SEC070,Sleeper Replacement,Missing sleeper,4,LOW,2025-09-30,2025-10-02,2025-11-09,10.7,12,LOW,Pending,38,Low
ENG3140,AST0174,SEC024,Rail Inspection,Surface defect,3,MEDIUM,2025-09-18,2025-09-20,2025-10-15,10.5,14,MEDIUM,Pending,25,Normal
ENG3141,AST0333,SEC033,Track Geometry Correction,Cross-level error,3,MEDIUM,2025-03-29,2025-04-01,2025-04-25,11.3,5,MEDIUM,Pending,24,Normal
ENG3142,AST0084,SEC009,Sleeper Replacement,Broken concrete sleeper,2,HIGH,2025-11-16,2025-11-19,2025-12-04,8.2,3,HIGH,Completed,15,Normal
ENG3143,AST0166,SEC016,Turnout Maintenance,Switch tongue wear,2,HIGH,2025-08-11,2025-08-11,2025-08-20,11.7,3,HIGH,Pending,9,Normal
ENG3144,AST0359,SEC059,Rail Replacement,Broken rail,4,LOW,2025-01-21,2025-01-24,2025-03-08,7.1,5,LOW,Completed,43,Low
ENG3145,AST0109,SEC034,Rail Inspection,Worn rail head,4,LOW,2025-06-19,2025-06-21,2025-07-17,2.3,2,LOW,Completed,26,Normal
ENG3146,AST0121,SEC046,Turnout Maintenance,Switch tongue wear,3,MEDIUM,2025-05-13,2025-05-14,2025-06-04,3.5,2,MEDIUM,Pending,21,Normal
ENG3147,AST0366,SEC066,Turnout Maintenance,Crossing nose defect,3,MEDIUM,2025-01-17,2025-01-18,2025-02-14,5.6,12,MEDIUM,Pending,27,Normal
ENG3148,AST0365,SEC065,Track Alignment,Vertical misalignment,2,HIGH,2025-05-20,2025-05-22,2025-06-06,2.5,13,HIGH,Completed,15,Normal
ENG3149,AST0063,SEC063,Track Alignment,Buckling risk,3,MEDIUM,2025-08-25,2025-08-26,2025-09-17,10.8,6,MEDIUM,Cancelled,22,Normal
ENG3150,AST0299,SEC074,Sleeper Replacement,Decayed wooden sleeper,3,MEDIUM,2025-03-15,2025-03-16,2025-03-30,1.2,9,MEDIUM,Pending,14,Normal
ENG3151,AST0074,SEC074,Sleeper Replacement,Cracked sleeper,3,MEDIUM,2025-10-18,2025-10-20,2025-11-15,11.2,10,MEDIUM,In Progress,26,Normal
ENG3152,AST0353,SEC053,Turnout Maintenance,Point mechanism fault,3,MEDIUM,2025-01-09,2025-01-11,2025-02-08,7.3,14,MEDIUM,Cancelled,28,Normal
ENG3153,AST0067,SEC067,Rail Replacement,Severely worn rail,3,MEDIUM,2025-01-02,2025-01-02,2025-01-19,9.9,15,MEDIUM,Completed,17,Normal
ENG3154,AST0133,SEC058,Turnout Maintenance,Check rail gap,2,HIGH,2025-05-15,2025-05-15,2025-05-24,7.0,12,HIGH,Scheduled,9,Normal
ENG3155,AST0373,SEC073,Rail Inspection,Worn rail head,4,LOW,2025-08-08,2025-08-10,2025-09-11,10.2,13,LOW,Pending,32,Low
ENG3156,AST0008,SEC008,Turnout Maintenance,Switch tongue wear,4,LOW,2025-12-06,2025-12-06,2026-01-04,4.1,10,LOW,Scheduled,29,Normal
ENG3157,AST0394,SEC019,Track Alignment,Buckling risk,4,LOW,2025-11-02,2025-11-05,2025-12-05,4.0,5,LOW,Completed,30,Normal
ENG3158,AST0042,SEC042,Track Alignment,Buckling risk,3,MEDIUM,2025-07-15,2025-07-18,2025-08-08,10.8,4,MEDIUM,Completed,21,Normal
ENG3159,AST0072,SEC072,Sleeper Replacement,Cracked sleeper,1,CRITICAL,2025-04-06,2025-04-09,2025-04-12,4.0,14,HIGH,Pending,3,Urgent
ENG3160,AST0228,SEC003,Ballast Maintenance,Vegetation growth,5,LOW,2025-05-03,2025-05-06,2025-08-03,8.5,13,LOW,Pending,89,Low
ENG3161,AST0055,SEC055,Rail Replacement,Severely worn rail,3,MEDIUM,2025-02-25,2025-02-25,2025-03-12,11.2,14,MEDIUM,Pending,15,Normal
ENG3162,AST0308,SEC008,Track Alignment,Vertical misalignment,2,HIGH,2025-11-09,2025-11-09,2025-11-24,11.2,3,HIGH,Pending,15,Normal
ENG3163,AST0045,SEC045,Welding,Misaligned weld,4,LOW,2025-04-25,2025-04-25,2025-06-09,2.0,13,LOW,Pending,45,Low
ENG3164,AST0344,SEC044,Rail Inspection,Surface defect,3,MEDIUM,2025-01-29,2025-01-30,2025-02-13,11.6,14,MEDIUM,In Progress,14,Normal
ENG3165,AST0252,SEC027,Sleeper Replacement,Decayed wooden sleeper,2,HIGH,2025-07-14,2025-07-16,2025-07-26,2.3,13,HIGH,Completed,10,Normal
ENG3166,AST0361,SEC061,Ballast Maintenance,Insufficient ballast,2,HIGH,2025-08-11,2025-08-13,2025-08-24,2.1,3,HIGH,Completed,11,Normal
ENG3167,AST0386,SEC011,Track Alignment,Cant deficiency,2,HIGH,2025-12-19,2025-12-20,2026-01-03,1.4,12,HIGH,Completed,14,Normal
ENG3168,AST0108,SEC033,Track Alignment,Vertical misalignment,4,LOW,2025-03-29,2025-04-01,2025-05-17,5.1,9,LOW,Cancelled,46,Low
ENG3169,AST0156,SEC006,Rail Inspection,Surface defect,3,MEDIUM,2025-10-23,2025-10-23,2025-11-14,2.2,10,MEDIUM,Completed,22,Normal
ENG3170,AST0066,SEC066,Track Geometry Correction,Alignment defect,2,HIGH,2025-01-12,2025-01-15,2025-01-22,3.7,15,HIGH,Completed,7,Urgent
ENG3171,AST0083,SEC008,Rail Replacement,Broken rail,4,LOW,2025-02-20,2025-02-20,2025-03-19,1.2,14,LOW,Pending,27,Normal
ENG3172,AST0152,SEC002,Rail Replacement,Broken rail,3,MEDIUM,2025-04-20,2025-04-23,2025-05-11,9.2,7,MEDIUM,Completed,18,Normal
ENG3173,AST0230,SEC005,Rail Replacement,Severely worn rail,2,HIGH,2025-01-14,2025-01-16,2025-01-26,11.3,2,HIGH,Pending,10,Normal
ENG3174,AST0095,SEC020,Rail Inspection,Corrugation,3,MEDIUM,2025-10-03,2025-10-05,2025-10-26,6.5,7,MEDIUM,Scheduled,21,Normal
ENG3175,AST0368,SEC068,Rail Inspection,Surface defect,2,HIGH,2025-06-13,2025-06-14,2025-06-24,6.5,10,HIGH,In Progress,10,Normal
ENG3176,AST0079,SEC004,Rail Replacement,End-post fracture,2,HIGH,2025-12-14,2025-12-17,2025-12-28,11.3,10,HIGH,Cancelled,11,Normal
ENG3177,AST0216,SEC066,Turnout Maintenance,Point mechanism fault,2,HIGH,2025-06-14,2025-06-17,2025-06-28,5.5,13,HIGH,Scheduled,11,Normal
ENG3178,AST0230,SEC005,Track Alignment,Buckling risk,5,LOW,2025-03-02,2025-03-02,2025-05-30,7.7,6,LOW,Completed,89,Low
ENG3179,AST0297,SEC072,Track Alignment,Vertical misalignment,5,LOW,2024-12-31,2025-01-01,2025-03-01,8.7,10,LOW,Pending,59,Low
ENG3180,AST0311,SEC011,Rail Replacement,Broken rail,5,LOW,2025-02-21,2025-02-21,2025-04-19,3.1,12,LOW,Scheduled,57,Low
ENG3181,AST0255,SEC030,Track Geometry Correction,Alignment defect,4,LOW,2025-04-24,2025-04-25,2025-06-03,1.2,12,LOW,Pending,39,Low
ENG3182,AST0041,SEC041,Rail Inspection,Worn rail head,5,LOW,2025-10-07,2025-10-07,2025-12-28,2.5,12,LOW,Cancelled,82,Low
ENG3183,AST0259,SEC034,Track Alignment,Buckling risk,1,CRITICAL,2025-10-12,2025-10-14,2025-10-20,2.5,4,HIGH,Pending,6,Urgent
ENG3184,AST0301,SEC001,Sleeper Replacement,Decayed wooden sleeper,2,HIGH,2025-12-10,2025-12-11,2025-12-24,11.4,5,HIGH,Scheduled,13,Normal
ENG3185,AST0353,SEC053,Track Geometry Correction,Gauge irregularity,2,HIGH,2025-04-06,2025-04-09,2025-04-21,11.3,5,HIGH,In Progress,12,Normal
ENG3186,AST0208,SEC058,Welding,Weld crack,4,LOW,2025-04-08,2025-04-08,2025-05-12,5.6,9,LOW,Pending,34,Low
ENG3187,AST0046,SEC046,Ballast Maintenance,Fouled ballast,3,MEDIUM,2025-11-16,2025-11-18,2025-12-04,10.3,13,MEDIUM,Pending,16,Normal
ENG3188,AST0206,SEC056,Turnout Maintenance,Crossing nose defect,3,MEDIUM,2025-08-26,2025-08-28,2025-09-12,11.3,15,MEDIUM,Cancelled,15,Normal
ENG3189,AST0011,SEC011,Track Alignment,Vertical misalignment,4,LOW,2025-11-02,2025-11-05,2025-12-01,5.1,12,LOW,Scheduled,26,Normal
ENG3190,AST0275,SEC050,Track Alignment,Vertical misalignment,4,LOW,2025-06-30,2025-07-01,2025-08-12,1.8,7,LOW,Completed,42,Low
ENG3191,AST0078,SEC003,Sleeper Replacement,Missing sleeper,3,MEDIUM,2025-09-24,2025-09-25,2025-10-16,7.0,5,MEDIUM,In Progress,21,Normal
ENG3192,AST0376,SEC001,Rail Inspection,Surface defect,3,MEDIUM,2025-09-18,2025-09-20,2025-10-10,8.4,11,MEDIUM,Pending,20,Normal
ENG3193,AST0009,SEC009,Ballast Maintenance,Drainage blockage,3,MEDIUM,2025-05-11,2025-05-12,2025-06-03,10.3,10,MEDIUM,In Progress,22,Normal
ENG3194,AST0018,SEC018,Sleeper Replacement,Broken concrete sleeper,3,MEDIUM,2025-11-05,2025-11-07,2025-12-05,4.1,12,MEDIUM,In Progress,28,Normal
ENG3195,AST0389,SEC014,Turnout Maintenance,Crossing nose defect,4,LOW,2025-03-31,2025-03-31,2025-04-29,8.7,2,LOW,Pending,29,Normal
ENG3196,AST0039,SEC039,Welding,Weld depression,4,LOW,2025-03-20,2025-03-21,2025-05-19,3.1,2,LOW,Scheduled,59,Low
ENG3197,AST0221,SEC071,Sleeper Replacement,Missing sleeper,4,LOW,2025-04-21,2025-04-22,2025-05-18,7.2,10,LOW,Scheduled,26,Normal
ENG3198,AST0349,SEC049,Rail Replacement,Broken rail,4,LOW,2025-08-03,2025-08-05,2025-09-24,11.2,13,LOW,Completed,50,Low
ENG3199,AST0265,SEC040,Rail Inspection,Gauge deviation,2,HIGH,2025-11-03,2025-11-03,2025-11-11,3.2,5,HIGH,Pending,8,Normal
ENG3200,AST0091,SEC016,Rail Replacement,Rail end batter,1,CRITICAL,2025-06-22,2025-06-22,2025-06-28,7.2,10,HIGH,Completed,6,Urgent
ENG3201,AST0365,SEC065,Track Alignment,Cant deficiency,1,CRITICAL,2025-06-08,2025-06-11,2025-06-16,3.6,12,HIGH,Completed,5,Urgent
ENG3202,AST0151,SEC001,Ballast Maintenance,Drainage blockage,3,MEDIUM,2025-01-07,2025-01-07,2025-01-27,3.3,14,MEDIUM,Scheduled,20,Normal
ENG3203,AST0313,SEC013,Ballast Maintenance,Fouled ballast,3,MEDIUM,2025-02-10,2025-02-11,2025-03-06,5.8,12,MEDIUM,Completed,23,Normal
ENG3204,AST0105,SEC030,Track Geometry Correction,Cross-level error,3,MEDIUM,2025-03-28,2025-03-31,2025-04-25,1.4,7,MEDIUM,Scheduled,25,Normal
ENG3205,AST0256,SEC031,Rail Replacement,End-post fracture,5,LOW,2025-04-29,2025-04-29,2025-07-10,6.6,10,LOW,Pending,72,Low
ENG3206,AST0376,SEC001,Rail Inspection,Rail crack,4,LOW,2025-07-16,2025-07-18,2025-09-14,3.2,9,LOW,Completed,58,Low
ENG3207,AST0206,SEC056,Welding,Weld crack,1,CRITICAL,2025-06-06,2025-06-09,2025-06-12,1.9,3,HIGH,In Progress,3,Urgent
ENG3208,AST0109,SEC034,Welding,Weld crack,4,LOW,2025-10-27,2025-10-28,2025-12-13,8.1,6,LOW,Completed,46,Low
ENG3209,AST0365,SEC065,Rail Inspection,Gauge deviation,3,MEDIUM,2025-01-30,2025-01-31,2025-02-14,4.6,5,MEDIUM,Scheduled,14,Normal
ENG3210,AST0300,SEC075,Welding,Weld crack,1,CRITICAL,2025-05-17,2025-05-19,2025-05-26,3.3,15,HIGH,In Progress,7,Urgent
ENG3211,AST0020,SEC020,Rail Replacement,Severely worn rail,2,HIGH,2025-04-02,2025-04-05,2025-04-12,8.3,12,HIGH,Pending,7,Urgent
ENG3212,AST0358,SEC058,Ballast Maintenance,Insufficient ballast,1,CRITICAL,2025-08-10,2025-08-10,2025-08-13,11.7,2,HIGH,Completed,3,Urgent
ENG3213,AST0014,SEC014,Track Geometry Correction,Alignment defect,3,MEDIUM,2025-12-13,2025-12-14,2026-01-06,2.7,10,MEDIUM,Completed,23,Normal
ENG3214,AST0130,SEC055,Welding,Weld depression,1,CRITICAL,2025-11-27,2025-11-28,2025-12-01,1.6,5,HIGH,Pending,3,Urgent
ENG3215,AST0348,SEC048,Sleeper Replacement,Missing sleeper,3,MEDIUM,2025-03-17,2025-03-19,2025-04-09,10.7,9,MEDIUM,Pending,21,Normal
ENG3216,AST0149,SEC074,Turnout Maintenance,Switch tongue wear,2,HIGH,2025-02-26,2025-02-26,2025-03-09,3.9,12,HIGH,Cancelled,11,Normal
ENG3217,AST0317,SEC017,Sleeper Replacement,Broken concrete sleeper,5,LOW,2025-07-19,2025-07-19,2025-10-15,5.2,13,LOW,Completed,88,Low
ENG3218,AST0073,SEC073,Welding,Thermit weld defect,5,LOW,2025-03-27,2025-03-28,2025-05-27,7.2,14,LOW,Pending,60,Low
ENG3219,AST0058,SEC058,Turnout Maintenance,Crossing nose defect,1,CRITICAL,2025-02-24,2025-02-25,2025-03-02,4.3,14,HIGH,Scheduled,5,Urgent
ENG3220,AST0291,SEC066,Welding,Weld crack,2,HIGH,2025-01-14,2025-01-16,2025-01-31,4.0,7,HIGH,Completed,15,Normal
ENG3221,AST0101,SEC026,Rail Inspection,Rail crack,2,HIGH,2025-09-05,2025-09-08,2025-09-17,9.7,6,HIGH,Completed,9,Normal
ENG3222,AST0148,SEC073,Turnout Maintenance,Switch tongue wear,3,MEDIUM,2025-10-19,2025-10-21,2025-11-20,9.8,10,MEDIUM,In Progress,30,Normal
ENG3223,AST0289,SEC064,Track Alignment,Vertical misalignment,2,HIGH,2025-03-16,2025-03-17,2025-03-27,7.7,13,HIGH,Completed,10,Normal
ENG3224,AST0344,SEC044,Rail Inspection,Surface defect,2,HIGH,2025-01-17,2025-01-18,2025-01-30,2.0,2,HIGH,In Progress,12,Normal
ENG3225,AST0274,SEC049,Welding,Weld crack,4,LOW,2025-02-25,2025-02-25,2025-04-24,7.1,14,LOW,Scheduled,58,Low
ENG3226,AST0323,SEC023,Track Alignment,Vertical misalignment,2,HIGH,2025-01-11,2025-01-13,2025-01-24,9.0,9,HIGH,Completed,11,Normal
ENG3227,AST0247,SEC022,Track Geometry Correction,Alignment defect,3,MEDIUM,2025-07-19,2025-07-22,2025-08-12,8.7,9,MEDIUM,Pending,21,Normal
ENG3228,AST0259,SEC034,Turnout Maintenance,Crossing nose defect,4,LOW,2025-06-16,2025-06-19,2025-08-10,2.1,14,LOW,Completed,52,Low
ENG3229,AST0370,SEC070,Track Geometry Correction,Alignment defect,2,HIGH,2025-08-02,2025-08-04,2025-08-15,1.9,15,HIGH,Completed,11,Normal
ENG3230,AST0133,SEC058,Ballast Maintenance,Drainage blockage,2,HIGH,2025-12-08,2025-12-11,2025-12-19,2.3,14,HIGH,Pending,8,Normal
ENG3231,AST0382,SEC007,Turnout Maintenance,Switch tongue wear,2,HIGH,2025-09-12,2025-09-12,2025-09-20,4.0,6,HIGH,Scheduled,8,Normal
ENG3232,AST0217,SEC067,Rail Replacement,End-post fracture,4,LOW,2025-05-29,2025-05-29,2025-06-23,1.8,7,LOW,Pending,25,Normal
ENG3233,AST0041,SEC041,Rail Replacement,Rail end batter,1,CRITICAL,2025-04-10,2025-04-10,2025-04-13,2.2,11,HIGH,Completed,3,Urgent
ENG3234,AST0328,SEC028,Track Geometry Correction,Cross-level error,4,LOW,2025-04-12,2025-04-12,2025-05-11,11.7,9,LOW,Completed,29,Normal
ENG3235,AST0150,SEC075,Sleeper Replacement,Decayed wooden sleeper,5,LOW,2025-08-23,2025-08-24,2025-11-05,10.2,9,LOW,Completed,73,Low
ENG3236,AST0174,SEC024,Turnout Maintenance,Crossing nose defect,5,LOW,2025-03-12,2025-03-14,2025-05-04,7.7,4,LOW,Completed,51,Low
ENG3237,AST0186,SEC036,Rail Inspection,Worn rail head,3,MEDIUM,2025-08-01,2025-08-03,2025-08-22,5.5,9,MEDIUM,In Progress,19,Normal
ENG3238,AST0176,SEC026,Sleeper Replacement,Decayed wooden sleeper,1,CRITICAL,2025-10-25,2025-10-26,2025-10-30,5.1,11,HIGH,Completed,4,Urgent
ENG3239,AST0143,SEC068,Rail Replacement,Severely worn rail,4,LOW,2025-03-03,2025-03-03,2025-04-17,6.5,13,LOW,Completed,45,Low
ENG3240,AST0082,SEC007,Track Alignment,Buckling risk,4,LOW,2025-09-25,2025-09-26,2025-11-06,6.9,6,LOW,Completed,41,Low
ENG3241,AST0030,SEC030,Ballast Maintenance,Insufficient ballast,2,HIGH,2025-05-14,2025-05-15,2025-05-22,11.2,4,HIGH,Scheduled,7,Urgent
ENG3242,AST0301,SEC001,Ballast Maintenance,Drainage blockage,3,MEDIUM,2025-04-02,2025-04-02,2025-04-28,9.8,2,MEDIUM,Completed,26,Normal
ENG3243,AST0269,SEC044,Turnout Maintenance,Check rail gap,3,MEDIUM,2025-03-02,2025-03-03,2025-03-21,2.3,13,MEDIUM,Pending,18,Normal
ENG3244,AST0341,SEC041,Turnout Maintenance,Crossing nose defect,3,MEDIUM,2025-10-01,2025-10-03,2025-10-27,7.7,4,MEDIUM,Scheduled,24,Normal
ENG3245,AST0202,SEC052,Track Alignment,Vertical misalignment,4,LOW,2025-03-24,2025-03-27,2025-05-26,5.4,8,LOW,Cancelled,60,Low
ENG3246,AST0279,SEC054,Welding,Thermit weld defect,3,MEDIUM,2025-02-22,2025-02-22,2025-03-14,1.1,6,MEDIUM,Completed,20,Normal
ENG3247,AST0050,SEC050,Track Alignment,Buckling risk,2,HIGH,2025-01-30,2025-02-01,2025-02-15,3.1,11,HIGH,Scheduled,14,Normal
ENG3248,AST0125,SEC050,Track Alignment,Cant deficiency,3,MEDIUM,2025-07-04,2025-07-05,2025-07-22,2.4,4,MEDIUM,Completed,17,Normal
ENG3249,AST0117,SEC042,Track Alignment,Vertical misalignment,2,HIGH,2025-01-20,2025-01-23,2025-02-07,9.1,2,HIGH,Pending,15,Normal
ENG3250,AST0276,SEC051,Rail Replacement,Rail end batter,2,HIGH,2025-11-27,2025-11-28,2025-12-09,4.7,9,HIGH,Scheduled,11,Normal
ENG3251,AST0371,SEC071,Track Geometry Correction,Cross-level error,3,MEDIUM,2025-05-26,2025-05-26,2025-06-22,1.7,14,MEDIUM,Completed,27,Normal
ENG3252,AST0278,SEC053,Sleeper Replacement,Missing sleeper,4,LOW,2025-01-09,2025-01-09,2025-03-09,5.3,4,LOW,Completed,59,Low
ENG3253,AST0170,SEC020,Welding,Thermit weld defect,1,CRITICAL,2025-07-24,2025-07-27,2025-08-03,7.3,12,HIGH,Completed,7,Urgent
ENG3254,AST0371,SEC071,Rail Inspection,Gauge deviation,3,MEDIUM,2025-01-16,2025-01-19,2025-02-10,7.4,3,MEDIUM,Pending,22,Normal
ENG3255,AST0320,SEC020,Rail Inspection,Gauge deviation,2,HIGH,2025-09-20,2025-09-23,2025-10-08,1.0,11,HIGH,Pending,15,Normal
ENG3256,AST0060,SEC060,Sleeper Replacement,Cracked sleeper,2,HIGH,2025-09-10,2025-09-11,2025-09-19,3.8,2,HIGH,Cancelled,8,Normal
ENG3257,AST0090,SEC015,Ballast Maintenance,Drainage blockage,3,MEDIUM,2025-12-01,2025-12-04,2025-12-29,10.2,8,MEDIUM,Scheduled,25,Normal
ENG3258,AST0200,SEC050,Track Alignment,Lateral misalignment,3,MEDIUM,2025-07-05,2025-07-07,2025-07-21,5.7,15,MEDIUM,Cancelled,14,Normal
ENG3259,AST0031,SEC031,Rail Replacement,Severely worn rail,3,MEDIUM,2025-06-30,2025-07-03,2025-07-24,6.2,14,MEDIUM,Scheduled,21,Normal
ENG3260,AST0379,SEC004,Sleeper Replacement,Cracked sleeper,5,LOW,2025-01-13,2025-01-16,2025-03-03,11.4,7,LOW,Completed,46,Low
ENG3261,AST0035,SEC035,Track Geometry Correction,Twist fault,2,HIGH,2025-09-18,2025-09-21,2025-10-03,8.1,2,HIGH,Completed,12,Normal
ENG3262,AST0248,SEC023,Track Geometry Correction,Gauge irregularity,4,LOW,2025-02-04,2025-02-05,2025-03-11,3.0,10,LOW,Completed,34,Low
ENG3263,AST0056,SEC056,Rail Inspection,Corrugation,3,MEDIUM,2025-01-07,2025-01-07,2025-01-23,11.2,10,MEDIUM,Pending,16,Normal
ENG3264,AST0033,SEC033,Turnout Maintenance,Check rail gap,2,HIGH,2025-01-19,2025-01-22,2025-02-03,10.8,5,HIGH,Pending,12,Normal
ENG3265,AST0270,SEC045,Ballast Maintenance,Drainage blockage,5,LOW,2025-09-15,2025-09-16,2025-11-11,2.5,2,LOW,Completed,56,Low
ENG3266,AST0258,SEC033,Ballast Maintenance,Insufficient ballast,1,CRITICAL,2025-05-08,2025-05-11,2025-05-18,4.4,12,HIGH,In Progress,7,Urgent
ENG3267,AST0304,SEC004,Welding,Weld depression,2,HIGH,2025-02-04,2025-02-06,2025-02-17,9.6,7,HIGH,Completed,11,Normal
ENG3268,AST0031,SEC031,Track Alignment,Cant deficiency,2,HIGH,2025-12-12,2025-12-15,2025-12-23,9.8,9,HIGH,Completed,8,Normal
ENG3269,AST0347,SEC047,Track Alignment,Lateral misalignment,4,LOW,2025-10-23,2025-10-23,2025-12-06,11.2,7,LOW,Completed,44,Low
ENG3270,AST0322,SEC022,Rail Replacement,Severely worn rail,4,LOW,2025-04-29,2025-05-02,2025-06-04,9.6,15,LOW,Pending,33,Low
ENG3271,AST0279,SEC054,Welding,Weld depression,2,HIGH,2025-12-18,2025-12-20,2025-12-28,6.6,15,HIGH,Scheduled,8,Normal
ENG3272,AST0375,SEC075,Welding,Weld crack,3,MEDIUM,2025-08-11,2025-08-12,2025-09-11,8.1,7,MEDIUM,Pending,30,Normal
ENG3273,AST0236,SEC011,Track Alignment,Lateral misalignment,2,HIGH,2025-11-11,2025-11-14,2025-11-26,10.6,6,HIGH,In Progress,12,Normal
ENG3274,AST0225,SEC075,Ballast Maintenance,Vegetation growth,3,MEDIUM,2025-07-26,2025-07-28,2025-08-19,3.1,12,MEDIUM,Completed,22,Normal
ENG3275,AST0034,SEC034,Welding,Weld depression,4,LOW,2025-03-24,2025-03-27,2025-05-06,8.4,8,LOW,Pending,40,Low
ENG3276,AST0276,SEC051,Rail Replacement,End-post fracture,3,MEDIUM,2025-02-16,2025-02-17,2025-03-14,11.3,3,MEDIUM,Completed,25,Normal
ENG3277,AST0397,SEC022,Ballast Maintenance,Drainage blockage,3,MEDIUM,2025-10-31,2025-11-01,2025-11-25,6.2,12,MEDIUM,Scheduled,24,Normal
ENG3278,AST0029,SEC029,Turnout Maintenance,Crossing nose defect,5,LOW,2025-03-31,2025-03-31,2025-06-15,7.6,3,LOW,Completed,76,Low
ENG3279,AST0230,SEC005,Track Geometry Correction,Cross-level error,3,MEDIUM,2025-01-26,2025-01-28,2025-02-27,5.1,3,MEDIUM,Pending,30,Normal
ENG3280,AST0127,SEC052,Rail Replacement,Severely worn rail,3,MEDIUM,2025-03-17,2025-03-20,2025-04-16,4.0,2,MEDIUM,In Progress,27,Normal
ENG3281,AST0056,SEC056,Ballast Maintenance,Fouled ballast,4,LOW,2025-11-11,2025-11-12,2025-12-16,9.5,7,LOW,Completed,34,Low
ENG3282,AST0263,SEC038,Track Alignment,Vertical misalignment,3,MEDIUM,2025-07-03,2025-07-05,2025-08-01,7.5,10,MEDIUM,Pending,27,Normal
ENG3283,AST0327,SEC027,Ballast Maintenance,Insufficient ballast,2,HIGH,2025-03-18,2025-03-20,2025-03-29,1.5,14,HIGH,Pending,9,Normal
ENG3284,AST0033,SEC033,Track Alignment,Lateral misalignment,4,LOW,2025-11-01,2025-11-01,2025-12-02,4.8,4,LOW,In Progress,31,Low
ENG3285,AST0381,SEC006,Turnout Maintenance,Check rail gap,3,MEDIUM,2025-03-08,2025-03-11,2025-04-03,9.2,4,MEDIUM,Completed,23,Normal
ENG3286,AST0093,SEC018,Turnout Maintenance,Point mechanism fault,4,LOW,2025-05-28,2025-05-29,2025-07-15,2.2,8,LOW,Pending,47,Low
ENG3287,AST0336,SEC036,Ballast Maintenance,Fouled ballast,4,LOW,2025-07-01,2025-07-01,2025-08-28,4.5,8,LOW,Pending,58,Low
ENG3288,AST0282,SEC057,Sleeper Replacement,Broken concrete sleeper,4,LOW,2025-06-17,2025-06-19,2025-07-26,1.8,14,LOW,Pending,37,Low
ENG3289,AST0009,SEC009,Track Geometry Correction,Twist fault,3,MEDIUM,2025-01-28,2025-01-29,2025-02-17,10.1,13,MEDIUM,Completed,19,Normal
ENG3290,AST0355,SEC055,Ballast Maintenance,Vegetation growth,3,MEDIUM,2025-06-10,2025-06-10,2025-06-30,9.2,10,MEDIUM,In Progress,20,Normal
ENG3291,AST0242,SEC017,Track Geometry Correction,Alignment defect,1,CRITICAL,2025-10-08,2025-10-11,2025-10-18,6.9,7,HIGH,In Progress,7,Urgent
ENG3292,AST0322,SEC022,Sleeper Replacement,Broken concrete sleeper,1,CRITICAL,2025-07-08,2025-07-08,2025-07-15,1.9,2,HIGH,Scheduled,7,Urgent
ENG3293,AST0163,SEC013,Rail Replacement,Severely worn rail,1,CRITICAL,2025-11-28,2025-12-01,2025-12-05,10.2,11,HIGH,Pending,4,Urgent
ENG3294,AST0156,SEC006,Track Alignment,Cant deficiency,3,MEDIUM,2025-04-28,2025-04-30,2025-05-29,2.4,6,MEDIUM,Completed,29,Normal
ENG3295,AST0080,SEC005,Welding,Weld crack,4,LOW,2025-01-28,2025-01-28,2025-02-22,9.7,15,LOW,In Progress,25,Normal
ENG3296,AST0110,SEC035,Track Geometry Correction,Gauge irregularity,4,LOW,2025-05-30,2025-05-31,2025-07-18,8.1,8,LOW,Cancelled,48,Low
ENG3297,AST0151,SEC001,Track Geometry Correction,Alignment defect,3,MEDIUM,2025-08-09,2025-08-10,2025-09-09,9.0,2,MEDIUM,Completed,30,Normal
ENG3298,AST0251,SEC026,Track Alignment,Buckling risk,4,LOW,2025-10-08,2025-10-08,2025-11-21,8.9,10,LOW,Completed,44,Low
ENG3299,AST0005,SEC005,Welding,Weld depression,1,CRITICAL,2025-05-25,2025-05-27,2025-06-02,4.6,15,HIGH,Completed,6,Urgent
ENG3300,AST0293,SEC068,Turnout Maintenance,Crossing nose defect,1,CRITICAL,2025-01-05,2025-01-07,2025-01-14,2.2,15,HIGH,Completed,7,Urgent
ENG3301,AST0291,SEC066,Sleeper Replacement,Broken concrete sleeper,2,HIGH,2025-12-06,2025-12-07,2025-12-21,8.0,6,HIGH,Scheduled,14,Normal
ENG3302,AST0365,SEC065,Ballast Maintenance,Fouled ballast,3,MEDIUM,2025-08-28,2025-08-29,2025-09-14,3.2,11,MEDIUM,Completed,16,Normal
ENG3303,AST0035,SEC035,Sleeper Replacement,Broken concrete sleeper,3,MEDIUM,2025-08-22,2025-08-22,2025-09-07,6.7,8,MEDIUM,Completed,16,Normal
ENG3304,AST0267,SEC042,Sleeper Replacement,Cracked sleeper,3,MEDIUM,2025-05-02,2025-05-05,2025-06-04,10.3,4,MEDIUM,Scheduled,30,Normal
ENG3305,AST0307,SEC007,Sleeper Replacement,Decayed wooden sleeper,3,MEDIUM,2025-03-12,2025-03-13,2025-04-10,2.5,13,MEDIUM,Completed,28,Normal
ENG3306,AST0063,SEC063,Turnout Maintenance,Check rail gap,3,MEDIUM,2025-01-19,2025-01-20,2025-02-11,6.9,12,MEDIUM,Completed,22,Normal
ENG3307,AST0143,SEC068,Welding,Weld crack,3,MEDIUM,2025-01-07,2025-01-07,2025-02-03,3.7,14,MEDIUM,Pending,27,Normal
ENG3308,AST0258,SEC033,Rail Replacement,End-post fracture,3,MEDIUM,2025-04-15,2025-04-17,2025-05-14,4.7,9,MEDIUM,Scheduled,27,Normal
ENG3309,AST0125,SEC050,Rail Inspection,Corrugation,2,HIGH,2025-11-26,2025-11-29,2025-12-13,6.4,3,HIGH,Scheduled,14,Normal
ENG3310,AST0262,SEC037,Ballast Maintenance,Vegetation growth,3,MEDIUM,2025-03-16,2025-03-17,2025-04-06,5.8,7,MEDIUM,Pending,20,Normal
ENG3311,AST0396,SEC021,Ballast Maintenance,Fouled ballast,3,MEDIUM,2025-10-30,2025-10-31,2025-11-21,11.0,11,MEDIUM,Completed,21,Normal
ENG3312,AST0350,SEC050,Track Alignment,Vertical misalignment,4,LOW,2025-04-21,2025-04-23,2025-06-07,7.2,8,LOW,Scheduled,45,Low
ENG3313,AST0258,SEC033,Track Geometry Correction,Twist fault,4,LOW,2025-04-02,2025-04-03,2025-05-11,3.3,15,LOW,In Progress,38,Low
ENG3314,AST0340,SEC040,Rail Inspection,Worn rail head,2,HIGH,2025-10-10,2025-10-13,2025-10-25,10.9,7,HIGH,Cancelled,12,Normal
ENG3315,AST0012,SEC012,Welding,Thermit weld defect,4,LOW,2025-03-25,2025-03-25,2025-05-18,6.2,10,LOW,Pending,54,Low
ENG3316,AST0308,SEC008,Welding,Thermit weld defect,3,MEDIUM,2025-11-10,2025-11-13,2025-12-13,4.0,7,MEDIUM,Cancelled,30,Normal
ENG3317,AST0005,SEC005,Ballast Maintenance,Vegetation growth,1,CRITICAL,2025-05-17,2025-05-17,2025-05-24,10.8,6,HIGH,Completed,7,Urgent
ENG3318,AST0056,SEC056,Welding,Thermit weld defect,5,LOW,2025-01-12,2025-01-14,2025-03-30,3.7,8,LOW,Cancelled,75,Low
ENG3319,AST0091,SEC016,Rail Inspection,Gauge deviation,2,HIGH,2025-01-09,2025-01-11,2025-01-23,4.6,14,HIGH,Pending,12,Normal
ENG3320,AST0393,SEC018,Ballast Maintenance,Vegetation growth,4,LOW,2025-11-06,2025-11-09,2025-12-13,6.7,4,LOW,Cancelled,34,Low
ENG3321,AST0056,SEC056,Track Geometry Correction,Gauge irregularity,5,LOW,2025-03-04,2025-03-05,2025-04-24,11.9,6,LOW,Scheduled,50,Low
ENG3322,AST0204,SEC054,Rail Inspection,Worn rail head,3,MEDIUM,2025-03-22,2025-03-24,2025-04-22,7.3,10,MEDIUM,Scheduled,29,Normal
ENG3323,AST0159,SEC009,Rail Inspection,Worn rail head,2,HIGH,2025-01-27,2025-01-28,2025-02-05,3.2,6,HIGH,Completed,8,Normal
ENG3324,AST0320,SEC020,Turnout Maintenance,Check rail gap,1,CRITICAL,2025-01-13,2025-01-16,2025-01-19,4.7,14,HIGH,Cancelled,3,Urgent
ENG3325,AST0299,SEC074,Welding,Thermit weld defect,2,HIGH,2025-09-23,2025-09-23,2025-10-06,2.1,6,HIGH,Scheduled,13,Normal
ENG3326,AST0346,SEC046,Rail Replacement,Rail end batter,3,MEDIUM,2025-02-27,2025-02-28,2025-03-23,7.3,14,MEDIUM,Completed,23,Normal
ENG3327,AST0042,SEC042,Welding,Thermit weld defect,3,MEDIUM,2025-07-25,2025-07-26,2025-08-14,6.0,14,MEDIUM,Completed,19,Normal
ENG3328,AST0373,SEC073,Welding,Misaligned weld,2,HIGH,2025-04-09,2025-04-09,2025-04-22,9.7,13,HIGH,Completed,13,Normal
ENG3329,AST0065,SEC065,Rail Inspection,Rail crack,2,HIGH,2025-10-09,2025-10-11,2025-10-20,4.4,5,HIGH,Completed,9,Normal
ENG3330,AST0050,SEC050,Track Alignment,Cant deficiency,4,LOW,2025-05-26,2025-05-29,2025-07-20,1.6,9,LOW,Pending,52,Low
ENG3331,AST0063,SEC063,Sleeper Replacement,Cracked sleeper,3,MEDIUM,2025-03-27,2025-03-28,2025-04-23,6.3,2,MEDIUM,Scheduled,26,Normal
ENG3332,AST0236,SEC011,Track Alignment,Buckling risk,3,MEDIUM,2025-09-25,2025-09-28,2025-10-17,2.9,13,MEDIUM,Completed,19,Normal
ENG3333,AST0345,SEC045,Sleeper Replacement,Broken concrete sleeper,2,HIGH,2025-03-20,2025-03-22,2025-03-30,1.1,8,HIGH,In Progress,8,Normal
ENG3334,AST0152,SEC002,Sleeper Replacement,Broken concrete sleeper,4,LOW,2025-01-09,2025-01-10,2025-02-15,5.3,10,LOW,Pending,36,Low
ENG3335,AST0141,SEC066,Rail Inspection,Gauge deviation,5,LOW,2025-11-24,2025-11-25,2026-01-31,9.8,8,LOW,In Progress,67,Low
ENG3336,AST0315,SEC015,Rail Inspection,Surface defect,4,LOW,2025-03-16,2025-03-19,2025-05-15,10.6,5,LOW,Pending,57,Low
ENG3337,AST0156,SEC006,Track Alignment,Buckling risk,1,CRITICAL,2025-08-01,2025-08-03,2025-08-09,3.3,4,HIGH,Pending,6,Urgent
ENG3338,AST0228,SEC003,Track Alignment,Lateral misalignment,3,MEDIUM,2025-01-01,2025-01-01,2025-01-17,8.4,8,MEDIUM,Scheduled,16,Normal
ENG3339,AST0144,SEC069,Rail Inspection,Corrugation,2,HIGH,2025-04-27,2025-04-27,2025-05-11,5.2,2,HIGH,Completed,14,Normal
ENG3340,AST0097,SEC022,Welding,Thermit weld defect,4,LOW,2025-11-01,2025-11-03,2025-12-09,10.5,13,LOW,Pending,36,Low
ENG3341,AST0346,SEC046,Ballast Maintenance,Drainage blockage,3,MEDIUM,2025-09-24,2025-09-27,2025-10-26,4.7,15,MEDIUM,Cancelled,29,Normal
ENG3342,AST0212,SEC062,Rail Inspection,Gauge deviation,4,LOW,2025-04-13,2025-04-13,2025-05-24,11.9,3,LOW,Completed,41,Low
ENG3343,AST0230,SEC005,Ballast Maintenance,Vegetation growth,3,MEDIUM,2025-05-15,2025-05-17,2025-06-01,5.8,9,MEDIUM,Completed,15,Normal
ENG3344,AST0160,SEC010,Ballast Maintenance,Vegetation growth,2,HIGH,2025-01-08,2025-01-10,2025-01-22,11.7,3,HIGH,Completed,12,Normal
ENG3345,AST0400,SEC025,Sleeper Replacement,Missing sleeper,5,LOW,2025-11-13,2025-11-13,2026-01-10,8.3,6,LOW,Scheduled,58,Low
ENG3346,AST0291,SEC066,Rail Replacement,Rail end batter,3,MEDIUM,2025-01-08,2025-01-10,2025-01-24,3.7,12,MEDIUM,Completed,14,Normal
ENG3347,AST0110,SEC035,Turnout Maintenance,Check rail gap,2,HIGH,2025-09-16,2025-09-17,2025-09-30,10.8,3,HIGH,Completed,13,Normal
ENG3348,AST0160,SEC010,Track Geometry Correction,Cross-level error,3,MEDIUM,2025-10-06,2025-10-07,2025-11-03,3.2,8,MEDIUM,Completed,27,Normal
ENG3349,AST0252,SEC027,Rail Replacement,Severely worn rail,3,MEDIUM,2025-04-17,2025-04-18,2025-05-15,1.1,5,MEDIUM,Completed,27,Normal
ENG3350,AST0051,SEC051,Track Alignment,Lateral misalignment,3,MEDIUM,2025-03-19,2025-03-19,2025-04-07,10.3,5,MEDIUM,Completed,19,Normal
ENG3351,AST0298,SEC073,Rail Inspection,Worn rail head,4,LOW,2025-08-26,2025-08-29,2025-10-18,1.8,14,LOW,Pending,50,Low
ENG3352,AST0161,SEC011,Rail Inspection,Rail crack,2,HIGH,2025-05-30,2025-05-31,2025-06-08,10.6,9,HIGH,Completed,8,Normal
ENG3353,AST0133,SEC058,Sleeper Replacement,Missing sleeper,2,HIGH,2025-03-13,2025-03-15,2025-03-25,9.6,13,HIGH,Completed,10,Normal
ENG3354,AST0229,SEC004,Track Geometry Correction,Alignment defect,2,HIGH,2025-09-21,2025-09-22,2025-10-04,3.5,4,HIGH,Pending,12,Normal
ENG3355,AST0112,SEC037,Turnout Maintenance,Switch tongue wear,4,LOW,2025-07-30,2025-07-30,2025-09-02,3.2,3,LOW,Completed,34,Low
ENG3356,AST0291,SEC066,Ballast Maintenance,Insufficient ballast,1,CRITICAL,2025-02-20,2025-02-22,2025-03-01,5.5,15,HIGH,In Progress,7,Urgent
ENG3357,AST0378,SEC003,Sleeper Replacement,Broken concrete sleeper,5,LOW,2025-11-03,2025-11-03,2025-12-24,9.6,4,LOW,Pending,51,Low
ENG3358,AST0277,SEC052,Turnout Maintenance,Crossing nose defect,3,MEDIUM,2025-02-05,2025-02-06,2025-03-03,5.6,2,MEDIUM,Cancelled,25,Normal
ENG3359,AST0237,SEC012,Track Geometry Correction,Alignment defect,3,MEDIUM,2025-01-04,2025-01-06,2025-01-30,3.8,2,MEDIUM,Scheduled,24,Normal
ENG3360,AST0012,SEC012,Ballast Maintenance,Vegetation growth,5,LOW,2025-05-10,2025-05-13,2025-08-03,8.9,4,LOW,Completed,82,Low
ENG3361,AST0104,SEC029,Welding,Weld depression,3,MEDIUM,2025-05-26,2025-05-26,2025-06-24,11.0,3,MEDIUM,Pending,29,Normal
ENG3362,AST0335,SEC035,Rail Inspection,Worn rail head,4,LOW,2025-05-21,2025-05-21,2025-07-09,9.9,13,LOW,Cancelled,49,Low
ENG3363,AST0211,SEC061,Turnout Maintenance,Switch tongue wear,1,CRITICAL,2025-03-16,2025-03-19,2025-03-22,5.4,5,HIGH,Completed,3,Urgent
ENG3364,AST0332,SEC032,Sleeper Replacement,Missing sleeper,2,HIGH,2025-10-25,2025-10-28,2025-11-11,4.4,6,HIGH,Completed,14,Normal
ENG3365,AST0074,SEC074,Welding,Weld depression,3,MEDIUM,2025-01-27,2025-01-29,2025-02-25,2.4,2,MEDIUM,Completed,27,Normal
ENG3366,AST0353,SEC053,Sleeper Replacement,Missing sleeper,3,MEDIUM,2025-10-18,2025-10-21,2025-11-13,3.0,8,MEDIUM,Pending,23,Normal
ENG3367,AST0390,SEC015,Ballast Maintenance,Drainage blockage,4,LOW,2025-05-05,2025-05-07,2025-06-05,10.2,8,LOW,Pending,29,Normal
ENG3368,AST0328,SEC028,Welding,Weld depression,3,MEDIUM,2025-05-26,2025-05-29,2025-06-21,11.2,13,MEDIUM,Pending,23,Normal
ENG3369,AST0373,SEC073,Track Alignment,Vertical misalignment,2,HIGH,2025-08-22,2025-08-24,2025-09-04,2.5,6,HIGH,Pending,11,Normal
ENG3370,AST0237,SEC012,Rail Inspection,Gauge deviation,3,MEDIUM,2025-01-31,2025-02-01,2025-02-20,2.7,3,MEDIUM,Completed,19,Normal
ENG3371,AST0097,SEC022,Sleeper Replacement,Decayed wooden sleeper,3,MEDIUM,2025-09-30,2025-10-02,2025-10-17,4.2,6,MEDIUM,Pending,15,Normal
ENG3372,AST0068,SEC068,Rail Inspection,Surface defect,5,LOW,2025-04-17,2025-04-17,2025-06-29,6.9,8,LOW,Completed,73,Low
ENG3373,AST0214,SEC064,Track Alignment,Vertical misalignment,4,LOW,2025-03-10,2025-03-11,2025-04-23,9.8,11,LOW,Completed,43,Low
ENG3374,AST0261,SEC036,Sleeper Replacement,Decayed wooden sleeper,4,LOW,2025-05-24,2025-05-24,2025-06-21,9.8,9,LOW,Pending,28,Normal
ENG3375,AST0055,SEC055,Rail Replacement,Severely worn rail,5,LOW,2025-10-06,2025-10-08,2025-11-23,4.5,14,LOW,Completed,46,Low
ENG3376,AST0230,SEC005,Rail Inspection,Corrugation,4,LOW,2025-10-25,2025-10-27,2025-11-22,2.2,14,LOW,Completed,26,Normal
ENG3377,AST0344,SEC044,Rail Replacement,Severely worn rail,4,LOW,2025-07-15,2025-07-18,2025-09-05,5.8,14,LOW,Scheduled,49,Low
ENG3378,AST0055,SEC055,Sleeper Replacement,Broken concrete sleeper,2,HIGH,2025-06-07,2025-06-10,2025-06-17,6.7,11,HIGH,Pending,7,Urgent
ENG3379,AST0085,SEC010,Ballast Maintenance,Fouled ballast,3,MEDIUM,2025-08-18,2025-08-21,2025-09-08,1.6,9,MEDIUM,Completed,18,Normal
ENG3380,AST0248,SEC023,Rail Inspection,Surface defect,1,CRITICAL,2025-06-21,2025-06-21,2025-06-25,2.8,15,HIGH,Completed,4,Urgent
ENG3381,AST0118,SEC043,Ballast Maintenance,Vegetation growth,4,LOW,2025-07-22,2025-07-23,2025-09-06,11.7,2,LOW,Pending,45,Low
ENG3382,AST0353,SEC053,Rail Inspection,Corrugation,3,MEDIUM,2025-02-09,2025-02-12,2025-03-12,10.8,13,MEDIUM,Completed,28,Normal
ENG3383,AST0098,SEC023,Track Geometry Correction,Alignment defect,4,LOW,2025-12-10,2025-12-11,2026-01-13,6.6,11,LOW,Scheduled,33,Low
ENG3384,AST0131,SEC056,Sleeper Replacement,Missing sleeper,4,LOW,2025-10-01,2025-10-03,2025-11-16,2.4,12,LOW,Completed,44,Low
ENG3385,AST0058,SEC058,Sleeper Replacement,Cracked sleeper,2,HIGH,2025-09-22,2025-09-24,2025-10-08,4.0,11,HIGH,Completed,14,Normal
ENG3386,AST0216,SEC066,Rail Inspection,Rail crack,5,LOW,2025-07-15,2025-07-18,2025-09-08,9.8,10,LOW,Completed,52,Low
ENG3387,AST0203,SEC053,Ballast Maintenance,Drainage blockage,2,HIGH,2025-07-29,2025-07-30,2025-08-07,11.6,13,HIGH,Completed,8,Normal
ENG3388,AST0313,SEC013,Track Geometry Correction,Gauge irregularity,2,HIGH,2025-10-29,2025-10-31,2025-11-07,8.1,3,HIGH,Pending,7,Urgent
ENG3389,AST0055,SEC055,Turnout Maintenance,Point mechanism fault,2,HIGH,2025-05-04,2025-05-06,2025-05-16,9.5,7,HIGH,In Progress,10,Normal
ENG3390,AST0030,SEC030,Sleeper Replacement,Decayed wooden sleeper,2,HIGH,2025-07-10,2025-07-10,2025-07-23,4.8,4,HIGH,Pending,13,Normal
ENG3391,AST0036,SEC036,Track Geometry Correction,Alignment defect,1,CRITICAL,2025-02-14,2025-02-16,2025-02-22,6.4,15,HIGH,Completed,6,Urgent
ENG3392,AST0257,SEC032,Sleeper Replacement,Cracked sleeper,5,LOW,2025-11-15,2025-11-16,2026-01-15,6.4,11,LOW,Completed,60,Low
ENG3393,AST0310,SEC010,Track Alignment,Vertical misalignment,3,MEDIUM,2025-03-04,2025-03-07,2025-03-26,3.5,13,MEDIUM,Cancelled,19,Normal
ENG3394,AST0055,SEC055,Turnout Maintenance,Crossing nose defect,4,LOW,2025-09-16,2025-09-16,2025-11-15,7.6,15,LOW,Pending,60,Low
ENG3395,AST0135,SEC060,Sleeper Replacement,Decayed wooden sleeper,3,MEDIUM,2025-03-08,2025-03-10,2025-04-08,5.2,14,MEDIUM,Completed,29,Normal
ENG3396,AST0307,SEC007,Track Alignment,Cant deficiency,2,HIGH,2025-10-26,2025-10-29,2025-11-09,3.5,14,HIGH,In Progress,11,Normal
ENG3397,AST0052,SEC052,Track Alignment,Lateral misalignment,1,CRITICAL,2025-02-06,2025-02-06,2025-02-13,9.9,2,HIGH,Scheduled,7,Urgent
ENG3398,AST0190,SEC040,Rail Inspection,Surface defect,4,LOW,2025-10-03,2025-10-03,2025-11-08,10.9,7,LOW,Cancelled,36,Low
ENG3399,AST0045,SEC045,Welding,Weld depression,1,CRITICAL,2025-09-11,2025-09-14,2025-09-17,6.7,14,HIGH,Completed,3,Urgent
ENG3400,AST0143,SEC068,Rail Replacement,End-post fracture,3,MEDIUM,2025-07-08,2025-07-09,2025-07-30,5.2,13,MEDIUM,Completed,21,Normal
ENG3401,AST0022,SEC022,Turnout Maintenance,Point mechanism fault,2,HIGH,2025-02-24,2025-02-24,2025-03-11,8.1,3,HIGH,Completed,15,Normal
ENG3402,AST0063,SEC063,Rail Inspection,Gauge deviation,4,LOW,2025-08-17,2025-08-20,2025-09-29,8.3,10,LOW,Cancelled,40,Low
ENG3403,AST0150,SEC075,Track Geometry Correction,Gauge irregularity,1,CRITICAL,2025-09-11,2025-09-14,2025-09-20,11.7,12,HIGH,Cancelled,6,Urgent
ENG3404,AST0387,SEC012,Turnout Maintenance,Crossing nose defect,4,LOW,2025-07-12,2025-07-15,2025-08-26,8.6,8,LOW,In Progress,42,Low
ENG3405,AST0140,SEC065,Rail Inspection,Corrugation,4,LOW,2025-06-06,2025-06-09,2025-07-24,8.0,12,LOW,Scheduled,45,Low
ENG3406,AST0242,SEC017,Turnout Maintenance,Switch tongue wear,1,CRITICAL,2025-03-21,2025-03-24,2025-03-29,11.0,13,HIGH,Scheduled,5,Urgent
ENG3407,AST0360,SEC060,Ballast Maintenance,Fouled ballast,1,CRITICAL,2025-01-23,2025-01-25,2025-01-30,6.7,12,HIGH,Pending,5,Urgent
ENG3408,AST0270,SEC045,Turnout Maintenance,Switch tongue wear,3,MEDIUM,2025-10-02,2025-10-04,2025-10-22,5.4,3,MEDIUM,Completed,18,Normal
ENG3409,AST0106,SEC031,Track Alignment,Lateral misalignment,3,MEDIUM,2025-08-04,2025-08-07,2025-08-23,7.2,2,MEDIUM,Pending,16,Normal
ENG3410,AST0044,SEC044,Rail Replacement,End-post fracture,2,HIGH,2025-03-10,2025-03-12,2025-03-22,11.9,13,HIGH,Pending,10,Normal
ENG3411,AST0207,SEC057,Turnout Maintenance,Point mechanism fault,4,LOW,2025-11-10,2025-11-10,2025-12-25,5.1,3,LOW,Completed,45,Low
ENG3412,AST0328,SEC028,Welding,Weld depression,1,CRITICAL,2025-06-09,2025-06-09,2025-06-14,7.3,10,HIGH,In Progress,5,Urgent
ENG3413,AST0045,SEC045,Rail Inspection,Gauge deviation,3,MEDIUM,2025-02-22,2025-02-25,2025-03-18,8.9,13,MEDIUM,Completed,21,Normal
ENG3414,AST0331,SEC031,Turnout Maintenance,Crossing nose defect,3,MEDIUM,2025-01-17,2025-01-19,2025-02-12,4.0,12,MEDIUM,In Progress,24,Normal
ENG3415,AST0093,SEC018,Rail Inspection,Corrugation,3,MEDIUM,2025-11-17,2025-11-17,2025-12-06,3.6,11,MEDIUM,In Progress,19,Normal
ENG3416,AST0332,SEC032,Turnout Maintenance,Crossing nose defect,3,MEDIUM,2025-07-05,2025-07-06,2025-07-27,1.1,7,MEDIUM,Scheduled,21,Normal
ENG3417,AST0138,SEC063,Rail Replacement,Broken rail,1,CRITICAL,2025-10-20,2025-10-23,2025-10-30,3.1,10,HIGH,In Progress,7,Urgent
ENG3418,AST0355,SEC055,Rail Replacement,Severely worn rail,2,HIGH,2025-08-22,2025-08-23,2025-09-05,8.4,8,HIGH,Pending,13,Normal
ENG3419,AST0317,SEC017,Rail Inspection,Worn rail head,3,MEDIUM,2025-10-28,2025-10-29,2025-11-14,6.2,5,MEDIUM,Scheduled,16,Normal
ENG3420,AST0158,SEC008,Ballast Maintenance,Fouled ballast,3,MEDIUM,2025-11-09,2025-11-12,2025-12-06,11.8,14,MEDIUM,Completed,24,Normal
ENG3421,AST0191,SEC041,Sleeper Replacement,Broken concrete sleeper,3,MEDIUM,2025-05-31,2025-06-03,2025-06-23,10.5,5,MEDIUM,In Progress,20,Normal
ENG3422,AST0232,SEC007,Track Geometry Correction,Cross-level error,2,HIGH,2025-07-07,2025-07-09,2025-07-18,9.5,3,HIGH,In Progress,9,Normal
ENG3423,AST0193,SEC043,Sleeper Replacement,Missing sleeper,3,MEDIUM,2025-08-12,2025-08-13,2025-08-30,9.5,15,MEDIUM,Pending,17,Normal
ENG3424,AST0313,SEC013,Ballast Maintenance,Insufficient ballast,2,HIGH,2025-05-26,2025-05-28,2025-06-07,12.0,15,HIGH,Pending,10,Normal
ENG3425,AST0080,SEC005,Turnout Maintenance,Point mechanism fault,1,CRITICAL,2025-01-21,2025-01-21,2025-01-24,9.8,4,HIGH,Cancelled,3,Urgent
ENG3426,AST0032,SEC032,Rail Replacement,Rail end batter,3,MEDIUM,2025-08-25,2025-08-28,2025-09-15,8.8,4,MEDIUM,Completed,18,Normal
ENG3427,AST0213,SEC063,Turnout Maintenance,Check rail gap,2,HIGH,2025-10-11,2025-10-11,2025-10-26,3.5,15,HIGH,Scheduled,15,Normal
ENG3428,AST0281,SEC056,Welding,Misaligned weld,4,LOW,2025-04-07,2025-04-09,2025-05-22,7.3,9,LOW,Scheduled,43,Low
ENG3429,AST0259,SEC034,Sleeper Replacement,Cracked sleeper,2,HIGH,2025-04-27,2025-04-30,2025-05-14,7.0,15,HIGH,Scheduled,14,Normal
ENG3430,AST0082,SEC007,Track Alignment,Cant deficiency,2,HIGH,2025-03-24,2025-03-27,2025-04-11,1.4,5,HIGH,Completed,15,Normal
ENG3431,AST0263,SEC038,Sleeper Replacement,Missing sleeper,2,HIGH,2025-07-07,2025-07-10,2025-07-24,10.9,6,HIGH,Scheduled,14,Normal
ENG3432,AST0331,SEC031,Welding,Misaligned weld,3,MEDIUM,2025-11-30,2025-12-02,2025-12-23,4.2,6,MEDIUM,Scheduled,21,Normal
ENG3433,AST0252,SEC027,Rail Inspection,Rail crack,4,LOW,2025-07-15,2025-07-17,2025-08-14,6.2,6,LOW,Cancelled,28,Normal
ENG3434,AST0305,SEC005,Welding,Thermit weld defect,5,LOW,2025-01-15,2025-01-15,2025-04-06,1.9,12,LOW,Completed,81,Low
ENG3435,AST0272,SEC047,Rail Inspection,Corrugation,2,HIGH,2025-03-05,2025-03-05,2025-03-15,8.1,12,HIGH,In Progress,10,Normal
ENG3436,AST0231,SEC006,Track Geometry Correction,Cross-level error,5,LOW,2025-09-17,2025-09-19,2025-11-21,3.7,14,LOW,Pending,63,Low
ENG3437,AST0268,SEC043,Welding,Weld crack,2,HIGH,2025-07-15,2025-07-18,2025-07-30,1.1,12,HIGH,Completed,12,Normal
ENG3438,AST0239,SEC014,Track Geometry Correction,Cross-level error,3,MEDIUM,2025-08-04,2025-08-06,2025-09-05,3.6,8,MEDIUM,Pending,30,Normal
ENG3439,AST0297,SEC072,Rail Replacement,Rail end batter,1,CRITICAL,2025-11-24,2025-11-26,2025-11-29,8.4,7,HIGH,Completed,3,Urgent
ENG3440,AST0265,SEC040,Track Alignment,Vertical misalignment,4,LOW,2025-12-01,2025-12-03,2026-01-18,2.6,12,LOW,Scheduled,46,Low
ENG3441,AST0003,SEC003,Turnout Maintenance,Check rail gap,2,HIGH,2025-10-09,2025-10-11,2025-10-18,6.7,7,HIGH,Scheduled,7,Urgent
ENG3442,AST0326,SEC026,Track Alignment,Buckling risk,4,LOW,2025-09-26,2025-09-28,2025-11-26,10.7,3,LOW,Completed,59,Low
ENG3443,AST0362,SEC062,Sleeper Replacement,Missing sleeper,4,LOW,2025-12-08,2025-12-11,2026-01-23,5.0,11,LOW,Completed,43,Low
ENG3444,AST0272,SEC047,Rail Replacement,Broken rail,3,MEDIUM,2025-08-28,2025-08-31,2025-09-17,2.9,9,MEDIUM,Pending,17,Normal
ENG3445,AST0189,SEC039,Track Alignment,Lateral misalignment,3,MEDIUM,2025-01-27,2025-01-27,2025-02-11,11.5,5,MEDIUM,In Progress,15,Normal
ENG3446,AST0055,SEC055,Rail Replacement,End-post fracture,5,LOW,2025-06-03,2025-06-03,2025-07-21,4.6,14,LOW,Pending,48,Low
ENG3447,AST0186,SEC036,Track Geometry Correction,Cross-level error,1,CRITICAL,2025-05-29,2025-06-01,2025-06-04,2.1,5,HIGH,In Progress,3,Urgent
ENG3448,AST0021,SEC021,Rail Replacement,End-post fracture,3,MEDIUM,2025-02-24,2025-02-26,2025-03-16,5.8,5,MEDIUM,In Progress,18,Normal
ENG3449,AST0099,SEC024,Welding,Misaligned weld,2,HIGH,2025-01-12,2025-01-13,2025-01-28,10.1,15,HIGH,Scheduled,15,Normal
ENG3450,AST0300,SEC075,Ballast Maintenance,Vegetation growth,4,LOW,2025-04-24,2025-04-24,2025-06-04,7.5,15,LOW,Scheduled,41,Low
ENG3451,AST0373,SEC073,Rail Replacement,End-post fracture,4,LOW,2025-11-12,2025-11-15,2026-01-10,11.8,13,LOW,Scheduled,56,Low
ENG3452,AST0178,SEC028,Rail Inspection,Rail crack,4,LOW,2025-12-11,2025-12-14,2026-01-31,3.7,11,LOW,Pending,48,Low
ENG3453,AST0341,SEC041,Rail Inspection,Worn rail head,1,CRITICAL,2025-06-26,2025-06-26,2025-07-02,9.5,12,HIGH,In Progress,6,Urgent
ENG3454,AST0055,SEC055,Ballast Maintenance,Insufficient ballast,2,HIGH,2025-01-08,2025-01-09,2025-01-16,3.3,8,HIGH,Completed,7,Urgent
ENG3455,AST0052,SEC052,Ballast Maintenance,Vegetation growth,3,MEDIUM,2025-09-20,2025-09-21,2025-10-09,9.8,4,MEDIUM,In Progress,18,Normal
ENG3456,AST0259,SEC034,Track Geometry Correction,Cross-level error,5,LOW,2025-08-16,2025-08-19,2025-10-03,1.5,4,LOW,Pending,45,Low
ENG3457,AST0312,SEC012,Rail Inspection,Surface defect,4,LOW,2025-02-15,2025-02-17,2025-04-03,11.3,6,LOW,Pending,45,Low
ENG3458,AST0284,SEC059,Ballast Maintenance,Drainage blockage,3,MEDIUM,2025-09-21,2025-09-23,2025-10-21,4.5,10,MEDIUM,Pending,28,Normal
ENG3459,AST0252,SEC027,Rail Inspection,Corrugation,3,MEDIUM,2025-06-15,2025-06-15,2025-07-05,11.3,11,MEDIUM,Cancelled,20,Normal
ENG3460,AST0026,SEC026,Turnout Maintenance,Switch tongue wear,4,LOW,2025-08-17,2025-08-17,2025-09-15,2.2,8,LOW,Scheduled,29,Normal
ENG3461,AST0042,SEC042,Rail Inspection,Worn rail head,2,HIGH,2025-06-17,2025-06-17,2025-07-02,5.7,13,HIGH,Pending,15,Normal
ENG3462,AST0017,SEC017,Track Geometry Correction,Twist fault,3,MEDIUM,2025-09-28,2025-09-29,2025-10-14,6.8,7,MEDIUM,Cancelled,15,Normal
ENG3463,AST0236,SEC011,Track Alignment,Cant deficiency,4,LOW,2025-01-08,2025-01-11,2025-03-02,5.9,8,LOW,Pending,50,Low
ENG3464,AST0309,SEC009,Welding,Weld crack,3,MEDIUM,2025-03-16,2025-03-18,2025-04-12,7.6,12,MEDIUM,Pending,25,Normal
ENG3465,AST0061,SEC061,Rail Inspection,Surface defect,5,LOW,2025-10-12,2025-10-15,2026-01-09,7.9,7,LOW,Pending,86,Low
ENG3466,AST0058,SEC058,Turnout Maintenance,Crossing nose defect,3,MEDIUM,2025-06-08,2025-06-09,2025-07-04,1.0,8,MEDIUM,Pending,25,Normal
ENG3467,AST0060,SEC060,Rail Replacement,Rail end batter,3,MEDIUM,2025-08-07,2025-08-07,2025-08-24,6.9,6,MEDIUM,Completed,17,Normal
ENG3468,AST0235,SEC010,Welding,Thermit weld defect,2,HIGH,2025-10-10,2025-10-12,2025-10-21,2.8,3,HIGH,Pending,9,Normal
ENG3469,AST0070,SEC070,Rail Replacement,Severely worn rail,3,MEDIUM,2025-01-26,2025-01-27,2025-02-15,10.4,6,MEDIUM,Scheduled,19,Normal
ENG3470,AST0379,SEC004,Track Alignment,Buckling risk,4,LOW,2025-04-05,2025-04-07,2025-05-29,11.4,8,LOW,Completed,52,Low
ENG3471,AST0062,SEC062,Sleeper Replacement,Broken concrete sleeper,5,LOW,2025-07-06,2025-07-06,2025-09-21,6.4,15,LOW,Completed,77,Low
ENG3472,AST0252,SEC027,Rail Replacement,Broken rail,2,HIGH,2025-01-05,2025-01-05,2025-01-18,8.4,10,HIGH,In Progress,13,Normal
ENG3473,AST0148,SEC073,Turnout Maintenance,Point mechanism fault,3,MEDIUM,2025-01-05,2025-01-08,2025-02-05,6.6,11,MEDIUM,Pending,28,Normal
ENG3474,AST0239,SEC014,Rail Inspection,Surface defect,5,LOW,2025-09-18,2025-09-21,2025-12-17,8.1,14,LOW,Pending,87,Low
ENG3475,AST0086,SEC011,Rail Replacement,Severely worn rail,1,CRITICAL,2025-02-26,2025-03-01,2025-03-08,4.7,9,HIGH,Pending,7,Urgent
ENG3476,AST0029,SEC029,Rail Inspection,Corrugation,1,CRITICAL,2025-03-27,2025-03-29,2025-04-05,2.6,2,HIGH,Pending,7,Urgent
ENG3477,AST0328,SEC028,Ballast Maintenance,Insufficient ballast,1,CRITICAL,2025-02-03,2025-02-06,2025-02-12,1.7,13,HIGH,Scheduled,6,Urgent
ENG3478,AST0277,SEC052,Track Alignment,Buckling risk,2,HIGH,2025-03-12,2025-03-14,2025-03-25,2.3,9,HIGH,Pending,11,Normal
ENG3479,AST0119,SEC044,Track Geometry Correction,Cross-level error,3,MEDIUM,2025-06-11,2025-06-13,2025-07-01,7.2,13,MEDIUM,In Progress,18,Normal
ENG3480,AST0273,SEC048,Track Alignment,Cant deficiency,3,MEDIUM,2025-03-07,2025-03-08,2025-03-22,4.9,3,MEDIUM,Pending,14,Normal
ENG3481,AST0263,SEC038,Welding,Weld depression,5,LOW,2025-11-23,2025-11-26,2026-02-11,4.4,6,LOW,In Progress,77,Low
ENG3482,AST0388,SEC013,Turnout Maintenance,Crossing nose defect,4,LOW,2025-10-24,2025-10-24,2025-12-18,10.8,5,LOW,Completed,55,Low
ENG3483,AST0054,SEC054,Rail Inspection,Rail crack,4,LOW,2025-09-11,2025-09-13,2025-10-30,6.7,5,LOW,Scheduled,47,Low
ENG3484,AST0183,SEC033,Ballast Maintenance,Vegetation growth,3,MEDIUM,2025-10-01,2025-10-03,2025-10-25,2.4,14,MEDIUM,In Progress,22,Normal
ENG3485,AST0259,SEC034,Welding,Thermit weld defect,5,LOW,2025-05-05,2025-05-07,2025-06-29,6.2,3,LOW,Scheduled,53,Low
ENG3486,AST0037,SEC037,Ballast Maintenance,Insufficient ballast,4,LOW,2025-12-11,2025-12-12,2026-01-26,9.8,15,LOW,Pending,45,Low
ENG3487,AST0326,SEC026,Welding,Weld crack,3,MEDIUM,2025-06-13,2025-06-15,2025-07-03,6.7,13,MEDIUM,Completed,18,Normal
ENG3488,AST0028,SEC028,Rail Inspection,Worn rail head,3,MEDIUM,2025-03-01,2025-03-04,2025-03-30,3.4,9,MEDIUM,Scheduled,26,Normal
ENG3489,AST0245,SEC020,Track Geometry Correction,Alignment defect,4,LOW,2025-09-23,2025-09-24,2025-10-22,2.5,6,LOW,Scheduled,28,Normal
ENG3490,AST0190,SEC040,Rail Replacement,Rail end batter,3,MEDIUM,2025-12-13,2025-12-16,2026-01-10,7.4,13,MEDIUM,Completed,25,Normal
ENG3491,AST0055,SEC055,Track Alignment,Vertical misalignment,3,MEDIUM,2025-10-05,2025-10-05,2025-10-30,5.0,12,MEDIUM,Scheduled,25,Normal
ENG3492,AST0126,SEC051,Turnout Maintenance,Check rail gap,2,HIGH,2025-02-21,2025-02-22,2025-03-03,8.1,12,HIGH,Completed,9,Normal
ENG3493,AST0356,SEC056,Rail Inspection,Worn rail head,1,CRITICAL,2025-11-28,2025-11-29,2025-12-04,2.6,13,HIGH,Completed,5,Urgent
ENG3494,AST0281,SEC056,Rail Replacement,Severely worn rail,4,LOW,2025-06-04,2025-06-07,2025-07-14,1.3,10,LOW,Completed,37,Low
ENG3495,AST0329,SEC029,Welding,Weld crack,3,MEDIUM,2025-12-07,2025-12-07,2026-01-03,8.4,12,MEDIUM,Pending,27,Normal
ENG3496,AST0131,SEC056,Welding,Weld depression,2,HIGH,2025-09-26,2025-09-28,2025-10-13,4.4,13,HIGH,Completed,15,Normal
ENG3497,AST0246,SEC021,Welding,Thermit weld defect,5,LOW,2025-11-06,2025-11-08,2026-01-23,6.1,2,LOW,Scheduled,76,Low
ENG3498,AST0157,SEC007,Ballast Maintenance,Drainage blockage,4,LOW,2025-01-24,2025-01-24,2025-03-15,8.8,8,LOW,Completed,50,Low
ENG3499,AST0184,SEC034,Ballast Maintenance,Fouled ballast,3,MEDIUM,2025-02-15,2025-02-15,2025-03-10,6.9,5,MEDIUM,In Progress,23,Normal
ENG3500,AST0145,SEC070,Rail Inspection,Worn rail head,4,LOW,2025-06-16,2025-06-18,2025-08-15,10.1,10,LOW,In Progress,58,Low
ENG3501,AST0351,SEC051,Rail Replacement,Rail end batter,1,CRITICAL,2024-12-29,2025-01-01,2025-01-08,11.2,9,HIGH,Completed,7,Urgent
ENG3502,AST0322,SEC022,Rail Inspection,Rail crack,3,MEDIUM,2025-03-05,2025-03-06,2025-04-05,3.5,11,MEDIUM,In Progress,30,Normal
ENG3503,AST0117,SEC042,Rail Inspection,Worn rail head,3,MEDIUM,2025-01-18,2025-01-20,2025-02-19,10.5,2,MEDIUM,Pending,30,Normal
ENG3504,AST0356,SEC056,Sleeper Replacement,Missing sleeper,4,LOW,2025-09-07,2025-09-09,2025-10-24,4.7,4,LOW,Completed,45,Low
ENG3505,AST0156,SEC006,Welding,Misaligned weld,3,MEDIUM,2025-09-11,2025-09-11,2025-10-01,7.7,11,MEDIUM,Completed,20,Normal
ENG3506,AST0063,SEC063,Rail Replacement,Severely worn rail,4,LOW,2025-06-23,2025-06-23,2025-08-20,7.3,15,LOW,Cancelled,58,Low
ENG3507,AST0018,SEC018,Rail Inspection,Rail crack,3,MEDIUM,2025-10-24,2025-10-26,2025-11-25,4.9,4,MEDIUM,Scheduled,30,Normal
ENG3508,AST0273,SEC048,Ballast Maintenance,Insufficient ballast,4,LOW,2025-08-24,2025-08-24,2025-09-30,11.2,7,LOW,Scheduled,37,Low
ENG3509,AST0123,SEC048,Rail Replacement,Broken rail,5,LOW,2025-12-03,2025-12-03,2026-01-27,2.9,4,LOW,Pending,55,Low
ENG3510,AST0142,SEC067,Rail Replacement,End-post fracture,4,LOW,2025-08-17,2025-08-18,2025-09-17,8.5,8,LOW,Completed,30,Normal
ENG3511,AST0283,SEC058,Ballast Maintenance,Fouled ballast,3,MEDIUM,2025-09-23,2025-09-24,2025-10-24,1.1,5,MEDIUM,Cancelled,30,Normal
ENG3512,AST0202,SEC052,Track Geometry Correction,Twist fault,5,LOW,2025-08-09,2025-08-10,2025-10-19,3.5,6,LOW,Pending,70,Low
ENG3513,AST0098,SEC023,Turnout Maintenance,Check rail gap,3,MEDIUM,2025-04-19,2025-04-21,2025-05-09,11.9,5,MEDIUM,Completed,18,Normal
ENG3514,AST0146,SEC071,Sleeper Replacement,Decayed wooden sleeper,4,LOW,2025-01-21,2025-01-22,2025-03-02,6.0,5,LOW,Completed,39,Low
ENG3515,AST0278,SEC053,Welding,Thermit weld defect,3,MEDIUM,2025-11-09,2025-11-11,2025-11-25,10.8,2,MEDIUM,Cancelled,14,Normal
ENG3516,AST0236,SEC011,Track Alignment,Cant deficiency,3,MEDIUM,2025-07-10,2025-07-10,2025-07-26,4.0,14,MEDIUM,Completed,16,Normal
ENG3517,AST0375,SEC075,Ballast Maintenance,Insufficient ballast,2,HIGH,2025-04-29,2025-05-02,2025-05-09,8.2,3,HIGH,Pending,7,Urgent
ENG3518,AST0034,SEC034,Ballast Maintenance,Insufficient ballast,3,MEDIUM,2025-04-11,2025-04-11,2025-05-08,3.5,4,MEDIUM,Completed,27,Normal
ENG3519,AST0002,SEC002,Ballast Maintenance,Fouled ballast,4,LOW,2025-07-09,2025-07-09,2025-08-27,9.1,11,LOW,Completed,49,Low
ENG3520,AST0342,SEC042,Track Geometry Correction,Alignment defect,3,MEDIUM,2025-02-11,2025-02-13,2025-03-14,3.7,12,MEDIUM,Completed,29,Normal
ENG3521,AST0053,SEC053,Track Alignment,Vertical misalignment,1,CRITICAL,2025-07-10,2025-07-12,2025-07-15,9.6,12,HIGH,Scheduled,3,Urgent
ENG3522,AST0209,SEC059,Ballast Maintenance,Vegetation growth,3,MEDIUM,2025-11-07,2025-11-08,2025-11-25,4.1,7,MEDIUM,Cancelled,17,Normal
ENG3523,AST0061,SEC061,Turnout Maintenance,Crossing nose defect,1,CRITICAL,2025-03-01,2025-03-03,2025-03-10,6.7,7,HIGH,Pending,7,Urgent
ENG3524,AST0075,SEC075,Track Alignment,Cant deficiency,5,LOW,2025-07-13,2025-07-13,2025-09-28,11.6,5,LOW,Pending,77,Low
ENG3525,AST0399,SEC024,Sleeper Replacement,Missing sleeper,2,HIGH,2025-05-01,2025-05-02,2025-05-17,11.8,12,HIGH,Cancelled,15,Normal
ENG3526,AST0078,SEC003,Welding,Weld crack,4,LOW,2025-02-11,2025-02-12,2025-03-16,2.8,5,LOW,Completed,32,Low
ENG3527,AST0326,SEC026,Track Alignment,Cant deficiency,5,LOW,2025-09-16,2025-09-17,2025-12-06,11.1,11,LOW,Completed,80,Low
ENG3528,AST0259,SEC034,Sleeper Replacement,Missing sleeper,3,MEDIUM,2025-06-18,2025-06-21,2025-07-11,8.6,2,MEDIUM,Pending,20,Normal
ENG3529,AST0369,SEC069,Track Alignment,Buckling risk,2,HIGH,2025-08-23,2025-08-26,2025-09-10,1.1,13,HIGH,Completed,15,Normal
ENG3530,AST0291,SEC066,Track Alignment,Cant deficiency,5,LOW,2025-09-02,2025-09-04,2025-11-13,4.5,12,LOW,Completed,70,Low
ENG3531,AST0122,SEC047,Rail Inspection,Gauge deviation,4,LOW,2025-07-06,2025-07-06,2025-08-21,6.2,13,LOW,Completed,46,Low
ENG3532,AST0382,SEC007,Welding,Weld crack,3,MEDIUM,2025-04-27,2025-04-29,2025-05-22,2.1,3,MEDIUM,Completed,23,Normal
ENG3533,AST0010,SEC010,Rail Inspection,Surface defect,5,LOW,2025-03-08,2025-03-08,2025-05-08,7.0,2,LOW,Pending,61,Low
ENG3534,AST0035,SEC035,Rail Replacement,Rail end batter,1,CRITICAL,2025-01-12,2025-01-12,2025-01-18,8.3,9,HIGH,Completed,6,Urgent
ENG3535,AST0163,SEC013,Rail Inspection,Surface defect,4,LOW,2025-12-17,2025-12-20,2026-01-19,2.0,2,LOW,In Progress,30,Normal
ENG3536,AST0001,SEC001,Rail Inspection,Gauge deviation,4,LOW,2025-07-18,2025-07-21,2025-09-10,2.3,8,LOW,Pending,51,Low
ENG3537,AST0256,SEC031,Rail Inspection,Worn rail head,5,LOW,2025-08-13,2025-08-14,2025-10-28,3.6,7,LOW,Completed,75,Low
ENG3538,AST0288,SEC063,Rail Inspection,Corrugation,1,CRITICAL,2025-02-05,2025-02-06,2025-02-09,1.9,8,HIGH,Completed,3,Urgent
ENG3539,AST0359,SEC059,Rail Replacement,Broken rail,5,LOW,2025-07-10,2025-07-10,2025-09-25,6.2,6,LOW,Completed,77,Low
ENG3540,AST0086,SEC011,Ballast Maintenance,Drainage blockage,4,LOW,2025-07-29,2025-08-01,2025-09-30,9.6,4,LOW,Pending,60,Low
ENG3541,AST0381,SEC006,Turnout Maintenance,Crossing nose defect,5,LOW,2025-02-14,2025-02-16,2025-04-05,11.7,11,LOW,Pending,48,Low
ENG3542,AST0029,SEC029,Track Geometry Correction,Cross-level error,5,LOW,2025-02-05,2025-02-07,2025-04-27,3.8,15,LOW,Pending,79,Low
ENG3543,AST0247,SEC022,Turnout Maintenance,Check rail gap,3,MEDIUM,2025-04-25,2025-04-28,2025-05-25,8.9,9,MEDIUM,Scheduled,27,Normal
ENG3544,AST0336,SEC036,Ballast Maintenance,Fouled ballast,3,MEDIUM,2025-10-17,2025-10-20,2025-11-11,10.3,12,MEDIUM,Pending,22,Normal
ENG3545,AST0057,SEC057,Rail Replacement,Severely worn rail,3,MEDIUM,2025-11-16,2025-11-19,2025-12-05,3.8,14,MEDIUM,Completed,16,Normal
ENG3546,AST0302,SEC002,Rail Inspection,Corrugation,4,LOW,2025-02-16,2025-02-18,2025-03-25,10.6,12,LOW,Pending,35,Low
ENG3547,AST0263,SEC038,Turnout Maintenance,Point mechanism fault,5,LOW,2025-05-26,2025-05-28,2025-08-23,3.9,9,LOW,Completed,87,Low
ENG3548,AST0207,SEC057,Turnout Maintenance,Point mechanism fault,2,HIGH,2025-07-30,2025-08-01,2025-08-09,8.1,7,HIGH,Completed,8,Normal
ENG3549,AST0248,SEC023,Rail Inspection,Rail crack,4,LOW,2025-11-11,2025-11-12,2026-01-09,5.9,7,LOW,Scheduled,58,Low
ENG3550,AST0102,SEC027,Rail Inspection,Gauge deviation,3,MEDIUM,2025-07-30,2025-07-31,2025-08-20,4.8,10,MEDIUM,Pending,20,Normal
ENG3551,AST0260,SEC035,Track Geometry Correction,Gauge irregularity,3,MEDIUM,2025-12-09,2025-12-12,2025-12-29,11.9,10,MEDIUM,In Progress,17,Normal
ENG3552,AST0022,SEC022,Track Alignment,Lateral misalignment,2,HIGH,2025-03-14,2025-03-15,2025-03-27,10.5,5,HIGH,Scheduled,12,Normal
ENG3553,AST0199,SEC049,Track Geometry Correction,Alignment defect,2,HIGH,2025-02-03,2025-02-03,2025-02-13,7.5,12,HIGH,Completed,10,Normal
ENG3554,AST0210,SEC060,Turnout Maintenance,Check rail gap,4,LOW,2025-11-01,2025-11-01,2025-12-26,6.4,8,LOW,Scheduled,55,Low
ENG3555,AST0119,SEC044,Sleeper Replacement,Broken concrete sleeper,2,HIGH,2025-11-22,2025-11-23,2025-12-03,4.1,5,HIGH,In Progress,10,Normal
ENG3556,AST0107,SEC032,Track Alignment,Cant deficiency,2,HIGH,2025-11-24,2025-11-27,2025-12-09,5.5,11,HIGH,Pending,12,Normal
ENG3557,AST0319,SEC019,Turnout Maintenance,Crossing nose defect,3,MEDIUM,2025-02-06,2025-02-08,2025-03-09,8.6,14,MEDIUM,Pending,29,Normal
ENG3558,AST0290,SEC065,Rail Replacement,Broken rail,2,HIGH,2025-02-22,2025-02-25,2025-03-10,2.5,14,HIGH,Scheduled,13,Normal
ENG3559,AST0222,SEC072,Track Alignment,Vertical misalignment,3,MEDIUM,2025-04-12,2025-04-13,2025-05-10,3.4,4,MEDIUM,Pending,27,Normal
ENG3560,AST0280,SEC055,Ballast Maintenance,Drainage blockage,3,MEDIUM,2025-10-25,2025-10-28,2025-11-11,5.2,12,MEDIUM,Pending,14,Normal
ENG3561,AST0136,SEC061,Track Geometry Correction,Alignment defect,4,LOW,2025-06-29,2025-06-29,2025-08-24,3.8,3,LOW,Cancelled,56,Low
ENG3562,AST0256,SEC031,Rail Inspection,Rail crack,2,HIGH,2025-10-19,2025-10-21,2025-10-31,10.1,7,HIGH,Pending,10,Normal
ENG3563,AST0145,SEC070,Rail Inspection,Corrugation,2,HIGH,2025-03-03,2025-03-06,2025-03-14,6.8,12,HIGH,Scheduled,8,Normal
ENG3564,AST0124,SEC049,Sleeper Replacement,Missing sleeper,3,MEDIUM,2025-12-06,2025-12-09,2026-01-08,10.2,13,MEDIUM,Cancelled,30,Normal
ENG3565,AST0177,SEC027,Welding,Weld crack,3,MEDIUM,2025-03-03,2025-03-05,2025-04-02,6.5,8,MEDIUM,Pending,28,Normal
ENG3566,AST0167,SEC017,Turnout Maintenance,Crossing nose defect,4,LOW,2025-12-10,2025-12-11,2026-01-31,6.3,2,LOW,Completed,51,Low
ENG3567,AST0361,SEC061,Rail Replacement,Severely worn rail,3,MEDIUM,2025-08-03,2025-08-05,2025-09-03,4.6,11,MEDIUM,In Progress,29,Normal
ENG3568,AST0210,SEC060,Track Alignment,Cant deficiency,4,LOW,2025-09-05,2025-09-05,2025-10-06,6.1,2,LOW,Completed,31,Low
ENG3569,AST0102,SEC027,Welding,Thermit weld defect,2,HIGH,2025-01-28,2025-01-28,2025-02-08,11.2,15,HIGH,Completed,11,Normal
ENG3570,AST0254,SEC029,Track Alignment,Vertical misalignment,2,HIGH,2025-03-10,2025-03-11,2025-03-23,3.8,3,HIGH,Pending,12,Normal
ENG3571,AST0322,SEC022,Track Geometry Correction,Alignment defect,2,HIGH,2025-12-05,2025-12-05,2025-12-12,11.2,2,HIGH,Scheduled,7,Urgent
ENG3572,AST0337,SEC037,Welding,Misaligned weld,5,LOW,2025-12-17,2025-12-20,2026-03-01,2.9,8,LOW,Completed,71,Low
ENG3573,AST0086,SEC011,Ballast Maintenance,Insufficient ballast,3,MEDIUM,2025-03-08,2025-03-10,2025-04-04,8.5,12,MEDIUM,Completed,25,Normal
ENG3574,AST0191,SEC041,Rail Inspection,Worn rail head,3,MEDIUM,2025-07-17,2025-07-17,2025-08-04,1.2,13,MEDIUM,Completed,18,Normal
ENG3575,AST0237,SEC012,Welding,Thermit weld defect,3,MEDIUM,2025-06-05,2025-06-07,2025-07-07,11.8,2,MEDIUM,Completed,30,Normal
ENG3576,AST0057,SEC057,Sleeper Replacement,Missing sleeper,3,MEDIUM,2025-10-23,2025-10-26,2025-11-17,9.7,2,MEDIUM,Completed,22,Normal
ENG3577,AST0368,SEC068,Ballast Maintenance,Insufficient ballast,2,HIGH,2025-11-12,2025-11-13,2025-11-26,2.8,8,HIGH,Pending,13,Normal
ENG3578,AST0334,SEC034,Track Geometry Correction,Cross-level error,4,LOW,2025-01-31,2025-01-31,2025-03-02,4.6,2,LOW,Cancelled,30,Normal
ENG3579,AST0095,SEC020,Track Geometry Correction,Gauge irregularity,4,LOW,2025-08-01,2025-08-02,2025-09-03,6.5,6,LOW,Completed,32,Low
ENG3580,AST0118,SEC043,Ballast Maintenance,Insufficient ballast,3,MEDIUM,2025-05-08,2025-05-11,2025-05-28,1.2,12,MEDIUM,Completed,17,Normal
ENG3581,AST0140,SEC065,Sleeper Replacement,Cracked sleeper,3,MEDIUM,2025-12-14,2025-12-16,2026-01-04,9.0,13,MEDIUM,Pending,19,Normal
ENG3582,AST0305,SEC005,Turnout Maintenance,Crossing nose defect,4,LOW,2025-02-20,2025-02-20,2025-04-10,5.4,15,LOW,Completed,49,Low
ENG3583,AST0239,SEC014,Rail Replacement,End-post fracture,4,LOW,2025-02-19,2025-02-21,2025-03-25,11.0,4,LOW,Completed,32,Low
ENG3584,AST0278,SEC053,Rail Inspection,Corrugation,2,HIGH,2025-03-12,2025-03-14,2025-03-25,1.9,3,HIGH,Completed,11,Normal
ENG3585,AST0172,SEC022,Ballast Maintenance,Vegetation growth,5,LOW,2025-05-01,2025-05-02,2025-06-22,1.2,12,LOW,Pending,51,Low
ENG3586,AST0246,SEC021,Track Alignment,Lateral misalignment,4,LOW,2025-02-14,2025-02-14,2025-04-05,6.4,11,LOW,Pending,50,Low
ENG3587,AST0320,SEC020,Turnout Maintenance,Crossing nose defect,4,LOW,2025-08-13,2025-08-14,2025-09-17,1.7,9,LOW,Pending,34,Low
ENG3588,AST0001,SEC001,Sleeper Replacement,Missing sleeper,2,HIGH,2025-02-08,2025-02-10,2025-02-24,7.9,15,HIGH,In Progress,14,Normal
ENG3589,AST0383,SEC008,Rail Inspection,Gauge deviation,4,LOW,2025-11-11,2025-11-12,2025-12-16,7.8,7,LOW,Scheduled,34,Low
ENG3590,AST0188,SEC038,Track Alignment,Vertical misalignment,3,MEDIUM,2025-04-09,2025-04-11,2025-05-08,9.2,12,MEDIUM,Pending,27,Normal
ENG3591,AST0107,SEC032,Track Geometry Correction,Twist fault,3,MEDIUM,2025-12-16,2025-12-19,2026-01-14,10.3,10,MEDIUM,Completed,26,Normal
ENG3592,AST0091,SEC016,Track Geometry Correction,Alignment defect,2,HIGH,2025-05-23,2025-05-23,2025-06-07,3.2,14,HIGH,Completed,15,Normal
ENG3593,AST0175,SEC025,Sleeper Replacement,Decayed wooden sleeper,4,LOW,2025-09-12,2025-09-14,2025-10-27,10.1,7,LOW,Scheduled,43,Low
ENG3594,AST0149,SEC074,Welding,Weld crack,4,LOW,2025-10-26,2025-10-26,2025-12-10,2.5,13,LOW,Pending,45,Low
ENG3595,AST0111,SEC036,Track Alignment,Lateral misalignment,3,MEDIUM,2025-05-03,2025-05-03,2025-05-23,9.3,2,MEDIUM,In Progress,20,Normal
ENG3596,AST0162,SEC012,Track Alignment,Cant deficiency,4,LOW,2025-09-04,2025-09-04,2025-10-09,3.1,12,LOW,In Progress,35,Low
ENG3597,AST0100,SEC025,Ballast Maintenance,Vegetation growth,3,MEDIUM,2025-05-14,2025-05-15,2025-06-10,8.2,8,MEDIUM,Cancelled,26,Normal
ENG3598,AST0238,SEC013,Sleeper Replacement,Broken concrete sleeper,5,LOW,2025-04-01,2025-04-03,2025-06-17,2.1,4,LOW,Pending,75,Low
ENG3599,AST0267,SEC042,Track Geometry Correction,Alignment defect,2,HIGH,2025-11-04,2025-11-04,2025-11-14,6.0,15,HIGH,Pending,10,Normal
ENG3600,AST0256,SEC031,Rail Inspection,Corrugation,3,MEDIUM,2025-06-16,2025-06-16,2025-07-03,7.7,14,MEDIUM,Completed,17,Normal
ENG3601,AST0209,SEC059,Ballast Maintenance,Insufficient ballast,4,LOW,2025-10-01,2025-10-01,2025-11-29,9.9,13,LOW,Completed,59,Low
ENG3602,AST0349,SEC049,Rail Inspection,Corrugation,2,HIGH,2025-12-03,2025-12-03,2025-12-10,5.0,2,HIGH,Pending,7,Urgent
ENG3603,AST0045,SEC045,Rail Replacement,Broken rail,3,MEDIUM,2025-02-10,2025-02-10,2025-02-24,6.7,11,MEDIUM,In Progress,14,Normal
ENG3604,AST0215,SEC065,Rail Inspection,Gauge deviation,3,MEDIUM,2025-10-24,2025-10-24,2025-11-13,2.5,3,MEDIUM,Scheduled,20,Normal
ENG3605,AST0329,SEC029,Ballast Maintenance,Vegetation growth,3,MEDIUM,2025-05-01,2025-05-02,2025-05-26,4.8,9,MEDIUM,Pending,24,Normal
ENG3606,AST0081,SEC006,Track Geometry Correction,Alignment defect,2,HIGH,2025-03-26,2025-03-27,2025-04-05,9.7,12,HIGH,Pending,9,Normal
ENG3607,AST0160,SEC010,Rail Inspection,Corrugation,3,MEDIUM,2025-03-02,2025-03-02,2025-03-20,7.6,14,MEDIUM,In Progress,18,Normal
ENG3608,AST0180,SEC030,Track Alignment,Cant deficiency,5,LOW,2025-11-24,2025-11-25,2026-02-22,2.0,14,LOW,Completed,89,Low
ENG3609,AST0400,SEC025,Rail Inspection,Rail crack,3,MEDIUM,2025-08-06,2025-08-08,2025-09-06,5.4,4,MEDIUM,Scheduled,29,Normal
ENG3610,AST0022,SEC022,Track Alignment,Lateral misalignment,5,LOW,2025-07-25,2025-07-27,2025-09-07,2.4,2,LOW,Scheduled,42,Low
ENG3611,AST0269,SEC044,Welding,Thermit weld defect,1,CRITICAL,2025-09-17,2025-09-17,2025-09-24,8.7,6,HIGH,Pending,7,Urgent
ENG3612,AST0286,SEC061,Turnout Maintenance,Point mechanism fault,1,CRITICAL,2025-01-18,2025-01-18,2025-01-25,5.3,7,HIGH,Pending,7,Urgent
ENG3613,AST0206,SEC056,Track Alignment,Vertical misalignment,3,MEDIUM,2025-10-17,2025-10-17,2025-11-03,3.9,12,MEDIUM,Completed,17,Normal
ENG3614,AST0178,SEC028,Rail Replacement,Rail end batter,2,HIGH,2025-12-08,2025-12-09,2025-12-17,9.1,11,HIGH,In Progress,8,Normal
ENG3615,AST0323,SEC023,Welding,Misaligned weld,1,CRITICAL,2025-06-16,2025-06-19,2025-06-23,7.8,6,HIGH,Pending,4,Urgent
ENG3616,AST0218,SEC068,Track Geometry Correction,Gauge irregularity,2,HIGH,2025-06-18,2025-06-19,2025-06-29,8.9,14,HIGH,Pending,10,Normal
ENG3617,AST0120,SEC045,Rail Inspection,Rail crack,4,LOW,2025-01-07,2025-01-07,2025-02-10,7.1,12,LOW,Scheduled,34,Low
ENG3618,AST0172,SEC022,Rail Inspection,Corrugation,1,CRITICAL,2025-09-08,2025-09-09,2025-09-16,8.3,11,HIGH,Pending,7,Urgent
ENG3619,AST0341,SEC041,Track Geometry Correction,Twist fault,2,HIGH,2025-11-16,2025-11-19,2025-11-30,2.7,7,HIGH,Completed,11,Normal
ENG3620,AST0109,SEC034,Welding,Misaligned weld,3,MEDIUM,2025-01-05,2025-01-05,2025-01-22,4.8,6,MEDIUM,Cancelled,17,Normal
ENG3621,AST0256,SEC031,Track Alignment,Cant deficiency,4,LOW,2025-04-21,2025-04-24,2025-06-16,5.1,13,LOW,Completed,53,Low
ENG3622,AST0060,SEC060,Ballast Maintenance,Insufficient ballast,2,HIGH,2025-01-29,2025-01-29,2025-02-13,8.4,12,HIGH,Completed,15,Normal
ENG3623,AST0028,SEC028,Ballast Maintenance,Drainage blockage,3,MEDIUM,2025-03-19,2025-03-19,2025-04-04,11.9,13,MEDIUM,Completed,16,Normal
ENG3624,AST0221,SEC071,Rail Inspection,Worn rail head,2,HIGH,2025-11-02,2025-11-05,2025-11-16,6.6,9,HIGH,Completed,11,Normal
ENG3625,AST0074,SEC074,Rail Inspection,Corrugation,2,HIGH,2025-09-17,2025-09-18,2025-09-29,11.1,2,HIGH,Pending,11,Normal
ENG3626,AST0234,SEC009,Sleeper Replacement,Decayed wooden sleeper,3,MEDIUM,2025-09-09,2025-09-10,2025-09-26,11.4,8,MEDIUM,In Progress,16,Normal
ENG3627,AST0220,SEC070,Track Geometry Correction,Alignment defect,5,LOW,2025-01-15,2025-01-17,2025-03-31,2.0,12,LOW,Completed,73,Low
ENG3628,AST0030,SEC030,Track Alignment,Lateral misalignment,3,MEDIUM,2025-11-30,2025-11-30,2025-12-27,10.8,5,MEDIUM,Scheduled,27,Normal
ENG3629,AST0359,SEC059,Rail Inspection,Worn rail head,3,MEDIUM,2025-05-23,2025-05-26,2025-06-23,8.9,8,MEDIUM,Cancelled,28,Normal
ENG3630,AST0102,SEC027,Ballast Maintenance,Fouled ballast,4,LOW,2025-09-25,2025-09-27,2025-11-02,8.7,4,LOW,In Progress,36,Low
ENG3631,AST0173,SEC023,Sleeper Replacement,Decayed wooden sleeper,2,HIGH,2025-04-17,2025-04-19,2025-04-30,8.7,5,HIGH,Scheduled,11,Normal
ENG3632,AST0365,SEC065,Rail Inspection,Rail crack,4,LOW,2025-05-31,2025-05-31,2025-07-26,2.2,9,LOW,Pending,56,Low
ENG3633,AST0261,SEC036,Sleeper Replacement,Cracked sleeper,5,LOW,2025-07-14,2025-07-16,2025-09-15,6.9,6,LOW,Pending,61,Low
ENG3634,AST0156,SEC006,Rail Inspection,Corrugation,4,LOW,2025-01-07,2025-01-10,2025-02-12,5.9,9,LOW,Pending,33,Low
ENG3635,AST0133,SEC058,Sleeper Replacement,Decayed wooden sleeper,5,LOW,2025-08-10,2025-08-10,2025-10-09,3.3,3,LOW,Pending,60,Low
ENG3636,AST0148,SEC073,Track Alignment,Cant deficiency,5,LOW,2025-04-23,2025-04-25,2025-06-19,10.9,12,LOW,Completed,55,Low
ENG3637,AST0194,SEC044,Rail Replacement,End-post fracture,5,LOW,2025-03-03,2025-03-05,2025-05-28,7.9,3,LOW,Scheduled,84,Low
ENG3638,AST0139,SEC064,Ballast Maintenance,Fouled ballast,4,LOW,2025-10-16,2025-10-16,2025-11-26,6.5,9,LOW,Pending,41,Low
ENG3639,AST0112,SEC037,Rail Inspection,Gauge deviation,2,HIGH,2025-12-08,2025-12-09,2025-12-20,3.8,9,HIGH,Pending,11,Normal
ENG3640,AST0006,SEC006,Track Geometry Correction,Twist fault,3,MEDIUM,2025-05-11,2025-05-14,2025-06-09,2.1,14,MEDIUM,In Progress,26,Normal
ENG3641,AST0001,SEC001,Track Alignment,Buckling risk,5,LOW,2025-06-16,2025-06-19,2025-07-31,3.4,14,LOW,Completed,42,Low
ENG3642,AST0111,SEC036,Ballast Maintenance,Fouled ballast,2,HIGH,2025-01-23,2025-01-25,2025-02-04,5.8,5,HIGH,Pending,10,Normal
ENG3643,AST0015,SEC015,Track Alignment,Cant deficiency,3,MEDIUM,2025-08-17,2025-08-17,2025-08-31,3.4,12,MEDIUM,In Progress,14,Normal
ENG3644,AST0160,SEC010,Sleeper Replacement,Cracked sleeper,5,LOW,2025-02-21,2025-02-23,2025-04-07,11.2,4,LOW,Completed,43,Low
ENG3645,AST0257,SEC032,Turnout Maintenance,Switch tongue wear,3,MEDIUM,2025-05-22,2025-05-25,2025-06-13,5.1,2,MEDIUM,Cancelled,19,Normal
ENG3646,AST0365,SEC065,Track Alignment,Lateral misalignment,3,MEDIUM,2025-09-28,2025-10-01,2025-10-24,1.7,9,MEDIUM,Scheduled,23,Normal
ENG3647,AST0029,SEC029,Welding,Misaligned weld,3,MEDIUM,2025-02-07,2025-02-09,2025-03-11,2.4,3,MEDIUM,Pending,30,Normal
ENG3648,AST0089,SEC014,Track Geometry Correction,Cross-level error,3,MEDIUM,2025-05-07,2025-05-09,2025-05-31,10.2,12,MEDIUM,Completed,22,Normal
ENG3649,AST0232,SEC007,Track Geometry Correction,Cross-level error,4,LOW,2025-02-23,2025-02-24,2025-04-05,10.4,5,LOW,Cancelled,40,Low
ENG3650,AST0183,SEC033,Track Geometry Correction,Twist fault,3,MEDIUM,2025-03-09,2025-03-09,2025-03-31,7.5,7,MEDIUM,Pending,22,Normal
ENG3651,AST0267,SEC042,Track Geometry Correction,Gauge irregularity,4,LOW,2025-06-28,2025-06-28,2025-08-18,11.9,14,LOW,Pending,51,Low
ENG3652,AST0018,SEC018,Welding,Weld depression,2,HIGH,2025-05-20,2025-05-23,2025-06-06,2.6,12,HIGH,Completed,14,Normal
ENG3653,AST0257,SEC032,Ballast Maintenance,Insufficient ballast,2,HIGH,2025-01-28,2025-01-29,2025-02-07,10.2,7,HIGH,Cancelled,9,Normal
ENG3654,AST0050,SEC050,Ballast Maintenance,Drainage blockage,2,HIGH,2025-08-16,2025-08-18,2025-08-29,4.3,14,HIGH,Scheduled,11,Normal
ENG3655,AST0379,SEC004,Turnout Maintenance,Switch tongue wear,3,MEDIUM,2025-06-18,2025-06-20,2025-07-15,9.7,11,MEDIUM,Scheduled,25,Normal
ENG3656,AST0211,SEC061,Track Alignment,Cant deficiency,4,LOW,2025-04-26,2025-04-27,2025-06-08,3.5,10,LOW,Completed,42,Low
ENG3657,AST0207,SEC057,Rail Inspection,Corrugation,3,MEDIUM,2025-03-18,2025-03-21,2025-04-19,11.6,12,MEDIUM,Pending,29,Normal
ENG3658,AST0044,SEC044,Track Alignment,Cant deficiency,4,LOW,2025-08-07,2025-08-10,2025-09-30,11.3,7,LOW,Completed,51,Low
ENG3659,AST0276,SEC051,Turnout Maintenance,Crossing nose defect,3,MEDIUM,2025-10-07,2025-10-10,2025-10-29,8.3,10,MEDIUM,Pending,19,Normal
ENG3660,AST0235,SEC010,Track Geometry Correction,Alignment defect,3,MEDIUM,2025-03-15,2025-03-18,2025-04-13,5.3,3,MEDIUM,Cancelled,26,Normal
ENG3661,AST0018,SEC018,Rail Inspection,Gauge deviation,3,MEDIUM,2025-03-09,2025-03-12,2025-04-11,11.0,14,MEDIUM,Pending,30,Normal
ENG3662,AST0319,SEC019,Turnout Maintenance,Switch tongue wear,4,LOW,2025-08-28,2025-08-28,2025-09-28,1.1,11,LOW,In Progress,31,Low
ENG3663,AST0253,SEC028,Turnout Maintenance,Crossing nose defect,2,HIGH,2025-09-21,2025-09-24,2025-10-06,11.5,8,HIGH,Completed,12,Normal
ENG3664,AST0153,SEC003,Track Alignment,Cant deficiency,4,LOW,2025-11-26,2025-11-27,2025-12-25,6.8,6,LOW,Pending,28,Normal
ENG3665,AST0033,SEC033,Track Alignment,Cant deficiency,4,LOW,2025-10-17,2025-10-17,2025-11-23,10.0,8,LOW,Pending,37,Low
ENG3666,AST0217,SEC067,Rail Replacement,Severely worn rail,4,LOW,2025-05-07,2025-05-07,2025-07-03,10.7,2,LOW,Cancelled,57,Low
ENG3667,AST0343,SEC043,Track Alignment,Buckling risk,5,LOW,2025-09-27,2025-09-29,2025-11-14,4.5,2,LOW,Completed,46,Low
ENG3668,AST0004,SEC004,Track Alignment,Buckling risk,3,MEDIUM,2025-11-03,2025-11-04,2025-11-19,4.1,13,MEDIUM,Scheduled,15,Normal
ENG3669,AST0306,SEC006,Track Geometry Correction,Twist fault,2,HIGH,2025-01-01,2025-01-01,2025-01-09,2.5,13,HIGH,Completed,8,Normal
ENG3670,AST0065,SEC065,Track Geometry Correction,Twist fault,5,LOW,2025-05-09,2025-05-10,2025-08-04,11.2,5,LOW,Completed,86,Low
ENG3671,AST0076,SEC001,Sleeper Replacement,Broken concrete sleeper,3,MEDIUM,2025-08-23,2025-08-25,2025-09-20,7.6,13,MEDIUM,Scheduled,26,Normal
ENG3672,AST0079,SEC004,Rail Replacement,Broken rail,4,LOW,2025-09-16,2025-09-16,2025-11-02,8.2,6,LOW,Pending,47,Low
ENG3673,AST0360,SEC060,Track Alignment,Buckling risk,1,CRITICAL,2025-05-07,2025-05-09,2025-05-16,5.8,7,HIGH,Pending,7,Urgent
ENG3674,AST0198,SEC048,Rail Inspection,Rail crack,5,LOW,2025-12-08,2025-12-10,2026-02-25,11.8,7,LOW,Cancelled,77,Low
ENG3675,AST0089,SEC014,Track Alignment,Lateral misalignment,4,LOW,2025-06-27,2025-06-27,2025-07-25,2.6,12,LOW,Scheduled,28,Normal
ENG3676,AST0293,SEC068,Ballast Maintenance,Insufficient ballast,3,MEDIUM,2025-09-08,2025-09-11,2025-09-30,11.0,8,MEDIUM,Completed,19,Normal
ENG3677,AST0212,SEC062,Track Geometry Correction,Gauge irregularity,3,MEDIUM,2025-08-29,2025-09-01,2025-09-27,11.7,10,MEDIUM,Pending,26,Normal
ENG3678,AST0153,SEC003,Turnout Maintenance,Check rail gap,4,LOW,2025-11-19,2025-11-21,2026-01-13,7.3,7,LOW,In Progress,53,Low
ENG3679,AST0330,SEC030,Turnout Maintenance,Crossing nose defect,5,LOW,2025-04-26,2025-04-28,2025-06-29,7.4,6,LOW,Completed,62,Low
ENG3680,AST0367,SEC067,Rail Inspection,Surface defect,2,HIGH,2025-01-15,2025-01-15,2025-01-29,9.3,6,HIGH,Scheduled,14,Normal
ENG3681,AST0010,SEC010,Rail Inspection,Worn rail head,3,MEDIUM,2025-10-09,2025-10-12,2025-11-05,4.1,11,MEDIUM,Pending,24,Normal
ENG3682,AST0183,SEC033,Welding,Weld depression,3,MEDIUM,2025-03-01,2025-03-01,2025-03-24,4.4,6,MEDIUM,Completed,23,Normal
ENG3683,AST0019,SEC019,Turnout Maintenance,Check rail gap,1,CRITICAL,2025-02-02,2025-02-02,2025-02-06,11.7,12,HIGH,Completed,4,Urgent
ENG3684,AST0355,SEC055,Sleeper Replacement,Decayed wooden sleeper,1,CRITICAL,2025-02-26,2025-02-28,2025-03-07,9.0,10,HIGH,Completed,7,Urgent
ENG3685,AST0018,SEC018,Ballast Maintenance,Fouled ballast,4,LOW,2025-04-10,2025-04-12,2025-05-23,6.0,8,LOW,Completed,41,Low
ENG3686,AST0102,SEC027,Sleeper Replacement,Decayed wooden sleeper,3,MEDIUM,2025-09-24,2025-09-27,2025-10-26,5.7,6,MEDIUM,Pending,29,Normal
ENG3687,AST0276,SEC051,Turnout Maintenance,Check rail gap,5,LOW,2025-03-04,2025-03-05,2025-05-26,3.5,15,LOW,Scheduled,82,Low
ENG3688,AST0098,SEC023,Turnout Maintenance,Crossing nose defect,4,LOW,2025-02-10,2025-02-12,2025-03-13,1.7,2,LOW,Scheduled,29,Normal
ENG3689,AST0278,SEC053,Track Geometry Correction,Alignment defect,3,MEDIUM,2025-11-02,2025-11-03,2025-11-29,9.8,5,MEDIUM,Completed,26,Normal
ENG3690,AST0278,SEC053,Welding,Weld crack,2,HIGH,2025-11-20,2025-11-23,2025-12-06,7.0,14,HIGH,Scheduled,13,Normal
ENG3691,AST0263,SEC038,Rail Inspection,Gauge deviation,5,LOW,2025-08-01,2025-08-02,2025-09-30,1.4,9,LOW,Pending,59,Low
ENG3692,AST0044,SEC044,Rail Inspection,Rail crack,2,HIGH,2025-11-05,2025-11-08,2025-11-19,7.0,11,HIGH,Pending,11,Normal
ENG3693,AST0316,SEC016,Track Alignment,Buckling risk,1,CRITICAL,2025-06-30,2025-07-01,2025-07-06,3.6,14,HIGH,Completed,5,Urgent
ENG3694,AST0002,SEC002,Rail Inspection,Corrugation,4,LOW,2025-12-13,2025-12-13,2026-02-03,5.7,11,LOW,Pending,52,Low
ENG3695,AST0097,SEC022,Ballast Maintenance,Vegetation growth,4,LOW,2025-07-21,2025-07-24,2025-09-09,5.2,5,LOW,Scheduled,47,Low
ENG3696,AST0318,SEC018,Track Alignment,Buckling risk,4,LOW,2025-10-18,2025-10-19,2025-12-07,7.3,10,LOW,Completed,49,Low
ENG3697,AST0079,SEC004,Rail Replacement,End-post fracture,2,HIGH,2025-03-03,2025-03-03,2025-03-13,11.3,11,HIGH,Pending,10,Normal
ENG3698,AST0189,SEC039,Ballast Maintenance,Vegetation growth,5,LOW,2025-03-19,2025-03-19,2025-06-09,11.9,9,LOW,Scheduled,82,Low
ENG3699,AST0334,SEC034,Track Alignment,Cant deficiency,5,LOW,2025-03-10,2025-03-11,2025-05-30,2.8,10,LOW,Completed,80,Low
ENG3700,AST0316,SEC016,Rail Inspection,Gauge deviation,4,LOW,2025-03-25,2025-03-27,2025-05-02,9.9,10,LOW,Completed,36,Low
ENG3701,AST0318,SEC018,Rail Inspection,Surface defect,2,HIGH,2025-07-31,2025-08-03,2025-08-12,11.8,5,HIGH,In Progress,9,Normal
ENG3702,AST0066,SEC066,Rail Replacement,Broken rail,4,LOW,2025-07-09,2025-07-09,2025-08-06,9.0,10,LOW,Cancelled,28,Normal
ENG3703,AST0379,SEC004,Track Alignment,Buckling risk,4,LOW,2025-07-21,2025-07-22,2025-08-23,11.5,5,LOW,Pending,32,Low
ENG3704,AST0152,SEC002,Turnout Maintenance,Point mechanism fault,3,MEDIUM,2025-07-24,2025-07-27,2025-08-15,1.3,8,MEDIUM,Pending,19,Normal
ENG3705,AST0191,SEC041,Rail Replacement,Rail end batter,4,LOW,2025-08-28,2025-08-28,2025-10-08,2.7,4,LOW,Pending,41,Low
ENG3706,AST0033,SEC033,Ballast Maintenance,Vegetation growth,2,HIGH,2025-04-24,2025-04-25,2025-05-09,9.1,2,HIGH,In Progress,14,Normal
ENG3707,AST0383,SEC008,Rail Inspection,Gauge deviation,5,LOW,2025-04-15,2025-04-18,2025-06-08,3.6,12,LOW,Completed,51,Low
ENG3708,AST0109,SEC034,Track Alignment,Cant deficiency,2,HIGH,2025-03-24,2025-03-27,2025-04-03,11.4,4,HIGH,Cancelled,7,Urgent
ENG3709,AST0130,SEC055,Turnout Maintenance,Switch tongue wear,1,CRITICAL,2024-12-31,2025-01-01,2025-01-05,4.8,6,HIGH,In Progress,4,Urgent
ENG3710,AST0063,SEC063,Track Geometry Correction,Twist fault,5,LOW,2025-03-16,2025-03-18,2025-05-15,1.4,7,LOW,Completed,58,Low
ENG3711,AST0279,SEC054,Sleeper Replacement,Broken concrete sleeper,3,MEDIUM,2025-10-05,2025-10-05,2025-10-23,8.0,9,MEDIUM,In Progress,18,Normal
ENG3712,AST0240,SEC015,Turnout Maintenance,Check rail gap,3,MEDIUM,2025-10-30,2025-11-02,2025-11-18,5.5,2,MEDIUM,In Progress,16,Normal
ENG3713,AST0045,SEC045,Turnout Maintenance,Switch tongue wear,2,HIGH,2025-07-07,2025-07-07,2025-07-19,2.7,12,HIGH,Scheduled,12,Normal
ENG3714,AST0284,SEC059,Ballast Maintenance,Vegetation growth,2,HIGH,2025-03-21,2025-03-24,2025-04-06,6.4,8,HIGH,Completed,13,Normal
ENG3715,AST0211,SEC061,Rail Inspection,Corrugation,4,LOW,2025-10-12,2025-10-14,2025-11-30,1.3,12,LOW,Scheduled,47,Low
ENG3716,AST0270,SEC045,Track Alignment,Lateral misalignment,3,MEDIUM,2025-03-18,2025-03-18,2025-04-04,11.7,14,MEDIUM,Completed,17,Normal
ENG3717,AST0295,SEC070,Turnout Maintenance,Switch tongue wear,3,MEDIUM,2025-08-24,2025-08-24,2025-09-11,6.8,8,MEDIUM,Pending,18,Normal
ENG3718,AST0041,SEC041,Sleeper Replacement,Missing sleeper,5,LOW,2025-05-29,2025-05-30,2025-07-14,2.6,11,LOW,In Progress,45,Low
ENG3719,AST0373,SEC073,Welding,Weld crack,3,MEDIUM,2025-06-17,2025-06-19,2025-07-09,10.6,4,MEDIUM,Scheduled,20,Normal
ENG3720,AST0185,SEC035,Track Alignment,Buckling risk,3,MEDIUM,2025-05-09,2025-05-11,2025-05-31,2.0,10,MEDIUM,Cancelled,20,Normal
ENG3721,AST0002,SEC002,Sleeper Replacement,Cracked sleeper,3,MEDIUM,2025-03-31,2025-03-31,2025-04-19,10.9,15,MEDIUM,Pending,19,Normal
ENG3722,AST0192,SEC042,Sleeper Replacement,Broken concrete sleeper,5,LOW,2025-10-02,2025-10-02,2025-12-07,4.3,13,LOW,In Progress,66,Low
ENG3723,AST0179,SEC029,Welding,Weld depression,4,LOW,2025-10-24,2025-10-26,2025-12-14,6.0,2,LOW,Completed,49,Low
ENG3724,AST0030,SEC030,Turnout Maintenance,Point mechanism fault,1,CRITICAL,2025-02-15,2025-02-18,2025-02-25,5.0,11,HIGH,Scheduled,7,Urgent
ENG3725,AST0131,SEC056,Sleeper Replacement,Missing sleeper,4,LOW,2025-10-22,2025-10-22,2025-11-22,6.6,14,LOW,In Progress,31,Low
ENG3726,AST0217,SEC067,Sleeper Replacement,Missing sleeper,1,CRITICAL,2025-04-04,2025-04-04,2025-04-10,3.0,8,HIGH,In Progress,6,Urgent
ENG3727,AST0051,SEC051,Rail Replacement,Severely worn rail,3,MEDIUM,2025-11-30,2025-12-02,2025-12-21,6.2,9,MEDIUM,Scheduled,19,Normal
ENG3728,AST0255,SEC030,Ballast Maintenance,Vegetation growth,3,MEDIUM,2025-07-17,2025-07-19,2025-08-09,2.2,3,MEDIUM,Pending,21,Normal
ENG3729,AST0013,SEC013,Rail Replacement,Broken rail,4,LOW,2025-08-26,2025-08-28,2025-10-21,3.5,9,LOW,Pending,54,Low
ENG3730,AST0400,SEC025,Rail Replacement,Severely worn rail,3,MEDIUM,2025-05-24,2025-05-27,2025-06-20,5.4,11,MEDIUM,Cancelled,24,Normal
ENG3731,AST0055,SEC055,Sleeper Replacement,Decayed wooden sleeper,1,CRITICAL,2025-07-25,2025-07-26,2025-07-31,10.2,5,HIGH,In Progress,5,Urgent
ENG3732,AST0286,SEC061,Track Geometry Correction,Alignment defect,4,LOW,2025-03-13,2025-03-14,2025-05-09,2.8,11,LOW,Completed,56,Low
ENG3733,AST0338,SEC038,Rail Inspection,Worn rail head,5,LOW,2025-11-09,2025-11-11,2026-01-25,7.5,5,LOW,Completed,75,Low
ENG3734,AST0230,SEC005,Track Alignment,Cant deficiency,1,CRITICAL,2025-09-16,2025-09-17,2025-09-21,5.4,8,HIGH,In Progress,4,Urgent
ENG3735,AST0325,SEC025,Rail Inspection,Gauge deviation,4,LOW,2025-10-02,2025-10-03,2025-11-15,7.6,2,LOW,Scheduled,43,Low
ENG3736,AST0217,SEC067,Welding,Thermit weld defect,5,LOW,2025-12-11,2025-12-14,2026-03-04,2.8,9,LOW,Completed,80,Low
ENG3737,AST0013,SEC013,Welding,Weld depression,2,HIGH,2025-01-13,2025-01-14,2025-01-23,3.2,6,HIGH,Completed,9,Normal
ENG3738,AST0379,SEC004,Rail Replacement,End-post fracture,4,LOW,2025-10-29,2025-10-29,2025-11-30,3.3,14,LOW,Scheduled,32,Low
ENG3739,AST0248,SEC023,Sleeper Replacement,Cracked sleeper,4,LOW,2025-01-04,2025-01-07,2025-03-05,2.4,12,LOW,In Progress,57,Low
ENG3740,AST0135,SEC060,Track Alignment,Vertical misalignment,5,LOW,2025-04-26,2025-04-26,2025-06-20,7.5,12,LOW,Completed,55,Low
ENG3741,AST0057,SEC057,Welding,Weld crack,1,CRITICAL,2025-01-12,2025-01-14,2025-01-21,2.0,12,HIGH,Completed,7,Urgent
ENG3742,AST0238,SEC013,Sleeper Replacement,Cracked sleeper,4,LOW,2025-11-27,2025-11-28,2026-01-22,2.8,3,LOW,Cancelled,55,Low
ENG3743,AST0007,SEC007,Ballast Maintenance,Vegetation growth,2,HIGH,2025-01-31,2025-02-02,2025-02-14,9.6,13,HIGH,Pending,12,Normal
ENG3744,AST0366,SEC066,Sleeper Replacement,Cracked sleeper,3,MEDIUM,2025-02-06,2025-02-07,2025-03-08,7.7,11,MEDIUM,Completed,29,Normal
ENG3745,AST0175,SEC025,Rail Replacement,End-post fracture,4,LOW,2025-03-22,2025-03-24,2025-05-06,6.4,2,LOW,Pending,43,Low
ENG3746,AST0258,SEC033,Rail Replacement,Rail end batter,5,LOW,2025-11-12,2025-11-15,2025-12-29,9.6,8,LOW,In Progress,44,Low
ENG3747,AST0280,SEC055,Track Geometry Correction,Cross-level error,1,CRITICAL,2025-10-23,2025-10-25,2025-10-30,7.3,12,HIGH,Completed,5,Urgent
ENG3748,AST0220,SEC070,Sleeper Replacement,Decayed wooden sleeper,2,HIGH,2025-10-04,2025-10-04,2025-10-12,11.3,4,HIGH,Pending,8,Normal
ENG3749,AST0327,SEC027,Track Geometry Correction,Twist fault,4,LOW,2025-04-25,2025-04-28,2025-05-26,6.1,2,LOW,Scheduled,28,Normal
ENG3750,AST0256,SEC031,Sleeper Replacement,Missing sleeper,1,CRITICAL,2025-09-05,2025-09-06,2025-09-11,2.3,15,HIGH,Pending,5,Urgent
ENG3751,AST0259,SEC034,Turnout Maintenance,Crossing nose defect,3,MEDIUM,2025-02-19,2025-02-20,2025-03-15,5.6,7,MEDIUM,Pending,23,Normal
ENG3752,AST0383,SEC008,Turnout Maintenance,Crossing nose defect,3,MEDIUM,2025-08-17,2025-08-17,2025-09-04,7.6,8,MEDIUM,Completed,18,Normal
ENG3753,AST0081,SEC006,Ballast Maintenance,Vegetation growth,1,CRITICAL,2025-10-30,2025-10-30,2025-11-05,9.4,14,HIGH,Completed,6,Urgent
ENG3754,AST0341,SEC041,Turnout Maintenance,Point mechanism fault,3,MEDIUM,2025-06-24,2025-06-24,2025-07-11,2.8,7,MEDIUM,Scheduled,17,Normal
ENG3755,AST0324,SEC024,Rail Inspection,Surface defect,1,CRITICAL,2025-07-08,2025-07-11,2025-07-17,7.7,13,HIGH,Scheduled,6,Urgent
ENG3756,AST0394,SEC019,Turnout Maintenance,Point mechanism fault,4,LOW,2025-03-26,2025-03-28,2025-05-21,6.8,3,LOW,Pending,54,Low
ENG3757,AST0042,SEC042,Welding,Misaligned weld,3,MEDIUM,2025-09-25,2025-09-25,2025-10-15,11.3,12,MEDIUM,In Progress,20,Normal
ENG3758,AST0298,SEC073,Welding,Weld depression,2,HIGH,2025-11-19,2025-11-19,2025-11-27,6.4,7,HIGH,In Progress,8,Normal
ENG3759,AST0261,SEC036,Rail Replacement,Broken rail,2,HIGH,2025-09-11,2025-09-12,2025-09-20,5.9,4,HIGH,Pending,8,Normal
ENG3760,AST0273,SEC048,Track Geometry Correction,Twist fault,3,MEDIUM,2025-08-07,2025-08-09,2025-09-05,3.6,10,MEDIUM,Completed,27,Normal
ENG3761,AST0170,SEC020,Track Geometry Correction,Gauge irregularity,3,MEDIUM,2025-01-08,2025-01-10,2025-02-03,7.1,10,MEDIUM,Scheduled,24,Normal
ENG3762,AST0136,SEC061,Ballast Maintenance,Insufficient ballast,3,MEDIUM,2025-07-14,2025-07-16,2025-08-03,2.0,7,MEDIUM,Cancelled,18,Normal
ENG3763,AST0130,SEC055,Welding,Weld crack,4,LOW,2025-11-03,2025-11-04,2025-12-27,7.8,3,LOW,Pending,53,Low
ENG3764,AST0361,SEC061,Rail Inspection,Worn rail head,1,CRITICAL,2025-10-18,2025-10-20,2025-10-26,8.6,6,HIGH,Scheduled,6,Urgent
ENG3765,AST0106,SEC031,Welding,Weld depression,4,LOW,2025-11-29,2025-11-29,2026-01-26,6.5,9,LOW,Pending,58,Low
ENG3766,AST0147,SEC072,Sleeper Replacement,Broken concrete sleeper,3,MEDIUM,2025-03-25,2025-03-28,2025-04-21,4.9,9,MEDIUM,Scheduled,24,Normal
ENG3767,AST0340,SEC040,Welding,Weld depression,2,HIGH,2025-07-29,2025-07-30,2025-08-13,8.6,12,HIGH,Completed,14,Normal
ENG3768,AST0176,SEC026,Rail Inspection,Gauge deviation,4,LOW,2025-11-22,2025-11-24,2025-12-24,3.0,2,LOW,Completed,30,Normal
ENG3769,AST0230,SEC005,Track Alignment,Buckling risk,3,MEDIUM,2025-10-20,2025-10-20,2025-11-03,12.0,2,MEDIUM,Completed,14,Normal
ENG3770,AST0290,SEC065,Welding,Misaligned weld,4,LOW,2025-01-20,2025-01-23,2025-03-03,5.3,11,LOW,In Progress,39,Low
ENG3771,AST0365,SEC065,Rail Replacement,Broken rail,3,MEDIUM,2025-04-07,2025-04-07,2025-04-29,9.5,2,MEDIUM,Scheduled,22,Normal
ENG3772,AST0185,SEC035,Ballast Maintenance,Drainage blockage,1,CRITICAL,2025-01-28,2025-01-28,2025-01-31,2.1,5,HIGH,Pending,3,Urgent
ENG3773,AST0304,SEC004,Track Geometry Correction,Twist fault,1,CRITICAL,2025-09-13,2025-09-14,2025-09-20,9.1,12,HIGH,Scheduled,6,Urgent
ENG3774,AST0366,SEC066,Welding,Thermit weld defect,2,HIGH,2025-03-19,2025-03-20,2025-03-29,7.8,3,HIGH,Completed,9,Normal
ENG3775,AST0004,SEC004,Track Geometry Correction,Cross-level error,4,LOW,2025-03-03,2025-03-06,2025-04-21,7.9,9,LOW,Pending,46,Low
ENG3776,AST0155,SEC005,Welding,Weld crack,4,LOW,2025-01-12,2025-01-15,2025-03-05,8.2,12,LOW,Completed,49,Low
ENG3777,AST0155,SEC005,Ballast Maintenance,Fouled ballast,2,HIGH,2025-06-07,2025-06-09,2025-06-24,8.9,6,HIGH,Completed,15,Normal
ENG3778,AST0363,SEC063,Rail Inspection,Rail crack,2,HIGH,2025-05-02,2025-05-05,2025-05-12,9.6,3,HIGH,Completed,7,Urgent
ENG3779,AST0316,SEC016,Rail Inspection,Corrugation,5,LOW,2025-05-15,2025-05-18,2025-07-18,7.1,15,LOW,Pending,61,Low
ENG3780,AST0318,SEC018,Ballast Maintenance,Drainage blockage,1,CRITICAL,2025-06-18,2025-06-21,2025-06-26,3.0,4,HIGH,Completed,5,Urgent
ENG3781,AST0178,SEC028,Welding,Misaligned weld,1,CRITICAL,2025-09-16,2025-09-16,2025-09-23,5.4,7,HIGH,Pending,7,Urgent
ENG3782,AST0273,SEC048,Track Alignment,Buckling risk,3,MEDIUM,2025-01-19,2025-01-20,2025-02-08,2.4,6,MEDIUM,Completed,19,Normal
ENG3783,AST0138,SEC063,Ballast Maintenance,Insufficient ballast,3,MEDIUM,2025-08-18,2025-08-18,2025-09-06,6.9,4,MEDIUM,Completed,19,Normal
ENG3784,AST0270,SEC045,Rail Inspection,Gauge deviation,3,MEDIUM,2025-11-02,2025-11-05,2025-11-22,10.5,2,MEDIUM,Completed,17,Normal
ENG3785,AST0302,SEC002,Track Geometry Correction,Cross-level error,3,MEDIUM,2025-09-12,2025-09-13,2025-10-12,2.7,12,MEDIUM,Completed,29,Normal
ENG3786,AST0055,SEC055,Track Geometry Correction,Alignment defect,5,LOW,2025-09-21,2025-09-24,2025-11-19,4.1,14,LOW,Scheduled,56,Low
ENG3787,AST0089,SEC014,Turnout Maintenance,Check rail gap,4,LOW,2025-06-27,2025-06-29,2025-08-11,3.7,12,LOW,Cancelled,43,Low
ENG3788,AST0331,SEC031,Sleeper Replacement,Cracked sleeper,4,LOW,2025-04-18,2025-04-20,2025-05-18,1.4,3,LOW,Pending,28,Normal
ENG3789,AST0336,SEC036,Sleeper Replacement,Broken concrete sleeper,1,CRITICAL,2025-10-14,2025-10-17,2025-10-21,11.1,7,HIGH,Completed,4,Urgent
ENG3790,AST0354,SEC054,Track Geometry Correction,Gauge irregularity,3,MEDIUM,2025-04-13,2025-04-16,2025-05-12,3.8,13,MEDIUM,Scheduled,26,Normal
ENG3791,AST0264,SEC039,Rail Replacement,End-post fracture,3,MEDIUM,2025-07-12,2025-07-14,2025-07-31,1.5,2,MEDIUM,Completed,17,Normal
ENG3792,AST0060,SEC060,Sleeper Replacement,Cracked sleeper,4,LOW,2025-06-12,2025-06-12,2025-07-18,4.6,10,LOW,Completed,36,Low
ENG3793,AST0073,SEC073,Rail Inspection,Surface defect,1,CRITICAL,2025-03-28,2025-03-28,2025-04-03,1.2,10,HIGH,Scheduled,6,Urgent
ENG3794,AST0058,SEC058,Sleeper Replacement,Broken concrete sleeper,4,LOW,2025-02-22,2025-02-25,2025-04-01,3.5,11,LOW,Scheduled,35,Low
ENG3795,AST0252,SEC027,Rail Inspection,Rail crack,3,MEDIUM,2025-05-18,2025-05-18,2025-06-15,3.0,13,MEDIUM,Scheduled,28,Normal
ENG3796,AST0267,SEC042,Track Geometry Correction,Gauge irregularity,1,CRITICAL,2025-06-14,2025-06-15,2025-06-20,6.3,10,HIGH,Pending,5,Urgent
ENG3797,AST0130,SEC055,Welding,Weld crack,2,HIGH,2025-01-09,2025-01-10,2025-01-21,6.2,10,HIGH,Completed,11,Normal
ENG3798,AST0089,SEC014,Track Alignment,Vertical misalignment,3,MEDIUM,2025-05-20,2025-05-20,2025-06-04,6.2,12,MEDIUM,Cancelled,15,Normal
ENG3799,AST0056,SEC056,Rail Inspection,Rail crack,3,MEDIUM,2025-12-17,2025-12-19,2026-01-05,5.9,14,MEDIUM,In Progress,17,Normal
ENG3800,AST0368,SEC068,Rail Replacement,End-post fracture,4,LOW,2025-07-03,2025-07-05,2025-08-20,8.8,9,LOW,Scheduled,46,Low
ENG3801,AST0305,SEC005,Track Alignment,Buckling risk,1,CRITICAL,2025-01-29,2025-01-29,2025-02-04,10.0,9,HIGH,Pending,6,Urgent
ENG3802,AST0229,SEC004,Sleeper Replacement,Cracked sleeper,1,CRITICAL,2025-04-28,2025-04-29,2025-05-06,5.0,13,HIGH,Pending,7,Urgent
ENG3803,AST0145,SEC070,Sleeper Replacement,Missing sleeper,5,LOW,2025-04-29,2025-05-02,2025-06-19,10.4,3,LOW,Cancelled,48,Low
ENG3804,AST0209,SEC059,Sleeper Replacement,Missing sleeper,3,MEDIUM,2025-06-05,2025-06-08,2025-06-22,8.7,12,MEDIUM,Cancelled,14,Normal
ENG3805,AST0133,SEC058,Turnout Maintenance,Check rail gap,2,HIGH,2025-08-30,2025-09-02,2025-09-10,7.4,10,HIGH,Pending,8,Normal
ENG3806,AST0337,SEC037,Track Alignment,Vertical misalignment,2,HIGH,2025-06-07,2025-06-09,2025-06-20,8.2,10,HIGH,In Progress,11,Normal
ENG3807,AST0381,SEC006,Track Alignment,Vertical misalignment,5,LOW,2025-06-22,2025-06-24,2025-09-06,2.8,15,LOW,Completed,74,Low
ENG3808,AST0012,SEC012,Welding,Thermit weld defect,3,MEDIUM,2025-05-11,2025-05-13,2025-06-09,8.9,5,MEDIUM,Completed,27,Normal
ENG3809,AST0321,SEC021,Track Alignment,Lateral misalignment,5,LOW,2025-07-16,2025-07-16,2025-09-04,11.6,2,LOW,Cancelled,50,Low
ENG3810,AST0194,SEC044,Ballast Maintenance,Drainage blockage,3,MEDIUM,2025-03-08,2025-03-10,2025-04-07,6.3,15,MEDIUM,Completed,28,Normal
ENG3811,AST0215,SEC065,Track Geometry Correction,Gauge irregularity,1,CRITICAL,2025-06-17,2025-06-17,2025-06-23,10.1,13,HIGH,Completed,6,Urgent
ENG3812,AST0112,SEC037,Ballast Maintenance,Insufficient ballast,4,LOW,2025-01-08,2025-01-10,2025-02-16,4.0,6,LOW,Completed,37,Low
ENG3813,AST0158,SEC008,Track Geometry Correction,Gauge irregularity,1,CRITICAL,2025-03-04,2025-03-04,2025-03-10,9.9,3,HIGH,Completed,6,Urgent
ENG3814,AST0085,SEC010,Track Geometry Correction,Alignment defect,1,CRITICAL,2025-06-12,2025-06-14,2025-06-17,8.6,9,HIGH,Completed,3,Urgent
ENG3815,AST0174,SEC024,Track Geometry Correction,Gauge irregularity,1,CRITICAL,2025-07-17,2025-07-17,2025-07-22,5.9,3,HIGH,Cancelled,5,Urgent
ENG3816,AST0336,SEC036,Track Alignment,Cant deficiency,2,HIGH,2025-02-12,2025-02-15,2025-02-23,5.4,14,HIGH,Scheduled,8,Normal
ENG3817,AST0274,SEC049,Sleeper Replacement,Missing sleeper,3,MEDIUM,2025-06-17,2025-06-19,2025-07-13,1.7,7,MEDIUM,Completed,24,Normal
ENG3818,AST0096,SEC021,Turnout Maintenance,Switch tongue wear,2,HIGH,2025-02-20,2025-02-21,2025-02-28,10.0,10,HIGH,Completed,7,Urgent
ENG3819,AST0299,SEC074,Track Alignment,Cant deficiency,2,HIGH,2025-03-02,2025-03-02,2025-03-12,3.0,15,HIGH,Scheduled,10,Normal
ENG3820,AST0003,SEC003,Welding,Misaligned weld,2,HIGH,2025-10-25,2025-10-28,2025-11-06,1.4,9,HIGH,Completed,9,Normal
ENG3821,AST0141,SEC066,Sleeper Replacement,Cracked sleeper,2,HIGH,2025-03-24,2025-03-27,2025-04-05,6.8,2,HIGH,Completed,9,Normal
ENG3822,AST0248,SEC023,Welding,Weld depression,2,HIGH,2025-06-24,2025-06-25,2025-07-04,1.0,6,HIGH,Completed,9,Normal
ENG3823,AST0227,SEC002,Turnout Maintenance,Crossing nose defect,2,HIGH,2025-04-09,2025-04-12,2025-04-24,1.6,7,HIGH,Completed,12,Normal
ENG3824,AST0337,SEC037,Ballast Maintenance,Drainage blockage,5,LOW,2025-08-21,2025-08-24,2025-10-18,6.0,8,LOW,In Progress,55,Low
ENG3825,AST0038,SEC038,Rail Replacement,End-post fracture,3,MEDIUM,2025-04-25,2025-04-26,2025-05-14,2.3,14,MEDIUM,Completed,18,Normal
ENG3826,AST0212,SEC062,Turnout Maintenance,Crossing nose defect,5,LOW,2025-03-06,2025-03-09,2025-05-21,5.9,3,LOW,Scheduled,73,Low
ENG3827,AST0316,SEC016,Turnout Maintenance,Point mechanism fault,2,HIGH,2025-07-02,2025-07-05,2025-07-13,5.0,4,HIGH,Pending,8,Normal
ENG3828,AST0302,SEC002,Sleeper Replacement,Decayed wooden sleeper,2,HIGH,2025-06-04,2025-06-04,2025-06-17,10.6,4,HIGH,Pending,13,Normal
ENG3829,AST0253,SEC028,Welding,Misaligned weld,5,LOW,2025-09-22,2025-09-22,2025-11-01,2.3,3,LOW,Pending,40,Low
ENG3830,AST0258,SEC033,Track Geometry Correction,Gauge irregularity,1,CRITICAL,2025-04-13,2025-04-16,2025-04-23,7.4,7,HIGH,In Progress,7,Urgent
ENG3831,AST0351,SEC051,Welding,Misaligned weld,4,LOW,2025-12-15,2025-12-16,2026-02-10,6.1,10,LOW,Scheduled,56,Low
ENG3832,AST0223,SEC073,Welding,Weld depression,3,MEDIUM,2025-10-02,2025-10-03,2025-10-30,11.1,15,MEDIUM,Completed,27,Normal
ENG3833,AST0234,SEC009,Rail Replacement,Broken rail,1,CRITICAL,2025-11-18,2025-11-20,2025-11-23,4.9,14,HIGH,Scheduled,3,Urgent
ENG3834,AST0126,SEC051,Welding,Thermit weld defect,3,MEDIUM,2025-08-28,2025-08-28,2025-09-11,10.3,9,MEDIUM,Scheduled,14,Normal
ENG3835,AST0353,SEC053,Rail Replacement,Broken rail,2,HIGH,2025-03-30,2025-04-01,2025-04-09,11.5,12,HIGH,Completed,8,Normal
ENG3836,AST0129,SEC054,Rail Inspection,Worn rail head,5,LOW,2025-02-18,2025-02-19,2025-05-08,4.5,14,LOW,In Progress,78,Low
ENG3837,AST0342,SEC042,Rail Replacement,Rail end batter,4,LOW,2025-04-02,2025-04-02,2025-05-03,10.0,9,LOW,Pending,31,Low
ENG3838,AST0002,SEC002,Rail Replacement,Severely worn rail,4,LOW,2025-07-01,2025-07-04,2025-08-30,8.5,15,LOW,Completed,57,Low
ENG3839,AST0252,SEC027,Sleeper Replacement,Missing sleeper,4,LOW,2025-04-13,2025-04-14,2025-06-10,5.8,6,LOW,Pending,57,Low
ENG3840,AST0314,SEC014,Rail Replacement,Broken rail,2,HIGH,2025-12-02,2025-12-02,2025-12-10,6.8,15,HIGH,Completed,8,Normal
ENG3841,AST0114,SEC039,Ballast Maintenance,Drainage blockage,4,LOW,2025-09-04,2025-09-07,2025-10-28,8.1,8,LOW,Cancelled,51,Low
ENG3842,AST0355,SEC055,Turnout Maintenance,Point mechanism fault,3,MEDIUM,2025-09-13,2025-09-15,2025-10-15,2.9,3,MEDIUM,Scheduled,30,Normal
ENG3843,AST0085,SEC010,Sleeper Replacement,Missing sleeper,3,MEDIUM,2025-07-01,2025-07-03,2025-07-27,7.3,7,MEDIUM,Completed,24,Normal
ENG3844,AST0194,SEC044,Welding,Misaligned weld,1,CRITICAL,2025-01-04,2025-01-04,2025-01-07,1.5,12,HIGH,Pending,3,Urgent
ENG3845,AST0118,SEC043,Rail Replacement,Broken rail,4,LOW,2025-07-16,2025-07-18,2025-09-06,6.8,13,LOW,Pending,50,Low
ENG3846,AST0285,SEC060,Rail Replacement,Broken rail,5,LOW,2025-06-19,2025-06-19,2025-08-30,9.2,5,LOW,Pending,72,Low
ENG3847,AST0022,SEC022,Track Geometry Correction,Twist fault,4,LOW,2025-08-17,2025-08-20,2025-10-15,6.2,6,LOW,Pending,56,Low
ENG3848,AST0335,SEC035,Welding,Weld crack,3,MEDIUM,2025-02-08,2025-02-08,2025-03-08,11.9,14,MEDIUM,Pending,28,Normal
ENG3849,AST0071,SEC071,Turnout Maintenance,Switch tongue wear,4,LOW,2025-12-14,2025-12-15,2026-01-26,6.4,15,LOW,In Progress,42,Low
ENG3850,AST0086,SEC011,Rail Replacement,Broken rail,2,HIGH,2025-04-25,2025-04-28,2025-05-10,8.4,11,HIGH,Completed,12,Normal
ENG3851,AST0373,SEC073,Welding,Weld crack,2,HIGH,2025-09-12,2025-09-15,2025-09-29,10.9,2,HIGH,Pending,14,Normal
ENG3852,AST0292,SEC067,Turnout Maintenance,Crossing nose defect,4,LOW,2025-09-06,2025-09-06,2025-10-17,8.8,6,LOW,Completed,41,Low
ENG3853,AST0399,SEC024,Sleeper Replacement,Cracked sleeper,3,MEDIUM,2025-02-16,2025-02-18,2025-03-04,6.6,9,MEDIUM,Scheduled,14,Normal
ENG3854,AST0293,SEC068,Sleeper Replacement,Cracked sleeper,1,CRITICAL,2025-12-01,2025-12-03,2025-12-08,7.8,12,HIGH,In Progress,5,Urgent
ENG3855,AST0136,SEC061,Track Geometry Correction,Gauge irregularity,5,LOW,2025-05-18,2025-05-19,2025-07-26,6.6,6,LOW,Scheduled,68,Low
ENG3856,AST0215,SEC065,Welding,Thermit weld defect,5,LOW,2025-08-24,2025-08-27,2025-11-23,1.7,7,LOW,Completed,88,Low
ENG3857,AST0146,SEC071,Rail Inspection,Worn rail head,4,LOW,2025-11-05,2025-11-07,2025-12-14,8.5,3,LOW,Scheduled,37,Low
ENG3858,AST0323,SEC023,Track Geometry Correction,Alignment defect,1,CRITICAL,2025-12-13,2025-12-16,2025-12-21,10.4,13,HIGH,Scheduled,5,Urgent
ENG3859,AST0140,SEC065,Rail Inspection,Worn rail head,3,MEDIUM,2025-01-26,2025-01-28,2025-02-16,6.0,4,MEDIUM,Completed,19,Normal
ENG3860,AST0330,SEC030,Sleeper Replacement,Broken concrete sleeper,2,HIGH,2025-03-10,2025-03-11,2025-03-19,6.5,7,HIGH,Cancelled,8,Normal
ENG3861,AST0148,SEC073,Rail Replacement,Severely worn rail,2,HIGH,2025-02-27,2025-02-28,2025-03-15,5.6,3,HIGH,Completed,15,Normal
ENG3862,AST0129,SEC054,Rail Replacement,Severely worn rail,3,MEDIUM,2025-10-20,2025-10-22,2025-11-12,1.2,3,MEDIUM,Scheduled,21,Normal
ENG3863,AST0345,SEC045,Welding,Weld crack,2,HIGH,2025-05-21,2025-05-24,2025-06-05,1.5,10,HIGH,Scheduled,12,Normal
ENG3864,AST0179,SEC029,Turnout Maintenance,Switch tongue wear,4,LOW,2025-08-23,2025-08-23,2025-09-25,5.7,6,LOW,Completed,33,Low
ENG3865,AST0400,SEC025,Track Geometry Correction,Twist fault,4,LOW,2025-07-08,2025-07-08,2025-08-14,3.8,4,LOW,In Progress,37,Low
ENG3866,AST0181,SEC031,Rail Inspection,Corrugation,1,CRITICAL,2025-09-12,2025-09-13,2025-09-16,8.3,10,HIGH,Completed,3,Urgent
ENG3867,AST0374,SEC074,Track Alignment,Lateral misalignment,4,LOW,2025-08-25,2025-08-28,2025-10-08,7.8,10,LOW,Completed,41,Low
ENG3868,AST0199,SEC049,Sleeper Replacement,Missing sleeper,3,MEDIUM,2025-05-14,2025-05-15,2025-05-31,11.3,2,MEDIUM,In Progress,16,Normal
ENG3869,AST0280,SEC055,Rail Inspection,Surface defect,2,HIGH,2025-05-15,2025-05-18,2025-06-01,9.3,13,HIGH,Pending,14,Normal
ENG3870,AST0122,SEC047,Turnout Maintenance,Point mechanism fault,4,LOW,2025-07-26,2025-07-26,2025-08-20,6.4,15,LOW,Completed,25,Normal
ENG3871,AST0184,SEC034,Track Alignment,Cant deficiency,5,LOW,2025-05-23,2025-05-25,2025-07-06,8.9,8,LOW,Completed,42,Low
ENG3872,AST0272,SEC047,Rail Replacement,Broken rail,3,MEDIUM,2025-05-13,2025-05-15,2025-06-08,11.3,10,MEDIUM,Completed,24,Normal
ENG3873,AST0188,SEC038,Track Geometry Correction,Alignment defect,3,MEDIUM,2025-09-06,2025-09-06,2025-10-01,6.8,4,MEDIUM,Completed,25,Normal
ENG3874,AST0052,SEC052,Rail Replacement,Severely worn rail,3,MEDIUM,2025-08-14,2025-08-16,2025-09-02,10.3,5,MEDIUM,Scheduled,17,Normal
ENG3875,AST0112,SEC037,Rail Replacement,End-post fracture,3,MEDIUM,2025-01-16,2025-01-16,2025-02-01,5.5,14,MEDIUM,Completed,16,Normal
ENG3876,AST0038,SEC038,Track Geometry Correction,Gauge irregularity,4,LOW,2025-01-23,2025-01-23,2025-03-05,6.2,3,LOW,In Progress,41,Low
ENG3877,AST0139,SEC064,Welding,Weld crack,2,HIGH,2025-08-07,2025-08-07,2025-08-19,5.0,11,HIGH,Scheduled,12,Normal
ENG3878,AST0312,SEC012,Turnout Maintenance,Point mechanism fault,3,MEDIUM,2025-12-08,2025-12-11,2025-12-31,6.9,13,MEDIUM,Completed,20,Normal
ENG3879,AST0112,SEC037,Ballast Maintenance,Fouled ballast,1,CRITICAL,2025-11-12,2025-11-14,2025-11-20,11.4,9,HIGH,Completed,6,Urgent
ENG3880,AST0123,SEC048,Welding,Thermit weld defect,3,MEDIUM,2025-11-30,2025-12-01,2025-12-17,8.9,13,MEDIUM,Completed,16,Normal
ENG3881,AST0023,SEC023,Track Geometry Correction,Twist fault,2,HIGH,2025-06-30,2025-07-02,2025-07-14,4.1,13,HIGH,In Progress,12,Normal
ENG3882,AST0236,SEC011,Rail Replacement,Broken rail,3,MEDIUM,2025-12-12,2025-12-13,2026-01-11,10.9,6,MEDIUM,Cancelled,29,Normal
ENG3883,AST0078,SEC003,Track Alignment,Vertical misalignment,3,MEDIUM,2025-10-09,2025-10-10,2025-11-07,9.6,3,MEDIUM,Pending,28,Normal
ENG3884,AST0309,SEC009,Track Alignment,Vertical misalignment,2,HIGH,2025-02-19,2025-02-20,2025-02-28,4.9,14,HIGH,Pending,8,Normal
ENG3885,AST0302,SEC002,Ballast Maintenance,Insufficient ballast,3,MEDIUM,2025-11-11,2025-11-12,2025-11-29,8.4,4,MEDIUM,Cancelled,17,Normal
ENG3886,AST0308,SEC008,Sleeper Replacement,Cracked sleeper,4,LOW,2025-07-06,2025-07-06,2025-09-01,3.8,11,LOW,Pending,57,Low
ENG3887,AST0205,SEC055,Sleeper Replacement,Cracked sleeper,5,LOW,2025-03-29,2025-03-30,2025-05-13,8.6,3,LOW,Pending,44,Low
ENG3888,AST0079,SEC004,Sleeper Replacement,Cracked sleeper,1,CRITICAL,2025-12-10,2025-12-10,2025-12-15,2.0,8,HIGH,Completed,5,Urgent
ENG3889,AST0261,SEC036,Track Alignment,Lateral misalignment,3,MEDIUM,2025-05-31,2025-06-02,2025-06-26,5.2,4,MEDIUM,In Progress,24,Normal
ENG3890,AST0292,SEC067,Welding,Thermit weld defect,4,LOW,2025-01-01,2025-01-04,2025-02-25,9.5,4,LOW,Pending,52,Low
ENG3891,AST0297,SEC072,Rail Inspection,Worn rail head,4,LOW,2025-08-28,2025-08-31,2025-10-03,7.2,13,LOW,Completed,33,Low
ENG3892,AST0355,SEC055,Rail Replacement,Broken rail,2,HIGH,2025-11-04,2025-11-05,2025-11-13,9.0,4,HIGH,Scheduled,8,Normal
ENG3893,AST0338,SEC038,Ballast Maintenance,Vegetation growth,3,MEDIUM,2025-06-25,2025-06-28,2025-07-28,7.0,14,MEDIUM,Completed,30,Normal
ENG3894,AST0029,SEC029,Rail Inspection,Rail crack,3,MEDIUM,2025-06-21,2025-06-24,2025-07-21,6.8,11,MEDIUM,Scheduled,27,Normal
ENG3895,AST0347,SEC047,Track Geometry Correction,Gauge irregularity,3,MEDIUM,2025-06-21,2025-06-22,2025-07-20,8.5,2,MEDIUM,Cancelled,28,Normal
ENG3896,AST0395,SEC020,Track Geometry Correction,Alignment defect,5,LOW,2025-10-21,2025-10-21,2025-12-27,11.7,10,LOW,Completed,67,Low
ENG3897,AST0240,SEC015,Rail Inspection,Rail crack,2,HIGH,2025-09-25,2025-09-27,2025-10-10,1.4,7,HIGH,In Progress,13,Normal
ENG3898,AST0306,SEC006,Track Alignment,Buckling risk,2,HIGH,2025-11-04,2025-11-04,2025-11-16,7.2,4,HIGH,Pending,12,Normal
ENG3899,AST0166,SEC016,Track Alignment,Vertical misalignment,3,MEDIUM,2025-08-01,2025-08-03,2025-09-01,8.1,6,MEDIUM,Completed,29,Normal
ENG3900,AST0372,SEC072,Sleeper Replacement,Broken concrete sleeper,4,LOW,2025-08-27,2025-08-27,2025-10-12,3.6,9,LOW,Scheduled,46,Low
ENG3901,AST0003,SEC003,Sleeper Replacement,Missing sleeper,4,LOW,2025-06-02,2025-06-05,2025-07-17,7.9,3,LOW,Cancelled,42,Low
ENG3902,AST0125,SEC050,Rail Inspection,Worn rail head,3,MEDIUM,2025-03-22,2025-03-22,2025-04-15,2.2,9,MEDIUM,Completed,24,Normal
ENG3903,AST0271,SEC046,Welding,Thermit weld defect,3,MEDIUM,2025-06-10,2025-06-13,2025-07-07,7.5,14,MEDIUM,Completed,24,Normal
ENG3904,AST0121,SEC046,Rail Inspection,Corrugation,3,MEDIUM,2025-05-25,2025-05-28,2025-06-12,3.8,5,MEDIUM,Completed,15,Normal
ENG3905,AST0391,SEC016,Welding,Misaligned weld,5,LOW,2025-11-02,2025-11-04,2025-12-22,5.2,14,LOW,Cancelled,48,Low
ENG3906,AST0066,SEC066,Track Geometry Correction,Alignment defect,2,HIGH,2024-12-30,2025-01-01,2025-01-09,3.1,13,HIGH,Completed,8,Normal
ENG3907,AST0033,SEC033,Turnout Maintenance,Crossing nose defect,1,CRITICAL,2025-08-13,2025-08-15,2025-08-20,3.8,3,HIGH,Scheduled,5,Urgent
ENG3908,AST0144,SEC069,Track Alignment,Lateral misalignment,2,HIGH,2025-06-04,2025-06-04,2025-06-13,8.6,3,HIGH,Scheduled,9,Normal
ENG3909,AST0392,SEC017,Turnout Maintenance,Check rail gap,4,LOW,2025-08-31,2025-09-03,2025-10-07,6.5,10,LOW,Pending,34,Low
ENG3910,AST0165,SEC015,Turnout Maintenance,Crossing nose defect,2,HIGH,2025-01-23,2025-01-26,2025-02-02,8.9,9,HIGH,Cancelled,7,Urgent
ENG3911,AST0298,SEC073,Track Geometry Correction,Cross-level error,3,MEDIUM,2025-11-15,2025-11-16,2025-11-30,9.8,9,MEDIUM,Cancelled,14,Normal
ENG3912,AST0118,SEC043,Welding,Weld crack,2,HIGH,2025-04-07,2025-04-10,2025-04-25,8.8,13,HIGH,Pending,15,Normal
ENG3913,AST0129,SEC054,Rail Inspection,Rail crack,4,LOW,2025-08-07,2025-08-09,2025-09-05,7.9,3,LOW,Completed,27,Normal
ENG3914,AST0210,SEC060,Rail Inspection,Rail crack,3,MEDIUM,2025-06-07,2025-06-08,2025-06-25,10.0,5,MEDIUM,Pending,17,Normal
ENG3915,AST0090,SEC015,Rail Replacement,Broken rail,4,LOW,2025-02-07,2025-02-10,2025-03-29,4.3,4,LOW,Pending,47,Low
ENG3916,AST0055,SEC055,Track Alignment,Buckling risk,4,LOW,2025-02-10,2025-02-13,2025-03-18,6.1,15,LOW,Completed,33,Low
ENG3917,AST0339,SEC039,Sleeper Replacement,Broken concrete sleeper,3,MEDIUM,2025-06-03,2025-06-05,2025-06-20,7.8,4,MEDIUM,In Progress,15,Normal
ENG3918,AST0135,SEC060,Ballast Maintenance,Fouled ballast,3,MEDIUM,2025-12-12,2025-12-13,2026-01-10,9.4,14,MEDIUM,Pending,28,Normal
ENG3919,AST0328,SEC028,Rail Inspection,Rail crack,3,MEDIUM,2025-07-11,2025-07-13,2025-08-10,4.5,13,MEDIUM,Completed,28,Normal
ENG3920,AST0394,SEC019,Sleeper Replacement,Broken concrete sleeper,2,HIGH,2025-02-12,2025-02-15,2025-02-27,4.2,13,HIGH,Pending,12,Normal
ENG3921,AST0217,SEC067,Rail Replacement,Broken rail,2,HIGH,2025-07-18,2025-07-20,2025-07-29,1.1,2,HIGH,Cancelled,9,Normal
ENG3922,AST0381,SEC006,Rail Inspection,Rail crack,4,LOW,2025-02-05,2025-02-06,2025-03-11,3.8,9,LOW,Scheduled,33,Low
ENG3923,AST0137,SEC062,Sleeper Replacement,Decayed wooden sleeper,3,MEDIUM,2025-09-16,2025-09-17,2025-10-03,7.5,8,MEDIUM,In Progress,16,Normal
ENG3924,AST0325,SEC025,Rail Inspection,Corrugation,3,MEDIUM,2025-07-08,2025-07-10,2025-08-07,3.3,5,MEDIUM,In Progress,28,Normal
ENG3925,AST0183,SEC033,Welding,Misaligned weld,3,MEDIUM,2025-11-30,2025-12-01,2025-12-28,9.3,2,MEDIUM,Scheduled,27,Normal
ENG3926,AST0331,SEC031,Rail Replacement,End-post fracture,2,HIGH,2025-04-28,2025-04-30,2025-05-12,8.6,14,HIGH,Cancelled,12,Normal
ENG3927,AST0044,SEC044,Sleeper Replacement,Cracked sleeper,5,LOW,2025-06-27,2025-06-30,2025-08-19,7.8,15,LOW,Completed,50,Low
ENG3928,AST0222,SEC072,Rail Replacement,Severely worn rail,3,MEDIUM,2025-06-15,2025-06-17,2025-07-13,8.2,9,MEDIUM,Completed,26,Normal
ENG3929,AST0249,SEC024,Turnout Maintenance,Crossing nose defect,4,LOW,2025-12-02,2025-12-04,2026-01-19,8.1,6,LOW,Completed,46,Low
ENG3930,AST0234,SEC009,Sleeper Replacement,Missing sleeper,3,MEDIUM,2025-04-08,2025-04-10,2025-05-04,4.8,4,MEDIUM,Pending,24,Normal
ENG3931,AST0351,SEC051,Turnout Maintenance,Switch tongue wear,3,MEDIUM,2025-09-19,2025-09-21,2025-10-12,6.4,15,MEDIUM,Pending,21,Normal
ENG3932,AST0189,SEC039,Welding,Weld depression,3,MEDIUM,2025-04-15,2025-04-15,2025-04-29,3.8,11,MEDIUM,Completed,14,Normal
ENG3933,AST0237,SEC012,Ballast Maintenance,Fouled ballast,3,MEDIUM,2025-03-27,2025-03-27,2025-04-15,5.5,13,MEDIUM,Scheduled,19,Normal
ENG3934,AST0347,SEC047,Track Geometry Correction,Gauge irregularity,3,MEDIUM,2025-10-05,2025-10-07,2025-10-22,11.4,7,MEDIUM,Scheduled,15,Normal
ENG3935,AST0294,SEC069,Turnout Maintenance,Point mechanism fault,4,LOW,2025-04-13,2025-04-13,2025-05-27,1.6,14,LOW,In Progress,44,Low
ENG3936,AST0355,SEC055,Welding,Thermit weld defect,4,LOW,2025-01-24,2025-01-27,2025-03-26,2.9,8,LOW,Pending,58,Low
ENG3937,AST0346,SEC046,Rail Inspection,Rail crack,3,MEDIUM,2025-03-10,2025-03-13,2025-03-31,4.2,12,MEDIUM,Completed,18,Normal
ENG3938,AST0008,SEC008,Rail Replacement,Rail end batter,3,MEDIUM,2025-03-10,2025-03-12,2025-03-31,7.6,6,MEDIUM,Completed,19,Normal
ENG3939,AST0197,SEC047,Sleeper Replacement,Broken concrete sleeper,4,LOW,2025-01-22,2025-01-22,2025-03-02,6.3,5,LOW,Scheduled,39,Low
ENG3940,AST0344,SEC044,Turnout Maintenance,Crossing nose defect,1,CRITICAL,2025-06-11,2025-06-14,2025-06-17,6.9,12,HIGH,Cancelled,3,Urgent
ENG3941,AST0101,SEC026,Track Geometry Correction,Cross-level error,5,LOW,2025-09-17,2025-09-19,2025-12-01,9.7,8,LOW,Scheduled,73,Low
ENG3942,AST0056,SEC056,Ballast Maintenance,Vegetation growth,3,MEDIUM,2025-09-11,2025-09-11,2025-10-06,3.4,12,MEDIUM,Completed,25,Normal
ENG3943,AST0265,SEC040,Welding,Weld depression,2,HIGH,2025-08-31,2025-08-31,2025-09-11,5.0,4,HIGH,Scheduled,11,Normal
ENG3944,AST0255,SEC030,Ballast Maintenance,Fouled ballast,3,MEDIUM,2025-11-11,2025-11-13,2025-12-07,4.7,6,MEDIUM,Completed,24,Normal
ENG3945,AST0059,SEC059,Track Geometry Correction,Twist fault,3,MEDIUM,2025-03-03,2025-03-03,2025-03-23,7.6,10,MEDIUM,Cancelled,20,Normal
ENG3946,AST0238,SEC013,Track Alignment,Lateral misalignment,2,HIGH,2025-01-03,2025-01-03,2025-01-11,1.6,9,HIGH,Completed,8,Normal
ENG3947,AST0111,SEC036,Rail Inspection,Gauge deviation,1,CRITICAL,2025-10-01,2025-10-04,2025-10-08,6.1,5,HIGH,Scheduled,4,Urgent
ENG3948,AST0218,SEC068,Turnout Maintenance,Crossing nose defect,3,MEDIUM,2025-02-03,2025-02-03,2025-02-19,4.5,6,MEDIUM,Completed,16,Normal
ENG3949,AST0200,SEC050,Track Alignment,Lateral misalignment,2,HIGH,2025-02-10,2025-02-10,2025-02-17,11.0,9,HIGH,In Progress,7,Urgent
ENG3950,AST0085,SEC010,Track Geometry Correction,Gauge irregularity,5,LOW,2025-01-05,2025-01-05,2025-03-01,5.8,6,LOW,Cancelled,55,Low
ENG3951,AST0112,SEC037,Welding,Weld crack,4,LOW,2025-07-05,2025-07-06,2025-08-10,3.4,11,LOW,Completed,35,Low
ENG3952,AST0385,SEC010,Rail Inspection,Rail crack,3,MEDIUM,2025-06-29,2025-06-29,2025-07-19,1.4,15,MEDIUM,Completed,20,Normal
ENG3953,AST0291,SEC066,Sleeper Replacement,Cracked sleeper,2,HIGH,2025-08-25,2025-08-27,2025-09-11,9.9,11,HIGH,Completed,15,Normal
ENG3954,AST0204,SEC054,Rail Replacement,Broken rail,4,LOW,2025-04-15,2025-04-18,2025-05-17,4.2,13,LOW,In Progress,29,Normal
ENG3955,AST0202,SEC052,Sleeper Replacement,Broken concrete sleeper,2,HIGH,2025-05-18,2025-05-20,2025-05-28,8.9,13,HIGH,Completed,8,Normal
ENG3956,AST0314,SEC014,Track Geometry Correction,Twist fault,4,LOW,2025-02-08,2025-02-08,2025-03-18,8.7,13,LOW,In Progress,38,Low
ENG3957,AST0073,SEC073,Track Alignment,Buckling risk,2,HIGH,2025-05-26,2025-05-28,2025-06-11,9.2,6,HIGH,Completed,14,Normal
ENG3958,AST0119,SEC044,Track Geometry Correction,Cross-level error,5,LOW,2025-11-05,2025-11-07,2026-01-04,1.7,4,LOW,Completed,58,Low
ENG3959,AST0356,SEC056,Rail Replacement,Broken rail,2,HIGH,2025-12-14,2025-12-16,2025-12-24,6.2,10,HIGH,Cancelled,8,Normal
ENG3960,AST0086,SEC011,Rail Replacement,Broken rail,2,HIGH,2025-03-18,2025-03-18,2025-03-26,9.8,2,HIGH,Pending,8,Normal
ENG3961,AST0139,SEC064,Track Alignment,Buckling risk,4,LOW,2025-07-24,2025-07-25,2025-09-10,2.2,11,LOW,Pending,47,Low
ENG3962,AST0098,SEC023,Turnout Maintenance,Check rail gap,2,HIGH,2025-11-28,2025-11-28,2025-12-13,9.7,8,HIGH,Completed,15,Normal
ENG3963,AST0057,SEC057,Rail Replacement,Severely worn rail,5,LOW,2025-06-07,2025-06-07,2025-08-16,7.2,14,LOW,Completed,70,Low
ENG3964,AST0024,SEC024,Track Alignment,Lateral misalignment,4,LOW,2025-08-31,2025-08-31,2025-10-22,3.4,14,LOW,Pending,52,Low
ENG3965,AST0080,SEC005,Welding,Thermit weld defect,3,MEDIUM,2025-11-02,2025-11-02,2025-11-17,6.4,5,MEDIUM,In Progress,15,Normal
ENG3966,AST0141,SEC066,Track Geometry Correction,Gauge irregularity,5,LOW,2025-04-17,2025-04-18,2025-06-09,9.8,11,LOW,Pending,52,Low
ENG3967,AST0289,SEC064,Welding,Weld depression,2,HIGH,2025-11-27,2025-11-29,2025-12-14,5.6,6,HIGH,Pending,15,Normal
ENG3968,AST0384,SEC009,Turnout Maintenance,Switch tongue wear,3,MEDIUM,2025-09-05,2025-09-08,2025-09-22,11.1,3,MEDIUM,Scheduled,14,Normal
ENG3969,AST0339,SEC039,Sleeper Replacement,Missing sleeper,4,LOW,2025-07-20,2025-07-20,2025-09-02,7.0,4,LOW,Cancelled,44,Low
ENG3970,AST0311,SEC011,Welding,Weld depression,4,LOW,2025-09-12,2025-09-14,2025-11-07,2.0,5,LOW,Pending,54,Low
ENG3971,AST0336,SEC036,Rail Replacement,Rail end batter,2,HIGH,2025-03-10,2025-03-12,2025-03-19,11.4,6,HIGH,Pending,7,Urgent
ENG3972,AST0312,SEC012,Sleeper Replacement,Cracked sleeper,4,LOW,2025-07-24,2025-07-27,2025-09-03,8.0,2,LOW,Cancelled,38,Low
ENG3973,AST0251,SEC026,Ballast Maintenance,Vegetation growth,4,LOW,2025-03-15,2025-03-16,2025-04-15,8.8,7,LOW,Scheduled,30,Normal
ENG3974,AST0121,SEC046,Track Alignment,Lateral misalignment,3,MEDIUM,2025-09-26,2025-09-26,2025-10-16,11.4,3,MEDIUM,Completed,20,Normal
ENG3975,AST0331,SEC031,Welding,Misaligned weld,3,MEDIUM,2025-03-13,2025-03-13,2025-04-05,4.1,3,MEDIUM,Pending,23,Normal
ENG3976,AST0360,SEC060,Turnout Maintenance,Check rail gap,1,CRITICAL,2025-04-22,2025-04-24,2025-04-28,11.9,4,HIGH,Pending,4,Urgent
ENG3977,AST0283,SEC058,Track Alignment,Buckling risk,4,LOW,2025-04-05,2025-04-05,2025-05-26,3.6,12,LOW,Completed,51,Low
ENG3978,AST0296,SEC071,Track Geometry Correction,Cross-level error,3,MEDIUM,2025-12-14,2025-12-15,2026-01-07,6.1,12,MEDIUM,Completed,23,Normal
ENG3979,AST0236,SEC011,Track Geometry Correction,Cross-level error,3,MEDIUM,2025-08-24,2025-08-24,2025-09-18,11.5,6,MEDIUM,In Progress,25,Normal
ENG3980,AST0360,SEC060,Ballast Maintenance,Insufficient ballast,4,LOW,2025-05-02,2025-05-04,2025-06-28,6.5,12,LOW,Scheduled,55,Low
ENG3981,AST0084,SEC009,Ballast Maintenance,Vegetation growth,3,MEDIUM,2025-09-12,2025-09-12,2025-10-11,7.9,15,MEDIUM,Scheduled,29,Normal
ENG3982,AST0331,SEC031,Welding,Weld crack,5,LOW,2025-07-24,2025-07-27,2025-09-23,10.0,4,LOW,Completed,58,Low
ENG3983,AST0010,SEC010,Sleeper Replacement,Decayed wooden sleeper,5,LOW,2025-11-30,2025-12-01,2026-02-24,4.3,10,LOW,Pending,85,Low
ENG3984,AST0389,SEC014,Welding,Weld depression,2,HIGH,2025-10-02,2025-10-03,2025-10-18,9.2,14,HIGH,Completed,15,Normal
ENG3985,AST0200,SEC050,Track Geometry Correction,Alignment defect,3,MEDIUM,2025-11-13,2025-11-16,2025-12-14,11.3,4,MEDIUM,Pending,28,Normal
ENG3986,AST0258,SEC033,Sleeper Replacement,Missing sleeper,2,HIGH,2025-11-17,2025-11-19,2025-11-28,1.1,4,HIGH,Pending,9,Normal
ENG3987,AST0283,SEC058,Sleeper Replacement,Decayed wooden sleeper,4,LOW,2025-03-24,2025-03-27,2025-05-14,4.4,3,LOW,Completed,48,Low
ENG3988,AST0373,SEC073,Turnout Maintenance,Point mechanism fault,3,MEDIUM,2025-11-20,2025-11-23,2025-12-16,2.7,15,MEDIUM,Pending,23,Normal
ENG3989,AST0005,SEC005,Turnout Maintenance,Check rail gap,3,MEDIUM,2025-02-05,2025-02-06,2025-03-07,8.0,12,MEDIUM,Pending,29,Normal
ENG3990,AST0118,SEC043,Track Alignment,Vertical misalignment,1,CRITICAL,2025-03-19,2025-03-22,2025-03-26,3.5,4,HIGH,Pending,4,Urgent
ENG3991,AST0379,SEC004,Rail Replacement,End-post fracture,3,MEDIUM,2025-12-07,2025-12-09,2026-01-04,11.9,8,MEDIUM,Pending,26,Normal
ENG3992,AST0072,SEC072,Rail Replacement,Rail end batter,4,LOW,2025-04-22,2025-04-23,2025-06-18,11.0,15,LOW,Pending,56,Low
ENG3993,AST0226,SEC001,Turnout Maintenance,Check rail gap,3,MEDIUM,2025-12-11,2025-12-12,2026-01-09,8.6,13,MEDIUM,In Progress,28,Normal
ENG3994,AST0266,SEC041,Rail Replacement,End-post fracture,3,MEDIUM,2025-04-10,2025-04-11,2025-04-26,2.3,7,MEDIUM,Completed,15,Normal
ENG3995,AST0290,SEC065,Welding,Thermit weld defect,5,LOW,2025-05-17,2025-05-18,2025-08-14,6.9,14,LOW,Cancelled,88,Low
ENG3996,AST0088,SEC013,Rail Inspection,Surface defect,4,LOW,2025-09-02,2025-09-04,2025-10-10,1.9,7,LOW,Completed,36,Low
ENG3997,AST0263,SEC038,Turnout Maintenance,Crossing nose defect,4,LOW,2025-02-14,2025-02-14,2025-04-09,4.0,2,LOW,In Progress,54,Low
ENG3998,AST0139,SEC064,Sleeper Replacement,Broken concrete sleeper,2,HIGH,2025-10-29,2025-10-31,2025-11-11,8.2,9,HIGH,Completed,11,Normal
ENG3999,AST0048,SEC048,Sleeper Replacement,Missing sleeper,2,HIGH,2025-06-29,2025-06-30,2025-07-10,3.9,11,HIGH,Scheduled,10,Normal
ENG4000,AST0350,SEC050,Sleeper Replacement,Broken concrete sleeper,3,MEDIUM,2025-09-21,2025-09-21,2025-10-08,10.8,11,MEDIUM,Pending,17,Normal
