task_id,predicted_priority_score,predicted_priority_class
ENG0001,63.19685,HIGH
ENG0002,94.900215,CRITICAL
ENG0003,42.201324,MEDIUM
ENG0004,39.92239,LOW
ENG0005,65.796295,HIGH
ENG0006,36.993065,LOW
ENG0007,99.00035,CRITICAL
ENG0008,41.101334,MEDIUM
ENG0009,26.232933,LOW
ENG0010,97.999016,CRITICAL
ENG0011,39.988945,LOW
ENG0012,96.29977,CRITICAL
ENG0013,37.135952,LOW
ENG0014,39.99856,LOW
ENG0015,43.150475,MEDIUM
ENG0016,40.699795,MEDIUM
ENG0017,45.199215,MEDIUM
ENG0018,33.988907,LOW
ENG0019,62.199215,HIGH
ENG0020,28.04389,LOW
ENG0021,61.86409,HIGH
ENG0022,60.10089,HIGH
ENG0023,63.69925,HIGH
ENG0024,81.91913,CRITICAL
ENG0025,62.29968,HIGH
ENG0026,61.00007,HIGH
ENG0027,65.601,HIGH
ENG0028,64.30111,HIGH
ENG0029,37.696625,LOW
ENG0030,84.48161,CRITICAL
ENG0031,64.04648,HIGH
ENG0032,81.22564,CRITICAL
ENG0033,36.60048,LOW
ENG0034,25.318037,LOW
ENG0035,45.598774,MEDIUM
ENG0036,94.74436,CRITICAL
ENG0037,38.85489,LOW
ENG0038,37.721752,LOW
ENG0039,82.90006,CRITICAL
ENG0040,43.884056,MEDIUM
ENG0041,42.7982,MEDIUM
ENG0042,60.555244,HIGH
ENG0043,66.003204,HIGH
ENG0044,39.999897,LOW
ENG0045,38.901108,LOW
ENG0046,41.374435,MEDIUM
ENG0047,64.18674,HIGH
ENG0048,62.4282,HIGH
ENG0049,64.13862,HIGH
ENG0050,26.399004,LOW
ENG0051,62.050232,HIGH
ENG0052,30.600498,LOW
ENG0053,65.199295,HIGH
ENG0054,43.510242,MEDIUM
ENG0055,61.89906,HIGH
ENG0056,43.60205,MEDIUM
ENG0057,65.36842,HIGH
ENG0058,29.599876,LOW
ENG0059,26.611774,LOW
ENG0060,61.189487,HIGH
ENG0061,83.70164,CRITICAL
ENG0062,38.03412,LOW
ENG0063,61.599056,HIGH
ENG0064,39.899773,LOW
ENG0065,98.90095,CRITICAL
ENG0066,62.436466,HIGH
ENG0067,35.799103,LOW
ENG0068,42.902008,MEDIUM
ENG0069,39.992775,LOW
ENG0070,44.971367,MEDIUM
ENG0071,62.603573,HIGH
ENG0072,60.900856,HIGH
ENG0073,62.499786,HIGH
ENG0074,31.0089,LOW
ENG0075,60.900013,HIGH
ENG0076,80.79978,CRITICAL
ENG0077,61.63121,HIGH
ENG0078,82.29675,CRITICAL
ENG0079,45.900322,MEDIUM
ENG0080,41.581097,MEDIUM
ENG0081,60.988285,HIGH
ENG0082,83.67887,CRITICAL
ENG0083,39.200714,LOW
ENG0084,43.90028,MEDIUM
ENG0085,28.697683,LOW
ENG0086,62.401123,HIGH
ENG0087,40.99951,MEDIUM
ENG0088,97.6071,CRITICAL
ENG0089,82.98728,CRITICAL
ENG0090,43.60209,MEDIUM
ENG0091,65.29955,HIGH
ENG0092,25.901472,LOW
ENG0093,43.58884,MEDIUM
ENG0094,62.798218,HIGH
ENG0095,28.397589,LOW
ENG0096,62.2887,HIGH
ENG0097,80.72975,CRITICAL
ENG0098,94.399315,CRITICAL
ENG0099,83.80008,CRITICAL
ENG0100,82.50698,CRITICAL
ENG0101,83.70066,CRITICAL
ENG0102,61.297703,HIGH
ENG0103,65.00781,HIGH
ENG0104,84.93428,CRITICAL
ENG0105,79.83302,HIGH
ENG0106,40.898094,MEDIUM
ENG0107,29.551805,LOW
ENG0108,62.84361,HIGH
ENG0109,29.761648,LOW
ENG0110,42.297306,MEDIUM
ENG0111,45.801712,MEDIUM
ENG0112,61.17397,HIGH
ENG0113,36.90028,LOW
ENG0114,39.098564,LOW
ENG0115,95.49958,CRITICAL
ENG0116,44.79692,MEDIUM
ENG0117,84.09886,CRITICAL
ENG0118,94.89971,CRITICAL
ENG0119,60.96403,HIGH
ENG0120,36.98551,LOW
ENG0121,39.796158,LOW
ENG0122,81.400734,CRITICAL
ENG0123,61.899326,HIGH
ENG0124,84.50132,CRITICAL
ENG0125,94.99957,CRITICAL
ENG0126,39.394707,LOW
ENG0127,64.396835,HIGH
ENG0128,80.99935,CRITICAL
ENG0129,46.298923,MEDIUM
ENG0130,64.39982,HIGH
ENG0131,63.702652,HIGH
ENG0132,24.225845,LOW
ENG0133,64.70185,HIGH
ENG0134,98.89949,CRITICAL
ENG0135,99.39962,CRITICAL
ENG0136,44.596428,MEDIUM
ENG0137,84.10086,CRITICAL
ENG0138,62.400665,HIGH
ENG0139,65.99668,HIGH
ENG0140,60.9906,HIGH
ENG0141,40.097874,MEDIUM
ENG0142,63.600826,HIGH
ENG0143,62.00275,HIGH
ENG0144,61.901093,HIGH
ENG0145,46.03974,MEDIUM
ENG0146,31.10449,LOW
ENG0147,80.99904,CRITICAL
ENG0148,43.998615,MEDIUM
ENG0149,42.590046,MEDIUM
ENG0150,80.094154,CRITICAL
ENG0151,65.10265,HIGH
ENG0152,40.89992,MEDIUM
ENG0153,99.097626,CRITICAL
ENG0154,37.00095,LOW
ENG0155,45.401337,MEDIUM
ENG0156,84.49845,CRITICAL
ENG0157,62.800697,HIGH
ENG0158,63.4769,HIGH
ENG0159,31.200684,LOW
ENG0160,39.498253,LOW
ENG0161,96.19643,CRITICAL
ENG0162,81.30034,CRITICAL
ENG0163,85.59952,CRITICAL
ENG0164,61.600655,HIGH
ENG0165,66.255104,HIGH
ENG0166,38.49829,LOW
ENG0167,81.29943,CRITICAL
ENG0168,40.499752,MEDIUM
ENG0169,62.122154,HIGH
ENG0170,80.24322,CRITICAL
ENG0171,83.50127,CRITICAL
ENG0172,85.2994,CRITICAL
ENG0173,97.31589,CRITICAL
ENG0174,61.69974,HIGH
ENG0175,38.599796,LOW
ENG0176,97.599754,CRITICAL
ENG0177,84.399414,CRITICAL
ENG0178,64.64448,HIGH
ENG0179,60.299324,HIGH
ENG0180,42.20138,MEDIUM
ENG0181,64.69822,HIGH
ENG0182,83.62007,CRITICAL
ENG0183,82.80044,CRITICAL
ENG0184,35.099102,LOW
ENG0185,66.49978,HIGH
ENG0186,40.200695,MEDIUM
ENG0187,83.10058,CRITICAL
ENG0188,62.201042,HIGH
ENG0189,38.498547,LOW
ENG0190,98.398575,CRITICAL
ENG0191,81.80112,CRITICAL
ENG0192,85.69948,CRITICAL
ENG0193,99.09984,CRITICAL
ENG0194,66.09976,HIGH
ENG0195,97.99972,CRITICAL
ENG0196,96.599266,CRITICAL
ENG0197,63.258167,HIGH
ENG0198,98.80091,CRITICAL
ENG0199,63.601166,HIGH
ENG0200,95.12677,CRITICAL
ENG0201,97.29898,CRITICAL
ENG0202,64.80077,HIGH
ENG0203,60.79983,HIGH
ENG0204,62.099148,HIGH
ENG0205,84.504654,CRITICAL
ENG0206,61.59946,HIGH
ENG0207,84.00134,CRITICAL
ENG0208,60.998997,HIGH
ENG0209,79.80047,HIGH
ENG0210,65.90147,HIGH
ENG0211,40.904495,MEDIUM
ENG0212,63.761517,HIGH
ENG0213,61.00127,HIGH
ENG0214,64.20703,HIGH
ENG0215,80.8855,CRITICAL
ENG0216,63.99942,HIGH
ENG0217,39.801926,LOW
ENG0218,46.11232,MEDIUM
ENG0219,63.473938,HIGH
ENG0220,83.497765,CRITICAL
ENG0221,83.7995,CRITICAL
ENG0222,63.422554,HIGH
ENG0223,40.39568,MEDIUM
ENG0224,83.19945,CRITICAL
ENG0225,83.00131,CRITICAL
ENG0226,30.699026,LOW
ENG0227,83.49987,CRITICAL
ENG0228,94.89719,CRITICAL
ENG0229,81.99924,CRITICAL
ENG0230,84.901566,CRITICAL
ENG0231,35.630882,LOW
ENG0232,80.79832,CRITICAL
ENG0233,81.098175,CRITICAL
ENG0234,28.007805,LOW
ENG0235,59.900475,MEDIUM
ENG0236,85.10097,CRITICAL
ENG0237,60.301212,HIGH
ENG0238,61.49945,HIGH
ENG0239,94.80179,CRITICAL
ENG0240,62.950573,HIGH
ENG0241,85.59638,CRITICAL
ENG0242,64.1043,HIGH
ENG0243,96.70053,CRITICAL
ENG0244,97.70203,CRITICAL
ENG0245,44.898296,MEDIUM
ENG0246,59.448143,MEDIUM
ENG0247,60.700665,HIGH
ENG0248,61.721325,HIGH
ENG0249,64.19226,HIGH
ENG0250,64.399796,HIGH
ENG0251,66.09932,HIGH
ENG0252,60.432594,HIGH
ENG0253,98.34914,CRITICAL
ENG0254,62.999233,HIGH
ENG0255,63.554405,HIGH
ENG0256,28.100088,LOW
ENG0257,64.00109,HIGH
ENG0258,84.72559,CRITICAL
ENG0259,38.8004,LOW
ENG0260,26.92395,LOW
ENG0261,37.799507,LOW
ENG0262,81.299126,CRITICAL
ENG0263,64.90694,HIGH
ENG0264,98.33293,CRITICAL
ENG0265,27.199467,LOW
ENG0266,63.32792,HIGH
ENG0267,85.49846,CRITICAL
ENG0268,94.81153,CRITICAL
ENG0269,82.6987,CRITICAL
ENG0270,84.39957,CRITICAL
ENG0271,62.100727,HIGH
ENG0272,94.40095,CRITICAL
ENG0273,39.797512,LOW
ENG0274,40.400486,MEDIUM
ENG0275,37.49038,LOW
ENG0276,97.70125,CRITICAL
ENG0277,42.400276,MEDIUM
ENG0278,22.800053,LOW
ENG0279,60.598392,HIGH
ENG0280,39.29912,LOW
ENG0281,62.300694,HIGH
ENG0282,81.90028,CRITICAL
ENG0283,29.601608,LOW
ENG0284,66.298775,HIGH
ENG0285,80.698715,CRITICAL
ENG0286,61.598816,HIGH
ENG0287,82.676544,CRITICAL
ENG0288,64.80222,HIGH
ENG0289,60.890427,HIGH
ENG0290,26.90055,LOW
ENG0291,64.47152,HIGH
ENG0292,61.121914,HIGH
ENG0293,40.143154,MEDIUM
ENG0294,39.79919,LOW
ENG0295,85.70035,CRITICAL
ENG0296,80.000626,CRITICAL
ENG0297,62.501205,HIGH
ENG0298,40.79871,MEDIUM
ENG0299,79.89844,HIGH
ENG0300,41.901535,MEDIUM
ENG0301,32.102757,LOW
ENG0302,60.702305,HIGH
ENG0303,84.0047,CRITICAL
ENG0304,39.921925,LOW
ENG0305,38.59839,LOW
ENG0306,45.10263,MEDIUM
ENG0307,62.599712,HIGH
ENG0308,26.199497,LOW
ENG0309,65.34373,HIGH
ENG0310,93.89992,CRITICAL
ENG0311,81.19931,CRITICAL
ENG0312,97.90683,CRITICAL
ENG0313,62.796623,HIGH
ENG0314,80.798355,CRITICAL
ENG0315,94.89535,CRITICAL
ENG0316,81.638374,CRITICAL
ENG0317,62.92372,HIGH
ENG0318,42.298157,MEDIUM
ENG0319,64.18986,HIGH
ENG0320,25.456432,LOW
ENG0321,80.30012,CRITICAL
ENG0322,43.30893,MEDIUM
ENG0323,30.801569,LOW
ENG0324,85.41938,CRITICAL
ENG0325,60.598244,HIGH
ENG0326,65.29979,HIGH
ENG0327,62.79836,HIGH
ENG0328,93.90227,CRITICAL
ENG0329,63.907173,HIGH
ENG0330,30.69683,LOW
ENG0331,63.204853,HIGH
ENG0332,29.199675,LOW
ENG0333,38.401768,LOW
ENG0334,25.221119,LOW
ENG0335,60.829464,HIGH
ENG0336,61.51256,HIGH
ENG0337,62.200768,HIGH
ENG0338,99.15636,CRITICAL
ENG0339,95.69966,CRITICAL
ENG0340,30.19896,LOW
ENG0341,42.304882,MEDIUM
ENG0342,59.50102,MEDIUM
ENG0343,41.300377,MEDIUM
ENG0344,59.199074,MEDIUM
ENG0345,61.1991,HIGH
ENG0346,41.399612,MEDIUM
ENG0347,36.28238,LOW
ENG0348,65.233376,HIGH
ENG0349,95.50372,CRITICAL
ENG0350,80.7055,CRITICAL
ENG0351,32.531593,LOW
ENG0352,63.7995,HIGH
ENG0353,24.100546,LOW
ENG0354,36.73939,LOW
ENG0355,81.6136,CRITICAL
ENG0356,66.30213,HIGH
ENG0357,44.896057,MEDIUM
ENG0358,36.902485,LOW
ENG0359,84.099236,CRITICAL
ENG0360,32.99891,LOW
ENG0361,45.02638,MEDIUM
ENG0362,63.79737,HIGH
ENG0363,81.19872,CRITICAL
ENG0364,83.800735,CRITICAL
ENG0365,64.999275,HIGH
ENG0366,64.40137,HIGH
ENG0367,40.295288,MEDIUM
ENG0368,62.998722,HIGH
ENG0369,65.31031,HIGH
ENG0370,94.30154,CRITICAL
ENG0371,38.400383,LOW
ENG0372,82.299675,CRITICAL
ENG0373,64.92004,HIGH
ENG0374,63.600727,HIGH
ENG0375,60.2987,HIGH
ENG0376,42.799416,MEDIUM
ENG0377,62.08054,HIGH
ENG0378,25.799427,LOW
ENG0379,84.60024,CRITICAL
ENG0380,82.14134,CRITICAL
ENG0381,46.600704,MEDIUM
ENG0382,60.466396,HIGH
ENG0383,36.69964,LOW
ENG0384,95.3999,CRITICAL
ENG0385,82.09843,CRITICAL
ENG0386,85.385635,CRITICAL
ENG0387,61.901688,HIGH
ENG0388,63.201725,HIGH
ENG0389,36.776943,LOW
ENG0390,39.80067,LOW
ENG0391,43.29138,MEDIUM
ENG0392,40.601326,MEDIUM
ENG0393,64.19886,HIGH
ENG0394,63.929245,HIGH
ENG0395,40.012512,MEDIUM
ENG0396,95.79934,CRITICAL
ENG0397,62.698963,HIGH
ENG0398,41.793133,MEDIUM
ENG0399,64.49947,HIGH
ENG0400,42.396904,MEDIUM
ENG0401,66.34171,HIGH
ENG0402,40.49368,MEDIUM
ENG0403,65.7876,HIGH
ENG0404,82.929794,CRITICAL
ENG0405,39.19886,LOW
ENG0406,85.70109,CRITICAL
ENG0407,62.701157,HIGH
ENG0408,84.80279,CRITICAL
ENG0409,98.781624,CRITICAL
ENG0410,28.00024,LOW
ENG0411,83.4499,CRITICAL
ENG0412,60.85448,HIGH
ENG0413,26.900396,LOW
ENG0414,35.599037,LOW
ENG0415,37.797638,LOW
ENG0416,84.4582,CRITICAL
ENG0417,84.25346,CRITICAL
ENG0418,60.900974,HIGH
ENG0419,22.399918,LOW
ENG0420,65.70096,HIGH
ENG0421,34.226807,LOW
ENG0422,83.79786,CRITICAL
ENG0423,31.000353,LOW
ENG0424,81.99006,CRITICAL
ENG0425,30.799816,LOW
ENG0426,39.399612,LOW
ENG0427,64.79911,HIGH
ENG0428,42.3157,MEDIUM
ENG0429,96.29947,CRITICAL
ENG0430,93.93589,CRITICAL
ENG0431,63.90072,HIGH
ENG0432,37.000393,LOW
ENG0433,30.055902,LOW
ENG0434,37.58612,LOW
ENG0435,82.29987,CRITICAL
ENG0436,24.098776,LOW
ENG0437,82.4012,CRITICAL
ENG0438,59.499832,MEDIUM
ENG0439,65.19994,HIGH
ENG0440,34.23237,LOW
ENG0441,63.641838,HIGH
ENG0442,38.19961,LOW
ENG0443,96.103905,CRITICAL
ENG0444,32.90019,LOW
ENG0445,30.500933,LOW
ENG0446,37.543766,LOW
ENG0447,38.799835,LOW
ENG0448,83.75389,CRITICAL
ENG0449,59.29851,MEDIUM
ENG0450,81.98326,CRITICAL
ENG0451,42.924442,MEDIUM
ENG0452,94.40004,CRITICAL
ENG0453,80.798515,CRITICAL
ENG0454,44.074734,MEDIUM
ENG0455,63.19864,HIGH
ENG0456,63.066017,HIGH
ENG0457,64.500824,HIGH
ENG0458,83.90394,CRITICAL
ENG0459,98.40209,CRITICAL
ENG0460,42.69863,MEDIUM
ENG0461,83.5004,CRITICAL
ENG0462,66.06692,HIGH
ENG0463,83.01123,CRITICAL
ENG0464,26.999495,LOW
ENG0465,60.20037,HIGH
ENG0466,94.12833,CRITICAL
ENG0467,58.80046,MEDIUM
ENG0468,64.37623,HIGH
ENG0469,81.20143,CRITICAL
ENG0470,41.100365,MEDIUM
ENG0471,94.69888,CRITICAL
ENG0472,97.59834,CRITICAL
ENG0473,61.55963,HIGH
ENG0474,46.79349,MEDIUM
ENG0475,83.00797,CRITICAL
ENG0476,38.098816,LOW
ENG0477,61.891045,HIGH
ENG0478,43.396385,MEDIUM
ENG0479,65.200264,HIGH
ENG0480,26.301464,LOW
ENG0481,61.39924,HIGH
ENG0482,36.30009,LOW
ENG0483,36.79895,LOW
ENG0484,85.42047,CRITICAL
ENG0485,84.6,CRITICAL
ENG0486,64.21896,HIGH
ENG0487,40.60046,MEDIUM
ENG0488,81.70403,CRITICAL
ENG0489,62.799908,HIGH
ENG0490,37.2003,LOW
ENG0491,94.90094,CRITICAL
ENG0492,63.600025,HIGH
ENG0493,65.10079,HIGH
ENG0494,38.401344,LOW
ENG0495,95.70194,CRITICAL
ENG0496,42.200603,MEDIUM
ENG0497,80.29563,CRITICAL
ENG0498,26.800179,LOW
ENG0499,44.79916,MEDIUM
ENG0500,62.10113,HIGH
ENG0501,31.072065,LOW
ENG0502,30.198946,LOW
ENG0503,60.300873,HIGH
ENG0504,30.096558,LOW
ENG0505,38.595787,LOW
ENG0506,43.30166,MEDIUM
ENG0507,59.100605,MEDIUM
ENG0508,67.19891,HIGH
ENG0509,98.699455,CRITICAL
ENG0510,94.914055,CRITICAL
ENG0511,85.492615,CRITICAL
ENG0512,81.390236,CRITICAL
ENG0513,62.901638,HIGH
ENG0514,99.10114,CRITICAL
ENG0515,62.398624,HIGH
ENG0516,41.700897,MEDIUM
ENG0517,62.300865,HIGH
ENG0518,35.900646,LOW
ENG0519,94.68573,CRITICAL
ENG0520,37.701763,LOW
ENG0521,61.696533,HIGH
ENG0522,83.2999,CRITICAL
ENG0523,44.300694,MEDIUM
ENG0524,60.701008,HIGH
ENG0525,65.1259,HIGH
ENG0526,82.10188,CRITICAL
ENG0527,40.499825,MEDIUM
ENG0528,81.79695,CRITICAL
ENG0529,64.956436,HIGH
ENG0530,66.28843,HIGH
ENG0531,38.40154,LOW
ENG0532,61.89856,HIGH
ENG0533,82.388535,CRITICAL
ENG0534,63.663937,HIGH
ENG0535,84.50026,CRITICAL
ENG0536,61.100292,HIGH
ENG0537,40.302814,MEDIUM
ENG0538,59.699444,MEDIUM
ENG0539,64.735466,HIGH
ENG0540,59.09839,MEDIUM
ENG0541,45.485607,MEDIUM
ENG0542,64.40098,HIGH
ENG0543,62.099194,HIGH
ENG0544,38.636448,LOW
ENG0545,81.47382,CRITICAL
ENG0546,63.4997,HIGH
ENG0547,61.400074,HIGH
ENG0548,99.0985,CRITICAL
ENG0549,83.70018,CRITICAL
ENG0550,84.700935,CRITICAL
ENG0551,40.365635,MEDIUM
ENG0552,62.542545,HIGH
ENG0553,64.09896,HIGH
ENG0554,26.10037,LOW
ENG0555,82.878,CRITICAL
ENG0556,43.79882,MEDIUM
ENG0557,40.5996,MEDIUM
ENG0558,97.902214,CRITICAL
ENG0559,36.50073,LOW
ENG0560,81.599495,CRITICAL
ENG0561,62.800583,HIGH
ENG0562,98.50016,CRITICAL
ENG0563,83.49945,CRITICAL
ENG0564,46.518547,MEDIUM
ENG0565,62.052887,HIGH
ENG0566,40.901592,MEDIUM
ENG0567,39.301414,LOW
ENG0568,63.15931,HIGH
ENG0569,85.782646,CRITICAL
ENG0570,84.40136,CRITICAL
ENG0571,43.598713,MEDIUM
ENG0572,64.49795,HIGH
ENG0573,80.49813,CRITICAL
ENG0574,42.500374,MEDIUM
ENG0575,59.498573,MEDIUM
ENG0576,36.19971,LOW
ENG0577,63.575073,HIGH
ENG0578,82.37663,CRITICAL
ENG0579,62.602665,HIGH
ENG0580,83.00468,CRITICAL
ENG0581,61.79959,HIGH
ENG0582,65.79935,HIGH
ENG0583,65.606544,HIGH
ENG0584,83.40148,CRITICAL
ENG0585,44.492935,MEDIUM
ENG0586,61.00022,HIGH
ENG0587,65.603714,HIGH
ENG0588,63.799675,HIGH
ENG0589,36.40024,LOW
ENG0590,44.60031,MEDIUM
ENG0591,65.49709,HIGH
ENG0592,41.870358,MEDIUM
ENG0593,44.892326,MEDIUM
ENG0594,59.300655,MEDIUM
ENG0595,83.816795,CRITICAL
ENG0596,40.698368,MEDIUM
ENG0597,61.799458,HIGH
ENG0598,40.798855,MEDIUM
ENG0599,61.2983,HIGH
ENG0600,81.90075,CRITICAL
ENG0601,30.300058,LOW
ENG0602,83.29473,CRITICAL
ENG0603,84.79898,CRITICAL
ENG0604,35.719116,LOW
ENG0605,83.710655,CRITICAL
ENG0606,85.00251,CRITICAL
ENG0607,47.000507,MEDIUM
ENG0608,20.80065,LOW
ENG0609,83.19951,CRITICAL
ENG0610,41.60095,MEDIUM
ENG0611,27.803366,LOW
ENG0612,61.270954,HIGH
ENG0613,98.29865,CRITICAL
ENG0614,27.471674,LOW
ENG0615,30.29913,LOW
ENG0616,28.704105,LOW
ENG0617,94.69977,CRITICAL
ENG0618,60.98383,HIGH
ENG0619,63.279404,HIGH
ENG0620,63.899136,HIGH
ENG0621,80.66295,CRITICAL
ENG0622,61.681236,HIGH
ENG0623,83.49796,CRITICAL
ENG0624,29.369913,LOW
ENG0625,62.93392,HIGH
ENG0626,61.721153,HIGH
ENG0627,83.2987,CRITICAL
ENG0628,80.80185,CRITICAL
ENG0629,79.799286,HIGH
ENG0630,85.59948,CRITICAL
ENG0631,82.09972,CRITICAL
ENG0632,64.598656,HIGH
ENG0633,45.29963,MEDIUM
ENG0634,99.1995,CRITICAL
ENG0635,40.700855,MEDIUM
ENG0636,85.4994,CRITICAL
ENG0637,84.399414,CRITICAL
ENG0638,61.623657,HIGH
ENG0639,85.200714,CRITICAL
ENG0640,98.30056,CRITICAL
ENG0641,63.400993,HIGH
ENG0642,61.59914,HIGH
ENG0643,44.59906,MEDIUM
ENG0644,96.09885,CRITICAL
ENG0645,39.10017,LOW
ENG0646,63.69984,HIGH
ENG0647,66.50022,HIGH
ENG0648,83.69954,CRITICAL
ENG0649,44.900814,MEDIUM
ENG0650,62.99991,HIGH
ENG0651,63.20283,HIGH
ENG0652,28.29967,LOW
ENG0653,84.39972,CRITICAL
ENG0654,61.915016,HIGH
ENG0655,40.60787,MEDIUM
ENG0656,80.8714,CRITICAL
ENG0657,27.50078,LOW
ENG0658,99.19937,CRITICAL
ENG0659,41.100597,MEDIUM
ENG0660,44.303482,MEDIUM
ENG0661,35.79654,LOW
ENG0662,62.99997,HIGH
ENG0663,82.00199,CRITICAL
ENG0664,43.400295,MEDIUM
ENG0665,61.145153,HIGH
ENG0666,63.79922,HIGH
ENG0667,86.20009,CRITICAL
ENG0668,45.198647,MEDIUM
ENG0669,82.88958,CRITICAL
ENG0670,81.80124,CRITICAL
ENG0671,82.000534,CRITICAL
ENG0672,35.298496,LOW
ENG0673,62.998837,HIGH
ENG0674,65.23567,HIGH
ENG0675,63.59915,HIGH
ENG0676,60.133724,HIGH
ENG0677,60.564457,HIGH
ENG0678,24.20075,LOW
ENG0679,27.252464,LOW
ENG0680,99.002304,CRITICAL
ENG0681,25.500645,LOW
ENG0682,40.799477,MEDIUM
ENG0683,36.085064,LOW
ENG0684,61.573704,HIGH
ENG0685,59.802536,MEDIUM
ENG0686,38.80075,LOW
ENG0687,82.00093,CRITICAL
ENG0688,81.79971,CRITICAL
ENG0689,43.598522,MEDIUM
ENG0690,60.7011,HIGH
ENG0691,34.700436,LOW
ENG0692,62.70125,HIGH
ENG0693,63.20085,HIGH
ENG0694,36.92668,LOW
ENG0695,45.695778,MEDIUM
ENG0696,36.100273,LOW
ENG0697,94.59799,CRITICAL
ENG0698,62.20008,HIGH
ENG0699,25.900227,LOW
ENG0700,65.59952,HIGH
ENG0701,39.38023,LOW
ENG0702,64.59316,HIGH
ENG0703,29.40055,LOW
ENG0704,28.20002,LOW
ENG0705,63.69633,HIGH
ENG0706,65.402336,HIGH
ENG0707,81.42413,CRITICAL
ENG0708,36.699955,LOW
ENG0709,84.30928,CRITICAL
ENG0710,62.60013,HIGH
ENG0711,40.97877,MEDIUM
ENG0712,83.69039,CRITICAL
ENG0713,85.75999,CRITICAL
ENG0714,61.696377,HIGH
ENG0715,63.499073,HIGH
ENG0716,41.146404,MEDIUM
ENG0717,60.40311,HIGH
ENG0718,39.59987,LOW
ENG0719,40.505093,MEDIUM
ENG0720,94.20071,CRITICAL
ENG0721,28.50017,LOW
ENG0722,97.00056,CRITICAL
ENG0723,96.99889,CRITICAL
ENG0724,62.401245,HIGH
ENG0725,43.57561,MEDIUM
ENG0726,24.39827,LOW
ENG0727,43.401012,MEDIUM
ENG0728,30.3002,LOW
ENG0729,64.40367,HIGH
ENG0730,38.80168,LOW
ENG0731,66.44422,HIGH
ENG0732,81.20073,CRITICAL
ENG0733,83.302124,CRITICAL
ENG0734,61.862053,HIGH
ENG0735,44.499756,MEDIUM
ENG0736,79.829506,HIGH
ENG0737,37.277397,LOW
ENG0738,35.43897,LOW
ENG0739,63.34752,HIGH
ENG0740,61.00089,HIGH
ENG0741,85.340675,CRITICAL
ENG0742,37.000874,LOW
ENG0743,62.385277,HIGH
ENG0744,39.291927,LOW
ENG0745,94.31444,CRITICAL
ENG0746,79.80862,HIGH
ENG0747,62.500546,HIGH
ENG0748,39.010723,LOW
ENG0749,61.359207,HIGH
ENG0750,60.574062,HIGH
ENG0751,60.99818,HIGH
ENG0752,65.300644,HIGH
ENG0753,62.991936,HIGH
ENG0754,29.682852,LOW
ENG0755,63.243446,HIGH
ENG0756,85.10133,CRITICAL
ENG0757,42.598103,MEDIUM
ENG0758,65.30256,HIGH
ENG0759,64.039505,HIGH
ENG0760,62.609634,HIGH
ENG0761,35.301277,LOW
ENG0762,40.357708,MEDIUM
ENG0763,62.899086,HIGH
ENG0764,40.586754,MEDIUM
ENG0765,64.55772,HIGH
ENG0766,61.927353,HIGH
ENG0767,64.43328,HIGH
ENG0768,65.89836,HIGH
ENG0769,30.499126,LOW
ENG0770,24.999706,LOW
ENG0771,60.399918,HIGH
ENG0772,60.697987,HIGH
ENG0773,61.89802,HIGH
ENG0774,84.90191,CRITICAL
ENG0775,98.579384,CRITICAL
ENG0776,38.401775,LOW
ENG0777,39.496357,LOW
ENG0778,85.03829,CRITICAL
ENG0779,97.00015,CRITICAL
ENG0780,63.329765,HIGH
ENG0781,41.99932,MEDIUM
ENG0782,98.79942,CRITICAL
ENG0783,38.981636,LOW
ENG0784,63.693607,HIGH
ENG0785,36.39988,LOW
ENG0786,80.29897,CRITICAL
ENG0787,83.0985,CRITICAL
ENG0788,64.90009,HIGH
ENG0789,85.300354,CRITICAL
ENG0790,64.09002,HIGH
ENG0791,66.498665,HIGH
ENG0792,82.40075,CRITICAL
ENG0793,62.400093,HIGH
ENG0794,65.001175,HIGH
ENG0795,39.072594,LOW
ENG0796,65.827484,HIGH
ENG0797,42.500324,MEDIUM
ENG0798,29.90234,LOW
ENG0799,81.50177,CRITICAL
ENG0800,98.92691,CRITICAL
ENG0801,26.468071,LOW
ENG0802,21.200033,LOW
ENG0803,36.200603,LOW
ENG0804,82.79946,CRITICAL
ENG0805,41.79781,MEDIUM
ENG0806,82.59891,CRITICAL
ENG0807,41.596897,MEDIUM
ENG0808,80.9008,CRITICAL
ENG0809,99.40085,CRITICAL
ENG0810,27.977388,LOW
ENG0811,60.630688,HIGH
ENG0812,44.24118,MEDIUM
ENG0813,40.498955,MEDIUM
ENG0814,63.99994,HIGH
ENG0815,62.700485,HIGH
ENG0816,81.59904,CRITICAL
ENG0817,42.399845,MEDIUM
ENG0818,83.59736,CRITICAL
ENG0819,40.59902,MEDIUM
ENG0820,65.101295,HIGH
ENG0821,61.700737,HIGH
ENG0822,32.367737,LOW
ENG0823,63.001324,HIGH
ENG0824,22.901815,LOW
ENG0825,85.404594,CRITICAL
ENG0826,27.29928,LOW
ENG0827,63.89939,HIGH
ENG0828,61.099106,HIGH
ENG0829,38.768147,LOW
ENG0830,28.79992,LOW
ENG0831,64.400185,HIGH
ENG0832,42.416725,MEDIUM
ENG0833,62.00012,HIGH
ENG0834,59.05694,MEDIUM
ENG0835,40.59449,MEDIUM
ENG0836,64.11128,HIGH
ENG0837,36.200882,LOW
ENG0838,64.93793,HIGH
ENG0839,99.20001,CRITICAL
ENG0840,83.39889,CRITICAL
ENG0841,96.90027,CRITICAL
ENG0842,84.689545,CRITICAL
ENG0843,84.69873,CRITICAL
ENG0844,63.60062,HIGH
ENG0845,94.80088,CRITICAL
ENG0846,40.401028,MEDIUM
ENG0847,34.100376,LOW
ENG0848,32.499977,LOW
ENG0849,83.699585,CRITICAL
ENG0850,96.299126,CRITICAL
ENG0851,32.645664,LOW
ENG0852,94.79941,CRITICAL
ENG0853,40.92519,MEDIUM
ENG0854,39.501495,LOW
ENG0855,64.99946,HIGH
ENG0856,24.800028,LOW
ENG0857,32.505943,LOW
ENG0858,66.29953,HIGH
ENG0859,37.032326,LOW
ENG0860,31.09986,LOW
ENG0861,95.40068,CRITICAL
ENG0862,43.201202,MEDIUM
ENG0863,62.006504,HIGH
ENG0864,83.49978,CRITICAL
ENG0865,46.29772,MEDIUM
ENG0866,81.199745,CRITICAL
ENG0867,28.721512,LOW
ENG0868,42.99941,MEDIUM
ENG0869,42.116154,MEDIUM
ENG0870,80.0993,CRITICAL
ENG0871,41.80006,MEDIUM
ENG0872,81.96505,CRITICAL
ENG0873,62.138737,HIGH
ENG0874,39.801266,LOW
ENG0875,98.30333,CRITICAL
ENG0876,65.19388,HIGH
ENG0877,66.40064,HIGH
ENG0878,40.640354,MEDIUM
ENG0879,41.899853,MEDIUM
ENG0880,62.7185,HIGH
ENG0881,80.57295,CRITICAL
ENG0882,64.21612,HIGH
ENG0883,43.101444,MEDIUM
ENG0884,81.8037,CRITICAL
ENG0885,62.396545,HIGH
ENG0886,65.09984,HIGH
ENG0887,63.602882,HIGH
ENG0888,43.99878,MEDIUM
ENG0889,66.49915,HIGH
ENG0890,62.598644,HIGH
ENG0891,62.601215,HIGH
ENG0892,62.298943,HIGH
ENG0893,95.39994,CRITICAL
ENG0894,66.199646,HIGH
ENG0895,42.099636,MEDIUM
ENG0896,98.99969,CRITICAL
ENG0897,40.698303,MEDIUM
ENG0898,42.80056,MEDIUM
ENG0899,42.30197,MEDIUM
ENG0900,65.601974,HIGH
ENG0901,62.298584,HIGH
ENG0902,62.1007,HIGH
ENG0903,64.39774,HIGH
ENG0904,61.101097,HIGH
ENG0905,43.39893,MEDIUM
ENG0906,65.29647,HIGH
ENG0907,41.151653,MEDIUM
ENG0908,94.99947,CRITICAL
ENG0909,42.21219,MEDIUM
ENG0910,28.99747,LOW
ENG0911,39.701237,LOW
ENG0912,63.40005,HIGH
ENG0913,31.500145,LOW
ENG0914,95.50017,CRITICAL
ENG0915,97.638016,CRITICAL
ENG0916,42.000843,MEDIUM
ENG0917,40.60349,MEDIUM
ENG0918,66.60032,HIGH
ENG0919,35.000095,LOW
ENG0920,37.09911,LOW
ENG0921,94.29855,CRITICAL
ENG0922,42.58799,MEDIUM
ENG0923,62.59775,HIGH
ENG0924,36.99905,LOW
ENG0925,61.998558,HIGH
ENG0926,42.299286,MEDIUM
ENG0927,37.00077,LOW
ENG0928,98.431885,CRITICAL
ENG0929,61.30121,HIGH
ENG0930,36.70111,LOW
ENG0931,32.50063,LOW
ENG0932,81.20239,CRITICAL
ENG0933,98.255455,CRITICAL
ENG0934,63.39905,HIGH
ENG0935,83.93066,CRITICAL
ENG0936,43.99998,MEDIUM
ENG0937,39.10058,LOW
ENG0938,63.39525,HIGH
ENG0939,62.497448,HIGH
ENG0940,81.19955,CRITICAL
ENG0941,40.161835,MEDIUM
ENG0942,83.9001,CRITICAL
ENG0943,39.299633,LOW
ENG0944,37.897774,LOW
ENG0945,65.397705,HIGH
ENG0946,40.398342,MEDIUM
ENG0947,95.49911,CRITICAL
ENG0948,82.2883,CRITICAL
ENG0949,31.299501,LOW
ENG0950,61.812603,HIGH
ENG0951,44.098015,MEDIUM
ENG0952,95.99959,CRITICAL
ENG0953,62.50733,HIGH
ENG0954,36.499416,LOW
ENG0955,65.50159,HIGH
ENG0956,81.40058,CRITICAL
ENG0957,25.99998,LOW
ENG0958,42.044823,MEDIUM
ENG0959,94.44226,CRITICAL
ENG0960,44.4939,MEDIUM
ENG0961,33.92779,LOW
ENG0962,63.20166,HIGH
ENG0963,64.70253,HIGH
ENG0964,62.70146,HIGH
ENG0965,33.796803,LOW
ENG0966,59.90776,MEDIUM
ENG0967,58.800854,MEDIUM
ENG0968,64.28529,HIGH
ENG0969,97.600296,CRITICAL
ENG0970,80.9998,CRITICAL
ENG0971,42.394928,MEDIUM
ENG0972,62.304195,HIGH
ENG0973,22.898272,LOW
ENG0974,63.49962,HIGH
ENG0975,61.800194,HIGH
ENG0976,60.99953,HIGH
ENG0977,83.79988,CRITICAL
ENG0978,84.401535,CRITICAL
ENG0979,38.397804,LOW
ENG0980,39.000782,LOW
ENG0981,28.499762,LOW
ENG0982,43.008293,MEDIUM
ENG0983,36.80687,LOW
ENG0984,64.999535,HIGH
ENG0985,59.10504,MEDIUM
ENG0986,39.096912,LOW
ENG0987,97.8041,CRITICAL
ENG0988,44.298954,MEDIUM
ENG0989,66.40377,HIGH
ENG0990,61.00187,HIGH
ENG0991,38.897987,LOW
ENG0992,82.000885,CRITICAL
ENG0993,45.200737,MEDIUM
ENG0994,61.245926,HIGH
ENG0995,44.45147,MEDIUM
ENG0996,60.200783,HIGH
ENG0997,59.700073,MEDIUM
ENG0998,97.270096,CRITICAL
ENG0999,60.609646,HIGH
ENG1000,82.89901,CRITICAL
ENG1001,81.39997,CRITICAL
ENG1002,42.19791,MEDIUM
ENG1003,61.045986,HIGH
ENG1004,40.903214,MEDIUM
ENG1005,35.10034,LOW
ENG1006,80.79007,CRITICAL
ENG1007,84.400024,CRITICAL
ENG1008,66.1942,HIGH
ENG1009,61.69929,HIGH
ENG1010,64.686066,HIGH
ENG1011,32.117306,LOW
ENG1012,61.200836,HIGH
ENG1013,39.30054,LOW
ENG1014,62.79772,HIGH
ENG1015,39.800148,LOW
ENG1016,64.801994,HIGH
ENG1017,95.700836,CRITICAL
ENG1018,65.60323,HIGH
ENG1019,82.04895,CRITICAL
ENG1020,20.70172,LOW
ENG1021,81.584366,CRITICAL
ENG1022,81.60093,CRITICAL
ENG1023,81.32895,CRITICAL
ENG1024,98.00058,CRITICAL
ENG1025,99.09984,CRITICAL
ENG1026,40.89967,MEDIUM
ENG1027,39.909695,LOW
ENG1028,42.59706,MEDIUM
ENG1029,63.298347,HIGH
ENG1030,40.90039,MEDIUM
ENG1031,63.599407,HIGH
ENG1032,97.69877,CRITICAL
ENG1033,39.700092,LOW
ENG1034,65.100975,HIGH
ENG1035,44.164413,MEDIUM
ENG1036,96.79996,CRITICAL
ENG1037,95.00277,CRITICAL
ENG1038,38.797558,LOW
ENG1039,85.151436,CRITICAL
ENG1040,36.891785,LOW
ENG1041,83.20099,CRITICAL
ENG1042,59.501644,MEDIUM
ENG1043,62.497295,HIGH
ENG1044,32.29976,LOW
ENG1045,60.204384,HIGH
ENG1046,62.40252,HIGH
ENG1047,30.56276,LOW
ENG1048,62.80265,HIGH
ENG1049,81.99835,CRITICAL
ENG1050,99.302925,CRITICAL
ENG1051,64.80825,HIGH
ENG1052,44.79983,MEDIUM
ENG1053,62.057247,HIGH
ENG1054,84.92125,CRITICAL
ENG1055,97.20086,CRITICAL
ENG1056,61.41045,HIGH
ENG1057,63.099148,HIGH
ENG1058,95.477806,CRITICAL
ENG1059,25.99988,LOW
ENG1060,63.300304,HIGH
ENG1061,25.79835,LOW
ENG1062,30.450296,LOW
ENG1063,84.50046,CRITICAL
ENG1064,63.401497,HIGH
ENG1065,64.69924,HIGH
ENG1066,66.00172,HIGH
ENG1067,84.80008,CRITICAL
ENG1068,94.799416,CRITICAL
ENG1069,98.982834,CRITICAL
ENG1070,65.397896,HIGH
ENG1071,66.4003,HIGH
ENG1072,98.18736,CRITICAL
ENG1073,99.099144,CRITICAL
ENG1074,60.902153,HIGH
ENG1075,37.88345,LOW
ENG1076,37.346806,LOW
ENG1077,62.716343,HIGH
ENG1078,64.69685,HIGH
ENG1079,85.6766,CRITICAL
ENG1080,84.4003,CRITICAL
ENG1081,83.90368,CRITICAL
ENG1082,63.096947,HIGH
ENG1083,65.69984,HIGH
ENG1084,84.99824,CRITICAL
ENG1085,62.50189,HIGH
ENG1086,98.800674,CRITICAL
ENG1087,41.291687,MEDIUM
ENG1088,27.411379,LOW
ENG1089,64.099335,HIGH
ENG1090,42.199516,MEDIUM
ENG1091,98.74989,CRITICAL
ENG1092,38.69576,LOW
ENG1093,82.09967,CRITICAL
ENG1094,40.600414,MEDIUM
ENG1095,60.301548,HIGH
ENG1096,62.546906,HIGH
ENG1097,82.30149,CRITICAL
ENG1098,36.700443,LOW
ENG1099,94.601585,CRITICAL
ENG1100,66.50508,HIGH
ENG1101,62.20004,HIGH
ENG1102,42.13233,MEDIUM
ENG1103,62.198498,HIGH
ENG1104,62.934166,HIGH
ENG1105,45.801716,MEDIUM
ENG1106,61.699966,HIGH
ENG1107,83.00321,CRITICAL
ENG1108,98.32616,CRITICAL
ENG1109,62.40131,HIGH
ENG1110,46.458153,MEDIUM
ENG1111,82.901146,CRITICAL
ENG1112,84.155785,CRITICAL
ENG1113,80.993744,CRITICAL
ENG1114,95.83441,CRITICAL
ENG1115,94.69934,CRITICAL
ENG1116,98.42518,CRITICAL
ENG1117,41.40065,MEDIUM
ENG1118,82.088776,CRITICAL
ENG1119,35.500607,LOW
ENG1120,39.500492,LOW
ENG1121,41.701538,MEDIUM
ENG1122,65.91899,HIGH
ENG1123,26.199953,LOW
ENG1124,31.815533,LOW
ENG1125,64.40012,HIGH
ENG1126,83.00478,CRITICAL
ENG1127,84.08039,CRITICAL
ENG1128,60.749954,HIGH
ENG1129,44.09996,MEDIUM
ENG1130,39.701405,LOW
ENG1131,83.60686,CRITICAL
ENG1132,80.59948,CRITICAL
ENG1133,62.800003,HIGH
ENG1134,61.996277,HIGH
ENG1135,66.10112,HIGH
ENG1136,83.89975,CRITICAL
ENG1137,39.600273,LOW
ENG1138,60.201134,HIGH
ENG1139,96.30181,CRITICAL
ENG1140,62.665638,HIGH
ENG1141,85.69901,CRITICAL
ENG1142,38.29666,LOW
ENG1143,62.454926,HIGH
ENG1144,27.598282,LOW
ENG1145,95.85576,CRITICAL
ENG1146,81.349045,CRITICAL
ENG1147,83.400734,CRITICAL
ENG1148,43.77091,MEDIUM
ENG1149,41.99953,MEDIUM
ENG1150,65.417786,HIGH
ENG1151,25.300377,LOW
ENG1152,35.698753,LOW
ENG1153,38.301083,LOW
ENG1154,82.050446,CRITICAL
ENG1155,62.899223,HIGH
ENG1156,42.09714,MEDIUM
ENG1157,94.6671,CRITICAL
ENG1158,64.89988,HIGH
ENG1159,39.098057,LOW
ENG1160,64.601845,HIGH
ENG1161,85.49753,CRITICAL
ENG1162,63.801723,HIGH
ENG1163,85.84543,CRITICAL
ENG1164,62.002357,HIGH
ENG1165,21.39993,LOW
ENG1166,82.099655,CRITICAL
ENG1167,83.47972,CRITICAL
ENG1168,41.300335,MEDIUM
ENG1169,64.28803,HIGH
ENG1170,65.40383,HIGH
ENG1171,44.499004,MEDIUM
ENG1172,60.701054,HIGH
ENG1173,30.601873,LOW
ENG1174,64.50056,HIGH
ENG1175,62.397594,HIGH
ENG1176,63.903378,HIGH
ENG1177,86.14895,CRITICAL
ENG1178,64.69896,HIGH
ENG1179,64.600266,HIGH
ENG1180,64.10141,HIGH
ENG1181,81.192184,CRITICAL
ENG1182,66.50072,HIGH
ENG1183,40.50276,MEDIUM
ENG1184,94.287384,CRITICAL
ENG1185,81.90056,CRITICAL
ENG1186,44.50021,MEDIUM
ENG1187,63.300396,HIGH
ENG1188,62.89985,HIGH
ENG1189,31.137297,LOW
ENG1190,39.799854,LOW
ENG1191,97.74182,CRITICAL
ENG1192,85.499985,CRITICAL
ENG1193,60.600628,HIGH
ENG1194,40.26558,MEDIUM
ENG1195,81.758575,CRITICAL
ENG1196,61.749443,HIGH
ENG1197,82.90031,CRITICAL
ENG1198,96.102745,CRITICAL
ENG1199,26.100433,LOW
ENG1200,62.506615,HIGH
ENG1201,39.096554,LOW
ENG1202,60.846756,HIGH
ENG1203,40.60409,MEDIUM
ENG1204,84.3991,CRITICAL
ENG1205,65.1775,HIGH
ENG1206,63.800407,HIGH
ENG1207,63.500652,HIGH
ENG1208,37.000732,LOW
ENG1209,40.13096,MEDIUM
ENG1210,64.2,HIGH
ENG1211,41.391342,MEDIUM
ENG1212,37.49963,LOW
ENG1213,84.40002,CRITICAL
ENG1214,82.00081,CRITICAL
ENG1215,23.30217,LOW
ENG1216,95.20144,CRITICAL
ENG1217,81.90025,CRITICAL
ENG1218,43.26866,MEDIUM
ENG1219,80.9098,CRITICAL
ENG1220,64.70826,HIGH
ENG1221,60.360477,HIGH
ENG1222,82.09957,CRITICAL
ENG1223,63.388977,HIGH
ENG1224,84.29945,CRITICAL
ENG1225,97.31352,CRITICAL
ENG1226,61.8012,HIGH
ENG1227,44.315254,MEDIUM
ENG1228,84.49882,CRITICAL
ENG1229,38.800987,LOW
ENG1230,65.80181,HIGH
ENG1231,35.395634,LOW
ENG1232,39.902836,LOW
ENG1233,28.197824,LOW
ENG1234,25.90058,LOW
ENG1235,36.999607,LOW
ENG1236,60.598274,HIGH
ENG1237,59.598793,MEDIUM
ENG1238,39.499428,LOW
ENG1239,60.30048,HIGH
ENG1240,26.09966,LOW
ENG1241,81.401276,CRITICAL
ENG1242,64.498924,HIGH
ENG1243,80.100555,CRITICAL
ENG1244,64.8988,HIGH
ENG1245,41.224686,MEDIUM
ENG1246,28.74377,LOW
ENG1247,59.60025,MEDIUM
ENG1248,65.52342,HIGH
ENG1249,85.201515,CRITICAL
ENG1250,98.799545,CRITICAL
ENG1251,63.32343,HIGH
ENG1252,61.002842,HIGH
ENG1253,23.800623,LOW
ENG1254,63.114395,HIGH
ENG1255,64.51415,HIGH
ENG1256,64.50057,HIGH
ENG1257,62.19967,HIGH
ENG1258,98.29914,CRITICAL
ENG1259,63.896976,HIGH
ENG1260,66.30037,HIGH
ENG1261,63.698673,HIGH
ENG1262,44.799522,MEDIUM
ENG1263,83.000145,CRITICAL
ENG1264,82.01926,CRITICAL
ENG1265,81.499435,CRITICAL
ENG1266,59.500324,MEDIUM
ENG1267,62.197357,HIGH
ENG1268,65.001236,HIGH
ENG1269,64.10163,HIGH
ENG1270,61.10171,HIGH
ENG1271,62.899925,HIGH
ENG1272,59.300117,MEDIUM
ENG1273,62.524757,HIGH
ENG1274,98.50026,CRITICAL
ENG1275,62.900948,HIGH
ENG1276,82.90047,CRITICAL
ENG1277,61.699818,HIGH
ENG1278,29.480238,LOW
ENG1279,83.687904,CRITICAL
ENG1280,64.39924,HIGH
ENG1281,64.6963,HIGH
ENG1282,24.83178,LOW
ENG1283,43.88296,MEDIUM
ENG1284,65.097755,HIGH
ENG1285,94.599846,CRITICAL
ENG1286,81.13059,CRITICAL
ENG1287,60.999954,HIGH
ENG1288,61.531086,HIGH
ENG1289,80.69965,CRITICAL
ENG1290,43.904106,MEDIUM
ENG1291,42.500164,MEDIUM
ENG1292,61.59399,HIGH
ENG1293,83.29838,CRITICAL
ENG1294,83.40095,CRITICAL
ENG1295,40.399136,MEDIUM
ENG1296,60.487816,HIGH
ENG1297,81.298035,CRITICAL
ENG1298,61.695377,HIGH
ENG1299,29.50441,LOW
ENG1300,97.60071,CRITICAL
ENG1301,62.801872,HIGH
ENG1302,24.79905,LOW
ENG1303,63.698307,HIGH
ENG1304,60.199677,HIGH
ENG1305,61.40044,HIGH
ENG1306,84.29959,CRITICAL
ENG1307,38.499588,LOW
ENG1308,83.60165,CRITICAL
ENG1309,64.39985,HIGH
ENG1310,84.90052,CRITICAL
ENG1311,65.56053,HIGH
ENG1312,25.898758,LOW
ENG1313,35.90078,LOW
ENG1314,81.98702,CRITICAL
ENG1315,62.439915,HIGH
ENG1316,40.509705,MEDIUM
ENG1317,35.800335,LOW
ENG1318,96.70016,CRITICAL
ENG1319,37.11977,LOW
ENG1320,83.1002,CRITICAL
ENG1321,84.93552,CRITICAL
ENG1322,83.40072,CRITICAL
ENG1323,79.8492,HIGH
ENG1324,24.566189,LOW
ENG1325,41.69992,MEDIUM
ENG1326,28.299253,LOW
ENG1327,63.106823,HIGH
ENG1328,96.90074,CRITICAL
ENG1329,64.25072,HIGH
ENG1330,98.70052,CRITICAL
ENG1331,28.343498,LOW
ENG1332,82.40003,CRITICAL
ENG1333,44.3,MEDIUM
ENG1334,94.30079,CRITICAL
ENG1335,64.90283,HIGH
ENG1336,85.00023,CRITICAL
ENG1337,95.00029,CRITICAL
ENG1338,63.500027,HIGH
ENG1339,61.297855,HIGH
ENG1340,96.85743,CRITICAL
ENG1341,42.099957,MEDIUM
ENG1342,60.600914,HIGH
ENG1343,44.10039,MEDIUM
ENG1344,62.600273,HIGH
ENG1345,80.19975,CRITICAL
ENG1346,97.76451,CRITICAL
ENG1347,35.73645,LOW
ENG1348,98.2092,CRITICAL
ENG1349,84.50043,CRITICAL
ENG1350,60.722958,HIGH
ENG1351,63.40004,HIGH
ENG1352,22.900162,LOW
ENG1353,64.401146,HIGH
ENG1354,41.10146,MEDIUM
ENG1355,43.999622,MEDIUM
ENG1356,32.55987,LOW
ENG1357,84.797455,CRITICAL
ENG1358,95.502365,CRITICAL
ENG1359,45.897778,MEDIUM
ENG1360,65.59975,HIGH
ENG1361,80.18514,CRITICAL
ENG1362,23.099659,LOW
ENG1363,83.709656,CRITICAL
ENG1364,32.00165,LOW
ENG1365,64.29943,HIGH
ENG1366,97.70024,CRITICAL
ENG1367,39.69638,LOW
ENG1368,64.30575,HIGH
ENG1369,64.80039,HIGH
ENG1370,35.493694,LOW
ENG1371,99.49982,CRITICAL
ENG1372,31.301893,LOW
ENG1373,85.57845,CRITICAL
ENG1374,60.81003,HIGH
ENG1375,62.94365,HIGH
ENG1376,63.097755,HIGH
ENG1377,60.097984,HIGH
ENG1378,79.801445,HIGH
ENG1379,64.00003,HIGH
ENG1380,63.630985,HIGH
ENG1381,83.9007,CRITICAL
ENG1382,84.90373,CRITICAL
ENG1383,81.799644,CRITICAL
ENG1384,42.68692,MEDIUM
ENG1385,97.202705,CRITICAL
ENG1386,39.191467,LOW
ENG1387,85.697716,CRITICAL
ENG1388,94.69983,CRITICAL
ENG1389,64.600365,HIGH
ENG1390,63.498756,HIGH
ENG1391,40.4996,MEDIUM
ENG1392,60.199974,HIGH
ENG1393,62.770973,HIGH
ENG1394,62.511024,HIGH
ENG1395,83.707214,CRITICAL
ENG1396,63.497734,HIGH
ENG1397,65.67064,HIGH
ENG1398,62.30052,HIGH
ENG1399,60.800774,HIGH
ENG1400,61.49945,HIGH
ENG1401,63.506397,HIGH
ENG1402,63.99945,HIGH
ENG1403,43.18276,MEDIUM
ENG1404,64.89818,HIGH
ENG1405,41.601234,MEDIUM
ENG1406,80.705315,CRITICAL
ENG1407,39.588593,LOW
ENG1408,25.600515,LOW
ENG1409,84.71745,CRITICAL
ENG1410,80.90036,CRITICAL
ENG1411,95.200455,CRITICAL
ENG1412,37.796783,LOW
ENG1413,45.202015,MEDIUM
ENG1414,29.566206,LOW
ENG1415,63.40781,HIGH
ENG1416,44.201786,MEDIUM
ENG1417,82.02003,CRITICAL
ENG1418,63.593838,HIGH
ENG1419,63.82863,HIGH
ENG1420,61.951473,HIGH
ENG1421,85.70019,CRITICAL
ENG1422,62.111988,HIGH
ENG1423,41.600555,MEDIUM
ENG1424,95.80088,CRITICAL
ENG1425,80.10132,CRITICAL
ENG1426,81.61204,CRITICAL
ENG1427,45.88686,MEDIUM
ENG1428,27.900057,LOW
ENG1429,81.69734,CRITICAL
ENG1430,81.343315,CRITICAL
ENG1431,84.40505,CRITICAL
ENG1432,37.801533,LOW
ENG1433,65.744125,HIGH
ENG1434,84.1971,CRITICAL
ENG1435,59.39887,MEDIUM
ENG1436,37.601376,LOW
ENG1437,36.90001,LOW
ENG1438,64.99257,HIGH
ENG1439,79.80277,HIGH
ENG1440,63.800182,HIGH
ENG1441,82.89783,CRITICAL
ENG1442,82.29634,CRITICAL
ENG1443,63.103577,HIGH
ENG1444,31.810268,LOW
ENG1445,25.577736,LOW
ENG1446,39.001583,LOW
ENG1447,82.89903,CRITICAL
ENG1448,44.598938,MEDIUM
ENG1449,38.000465,LOW
ENG1450,95.20044,CRITICAL
ENG1451,83.498505,CRITICAL
ENG1452,39.49898,LOW
ENG1453,59.891068,MEDIUM
ENG1454,59.62686,MEDIUM
ENG1455,30.90056,LOW
ENG1456,64.30363,HIGH
ENG1457,85.02563,CRITICAL
ENG1458,34.29808,LOW
ENG1459,64.18841,HIGH
ENG1460,64.8001,HIGH
ENG1461,66.50153,HIGH
ENG1462,61.897366,HIGH
ENG1463,60.401676,HIGH
ENG1464,95.80019,CRITICAL
ENG1465,59.60109,MEDIUM
ENG1466,35.602886,LOW
ENG1467,84.69985,CRITICAL
ENG1468,43.858727,MEDIUM
ENG1469,32.125526,LOW
ENG1470,96.10017,CRITICAL
ENG1471,61.486843,HIGH
ENG1472,42.604618,MEDIUM
ENG1473,84.29409,CRITICAL
ENG1474,64.899734,HIGH
ENG1475,30.199694,LOW
ENG1476,27.399263,LOW
ENG1477,63.99935,HIGH
ENG1478,38.155647,LOW
ENG1479,41.20021,MEDIUM
ENG1480,65.362595,HIGH
ENG1481,81.79999,CRITICAL
ENG1482,82.199585,CRITICAL
ENG1483,62.643547,HIGH
ENG1484,63.288044,HIGH
ENG1485,95.19925,CRITICAL
ENG1486,83.30068,CRITICAL
ENG1487,24.498716,LOW
ENG1488,38.29763,LOW
ENG1489,96.88022,CRITICAL
ENG1490,33.500626,LOW
ENG1491,62.900238,HIGH
ENG1492,63.873825,HIGH
ENG1493,39.99772,LOW
ENG1494,95.3006,CRITICAL
ENG1495,60.08849,HIGH
ENG1496,43.808186,MEDIUM
ENG1497,41.421333,MEDIUM
ENG1498,64.89937,HIGH
ENG1499,62.16862,HIGH
ENG1500,62.80132,HIGH
ENG1501,62.5029,HIGH
ENG1502,62.688187,HIGH
ENG1503,81.22014,CRITICAL
ENG1504,29.801361,LOW
ENG1505,62.49989,HIGH
ENG1506,41.099937,MEDIUM
ENG1507,62.40191,HIGH
ENG1508,35.300407,LOW
ENG1509,26.900661,LOW
ENG1510,38.543682,LOW
ENG1511,45.39896,MEDIUM
ENG1512,61.90175,HIGH
ENG1513,59.812107,MEDIUM
ENG1514,62.33022,HIGH
ENG1515,40.797558,MEDIUM
ENG1516,61.598877,HIGH
ENG1517,82.55507,CRITICAL
ENG1518,63.7988,HIGH
ENG1519,32.100086,LOW
ENG1520,81.00048,CRITICAL
ENG1521,63.101025,HIGH
ENG1522,84.400925,CRITICAL
ENG1523,33.412697,LOW
ENG1524,37.199375,LOW
ENG1525,81.48955,CRITICAL
ENG1526,65.60006,HIGH
ENG1527,64.40291,HIGH
ENG1528,82.78317,CRITICAL
ENG1529,97.20101,CRITICAL
ENG1530,45.301304,MEDIUM
ENG1531,98.26931,CRITICAL
ENG1532,80.00223,CRITICAL
ENG1533,64.90062,HIGH
ENG1534,43.043404,MEDIUM
ENG1535,36.00093,LOW
ENG1536,43.593826,MEDIUM
ENG1537,40.329548,MEDIUM
ENG1538,22.999746,LOW
ENG1539,81.198746,CRITICAL
ENG1540,42.498814,MEDIUM
ENG1541,21.800684,LOW
ENG1542,59.200035,MEDIUM
ENG1543,34.001766,LOW
ENG1544,33.48106,LOW
ENG1545,36.372215,LOW
ENG1546,25.099125,LOW
ENG1547,36.600876,LOW
ENG1548,59.500454,MEDIUM
ENG1549,44.301502,MEDIUM
ENG1550,95.99748,CRITICAL
ENG1551,80.70141,CRITICAL
ENG1552,82.900696,CRITICAL
ENG1553,32.601723,LOW
ENG1554,82.29954,CRITICAL
ENG1555,39.69884,LOW
ENG1556,25.5996,LOW
ENG1557,81.898994,CRITICAL
ENG1558,63.069534,HIGH
ENG1559,96.46028,CRITICAL
ENG1560,95.15071,CRITICAL
ENG1561,40.998974,MEDIUM
ENG1562,38.69933,LOW
ENG1563,98.286964,CRITICAL
ENG1564,24.799303,LOW
ENG1565,43.299114,MEDIUM
ENG1566,82.450615,CRITICAL
ENG1567,44.001003,MEDIUM
ENG1568,99.100945,CRITICAL
ENG1569,24.378654,LOW
ENG1570,39.43313,LOW
ENG1571,27.178753,LOW
ENG1572,58.791897,MEDIUM
ENG1573,62.29844,HIGH
ENG1574,33.501884,LOW
ENG1575,82.0998,CRITICAL
ENG1576,63.96865,HIGH
ENG1577,60.78048,HIGH
ENG1578,99.10037,CRITICAL
ENG1579,64.28142,HIGH
ENG1580,46.7978,MEDIUM
ENG1581,84.80423,CRITICAL
ENG1582,40.49927,MEDIUM
ENG1583,24.005587,LOW
ENG1584,63.098904,HIGH
ENG1585,84.70142,CRITICAL
ENG1586,65.49478,HIGH
ENG1587,38.69245,LOW
ENG1588,39.699722,LOW
ENG1589,39.898884,LOW
ENG1590,38.802704,LOW
ENG1591,62.598526,HIGH
ENG1592,40.90113,MEDIUM
ENG1593,62.403492,HIGH
ENG1594,63.965206,HIGH
ENG1595,95.198875,CRITICAL
ENG1596,84.31884,CRITICAL
ENG1597,42.400726,MEDIUM
ENG1598,41.099186,MEDIUM
ENG1599,59.700558,MEDIUM
ENG1600,42.29445,MEDIUM
ENG1601,24.643555,LOW
ENG1602,98.299614,CRITICAL
ENG1603,84.800064,CRITICAL
ENG1604,85.52661,CRITICAL
ENG1605,63.199196,HIGH
ENG1606,64.49905,HIGH
ENG1607,43.529976,MEDIUM
ENG1608,25.602638,LOW
ENG1609,39.02608,LOW
ENG1610,42.30021,MEDIUM
ENG1611,43.000114,MEDIUM
ENG1612,65.7979,HIGH
ENG1613,23.50099,LOW
ENG1614,66.000885,HIGH
ENG1615,38.403435,LOW
ENG1616,83.16604,CRITICAL
ENG1617,42.11273,MEDIUM
ENG1618,62.740463,HIGH
ENG1619,61.215202,HIGH
ENG1620,85.10055,CRITICAL
ENG1621,27.796267,LOW
ENG1622,86.19932,CRITICAL
ENG1623,81.19946,CRITICAL
ENG1624,66.54023,HIGH
ENG1625,96.16026,CRITICAL
ENG1626,38.99897,LOW
ENG1627,41.61713,MEDIUM
ENG1628,32.198593,LOW
ENG1629,65.999695,HIGH
ENG1630,23.100477,LOW
ENG1631,39.79945,LOW
ENG1632,25.522537,LOW
ENG1633,35.299408,LOW
ENG1634,83.70128,CRITICAL
ENG1635,62.70974,HIGH
ENG1636,83.50045,CRITICAL
ENG1637,64.598495,HIGH
ENG1638,81.2996,CRITICAL
ENG1639,84.50306,CRITICAL
ENG1640,39.50249,LOW
ENG1641,35.50006,LOW
ENG1642,41.000706,MEDIUM
ENG1643,43.051243,MEDIUM
ENG1644,81.86401,CRITICAL
ENG1645,96.49889,CRITICAL
ENG1646,84.7997,CRITICAL
ENG1647,46.991467,MEDIUM
ENG1648,29.30067,LOW
ENG1649,80.10153,CRITICAL
ENG1650,95.51741,CRITICAL
ENG1651,63.1325,HIGH
ENG1652,63.894035,HIGH
ENG1653,83.99969,CRITICAL
ENG1654,38.80449,LOW
ENG1655,94.80634,CRITICAL
ENG1656,41.467094,MEDIUM
ENG1657,41.709526,MEDIUM
ENG1658,39.90708,LOW
ENG1659,83.520134,CRITICAL
ENG1660,85.149704,CRITICAL
ENG1661,83.04067,CRITICAL
ENG1662,62.79941,HIGH
ENG1663,81.408806,CRITICAL
ENG1664,65.20078,HIGH
ENG1665,85.200226,CRITICAL
ENG1666,62.286896,HIGH
ENG1667,65.69993,HIGH
ENG1668,42.899864,MEDIUM
ENG1669,98.80086,CRITICAL
ENG1670,81.3966,CRITICAL
ENG1671,59.957417,MEDIUM
ENG1672,59.88037,MEDIUM
ENG1673,81.5929,CRITICAL
ENG1674,85.99897,CRITICAL
ENG1675,85.30132,CRITICAL
ENG1676,80.20182,CRITICAL
ENG1677,81.60187,CRITICAL
ENG1678,59.699287,MEDIUM
ENG1679,64.800476,HIGH
ENG1680,35.600304,LOW
ENG1681,65.70033,HIGH
ENG1682,45.400997,MEDIUM
ENG1683,39.50134,LOW
ENG1684,26.523867,LOW
ENG1685,63.08557,HIGH
ENG1686,42.39994,MEDIUM
ENG1687,94.80248,CRITICAL
ENG1688,62.70882,HIGH
ENG1689,85.20329,CRITICAL
ENG1690,99.201294,CRITICAL
ENG1691,65.09909,HIGH
ENG1692,43.588047,MEDIUM
ENG1693,43.956043,MEDIUM
ENG1694,81.59923,CRITICAL
ENG1695,39.301975,LOW
ENG1696,43.003223,MEDIUM
ENG1697,98.400375,CRITICAL
ENG1698,29.399343,LOW
ENG1699,82.49931,CRITICAL
ENG1700,29.163477,LOW
ENG1701,38.60086,LOW
ENG1702,63.820713,HIGH
ENG1703,28.09033,LOW
ENG1704,42.99969,MEDIUM
ENG1705,38.599533,LOW
ENG1706,39.60081,LOW
ENG1707,36.001007,LOW
ENG1708,61.898182,HIGH
ENG1709,63.198765,HIGH
ENG1710,98.90049,CRITICAL
ENG1711,31.20083,LOW
ENG1712,86.099106,CRITICAL
ENG1713,62.999916,HIGH
ENG1714,83.19446,CRITICAL
ENG1715,97.8995,CRITICAL
ENG1716,61.998055,HIGH
ENG1717,84.10004,CRITICAL
ENG1718,25.800348,LOW
ENG1719,96.30497,CRITICAL
ENG1720,64.900314,HIGH
ENG1721,66.24136,HIGH
ENG1722,61.09444,HIGH
ENG1723,44.600418,MEDIUM
ENG1724,81.20291,CRITICAL
ENG1725,81.59749,CRITICAL
ENG1726,62.002007,HIGH
ENG1727,82.65224,CRITICAL
ENG1728,42.198387,MEDIUM
ENG1729,63.675323,HIGH
ENG1730,59.638493,MEDIUM
ENG1731,64.908966,HIGH
ENG1732,25.033136,LOW
ENG1733,42.22874,MEDIUM
ENG1734,61.79993,HIGH
ENG1735,42.50061,MEDIUM
ENG1736,65.49902,HIGH
ENG1737,41.61083,MEDIUM
ENG1738,64.932655,HIGH
ENG1739,38.30077,LOW
ENG1740,83.60519,CRITICAL
ENG1741,34.70075,LOW
ENG1742,60.16583,HIGH
ENG1743,97.90093,CRITICAL
ENG1744,30.654638,LOW
ENG1745,65.200005,HIGH
ENG1746,39.52729,LOW
ENG1747,97.83286,CRITICAL
ENG1748,97.95478,CRITICAL
ENG1749,41.099438,MEDIUM
ENG1750,83.199875,CRITICAL
ENG1751,62.09885,HIGH
ENG1752,64.60091,HIGH
ENG1753,65.90005,HIGH
ENG1754,39.303864,LOW
ENG1755,23.599636,LOW
ENG1756,81.397606,CRITICAL
ENG1757,37.80107,LOW
ENG1758,84.2948,CRITICAL
ENG1759,61.430332,HIGH
ENG1760,39.3986,LOW
ENG1761,44.71593,MEDIUM
ENG1762,43.60082,MEDIUM
ENG1763,27.599836,LOW
ENG1764,83.09892,CRITICAL
ENG1765,61.700245,HIGH
ENG1766,94.57595,CRITICAL
ENG1767,60.799946,HIGH
ENG1768,22.5995,LOW
ENG1769,62.650482,HIGH
ENG1770,62.19918,HIGH
ENG1771,44.927593,MEDIUM
ENG1772,23.900208,LOW
ENG1773,37.600414,LOW
ENG1774,44.400795,MEDIUM
ENG1775,81.200264,CRITICAL
ENG1776,64.51346,HIGH
ENG1777,40.69787,MEDIUM
ENG1778,99.09971,CRITICAL
ENG1779,61.800816,HIGH
ENG1780,61.70137,HIGH
ENG1781,65.808754,HIGH
ENG1782,39.1002,LOW
ENG1783,61.89757,HIGH
ENG1784,86.15806,CRITICAL
ENG1785,59.69918,MEDIUM
ENG1786,82.78233,CRITICAL
ENG1787,41.89991,MEDIUM
ENG1788,65.80014,HIGH
ENG1789,27.199327,LOW
ENG1790,38.200047,LOW
ENG1791,44.598534,MEDIUM
ENG1792,83.67011,CRITICAL
ENG1793,39.09994,LOW
ENG1794,61.916664,HIGH
ENG1795,83.56734,CRITICAL
ENG1796,64.51942,HIGH
ENG1797,21.500776,LOW
ENG1798,81.50208,CRITICAL
ENG1799,41.799843,MEDIUM
ENG1800,94.999535,CRITICAL
ENG1801,64.29886,HIGH
ENG1802,24.700472,LOW
ENG1803,61.502316,HIGH
ENG1804,63.575237,HIGH
ENG1805,42.19787,MEDIUM
ENG1806,84.42632,CRITICAL
ENG1807,81.00027,CRITICAL
ENG1808,44.074196,MEDIUM
ENG1809,36.301414,LOW
ENG1810,35.299797,LOW
ENG1811,42.001564,MEDIUM
ENG1812,42.805588,MEDIUM
ENG1813,62.199097,HIGH
ENG1814,43.201164,MEDIUM
ENG1815,43.799496,MEDIUM
ENG1816,83.50061,CRITICAL
ENG1817,37.000465,LOW
ENG1818,82.53722,CRITICAL
ENG1819,81.304985,CRITICAL
ENG1820,39.20039,LOW
ENG1821,60.59922,HIGH
ENG1822,39.500328,LOW
ENG1823,96.90041,CRITICAL
ENG1824,81.00089,CRITICAL
ENG1825,41.60121,MEDIUM
ENG1826,84.73629,CRITICAL
ENG1827,24.699486,LOW
ENG1828,84.698364,CRITICAL
ENG1829,98.60019,CRITICAL
ENG1830,61.60206,HIGH
ENG1831,80.40111,CRITICAL
ENG1832,63.099934,HIGH
ENG1833,39.72284,LOW
ENG1834,98.830215,CRITICAL
ENG1835,62.487556,HIGH
ENG1836,63.826653,HIGH
ENG1837,64.299286,HIGH
ENG1838,40.900745,MEDIUM
ENG1839,41.499454,MEDIUM
ENG1840,84.49361,CRITICAL
ENG1841,82.22232,CRITICAL
ENG1842,27.899569,LOW
ENG1843,61.70067,HIGH
ENG1844,80.600204,CRITICAL
ENG1845,83.18496,CRITICAL
ENG1846,34.599842,LOW
ENG1847,43.897514,MEDIUM
ENG1848,83.098335,CRITICAL
ENG1849,94.30122,CRITICAL
ENG1850,61.100418,HIGH
ENG1851,95.59962,CRITICAL
ENG1852,38.88228,LOW
ENG1853,26.50075,LOW
ENG1854,42.498135,MEDIUM
ENG1855,63.801407,HIGH
ENG1856,63.09797,HIGH
ENG1857,83.69616,CRITICAL
ENG1858,63.900425,HIGH
ENG1859,41.40024,MEDIUM
ENG1860,95.09984,CRITICAL
ENG1861,45.526512,MEDIUM
ENG1862,80.099815,CRITICAL
ENG1863,98.40309,CRITICAL
ENG1864,39.000286,LOW
ENG1865,81.23572,CRITICAL
ENG1866,38.799377,LOW
ENG1867,64.49946,HIGH
ENG1868,39.701214,LOW
ENG1869,64.50392,HIGH
ENG1870,94.59961,CRITICAL
ENG1871,44.501358,MEDIUM
ENG1872,63.298588,HIGH
ENG1873,62.598885,HIGH
ENG1874,29.198133,LOW
ENG1875,41.69843,MEDIUM
ENG1876,80.70126,CRITICAL
ENG1877,41.299225,MEDIUM
ENG1878,95.39182,CRITICAL
ENG1879,81.19946,CRITICAL
ENG1880,97.30036,CRITICAL
ENG1881,42.82758,MEDIUM
ENG1882,40.100037,MEDIUM
ENG1883,97.000565,CRITICAL
ENG1884,31.299694,LOW
ENG1885,80.998795,CRITICAL
ENG1886,83.80235,CRITICAL
ENG1887,40.824383,MEDIUM
ENG1888,24.899088,LOW
ENG1889,65.354866,HIGH
ENG1890,85.700066,CRITICAL
ENG1891,42.400497,MEDIUM
ENG1892,81.80092,CRITICAL
ENG1893,37.600883,LOW
ENG1894,61.89843,HIGH
ENG1895,31.499275,LOW
ENG1896,65.400536,HIGH
ENG1897,65.79863,HIGH
ENG1898,85.55981,CRITICAL
ENG1899,60.28379,HIGH
ENG1900,38.19871,LOW
ENG1901,85.19853,CRITICAL
ENG1902,94.732414,CRITICAL
ENG1903,82.802216,CRITICAL
ENG1904,61.098957,HIGH
ENG1905,34.89933,LOW
ENG1906,62.6983,HIGH
ENG1907,63.70108,HIGH
ENG1908,41.500935,MEDIUM
ENG1909,62.89946,HIGH
ENG1910,44.400414,MEDIUM
ENG1911,41.692623,MEDIUM
ENG1912,24.700975,LOW
ENG1913,64.102234,HIGH
ENG1914,61.09947,HIGH
ENG1915,65.89896,HIGH
ENG1916,82.73414,CRITICAL
ENG1917,80.09928,CRITICAL
ENG1918,94.80083,CRITICAL
ENG1919,60.88168,HIGH
ENG1920,98.97469,CRITICAL
ENG1921,84.5999,CRITICAL
ENG1922,64.6941,HIGH
ENG1923,40.181297,MEDIUM
ENG1924,61.16078,HIGH
ENG1925,84.70054,CRITICAL
ENG1926,81.99759,CRITICAL
ENG1927,63.799435,HIGH
ENG1928,61.70065,HIGH
ENG1929,95.1683,CRITICAL
ENG1930,98.70031,CRITICAL
ENG1931,38.800865,LOW
ENG1932,27.899696,LOW
ENG1933,43.20058,MEDIUM
ENG1934,64.49974,HIGH
ENG1935,39.824345,LOW
ENG1936,44.803776,MEDIUM
ENG1937,40.899223,MEDIUM
ENG1938,37.33766,LOW
ENG1939,66.098526,HIGH
ENG1940,84.999344,CRITICAL
ENG1941,32.099255,LOW
ENG1942,61.280796,HIGH
ENG1943,84.79926,CRITICAL
ENG1944,41.091255,MEDIUM
ENG1945,61.20034,HIGH
ENG1946,30.36181,LOW
ENG1947,83.899536,CRITICAL
ENG1948,64.41786,HIGH
ENG1949,95.00045,CRITICAL
ENG1950,39.600197,LOW
ENG1951,61.000206,HIGH
ENG1952,61.899147,HIGH
ENG1953,65.900795,HIGH
ENG1954,98.49982,CRITICAL
ENG1955,40.969925,MEDIUM
ENG1956,94.999435,CRITICAL
ENG1957,65.301994,HIGH
ENG1958,80.79229,CRITICAL
ENG1959,64.70149,HIGH
ENG1960,35.302612,LOW
ENG1961,60.80135,HIGH
ENG1962,62.7999,HIGH
ENG1963,98.482704,CRITICAL
ENG1964,26.300539,LOW
ENG1965,82.79691,CRITICAL
ENG1966,43.97299,MEDIUM
ENG1967,38.100925,LOW
ENG1968,64.798775,HIGH
ENG1969,66.89762,HIGH
ENG1970,80.300385,CRITICAL
ENG1971,40.59873,MEDIUM
ENG1972,43.699177,MEDIUM
ENG1973,98.70168,CRITICAL
ENG1974,37.8008,LOW
ENG1975,32.09918,LOW
ENG1976,38.1992,LOW
ENG1977,66.497955,HIGH
ENG1978,81.80006,CRITICAL
ENG1979,65.743065,HIGH
ENG1980,42.40085,MEDIUM
ENG1981,62.100945,HIGH
ENG1982,65.50612,HIGH
ENG1983,84.663025,CRITICAL
ENG1984,94.79955,CRITICAL
ENG1985,63.09933,HIGH
ENG1986,94.49996,CRITICAL
ENG1987,30.997744,LOW
ENG1988,62.800583,HIGH
ENG1989,29.201214,LOW
ENG1990,58.900707,MEDIUM
ENG1991,63.30068,HIGH
ENG1992,62.799793,HIGH
ENG1993,60.721394,HIGH
ENG1994,84.102,CRITICAL
ENG1995,80.30045,CRITICAL
ENG1996,94.75268,CRITICAL
ENG1997,30.000132,LOW
ENG1998,32.5001,LOW
ENG1999,85.501915,CRITICAL
ENG2000,60.2996,HIGH
ENG2001,62.10254,HIGH
ENG2002,65.20227,HIGH
ENG2003,28.191591,LOW
ENG2004,83.705055,CRITICAL
ENG2005,82.9768,CRITICAL
ENG2006,40.698116,MEDIUM
ENG2007,39.970325,LOW
ENG2008,35.39926,LOW
ENG2009,64.57474,HIGH
ENG2010,65.49924,HIGH
ENG2011,41.801414,MEDIUM
ENG2012,83.4015,CRITICAL
ENG2013,81.0278,CRITICAL
ENG2014,80.74019,CRITICAL
ENG2015,45.901665,MEDIUM
ENG2016,82.40299,CRITICAL
ENG2017,63.999783,HIGH
ENG2018,65.20007,HIGH
ENG2019,63.834698,HIGH
ENG2020,96.8001,CRITICAL
ENG2021,39.58278,LOW
ENG2022,83.50084,CRITICAL
ENG2023,42.077377,MEDIUM
ENG2024,43.798866,MEDIUM
ENG2025,83.99956,CRITICAL
ENG2026,60.8,HIGH
ENG2027,66.59729,HIGH
ENG2028,25.099653,LOW
ENG2029,79.80079,HIGH
ENG2030,84.22983,CRITICAL
ENG2031,63.352245,HIGH
ENG2032,63.500854,HIGH
ENG2033,38.60218,LOW
ENG2034,62.29987,HIGH
ENG2035,83.81006,CRITICAL
ENG2036,28.398453,LOW
ENG2037,38.29541,LOW
ENG2038,43.699265,MEDIUM
ENG2039,95.2979,CRITICAL
ENG2040,59.85485,MEDIUM
ENG2041,40.70204,MEDIUM
ENG2042,60.10943,HIGH
ENG2043,65.79874,HIGH
ENG2044,58.800743,MEDIUM
ENG2045,62.00042,HIGH
ENG2046,37.99076,LOW
ENG2047,83.39693,CRITICAL
ENG2048,63.300266,HIGH
ENG2049,82.398834,CRITICAL
ENG2050,37.69735,LOW
ENG2051,63.199806,HIGH
ENG2052,62.099667,HIGH
ENG2053,59.099785,MEDIUM
ENG2054,62.600105,HIGH
ENG2055,84.98614,CRITICAL
ENG2056,94.89053,CRITICAL
ENG2057,42.797997,MEDIUM
ENG2058,61.43802,HIGH
ENG2059,60.6009,HIGH
ENG2060,24.800064,LOW
ENG2061,45.200005,MEDIUM
ENG2062,41.80163,MEDIUM
ENG2063,65.59464,HIGH
ENG2064,46.788094,MEDIUM
ENG2065,39.402523,LOW
ENG2066,98.2,CRITICAL
ENG2067,28.900995,LOW
ENG2068,60.201664,HIGH
ENG2069,36.601032,LOW
ENG2070,97.14063,CRITICAL
ENG2071,66.102585,HIGH
ENG2072,64.89861,HIGH
ENG2073,62.083736,HIGH
ENG2074,64.10253,HIGH
ENG2075,37.602455,LOW
ENG2076,26.348648,LOW
ENG2077,62.898224,HIGH
ENG2078,34.000755,LOW
ENG2079,44.500206,MEDIUM
ENG2080,24.000082,LOW
ENG2081,94.3025,CRITICAL
ENG2082,59.301414,MEDIUM
ENG2083,83.80033,CRITICAL
ENG2084,40.250534,MEDIUM
ENG2085,64.1536,HIGH
ENG2086,85.49995,CRITICAL
ENG2087,66.19944,HIGH
ENG2088,83.58639,CRITICAL
ENG2089,64.2254,HIGH
ENG2090,62.161057,HIGH
ENG2091,28.499693,LOW
ENG2092,37.000023,LOW
ENG2093,80.30118,CRITICAL
ENG2094,65.49958,HIGH
ENG2095,37.04166,LOW
ENG2096,41.79881,MEDIUM
ENG2097,98.59805,CRITICAL
ENG2098,66.59977,HIGH
ENG2099,82.18341,CRITICAL
ENG2100,61.900517,HIGH
ENG2101,62.802055,HIGH
ENG2102,38.89792,LOW
ENG2103,82.89858,CRITICAL
ENG2104,85.00001,CRITICAL
ENG2105,80.5,CRITICAL
ENG2106,28.401182,LOW
ENG2107,64.495575,HIGH
ENG2108,24.48059,LOW
ENG2109,43.20317,MEDIUM
ENG2110,45.8151,MEDIUM
ENG2111,61.628414,HIGH
ENG2112,60.385616,HIGH
ENG2113,99.10094,CRITICAL
ENG2114,40.800648,MEDIUM
ENG2115,40.99536,MEDIUM
ENG2116,64.40448,HIGH
ENG2117,38.297657,LOW
ENG2118,97.4978,CRITICAL
ENG2119,61.49925,HIGH
ENG2120,24.731436,LOW
ENG2121,39.598457,LOW
ENG2122,96.9003,CRITICAL
ENG2123,42.50453,MEDIUM
ENG2124,29.602726,LOW
ENG2125,85.13982,CRITICAL
ENG2126,97.19982,CRITICAL
ENG2127,37.899937,LOW
ENG2128,45.71836,MEDIUM
ENG2129,82.834236,CRITICAL
ENG2130,95.431526,CRITICAL
ENG2131,41.999557,MEDIUM
ENG2132,43.600857,MEDIUM
ENG2133,81.64184,CRITICAL
ENG2134,59.88589,MEDIUM
ENG2135,64.80035,HIGH
ENG2136,37.302715,LOW
ENG2137,84.90133,CRITICAL
ENG2138,29.201193,LOW
ENG2139,95.27176,CRITICAL
ENG2140,63.005444,HIGH
ENG2141,44.100033,MEDIUM
ENG2142,45.09739,MEDIUM
ENG2143,43.334366,MEDIUM
ENG2144,39.19922,LOW
ENG2145,44.701065,MEDIUM
ENG2146,95.084526,CRITICAL
ENG2147,95.60173,CRITICAL
ENG2148,43.98127,MEDIUM
ENG2149,43.498363,MEDIUM
ENG2150,40.53417,MEDIUM
ENG2151,40.168045,MEDIUM
ENG2152,84.100586,CRITICAL
ENG2153,28.704458,LOW
ENG2154,40.199833,MEDIUM
ENG2155,30.498932,LOW
ENG2156,43.491856,MEDIUM
ENG2157,62.499924,HIGH
ENG2158,66.22728,HIGH
ENG2159,60.501022,HIGH
ENG2160,61.396828,HIGH
ENG2161,81.40335,CRITICAL
ENG2162,81.200035,CRITICAL
ENG2163,63.299206,HIGH
ENG2164,39.299587,LOW
ENG2165,81.399864,CRITICAL
ENG2166,59.864872,MEDIUM
ENG2167,39.3013,LOW
ENG2168,97.85317,CRITICAL
ENG2169,62.020744,HIGH
ENG2170,37.79955,LOW
ENG2171,37.099434,LOW
ENG2172,85.39841,CRITICAL
ENG2173,61.105415,HIGH
ENG2174,38.19868,LOW
ENG2175,42.202564,MEDIUM
ENG2176,43.22469,MEDIUM
ENG2177,40.899918,MEDIUM
ENG2178,62.898808,HIGH
ENG2179,85.41619,CRITICAL
ENG2180,40.4999,MEDIUM
ENG2181,42.30192,MEDIUM
ENG2182,98.10025,CRITICAL
ENG2183,28.900402,LOW
ENG2184,95.624016,CRITICAL
ENG2185,63.39111,HIGH
ENG2186,37.00059,LOW
ENG2187,80.99753,CRITICAL
ENG2188,65.199135,HIGH
ENG2189,62.600616,HIGH
ENG2190,86.24338,CRITICAL
ENG2191,98.09738,CRITICAL
ENG2192,45.66836,MEDIUM
ENG2193,39.49992,LOW
ENG2194,97.994705,CRITICAL
ENG2195,63.69979,HIGH
ENG2196,36.8008,LOW
ENG2197,65.103714,HIGH
ENG2198,32.199314,LOW
ENG2199,41.899933,MEDIUM
ENG2200,44.82758,MEDIUM
ENG2201,43.49803,MEDIUM
ENG2202,81.80406,CRITICAL
ENG2203,83.80446,CRITICAL
ENG2204,60.599,HIGH
ENG2205,28.30043,LOW
ENG2206,64.50119,HIGH
ENG2207,94.8009,CRITICAL
ENG2208,83.39984,CRITICAL
ENG2209,64.103325,HIGH
ENG2210,40.29732,MEDIUM
ENG2211,65.57642,HIGH
ENG2212,83.899765,CRITICAL
ENG2213,59.402664,MEDIUM
ENG2214,43.272705,MEDIUM
ENG2215,61.90316,HIGH
ENG2216,63.714684,HIGH
ENG2217,60.30163,HIGH
ENG2218,65.299515,HIGH
ENG2219,65.49961,HIGH
ENG2220,63.40033,HIGH
ENG2221,28.992805,LOW
ENG2222,34.274265,LOW
ENG2223,41.001637,MEDIUM
ENG2224,40.59876,MEDIUM
ENG2225,85.000595,CRITICAL
ENG2226,61.730114,HIGH
ENG2227,64.99987,HIGH
ENG2228,62.768814,HIGH
ENG2229,42.501656,MEDIUM
ENG2230,62.09872,HIGH
ENG2231,64.900116,HIGH
ENG2232,95.05187,CRITICAL
ENG2233,99.17307,CRITICAL
ENG2234,36.38696,LOW
ENG2235,36.3017,LOW
ENG2236,43.99592,MEDIUM
ENG2237,66.16975,HIGH
ENG2238,35.59891,LOW
ENG2239,38.101303,LOW
ENG2240,44.700787,MEDIUM
ENG2241,62.39856,HIGH
ENG2242,40.100597,MEDIUM
ENG2243,64.9979,HIGH
ENG2244,63.001244,HIGH
ENG2245,80.29904,CRITICAL
ENG2246,45.041927,MEDIUM
ENG2247,42.772617,MEDIUM
ENG2248,94.19966,CRITICAL
ENG2249,24.738485,LOW
ENG2250,38.025616,LOW
ENG2251,61.39967,HIGH
ENG2252,98.96571,CRITICAL
ENG2253,37.113834,LOW
ENG2254,62.6998,HIGH
ENG2255,36.607365,LOW
ENG2256,84.399536,CRITICAL
ENG2257,83.80083,CRITICAL
ENG2258,62.6012,HIGH
ENG2259,26.80184,LOW
ENG2260,66.69939,HIGH
ENG2261,38.16577,LOW
ENG2262,86.39765,CRITICAL
ENG2263,66.20036,HIGH
ENG2264,64.50112,HIGH
ENG2265,84.20828,CRITICAL
ENG2266,64.09925,HIGH
ENG2267,97.799355,CRITICAL
ENG2268,84.79975,CRITICAL
ENG2269,94.78646,CRITICAL
ENG2270,96.20022,CRITICAL
ENG2271,97.85056,CRITICAL
ENG2272,84.69945,CRITICAL
ENG2273,64.77175,HIGH
ENG2274,36.963177,LOW
ENG2275,61.30002,HIGH
ENG2276,63.08371,HIGH
ENG2277,64.79687,HIGH
ENG2278,96.100945,CRITICAL
ENG2279,43.300816,MEDIUM
ENG2280,38.298946,LOW
ENG2281,98.3013,CRITICAL
ENG2282,81.99871,CRITICAL
ENG2283,86.300995,CRITICAL
ENG2284,38.80179,LOW
ENG2285,96.10099,CRITICAL
ENG2286,83.69982,CRITICAL
ENG2287,61.676903,HIGH
ENG2288,36.292034,LOW
ENG2289,81.91309,CRITICAL
ENG2290,43.40049,MEDIUM
ENG2291,83.70058,CRITICAL
ENG2292,64.81149,HIGH
ENG2293,81.79989,CRITICAL
ENG2294,81.29941,CRITICAL
ENG2295,61.906906,HIGH
ENG2296,39.300526,LOW
ENG2297,64.29975,HIGH
ENG2298,94.800224,CRITICAL
ENG2299,34.400898,LOW
ENG2300,63.270973,HIGH
ENG2301,63.39909,HIGH
ENG2302,42.444008,MEDIUM
ENG2303,98.38579,CRITICAL
ENG2304,45.751717,MEDIUM
ENG2305,39.09814,LOW
ENG2306,62.099857,HIGH
ENG2307,62.398396,HIGH
ENG2308,80.99967,CRITICAL
ENG2309,62.599598,HIGH
ENG2310,61.994114,HIGH
ENG2311,39.000813,LOW
ENG2312,65.50518,HIGH
ENG2313,62.499756,HIGH
ENG2314,40.79752,MEDIUM
ENG2315,82.300804,CRITICAL
ENG2316,63.700157,HIGH
ENG2317,64.891464,HIGH
ENG2318,36.90097,LOW
ENG2319,60.30021,HIGH
ENG2320,42.72838,MEDIUM
ENG2321,42.500347,MEDIUM
ENG2322,27.69425,LOW
ENG2323,65.8059,HIGH
ENG2324,39.80444,LOW
ENG2325,39.50174,LOW
ENG2326,62.400528,HIGH
ENG2327,82.09943,CRITICAL
ENG2328,36.20216,LOW
ENG2329,63.08574,HIGH
ENG2330,63.30181,HIGH
ENG2331,40.49939,MEDIUM
ENG2332,62.599945,HIGH
ENG2333,83.400345,CRITICAL
ENG2334,60.10014,HIGH
ENG2335,98.20467,CRITICAL
ENG2336,62.217884,HIGH
ENG2337,59.90088,MEDIUM
ENG2338,81.91595,CRITICAL
ENG2339,82.601326,CRITICAL
ENG2340,65.00039,HIGH
ENG2341,24.979956,LOW
ENG2342,40.997,MEDIUM
ENG2343,45.599377,MEDIUM
ENG2344,39.40571,LOW
ENG2345,38.169777,LOW
ENG2346,64.39747,HIGH
ENG2347,83.201294,CRITICAL
ENG2348,94.598976,CRITICAL
ENG2349,61.144512,HIGH
ENG2350,83.60156,CRITICAL
ENG2351,40.998413,MEDIUM
ENG2352,25.298292,LOW
ENG2353,63.89944,HIGH
ENG2354,40.19604,MEDIUM
ENG2355,42.49978,MEDIUM
ENG2356,29.800802,LOW
ENG2357,60.800423,HIGH
ENG2358,83.99951,CRITICAL
ENG2359,42.288776,MEDIUM
ENG2360,97.69938,CRITICAL
ENG2361,64.271194,HIGH
ENG2362,44.001984,MEDIUM
ENG2363,39.22667,LOW
ENG2364,81.40083,CRITICAL
ENG2365,63.199326,HIGH
ENG2366,61.40122,HIGH
ENG2367,82.299774,CRITICAL
ENG2368,64.40804,HIGH
ENG2369,64.00315,HIGH
ENG2370,80.10546,CRITICAL
ENG2371,63.69987,HIGH
ENG2372,65.099495,HIGH
ENG2373,60.303486,HIGH
ENG2374,28.288612,LOW
ENG2375,40.598755,MEDIUM
ENG2376,98.640396,CRITICAL
ENG2377,61.001465,HIGH
ENG2378,63.415195,HIGH
ENG2379,31.598286,LOW
ENG2380,83.6021,CRITICAL
ENG2381,25.796343,LOW
ENG2382,83.49963,CRITICAL
ENG2383,45.796604,MEDIUM
ENG2384,94.60078,CRITICAL
ENG2385,63.099113,HIGH
ENG2386,99.49986,CRITICAL
ENG2387,83.29949,CRITICAL
ENG2388,65.50253,HIGH
ENG2389,31.367718,LOW
ENG2390,65.38281,HIGH
ENG2391,61.899612,HIGH
ENG2392,63.198776,HIGH
ENG2393,61.777325,HIGH
ENG2394,60.99892,HIGH
ENG2395,65.99481,HIGH
ENG2396,62.185482,HIGH
ENG2397,60.001247,HIGH
ENG2398,95.49915,CRITICAL
ENG2399,30.299305,LOW
ENG2400,83.58044,CRITICAL
ENG2401,94.70183,CRITICAL
ENG2402,80.29966,CRITICAL
ENG2403,81.399796,CRITICAL
ENG2404,84.899864,CRITICAL
ENG2405,83.50015,CRITICAL
ENG2406,60.66063,HIGH
ENG2407,62.666332,HIGH
ENG2408,84.80968,CRITICAL
ENG2409,24.499405,LOW
ENG2410,41.401352,MEDIUM
ENG2411,81.00012,CRITICAL
ENG2412,63.414883,HIGH
ENG2413,40.319244,MEDIUM
ENG2414,85.1564,CRITICAL
ENG2415,34.300766,LOW
ENG2416,42.40099,MEDIUM
ENG2417,65.701416,HIGH
ENG2418,65.61516,HIGH
ENG2419,58.798595,MEDIUM
ENG2420,85.50193,CRITICAL
ENG2421,63.421463,HIGH
ENG2422,40.405415,MEDIUM
ENG2423,59.901276,MEDIUM
ENG2424,44.32544,MEDIUM
ENG2425,39.801537,LOW
ENG2426,43.33756,MEDIUM
ENG2427,29.900763,LOW
ENG2428,45.89956,MEDIUM
ENG2429,25.400301,LOW
ENG2430,63.897976,HIGH
ENG2431,62.29808,HIGH
ENG2432,84.59667,CRITICAL
ENG2433,94.40147,CRITICAL
ENG2434,97.39915,CRITICAL
ENG2435,63.59928,HIGH
ENG2436,84.50129,CRITICAL
ENG2437,45.711678,MEDIUM
ENG2438,33.595726,LOW
ENG2439,40.70021,MEDIUM
ENG2440,64.60354,HIGH
ENG2441,66.10187,HIGH
ENG2442,98.10118,CRITICAL
ENG2443,61.999977,HIGH
ENG2444,84.20021,CRITICAL
ENG2445,84.09965,CRITICAL
ENG2446,99.399124,CRITICAL
ENG2447,80.51505,CRITICAL
ENG2448,61.6351,HIGH
ENG2449,64.20095,HIGH
ENG2450,29.800383,LOW
ENG2451,40.496933,MEDIUM
ENG2452,64.29901,HIGH
ENG2453,82.10374,CRITICAL
ENG2454,65.64861,HIGH
ENG2455,60.9002,HIGH
ENG2456,83.993645,CRITICAL
ENG2457,24.39025,LOW
ENG2458,42.798477,MEDIUM
ENG2459,61.620064,HIGH
ENG2460,29.700085,LOW
ENG2461,59.398888,MEDIUM
ENG2462,32.398968,LOW
ENG2463,66.499626,HIGH
ENG2464,81.30135,CRITICAL
ENG2465,41.684704,MEDIUM
ENG2466,62.784245,HIGH
ENG2467,22.105293,LOW
ENG2468,61.499672,HIGH
ENG2469,65.29998,HIGH
ENG2470,84.901,CRITICAL
ENG2471,80.961266,CRITICAL
ENG2472,85.49197,CRITICAL
ENG2473,81.60078,CRITICAL
ENG2474,40.54425,MEDIUM
ENG2475,30.16538,LOW
ENG2476,38.40487,LOW
ENG2477,44.99441,MEDIUM
ENG2478,94.99967,CRITICAL
ENG2479,42.269447,MEDIUM
ENG2480,61.799454,HIGH
ENG2481,82.50095,CRITICAL
ENG2482,63.800827,HIGH
ENG2483,65.798935,HIGH
ENG2484,61.68375,HIGH
ENG2485,95.04193,CRITICAL
ENG2486,63.708035,HIGH
ENG2487,65.44422,HIGH
ENG2488,65.022606,HIGH
ENG2489,83.89942,CRITICAL
ENG2490,62.999485,HIGH
ENG2491,61.7027,HIGH
ENG2492,63.598293,HIGH
ENG2493,65.48024,HIGH
ENG2494,62.59919,HIGH
ENG2495,66.00004,HIGH
ENG2496,85.30056,CRITICAL
ENG2497,65.69806,HIGH
ENG2498,41.399307,MEDIUM
ENG2499,61.408646,HIGH
ENG2500,61.8979,HIGH
ENG2501,94.99898,CRITICAL
ENG2502,44.100815,MEDIUM
ENG2503,62.39993,HIGH
ENG2504,37.19805,LOW
ENG2505,44.896553,MEDIUM
ENG2506,44.498966,MEDIUM
ENG2507,43.498306,MEDIUM
ENG2508,26.601114,LOW
ENG2509,40.2836,MEDIUM
ENG2510,62.199863,HIGH
ENG2511,38.9619,LOW
ENG2512,42.196945,MEDIUM
ENG2513,41.099937,MEDIUM
ENG2514,45.417416,MEDIUM
ENG2515,85.99791,CRITICAL
ENG2516,84.52448,CRITICAL
ENG2517,65.86408,HIGH
ENG2518,63.308975,HIGH
ENG2519,98.399734,CRITICAL
ENG2520,85.06845,CRITICAL
ENG2521,61.903275,HIGH
ENG2522,94.60345,CRITICAL
ENG2523,46.574482,MEDIUM
ENG2524,61.67439,HIGH
ENG2525,59.599945,MEDIUM
ENG2526,80.89973,CRITICAL
ENG2527,64.34326,HIGH
ENG2528,99.59328,CRITICAL
ENG2529,96.49967,CRITICAL
ENG2530,84.99912,CRITICAL
ENG2531,34.29689,LOW
ENG2532,43.306942,MEDIUM
ENG2533,93.901024,CRITICAL
ENG2534,41.349594,MEDIUM
ENG2535,63.33089,HIGH
ENG2536,62.600155,HIGH
ENG2537,63.201496,HIGH
ENG2538,31.900946,LOW
ENG2539,60.800476,HIGH
ENG2540,40.800686,MEDIUM
ENG2541,85.12046,CRITICAL
ENG2542,41.101017,MEDIUM
ENG2543,45.259285,MEDIUM
ENG2544,60.73891,HIGH
ENG2545,64.000786,HIGH
ENG2546,82.67561,CRITICAL
ENG2547,80.597244,CRITICAL
ENG2548,61.6997,HIGH
ENG2549,41.504055,MEDIUM
ENG2550,83.20208,CRITICAL
ENG2551,80.10109,CRITICAL
ENG2552,43.401184,MEDIUM
ENG2553,99.503265,CRITICAL
ENG2554,60.09916,HIGH
ENG2555,64.58017,HIGH
ENG2556,31.401941,LOW
ENG2557,59.402657,MEDIUM
ENG2558,40.590622,MEDIUM
ENG2559,31.496967,LOW
ENG2560,64.30039,HIGH
ENG2561,37.4012,LOW
ENG2562,38.80084,LOW
ENG2563,80.69605,CRITICAL
ENG2564,99.00055,CRITICAL
ENG2565,83.0869,CRITICAL
ENG2566,63.79994,HIGH
ENG2567,84.30093,CRITICAL
ENG2568,94.20033,CRITICAL
ENG2569,96.10259,CRITICAL
ENG2570,83.59922,CRITICAL
ENG2571,65.398476,HIGH
ENG2572,38.51471,LOW
ENG2573,42.60222,MEDIUM
ENG2574,39.402084,LOW
ENG2575,80.65906,CRITICAL
ENG2576,60.09692,HIGH
ENG2577,81.19948,CRITICAL
ENG2578,28.201323,LOW
ENG2579,63.400352,HIGH
ENG2580,32.400455,LOW
ENG2581,82.19898,CRITICAL
ENG2582,60.09825,HIGH
ENG2583,61.300594,HIGH
ENG2584,44.90108,MEDIUM
ENG2585,39.09935,LOW
ENG2586,64.59811,HIGH
ENG2587,45.816833,MEDIUM
ENG2588,42.39967,MEDIUM
ENG2589,97.2566,CRITICAL
ENG2590,85.79965,CRITICAL
ENG2591,41.899426,MEDIUM
ENG2592,64.2997,HIGH
ENG2593,40.65772,MEDIUM
ENG2594,83.600876,CRITICAL
ENG2595,84.19774,CRITICAL
ENG2596,94.60135,CRITICAL
ENG2597,61.70143,HIGH
ENG2598,66.4019,HIGH
ENG2599,62.7032,HIGH
ENG2600,40.700306,MEDIUM
ENG2601,41.59616,MEDIUM
ENG2602,94.9006,CRITICAL
ENG2603,94.27336,CRITICAL
ENG2604,61.099876,HIGH
ENG2605,65.700325,HIGH
ENG2606,66.79927,HIGH
ENG2607,58.900154,MEDIUM
ENG2608,99.40168,CRITICAL
ENG2609,64.59743,HIGH
ENG2610,84.37281,CRITICAL
ENG2611,97.897705,CRITICAL
ENG2612,62.001343,HIGH
ENG2613,84.29978,CRITICAL
ENG2614,99.10069,CRITICAL
ENG2615,95.925446,CRITICAL
ENG2616,95.872795,CRITICAL
ENG2617,44.899723,MEDIUM
ENG2618,60.70158,HIGH
ENG2619,40.60174,MEDIUM
ENG2620,98.02312,CRITICAL
ENG2621,43.75839,MEDIUM
ENG2622,63.099518,HIGH
ENG2623,42.89621,MEDIUM
ENG2624,64.98102,HIGH
ENG2625,59.39971,MEDIUM
ENG2626,37.245136,LOW
ENG2627,62.798336,HIGH
ENG2628,97.313194,CRITICAL
ENG2629,42.399574,MEDIUM
ENG2630,62.099365,HIGH
ENG2631,98.69943,CRITICAL
ENG2632,61.79525,HIGH
ENG2633,37.899036,LOW
ENG2634,42.198914,MEDIUM
ENG2635,60.60685,HIGH
ENG2636,42.09852,MEDIUM
ENG2637,82.5407,CRITICAL
ENG2638,27.599068,LOW
ENG2639,40.066868,MEDIUM
ENG2640,95.90036,CRITICAL
ENG2641,36.598286,LOW
ENG2642,94.89952,CRITICAL
ENG2643,40.19841,MEDIUM
ENG2644,35.9997,LOW
ENG2645,59.498653,MEDIUM
ENG2646,40.30159,MEDIUM
ENG2647,98.90031,CRITICAL
ENG2648,85.10038,CRITICAL
ENG2649,82.050125,CRITICAL
ENG2650,43.399666,MEDIUM
ENG2651,45.58906,MEDIUM
ENG2652,37.420845,LOW
ENG2653,30.801142,LOW
ENG2654,84.100815,CRITICAL
ENG2655,43.30093,MEDIUM
ENG2656,41.101173,MEDIUM
ENG2657,43.795185,MEDIUM
ENG2658,64.00293,HIGH
ENG2659,39.00165,LOW
ENG2660,64.20207,HIGH
ENG2661,36.001404,LOW
ENG2662,42.600742,MEDIUM
ENG2663,30.900694,LOW
ENG2664,60.812637,HIGH
ENG2665,62.96484,HIGH
ENG2666,66.5996,HIGH
ENG2667,44.096947,MEDIUM
ENG2668,23.800282,LOW
ENG2669,98.30093,CRITICAL
ENG2670,94.39766,CRITICAL
ENG2671,44.500366,MEDIUM
ENG2672,61.30037,HIGH
ENG2673,85.59906,CRITICAL
ENG2674,64.20193,HIGH
ENG2675,96.39969,CRITICAL
ENG2676,42.099174,MEDIUM
ENG2677,84.50168,CRITICAL
ENG2678,66.60267,HIGH
ENG2679,84.509766,CRITICAL
ENG2680,82.30252,CRITICAL
ENG2681,80.29758,CRITICAL
ENG2682,41.60176,MEDIUM
ENG2683,60.702873,HIGH
ENG2684,63.99828,HIGH
ENG2685,46.5017,MEDIUM
ENG2686,31.042007,LOW
ENG2687,38.299156,LOW
ENG2688,81.401886,CRITICAL
ENG2689,63.708183,HIGH
ENG2690,82.019295,CRITICAL
ENG2691,80.90006,CRITICAL
ENG2692,60.930576,HIGH
ENG2693,39.19875,LOW
ENG2694,23.400581,LOW
ENG2695,66.50088,HIGH
ENG2696,41.41162,MEDIUM
ENG2697,95.99967,CRITICAL
ENG2698,64.813065,HIGH
ENG2699,60.743385,HIGH
ENG2700,84.11023,CRITICAL
ENG2701,80.00029,CRITICAL
ENG2702,38.625385,LOW
ENG2703,81.80092,CRITICAL
ENG2704,84.6002,CRITICAL
ENG2705,95.39943,CRITICAL
ENG2706,80.900665,CRITICAL
ENG2707,64.698616,HIGH
ENG2708,43.64156,MEDIUM
ENG2709,61.09965,HIGH
ENG2710,40.503246,MEDIUM
ENG2711,63.798916,HIGH
ENG2712,39.298462,LOW
ENG2713,94.69994,CRITICAL
ENG2714,81.40362,CRITICAL
ENG2715,26.300945,LOW
ENG2716,40.31326,MEDIUM
ENG2717,95.30178,CRITICAL
ENG2718,61.497448,HIGH
ENG2719,39.991943,LOW
ENG2720,43.301888,MEDIUM
ENG2721,61.70013,HIGH
ENG2722,60.50045,HIGH
ENG2723,24.499239,LOW
ENG2724,62.401398,HIGH
ENG2725,85.868675,CRITICAL
ENG2726,23.799423,LOW
ENG2727,61.699905,HIGH
ENG2728,38.098927,LOW
ENG2729,27.599743,LOW
ENG2730,43.55512,MEDIUM
ENG2731,66.50022,HIGH
ENG2732,31.599098,LOW
ENG2733,64.37658,HIGH
ENG2734,62.29961,HIGH
ENG2735,64.39971,HIGH
ENG2736,83.500305,CRITICAL
ENG2737,36.70036,LOW
ENG2738,24.640635,LOW
ENG2739,43.400444,MEDIUM
ENG2740,62.300377,HIGH
ENG2741,83.900375,CRITICAL
ENG2742,82.89926,CRITICAL
ENG2743,64.55067,HIGH
ENG2744,31.301609,LOW
ENG2745,26.500746,LOW
ENG2746,64.10182,HIGH
ENG2747,63.605442,HIGH
ENG2748,37.800053,LOW
ENG2749,26.702429,LOW
ENG2750,61.399372,HIGH
ENG2751,63.412693,HIGH
ENG2752,37.843075,LOW
ENG2753,64.599205,HIGH
ENG2754,61.1887,HIGH
ENG2755,61.165634,HIGH
ENG2756,43.692894,MEDIUM
ENG2757,41.495777,MEDIUM
ENG2758,26.599102,LOW
ENG2759,26.950867,LOW
ENG2760,95.44979,CRITICAL
ENG2761,83.55262,CRITICAL
ENG2762,61.89892,HIGH
ENG2763,40.193592,MEDIUM
ENG2764,84.499504,CRITICAL
ENG2765,63.29973,HIGH
ENG2766,62.79949,HIGH
ENG2767,84.66569,CRITICAL
ENG2768,98.101654,CRITICAL
ENG2769,96.99886,CRITICAL
ENG2770,61.86803,HIGH
ENG2771,38.93595,LOW
ENG2772,81.50851,CRITICAL
ENG2773,61.198345,HIGH
ENG2774,83.901924,CRITICAL
ENG2775,23.299847,LOW
ENG2776,81.200836,CRITICAL
ENG2777,94.40124,CRITICAL
ENG2778,64.41613,HIGH
ENG2779,63.49841,HIGH
ENG2780,83.90137,CRITICAL
ENG2781,43.60101,MEDIUM
ENG2782,95.59941,CRITICAL
ENG2783,62.09083,HIGH
ENG2784,28.000032,LOW
ENG2785,63.60005,HIGH
ENG2786,62.101185,HIGH
ENG2787,42.100117,MEDIUM
ENG2788,61.10479,HIGH
ENG2789,58.89969,MEDIUM
ENG2790,33.59836,LOW
ENG2791,99.09871,CRITICAL
ENG2792,94.399315,CRITICAL
ENG2793,84.39963,CRITICAL
ENG2794,37.397846,LOW
ENG2795,40.33658,MEDIUM
ENG2796,38.200325,LOW
ENG2797,97.79949,CRITICAL
ENG2798,36.399464,LOW
ENG2799,80.69953,CRITICAL
ENG2800,37.40063,LOW
ENG2801,63.700016,HIGH
ENG2802,82.398026,CRITICAL
ENG2803,41.457813,MEDIUM
ENG2804,39.79985,LOW
ENG2805,32.60037,LOW
ENG2806,47.09232,MEDIUM
ENG2807,62.40057,HIGH
ENG2808,27.18752,LOW
ENG2809,60.80002,HIGH
ENG2810,43.494587,MEDIUM
ENG2811,95.40571,CRITICAL
ENG2812,63.40097,HIGH
ENG2813,38.40063,LOW
ENG2814,80.90084,CRITICAL
ENG2815,63.79923,HIGH
ENG2816,59.000294,MEDIUM
ENG2817,98.359085,CRITICAL
ENG2818,62.199688,HIGH
ENG2819,42.84106,MEDIUM
ENG2820,64.7001,HIGH
ENG2821,95.83165,CRITICAL
ENG2822,66.1936,HIGH
ENG2823,96.80006,CRITICAL
ENG2824,63.447987,HIGH
ENG2825,99.101265,CRITICAL
ENG2826,35.400826,LOW
ENG2827,61.791233,HIGH
ENG2828,60.602623,HIGH
ENG2829,29.900036,LOW
ENG2830,40.602367,MEDIUM
ENG2831,61.031357,HIGH
ENG2832,79.80011,HIGH
ENG2833,61.80014,HIGH
ENG2834,98.68322,CRITICAL
ENG2835,45.60018,MEDIUM
ENG2836,81.11352,CRITICAL
ENG2837,26.797699,LOW
ENG2838,60.300087,HIGH
ENG2839,39.199368,LOW
ENG2840,82.89534,CRITICAL
ENG2841,40.51948,MEDIUM
ENG2842,63.10103,HIGH
ENG2843,98.700806,CRITICAL
ENG2844,30.99988,LOW
ENG2845,62.499603,HIGH
ENG2846,82.299095,CRITICAL
ENG2847,61.88379,HIGH
ENG2848,62.100178,HIGH
ENG2849,23.601416,LOW
ENG2850,63.59963,HIGH
ENG2851,97.698395,CRITICAL
ENG2852,95.60069,CRITICAL
ENG2853,27.99903,LOW
ENG2854,94.70446,CRITICAL
ENG2855,97.10061,CRITICAL
ENG2856,61.546726,HIGH
ENG2857,35.600426,LOW
ENG2858,83.00047,CRITICAL
ENG2859,84.09953,CRITICAL
ENG2860,64.69362,HIGH
ENG2861,61.198376,HIGH
ENG2862,39.403633,LOW
ENG2863,98.687225,CRITICAL
ENG2864,66.1007,HIGH
ENG2865,42.67728,MEDIUM
ENG2866,62.60111,HIGH
ENG2867,83.30045,CRITICAL
ENG2868,44.065624,MEDIUM
ENG2869,80.91114,CRITICAL
ENG2870,65.80034,HIGH
ENG2871,63.34464,HIGH
ENG2872,96.30064,CRITICAL
ENG2873,61.898853,HIGH
ENG2874,30.60018,LOW
ENG2875,81.85768,CRITICAL
ENG2876,59.300014,MEDIUM
ENG2877,98.78675,CRITICAL
ENG2878,30.90094,LOW
ENG2879,67.29835,HIGH
ENG2880,66.99696,HIGH
ENG2881,81.34302,CRITICAL
ENG2882,62.3002,HIGH
ENG2883,63.37849,HIGH
ENG2884,35.49881,LOW
ENG2885,60.440666,HIGH
ENG2886,64.85885,HIGH
ENG2887,98.458664,CRITICAL
ENG2888,45.20058,MEDIUM
ENG2889,62.797337,HIGH
ENG2890,60.98342,HIGH
ENG2891,61.90267,HIGH
ENG2892,24.30029,LOW
ENG2893,59.900673,MEDIUM
ENG2894,97.701805,CRITICAL
ENG2895,40.121613,MEDIUM
ENG2896,40.30105,MEDIUM
ENG2897,63.600426,HIGH
ENG2898,63.00169,HIGH
ENG2899,60.399086,HIGH
ENG2900,84.39927,CRITICAL
ENG2901,63.40126,HIGH
ENG2902,37.80093,LOW
ENG2903,32.900223,LOW
ENG2904,63.60824,HIGH
ENG2905,65.40293,HIGH
ENG2906,62.00155,HIGH
ENG2907,36.54379,LOW
ENG2908,36.443546,LOW
ENG2909,33.54894,LOW
ENG2910,37.399685,LOW
ENG2911,65.791435,HIGH
ENG2912,32.0005,LOW
ENG2913,84.599266,CRITICAL
ENG2914,63.09246,HIGH
ENG2915,26.300573,LOW
ENG2916,42.50097,MEDIUM
ENG2917,59.495888,MEDIUM
ENG2918,94.40061,CRITICAL
ENG2919,84.00051,CRITICAL
ENG2920,40.29997,MEDIUM
ENG2921,63.406673,HIGH
ENG2922,42.102383,MEDIUM
ENG2923,31.052431,LOW
ENG2924,24.299698,LOW
ENG2925,83.10059,CRITICAL
ENG2926,63.498817,HIGH
ENG2927,36.167843,LOW
ENG2928,43.93165,MEDIUM
ENG2929,81.59847,CRITICAL
ENG2930,42.400105,MEDIUM
ENG2931,85.14766,CRITICAL
ENG2932,99.09552,CRITICAL
ENG2933,63.470715,HIGH
ENG2934,40.19821,MEDIUM
ENG2935,35.30042,LOW
ENG2936,41.311974,MEDIUM
ENG2937,62.49971,HIGH
ENG2938,38.699978,LOW
ENG2939,85.49912,CRITICAL
ENG2940,39.497902,LOW
ENG2941,82.09965,CRITICAL
ENG2942,93.90086,CRITICAL
ENG2943,61.799072,HIGH
ENG2944,80.50437,CRITICAL
ENG2945,27.196413,LOW
ENG2946,38.581604,LOW
ENG2947,27.500587,LOW
ENG2948,42.802097,MEDIUM
ENG2949,41.04633,MEDIUM
ENG2950,64.298615,HIGH
ENG2951,61.800045,HIGH
ENG2952,65.700134,HIGH
ENG2953,40.79983,MEDIUM
ENG2954,84.300964,CRITICAL
ENG2955,63.128235,HIGH
ENG2956,42.020702,MEDIUM
ENG2957,28.467445,LOW
ENG2958,81.33873,CRITICAL
ENG2959,95.00038,CRITICAL
ENG2960,59.501408,MEDIUM
ENG2961,84.79288,CRITICAL
ENG2962,65.500786,HIGH
ENG2963,38.813282,LOW
ENG2964,80.96715,CRITICAL
ENG2965,84.29978,CRITICAL
ENG2966,62.7997,HIGH
ENG2967,81.39777,CRITICAL
ENG2968,63.799103,HIGH
ENG2969,60.441593,HIGH
ENG2970,65.29849,HIGH
ENG2971,98.837845,CRITICAL
ENG2972,65.799065,HIGH
ENG2973,65.40027,HIGH
ENG2974,85.100105,CRITICAL
ENG2975,82.39963,CRITICAL
ENG2976,63.60087,HIGH
ENG2977,85.50059,CRITICAL
ENG2978,42.400764,MEDIUM
ENG2979,80.703476,CRITICAL
ENG2980,45.40026,MEDIUM
ENG2981,32.10033,LOW
ENG2982,40.200886,MEDIUM
ENG2983,44.92624,MEDIUM
ENG2984,96.70036,CRITICAL
ENG2985,96.69893,CRITICAL
ENG2986,63.393238,HIGH
ENG2987,36.00014,LOW
ENG2988,38.900017,LOW
ENG2989,63.29914,HIGH
ENG2990,63.299187,HIGH
ENG2991,80.29742,CRITICAL
ENG2992,63.991905,HIGH
ENG2993,65.09957,HIGH
ENG2994,28.200922,LOW
ENG2995,64.79548,HIGH
ENG2996,60.44799,HIGH
ENG2997,63.505314,HIGH
ENG2998,43.982914,MEDIUM
ENG2999,61.10012,HIGH
ENG3000,84.00007,CRITICAL
ENG3001,62.056145,HIGH
ENG3002,83.70077,CRITICAL
ENG3003,62.793972,HIGH
ENG3004,61.901333,HIGH
ENG3005,59.899452,MEDIUM
ENG3006,42.500957,MEDIUM
ENG3007,33.19305,LOW
ENG3008,41.521877,MEDIUM
ENG3009,59.10215,MEDIUM
ENG3010,37.989296,LOW
ENG3011,35.001175,LOW
ENG3012,63.34571,HIGH
ENG3013,64.2987,HIGH
ENG3014,37.000206,LOW
ENG3015,97.85402,CRITICAL
ENG3016,62.213886,HIGH
ENG3017,61.313705,HIGH
ENG3018,66.32544,HIGH
ENG3019,81.29294,CRITICAL
ENG3020,83.74746,CRITICAL
ENG3021,96.9001,CRITICAL
ENG3022,64.39687,HIGH
ENG3023,62.10055,HIGH
ENG3024,59.9678,MEDIUM
ENG3025,44.15035,MEDIUM
ENG3026,36.90422,LOW
ENG3027,98.283134,CRITICAL
ENG3028,81.98835,CRITICAL
ENG3029,64.59909,HIGH
ENG3030,60.900623,HIGH
ENG3031,95.300476,CRITICAL
ENG3032,41.800114,MEDIUM
ENG3033,61.627735,HIGH
ENG3034,95.074425,CRITICAL
ENG3035,80.7307,CRITICAL
ENG3036,40.90158,MEDIUM
ENG3037,65.10021,HIGH
ENG3038,80.268364,CRITICAL
ENG3039,84.71711,CRITICAL
ENG3040,83.23597,CRITICAL
ENG3041,42.003853,MEDIUM
ENG3042,41.700382,MEDIUM
ENG3043,60.098404,HIGH
ENG3044,39.517815,LOW
ENG3045,63.452263,HIGH
ENG3046,62.87743,HIGH
ENG3047,59.30024,MEDIUM
ENG3048,40.35077,MEDIUM
ENG3049,83.401344,CRITICAL
ENG3050,65.59958,HIGH
ENG3051,97.210594,CRITICAL
ENG3052,42.20426,MEDIUM
ENG3053,26.800827,LOW
ENG3054,62.903786,HIGH
ENG3055,62.400528,HIGH
ENG3056,64.142784,HIGH
ENG3057,83.48886,CRITICAL
ENG3058,64.02273,HIGH
ENG3059,63.219,HIGH
ENG3060,97.94717,CRITICAL
ENG3061,62.606514,HIGH
ENG3062,39.221584,LOW
ENG3063,35.39867,LOW
ENG3064,39.443417,LOW
ENG3065,41.234264,MEDIUM
ENG3066,64.419945,HIGH
ENG3067,29.400583,LOW
ENG3068,64.69869,HIGH
ENG3069,80.10067,CRITICAL
ENG3070,80.80023,CRITICAL
ENG3071,62.523838,HIGH
ENG3072,42.791557,MEDIUM
ENG3073,60.799454,HIGH
ENG3074,31.098457,LOW
ENG3075,61.500904,HIGH
ENG3076,80.40127,CRITICAL
ENG3077,29.701868,LOW
ENG3078,36.78588,LOW
ENG3079,62.96615,HIGH
ENG3080,84.30027,CRITICAL
ENG3081,39.07149,LOW
ENG3082,42.99701,MEDIUM
ENG3083,65.65845,HIGH
ENG3084,81.40137,CRITICAL
ENG3085,82.60047,CRITICAL
ENG3086,65.1005,HIGH
ENG3087,98.9013,CRITICAL
ENG3088,41.800285,MEDIUM
ENG3089,21.408531,LOW
ENG3090,62.300232,HIGH
ENG3091,96.80027,CRITICAL
ENG3092,62.364426,HIGH
ENG3093,37.500076,LOW
ENG3094,65.104004,HIGH
ENG3095,64.28535,HIGH
ENG3096,98.492294,CRITICAL
ENG3097,84.80175,CRITICAL
ENG3098,61.600407,HIGH
ENG3099,84.39926,CRITICAL
ENG3100,43.79703,MEDIUM
ENG3101,38.255898,LOW
ENG3102,61.21324,HIGH
ENG3103,23.00081,LOW
ENG3104,97.200226,CRITICAL
ENG3105,79.89997,HIGH
ENG3106,39.616436,LOW
ENG3107,24.899698,LOW
ENG3108,63.988777,HIGH
ENG3109,62.102715,HIGH
ENG3110,39.800697,LOW
ENG3111,95.87681,CRITICAL
ENG3112,40.25434,MEDIUM
ENG3113,84.599106,CRITICAL
ENG3114,97.49708,CRITICAL
ENG3115,80.0002,CRITICAL
ENG3116,94.70009,CRITICAL
ENG3117,98.399605,CRITICAL
ENG3118,94.99973,CRITICAL
ENG3119,83.62282,CRITICAL
ENG3120,44.202114,MEDIUM
ENG3121,39.800472,LOW
ENG3122,66.70142,HIGH
ENG3123,45.59268,MEDIUM
ENG3124,28.048359,LOW
ENG3125,84.80182,CRITICAL
ENG3126,97.61833,CRITICAL
ENG3127,82.994545,CRITICAL
ENG3128,38.28704,LOW
ENG3129,59.834194,MEDIUM
ENG3130,26.200068,LOW
ENG3131,81.13647,CRITICAL
ENG3132,29.463112,LOW
ENG3133,81.06256,CRITICAL
ENG3134,42.25228,MEDIUM
ENG3135,63.999527,HIGH
ENG3136,22.09986,LOW
ENG3137,63.499958,HIGH
ENG3138,85.09936,CRITICAL
ENG3139,39.996185,LOW
ENG3140,62.761543,HIGH
ENG3141,64.500725,HIGH
ENG3142,82.900085,CRITICAL
ENG3143,84.39921,CRITICAL
ENG3144,38.378536,LOW
ENG3145,44.302174,MEDIUM
ENG3146,62.099945,HIGH
ENG3147,60.67955,HIGH
ENG3148,80.999825,CRITICAL
ENG3149,60.545616,HIGH
ENG3150,62.45182,HIGH
ENG3151,60.29864,HIGH
ENG3152,60.254402,HIGH
ENG3153,62.599747,HIGH
ENG3154,82.09876,CRITICAL
ENG3155,41.08844,MEDIUM
ENG3156,45.400288,MEDIUM
ENG3157,45.699547,MEDIUM
ENG3158,62.20046,HIGH
ENG3159,95.39833,CRITICAL
ENG3160,25.099535,LOW
ENG3161,61.90234,HIGH
ENG3162,83.49984,CRITICAL
ENG3163,39.197384,LOW
ENG3164,64.59812,HIGH
ENG3165,83.09998,CRITICAL
ENG3166,80.60108,CRITICAL
ENG3167,84.09931,CRITICAL
ENG3168,42.202007,MEDIUM
ENG3169,65.10035,HIGH
ENG3170,82.499214,CRITICAL
ENG3171,45.798756,MEDIUM
ENG3172,63.60055,HIGH
ENG3173,85.49869,CRITICAL
ENG3174,63.597927,HIGH
ENG3175,82.394936,CRITICAL
ENG3176,84.09214,CRITICAL
ENG3177,81.59929,CRITICAL
ENG3178,25.60084,LOW
ENG3179,27.996258,LOW
ENG3180,32.09947,LOW
ENG3181,42.502224,MEDIUM
ENG3182,24.31236,LOW
ENG3183,96.30008,CRITICAL
ENG3184,83.50035,CRITICAL
ENG3185,81.06809,CRITICAL
ENG3186,41.50175,MEDIUM
ENG3187,63.00059,HIGH
ENG3188,62.899475,HIGH
ENG3189,46.496952,MEDIUM
ENG3190,38.701485,LOW
ENG3191,65.20001,HIGH
ENG3192,64.40173,HIGH
ENG3193,63.900234,HIGH
ENG3194,62.49924,HIGH
ENG3195,45.742622,MEDIUM
ENG3196,37.30151,LOW
ENG3197,42.59508,MEDIUM
ENG3198,38.801395,LOW
ENG3199,81.898796,CRITICAL
ENG3200,97.49911,CRITICAL
ENG3201,95.69906,CRITICAL
ENG3202,64.40262,HIGH
ENG3203,64.49819,HIGH
ENG3204,63.100124,HIGH
ENG3205,27.569235,LOW
ENG3206,38.806118,LOW
ENG3207,95.88984,CRITICAL
ENG3208,40.35822,MEDIUM
ENG3209,62.870068,HIGH
ENG3210,93.90049,CRITICAL
ENG3211,83.95655,CRITICAL
ENG3212,95.89918,CRITICAL
ENG3213,64.19778,HIGH
ENG3214,95.000565,CRITICAL
ENG3215,62.199535,HIGH
ENG3216,81.19985,CRITICAL
ENG3217,23.700405,LOW
ENG3218,27.299711,LOW
ENG3219,95.49919,CRITICAL
ENG3220,80.69895,CRITICAL
ENG3221,85.70089,CRITICAL
ENG3222,58.99991,MEDIUM
ENG3223,81.499855,CRITICAL
ENG3224,82.50067,CRITICAL
ENG3225,36.99986,LOW
ENG3226,84.39943,CRITICAL
ENG3227,63.699825,HIGH
ENG3228,38.503685,LOW
ENG3229,81.000275,CRITICAL
ENG3230,82.30024,CRITICAL
ENG3231,85.30091,CRITICAL
ENG3232,43.20058,MEDIUM
ENG3233,95.000046,CRITICAL
ENG3234,46.301285,MEDIUM
ENG3235,24.30055,LOW
ENG3236,33.444645,LOW
ENG3237,66.09987,HIGH
ENG3238,99.39897,CRITICAL
ENG3239,39.865635,LOW
ENG3240,43.00043,MEDIUM
ENG3241,84.59998,CRITICAL
ENG3242,63.099422,HIGH
ENG3243,63.698536,HIGH
ENG3244,60.298813,HIGH
ENG3245,35.313187,LOW
ENG3246,61.493713,HIGH
ENG3247,79.8998,HIGH
ENG3248,61.69989,HIGH
ENG3249,81.00173,CRITICAL
ENG3250,81.400116,CRITICAL
ENG3251,59.79932,MEDIUM
ENG3252,36.074963,LOW
ENG3253,96.70014,CRITICAL
ENG3254,60.899048,HIGH
ENG3255,82.40031,CRITICAL
ENG3256,81.19993,CRITICAL
ENG3257,63.70078,HIGH
ENG3258,62.167747,HIGH
ENG3259,63.895367,HIGH
ENG3260,33.80395,LOW
ENG3261,84.59932,CRITICAL
ENG3262,44.19948,MEDIUM
ENG3263,63.19949,HIGH
ENG3264,84.66722,CRITICAL
ENG3265,29.29865,LOW
ENG3266,98.3472,CRITICAL
ENG3267,84.09982,CRITICAL
ENG3268,84.300316,CRITICAL
ENG3269,38.298992,LOW
ENG3270,43.500225,MEDIUM
ENG3271,81.60072,CRITICAL
ENG3272,58.79875,MEDIUM
ENG3273,84.49624,CRITICAL
ENG3274,60.599873,HIGH
ENG3275,41.31417,MEDIUM
ENG3276,60.798523,HIGH
ENG3277,63.001553,HIGH
ENG3278,28.300056,LOW
ENG3279,63.79959,HIGH
ENG3280,60.481632,HIGH
ENG3281,41.70102,MEDIUM
ENG3282,62.303604,HIGH
ENG3283,83.269745,CRITICAL
ENG3284,45.49954,MEDIUM
ENG3285,64.7151,HIGH
ENG3286,40.80131,MEDIUM
ENG3287,39.899193,LOW
ENG3288,41.99786,MEDIUM
ENG3289,64.45147,HIGH
ENG3290,61.198677,HIGH
ENG3291,96.67663,CRITICAL
ENG3292,96.799934,CRITICAL
ENG3293,98.70017,CRITICAL
ENG3294,63.59963,HIGH
ENG3295,47.4,MEDIUM
ENG3296,41.60144,MEDIUM
ENG3297,62.20003,HIGH
ENG3298,43.192627,MEDIUM
ENG3299,98.96709,CRITICAL
ENG3300,95.50072,CRITICAL
ENG3301,80.902626,CRITICAL
ENG3302,63.206203,HIGH
ENG3303,66.19971,HIGH
ENG3304,60.199398,HIGH
ENG3305,63.39967,HIGH
ENG3306,60.645287,HIGH
ENG3307,61.097507,HIGH
ENG3308,63.90008,HIGH
ENG3309,79.90046,HIGH
ENG3310,65.10192,HIGH
ENG3311,64.40096,HIGH
ENG3312,37.995827,LOW
ENG3313,44.366943,MEDIUM
ENG3314,81.000534,CRITICAL
ENG3315,39.394222,LOW
ENG3316,62.82634,HIGH
ENG3317,98.84199,CRITICAL
ENG3318,26.05316,LOW
ENG3319,83.69898,CRITICAL
ENG3320,44.100147,MEDIUM
ENG3321,31.917143,LOW
ENG3322,59.49877,MEDIUM
ENG3323,84.49959,CRITICAL
ENG3324,97.59999,CRITICAL
ENG3325,80.7001,CRITICAL
ENG3326,61.247833,HIGH
ENG3327,62.598587,HIGH
ENG3328,80.19938,CRITICAL
ENG3329,82.27249,CRITICAL
ENG3330,36.44749,LOW
ENG3331,59.800816,MEDIUM
ENG3332,65.500656,HIGH
ENG3333,82.39931,CRITICAL
ENG3334,42.582047,MEDIUM
ENG3335,27.68178,LOW
ENG3336,39.0999,LOW
ENG3337,98.705185,CRITICAL
ENG3338,66.00563,HIGH
ENG3339,79.90027,HIGH
ENG3340,42.80031,MEDIUM
ENG3341,60.098904,HIGH
ENG3342,38.900166,LOW
ENG3343,67.101295,HIGH
ENG3344,84.3965,CRITICAL
ENG3345,31.800344,LOW
ENG3346,63.40212,HIGH
ENG3347,84.299995,CRITICAL
ENG3348,63.49967,HIGH
ENG3349,61.89906,HIGH
ENG3350,62.102375,HIGH
ENG3351,37.058586,LOW
ENG3352,85.43105,CRITICAL
ENG3353,81.8524,CRITICAL
ENG3354,83.89881,CRITICAL
ENG3355,44.899307,MEDIUM
ENG3356,95.036575,CRITICAL
ENG3357,33.500084,LOW
ENG3358,59.900467,MEDIUM
ENG3359,63.20052,HIGH
ENG3360,25.300165,LOW
ENG3361,63.69892,HIGH
ENG3362,41.299175,MEDIUM
ENG3363,94.90089,CRITICAL
ENG3364,82.10092,CRITICAL
ENG3365,60.098392,HIGH
ENG3366,61.100975,HIGH
ENG3367,45.30127,MEDIUM
ENG3368,65.201866,HIGH
ENG3369,80.69896,CRITICAL
ENG3370,64.29984,HIGH
ENG3371,64.532104,HIGH
ENG3372,25.908731,LOW
ENG3373,39.10085,LOW
ENG3374,46.600315,MEDIUM
ENG3375,30.398146,LOW
ENG3376,46.77438,MEDIUM
ENG3377,39.301296,LOW
ENG3378,81.600204,CRITICAL
ENG3379,64.98799,HIGH
ENG3380,98.19697,CRITICAL
ENG3381,39.898552,LOW
ENG3382,60.34687,HIGH
ENG3383,44.487564,MEDIUM
ENG3384,39.394936,LOW
ENG3385,80.99982,CRITICAL
ENG3386,29.99966,LOW
ENG3387,82.00018,CRITICAL
ENG3388,85.276436,CRITICAL
ENG3389,80.900536,CRITICAL
ENG3390,83.20151,CRITICAL
ENG3391,98.99932,CRITICAL
ENG3392,29.400122,LOW
ENG3393,64.89,HIGH
ENG3394,35.835293,LOW
ENG3395,59.100967,MEDIUM
ENG3396,84.698296,CRITICAL
ENG3397,93.93001,CRITICAL
ENG3398,40.94596,MEDIUM
ENG3399,96.00054,CRITICAL
ENG3400,62.07084,HIGH
ENG3401,82.43775,CRITICAL
ENG3402,39.199272,LOW
ENG3403,94.19993,CRITICAL
ENG3404,41.699677,MEDIUM
ENG3405,39.2606,LOW
ENG3406,97.1004,CRITICAL
ENG3407,94.3986,CRITICAL
ENG3408,62.70131,HIGH
ENG3409,64.99802,HIGH
ENG3410,83.00049,CRITICAL
ENG3411,40.84372,MEDIUM
ENG3412,99.06647,CRITICAL
ENG3413,62.065746,HIGH
ENG3414,63.2008,HIGH
ENG3415,64.506744,HIGH
ENG3416,63.09842,HIGH
ENG3417,94.00015,CRITICAL
ENG3418,80.298355,CRITICAL
ENG3419,64.69863,HIGH
ENG3420,63.99813,HIGH
ENG3421,61.20444,HIGH
ENG3422,85.096085,CRITICAL
ENG3423,62.800667,HIGH
ENG3424,84.89973,CRITICAL
ENG3425,99.134476,CRITICAL
ENG3426,63.699306,HIGH
ENG3427,79.6994,HIGH
ENG3428,39.69744,LOW
ENG3429,81.765854,CRITICAL
ENG3430,83.690735,CRITICAL
ENG3431,83.10057,CRITICAL
ENG3432,63.887318,HIGH
ENG3433,44.095192,MEDIUM
ENG3434,27.864466,LOW
ENG3435,80.81729,CRITICAL
ENG3436,30.998354,LOW
ENG3437,82.201294,CRITICAL
ENG3438,62.597927,HIGH
ENG3439,95.39992,CRITICAL
ENG3440,38.39938,LOW
ENG3441,85.79863,CRITICAL
ENG3442,40.561375,MEDIUM
ENG3443,38.409348,LOW
ENG3444,61.619728,HIGH
ENG3445,64.59982,HIGH
ENG3446,30.003,LOW
ENG3447,99.59926,CRITICAL
ENG3448,64.999886,HIGH
ENG3449,82.80768,CRITICAL
ENG3450,38.902626,LOW
ENG3451,35.69982,LOW
ENG3452,42.10086,MEDIUM
ENG3453,94.300934,CRITICAL
ENG3454,81.600174,CRITICAL
ENG3455,61.502037,HIGH
ENG3456,32.30764,LOW
ENG3457,41.101955,MEDIUM
ENG3458,60.29052,HIGH
ENG3459,63.388718,HIGH
ENG3460,46.502327,MEDIUM
ENG3461,81.049934,CRITICAL
ENG3462,64.90062,HIGH
ENG3463,41.10196,MEDIUM
ENG3464,62.962273,HIGH
ENG3465,24.163494,LOW
ENG3466,61.173412,HIGH
ENG3467,61.6999,HIGH
ENG3468,84.91465,CRITICAL
ENG3469,61.70203,HIGH
ENG3470,39.906403,LOW
ENG3471,23.531982,LOW
ENG3472,82.499886,CRITICAL
ENG3473,59.39702,MEDIUM
ENG3474,27.098717,LOW
ENG3475,98.20069,CRITICAL
ENG3476,98.60138,CRITICAL
ENG3477,98.99926,CRITICAL
ENG3478,80.598595,CRITICAL
ENG3479,63.699738,HIGH
ENG3480,63.79978,HIGH
ENG3481,26.599318,LOW
ENG3482,40.45392,MEDIUM
ENG3483,37.945614,LOW
ENG3484,65.01148,HIGH
ENG3485,30.79901,LOW
ENG3486,42.905388,MEDIUM
ENG3487,66.199326,HIGH
ENG3488,64.214905,HIGH
ENG3489,44.49933,MEDIUM
ENG3490,60.60014,HIGH
ENG3491,60.10106,HIGH
ENG3492,81.89831,CRITICAL
ENG3493,95.69946,CRITICAL
ENG3494,41.10255,MEDIUM
ENG3495,64.20031,HIGH
ENG3496,80.9,CRITICAL
ENG3497,27.201082,LOW
ENG3498,41.42058,MEDIUM
ENG3499,62.49987,HIGH
ENG3500,35.499756,LOW
ENG3501,94.80268,CRITICAL
ENG3502,61.970116,HIGH
ENG3503,60.199825,HIGH
ENG3504,39.302,LOW
ENG3505,65.599815,HIGH
ENG3506,35.1978,LOW
ENG3507,62.09762,HIGH
ENG3508,41.200256,MEDIUM
ENG3509,30.25928,LOW
ENG3510,42.785236,MEDIUM
ENG3511,59.901558,MEDIUM
ENG3512,24.90044,LOW
ENG3513,65.302124,HIGH
ENG3514,39.695942,LOW
ENG3515,63.099644,HIGH
ENG3516,66.19741,HIGH
ENG3517,81.39627,CRITICAL
ENG3518,61.600483,HIGH
ENG3519,39.378227,LOW
ENG3520,60.638332,HIGH
ENG3521,95.32157,CRITICAL
ENG3522,61.70117,HIGH
ENG3523,94.08122,CRITICAL
ENG3524,23.401016,LOW
ENG3525,82.85742,CRITICAL
ENG3526,45.30057,MEDIUM
ENG3527,28.261948,LOW
ENG3528,63.10003,HIGH
ENG3529,79.692795,HIGH
ENG3530,26.36453,LOW
ENG3531,37.801258,LOW
ENG3532,64.49918,HIGH
ENG3533,30.72213,LOW
ENG3534,98.33047,CRITICAL
ENG3535,45.5002,MEDIUM
ENG3536,40.313072,MEDIUM
ENG3537,26.899876,LOW
ENG3538,94.89925,CRITICAL
ENG3539,24.856478,LOW
ENG3540,38.900726,LOW
ENG3541,34.732357,LOW
ENG3542,27.911213,LOW
ENG3543,62.24717,HIGH
ENG3544,64.543205,HIGH
ENG3545,63.632877,HIGH
ENG3546,42.303802,MEDIUM
ENG3547,24.302275,LOW
ENG3548,83.39932,CRITICAL
ENG3549,38.897392,LOW
ENG3550,63.39893,HIGH
ENG3551,65.6661,HIGH
ENG3552,83.19767,CRITICAL
ENG3553,82.69966,CRITICAL
ENG3554,35.801624,LOW
ENG3555,82.99903,CRITICAL
ENG3556,82.55047,CRITICAL
ENG3557,63.401005,HIGH
ENG3558,81.40014,CRITICAL
ENG3559,60.100136,HIGH
ENG3560,62.60038,HIGH
ENG3561,35.594505,LOW
ENG3562,83.90017,CRITICAL
ENG3563,81.60069,CRITICAL
ENG3564,60.79968,HIGH
ENG3565,61.6006,HIGH
ENG3566,39.391136,LOW
ENG3567,60.06459,HIGH
ENG3568,41.100983,MEDIUM
ENG3569,82.90063,CRITICAL
ENG3570,84.99958,CRITICAL
ENG3571,84.191795,CRITICAL
ENG3572,29.198248,LOW
ENG3573,64.1996,HIGH
ENG3574,61.60075,HIGH
ENG3575,62.219402,HIGH
ENG3576,62.80191,HIGH
ENG3577,81.69928,CRITICAL
ENG3578,43.40093,MEDIUM
ENG3579,44.08314,MEDIUM
ENG3580,63.599678,HIGH
ENG3581,62.60043,HIGH
ENG3582,41.9998,MEDIUM
ENG3583,44.922783,MEDIUM
ENG3584,81.30449,CRITICAL
ENG3585,31.999987,LOW
ENG3586,40.39907,MEDIUM
ENG3587,43.199066,MEDIUM
ENG3588,83.29904,CRITICAL
ENG3589,44.308266,MEDIUM
ENG3590,62.698055,HIGH
ENG3591,61.998596,HIGH
ENG3592,83.00568,CRITICAL
ENG3593,42.701286,MEDIUM
ENG3594,38.600777,LOW
ENG3595,65.899635,HIGH
ENG3596,43.57397,MEDIUM
ENG3597,64.000565,HIGH
ENG3598,28.943201,LOW
ENG3599,82.10072,CRITICAL
ENG3600,64.80169,HIGH
ENG3601,34.89866,LOW
ENG3602,83.20062,CRITICAL
ENG3603,63.60095,HIGH
ENG3604,62.398365,HIGH
ENG3605,64.80139,HIGH
ENG3606,85.47822,CRITICAL
ENG3607,65.49931,HIGH
ENG3608,23.899645,LOW
ENG3609,63.266678,HIGH
ENG3610,34.00189,LOW
ENG3611,96.100464,CRITICAL
ENG3612,94.000854,CRITICAL
ENG3613,63.000397,HIGH
ENG3614,85.99989,CRITICAL
ENG3615,98.191246,CRITICAL
ENG3616,82.30415,CRITICAL
ENG3617,41.981205,MEDIUM
ENG3618,96.80068,CRITICAL
ENG3619,80.6997,CRITICAL
ENG3620,63.7996,HIGH
ENG3621,39.299072,LOW
ENG3622,79.6994,HIGH
ENG3623,66.70014,HIGH
ENG3624,80.89952,CRITICAL
ENG3625,81.200745,CRITICAL
ENG3626,64.66725,HIGH
ENG3627,24.700235,LOW
ENG3628,62.600933,HIGH
ENG3629,59.299652,MEDIUM
ENG3630,42.399555,MEDIUM
ENG3631,84.3994,CRITICAL
ENG3632,36.898865,LOW
ENG3633,31.800007,LOW
ENG3634,45.20264,MEDIUM
ENG3635,28.300621,LOW
ENG3636,28.400078,LOW
ENG3637,23.99978,LOW
ENG3638,39.596436,LOW
ENG3639,85.00037,CRITICAL
ENG3640,63.7773,HIGH
ENG3641,34.60058,LOW
ENG3642,85.60078,CRITICAL
ENG3643,66.102936,HIGH
ENG3644,35.440968,LOW
ENG3645,63.500046,HIGH
ENG3646,61.701607,HIGH
ENG3647,63.424507,HIGH
ENG3648,64.44827,HIGH
ENG3649,43.204536,MEDIUM
ENG3650,64.87795,HIGH
ENG3651,37.999428,LOW
ENG3652,83.085945,CRITICAL
ENG3653,83.20038,CRITICAL
ENG3654,80.498,CRITICAL
ENG3655,63.500923,HIGH
ENG3656,38.799404,LOW
ENG3657,61.466995,HIGH
ENG3658,38.901585,LOW
ENG3659,62.100185,HIGH
ENG3660,63.700146,HIGH
ENG3661,62.10015,HIGH
ENG3662,45.40041,MEDIUM
ENG3663,84.971855,CRITICAL
ENG3664,46.199234,MEDIUM
ENG3665,44.19958,MEDIUM
ENG3666,36.196312,LOW
ENG3667,32.837032,LOW
ENG3668,65.699394,HIGH
ENG3669,85.5646,CRITICAL
ENG3670,22.700106,LOW
ENG3671,63.09868,HIGH
ENG3672,41.099384,MEDIUM
ENG3673,93.90103,CRITICAL
ENG3674,24.798971,LOW
ENG3675,45.597588,MEDIUM
ENG3676,62.898705,HIGH
ENG3677,59.700096,MEDIUM
ENG3678,41.05367,MEDIUM
ENG3679,29.899382,LOW
ENG3680,80.79989,CRITICAL
ENG3681,64.08091,HIGH
ENG3682,64.80047,HIGH
ENG3683,98.8997,CRITICAL
ENG3684,94.102776,CRITICAL
ENG3685,42.10282,MEDIUM
ENG3686,61.635098,HIGH
ENG3687,24.756233,LOW
ENG3688,45.39994,MEDIUM
ENG3689,60.898594,HIGH
ENG3690,80.78933,CRITICAL
ENG3691,30.600075,LOW
ENG3692,82.800125,CRITICAL
ENG3693,97.70217,CRITICAL
ENG3694,38.59941,LOW
ENG3695,40.400032,MEDIUM
ENG3696,40.39692,MEDIUM
ENG3697,84.30559,CRITICAL
ENG3698,24.70239,LOW
ENG3699,25.85548,LOW
ENG3700,43.399937,MEDIUM
ENG3701,84.20013,CRITICAL
ENG3702,42.801067,MEDIUM
ENG3703,44.3988,MEDIUM
ENG3704,63.09146,HIGH
ENG3705,39.19382,LOW
ENG3706,84.30067,CRITICAL
ENG3707,34.16601,LOW
ENG3708,83.166176,CRITICAL
ENG3709,94.859344,CRITICAL
ENG3710,27.701075,LOW
ENG3711,61.900635,HIGH
ENG3712,65.69981,HIGH
ENG3713,81.500145,CRITICAL
ENG3714,80.09917,CRITICAL
ENG3715,37.598183,LOW
ENG3716,62.900784,HIGH
ENG3717,61.899334,HIGH
ENG3718,30.600529,LOW
ENG3719,61.192135,HIGH
ENG3720,65.29763,HIGH
ENG3721,63.255947,HIGH
ENG3722,28.994623,LOW
ENG3723,41.799408,MEDIUM
ENG3724,97.120995,CRITICAL
ENG3725,42.398853,MEDIUM
ENG3726,95.00099,CRITICAL
ENG3727,62.100754,HIGH
ENG3728,63.999012,HIGH
ENG3729,40.665092,MEDIUM
ENG3730,64.39696,HIGH
ENG3731,94.59976,CRITICAL
ENG3732,35.600975,LOW
ENG3733,27.000444,LOW
ENG3734,99.49818,CRITICAL
ENG3735,42.702595,MEDIUM
ENG3736,23.600271,LOW
ENG3737,85.10037,CRITICAL
ENG3738,44.3988,MEDIUM
ENG3739,39.101803,LOW
ENG3740,29.792088,LOW
ENG3741,96.10074,CRITICAL
ENG3742,39.89997,LOW
ENG3743,84.41086,CRITICAL
ENG3744,60.101154,HIGH
ENG3745,42.700497,MEDIUM
ENG3746,36.039757,LOW
ENG3747,94.59929,CRITICAL
ENG3748,81.59817,CRITICAL
ENG3749,44.0988,MEDIUM
ENG3750,97.498375,CRITICAL
ENG3751,62.497223,HIGH
ENG3752,65.300674,HIGH
ENG3753,98.699875,CRITICAL
ENG3754,61.780746,HIGH
ENG3755,97.39513,CRITICAL
ENG3756,40.71807,MEDIUM
ENG3757,62.401093,HIGH
ENG3758,81.30011,CRITICAL
ENG3759,85.999794,CRITICAL
ENG3760,60.890263,HIGH
ENG3761,62.902092,HIGH
ENG3762,61.649723,HIGH
ENG3763,36.398342,LOW
ENG3764,94.298706,CRITICAL
ENG3765,38.202904,LOW
ENG3766,60.803192,HIGH
ENG3767,80.498985,CRITICAL
ENG3768,46.57968,MEDIUM
ENG3769,67.29982,HIGH
ENG3770,40.60007,MEDIUM
ENG3771,61.89998,HIGH
ENG3772,98.8342,CRITICAL
ENG3773,97.57351,CRITICAL
ENG3774,81.89869,CRITICAL
ENG3775,41.667423,MEDIUM
ENG3776,42.000156,MEDIUM
ENG3777,84.26047,CRITICAL
ENG3778,81.50052,CRITICAL
ENG3779,30.297249,LOW
ENG3780,97.60153,CRITICAL
ENG3781,98.64756,CRITICAL
ENG3782,62.496838,HIGH
ENG3783,61.356335,HIGH
ENG3784,62.89866,HIGH
ENG3785,61.199364,HIGH
ENG3786,28.365253,LOW
ENG3787,42.301678,MEDIUM
ENG3788,45.158375,MEDIUM
ENG3789,99.39793,CRITICAL
ENG3790,60.10234,HIGH
ENG3791,63.905544,HIGH
ENG3792,40.001133,MEDIUM
ENG3793,94.2987,CRITICAL
ENG3794,41.300465,MEDIUM
ENG3795,61.613426,HIGH
ENG3796,95.77041,CRITICAL
ENG3797,80.7004,CRITICAL
ENG3798,66.00073,HIGH
ENG3799,63.0551,HIGH
ENG3800,39.195282,LOW
ENG3801,99.09928,CRITICAL
ENG3802,97.50051,CRITICAL
ENG3803,30.299755,LOW
ENG3804,62.39987,HIGH
ENG3805,82.301315,CRITICAL
ENG3806,85.000015,CRITICAL
ENG3807,28.598589,LOW
ENG3808,62.60057,HIGH
ENG3809,32.90067,LOW
ENG3810,61.500145,HIGH
ENG3811,95.49579,CRITICAL
ENG3812,44.20046,MEDIUM
ENG3813,97.99911,CRITICAL
ENG3814,98.76808,CRITICAL
ENG3815,97.599464,CRITICAL
ENG3816,86.00112,CRITICAL
ENG3817,62.099915,HIGH
ENG3818,84.877,CRITICAL
ENG3819,81.39711,CRITICAL
ENG3820,85.40032,CRITICAL
ENG3821,81.99907,CRITICAL
ENG3822,84.80012,CRITICAL
ENG3823,82.40326,CRITICAL
ENG3824,32.70178,LOW
ENG3825,64.699554,HIGH
ENG3826,24.288458,LOW
ENG3827,84.53615,CRITICAL
ENG3828,82.19999,CRITICAL
ENG3829,36.39808,LOW
ENG3830,98.29976,CRITICAL
ENG3831,36.39951,LOW
ENG3832,59.601467,MEDIUM
ENG3833,98.09975,CRITICAL
ENG3834,62.947742,HIGH
ENG3835,81.95437,CRITICAL
ENG3836,23.60036,LOW
ENG3837,42.500996,MEDIUM
ENG3838,37.549744,LOW
ENG3839,37.700203,LOW
ENG3840,84.99925,CRITICAL
ENG3841,39.098907,LOW
ENG3842,59.00136,MEDIUM
ENG3843,63.694736,HIGH
ENG3844,96.99954,CRITICAL
ENG3845,38.566628,LOW
ENG3846,24.500265,LOW
ENG3847,38.7063,LOW
ENG3848,63.49591,HIGH
ENG3849,39.00097,LOW
ENG3850,84.60213,CRITICAL
ENG3851,80.00786,CRITICAL
ENG3852,39.79934,LOW
ENG3853,65.60203,HIGH
ENG3854,95.8856,CRITICAL
ENG3855,25.499083,LOW
ENG3856,22.200317,LOW
ENG3857,40.103146,MEDIUM
ENG3858,98.03429,CRITICAL
ENG3859,62.59921,HIGH
ENG3860,84.30264,CRITICAL
ENG3861,79.76104,HIGH
ENG3862,61.2016,HIGH
ENG3863,81.50082,CRITICAL
ENG3864,45.309925,MEDIUM
ENG3865,44.000618,MEDIUM
ENG3866,97.89993,CRITICAL
ENG3867,39.501118,LOW
ENG3868,63.885162,HIGH
ENG3869,80.0934,CRITICAL
ENG3870,42.305874,MEDIUM
ENG3871,33.29856,LOW
ENG3872,60.200485,HIGH
ENG3873,63.104267,HIGH
ENG3874,61.697525,HIGH
ENG3875,66.39153,HIGH
ENG3876,42.100864,MEDIUM
ENG3877,80.99983,CRITICAL
ENG3878,64.09926,HIGH
ENG3879,98.60076,CRITICAL
ENG3880,62.62316,HIGH
ENG3881,84.100784,CRITICAL
ENG3882,63.305855,HIGH
ENG3883,63.698605,HIGH
ENG3884,84.39415,CRITICAL
ENG3885,63.79957,HIGH
ENG3886,39.74851,LOW
ENG3887,32.500668,LOW
ENG3888,97.92194,CRITICAL
ENG3889,64.99025,HIGH
ENG3890,37.541813,LOW
ENG3891,41.29876,MEDIUM
ENG3892,81.300514,CRITICAL
ENG3893,61.999645,HIGH
ENG3894,64.19934,HIGH
ENG3895,59.471077,MEDIUM
ENG3896,28.39975,LOW
ENG3897,83.899345,CRITICAL
ENG3898,84.799805,CRITICAL
ENG3899,62.26962,HIGH
ENG3900,38.399334,LOW
ENG3901,43.00135,MEDIUM
ENG3902,60.202217,HIGH
ENG3903,61.20009,HIGH
ENG3904,63.19989,HIGH
ENG3905,33.20651,LOW
ENG3906,82.366936,CRITICAL
ENG3907,98.798386,CRITICAL
ENG3908,81.00032,CRITICAL
ENG3909,43.199547,MEDIUM
ENG3910,85.19918,CRITICAL
ENG3911,62.0129,HIGH
ENG3912,81.599625,CRITICAL
ENG3913,42.431946,MEDIUM
ENG3914,61.702976,HIGH
ENG3915,41.58705,MEDIUM
ENG3916,40.80202,MEDIUM
ENG3917,64.59869,HIGH
ENG3918,59.299217,MEDIUM
ENG3919,64.09945,HIGH
ENG3920,84.694534,CRITICAL
ENG3921,81.90003,CRITICAL
ENG3922,45.438713,MEDIUM
ENG3923,61.901432,HIGH
ENG3924,63.49927,HIGH
ENG3925,63.900085,HIGH
ENG3926,83.400345,CRITICAL
ENG3927,31.60025,LOW
ENG3928,60.298916,HIGH
ENG3929,41.001446,MEDIUM
ENG3930,63.399384,HIGH
ENG3931,61.702892,HIGH
ENG3932,64.79974,HIGH
ENG3933,64.30037,HIGH
ENG3934,61.964478,HIGH
ENG3935,38.349106,LOW
ENG3936,35.29703,LOW
ENG3937,62.59846,HIGH
ENG3938,64.766754,HIGH
ENG3939,39.401604,LOW
ENG3940,97.000946,CRITICAL
ENG3941,28.999897,LOW
ENG3942,61.1991,HIGH
ENG3943,81.19952,CRITICAL
ENG3944,63.30113,HIGH
ENG3945,61.100147,HIGH
ENG3946,85.29837,CRITICAL
ENG3947,99.397995,CRITICAL
ENG3948,63.499264,HIGH
ENG3949,81.27368,CRITICAL
ENG3950,32.51782,LOW
ENG3951,44.699333,MEDIUM
ENG3952,65.1008,HIGH
ENG3953,80.70198,CRITICAL
ENG3954,42.00149,MEDIUM
ENG3955,81.19861,CRITICAL
ENG3956,43.401764,MEDIUM
ENG3957,80.000145,CRITICAL
ENG3958,29.799866,LOW
ENG3959,82.499855,CRITICAL
ENG3960,85.494,CRITICAL
ENG3961,38.505646,LOW
ENG3962,83.498474,CRITICAL
ENG3963,27.100264,LOW
ENG3964,40.030483,MEDIUM
ENG3965,65.824455,HIGH
ENG3966,30.002657,LOW
ENG3967,80.30874,CRITICAL
ENG3968,65.699486,HIGH
ENG3969,40.60049,MEDIUM
ENG3970,40.29663,MEDIUM
ENG3971,86.30036,CRITICAL
ENG3972,43.02768,MEDIUM
ENG3973,46.101696,MEDIUM
ENG3974,62.26835,HIGH
ENG3975,63.515366,HIGH
ENG3976,94.600914,CRITICAL
ENG3977,37.80155,LOW
ENG3978,60.700615,HIGH
ENG3979,64.198204,HIGH
ENG3980,36.521908,LOW
ENG3981,62.299088,HIGH
ENG3982,30.699024,LOW
ENG3983,25.603107,LOW
ENG3984,83.50055,CRITICAL
ENG3985,59.482838,MEDIUM
ENG3986,85.400116,CRITICAL
ENG3987,38.397583,LOW
ENG3988,60.501163,HIGH
ENG3989,63.99971,HIGH
ENG3990,96.41734,CRITICAL
ENG3991,63.202446,HIGH
ENG3992,36.047062,LOW
ENG3993,62.592663,HIGH
ENG3994,62.299503,HIGH
ENG3995,22.20084,LOW
ENG3996,44.44516,MEDIUM
ENG3997,39.199074,LOW
ENG3998,81.217804,CRITICAL
ENG3999,82.199646,CRITICAL
ENG4000,61.57771,HIGH
TRC0001,85.50039,CRITICAL
TRC0002,61.171852,HIGH
TRC0003,60.71269,HIGH
TRC0004,63.446304,HIGH
TRC0005,95.249565,CRITICAL
TRC0006,81.39669,CRITICAL
TRC0007,59.500015,MEDIUM
TRC0008,40.582123,MEDIUM
TRC0009,60.90131,HIGH
TRC0010,60.503067,HIGH
TRC0011,37.62207,LOW
TRC0012,62.272545,HIGH
TRC0013,59.900806,MEDIUM
TRC0014,63.800888,HIGH
TRC0015,61.49895,HIGH
TRC0016,36.00077,LOW
TRC0017,96.3828,CRITICAL
TRC0018,62.500828,HIGH
TRC0019,98.39978,CRITICAL
TRC0020,34.800087,LOW
TRC0021,63.303036,HIGH
TRC0022,59.499443,MEDIUM
TRC0023,33.60263,LOW
TRC0024,62.506844,HIGH
TRC0025,82.27644,CRITICAL
TRC0026,31.700184,LOW
TRC0027,38.700455,LOW
TRC0028,59.299538,MEDIUM
TRC0029,80.89972,CRITICAL
TRC0030,80.56193,CRITICAL
TRC0031,42.59229,MEDIUM
TRC0032,35.798054,LOW
TRC0033,85.50008,CRITICAL
TRC0034,84.09925,CRITICAL
TRC0035,62.09741,HIGH
TRC0036,61.402046,HIGH
TRC0037,64.29811,HIGH
TRC0038,65.10042,HIGH
TRC0039,26.404896,LOW
TRC0040,37.200207,LOW
TRC0041,64.899345,HIGH
TRC0042,32.600613,LOW
TRC0043,64.89682,HIGH
TRC0044,85.50084,CRITICAL
TRC0045,64.90086,HIGH
TRC0046,79.89884,HIGH
TRC0047,44.73685,MEDIUM
TRC0048,84.90538,CRITICAL
TRC0049,94.38715,CRITICAL
TRC0050,45.76557,MEDIUM
TRC0051,39.497135,LOW
TRC0052,25.298704,LOW
TRC0053,59.97309,MEDIUM
TRC0054,28.654512,LOW
TRC0055,37.80051,LOW
TRC0056,81.19407,CRITICAL
TRC0057,99.20051,CRITICAL
TRC0058,34.299812,LOW
TRC0059,83.0163,CRITICAL
TRC0060,97.800316,CRITICAL
TRC0061,85.09953,CRITICAL
TRC0062,64.59989,HIGH
TRC0063,24.698874,LOW
TRC0064,44.402023,MEDIUM
TRC0065,65.024506,HIGH
TRC0066,98.790794,CRITICAL
TRC0067,41.798542,MEDIUM
TRC0068,79.78582,HIGH
TRC0069,85.8987,CRITICAL
TRC0070,64.801636,HIGH
TRC0071,33.500484,LOW
TRC0072,63.758278,HIGH
TRC0073,40.49909,MEDIUM
TRC0074,45.297768,MEDIUM
TRC0075,60.303474,HIGH
TRC0076,30.400106,LOW
TRC0077,61.373493,HIGH
TRC0078,63.242786,HIGH
TRC0079,63.80012,HIGH
TRC0080,44.200497,MEDIUM
TRC0081,42.552696,MEDIUM
TRC0082,80.665855,CRITICAL
TRC0083,63.50083,HIGH
TRC0084,66.999825,HIGH
TRC0085,61.750977,HIGH
TRC0086,60.40058,HIGH
TRC0087,61.797585,HIGH
TRC0088,66.601074,HIGH
TRC0089,99.19935,CRITICAL
TRC0090,45.401093,MEDIUM
TRC0091,64.89895,HIGH
TRC0092,59.79981,MEDIUM
TRC0093,41.153297,MEDIUM
TRC0094,61.50077,HIGH
TRC0095,97.9078,CRITICAL
TRC0096,80.80153,CRITICAL
TRC0097,64.4995,HIGH
TRC0098,42.201088,MEDIUM
TRC0099,64.80988,HIGH
TRC0100,64.68196,HIGH
TRC0101,80.20542,CRITICAL
TRC0102,63.199707,HIGH
TRC0103,97.844666,CRITICAL
TRC0104,29.000221,LOW
TRC0105,99.19937,CRITICAL
TRC0106,62.803833,HIGH
TRC0107,42.798054,MEDIUM
TRC0108,81.20024,CRITICAL
TRC0109,62.797905,HIGH
TRC0110,96.899536,CRITICAL
TRC0111,61.884438,HIGH
TRC0112,62.8009,HIGH
TRC0113,62.928497,HIGH
TRC0114,37.659744,LOW
TRC0115,28.999474,LOW
TRC0116,39.43942,LOW
TRC0117,41.704617,MEDIUM
TRC0118,23.2002,LOW
TRC0119,83.90206,CRITICAL
TRC0120,65.450226,HIGH
TRC0121,38.301655,LOW
TRC0122,60.799236,HIGH
TRC0123,80.39641,CRITICAL
TRC0124,40.502857,MEDIUM
TRC0125,61.09783,HIGH
TRC0126,45.700336,MEDIUM
TRC0127,82.9001,CRITICAL
TRC0128,42.690758,MEDIUM
TRC0129,61.09906,HIGH
TRC0130,60.30057,HIGH
TRC0131,83.39489,CRITICAL
TRC0132,58.799904,MEDIUM
TRC0133,96.653984,CRITICAL
TRC0134,79.999626,HIGH
TRC0135,41.000153,MEDIUM
TRC0136,38.69728,LOW
TRC0137,64.89864,HIGH
TRC0138,99.19944,CRITICAL
TRC0139,39.798355,LOW
TRC0140,61.96854,HIGH
TRC0141,65.19506,HIGH
TRC0142,30.50029,LOW
TRC0143,32.200806,LOW
TRC0144,62.398743,HIGH
TRC0145,98.09964,CRITICAL
TRC0146,83.70418,CRITICAL
TRC0147,63.202232,HIGH
TRC0148,84.799,CRITICAL
TRC0149,62.85422,HIGH
TRC0150,44.148903,MEDIUM
TRC0151,25.500065,LOW
TRC0152,39.6545,LOW
TRC0153,36.399914,LOW
TRC0154,80.99844,CRITICAL
TRC0155,96.699905,CRITICAL
TRC0156,62.09957,HIGH
TRC0157,35.863647,LOW
TRC0158,42.999706,MEDIUM
TRC0159,61.900948,HIGH
TRC0160,62.899277,HIGH
TRC0161,38.399773,LOW
TRC0162,63.499115,HIGH
TRC0163,63.299362,HIGH
TRC0164,35.896122,LOW
TRC0165,36.500412,LOW
TRC0166,42.405163,MEDIUM
TRC0167,43.29409,MEDIUM
TRC0168,40.100372,MEDIUM
TRC0169,63.399998,HIGH
TRC0170,80.27077,CRITICAL
TRC0171,39.99915,LOW
TRC0172,63.70026,HIGH
TRC0173,63.30013,HIGH
TRC0174,63.387486,HIGH
TRC0175,63.466877,HIGH
TRC0176,37.693314,LOW
TRC0177,65.02362,HIGH
TRC0178,94.60041,CRITICAL
TRC0179,80.500496,CRITICAL
TRC0180,62.69947,HIGH
TRC0181,36.22613,LOW
TRC0182,61.216602,HIGH
TRC0183,39.298943,LOW
TRC0184,84.79936,CRITICAL
TRC0185,41.200104,MEDIUM
TRC0186,61.160187,HIGH
TRC0187,26.898842,LOW
TRC0188,37.000072,LOW
TRC0189,46.801327,MEDIUM
TRC0190,43.700073,MEDIUM
TRC0191,41.02746,MEDIUM
TRC0192,60.798508,HIGH
TRC0193,63.329445,HIGH
TRC0194,65.963234,HIGH
TRC0195,83.86592,CRITICAL
TRC0196,85.800026,CRITICAL
TRC0197,62.441635,HIGH
TRC0198,61.50215,HIGH
TRC0199,83.60094,CRITICAL
TRC0200,98.601524,CRITICAL
TRC0201,80.09949,CRITICAL
TRC0202,44.894897,MEDIUM
TRC0203,25.527695,LOW
TRC0204,21.999998,LOW
TRC0205,84.50114,CRITICAL
TRC0206,63.345016,HIGH
TRC0207,44.798386,MEDIUM
TRC0208,84.69557,CRITICAL
TRC0209,65.59796,HIGH
TRC0210,62.500828,HIGH
TRC0211,95.7344,CRITICAL
TRC0212,61.70047,HIGH
TRC0213,79.797806,HIGH
TRC0214,84.60036,CRITICAL
TRC0215,94.20124,CRITICAL
TRC0216,62.500294,HIGH
TRC0217,61.682068,HIGH
TRC0218,27.27137,LOW
TRC0219,64.89958,HIGH
TRC0220,98.0996,CRITICAL
TRC0221,63.842163,HIGH
TRC0222,84.39972,CRITICAL
TRC0223,83.601944,CRITICAL
TRC0224,84.40018,CRITICAL
TRC0225,41.45129,MEDIUM
TRC0226,61.89959,HIGH
TRC0227,62.400024,HIGH
TRC0228,85.794685,CRITICAL
TRC0229,95.11044,CRITICAL
TRC0230,85.24099,CRITICAL
TRC0231,60.458298,HIGH
TRC0232,39.499935,LOW
TRC0233,94.50066,CRITICAL
TRC0234,39.200195,LOW
TRC0235,98.70058,CRITICAL
TRC0236,62.498024,HIGH
TRC0237,59.70088,MEDIUM
TRC0238,83.179924,CRITICAL
TRC0239,42.75231,MEDIUM
TRC0240,42.050606,MEDIUM
TRC0241,43.800137,MEDIUM
TRC0242,35.80836,LOW
TRC0243,64.3002,HIGH
TRC0244,62.10184,HIGH
TRC0245,39.20006,LOW
TRC0246,59.20015,MEDIUM
TRC0247,35.69972,LOW
TRC0248,36.001278,LOW
TRC0249,61.551655,HIGH
TRC0250,29.498018,LOW
TRC0251,64.22054,HIGH
TRC0252,39.89955,LOW
TRC0253,80.086685,CRITICAL
TRC0254,96.500435,CRITICAL
TRC0255,28.900688,LOW
TRC0256,94.30101,CRITICAL
TRC0257,63.89887,HIGH
TRC0258,62.094383,HIGH
TRC0259,42.901493,MEDIUM
TRC0260,80.30032,CRITICAL
TRC0261,63.801735,HIGH
TRC0262,60.900093,HIGH
TRC0263,63.89955,HIGH
TRC0264,64.39948,HIGH
TRC0265,82.3,CRITICAL
TRC0266,80.891624,CRITICAL
TRC0267,84.79966,CRITICAL
TRC0268,82.70127,CRITICAL
TRC0269,61.800865,HIGH
TRC0270,83.20457,CRITICAL
TRC0271,60.59842,HIGH
TRC0272,30.481441,LOW
TRC0273,83.9046,CRITICAL
TRC0274,94.46383,CRITICAL
TRC0275,43.19967,MEDIUM
TRC0276,63.942505,HIGH
TRC0277,64.798546,HIGH
TRC0278,64.67928,HIGH
TRC0279,59.601208,MEDIUM
TRC0280,59.30061,MEDIUM
TRC0281,61.606396,HIGH
TRC0282,61.604515,HIGH
TRC0283,42.80133,MEDIUM
TRC0284,94.499084,CRITICAL
TRC0285,31.49914,LOW
TRC0286,61.399452,HIGH
TRC0287,60.199265,HIGH
TRC0288,44.39804,MEDIUM
TRC0289,39.283577,LOW
TRC0290,60.30111,HIGH
TRC0291,39.49947,LOW
TRC0292,61.977806,HIGH
TRC0293,40.29831,MEDIUM
TRC0294,59.49893,MEDIUM
TRC0295,44.891666,MEDIUM
TRC0296,38.703056,LOW
TRC0297,80.90123,CRITICAL
TRC0298,61.80118,HIGH
TRC0299,84.20005,CRITICAL
TRC0300,26.300432,LOW
TRC0301,39.799717,LOW
TRC0302,62.387486,HIGH
TRC0303,39.896305,LOW
TRC0304,41.99783,MEDIUM
TRC0305,39.600266,LOW
TRC0306,46.702362,MEDIUM
TRC0307,44.79877,MEDIUM
TRC0308,63.800507,HIGH
TRC0309,31.999426,LOW
TRC0310,81.60004,CRITICAL
TRC0311,42.998207,MEDIUM
TRC0312,83.79986,CRITICAL
TRC0313,94.201065,CRITICAL
TRC0314,81.02372,CRITICAL
TRC0315,85.6995,CRITICAL
TRC0316,65.199036,HIGH
TRC0317,43.802044,MEDIUM
TRC0318,46.29672,MEDIUM
TRC0319,25.699406,LOW
TRC0320,63.50163,HIGH
TRC0321,80.19979,CRITICAL
TRC0322,31.497162,LOW
TRC0323,82.59919,CRITICAL
TRC0324,65.3012,HIGH
TRC0325,98.400055,CRITICAL
TRC0326,38.400795,LOW
TRC0327,40.28576,MEDIUM
TRC0328,80.79982,CRITICAL
TRC0329,65.80283,HIGH
TRC0330,83.52007,CRITICAL
TRC0331,60.200146,HIGH
TRC0332,83.89984,CRITICAL
TRC0333,60.698452,HIGH
TRC0334,63.000298,HIGH
TRC0335,83.20099,CRITICAL
TRC0336,61.99744,HIGH
TRC0337,61.00607,HIGH
TRC0338,27.268911,LOW
TRC0339,41.248615,MEDIUM
TRC0340,30.805893,LOW
TRC0341,64.09937,HIGH
TRC0342,83.65343,CRITICAL
TRC0343,81.91159,CRITICAL
TRC0344,80.73609,CRITICAL
TRC0345,61.623543,HIGH
TRC0346,62.328873,HIGH
TRC0347,84.399605,CRITICAL
TRC0348,38.101078,LOW
TRC0349,31.000221,LOW
TRC0350,27.799911,LOW
TRC0351,26.866245,LOW
TRC0352,83.09933,CRITICAL
TRC0353,64.83418,HIGH
TRC0354,95.00237,CRITICAL
TRC0355,42.08682,MEDIUM
TRC0356,62.73621,HIGH
TRC0357,83.899704,CRITICAL
TRC0358,65.799446,HIGH
TRC0359,84.60043,CRITICAL
TRC0360,62.200256,HIGH
TRC0361,94.40015,CRITICAL
TRC0362,94.19997,CRITICAL
TRC0363,64.07144,HIGH
TRC0364,60.110836,HIGH
TRC0365,63.803642,HIGH
TRC0366,60.098274,HIGH
TRC0367,62.40009,HIGH
TRC0368,42.350662,MEDIUM
TRC0369,38.075706,LOW
TRC0370,62.499027,HIGH
TRC0371,61.398876,HIGH
TRC0372,41.203274,MEDIUM
TRC0373,44.411884,MEDIUM
TRC0374,82.35156,CRITICAL
TRC0375,39.093353,LOW
TRC0376,30.611029,LOW
TRC0377,84.42447,CRITICAL
TRC0378,60.52214,HIGH
TRC0379,62.499428,HIGH
TRC0380,63.692886,HIGH
TRC0381,64.201866,HIGH
TRC0382,59.977417,MEDIUM
TRC0383,81.13802,CRITICAL
TRC0384,41.10163,MEDIUM
TRC0385,61.80049,HIGH
TRC0386,45.000057,MEDIUM
TRC0387,79.94582,HIGH
TRC0388,62.35343,HIGH
TRC0389,37.500107,LOW
TRC0390,41.699425,MEDIUM
TRC0391,82.40558,CRITICAL
TRC0392,62.798874,HIGH
TRC0393,62.964237,HIGH
TRC0394,38.61604,LOW
TRC0395,27.593138,LOW
TRC0396,61.151497,HIGH
TRC0397,98.69941,CRITICAL
TRC0398,38.707115,LOW
TRC0399,63.70907,HIGH
TRC0400,31.299261,LOW
TRC0401,62.29933,HIGH
TRC0402,66.50019,HIGH
TRC0403,84.99899,CRITICAL
TRC0404,64.40106,HIGH
TRC0405,44.298298,MEDIUM
TRC0406,42.597126,MEDIUM
TRC0407,37.600986,LOW
TRC0408,36.99686,LOW
TRC0409,62.30026,HIGH
TRC0410,44.302643,MEDIUM
TRC0411,63.09975,HIGH
TRC0412,81.410866,CRITICAL
TRC0413,83.202995,CRITICAL
TRC0414,39.798996,LOW
TRC0415,27.69745,LOW
TRC0416,41.301655,MEDIUM
TRC0417,80.00082,CRITICAL
TRC0418,39.002197,LOW
TRC0419,42.44571,MEDIUM
TRC0420,96.896484,CRITICAL
TRC0421,39.598564,LOW
TRC0422,59.4996,MEDIUM
TRC0423,99.49918,CRITICAL
TRC0424,99.003395,CRITICAL
TRC0425,83.099434,CRITICAL
TRC0426,45.492954,MEDIUM
TRC0427,42.299637,MEDIUM
TRC0428,43.10118,MEDIUM
TRC0429,84.100784,CRITICAL
TRC0430,80.0262,CRITICAL
TRC0431,64.30567,HIGH
TRC0432,24.299854,LOW
TRC0433,34.201027,LOW
TRC0434,64.5007,HIGH
TRC0435,36.69775,LOW
TRC0436,43.49996,MEDIUM
TRC0437,85.43774,CRITICAL
TRC0438,94.40017,CRITICAL
TRC0439,61.324963,HIGH
TRC0440,41.999714,MEDIUM
TRC0441,63.20067,HIGH
TRC0442,84.29953,CRITICAL
TRC0443,83.35039,CRITICAL
TRC0444,84.60029,CRITICAL
TRC0445,64.4976,HIGH
TRC0446,64.40049,HIGH
TRC0447,22.500206,LOW
TRC0448,97.675644,CRITICAL
TRC0449,23.0001,LOW
TRC0450,80.59909,CRITICAL
TRC0451,63.525143,HIGH
TRC0452,27.700354,LOW
TRC0453,66.60031,HIGH
TRC0454,61.6965,HIGH
TRC0455,97.900246,CRITICAL
TRC0456,39.000717,LOW
TRC0457,82.69894,CRITICAL
TRC0458,65.80152,HIGH
TRC0459,64.397514,HIGH
TRC0460,58.80626,MEDIUM
TRC0461,80.99837,CRITICAL
TRC0462,84.50075,CRITICAL
TRC0463,82.601585,CRITICAL
TRC0464,84.48912,CRITICAL
TRC0465,42.811626,MEDIUM
TRC0466,30.09855,LOW
TRC0467,36.419716,LOW
TRC0468,80.477745,CRITICAL
TRC0469,81.20025,CRITICAL
TRC0470,63.199142,HIGH
TRC0471,32.800552,LOW
TRC0472,60.09997,HIGH
TRC0473,64.82136,HIGH
TRC0474,64.39875,HIGH
TRC0475,65.19163,HIGH
TRC0476,79.69204,HIGH
TRC0477,61.79892,HIGH
TRC0478,38.966385,LOW
TRC0479,40.800888,MEDIUM
TRC0480,62.60001,HIGH
TRC0481,31.600948,LOW
TRC0482,40.204216,MEDIUM
TRC0483,94.797516,CRITICAL
TRC0484,83.8998,CRITICAL
TRC0485,59.45554,MEDIUM
TRC0486,63.599483,HIGH
TRC0487,95.20128,CRITICAL
TRC0488,60.59715,HIGH
TRC0489,61.700756,HIGH
TRC0490,61.044743,HIGH
TRC0491,97.30071,CRITICAL
TRC0492,62.81183,HIGH
TRC0493,81.80026,CRITICAL
TRC0494,31.101246,LOW
TRC0495,41.20005,MEDIUM
TRC0496,45.999615,MEDIUM
TRC0497,64.09916,HIGH
TRC0498,80.30264,CRITICAL
TRC0499,38.501892,LOW
TRC0500,45.19873,MEDIUM
TRC0501,40.49839,MEDIUM
TRC0502,63.599037,HIGH
TRC0503,93.98432,CRITICAL
TRC0504,79.70119,HIGH
TRC0505,44.31999,MEDIUM
TRC0506,62.299538,HIGH
TRC0507,80.84963,CRITICAL
TRC0508,61.095688,HIGH
TRC0509,27.800215,LOW
TRC0510,82.19739,CRITICAL
TRC0511,98.5173,CRITICAL
TRC0512,24.604557,LOW
TRC0513,39.299164,LOW
TRC0514,60.223045,HIGH
TRC0515,42.29482,MEDIUM
TRC0516,42.00097,MEDIUM
TRC0517,34.525234,LOW
TRC0518,94.79762,CRITICAL
TRC0519,39.579544,LOW
TRC0520,82.96469,CRITICAL
TRC0521,38.989456,LOW
TRC0522,63.83762,HIGH
TRC0523,40.637104,MEDIUM
TRC0524,41.400967,MEDIUM
TRC0525,61.099216,HIGH
TRC0526,30.199945,LOW
TRC0527,85.19938,CRITICAL
TRC0528,93.900154,CRITICAL
TRC0529,81.2001,CRITICAL
TRC0530,97.70045,CRITICAL
TRC0531,81.800865,CRITICAL
TRC0532,84.90172,CRITICAL
TRC0533,65.802155,HIGH
TRC0534,80.59943,CRITICAL
TRC0535,81.023636,CRITICAL
TRC0536,43.983307,MEDIUM
TRC0537,38.199905,LOW
TRC0538,63.001644,HIGH
TRC0539,42.799057,MEDIUM
TRC0540,61.675148,HIGH
TRC0541,61.347946,HIGH
TRC0542,62.637928,HIGH
TRC0543,28.800568,LOW
TRC0544,45.198753,MEDIUM
TRC0545,62.399597,HIGH
TRC0546,33.10001,LOW
TRC0547,99.39943,CRITICAL
TRC0548,39.099403,LOW
TRC0549,80.39929,CRITICAL
TRC0550,61.82211,HIGH
TRC0551,84.20082,CRITICAL
TRC0552,64.09822,HIGH
TRC0553,80.59976,CRITICAL
TRC0554,94.20293,CRITICAL
TRC0555,64.65061,HIGH
TRC0556,82.89775,CRITICAL
TRC0557,62.00001,HIGH
TRC0558,44.302486,MEDIUM
TRC0559,30.199667,LOW
TRC0560,42.202312,MEDIUM
TRC0561,61.200066,HIGH
TRC0562,83.20099,CRITICAL
TRC0563,42.992847,MEDIUM
TRC0564,94.59973,CRITICAL
TRC0565,97.000244,CRITICAL
TRC0566,42.61771,MEDIUM
TRC0567,63.69828,HIGH
TRC0568,82.5027,CRITICAL
TRC0569,37.38768,LOW
TRC0570,84.39808,CRITICAL
TRC0571,95.50049,CRITICAL
TRC0572,84.49973,CRITICAL
TRC0573,39.79946,LOW
TRC0574,29.331467,LOW
TRC0575,40.97343,MEDIUM
TRC0576,44.951603,MEDIUM
TRC0577,83.69799,CRITICAL
TRC0578,37.80071,LOW
TRC0579,64.50256,HIGH
TRC0580,63.99771,HIGH
TRC0581,28.423569,LOW
TRC0582,62.29845,HIGH
TRC0583,45.493214,MEDIUM
TRC0584,34.700035,LOW
TRC0585,31.19985,LOW
TRC0586,60.20174,HIGH
TRC0587,66.50127,HIGH
TRC0588,39.522884,LOW
TRC0589,96.6669,CRITICAL
TRC0590,60.09991,HIGH
TRC0591,42.197395,MEDIUM
TRC0592,40.897495,MEDIUM
TRC0593,65.499756,HIGH
TRC0594,96.0001,CRITICAL
TRC0595,85.09977,CRITICAL
TRC0596,39.300182,LOW
TRC0597,60.80054,HIGH
TRC0598,44.45309,MEDIUM
TRC0599,39.299103,LOW
TRC0600,66.599014,HIGH
TRC0601,65.70061,HIGH
TRC0602,98.457466,CRITICAL
TRC0603,85.49911,CRITICAL
TRC0604,47.198345,MEDIUM
TRC0605,64.98068,HIGH
TRC0606,38.19996,LOW
TRC0607,61.87019,HIGH
TRC0608,39.790157,LOW
TRC0609,80.80007,CRITICAL
TRC0610,80.600555,CRITICAL
TRC0611,84.89904,CRITICAL
TRC0612,79.70038,HIGH
TRC0613,64.20322,HIGH
TRC0614,96.87755,CRITICAL
TRC0615,64.30023,HIGH
TRC0616,40.603752,MEDIUM
TRC0617,82.696465,CRITICAL
TRC0618,83.09482,CRITICAL
TRC0619,84.10019,CRITICAL
TRC0620,34.212833,LOW
TRC0621,38.799603,LOW
TRC0622,80.9996,CRITICAL
TRC0623,64.79995,HIGH
TRC0624,83.81098,CRITICAL
TRC0625,64.39956,HIGH
TRC0626,94.58726,CRITICAL
TRC0627,27.356329,LOW
TRC0628,66.29966,HIGH
TRC0629,60.900448,HIGH
TRC0630,96.95264,CRITICAL
TRC0631,45.333157,MEDIUM
TRC0632,94.15556,CRITICAL
TRC0633,64.499435,HIGH
TRC0634,44.901264,MEDIUM
TRC0635,62.60587,HIGH
TRC0636,84.49888,CRITICAL
TRC0637,98.498695,CRITICAL
TRC0638,20.501936,LOW
TRC0639,38.117035,LOW
TRC0640,63.929585,HIGH
TRC0641,60.965614,HIGH
TRC0642,79.70187,HIGH
TRC0643,99.19993,CRITICAL
TRC0644,39.29776,LOW
TRC0645,64.00321,HIGH
TRC0646,61.883015,HIGH
TRC0647,26.300041,LOW
TRC0648,64.80211,HIGH
TRC0649,44.893986,MEDIUM
TRC0650,82.79778,CRITICAL
TRC0651,40.601173,MEDIUM
TRC0652,28.70039,LOW
TRC0653,39.099937,LOW
TRC0654,79.89896,HIGH
TRC0655,61.201664,HIGH
TRC0656,94.69846,CRITICAL
TRC0657,59.801792,MEDIUM
TRC0658,63.90003,HIGH
TRC0659,66.3985,HIGH
TRC0660,42.70133,MEDIUM
TRC0661,28.798267,LOW
TRC0662,44.498528,MEDIUM
TRC0663,84.19968,CRITICAL
TRC0664,62.59909,HIGH
TRC0665,81.29992,CRITICAL
TRC0666,81.799995,CRITICAL
TRC0667,26.099974,LOW
TRC0668,85.783966,CRITICAL
TRC0669,79.89926,HIGH
TRC0670,39.499966,LOW
TRC0671,84.79913,CRITICAL
TRC0672,79.70005,HIGH
TRC0673,37.767048,LOW
TRC0674,84.69788,CRITICAL
TRC0675,63.50029,HIGH
TRC0676,63.699276,HIGH
TRC0677,42.200962,MEDIUM
TRC0678,81.30086,CRITICAL
TRC0679,60.69978,HIGH
TRC0680,30.904049,LOW
TRC0681,66.0674,HIGH
TRC0682,84.4996,CRITICAL
TRC0683,96.49332,CRITICAL
TRC0684,61.897266,HIGH
TRC0685,93.97307,CRITICAL
TRC0686,94.92896,CRITICAL
TRC0687,65.99199,HIGH
TRC0688,83.6997,CRITICAL
TRC0689,95.30037,CRITICAL
TRC0690,85.43693,CRITICAL
TRC0691,24.700052,LOW
TRC0692,81.90051,CRITICAL
TRC0693,36.01184,LOW
TRC0694,81.00836,CRITICAL
TRC0695,85.05222,CRITICAL
TRC0696,62.47312,HIGH
TRC0697,41.297188,MEDIUM
TRC0698,62.39825,HIGH
TRC0699,25.102312,LOW
TRC0700,97.699,CRITICAL
TRC0701,64.70076,HIGH
TRC0702,65.70169,HIGH
TRC0703,66.199066,HIGH
TRC0704,81.1992,CRITICAL
TRC0705,84.120056,CRITICAL
TRC0706,60.23324,HIGH
TRC0707,85.200035,CRITICAL
TRC0708,62.59783,HIGH
TRC0709,36.242607,LOW
TRC0710,40.70154,MEDIUM
TRC0711,60.693935,HIGH
TRC0712,37.597324,LOW
TRC0713,81.406204,CRITICAL
TRC0714,97.903404,CRITICAL
TRC0715,82.59954,CRITICAL
TRC0716,42.59944,MEDIUM
TRC0717,43.50419,MEDIUM
TRC0718,62.199444,HIGH
TRC0719,27.518057,LOW
TRC0720,36.301575,LOW
TRC0721,61.498993,HIGH
TRC0722,98.05572,CRITICAL
TRC0723,65.49915,HIGH
TRC0724,80.600204,CRITICAL
TRC0725,64.70165,HIGH
TRC0726,39.000656,LOW
TRC0727,26.699486,LOW
TRC0728,84.999115,CRITICAL
TRC0729,38.199,LOW
TRC0730,37.198784,LOW
TRC0731,39.80199,LOW
TRC0732,63.123898,HIGH
TRC0733,96.69984,CRITICAL
TRC0734,61.49986,HIGH
TRC0735,43.699566,MEDIUM
TRC0736,35.000347,LOW
TRC0737,82.600624,CRITICAL
TRC0738,94.30054,CRITICAL
TRC0739,82.99977,CRITICAL
TRC0740,41.10124,MEDIUM
TRC0741,94.07826,CRITICAL
TRC0742,64.00075,HIGH
TRC0743,80.24309,CRITICAL
TRC0744,84.80148,CRITICAL
TRC0745,66.20149,HIGH
TRC0746,63.09936,HIGH
TRC0747,62.998917,HIGH
TRC0748,64.72211,HIGH
TRC0749,61.50056,HIGH
TRC0750,35.399406,LOW
TRC0751,43.699474,MEDIUM
TRC0752,79.85325,HIGH
TRC0753,60.600952,HIGH
TRC0754,94.19937,CRITICAL
TRC0755,84.09824,CRITICAL
TRC0756,45.49417,MEDIUM
TRC0757,62.40022,HIGH
TRC0758,84.59912,CRITICAL
TRC0759,62.501667,HIGH
TRC0760,64.17443,HIGH
TRC0761,82.50064,CRITICAL
TRC0762,66.30147,HIGH
TRC0763,61.49871,HIGH
TRC0764,80.29951,CRITICAL
TRC0765,39.201275,LOW
TRC0766,83.59997,CRITICAL
TRC0767,63.90869,HIGH
TRC0768,82.94795,CRITICAL
TRC0769,41.480583,MEDIUM
TRC0770,84.999596,CRITICAL
TRC0771,40.09977,MEDIUM
TRC0772,80.809044,CRITICAL
TRC0773,64.039276,HIGH
TRC0774,59.755173,MEDIUM
TRC0775,81.19947,CRITICAL
TRC0776,24.349646,LOW
TRC0777,97.20048,CRITICAL
TRC0778,62.29929,HIGH
TRC0779,34.69693,LOW
TRC0780,64.52446,HIGH
TRC0781,61.30037,HIGH
TRC0782,65.39915,HIGH
TRC0783,61.92616,HIGH
TRC0784,64.3706,HIGH
TRC0785,64.698906,HIGH
TRC0786,80.798454,CRITICAL
TRC0787,44.398632,MEDIUM
TRC0788,60.48777,HIGH
TRC0789,42.202023,MEDIUM
TRC0790,80.59768,CRITICAL
TRC0791,64.49946,HIGH
TRC0792,43.43816,MEDIUM
TRC0793,45.599144,MEDIUM
TRC0794,46.406845,MEDIUM
TRC0795,65.299065,HIGH
TRC0796,98.70041,CRITICAL
TRC0797,98.89969,CRITICAL
TRC0798,98.610214,CRITICAL
TRC0799,41.200256,MEDIUM
TRC0800,35.999496,LOW
TRC0801,85.30185,CRITICAL
TRC0802,37.066788,LOW
TRC0803,84.4918,CRITICAL
TRC0804,27.699387,LOW
TRC0805,83.59838,CRITICAL
TRC0806,62.601105,HIGH
TRC0807,83.10074,CRITICAL
TRC0808,81.99973,CRITICAL
TRC0809,84.699394,CRITICAL
TRC0810,64.80264,HIGH
TRC0811,64.100105,HIGH
TRC0812,63.50097,HIGH
TRC0813,41.62325,MEDIUM
TRC0814,61.386932,HIGH
TRC0815,64.599655,HIGH
TRC0816,62.799747,HIGH
TRC0817,61.319893,HIGH
TRC0818,43.700157,MEDIUM
TRC0819,81.40101,CRITICAL
TRC0820,60.37796,HIGH
TRC0821,40.299076,MEDIUM
TRC0822,81.1,CRITICAL
TRC0823,61.037148,HIGH
TRC0824,81.18003,CRITICAL
TRC0825,35.799896,LOW
TRC0826,97.20049,CRITICAL
TRC0827,63.171246,HIGH
TRC0828,27.273975,LOW
TRC0829,61.201534,HIGH
TRC0830,84.59863,CRITICAL
TRC0831,62.12128,HIGH
TRC0832,59.900425,MEDIUM
TRC0833,83.7999,CRITICAL
TRC0834,60.29536,HIGH
TRC0835,65.699486,HIGH
TRC0836,43.39823,MEDIUM
TRC0837,40.688858,MEDIUM
TRC0838,39.299644,LOW
TRC0839,65.09865,HIGH
TRC0840,65.00108,HIGH
TRC0841,61.20209,HIGH
TRC0842,83.60236,CRITICAL
TRC0843,64.042725,HIGH
TRC0844,97.39977,CRITICAL
TRC0845,59.20011,MEDIUM
TRC0846,31.400532,LOW
TRC0847,83.19907,CRITICAL
TRC0848,40.00101,MEDIUM
TRC0849,83.208015,CRITICAL
TRC0850,39.40074,LOW
TRC0851,39.496384,LOW
TRC0852,83.73323,CRITICAL
TRC0853,82.78144,CRITICAL
TRC0854,63.100826,HIGH
TRC0855,39.19842,LOW
TRC0856,61.901493,HIGH
TRC0857,59.926914,MEDIUM
TRC0858,63.10565,HIGH
TRC0859,62.900826,HIGH
TRC0860,62.299328,HIGH
TRC0861,97.80102,CRITICAL
TRC0862,84.9994,CRITICAL
TRC0863,38.86245,LOW
TRC0864,98.00136,CRITICAL
TRC0865,93.90058,CRITICAL
TRC0866,63.20006,HIGH
TRC0867,81.14683,CRITICAL
TRC0868,65.4981,HIGH
TRC0869,64.00746,HIGH
TRC0870,64.20034,HIGH
TRC0871,61.051003,HIGH
TRC0872,43.828354,MEDIUM
TRC0873,60.378723,HIGH
TRC0874,38.40071,LOW
TRC0875,64.99952,HIGH
TRC0876,40.398808,MEDIUM
TRC0877,41.900955,MEDIUM
TRC0878,99.10202,CRITICAL
TRC0879,61.902332,HIGH
TRC0880,42.08392,MEDIUM
TRC0881,43.405067,MEDIUM
TRC0882,62.878166,HIGH
TRC0883,32.198074,LOW
TRC0884,65.56816,HIGH
TRC0885,62.433704,HIGH
TRC0886,84.99895,CRITICAL
TRC0887,26.699537,LOW
TRC0888,80.39927,CRITICAL
TRC0889,83.39856,CRITICAL
TRC0890,82.67879,CRITICAL
TRC0891,33.227222,LOW
TRC0892,45.067425,MEDIUM
TRC0893,82.59905,CRITICAL
TRC0894,80.1004,CRITICAL
TRC0895,94.60145,CRITICAL
TRC0896,63.38828,HIGH
TRC0897,62.754112,HIGH
TRC0898,93.90022,CRITICAL
TRC0899,63.728516,HIGH
TRC0900,80.6096,CRITICAL
TRC0901,60.784832,HIGH
TRC0902,61.853275,HIGH
TRC0903,65.1606,HIGH
TRC0904,43.58942,MEDIUM
TRC0905,59.40096,MEDIUM
TRC0906,65.59917,HIGH
TRC0907,61.91035,HIGH
TRC0908,63.59331,HIGH
TRC0909,46.246143,MEDIUM
TRC0910,81.59899,CRITICAL
TRC0911,64.29897,HIGH
TRC0912,36.598846,LOW
TRC0913,40.099426,MEDIUM
TRC0914,42.598778,MEDIUM
TRC0915,39.415,LOW
TRC0916,61.899494,HIGH
TRC0917,42.00379,MEDIUM
TRC0918,65.699356,HIGH
TRC0919,80.34321,CRITICAL
TRC0920,63.748722,HIGH
TRC0921,85.199646,CRITICAL
TRC0922,43.798172,MEDIUM
TRC0923,62.50109,HIGH
TRC0924,41.10058,MEDIUM
TRC0925,41.735065,MEDIUM
TRC0926,84.39908,CRITICAL
TRC0927,82.09984,CRITICAL
TRC0928,85.29994,CRITICAL
TRC0929,80.09998,CRITICAL
TRC0930,26.7134,LOW
TRC0931,63.099216,HIGH
TRC0932,63.69886,HIGH
TRC0933,84.80962,CRITICAL
TRC0934,28.400002,LOW
TRC0935,40.200203,MEDIUM
TRC0936,96.99801,CRITICAL
TRC0937,65.00007,HIGH
TRC0938,39.698685,LOW
TRC0939,98.698784,CRITICAL
TRC0940,39.70053,LOW
TRC0941,96.10066,CRITICAL
TRC0942,80.898766,CRITICAL
TRC0943,25.285753,LOW
TRC0944,82.30023,CRITICAL
TRC0945,44.50012,MEDIUM
TRC0946,43.69959,MEDIUM
TRC0947,30.30036,LOW
TRC0948,41.076164,MEDIUM
TRC0949,44.29796,MEDIUM
TRC0950,39.11484,LOW
TRC0951,85.767105,CRITICAL
TRC0952,98.400246,CRITICAL
TRC0953,36.198833,LOW
TRC0954,38.199707,LOW
TRC0955,65.40343,HIGH
TRC0956,62.745342,HIGH
TRC0957,43.302025,MEDIUM
TRC0958,38.84294,LOW
TRC0959,85.199326,CRITICAL
TRC0960,62.59924,HIGH
TRC0961,94.61369,CRITICAL
TRC0962,36.262894,LOW
TRC0963,37.90095,LOW
TRC0964,80.70773,CRITICAL
TRC0965,81.2014,CRITICAL
TRC0966,83.79952,CRITICAL
TRC0967,64.09926,HIGH
TRC0968,62.599052,HIGH
TRC0969,84.59555,CRITICAL
TRC0970,85.29879,CRITICAL
TRC0971,81.40071,CRITICAL
TRC0972,42.29811,MEDIUM
TRC0973,43.899075,MEDIUM
TRC0974,64.10076,HIGH
TRC0975,63.21526,HIGH
TRC0976,61.68494,HIGH
TRC0977,94.599884,CRITICAL
TRC0978,94.69953,CRITICAL
TRC0979,61.838074,HIGH
TRC0980,63.999928,HIGH
TRC0981,65.099686,HIGH
TRC0982,41.945965,MEDIUM
TRC0983,44.875298,MEDIUM
TRC0984,62.969765,HIGH
TRC0985,34.54132,LOW
TRC0986,33.8989,LOW
TRC0987,36.306206,LOW
TRC0988,42.30034,MEDIUM
TRC0989,65.30038,HIGH
TRC0990,27.508198,LOW
TRC0991,62.497074,HIGH
TRC0992,82.00335,CRITICAL
TRC0993,64.098404,HIGH
TRC0994,95.3075,CRITICAL
TRC0995,97.89998,CRITICAL
TRC0996,61.100536,HIGH
TRC0997,96.400635,CRITICAL
TRC0998,60.10043,HIGH
TRC0999,83.6008,CRITICAL
TRC1000,61.099834,HIGH
TRC1001,82.59873,CRITICAL
TRC1002,42.600792,MEDIUM
TRC1003,40.599007,MEDIUM
TRC1004,39.099277,LOW
TRC1005,38.59818,LOW
TRC1006,84.00261,CRITICAL
TRC1007,46.593204,MEDIUM
TRC1008,39.194824,LOW
TRC1009,44.299004,MEDIUM
TRC1010,61.92973,HIGH
TRC1011,62.900146,HIGH
TRC1012,64.401054,HIGH
TRC1013,59.990604,MEDIUM
TRC1014,83.90121,CRITICAL
TRC1015,98.62533,CRITICAL
TRC1016,80.88038,CRITICAL
TRC1017,43.500748,MEDIUM
TRC1018,36.20024,LOW
TRC1019,61.28077,HIGH
TRC1020,38.787422,LOW
TRC1021,65.79986,HIGH
TRC1022,85.000206,CRITICAL
TRC1023,81.400154,CRITICAL
TRC1024,80.89782,CRITICAL
TRC1025,59.698544,MEDIUM
TRC1026,84.09965,CRITICAL
TRC1027,63.85954,HIGH
TRC1028,83.2008,CRITICAL
TRC1029,26.634623,LOW
TRC1030,81.09927,CRITICAL
TRC1031,98.196304,CRITICAL
TRC1032,80.69952,CRITICAL
TRC1033,60.400814,HIGH
TRC1034,40.600883,MEDIUM
TRC1035,95.50032,CRITICAL
TRC1036,45.77509,MEDIUM
TRC1037,61.301865,HIGH
TRC1038,81.599365,CRITICAL
TRC1039,80.00066,CRITICAL
TRC1040,33.70061,LOW
TRC1041,41.799595,MEDIUM
TRC1042,80.89951,CRITICAL
TRC1043,62.39091,HIGH
TRC1044,61.19974,HIGH
TRC1045,61.774204,HIGH
TRC1046,36.400948,LOW
TRC1047,63.500946,HIGH
TRC1048,36.200855,LOW
TRC1049,24.630713,LOW
TRC1050,63.546993,HIGH
TRC1051,45.09853,MEDIUM
TRC1052,39.101482,LOW
TRC1053,61.100563,HIGH
TRC1054,98.58528,CRITICAL
TRC1055,64.600395,HIGH
TRC1056,95.29956,CRITICAL
TRC1057,41.499355,MEDIUM
TRC1058,60.897808,HIGH
TRC1059,27.699757,LOW
TRC1060,61.200058,HIGH
TRC1061,42.000885,MEDIUM
TRC1062,65.49986,HIGH
TRC1063,38.789726,LOW
TRC1064,61.300056,HIGH
TRC1065,24.685713,LOW
TRC1066,83.43687,CRITICAL
TRC1067,27.90078,LOW
TRC1068,83.5999,CRITICAL
TRC1069,81.500786,CRITICAL
TRC1070,41.000927,MEDIUM
TRC1071,62.897377,HIGH
TRC1072,62.906002,HIGH
TRC1073,99.20139,CRITICAL
TRC1074,97.80008,CRITICAL
TRC1075,31.499704,LOW
TRC1076,36.799667,LOW
TRC1077,40.829155,MEDIUM
TRC1078,63.500065,HIGH
TRC1079,62.599613,HIGH
TRC1080,37.10013,LOW
TRC1081,40.098667,MEDIUM
TRC1082,65.79683,HIGH
TRC1083,64.343376,HIGH
TRC1084,81.39957,CRITICAL
TRC1085,42.202324,MEDIUM
TRC1086,79.7002,HIGH
TRC1087,61.50234,HIGH
TRC1088,84.199905,CRITICAL
TRC1089,59.69879,MEDIUM
TRC1090,26.900846,LOW
TRC1091,27.470678,LOW
TRC1092,96.00069,CRITICAL
TRC1093,39.83281,LOW
TRC1094,26.300085,LOW
TRC1095,40.443848,MEDIUM
TRC1096,30.200577,LOW
TRC1097,97.99844,CRITICAL
TRC1098,40.597416,MEDIUM
TRC1099,61.668987,HIGH
TRC1100,82.39984,CRITICAL
TRC1101,37.567375,LOW
TRC1102,41.899715,MEDIUM
TRC1103,85.69895,CRITICAL
TRC1104,97.49957,CRITICAL
TRC1105,24.900131,LOW
TRC1106,63.39907,HIGH
TRC1107,61.40301,HIGH
TRC1108,24.001835,LOW
TRC1109,59.500633,MEDIUM
TRC1110,61.500183,HIGH
TRC1111,43.00112,MEDIUM
TRC1112,84.21435,CRITICAL
TRC1113,98.20142,CRITICAL
TRC1114,30.701221,LOW
TRC1115,38.600716,LOW
TRC1116,83.097374,CRITICAL
TRC1117,31.501768,LOW
TRC1118,82.099976,CRITICAL
TRC1119,95.546684,CRITICAL
TRC1120,41.49859,MEDIUM
TRC1121,61.6995,HIGH
TRC1122,26.95966,LOW
TRC1123,64.99763,HIGH
TRC1124,36.562912,LOW
TRC1125,63.802162,HIGH
TRC1126,62.90154,HIGH
TRC1127,39.19858,LOW
TRC1128,40.899014,MEDIUM
TRC1129,63.730343,HIGH
TRC1130,25.313757,LOW
TRC1131,43.63837,MEDIUM
TRC1132,59.700245,MEDIUM
TRC1133,25.100363,LOW
TRC1134,96.24745,CRITICAL
TRC1135,99.09934,CRITICAL
TRC1136,84.79268,CRITICAL
TRC1137,79.69965,HIGH
TRC1138,98.47982,CRITICAL
TRC1139,60.722466,HIGH
TRC1140,65.599754,HIGH
TRC1141,64.00853,HIGH
TRC1142,81.901596,CRITICAL
TRC1143,24.498672,LOW
TRC1144,94.50012,CRITICAL
TRC1145,64.631454,HIGH
TRC1146,24.604628,LOW
TRC1147,62.302208,HIGH
TRC1148,43.70027,MEDIUM
TRC1149,26.099836,LOW
TRC1150,80.899574,CRITICAL
TRC1151,82.2969,CRITICAL
TRC1152,63.699745,HIGH
TRC1153,64.103134,HIGH
TRC1154,61.57362,HIGH
TRC1155,23.89989,LOW
TRC1156,63.518993,HIGH
TRC1157,40.677704,MEDIUM
TRC1158,96.80106,CRITICAL
TRC1159,84.300354,CRITICAL
TRC1160,81.611565,CRITICAL
TRC1161,29.901505,LOW
TRC1162,25.10017,LOW
TRC1163,65.59891,HIGH
TRC1164,42.199585,MEDIUM
TRC1165,40.001278,MEDIUM
TRC1166,39.25697,LOW
TRC1167,64.19857,HIGH
TRC1168,63.398335,HIGH
TRC1169,63.498787,HIGH
TRC1170,65.21157,HIGH
TRC1171,45.056602,MEDIUM
TRC1172,34.530178,LOW
TRC1173,82.70068,CRITICAL
TRC1174,38.479103,LOW
TRC1175,38.00076,LOW
TRC1176,44.60022,MEDIUM
TRC1177,94.40097,CRITICAL
TRC1178,63.998447,HIGH
TRC1179,85.29978,CRITICAL
TRC1180,42.40031,MEDIUM
TRC1181,61.199917,HIGH
TRC1182,82.18486,CRITICAL
TRC1183,84.69146,CRITICAL
TRC1184,94.45938,CRITICAL
TRC1185,82.3998,CRITICAL
TRC1186,64.701126,HIGH
TRC1187,38.400467,LOW
TRC1188,81.19921,CRITICAL
TRC1189,58.999702,MEDIUM
TRC1190,63.90095,HIGH
TRC1191,64.767975,HIGH
TRC1192,62.09307,HIGH
TRC1193,24.700068,LOW
TRC1194,36.004406,LOW
TRC1195,95.29846,CRITICAL
TRC1196,63.8,HIGH
TRC1197,61.65173,HIGH
TRC1198,27.464577,LOW
TRC1199,81.710915,CRITICAL
TRC1200,80.59917,CRITICAL
TRC1201,63.5003,HIGH
TRC1202,64.499084,HIGH
TRC1203,96.614426,CRITICAL
TRC1204,94.199135,CRITICAL
TRC1205,65.99987,HIGH
TRC1206,62.771393,HIGH
TRC1207,83.224365,CRITICAL
TRC1208,61.80166,HIGH
TRC1209,82.698715,CRITICAL
TRC1210,41.898144,MEDIUM
TRC1211,61.376846,HIGH
TRC1212,42.006584,MEDIUM
TRC1213,62.149742,HIGH
TRC1214,65.70479,HIGH
TRC1215,62.788578,HIGH
TRC1216,85.199936,CRITICAL
TRC1217,64.50096,HIGH
TRC1218,81.326004,CRITICAL
TRC1219,23.500793,LOW
TRC1220,39.60134,LOW
TRC1221,39.301804,LOW
TRC1222,45.9069,MEDIUM
TRC1223,62.793373,HIGH
TRC1224,82.00048,CRITICAL
TRC1225,62.19925,HIGH
TRC1226,82.283806,CRITICAL
TRC1227,24.787336,LOW
TRC1228,62.598198,HIGH
TRC1229,85.30008,CRITICAL
TRC1230,65.10006,HIGH
TRC1231,85.30211,CRITICAL
TRC1232,95.79481,CRITICAL
TRC1233,98.59991,CRITICAL
TRC1234,98.899994,CRITICAL
TRC1235,39.701378,LOW
TRC1236,85.1055,CRITICAL
TRC1237,84.80188,CRITICAL
TRC1238,85.70021,CRITICAL
TRC1239,83.10406,CRITICAL
TRC1240,83.101395,CRITICAL
TRC1241,85.79404,CRITICAL
TRC1242,80.895996,CRITICAL
TRC1243,63.599705,HIGH
TRC1244,83.30124,CRITICAL
TRC1245,26.260904,LOW
TRC1246,36.398125,LOW
TRC1247,32.053944,LOW
TRC1248,26.698769,LOW
TRC1249,65.50014,HIGH
TRC1250,98.0,CRITICAL
TRC1251,39.837227,LOW
TRC1252,65.30266,HIGH
TRC1253,84.8016,CRITICAL
TRC1254,31.401052,LOW
TRC1255,84.30006,CRITICAL
TRC1256,66.69926,HIGH
TRC1257,64.40067,HIGH
TRC1258,81.400345,CRITICAL
TRC1259,37.70036,LOW
TRC1260,42.499374,MEDIUM
TRC1261,97.69921,CRITICAL
TRC1262,38.400154,LOW
TRC1263,35.89834,LOW
TRC1264,64.09434,HIGH
TRC1265,60.100235,HIGH
TRC1266,62.940166,HIGH
TRC1267,45.85317,MEDIUM
TRC1268,80.59928,CRITICAL
TRC1269,41.22797,MEDIUM
TRC1270,63.669468,HIGH
TRC1271,65.99948,HIGH
TRC1272,39.492973,LOW
TRC1273,66.17775,HIGH
TRC1274,41.702614,MEDIUM
TRC1275,82.19265,CRITICAL
TRC1276,62.798717,HIGH
TRC1277,61.79844,HIGH
TRC1278,64.8999,HIGH
TRC1279,26.508972,LOW
TRC1280,38.69707,LOW
TRC1281,63.199356,HIGH
TRC1282,40.40115,MEDIUM
TRC1283,30.901058,LOW
TRC1284,82.00109,CRITICAL
TRC1285,60.952194,HIGH
TRC1286,62.301346,HIGH
TRC1287,60.811043,HIGH
TRC1288,43.093956,MEDIUM
TRC1289,38.700638,LOW
TRC1290,80.524765,CRITICAL
TRC1291,84.09615,CRITICAL
TRC1292,80.30237,CRITICAL
TRC1293,82.201645,CRITICAL
TRC1294,84.099464,CRITICAL
TRC1295,83.68714,CRITICAL
TRC1296,42.800125,MEDIUM
TRC1297,64.900024,HIGH
TRC1298,32.90061,LOW
TRC1299,44.799637,MEDIUM
TRC1300,65.59977,HIGH
TRC1301,27.800817,LOW
TRC1302,81.90073,CRITICAL
TRC1303,85.30352,CRITICAL
TRC1304,61.261482,HIGH
TRC1305,64.21316,HIGH
TRC1306,82.19918,CRITICAL
TRC1307,61.510105,HIGH
TRC1308,84.69915,CRITICAL
TRC1309,83.1989,CRITICAL
TRC1310,63.40608,HIGH
TRC1311,38.600506,LOW
TRC1312,82.299995,CRITICAL
TRC1313,82.75439,CRITICAL
TRC1314,95.39989,CRITICAL
TRC1315,60.101254,HIGH
TRC1316,40.298264,MEDIUM
TRC1317,32.436726,LOW
TRC1318,64.10147,HIGH
TRC1319,62.998753,HIGH
TRC1320,80.90112,CRITICAL
TRC1321,80.99616,CRITICAL
TRC1322,44.649597,MEDIUM
TRC1323,98.599495,CRITICAL
TRC1324,81.907455,CRITICAL
TRC1325,85.90022,CRITICAL
TRC1326,44.20086,MEDIUM
TRC1327,60.60177,HIGH
TRC1328,40.50164,MEDIUM
TRC1329,94.340256,CRITICAL
TRC1330,85.199814,CRITICAL
TRC1331,39.90093,LOW
TRC1332,42.08099,MEDIUM
TRC1333,61.22508,HIGH
TRC1334,95.991486,CRITICAL
TRC1335,37.698368,LOW
TRC1336,26.698082,LOW
TRC1337,80.9997,CRITICAL
TRC1338,80.7257,CRITICAL
TRC1339,24.89976,LOW
TRC1340,40.691826,MEDIUM
TRC1341,61.89038,HIGH
TRC1342,63.700096,HIGH
TRC1343,81.49795,CRITICAL
TRC1344,27.10027,LOW
TRC1345,40.598763,MEDIUM
TRC1346,82.20059,CRITICAL
TRC1347,62.301743,HIGH
TRC1348,83.997856,CRITICAL
TRC1349,37.90133,LOW
TRC1350,64.499245,HIGH
TRC1351,44.297447,MEDIUM
TRC1352,94.7217,CRITICAL
TRC1353,85.00372,CRITICAL
TRC1354,63.499973,HIGH
TRC1355,59.699577,MEDIUM
TRC1356,63.499393,HIGH
TRC1357,37.84622,LOW
TRC1358,38.59847,LOW
TRC1359,96.04604,CRITICAL
TRC1360,63.375923,HIGH
TRC1361,66.50054,HIGH
TRC1362,82.21174,CRITICAL
TRC1363,28.701426,LOW
TRC1364,39.88912,LOW
TRC1365,63.16741,HIGH
TRC1366,82.446335,CRITICAL
TRC1367,39.000637,LOW
TRC1368,95.09918,CRITICAL
TRC1369,38.700264,LOW
TRC1370,63.10205,HIGH
TRC1371,43.30211,MEDIUM
TRC1372,95.57826,CRITICAL
TRC1373,26.500399,LOW
TRC1374,61.699287,HIGH
TRC1375,61.300842,HIGH
TRC1376,27.959845,LOW
TRC1377,40.49625,MEDIUM
TRC1378,82.095726,CRITICAL
TRC1379,62.39955,HIGH
TRC1380,83.65098,CRITICAL
TRC1381,64.101166,HIGH
TRC1382,95.412834,CRITICAL
TRC1383,62.198616,HIGH
TRC1384,94.99943,CRITICAL
TRC1385,64.31006,HIGH
TRC1386,38.781746,LOW
TRC1387,25.643705,LOW
TRC1388,64.49951,HIGH
TRC1389,63.699295,HIGH
TRC1390,41.79695,MEDIUM
TRC1391,66.20296,HIGH
TRC1392,62.90207,HIGH
TRC1393,36.8974,LOW
TRC1394,40.5988,MEDIUM
TRC1395,37.09984,LOW
TRC1396,94.26516,CRITICAL
TRC1397,64.373886,HIGH
TRC1398,60.801,HIGH
TRC1399,39.365295,LOW
TRC1400,83.53825,CRITICAL
TRC1401,42.972183,MEDIUM
TRC1402,61.398815,HIGH
TRC1403,36.7012,LOW
TRC1404,62.196938,HIGH
TRC1405,62.203,HIGH
TRC1406,83.23962,CRITICAL
TRC1407,62.3804,HIGH
TRC1408,84.497055,CRITICAL
TRC1409,23.699831,LOW
TRC1410,83.996185,CRITICAL
TRC1411,96.49975,CRITICAL
TRC1412,83.440475,CRITICAL
TRC1413,61.098732,HIGH
TRC1414,85.000694,CRITICAL
TRC1415,60.30367,HIGH
TRC1416,38.59716,LOW
TRC1417,23.299728,LOW
TRC1418,60.398712,HIGH
TRC1419,65.19972,HIGH
TRC1420,94.40039,CRITICAL
TRC1421,95.7004,CRITICAL
TRC1422,37.066578,LOW
TRC1423,26.899698,LOW
TRC1424,80.30147,CRITICAL
TRC1425,63.00202,HIGH
TRC1426,96.951096,CRITICAL
TRC1427,44.97032,MEDIUM
TRC1428,64.885666,HIGH
TRC1429,32.09828,LOW
TRC1430,60.701107,HIGH
TRC1431,65.699554,HIGH
TRC1432,60.611614,HIGH
TRC1433,32.300167,LOW
TRC1434,37.70151,LOW
TRC1435,41.900616,MEDIUM
TRC1436,25.099957,LOW
TRC1437,42.274357,MEDIUM
TRC1438,28.500284,LOW
TRC1439,64.68098,HIGH
TRC1440,41.498825,MEDIUM
TRC1441,60.899376,HIGH
TRC1442,35.100723,LOW
TRC1443,24.299025,LOW
TRC1444,64.799095,HIGH
TRC1445,42.5988,MEDIUM
TRC1446,62.89276,HIGH
TRC1447,44.799847,MEDIUM
TRC1448,61.91966,HIGH
TRC1449,98.39981,CRITICAL
TRC1450,41.10004,MEDIUM
TRC1451,60.096146,HIGH
TRC1452,66.5017,HIGH
TRC1453,37.297188,LOW
TRC1454,81.95871,CRITICAL
TRC1455,64.00532,HIGH
TRC1456,30.200697,LOW
TRC1457,60.90084,HIGH
TRC1458,64.3022,HIGH
TRC1459,62.398117,HIGH
TRC1460,62.77923,HIGH
TRC1461,64.89885,HIGH
TRC1462,85.114334,CRITICAL
TRC1463,30.099522,LOW
TRC1464,41.30513,MEDIUM
TRC1465,83.09947,CRITICAL
TRC1466,34.699287,LOW
TRC1467,59.61534,MEDIUM
TRC1468,29.62989,LOW
TRC1469,36.40075,LOW
TRC1470,65.002,HIGH
TRC1471,98.53279,CRITICAL
TRC1472,64.46391,HIGH
TRC1473,41.60086,MEDIUM
TRC1474,83.00001,CRITICAL
TRC1475,62.83074,HIGH
TRC1476,81.200424,CRITICAL
TRC1477,80.800514,CRITICAL
TRC1478,41.399296,MEDIUM
TRC1479,84.400314,CRITICAL
TRC1480,65.1007,HIGH
TRC1481,81.100815,CRITICAL
TRC1482,44.808613,MEDIUM
TRC1483,97.099525,CRITICAL
TRC1484,39.60118,LOW
TRC1485,25.000725,LOW
TRC1486,38.30035,LOW
TRC1487,65.90012,HIGH
TRC1488,80.00014,CRITICAL
TRC1489,60.700344,HIGH
TRC1490,60.225864,HIGH
TRC1491,43.69895,MEDIUM
TRC1492,40.18729,MEDIUM
TRC1493,81.619835,CRITICAL
TRC1494,62.041103,HIGH
TRC1495,63.29944,HIGH
TRC1496,79.700874,HIGH
TRC1497,60.8986,HIGH
TRC1498,64.89635,HIGH
TRC1499,42.098625,MEDIUM
TRC1500,61.503513,HIGH
TRC1501,29.488226,LOW
TRC1502,39.299904,LOW
TRC1503,65.064644,HIGH
TRC1504,45.546215,MEDIUM
TRC1505,32.60334,LOW
TRC1506,83.07362,CRITICAL
TRC1507,95.10876,CRITICAL
TRC1508,93.901215,CRITICAL
TRC1509,62.101593,HIGH
TRC1510,63.00496,HIGH
TRC1511,60.096924,HIGH
TRC1512,40.100193,MEDIUM
TRC1513,39.498245,LOW
TRC1514,63.900116,HIGH
TRC1515,32.90102,LOW
TRC1516,61.674404,HIGH
TRC1517,63.981083,HIGH
TRC1518,83.40312,CRITICAL
TRC1519,37.70201,LOW
TRC1520,43.899193,MEDIUM
TRC1521,66.80061,HIGH
TRC1522,94.69236,CRITICAL
TRC1523,61.90936,HIGH
TRC1524,84.39989,CRITICAL
TRC1525,82.09979,CRITICAL
TRC1526,36.600483,LOW
TRC1527,60.900787,HIGH
TRC1528,59.800907,MEDIUM
TRC1529,79.898575,HIGH
TRC1530,40.578465,MEDIUM
TRC1531,43.600986,MEDIUM
TRC1532,97.49972,CRITICAL
TRC1533,21.70023,LOW
TRC1534,42.596817,MEDIUM
TRC1535,95.69875,CRITICAL
TRC1536,38.7999,LOW
TRC1537,33.699947,LOW
TRC1538,41.601875,MEDIUM
TRC1539,62.938213,HIGH
TRC1540,59.10113,MEDIUM
TRC1541,59.899155,MEDIUM
TRC1542,37.907932,LOW
TRC1543,84.80072,CRITICAL
TRC1544,40.60093,MEDIUM
TRC1545,44.198006,MEDIUM
TRC1546,42.674423,MEDIUM
TRC1547,64.300865,HIGH
TRC1548,61.805832,HIGH
TRC1549,64.0019,HIGH
TRC1550,94.34785,CRITICAL
TRC1551,39.539967,LOW
TRC1552,63.807934,HIGH
TRC1553,61.509953,HIGH
TRC1554,81.299934,CRITICAL
TRC1555,63.705757,HIGH
TRC1556,43.801956,MEDIUM
TRC1557,62.999382,HIGH
TRC1558,45.898876,MEDIUM
TRC1559,64.10151,HIGH
TRC1560,84.532166,CRITICAL
TRC1561,61.499516,HIGH
TRC1562,24.34442,LOW
TRC1563,66.60078,HIGH
TRC1564,98.6087,CRITICAL
TRC1565,64.19622,HIGH
TRC1566,45.29873,MEDIUM
TRC1567,98.49923,CRITICAL
TRC1568,59.80359,MEDIUM
TRC1569,97.49962,CRITICAL
TRC1570,62.98402,HIGH
TRC1571,95.821144,CRITICAL
TRC1572,36.90071,LOW
TRC1573,64.15376,HIGH
TRC1574,64.00129,HIGH
TRC1575,65.199356,HIGH
TRC1576,61.000458,HIGH
TRC1577,63.66223,HIGH
TRC1578,94.40056,CRITICAL
TRC1579,23.000547,LOW
TRC1580,27.58081,LOW
TRC1581,81.969315,CRITICAL
TRC1582,94.59962,CRITICAL
TRC1583,35.299908,LOW
TRC1584,66.09986,HIGH
TRC1585,63.999454,HIGH
TRC1586,81.89837,CRITICAL
TRC1587,42.799946,MEDIUM
TRC1588,38.19943,LOW
TRC1589,63.100903,HIGH
TRC1590,45.250477,MEDIUM
TRC1591,64.000946,HIGH
TRC1592,80.69963,CRITICAL
TRC1593,36.997337,LOW
TRC1594,94.78687,CRITICAL
TRC1595,41.525246,MEDIUM
TRC1596,82.529175,CRITICAL
TRC1597,60.793163,HIGH
TRC1598,94.31177,CRITICAL
TRC1599,62.899715,HIGH
TRC1600,63.69972,HIGH
TRC1601,37.300533,LOW
TRC1602,43.70144,MEDIUM
TRC1603,42.000828,MEDIUM
TRC1604,40.20095,MEDIUM
TRC1605,61.899406,HIGH
TRC1606,82.47196,CRITICAL
TRC1607,63.32838,HIGH
TRC1608,98.89916,CRITICAL
TRC1609,37.202568,LOW
TRC1610,95.282036,CRITICAL
TRC1611,38.715473,LOW
TRC1612,84.004906,CRITICAL
TRC1613,64.69672,HIGH
TRC1614,96.24498,CRITICAL
TRC1615,41.397324,MEDIUM
TRC1616,83.89978,CRITICAL
TRC1617,63.700005,HIGH
TRC1618,83.655045,CRITICAL
TRC1619,43.300095,MEDIUM
TRC1620,83.299644,CRITICAL
TRC1621,60.601418,HIGH
TRC1622,24.000696,LOW
TRC1623,82.20068,CRITICAL
TRC1624,95.424324,CRITICAL
TRC1625,40.699886,MEDIUM
TRC1626,27.500893,LOW
TRC1627,36.70075,LOW
TRC1628,60.118538,HIGH
TRC1629,24.242485,LOW
TRC1630,62.500572,HIGH
TRC1631,33.298992,LOW
TRC1632,94.99923,CRITICAL
TRC1633,42.202,MEDIUM
TRC1634,64.80078,HIGH
TRC1635,63.398773,HIGH
TRC1636,61.019222,HIGH
TRC1637,42.400017,MEDIUM
TRC1638,62.899094,HIGH
TRC1639,24.2722,LOW
TRC1640,62.15005,HIGH
TRC1641,62.50007,HIGH
TRC1642,31.77632,LOW
TRC1643,83.499435,CRITICAL
TRC1644,41.90184,MEDIUM
TRC1645,26.699419,LOW
TRC1646,62.201504,HIGH
TRC1647,61.102737,HIGH
TRC1648,43.10177,MEDIUM
TRC1649,37.27807,LOW
TRC1650,82.101074,CRITICAL
TRC1651,95.79962,CRITICAL
TRC1652,60.966076,HIGH
TRC1653,95.70023,CRITICAL
TRC1654,83.41678,CRITICAL
TRC1655,42.898354,MEDIUM
TRC1656,62.99939,HIGH
TRC1657,60.99857,HIGH
TRC1658,94.553406,CRITICAL
TRC1659,80.499855,CRITICAL
TRC1660,45.298527,MEDIUM
TRC1661,98.8984,CRITICAL
TRC1662,66.49967,HIGH
TRC1663,38.2191,LOW
TRC1664,99.00196,CRITICAL
TRC1665,82.60075,CRITICAL
TRC1666,25.393328,LOW
TRC1667,61.901424,HIGH
TRC1668,60.799557,HIGH
TRC1669,81.80011,CRITICAL
TRC1670,27.708254,LOW
TRC1671,60.1011,HIGH
TRC1672,65.70478,HIGH
TRC1673,63.201912,HIGH
TRC1674,42.8996,MEDIUM
TRC1675,65.20289,HIGH
TRC1676,64.498375,HIGH
TRC1677,63.385155,HIGH
TRC1678,96.39939,CRITICAL
TRC1679,64.99856,HIGH
TRC1680,43.900063,MEDIUM
TRC1681,85.198555,CRITICAL
TRC1682,35.302235,LOW
TRC1683,64.30095,HIGH
TRC1684,29.599865,LOW
TRC1685,41.61219,MEDIUM
TRC1686,62.09891,HIGH
TRC1687,64.79808,HIGH
TRC1688,35.20021,LOW
TRC1689,61.89961,HIGH
TRC1690,60.996323,HIGH
TRC1691,42.505093,MEDIUM
TRC1692,41.200584,MEDIUM
TRC1693,96.99508,CRITICAL
TRC1694,33.100048,LOW
TRC1695,43.499302,MEDIUM
TRC1696,62.106194,HIGH
TRC1697,25.899433,LOW
TRC1698,36.997635,LOW
TRC1699,97.804054,CRITICAL
TRC1700,62.201508,HIGH
TRC1701,62.41474,HIGH
TRC1702,81.0015,CRITICAL
TRC1703,61.247616,HIGH
TRC1704,83.51859,CRITICAL
TRC1705,83.20114,CRITICAL
TRC1706,45.098988,MEDIUM
TRC1707,23.600126,LOW
TRC1708,62.75411,HIGH
TRC1709,27.999725,LOW
TRC1710,80.678665,CRITICAL
TRC1711,83.70073,CRITICAL
TRC1712,36.802475,LOW
TRC1713,83.900826,CRITICAL
TRC1714,64.398605,HIGH
TRC1715,27.700819,LOW
TRC1716,32.700436,LOW
TRC1717,84.30229,CRITICAL
TRC1718,32.00254,LOW
TRC1719,82.65422,CRITICAL
TRC1720,31.700754,LOW
TRC1721,37.29866,LOW
TRC1722,62.79959,HIGH
TRC1723,95.09896,CRITICAL
TRC1724,81.80103,CRITICAL
TRC1725,63.19881,HIGH
TRC1726,26.301058,LOW
TRC1727,64.30081,HIGH
TRC1728,40.69638,MEDIUM
TRC1729,60.14121,HIGH
TRC1730,83.000404,CRITICAL
TRC1731,27.498068,LOW
TRC1732,62.836876,HIGH
TRC1733,39.700104,LOW
TRC1734,59.69882,MEDIUM
TRC1735,63.39996,HIGH
TRC1736,61.65812,HIGH
TRC1737,65.02036,HIGH
TRC1738,97.90346,CRITICAL
TRC1739,62.10035,HIGH
TRC1740,41.800587,MEDIUM
TRC1741,37.800034,LOW
TRC1742,30.396236,LOW
TRC1743,25.099552,LOW
TRC1744,63.099777,HIGH
TRC1745,62.499706,HIGH
TRC1746,83.89936,CRITICAL
TRC1747,64.377365,HIGH
TRC1748,43.999935,MEDIUM
TRC1749,61.224182,HIGH
TRC1750,61.845005,HIGH
TRC1751,63.501045,HIGH
TRC1752,40.098774,MEDIUM
TRC1753,37.999123,LOW
TRC1754,43.500446,MEDIUM
TRC1755,82.30015,CRITICAL
TRC1756,65.802765,HIGH
TRC1757,41.26095,MEDIUM
TRC1758,35.89973,LOW
TRC1759,60.81546,HIGH
TRC1760,43.7026,MEDIUM
TRC1761,83.00116,CRITICAL
TRC1762,64.10094,HIGH
TRC1763,84.59862,CRITICAL
TRC1764,64.29375,HIGH
TRC1765,64.93658,HIGH
TRC1766,27.9002,LOW
TRC1767,60.458748,HIGH
TRC1768,96.718735,CRITICAL
TRC1769,85.00673,CRITICAL
TRC1770,60.996,HIGH
TRC1771,80.4897,CRITICAL
TRC1772,65.99938,HIGH
TRC1773,44.60155,MEDIUM
TRC1774,64.89897,HIGH
TRC1775,81.20047,CRITICAL
TRC1776,39.500523,LOW
TRC1777,84.60068,CRITICAL
TRC1778,98.40051,CRITICAL
TRC1779,81.00047,CRITICAL
TRC1780,81.99902,CRITICAL
TRC1781,61.703094,HIGH
TRC1782,61.899967,HIGH
TRC1783,62.80169,HIGH
TRC1784,25.400106,LOW
TRC1785,63.500267,HIGH
TRC1786,83.042694,CRITICAL
TRC1787,62.051704,HIGH
TRC1788,83.50031,CRITICAL
TRC1789,42.200832,MEDIUM
TRC1790,39.799793,LOW
TRC1791,64.69933,HIGH
TRC1792,95.19864,CRITICAL
TRC1793,82.49932,CRITICAL
TRC1794,96.70077,CRITICAL
TRC1795,64.69306,HIGH
TRC1796,42.412796,MEDIUM
TRC1797,82.89955,CRITICAL
TRC1798,42.000633,MEDIUM
TRC1799,84.76476,CRITICAL
TRC1800,66.09944,HIGH
TRC1801,62.000587,HIGH
TRC1802,83.09807,CRITICAL
TRC1803,35.53163,LOW
TRC1804,39.498592,LOW
TRC1805,41.39741,MEDIUM
TRC1806,62.14455,HIGH
TRC1807,84.101326,CRITICAL
TRC1808,38.20051,LOW
TRC1809,45.099907,MEDIUM
TRC1810,41.678555,MEDIUM
TRC1811,63.599976,HIGH
TRC1812,42.400585,MEDIUM
TRC1813,37.202114,LOW
TRC1814,85.201,CRITICAL
TRC1815,84.52335,CRITICAL
TRC1816,63.07441,HIGH
TRC1817,62.775826,HIGH
TRC1818,38.70077,LOW
TRC1819,63.19892,HIGH
TRC1820,41.298492,MEDIUM
TRC1821,62.302998,HIGH
TRC1822,81.099174,CRITICAL
TRC1823,59.70275,MEDIUM
TRC1824,95.8007,CRITICAL
TRC1825,25.385756,LOW
TRC1826,61.875088,HIGH
TRC1827,60.6909,HIGH
TRC1828,84.29978,CRITICAL
TRC1829,60.997578,HIGH
TRC1830,63.0988,HIGH
TRC1831,41.800552,MEDIUM
TRC1832,65.099266,HIGH
TRC1833,61.50603,HIGH
TRC1834,62.314045,HIGH
TRC1835,38.20021,LOW
TRC1836,67.09878,HIGH
TRC1837,43.497345,MEDIUM
TRC1838,62.59832,HIGH
TRC1839,26.50091,LOW
TRC1840,64.17235,HIGH
TRC1841,31.400698,LOW
TRC1842,82.79793,CRITICAL
TRC1843,28.700447,LOW
TRC1844,38.389,LOW
TRC1845,60.998558,HIGH
TRC1846,35.1023,LOW
TRC1847,27.201439,LOW
TRC1848,60.101093,HIGH
TRC1849,24.201578,LOW
TRC1850,30.600113,LOW
TRC1851,59.69873,MEDIUM
TRC1852,42.67354,MEDIUM
TRC1853,82.10056,CRITICAL
TRC1854,84.54933,CRITICAL
TRC1855,34.401672,LOW
TRC1856,61.70031,HIGH
TRC1857,61.099186,HIGH
TRC1858,62.499504,HIGH
TRC1859,65.300476,HIGH
TRC1860,79.81519,HIGH
TRC1861,42.299267,MEDIUM
TRC1862,37.150402,LOW
TRC1863,35.098995,LOW
TRC1864,63.09832,HIGH
TRC1865,85.4977,CRITICAL
TRC1866,45.28877,MEDIUM
TRC1867,64.75173,HIGH
TRC1868,29.399014,LOW
TRC1869,25.373365,LOW
TRC1870,62.099384,HIGH
TRC1871,65.09996,HIGH
TRC1872,41.29992,MEDIUM
TRC1873,85.418945,CRITICAL
TRC1874,60.6002,HIGH
TRC1875,98.39817,CRITICAL
TRC1876,63.900337,HIGH
TRC1877,61.204063,HIGH
TRC1878,34.101162,LOW
TRC1879,66.09942,HIGH
TRC1880,60.59876,HIGH
TRC1881,41.500435,MEDIUM
TRC1882,26.09826,LOW
TRC1883,99.00089,CRITICAL
TRC1884,83.601074,CRITICAL
TRC1885,81.10059,CRITICAL
TRC1886,44.849846,MEDIUM
TRC1887,83.20018,CRITICAL
TRC1888,44.699753,MEDIUM
TRC1889,40.604122,MEDIUM
TRC1890,38.800766,LOW
TRC1891,42.498997,MEDIUM
TRC1892,58.999195,MEDIUM
TRC1893,64.499886,HIGH
TRC1894,94.00191,CRITICAL
TRC1895,36.119812,LOW
TRC1896,60.200356,HIGH
TRC1897,85.00101,CRITICAL
TRC1898,82.599106,CRITICAL
TRC1899,63.801006,HIGH
TRC1900,84.49998,CRITICAL
TRC1901,23.40147,LOW
TRC1902,38.498333,LOW
TRC1903,60.72256,HIGH
TRC1904,30.269487,LOW
TRC1905,43.2016,MEDIUM
TRC1906,63.575874,HIGH
TRC1907,82.69963,CRITICAL
TRC1908,24.798777,LOW
TRC1909,46.96989,MEDIUM
TRC1910,63.798405,HIGH
TRC1911,98.855606,CRITICAL
TRC1912,94.60112,CRITICAL
TRC1913,38.100834,LOW
TRC1914,85.99927,CRITICAL
TRC1915,82.3051,CRITICAL
TRC1916,95.69899,CRITICAL
TRC1917,85.29138,CRITICAL
TRC1918,40.40181,MEDIUM
TRC1919,65.599556,HIGH
TRC1920,62.400738,HIGH
TRC1921,65.03093,HIGH
TRC1922,62.300655,HIGH
TRC1923,31.36416,LOW
TRC1924,44.89872,MEDIUM
TRC1925,61.000553,HIGH
TRC1926,80.80013,CRITICAL
TRC1927,63.895245,HIGH
TRC1928,61.56821,HIGH
TRC1929,35.306786,LOW
TRC1930,94.80077,CRITICAL
TRC1931,62.40158,HIGH
TRC1932,80.59867,CRITICAL
TRC1933,62.500233,HIGH
TRC1934,97.72016,CRITICAL
TRC1935,61.300186,HIGH
TRC1936,61.100563,HIGH
TRC1937,96.69969,CRITICAL
TRC1938,81.50126,CRITICAL
TRC1939,61.461765,HIGH
TRC1940,98.996124,CRITICAL
TRC1941,95.00745,CRITICAL
TRC1942,98.30029,CRITICAL
TRC1943,36.699158,LOW
TRC1944,42.400936,MEDIUM
TRC1945,84.50042,CRITICAL
TRC1946,44.702305,MEDIUM
TRC1947,81.90133,CRITICAL
TRC1948,63.79954,HIGH
TRC1949,38.399586,LOW
TRC1950,39.30507,LOW
TRC1951,98.055435,CRITICAL
TRC1952,58.803345,MEDIUM
TRC1953,62.29566,HIGH
TRC1954,37.324345,LOW
TRC1955,39.906178,LOW
TRC1956,42.400726,MEDIUM
TRC1957,29.399076,LOW
TRC1958,62.098618,HIGH
TRC1959,97.100105,CRITICAL
TRC1960,82.498825,CRITICAL
TRC1961,82.400085,CRITICAL
TRC1962,85.69897,CRITICAL
TRC1963,42.60048,MEDIUM
TRC1964,98.34901,CRITICAL
TRC1965,85.09822,CRITICAL
TRC1966,95.29988,CRITICAL
TRC1967,61.7997,HIGH
TRC1968,61.800888,HIGH
TRC1969,81.82329,CRITICAL
TRC1970,65.100624,HIGH
TRC1971,65.460785,HIGH
TRC1972,65.40028,HIGH
TRC1973,63.301983,HIGH
TRC1974,83.19795,CRITICAL
TRC1975,21.900957,LOW
TRC1976,85.69824,CRITICAL
TRC1977,98.50159,CRITICAL
TRC1978,44.702076,MEDIUM
TRC1979,82.59844,CRITICAL
TRC1980,81.68591,CRITICAL
TRC1981,39.327763,LOW
TRC1982,65.99999,HIGH
TRC1983,62.59999,HIGH
TRC1984,62.702686,HIGH
TRC1985,40.89672,MEDIUM
TRC1986,45.001694,MEDIUM
TRC1987,81.09979,CRITICAL
TRC1988,63.7992,HIGH
TRC1989,36.601288,LOW
TRC1990,79.998955,HIGH
TRC1991,60.938072,HIGH
TRC1992,60.801697,HIGH
TRC1993,83.7897,CRITICAL
TRC1994,40.765144,MEDIUM
TRC1995,62.16593,HIGH
TRC1996,80.29974,CRITICAL
TRC1997,82.30195,CRITICAL
TRC1998,84.2993,CRITICAL
TRC1999,60.327217,HIGH
TRC2000,38.699387,LOW
TRC2001,61.531765,HIGH
TRC2002,31.935883,LOW
TRC2003,64.40043,HIGH
TRC2004,61.09713,HIGH
TRC2005,32.61634,LOW
TRC2006,28.869616,LOW
TRC2007,41.7342,MEDIUM
TRC2008,62.698833,HIGH
TRC2009,27.198858,LOW
TRC2010,26.699488,LOW
TRC2011,22.299864,LOW
TRC2012,62.39564,HIGH
TRC2013,41.500904,MEDIUM
TRC2014,60.89963,HIGH
TRC2015,94.10043,CRITICAL
TRC2016,64.90119,HIGH
TRC2017,84.69497,CRITICAL
TRC2018,62.499695,HIGH
TRC2019,65.999,HIGH
TRC2020,96.69996,CRITICAL
TRC2021,63.998486,HIGH
TRC2022,62.179737,HIGH
TRC2023,40.599045,MEDIUM
TRC2024,84.20374,CRITICAL
TRC2025,42.000874,MEDIUM
TRC2026,79.999435,HIGH
TRC2027,63.20682,HIGH
TRC2028,84.52695,CRITICAL
TRC2029,95.40004,CRITICAL
TRC2030,38.348175,LOW
TRC2031,41.0007,MEDIUM
TRC2032,84.600105,CRITICAL
TRC2033,44.69523,MEDIUM
TRC2034,41.253544,MEDIUM
TRC2035,84.09959,CRITICAL
TRC2036,38.112465,LOW
TRC2037,38.600094,LOW
TRC2038,37.302223,LOW
TRC2039,83.70031,CRITICAL
TRC2040,26.458538,LOW
TRC2041,23.29989,LOW
TRC2042,43.899853,MEDIUM
TRC2043,42.1988,MEDIUM
TRC2044,80.260956,CRITICAL
TRC2045,61.79698,HIGH
TRC2046,42.04334,MEDIUM
TRC2047,66.09944,HIGH
TRC2048,64.10026,HIGH
TRC2049,61.400146,HIGH
TRC2050,38.500805,LOW
TRC2051,27.300127,LOW
TRC2052,59.200527,MEDIUM
TRC2053,60.099937,HIGH
TRC2054,63.399254,HIGH
TRC2055,64.59912,HIGH
TRC2056,24.700733,LOW
TRC2057,85.20064,CRITICAL
TRC2058,62.39976,HIGH
TRC2059,59.30267,MEDIUM
TRC2060,32.799866,LOW
TRC2061,37.61722,LOW
TRC2062,37.50149,LOW
TRC2063,29.757502,LOW
TRC2064,62.801037,HIGH
TRC2065,65.912056,HIGH
TRC2066,94.80191,CRITICAL
TRC2067,37.140175,LOW
TRC2068,30.699776,LOW
TRC2069,40.499493,MEDIUM
TRC2070,39.799904,LOW
TRC2071,61.682343,HIGH
TRC2072,98.59974,CRITICAL
TRC2073,27.226059,LOW
TRC2074,62.771526,HIGH
TRC2075,42.399467,MEDIUM
TRC2076,82.10024,CRITICAL
TRC2077,40.708706,MEDIUM
TRC2078,98.29088,CRITICAL
TRC2079,61.90313,HIGH
TRC2080,65.03685,HIGH
TRC2081,37.757202,LOW
TRC2082,60.8414,HIGH
TRC2083,62.599598,HIGH
TRC2084,83.795715,CRITICAL
TRC2085,28.033297,LOW
TRC2086,40.49258,MEDIUM
TRC2087,81.19977,CRITICAL
TRC2088,62.83594,HIGH
TRC2089,59.59363,MEDIUM
TRC2090,96.19997,CRITICAL
TRC2091,97.20084,CRITICAL
TRC2092,62.39978,HIGH
TRC2093,39.192066,LOW
TRC2094,59.39926,MEDIUM
TRC2095,83.60064,CRITICAL
TRC2096,38.19912,LOW
TRC2097,83.00047,CRITICAL
TRC2098,40.00065,MEDIUM
TRC2099,84.3,CRITICAL
TRC2100,42.901657,MEDIUM
TRC2101,63.742203,HIGH
TRC2102,65.57872,HIGH
TRC2103,39.900997,LOW
TRC2104,81.60254,CRITICAL
TRC2105,39.401146,LOW
TRC2106,82.39768,CRITICAL
TRC2107,62.79924,HIGH
TRC2108,65.69803,HIGH
TRC2109,85.05261,CRITICAL
TRC2110,61.372158,HIGH
TRC2111,82.700935,CRITICAL
TRC2112,22.400152,LOW
TRC2113,62.59926,HIGH
TRC2114,42.70265,MEDIUM
TRC2115,59.899002,MEDIUM
TRC2116,60.40139,HIGH
TRC2117,36.701878,LOW
TRC2118,97.91975,CRITICAL
TRC2119,63.19822,HIGH
TRC2120,80.799446,CRITICAL
TRC2121,39.625748,LOW
TRC2122,63.29955,HIGH
TRC2123,40.198765,MEDIUM
TRC2124,83.249725,CRITICAL
TRC2125,43.099903,MEDIUM
TRC2126,81.79929,CRITICAL
TRC2127,41.407345,MEDIUM
TRC2128,62.909153,HIGH
TRC2129,38.48581,LOW
TRC2130,65.5995,HIGH
TRC2131,82.535484,CRITICAL
TRC2132,63.21386,HIGH
TRC2133,97.99942,CRITICAL
TRC2134,80.89954,CRITICAL
TRC2135,26.7133,LOW
TRC2136,40.395733,MEDIUM
TRC2137,98.6998,CRITICAL
TRC2138,81.11358,CRITICAL
TRC2139,29.098488,LOW
TRC2140,61.69887,HIGH
TRC2141,60.59871,HIGH
TRC2142,39.901722,LOW
TRC2143,61.9006,HIGH
TRC2144,36.59804,LOW
TRC2145,96.00059,CRITICAL
TRC2146,95.90011,CRITICAL
TRC2147,64.398346,HIGH
TRC2148,82.91861,CRITICAL
TRC2149,61.69916,HIGH
TRC2150,44.48437,MEDIUM
TRC2151,67.10215,HIGH
TRC2152,39.601917,LOW
TRC2153,43.701576,MEDIUM
TRC2154,66.799034,HIGH
TRC2155,37.69915,LOW
TRC2156,28.50069,LOW
TRC2157,61.498943,HIGH
TRC2158,81.86826,CRITICAL
TRC2159,59.9013,MEDIUM
TRC2160,98.21654,CRITICAL
TRC2161,40.098194,MEDIUM
TRC2162,41.09087,MEDIUM
TRC2163,40.176746,MEDIUM
TRC2164,61.362366,HIGH
TRC2165,35.299515,LOW
TRC2166,64.89939,HIGH
TRC2167,84.69982,CRITICAL
TRC2168,36.399036,LOW
TRC2169,25.999712,LOW
TRC2170,59.299686,MEDIUM
TRC2171,60.699795,HIGH
TRC2172,36.902378,LOW
TRC2173,66.70468,HIGH
TRC2174,65.29847,HIGH
TRC2175,40.500267,MEDIUM
TRC2176,81.79986,CRITICAL
TRC2177,42.503384,MEDIUM
TRC2178,84.19981,CRITICAL
TRC2179,83.19765,CRITICAL
TRC2180,22.800402,LOW
TRC2181,33.822727,LOW
TRC2182,39.99949,LOW
TRC2183,63.155468,HIGH
TRC2184,83.80094,CRITICAL
TRC2185,38.099163,LOW
TRC2186,42.40029,MEDIUM
TRC2187,29.399323,LOW
TRC2188,42.98954,MEDIUM
TRC2189,36.801132,LOW
TRC2190,34.401062,LOW
TRC2191,64.800026,HIGH
TRC2192,63.100407,HIGH
TRC2193,62.606342,HIGH
TRC2194,83.60064,CRITICAL
TRC2195,66.40039,HIGH
TRC2196,99.3999,CRITICAL
TRC2197,84.925476,CRITICAL
TRC2198,64.40069,HIGH
TRC2199,80.89819,CRITICAL
TRC2200,42.35245,MEDIUM
TRC2201,80.58391,CRITICAL
TRC2202,63.535744,HIGH
TRC2203,79.72596,HIGH
TRC2204,81.30006,CRITICAL
TRC2205,43.403976,MEDIUM
TRC2206,63.00218,HIGH
TRC2207,98.70115,CRITICAL
TRC2208,24.099966,LOW
TRC2209,41.601665,MEDIUM
TRC2210,36.511093,LOW
TRC2211,61.157677,HIGH
TRC2212,36.784805,LOW
TRC2213,64.00082,HIGH
TRC2214,96.61014,CRITICAL
TRC2215,61.602642,HIGH
TRC2216,96.19871,CRITICAL
TRC2217,43.454987,MEDIUM
TRC2218,95.119255,CRITICAL
TRC2219,97.69977,CRITICAL
TRC2220,62.101753,HIGH
TRC2221,33.8641,LOW
TRC2222,94.73873,CRITICAL
TRC2223,63.800022,HIGH
TRC2224,94.728134,CRITICAL
TRC2225,25.99826,LOW
TRC2226,63.00723,HIGH
TRC2227,29.99922,LOW
TRC2228,41.66462,MEDIUM
TRC2229,39.700882,LOW
TRC2230,80.099625,CRITICAL
TRC2231,96.69949,CRITICAL
TRC2232,32.31461,LOW
TRC2233,38.998806,LOW
TRC2234,31.799189,LOW
TRC2235,80.137276,CRITICAL
TRC2236,94.39968,CRITICAL
TRC2237,82.40077,CRITICAL
TRC2238,97.70117,CRITICAL
TRC2239,64.501595,HIGH
TRC2240,79.89975,HIGH
TRC2241,60.75002,HIGH
TRC2242,59.20428,MEDIUM
TRC2243,62.801567,HIGH
TRC2244,37.70049,LOW
TRC2245,42.979248,MEDIUM
TRC2246,37.59568,LOW
TRC2247,62.00142,HIGH
TRC2248,44.20121,MEDIUM
TRC2249,42.864906,MEDIUM
TRC2250,61.82226,HIGH
TRC2251,96.79823,CRITICAL
TRC2252,65.700066,HIGH
TRC2253,60.85236,HIGH
TRC2254,59.49875,MEDIUM
TRC2255,81.399315,CRITICAL
TRC2256,42.430477,MEDIUM
TRC2257,62.198776,HIGH
TRC2258,24.592548,LOW
TRC2259,96.1379,CRITICAL
TRC2260,36.201027,LOW
TRC2261,59.09889,MEDIUM
TRC2262,42.53218,MEDIUM
TRC2263,63.100773,HIGH
TRC2264,61.05199,HIGH
TRC2265,62.596817,HIGH
TRC2266,84.40186,CRITICAL
TRC2267,61.773216,HIGH
TRC2268,46.701794,MEDIUM
TRC2269,81.201164,CRITICAL
TRC2270,83.20089,CRITICAL
TRC2271,62.900536,HIGH
TRC2272,63.26915,HIGH
TRC2273,40.99855,MEDIUM
TRC2274,62.849533,HIGH
TRC2275,61.099094,HIGH
TRC2276,43.698673,MEDIUM
TRC2277,44.900482,MEDIUM
TRC2278,80.30041,CRITICAL
TRC2279,94.80035,CRITICAL
TRC2280,62.899975,HIGH
TRC2281,63.298,HIGH
TRC2282,25.59926,LOW
TRC2283,96.39898,CRITICAL
TRC2284,64.28896,HIGH
TRC2285,24.800417,LOW
TRC2286,96.60092,CRITICAL
TRC2287,39.50363,LOW
TRC2288,64.300476,HIGH
TRC2289,62.49877,HIGH
TRC2290,94.83073,CRITICAL
TRC2291,63.599674,HIGH
TRC2292,63.129326,HIGH
TRC2293,39.42442,LOW
TRC2294,63.8992,HIGH
TRC2295,62.10083,HIGH
TRC2296,83.399445,CRITICAL
TRC2297,40.498257,MEDIUM
TRC2298,83.89778,CRITICAL
TRC2299,61.200638,HIGH
TRC2300,80.99962,CRITICAL
TRC2301,83.92569,CRITICAL
TRC2302,37.599648,LOW
TRC2303,83.30083,CRITICAL
TRC2304,97.50031,CRITICAL
TRC2305,96.900085,CRITICAL
TRC2306,64.198326,HIGH
TRC2307,80.58517,CRITICAL
TRC2308,84.79888,CRITICAL
TRC2309,64.435005,HIGH
TRC2310,39.649025,LOW
TRC2311,43.247826,MEDIUM
TRC2312,80.80027,CRITICAL
TRC2313,62.40226,HIGH
TRC2314,82.50008,CRITICAL
TRC2315,44.900944,MEDIUM
TRC2316,62.89956,HIGH
TRC2317,94.699165,CRITICAL
TRC2318,37.801395,LOW
TRC2319,43.199722,MEDIUM
TRC2320,63.99875,HIGH
TRC2321,85.29908,CRITICAL
TRC2322,84.2378,CRITICAL
TRC2323,63.21746,HIGH
TRC2324,79.75828,HIGH
TRC2325,42.194332,MEDIUM
TRC2326,38.35179,LOW
TRC2327,65.799904,HIGH
TRC2328,84.801025,CRITICAL
TRC2329,81.231766,CRITICAL
TRC2330,40.903343,MEDIUM
TRC2331,59.767376,MEDIUM
TRC2332,60.201317,HIGH
TRC2333,83.805084,CRITICAL
TRC2334,65.19974,HIGH
TRC2335,40.399704,MEDIUM
TRC2336,85.0004,CRITICAL
TRC2337,96.07058,CRITICAL
TRC2338,84.50064,CRITICAL
TRC2339,84.27852,CRITICAL
TRC2340,39.500248,LOW
TRC2341,81.71581,CRITICAL
TRC2342,30.488882,LOW
TRC2343,26.701036,LOW
TRC2344,60.4033,HIGH
TRC2345,62.599903,HIGH
TRC2346,60.6996,HIGH
TRC2347,94.09931,CRITICAL
TRC2348,81.00002,CRITICAL
TRC2349,35.800602,LOW
TRC2350,98.18081,CRITICAL
TRC2351,45.839096,MEDIUM
TRC2352,62.299774,HIGH
TRC2353,30.701109,LOW
TRC2354,39.50613,LOW
TRC2355,63.595676,HIGH
TRC2356,42.40183,MEDIUM
TRC2357,65.00483,HIGH
TRC2358,97.59682,CRITICAL
TRC2359,97.00073,CRITICAL
TRC2360,61.500217,HIGH
TRC2361,82.10798,CRITICAL
TRC2362,42.395966,MEDIUM
TRC2363,62.304718,HIGH
TRC2364,36.40054,LOW
TRC2365,63.300987,HIGH
TRC2366,61.286835,HIGH
TRC2367,30.502007,LOW
TRC2368,62.364105,HIGH
TRC2369,82.194595,CRITICAL
TRC2370,37.642582,LOW
TRC2371,66.69914,HIGH
TRC2372,27.098919,LOW
TRC2373,65.39278,HIGH
TRC2374,63.20019,HIGH
TRC2375,62.80245,HIGH
TRC2376,62.399296,HIGH
TRC2377,64.4999,HIGH
TRC2378,84.60007,CRITICAL
TRC2379,64.199394,HIGH
TRC2380,43.300884,MEDIUM
TRC2381,60.500156,HIGH
TRC2382,62.499672,HIGH
TRC2383,82.842384,CRITICAL
TRC2384,84.59841,CRITICAL
TRC2385,81.12285,CRITICAL
TRC2386,34.97357,LOW
TRC2387,80.3005,CRITICAL
TRC2388,80.699005,CRITICAL
TRC2389,66.09881,HIGH
TRC2390,95.60064,CRITICAL
TRC2391,33.000137,LOW
TRC2392,60.30104,HIGH
TRC2393,98.53102,CRITICAL
TRC2394,63.22765,HIGH
TRC2395,82.70251,CRITICAL
TRC2396,81.298615,CRITICAL
TRC2397,39.700397,LOW
TRC2398,83.699104,CRITICAL
TRC2399,60.100292,HIGH
TRC2400,65.85207,HIGH
TRC2401,98.5604,CRITICAL
TRC2402,83.19949,CRITICAL
TRC2403,38.100346,LOW
TRC2404,63.705135,HIGH
TRC2405,83.501335,CRITICAL
TRC2406,80.59891,CRITICAL
TRC2407,95.198784,CRITICAL
TRC2408,64.399536,HIGH
TRC2409,46.63833,MEDIUM
TRC2410,26.365402,LOW
TRC2411,61.213604,HIGH
TRC2412,37.200073,LOW
TRC2413,80.63297,CRITICAL
TRC2414,46.3002,MEDIUM
TRC2415,45.100773,MEDIUM
TRC2416,36.79911,LOW
TRC2417,29.499435,LOW
TRC2418,38.299095,LOW
TRC2419,66.10084,HIGH
TRC2420,80.798874,CRITICAL
TRC2421,46.100113,MEDIUM
TRC2422,36.19999,LOW
TRC2423,59.70051,MEDIUM
TRC2424,60.92375,HIGH
TRC2425,64.63243,HIGH
TRC2426,40.401173,MEDIUM
TRC2427,61.740673,HIGH
TRC2428,40.83773,MEDIUM
TRC2429,63.710125,HIGH
TRC2430,61.200092,HIGH
TRC2431,62.299744,HIGH
TRC2432,39.501713,LOW
TRC2433,61.601223,HIGH
TRC2434,41.299706,MEDIUM
TRC2435,64.41265,HIGH
TRC2436,39.801205,LOW
TRC2437,64.50572,HIGH
TRC2438,61.95915,HIGH
TRC2439,94.998405,CRITICAL
TRC2440,80.29931,CRITICAL
TRC2441,63.99991,HIGH
TRC2442,62.19876,HIGH
TRC2443,42.377544,MEDIUM
TRC2444,63.691765,HIGH
TRC2445,83.100426,CRITICAL
TRC2446,66.199165,HIGH
TRC2447,98.20092,CRITICAL
TRC2448,38.700714,LOW
TRC2449,38.500153,LOW
TRC2450,63.675655,HIGH
TRC2451,62.39925,HIGH
TRC2452,81.701225,CRITICAL
TRC2453,45.799717,MEDIUM
TRC2454,65.600174,HIGH
TRC2455,61.849434,HIGH
TRC2456,64.59996,HIGH
TRC2457,37.698906,LOW
TRC2458,96.10168,CRITICAL
TRC2459,45.601997,MEDIUM
TRC2460,84.598885,CRITICAL
TRC2461,63.399395,HIGH
TRC2462,40.900894,MEDIUM
TRC2463,84.88189,CRITICAL
TRC2464,61.701942,HIGH
TRC2465,61.30019,HIGH
TRC2466,60.695614,HIGH
TRC2467,28.722912,LOW
TRC2468,35.19961,LOW
TRC2469,64.20457,HIGH
TRC2470,62.79907,HIGH
TRC2471,45.103016,MEDIUM
TRC2472,38.100117,LOW
TRC2473,61.295914,HIGH
TRC2474,97.61239,CRITICAL
TRC2475,46.20041,MEDIUM
TRC2476,80.52857,CRITICAL
TRC2477,59.30003,MEDIUM
TRC2478,32.298645,LOW
TRC2479,64.36112,HIGH
TRC2480,84.600876,CRITICAL
TRC2481,38.00404,LOW
TRC2482,33.662292,LOW
TRC2483,82.69943,CRITICAL
TRC2484,29.981966,LOW
TRC2485,62.999752,HIGH
TRC2486,41.79969,MEDIUM
TRC2487,61.00732,HIGH
TRC2488,38.85382,LOW
TRC2489,42.093025,MEDIUM
TRC2490,82.5004,CRITICAL
TRC2491,62.201294,HIGH
TRC2492,63.800476,HIGH
TRC2493,81.956566,CRITICAL
TRC2494,39.898506,LOW
TRC2495,64.39948,HIGH
TRC2496,83.06174,CRITICAL
TRC2497,98.129036,CRITICAL
TRC2498,98.099976,CRITICAL
TRC2499,61.00652,HIGH
TRC2500,85.00028,CRITICAL
TRC2501,61.14762,HIGH
TRC2502,63.24557,HIGH
TRC2503,84.20261,CRITICAL
TRC2504,62.401062,HIGH
TRC2505,22.096748,LOW
TRC2506,85.001,CRITICAL
TRC2507,42.596794,MEDIUM
TRC2508,94.89996,CRITICAL
TRC2509,63.999565,HIGH
TRC2510,63.700233,HIGH
TRC2511,83.34272,CRITICAL
TRC2512,39.598835,LOW
TRC2513,82.21371,CRITICAL
TRC2514,45.996395,MEDIUM
TRC2515,94.398346,CRITICAL
TRC2516,42.1458,MEDIUM
TRC2517,24.465456,LOW
TRC2518,84.688065,CRITICAL
TRC2519,80.99992,CRITICAL
TRC2520,22.700783,LOW
TRC2521,64.198814,HIGH
TRC2522,64.39049,HIGH
TRC2523,28.445738,LOW
TRC2524,38.19812,LOW
TRC2525,59.599926,MEDIUM
TRC2526,61.800888,HIGH
TRC2527,42.00216,MEDIUM
TRC2528,82.50014,CRITICAL
TRC2529,41.41173,MEDIUM
TRC2530,63.001213,HIGH
TRC2531,62.09929,HIGH
TRC2532,44.96383,MEDIUM
TRC2533,94.607124,CRITICAL
TRC2534,33.898365,LOW
TRC2535,42.70191,MEDIUM
TRC2536,38.300888,LOW
TRC2537,38.701424,LOW
TRC2538,81.757195,CRITICAL
TRC2539,84.1001,CRITICAL
TRC2540,61.0998,HIGH
TRC2541,85.60008,CRITICAL
TRC2542,30.601236,LOW
TRC2543,81.10557,CRITICAL
TRC2544,37.084953,LOW
TRC2545,30.199877,LOW
TRC2546,80.70012,CRITICAL
TRC2547,41.501205,MEDIUM
TRC2548,64.7917,HIGH
TRC2549,65.19403,HIGH
TRC2550,81.399864,CRITICAL
TRC2551,42.62373,MEDIUM
TRC2552,33.163956,LOW
TRC2553,81.34252,CRITICAL
TRC2554,61.200638,HIGH
TRC2555,32.180363,LOW
TRC2556,43.59627,MEDIUM
TRC2557,61.822674,HIGH
TRC2558,82.59957,CRITICAL
TRC2559,29.034954,LOW
TRC2560,61.904583,HIGH
TRC2561,37.500565,LOW
TRC2562,59.630024,MEDIUM
TRC2563,66.09896,HIGH
TRC2564,60.50633,HIGH
TRC2565,21.400053,LOW
TRC2566,82.49901,CRITICAL
TRC2567,83.80049,CRITICAL
TRC2568,65.99999,HIGH
TRC2569,83.89861,CRITICAL
TRC2570,61.640358,HIGH
TRC2571,65.800026,HIGH
TRC2572,61.34721,HIGH
TRC2573,94.7998,CRITICAL
TRC2574,42.398666,MEDIUM
TRC2575,64.700294,HIGH
TRC2576,46.20009,MEDIUM
TRC2577,84.399345,CRITICAL
TRC2578,59.693394,MEDIUM
TRC2579,64.00071,HIGH
TRC2580,28.099476,LOW
TRC2581,44.497753,MEDIUM
TRC2582,81.5973,CRITICAL
TRC2583,24.699522,LOW
TRC2584,42.098915,MEDIUM
TRC2585,84.95966,CRITICAL
TRC2586,65.99974,HIGH
TRC2587,33.49937,LOW
TRC2588,64.50171,HIGH
TRC2589,94.19969,CRITICAL
TRC2590,64.09881,HIGH
TRC2591,83.91384,CRITICAL
TRC2592,64.196594,HIGH
TRC2593,79.90128,HIGH
TRC2594,26.698788,LOW
TRC2595,60.300385,HIGH
TRC2596,83.73379,CRITICAL
TRC2597,63.100098,HIGH
TRC2598,62.696693,HIGH
TRC2599,24.499456,LOW
TRC2600,80.796745,CRITICAL
TRC2601,66.10052,HIGH
TRC2602,36.198566,LOW
TRC2603,98.89902,CRITICAL
TRC2604,41.772804,MEDIUM
TRC2605,39.10162,LOW
TRC2606,63.087997,HIGH
TRC2607,42.300865,MEDIUM
TRC2608,65.61976,HIGH
TRC2609,40.807617,MEDIUM
TRC2610,63.006905,HIGH
TRC2611,94.90036,CRITICAL
TRC2612,96.09847,CRITICAL
TRC2613,61.99968,HIGH
TRC2614,96.59978,CRITICAL
TRC2615,62.10175,HIGH
TRC2616,81.10123,CRITICAL
TRC2617,42.201622,MEDIUM
TRC2618,80.9005,CRITICAL
TRC2619,39.059242,LOW
TRC2620,44.699802,MEDIUM
TRC2621,64.37905,HIGH
TRC2622,64.84301,HIGH
TRC2623,61.864082,HIGH
TRC2624,62.37795,HIGH
TRC2625,26.701637,LOW
TRC2626,41.502995,MEDIUM
TRC2627,63.19903,HIGH
TRC2628,98.10115,CRITICAL
TRC2629,85.0,CRITICAL
TRC2630,35.80118,LOW
TRC2631,62.08279,HIGH
TRC2632,61.37788,HIGH
TRC2633,82.57616,CRITICAL
TRC2634,64.29926,HIGH
TRC2635,60.967865,HIGH
TRC2636,61.400723,HIGH
TRC2637,83.59978,CRITICAL
TRC2638,60.601223,HIGH
TRC2639,34.300777,LOW
TRC2640,25.799444,LOW
TRC2641,64.39986,HIGH
TRC2642,63.453278,HIGH
TRC2643,41.89897,MEDIUM
TRC2644,65.09894,HIGH
TRC2645,94.29889,CRITICAL
TRC2646,23.900156,LOW
TRC2647,42.61102,MEDIUM
TRC2648,62.361988,HIGH
TRC2649,61.90545,HIGH
TRC2650,45.20013,MEDIUM
TRC2651,39.77886,LOW
TRC2652,80.107635,CRITICAL
TRC2653,64.398964,HIGH
TRC2654,80.79944,CRITICAL
TRC2655,43.19964,MEDIUM
TRC2656,81.99999,CRITICAL
TRC2657,64.19962,HIGH
TRC2658,42.19785,MEDIUM
TRC2659,97.70203,CRITICAL
TRC2660,30.998594,LOW
TRC2661,44.70082,MEDIUM
TRC2662,94.00101,CRITICAL
TRC2663,98.09858,CRITICAL
TRC2664,96.09938,CRITICAL
TRC2665,23.300234,LOW
TRC2666,97.10116,CRITICAL
TRC2667,94.6849,CRITICAL
TRC2668,80.10096,CRITICAL
TRC2669,44.398987,MEDIUM
TRC2670,64.40023,HIGH
TRC2671,97.87908,CRITICAL
TRC2672,61.99941,HIGH
TRC2673,38.22305,LOW
TRC2674,60.503532,HIGH
TRC2675,59.901363,MEDIUM
TRC2676,59.8949,MEDIUM
TRC2677,80.09978,CRITICAL
TRC2678,99.49845,CRITICAL
TRC2679,40.6005,MEDIUM
TRC2680,58.90071,MEDIUM
TRC2681,63.20819,HIGH
TRC2682,83.27275,CRITICAL
TRC2683,63.61277,HIGH
TRC2684,63.39599,HIGH
TRC2685,81.29918,CRITICAL
TRC2686,83.17796,CRITICAL
TRC2687,64.600266,HIGH
TRC2688,62.486977,HIGH
TRC2689,41.43279,MEDIUM
TRC2690,37.384705,LOW
TRC2691,63.98754,HIGH
TRC2692,41.298096,MEDIUM
TRC2693,40.300133,MEDIUM
TRC2694,28.3006,LOW
TRC2695,61.20013,HIGH
TRC2696,36.899452,LOW
TRC2697,79.90148,HIGH
TRC2698,85.100136,CRITICAL
TRC2699,25.792114,LOW
TRC2700,80.33345,CRITICAL
TRC2701,40.198784,MEDIUM
TRC2702,38.402473,LOW
TRC2703,85.90059,CRITICAL
TRC2704,95.39986,CRITICAL
TRC2705,63.100132,HIGH
TRC2706,59.900932,MEDIUM
TRC2707,95.7013,CRITICAL
TRC2708,80.49962,CRITICAL
TRC2709,26.39998,LOW
TRC2710,44.397713,MEDIUM
TRC2711,61.298344,HIGH
TRC2712,95.27019,CRITICAL
TRC2713,83.60002,CRITICAL
TRC2714,41.699432,MEDIUM
TRC2715,95.2002,CRITICAL
TRC2716,41.5005,MEDIUM
TRC2717,63.099133,HIGH
TRC2718,61.597996,HIGH
TRC2719,62.794945,HIGH
TRC2720,58.800354,MEDIUM
TRC2721,40.701283,MEDIUM
TRC2722,84.209694,CRITICAL
TRC2723,40.89905,MEDIUM
TRC2724,61.800552,HIGH
TRC2725,31.60068,LOW
TRC2726,36.003296,LOW
TRC2727,40.800575,MEDIUM
TRC2728,63.82098,HIGH
TRC2729,64.78856,HIGH
TRC2730,84.10219,CRITICAL
TRC2731,85.70048,CRITICAL
TRC2732,29.199741,LOW
TRC2733,61.402756,HIGH
TRC2734,63.00193,HIGH
TRC2735,96.10666,CRITICAL
TRC2736,81.299225,CRITICAL
TRC2737,36.30056,LOW
TRC2738,98.40363,CRITICAL
TRC2739,41.10053,MEDIUM
TRC2740,61.04013,HIGH
TRC2741,81.210915,CRITICAL
TRC2742,60.594112,HIGH
TRC2743,82.90018,CRITICAL
TRC2744,62.708168,HIGH
TRC2745,39.70581,LOW
TRC2746,34.30029,LOW
TRC2747,41.583252,MEDIUM
TRC2748,38.90004,LOW
TRC2749,40.501064,MEDIUM
TRC2750,93.91248,CRITICAL
TRC2751,26.700075,LOW
TRC2752,61.09663,HIGH
TRC2753,63.30797,HIGH
TRC2754,62.473015,HIGH
TRC2755,36.519268,LOW
TRC2756,30.429417,LOW
TRC2757,34.56605,LOW
TRC2758,45.001606,MEDIUM
TRC2759,61.201042,HIGH
TRC2760,64.8096,HIGH
TRC2761,40.000103,MEDIUM
TRC2762,39.69562,LOW
TRC2763,40.19735,MEDIUM
TRC2764,36.897923,LOW
TRC2765,27.799587,LOW
TRC2766,65.92681,HIGH
TRC2767,38.3971,LOW
TRC2768,37.500774,LOW
TRC2769,39.877098,LOW
TRC2770,59.49983,MEDIUM
TRC2771,95.299805,CRITICAL
TRC2772,81.21875,CRITICAL
TRC2773,81.3991,CRITICAL
TRC2774,85.80071,CRITICAL
TRC2775,40.52289,MEDIUM
TRC2776,80.59184,CRITICAL
TRC2777,96.9992,CRITICAL
TRC2778,39.896606,LOW
TRC2779,62.50091,HIGH
TRC2780,28.999285,LOW
TRC2781,82.90042,CRITICAL
TRC2782,98.400185,CRITICAL
TRC2783,40.300095,MEDIUM
TRC2784,64.49997,HIGH
TRC2785,44.1003,MEDIUM
TRC2786,33.030926,LOW
TRC2787,34.70049,LOW
TRC2788,63.999184,HIGH
TRC2789,81.39672,CRITICAL
TRC2790,43.331905,MEDIUM
TRC2791,84.73579,CRITICAL
TRC2792,94.29948,CRITICAL
TRC2793,60.600582,HIGH
TRC2794,66.3999,HIGH
TRC2795,61.505325,HIGH
TRC2796,40.901054,MEDIUM
TRC2797,83.90029,CRITICAL
TRC2798,95.6996,CRITICAL
TRC2799,62.60014,HIGH
TRC2800,25.599983,LOW
TRC2801,44.44278,MEDIUM
TRC2802,84.799095,CRITICAL
TRC2803,65.17298,HIGH
TRC2804,83.900536,CRITICAL
TRC2805,61.619488,HIGH
TRC2806,81.59879,CRITICAL
TRC2807,59.600643,MEDIUM
TRC2808,63.20113,HIGH
TRC2809,32.917477,LOW
TRC2810,40.799377,MEDIUM
TRC2811,60.200024,HIGH
TRC2812,61.300804,HIGH
TRC2813,39.39931,LOW
TRC2814,43.90123,MEDIUM
TRC2815,62.02925,HIGH
TRC2816,42.6014,MEDIUM
TRC2817,59.903606,MEDIUM
TRC2818,80.96702,CRITICAL
TRC2819,61.099888,HIGH
TRC2820,84.299706,CRITICAL
TRC2821,99.30141,CRITICAL
TRC2822,31.411324,LOW
TRC2823,35.7013,LOW
TRC2824,25.80068,LOW
TRC2825,98.69983,CRITICAL
TRC2826,85.40185,CRITICAL
TRC2827,61.423565,HIGH
TRC2828,38.349464,LOW
TRC2829,26.890701,LOW
TRC2830,61.940712,HIGH
TRC2831,63.340645,HIGH
TRC2832,22.600433,LOW
TRC2833,44.19043,MEDIUM
TRC2834,31.000984,LOW
TRC2835,81.15068,CRITICAL
TRC2836,83.76215,CRITICAL
TRC2837,83.001205,CRITICAL
TRC2838,98.4016,CRITICAL
TRC2839,33.229816,LOW
TRC2840,63.295635,HIGH
TRC2841,83.398186,CRITICAL
TRC2842,65.300606,HIGH
TRC2843,45.000233,MEDIUM
TRC2844,62.009388,HIGH
TRC2845,61.79968,HIGH
TRC2846,24.299704,LOW
TRC2847,81.20059,CRITICAL
TRC2848,40.54765,MEDIUM
TRC2849,38.154766,LOW
TRC2850,40.399635,MEDIUM
TRC2851,29.881384,LOW
TRC2852,84.30486,CRITICAL
TRC2853,84.39977,CRITICAL
TRC2854,40.19906,MEDIUM
TRC2855,46.800045,MEDIUM
TRC2856,83.78349,CRITICAL
TRC2857,36.04099,LOW
TRC2858,95.000336,CRITICAL
TRC2859,83.3982,CRITICAL
TRC2860,40.298603,MEDIUM
TRC2861,39.10097,LOW
TRC2862,42.50568,MEDIUM
TRC2863,37.299984,LOW
TRC2864,36.000572,LOW
TRC2865,45.799595,MEDIUM
TRC2866,37.300312,LOW
TRC2867,85.54385,CRITICAL
TRC2868,35.500202,LOW
TRC2869,84.49861,CRITICAL
TRC2870,62.40124,HIGH
TRC2871,81.31717,CRITICAL
TRC2872,62.881725,HIGH
TRC2873,27.300205,LOW
TRC2874,80.70079,CRITICAL
TRC2875,26.951723,LOW
TRC2876,63.70121,HIGH
TRC2877,38.80173,LOW
TRC2878,63.698975,HIGH
TRC2879,80.15277,CRITICAL
TRC2880,36.837395,LOW
TRC2881,59.100292,MEDIUM
TRC2882,33.69969,LOW
TRC2883,62.60014,HIGH
TRC2884,27.099981,LOW
TRC2885,81.600464,CRITICAL
TRC2886,65.99932,HIGH
TRC2887,84.198845,CRITICAL
TRC2888,65.50004,HIGH
TRC2889,31.899527,LOW
TRC2890,39.66971,LOW
TRC2891,81.99995,CRITICAL
TRC2892,62.301,HIGH
TRC2893,30.300413,LOW
TRC2894,32.499557,LOW
TRC2895,35.49986,LOW
TRC2896,41.099957,MEDIUM
TRC2897,83.798256,CRITICAL
TRC2898,24.770369,LOW
TRC2899,94.400444,CRITICAL
TRC2900,43.70181,MEDIUM
TRC2901,65.29438,HIGH
TRC2902,61.284317,HIGH
TRC2903,64.19954,HIGH
TRC2904,99.19966,CRITICAL
TRC2905,80.80094,CRITICAL
TRC2906,37.596924,LOW
TRC2907,80.98172,CRITICAL
TRC2908,84.599045,CRITICAL
TRC2909,38.90118,LOW
TRC2910,63.600136,HIGH
TRC2911,85.30049,CRITICAL
TRC2912,80.44977,CRITICAL
TRC2913,86.19993,CRITICAL
TRC2914,36.646523,LOW
TRC2915,64.46448,HIGH
TRC2916,34.700504,LOW
TRC2917,60.962997,HIGH
TRC2918,32.499634,LOW
TRC2919,84.053474,CRITICAL
TRC2920,94.39917,CRITICAL
TRC2921,42.300175,MEDIUM
TRC2922,85.799995,CRITICAL
TRC2923,62.79828,HIGH
TRC2924,40.70217,MEDIUM
TRC2925,25.899593,LOW
TRC2926,81.60051,CRITICAL
TRC2927,59.40094,MEDIUM
TRC2928,44.100616,MEDIUM
TRC2929,35.60025,LOW
TRC2930,35.486458,LOW
TRC2931,99.00176,CRITICAL
TRC2932,28.700443,LOW
TRC2933,43.902767,MEDIUM
TRC2934,39.501183,LOW
TRC2935,82.91972,CRITICAL
TRC2936,64.67167,HIGH
TRC2937,32.10075,LOW
TRC2938,98.201416,CRITICAL
TRC2939,64.69997,HIGH
TRC2940,81.78451,CRITICAL
TRC2941,85.36901,CRITICAL
TRC2942,83.50019,CRITICAL
TRC2943,61.70059,HIGH
TRC2944,60.399384,HIGH
TRC2945,85.903076,CRITICAL
TRC2946,62.899563,HIGH
TRC2947,60.699326,HIGH
TRC2948,65.70016,HIGH
TRC2949,83.90088,CRITICAL
TRC2950,63.601517,HIGH
TRC2951,66.40018,HIGH
TRC2952,85.56342,CRITICAL
TRC2953,82.70324,CRITICAL
TRC2954,63.297993,HIGH
TRC2955,62.489758,HIGH
TRC2956,63.054108,HIGH
TRC2957,42.998993,MEDIUM
TRC2958,23.000128,LOW
TRC2959,41.801216,MEDIUM
TRC2960,42.01573,MEDIUM
TRC2961,38.499153,LOW
TRC2962,39.303627,LOW
TRC2963,60.922634,HIGH
TRC2964,41.49936,MEDIUM
TRC2965,63.201683,HIGH
TRC2966,21.601427,LOW
TRC2967,36.99997,LOW
TRC2968,61.682743,HIGH
TRC2969,42.578865,MEDIUM
TRC2970,42.90068,MEDIUM
TRC2971,60.499992,HIGH
TRC2972,45.300503,MEDIUM
TRC2973,61.09905,HIGH
TRC2974,62.00048,HIGH
TRC2975,63.490013,HIGH
TRC2976,42.53127,MEDIUM
TRC2977,64.29981,HIGH
TRC2978,44.099796,MEDIUM
TRC2979,43.3978,MEDIUM
TRC2980,66.00044,HIGH
TRC2981,46.00092,MEDIUM
TRC2982,61.09992,HIGH
TRC2983,98.39963,CRITICAL
TRC2984,39.10061,LOW
TRC2985,63.501442,HIGH
TRC2986,65.40334,HIGH
TRC2987,36.601315,LOW
TRC2988,85.398735,CRITICAL
TRC2989,61.40188,HIGH
TRC2990,62.920765,HIGH
TRC2991,40.288025,MEDIUM
TRC2992,42.500317,MEDIUM
TRC2993,61.397354,HIGH
TRC2994,61.049244,HIGH
TRC2995,64.89898,HIGH
TRC2996,35.599537,LOW
TRC2997,61.700626,HIGH
TRC2998,29.147024,LOW
TRC2999,61.312134,HIGH
TRC3000,84.99979,CRITICAL
SIG0001,43.41141,MEDIUM
SIG0002,65.823265,HIGH
SIG0003,44.000763,MEDIUM
SIG0004,94.79969,CRITICAL
SIG0005,41.70008,MEDIUM
SIG0006,94.90016,CRITICAL
SIG0007,60.600224,HIGH
SIG0008,62.500824,HIGH
SIG0009,65.30027,HIGH
SIG0010,60.400208,HIGH
SIG0011,28.300081,LOW
SIG0012,46.29948,MEDIUM
SIG0013,39.79903,LOW
SIG0014,38.832756,LOW
SIG0015,59.706455,MEDIUM
SIG0016,60.00056,HIGH
SIG0017,41.255806,MEDIUM
SIG0018,82.40969,CRITICAL
SIG0019,43.593678,MEDIUM
SIG0020,30.764923,LOW
SIG0021,46.101963,MEDIUM
SIG0022,60.19833,HIGH
SIG0023,58.799717,MEDIUM
SIG0024,46.883835,MEDIUM
SIG0025,85.200485,CRITICAL
SIG0026,98.12914,CRITICAL
SIG0027,63.69643,HIGH
SIG0028,64.40193,HIGH
SIG0029,44.552155,MEDIUM
SIG0030,62.400124,HIGH
SIG0031,63.798897,HIGH
SIG0032,64.20289,HIGH
SIG0033,65.22233,HIGH
SIG0034,84.2999,CRITICAL
SIG0035,42.09831,MEDIUM
SIG0036,84.299255,CRITICAL
SIG0037,63.506153,HIGH
SIG0038,63.800663,HIGH
SIG0039,30.600163,LOW
SIG0040,26.300888,LOW
SIG0041,26.699911,LOW
SIG0042,40.900284,MEDIUM
SIG0043,36.70003,LOW
SIG0044,29.499601,LOW
SIG0045,98.30059,CRITICAL
SIG0046,65.09898,HIGH
SIG0047,61.679115,HIGH
SIG0048,63.13274,HIGH
SIG0049,32.200558,LOW
SIG0050,40.599277,MEDIUM
SIG0051,80.427635,CRITICAL
SIG0052,62.11355,HIGH
SIG0053,63.300476,HIGH
SIG0054,44.26471,MEDIUM
SIG0055,39.29507,LOW
SIG0056,81.79899,CRITICAL
SIG0057,97.399574,CRITICAL
SIG0058,64.9005,HIGH
SIG0059,62.707363,HIGH
SIG0060,98.59972,CRITICAL
SIG0061,42.999207,MEDIUM
SIG0062,64.099495,HIGH
SIG0063,95.49917,CRITICAL
SIG0064,84.95739,CRITICAL
SIG0065,39.09763,LOW
SIG0066,63.201176,HIGH
SIG0067,64.49424,HIGH
SIG0068,84.4014,CRITICAL
SIG0069,43.90412,MEDIUM
SIG0070,64.59426,HIGH
SIG0071,31.300545,LOW
SIG0072,62.299793,HIGH
SIG0073,62.20179,HIGH
SIG0074,64.50039,HIGH
SIG0075,41.100655,MEDIUM
SIG0076,62.133057,HIGH
SIG0077,42.90272,MEDIUM
SIG0078,80.40851,CRITICAL
SIG0079,61.80072,HIGH
SIG0080,62.499023,HIGH
SIG0081,30.99974,LOW
SIG0082,65.6004,HIGH
SIG0083,41.33677,MEDIUM
SIG0084,26.600733,LOW
SIG0085,24.900145,LOW
SIG0086,65.70014,HIGH
SIG0087,81.44891,CRITICAL
SIG0088,42.782475,MEDIUM
SIG0089,81.805695,CRITICAL
SIG0090,40.069702,MEDIUM
SIG0091,62.599743,HIGH
SIG0092,63.30954,HIGH
SIG0093,38.999252,LOW
SIG0094,27.767477,LOW
SIG0095,80.50081,CRITICAL
SIG0096,42.99784,MEDIUM
SIG0097,21.599861,LOW
SIG0098,81.00093,CRITICAL
SIG0099,39.399807,LOW
SIG0100,61.099575,HIGH
SIG0101,62.90172,HIGH
SIG0102,60.29916,HIGH
SIG0103,63.5988,HIGH
SIG0104,94.199715,CRITICAL
SIG0105,65.59873,HIGH
SIG0106,43.498455,MEDIUM
SIG0107,62.29948,HIGH
SIG0108,62.066746,HIGH
SIG0109,42.9267,MEDIUM
SIG0110,39.50151,LOW
SIG0111,42.53831,MEDIUM
SIG0112,63.599663,HIGH
SIG0113,80.4992,CRITICAL
SIG0114,80.964226,CRITICAL
SIG0115,25.49988,LOW
SIG0116,43.59979,MEDIUM
SIG0117,83.818474,CRITICAL
SIG0118,67.29559,HIGH
SIG0119,42.570312,MEDIUM
SIG0120,82.7012,CRITICAL
SIG0121,84.10171,CRITICAL
SIG0122,61.30063,HIGH
SIG0123,36.199852,LOW
SIG0124,59.400745,MEDIUM
SIG0125,84.40651,CRITICAL
SIG0126,65.49941,HIGH
SIG0127,65.201035,HIGH
SIG0128,80.10066,CRITICAL
SIG0129,64.09907,HIGH
SIG0130,38.198387,LOW
SIG0131,84.29871,CRITICAL
SIG0132,62.400295,HIGH
SIG0133,85.69986,CRITICAL
SIG0134,36.899277,LOW
SIG0135,64.40055,HIGH
SIG0136,98.7,CRITICAL
SIG0137,44.18996,MEDIUM
SIG0138,98.39962,CRITICAL
SIG0139,58.802094,MEDIUM
SIG0140,40.30054,MEDIUM
SIG0141,95.10012,CRITICAL
SIG0142,94.6016,CRITICAL
SIG0143,94.77015,CRITICAL
SIG0144,81.21016,CRITICAL
SIG0145,65.07731,HIGH
SIG0146,62.199318,HIGH
SIG0147,45.43232,MEDIUM
SIG0148,65.49919,HIGH
SIG0149,35.300903,LOW
SIG0150,83.79932,CRITICAL
SIG0151,97.082664,CRITICAL
SIG0152,62.399925,HIGH
SIG0153,61.33521,HIGH
SIG0154,63.32224,HIGH
SIG0155,61.20164,HIGH
SIG0156,44.35667,MEDIUM
SIG0157,64.6918,HIGH
SIG0158,36.700977,LOW
SIG0159,64.00132,HIGH
SIG0160,60.398552,HIGH
SIG0161,98.69922,CRITICAL
SIG0162,80.86394,CRITICAL
SIG0163,62.505608,HIGH
SIG0164,40.85308,MEDIUM
SIG0165,61.499912,HIGH
SIG0166,82.599014,CRITICAL
SIG0167,63.10045,HIGH
SIG0168,61.400234,HIGH
SIG0169,80.08136,CRITICAL
SIG0170,26.423664,LOW
SIG0171,64.80432,HIGH
SIG0172,37.30312,LOW
SIG0173,22.500164,LOW
SIG0174,64.33883,HIGH
SIG0175,63.499073,HIGH
SIG0176,43.20084,MEDIUM
SIG0177,81.59843,CRITICAL
SIG0178,65.80031,HIGH
SIG0179,84.30064,CRITICAL
SIG0180,62.299294,HIGH
SIG0181,59.707645,MEDIUM
SIG0182,26.599697,LOW
SIG0183,60.592537,HIGH
SIG0184,99.00038,CRITICAL
SIG0185,84.78871,CRITICAL
SIG0186,84.2462,CRITICAL
SIG0187,81.40151,CRITICAL
SIG0188,42.298847,MEDIUM
SIG0189,63.50011,HIGH
SIG0190,38.19733,LOW
SIG0191,83.79963,CRITICAL
SIG0192,83.59924,CRITICAL
SIG0193,62.103127,HIGH
SIG0194,84.19872,CRITICAL
SIG0195,29.200562,LOW
SIG0196,81.39955,CRITICAL
SIG0197,84.497574,CRITICAL
SIG0198,43.259968,MEDIUM
SIG0199,80.010315,CRITICAL
SIG0200,27.819138,LOW
SIG0201,39.006733,LOW
SIG0202,63.025433,HIGH
SIG0203,65.199196,HIGH
SIG0204,81.226166,CRITICAL
SIG0205,85.83928,CRITICAL
SIG0206,44.323967,MEDIUM
SIG0207,61.69883,HIGH
SIG0208,37.373173,LOW
SIG0209,63.299953,HIGH
SIG0210,79.70123,HIGH
SIG0211,46.798893,MEDIUM
SIG0212,61.69515,HIGH
SIG0213,26.299042,LOW
SIG0214,66.200165,HIGH
SIG0215,40.393456,MEDIUM
SIG0216,39.39936,LOW
SIG0217,39.729843,LOW
SIG0218,39.500732,LOW
SIG0219,81.99968,CRITICAL
SIG0220,27.299932,LOW
SIG0221,61.4957,HIGH
SIG0222,44.700405,MEDIUM
SIG0223,44.39951,MEDIUM
SIG0224,39.297234,LOW
SIG0225,38.414417,LOW
SIG0226,64.40127,HIGH
SIG0227,62.5992,HIGH
SIG0228,80.90056,CRITICAL
SIG0229,65.073395,HIGH
SIG0230,62.278328,HIGH
SIG0231,99.10014,CRITICAL
SIG0232,63.952133,HIGH
SIG0233,63.699398,HIGH
SIG0234,27.699858,LOW
SIG0235,60.25482,HIGH
SIG0236,39.423576,LOW
SIG0237,66.199646,HIGH
SIG0238,35.29943,LOW
SIG0239,63.300404,HIGH
SIG0240,38.999546,LOW
SIG0241,94.20007,CRITICAL
SIG0242,38.79995,LOW
SIG0243,83.50196,CRITICAL
SIG0244,44.425346,MEDIUM
SIG0245,84.282524,CRITICAL
SIG0246,64.19905,HIGH
SIG0247,64.59921,HIGH
SIG0248,38.89986,LOW
SIG0249,36.712143,LOW
SIG0250,63.99684,HIGH
SIG0251,23.599722,LOW
SIG0252,39.399105,LOW
SIG0253,63.09674,HIGH
SIG0254,80.79941,CRITICAL
SIG0255,34.200336,LOW
SIG0256,64.80003,HIGH
SIG0257,98.58937,CRITICAL
SIG0258,94.50021,CRITICAL
SIG0259,25.799782,LOW
SIG0260,28.046234,LOW
SIG0261,60.099926,HIGH
SIG0262,82.365555,CRITICAL
SIG0263,36.544224,LOW
SIG0264,63.199394,HIGH
SIG0265,60.60061,HIGH
SIG0266,41.700523,MEDIUM
SIG0267,97.19975,CRITICAL
SIG0268,45.65081,MEDIUM
SIG0269,64.00057,HIGH
SIG0270,80.29686,CRITICAL
SIG0271,85.79539,CRITICAL
SIG0272,63.798874,HIGH
SIG0273,60.914124,HIGH
SIG0274,95.00238,CRITICAL
SIG0275,38.600735,LOW
SIG0276,61.45628,HIGH
SIG0277,43.09879,MEDIUM
SIG0278,61.398525,HIGH
SIG0279,65.100426,HIGH
SIG0280,35.300022,LOW
SIG0281,28.70201,LOW
SIG0282,80.729645,CRITICAL
SIG0283,83.05109,CRITICAL
SIG0284,80.90001,CRITICAL
SIG0285,60.10091,HIGH
SIG0286,60.10049,HIGH
SIG0287,82.64119,CRITICAL
SIG0288,96.69998,CRITICAL
SIG0289,64.30029,HIGH
SIG0290,36.79979,LOW
SIG0291,39.79824,LOW
SIG0292,61.599552,HIGH
SIG0293,40.815975,MEDIUM
SIG0294,39.298798,LOW
SIG0295,41.600086,MEDIUM
SIG0296,45.700474,MEDIUM
SIG0297,83.199745,CRITICAL
SIG0298,65.09985,HIGH
SIG0299,39.899994,LOW
SIG0300,59.298294,MEDIUM
SIG0301,64.78406,HIGH
SIG0302,59.320553,MEDIUM
SIG0303,59.898838,MEDIUM
SIG0304,64.49827,HIGH
SIG0305,83.99976,CRITICAL
SIG0306,42.211044,MEDIUM
SIG0307,80.90011,CRITICAL
SIG0308,94.49989,CRITICAL
SIG0309,97.71755,CRITICAL
SIG0310,30.400318,LOW
SIG0311,95.69966,CRITICAL
SIG0312,39.20063,LOW
SIG0313,82.09941,CRITICAL
SIG0314,83.2994,CRITICAL
SIG0315,80.298645,CRITICAL
SIG0316,40.335014,MEDIUM
SIG0317,32.50198,LOW
SIG0318,37.997765,LOW
SIG0319,61.100166,HIGH
SIG0320,43.355896,MEDIUM
SIG0321,26.199305,LOW
SIG0322,98.20042,CRITICAL
SIG0323,39.201668,LOW
SIG0324,40.366413,MEDIUM
SIG0325,94.746544,CRITICAL
SIG0326,42.074894,MEDIUM
SIG0327,29.30224,LOW
SIG0328,79.79096,HIGH
SIG0329,84.5003,CRITICAL
SIG0330,36.70009,LOW
SIG0331,94.50004,CRITICAL
SIG0332,98.30084,CRITICAL
SIG0333,37.37598,LOW
SIG0334,98.486984,CRITICAL
SIG0335,63.251675,HIGH
SIG0336,40.500843,MEDIUM
SIG0337,61.898533,HIGH
SIG0338,61.400677,HIGH
SIG0339,41.799667,MEDIUM
SIG0340,41.300236,MEDIUM
SIG0341,42.600155,MEDIUM
SIG0342,43.294052,MEDIUM
SIG0343,24.344234,LOW
SIG0344,63.20009,HIGH
SIG0345,62.700436,HIGH
SIG0346,42.9996,MEDIUM
SIG0347,31.397085,LOW
SIG0348,28.899727,LOW
SIG0349,60.07077,HIGH
SIG0350,39.999115,LOW
SIG0351,96.99921,CRITICAL
SIG0352,62.49927,HIGH
SIG0353,42.397217,MEDIUM
SIG0354,82.90091,CRITICAL
SIG0355,26.001965,LOW
SIG0356,66.20262,HIGH
SIG0357,44.198833,MEDIUM
SIG0358,22.200935,LOW
SIG0359,83.10179,CRITICAL
SIG0360,64.80063,HIGH
SIG0361,42.501755,MEDIUM
SIG0362,30.166613,LOW
SIG0363,60.0996,HIGH
SIG0364,82.30016,CRITICAL
SIG0365,30.907787,LOW
SIG0366,62.90005,HIGH
SIG0367,84.10008,CRITICAL
SIG0368,37.68399,LOW
SIG0369,45.597233,MEDIUM
SIG0370,63.300426,HIGH
SIG0371,98.099594,CRITICAL
SIG0372,62.086063,HIGH
SIG0373,41.997364,MEDIUM
SIG0374,62.40012,HIGH
SIG0375,43.087093,MEDIUM
SIG0376,98.08509,CRITICAL
SIG0377,63.569237,HIGH
SIG0378,43.048428,MEDIUM
SIG0379,37.90077,LOW
SIG0380,60.574497,HIGH
SIG0381,81.39564,CRITICAL
SIG0382,62.506878,HIGH
SIG0383,40.497368,MEDIUM
SIG0384,60.305786,HIGH
SIG0385,64.40376,HIGH
SIG0386,38.49991,LOW
SIG0387,63.700596,HIGH
SIG0388,40.798542,MEDIUM
SIG0389,61.560513,HIGH
SIG0390,59.89743,MEDIUM
SIG0391,84.39844,CRITICAL
SIG0392,94.79997,CRITICAL
SIG0393,61.800964,HIGH
SIG0394,36.198544,LOW
SIG0395,40.19944,MEDIUM
SIG0396,25.400515,LOW
SIG0397,81.8809,CRITICAL
SIG0398,63.602665,HIGH
SIG0399,63.916336,HIGH
SIG0400,94.616196,CRITICAL
SIG0401,27.497042,LOW
SIG0402,62.858833,HIGH
SIG0403,36.09892,LOW
SIG0404,94.334076,CRITICAL
SIG0405,40.69971,MEDIUM
SIG0406,25.994774,LOW
SIG0407,41.402546,MEDIUM
SIG0408,84.93505,CRITICAL
SIG0409,81.39972,CRITICAL
SIG0410,39.800385,LOW
SIG0411,80.0995,CRITICAL
SIG0412,83.800125,CRITICAL
SIG0413,45.49957,MEDIUM
SIG0414,64.89894,HIGH
SIG0415,44.076485,MEDIUM
SIG0416,82.8379,CRITICAL
SIG0417,41.00276,MEDIUM
SIG0418,36.39763,LOW
SIG0419,85.7996,CRITICAL
SIG0420,65.59262,HIGH
SIG0421,61.364464,HIGH
SIG0422,82.90178,CRITICAL
SIG0423,61.49907,HIGH
SIG0424,80.000374,CRITICAL
SIG0425,84.798935,CRITICAL
SIG0426,35.26806,LOW
SIG0427,64.60053,HIGH
SIG0428,62.99798,HIGH
SIG0429,28.18397,LOW
SIG0430,30.300686,LOW
SIG0431,25.41832,LOW
SIG0432,63.400703,HIGH
SIG0433,31.60027,LOW
SIG0434,62.296944,HIGH
SIG0435,64.90296,HIGH
SIG0436,81.4927,CRITICAL
SIG0437,82.68445,CRITICAL
SIG0438,39.80137,LOW
SIG0439,59.751263,MEDIUM
SIG0440,43.50078,MEDIUM
SIG0441,39.999847,LOW
SIG0442,81.59996,CRITICAL
SIG0443,44.700996,MEDIUM
SIG0444,61.946358,HIGH
SIG0445,63.63977,HIGH
SIG0446,61.501293,HIGH
SIG0447,85.49943,CRITICAL
SIG0448,62.386333,HIGH
SIG0449,96.19515,CRITICAL
SIG0450,33.19995,LOW
SIG0451,79.70471,HIGH
SIG0452,62.5997,HIGH
SIG0453,81.70496,CRITICAL
SIG0454,65.099,HIGH
SIG0455,61.89765,HIGH
SIG0456,82.50083,CRITICAL
SIG0457,84.87678,CRITICAL
SIG0458,39.10353,LOW
SIG0459,59.298946,MEDIUM
SIG0460,64.5941,HIGH
SIG0461,38.70032,LOW
SIG0462,28.800205,LOW
SIG0463,30.401009,LOW
SIG0464,85.00035,CRITICAL
SIG0465,84.76014,CRITICAL
SIG0466,85.77218,CRITICAL
SIG0467,41.800934,MEDIUM
SIG0468,22.400665,LOW
SIG0469,81.19828,CRITICAL
SIG0470,43.60053,MEDIUM
SIG0471,62.999905,HIGH
SIG0472,37.4041,LOW
SIG0473,61.486538,HIGH
SIG0474,34.50152,LOW
SIG0475,42.323933,MEDIUM
SIG0476,64.18235,HIGH
SIG0477,80.5754,CRITICAL
SIG0478,60.307514,HIGH
SIG0479,41.20101,MEDIUM
SIG0480,94.600395,CRITICAL
SIG0481,42.90158,MEDIUM
SIG0482,81.00061,CRITICAL
SIG0483,99.09825,CRITICAL
SIG0484,29.699896,LOW
SIG0485,64.547585,HIGH
SIG0486,63.623505,HIGH
SIG0487,64.69777,HIGH
SIG0488,64.09451,HIGH
SIG0489,85.17169,CRITICAL
SIG0490,40.795246,MEDIUM
SIG0491,29.19975,LOW
SIG0492,60.809338,HIGH
SIG0493,43.176193,MEDIUM
SIG0494,45.20812,MEDIUM
SIG0495,61.502182,HIGH
SIG0496,44.097828,MEDIUM
SIG0497,60.20045,HIGH
SIG0498,64.20169,HIGH
SIG0499,81.15997,CRITICAL
SIG0500,63.173557,HIGH
SIG0501,66.00943,HIGH
SIG0502,61.496376,HIGH
SIG0503,62.49986,HIGH
SIG0504,82.298965,CRITICAL
SIG0505,38.600914,LOW
SIG0506,61.20236,HIGH
SIG0507,81.90037,CRITICAL
SIG0508,61.003773,HIGH
SIG0509,64.08218,HIGH
SIG0510,59.30023,MEDIUM
SIG0511,61.10314,HIGH
SIG0512,66.79962,HIGH
SIG0513,22.2001,LOW
SIG0514,63.599087,HIGH
SIG0515,63.0603,HIGH
SIG0516,64.40027,HIGH
SIG0517,61.32529,HIGH
SIG0518,43.60183,MEDIUM
SIG0519,38.795723,LOW
SIG0520,37.100834,LOW
SIG0521,84.39971,CRITICAL
SIG0522,41.931873,MEDIUM
SIG0523,59.125298,MEDIUM
SIG0524,29.29944,LOW
SIG0525,63.20048,HIGH
SIG0526,82.79872,CRITICAL
SIG0527,63.798878,HIGH
SIG0528,63.399246,HIGH
SIG0529,60.599384,HIGH
SIG0530,95.05556,CRITICAL
SIG0531,61.100258,HIGH
SIG0532,83.90044,CRITICAL
SIG0533,62.501324,HIGH
SIG0534,63.264168,HIGH
SIG0535,61.695087,HIGH
SIG0536,84.17451,CRITICAL
SIG0537,98.2006,CRITICAL
SIG0538,98.20434,CRITICAL
SIG0539,46.20218,MEDIUM
SIG0540,82.01936,CRITICAL
SIG0541,82.00071,CRITICAL
SIG0542,62.497807,HIGH
SIG0543,41.801193,MEDIUM
SIG0544,61.68545,HIGH
SIG0545,38.401703,LOW
SIG0546,43.099567,MEDIUM
SIG0547,64.79857,HIGH
SIG0548,41.548504,MEDIUM
SIG0549,65.86397,HIGH
SIG0550,82.90017,CRITICAL
SIG0551,43.800747,MEDIUM
SIG0552,62.49967,HIGH
SIG0553,82.0991,CRITICAL
SIG0554,63.29955,HIGH
SIG0555,38.399654,LOW
SIG0556,62.199467,HIGH
SIG0557,42.600407,MEDIUM
SIG0558,32.54893,LOW
SIG0559,97.79856,CRITICAL
SIG0560,81.3002,CRITICAL
SIG0561,65.29871,HIGH
SIG0562,40.601467,MEDIUM
SIG0563,60.401012,HIGH
SIG0564,60.79356,HIGH
SIG0565,42.399048,MEDIUM
SIG0566,62.160896,HIGH
SIG0567,81.639206,CRITICAL
SIG0568,62.10387,HIGH
SIG0569,26.31505,LOW
SIG0570,34.00083,LOW
SIG0571,42.700817,MEDIUM
SIG0572,63.799644,HIGH
SIG0573,64.79803,HIGH
SIG0574,81.06226,CRITICAL
SIG0575,44.19798,MEDIUM
SIG0576,83.90016,CRITICAL
SIG0577,61.49807,HIGH
SIG0578,65.49918,HIGH
SIG0579,84.84532,CRITICAL
SIG0580,36.299896,LOW
SIG0581,25.596197,LOW
SIG0582,62.3983,HIGH
SIG0583,83.19995,CRITICAL
SIG0584,39.799248,LOW
SIG0585,96.19973,CRITICAL
SIG0586,80.942696,CRITICAL
SIG0587,64.99949,HIGH
SIG0588,40.79942,MEDIUM
SIG0589,62.40149,HIGH
SIG0590,42.399303,MEDIUM
SIG0591,62.5735,HIGH
SIG0592,28.699652,LOW
SIG0593,66.6999,HIGH
SIG0594,82.29895,CRITICAL
SIG0595,66.39957,HIGH
SIG0596,45.700333,MEDIUM
SIG0597,41.105392,MEDIUM
SIG0598,63.89991,HIGH
SIG0599,40.498325,MEDIUM
SIG0600,65.82342,HIGH
SIG0601,41.802593,MEDIUM
SIG0602,65.298004,HIGH
SIG0603,84.29904,CRITICAL
SIG0604,59.100246,MEDIUM
SIG0605,37.100075,LOW
SIG0606,63.700203,HIGH
SIG0607,63.349525,HIGH
SIG0608,80.69908,CRITICAL
SIG0609,59.938118,MEDIUM
SIG0610,61.040016,HIGH
SIG0611,65.39918,HIGH
SIG0612,26.600647,LOW
SIG0613,39.636982,LOW
SIG0614,44.00007,MEDIUM
SIG0615,41.527325,MEDIUM
SIG0616,63.095024,HIGH
SIG0617,22.100206,LOW
SIG0618,60.40191,HIGH
SIG0619,59.91624,MEDIUM
SIG0620,81.70673,CRITICAL
SIG0621,28.561535,LOW
SIG0622,85.70271,CRITICAL
SIG0623,79.701675,HIGH
SIG0624,63.998966,HIGH
SIG0625,81.49976,CRITICAL
SIG0626,61.365993,HIGH
SIG0627,84.000916,CRITICAL
SIG0628,80.30131,CRITICAL
SIG0629,60.801346,HIGH
SIG0630,39.600285,LOW
SIG0631,23.096905,LOW
SIG0632,95.601585,CRITICAL
SIG0633,40.180622,MEDIUM
SIG0634,63.806942,HIGH
SIG0635,63.298306,HIGH
SIG0636,81.80044,CRITICAL
SIG0637,96.890236,CRITICAL
SIG0638,41.202015,MEDIUM
SIG0639,82.901596,CRITICAL
SIG0640,41.99648,MEDIUM
SIG0641,94.82865,CRITICAL
SIG0642,40.997868,MEDIUM
SIG0643,96.25319,CRITICAL
SIG0644,63.600018,HIGH
SIG0645,41.01564,MEDIUM
SIG0646,29.703115,LOW
SIG0647,41.817635,MEDIUM
SIG0648,61.0434,HIGH
SIG0649,61.000393,HIGH
SIG0650,61.759903,HIGH
SIG0651,83.50278,CRITICAL
SIG0652,44.601692,MEDIUM
SIG0653,63.101707,HIGH
SIG0654,65.16461,HIGH
SIG0655,85.6199,CRITICAL
SIG0656,43.892796,MEDIUM
SIG0657,39.299015,LOW
SIG0658,36.09996,LOW
SIG0659,84.89908,CRITICAL
SIG0660,63.30095,HIGH
SIG0661,33.700047,LOW
SIG0662,62.600067,HIGH
SIG0663,85.500114,CRITICAL
SIG0664,85.20087,CRITICAL
SIG0665,32.500114,LOW
SIG0666,60.196884,HIGH
SIG0667,44.6978,MEDIUM
SIG0668,61.60172,HIGH
SIG0669,65.30254,HIGH
SIG0670,94.8056,CRITICAL
SIG0671,85.053894,CRITICAL
SIG0672,39.092194,LOW
SIG0673,38.00048,LOW
SIG0674,94.60013,CRITICAL
SIG0675,98.30123,CRITICAL
SIG0676,83.201706,CRITICAL
SIG0677,34.79349,LOW
SIG0678,38.39953,LOW
SIG0679,35.601456,LOW
SIG0680,83.40129,CRITICAL
SIG0681,61.650585,HIGH
SIG0682,40.10157,MEDIUM
SIG0683,25.599895,LOW
SIG0684,62.496796,HIGH
SIG0685,85.45491,CRITICAL
SIG0686,58.900505,MEDIUM
SIG0687,62.296978,HIGH
SIG0688,39.000084,LOW
SIG0689,94.2547,CRITICAL
SIG0690,39.497196,LOW
SIG0691,42.49708,MEDIUM
SIG0692,63.37098,HIGH
SIG0693,38.148193,LOW
SIG0694,80.90086,CRITICAL
SIG0695,38.400055,LOW
SIG0696,37.338787,LOW
SIG0697,25.399788,LOW
SIG0698,84.29934,CRITICAL
SIG0699,38.898743,LOW
SIG0700,63.578045,HIGH
SIG0701,84.00109,CRITICAL
SIG0702,64.48534,HIGH
SIG0703,84.20022,CRITICAL
SIG0704,32.799694,LOW
SIG0705,44.30126,MEDIUM
SIG0706,65.99729,HIGH
SIG0707,61.302116,HIGH
SIG0708,63.6996,HIGH
SIG0709,61.26544,HIGH
SIG0710,43.39712,MEDIUM
SIG0711,65.19905,HIGH
SIG0712,84.00005,CRITICAL
SIG0713,62.798237,HIGH
SIG0714,61.864494,HIGH
SIG0715,61.899494,HIGH
SIG0716,61.897026,HIGH
SIG0717,84.93584,CRITICAL
SIG0718,33.99965,LOW
SIG0719,41.90559,MEDIUM
SIG0720,83.20097,CRITICAL
SIG0721,95.300896,CRITICAL
SIG0722,63.80039,HIGH
SIG0723,33.493713,LOW
SIG0724,37.006744,LOW
SIG0725,81.40008,CRITICAL
SIG0726,45.60026,MEDIUM
SIG0727,59.70115,MEDIUM
SIG0728,61.046806,HIGH
SIG0729,60.87451,HIGH
SIG0730,31.90003,LOW
SIG0731,61.59864,HIGH
SIG0732,27.399782,LOW
SIG0733,98.501724,CRITICAL
SIG0734,62.198338,HIGH
SIG0735,94.202484,CRITICAL
SIG0736,95.26255,CRITICAL
SIG0737,64.161644,HIGH
SIG0738,65.307,HIGH
SIG0739,62.30292,HIGH
SIG0740,85.69319,CRITICAL
SIG0741,61.900826,HIGH
SIG0742,42.2955,MEDIUM
SIG0743,95.96626,CRITICAL
SIG0744,40.0794,MEDIUM
SIG0745,61.98207,HIGH
SIG0746,60.60039,HIGH
SIG0747,21.399813,LOW
SIG0748,82.49927,CRITICAL
SIG0749,59.700428,MEDIUM
SIG0750,60.412556,HIGH
SIG0751,41.70479,MEDIUM
SIG0752,83.49935,CRITICAL
SIG0753,27.999441,LOW
SIG0754,61.031376,HIGH
SIG0755,26.80025,LOW
SIG0756,62.896725,HIGH
SIG0757,59.099174,MEDIUM
SIG0758,61.399483,HIGH
SIG0759,42.200684,MEDIUM
SIG0760,62.915977,HIGH
SIG0761,62.600307,HIGH
SIG0762,31.999384,LOW
SIG0763,97.70056,CRITICAL
SIG0764,60.2716,HIGH
SIG0765,37.899334,LOW
SIG0766,35.099403,LOW
SIG0767,23.301208,LOW
SIG0768,29.600203,LOW
SIG0769,42.298916,MEDIUM
SIG0770,62.49994,HIGH
SIG0771,63.552162,HIGH
SIG0772,63.60042,HIGH
SIG0773,83.75185,CRITICAL
SIG0774,98.099625,CRITICAL
SIG0775,39.70302,LOW
SIG0776,67.09987,HIGH
SIG0777,32.20098,LOW
SIG0778,80.99997,CRITICAL
SIG0779,44.50301,MEDIUM
SIG0780,61.70175,HIGH
SIG0781,96.99985,CRITICAL
SIG0782,84.9009,CRITICAL
SIG0783,34.20168,LOW
SIG0784,38.89902,LOW
SIG0785,82.90068,CRITICAL
SIG0786,42.60285,MEDIUM
SIG0787,64.199066,HIGH
SIG0788,66.50199,HIGH
SIG0789,63.398724,HIGH
SIG0790,94.39966,CRITICAL
SIG0791,44.199028,MEDIUM
SIG0792,79.82903,HIGH
SIG0793,27.198334,LOW
SIG0794,41.086246,MEDIUM
SIG0795,40.401073,MEDIUM
SIG0796,82.09855,CRITICAL
SIG0797,79.90375,HIGH
SIG0798,60.196255,HIGH
SIG0799,42.900787,MEDIUM
SIG0800,27.099138,LOW
SIG0801,32.397713,LOW
SIG0802,40.00912,MEDIUM
SIG0803,62.80009,HIGH
SIG0804,98.4001,CRITICAL
SIG0805,63.099365,HIGH
SIG0806,40.803757,MEDIUM
SIG0807,65.79899,HIGH
SIG0808,82.006714,CRITICAL
SIG0809,61.90016,HIGH
SIG0810,40.400105,MEDIUM
SIG0811,64.69918,HIGH
SIG0812,61.825848,HIGH
SIG0813,62.60166,HIGH
SIG0814,66.89319,HIGH
SIG0815,61.100426,HIGH
SIG0816,39.299023,LOW
SIG0817,97.66941,CRITICAL
SIG0818,40.799152,MEDIUM
SIG0819,41.500374,MEDIUM
SIG0820,64.400856,HIGH
SIG0821,80.19879,CRITICAL
SIG0822,82.15209,CRITICAL
SIG0823,62.900185,HIGH
SIG0824,35.297947,LOW
SIG0825,60.868458,HIGH
SIG0826,36.510986,LOW
SIG0827,63.290123,HIGH
SIG0828,42.498325,MEDIUM
SIG0829,64.74157,HIGH
SIG0830,61.251778,HIGH
SIG0831,40.598755,MEDIUM
SIG0832,65.49872,HIGH
SIG0833,64.49856,HIGH
SIG0834,37.60002,LOW
SIG0835,85.397766,CRITICAL
SIG0836,43.398037,MEDIUM
SIG0837,84.29986,CRITICAL
SIG0838,40.401318,MEDIUM
SIG0839,79.69902,HIGH
SIG0840,35.997776,LOW
SIG0841,59.70159,MEDIUM
SIG0842,29.579369,LOW
SIG0843,61.792812,HIGH
SIG0844,59.399555,MEDIUM
SIG0845,61.36041,HIGH
SIG0846,83.90328,CRITICAL
SIG0847,41.088627,MEDIUM
SIG0848,84.30032,CRITICAL
SIG0849,94.79895,CRITICAL
SIG0850,38.19823,LOW
SIG0851,61.916157,HIGH
SIG0852,38.12795,LOW
SIG0853,97.59994,CRITICAL
SIG0854,84.65832,CRITICAL
SIG0855,26.850485,LOW
SIG0856,39.188335,LOW
SIG0857,61.29999,HIGH
SIG0858,32.999844,LOW
SIG0859,65.70114,HIGH
SIG0860,37.29729,LOW
SIG0861,24.198154,LOW
SIG0862,60.599846,HIGH
SIG0863,63.39898,HIGH
SIG0864,84.499855,CRITICAL
SIG0865,40.99889,MEDIUM
SIG0866,61.708515,HIGH
SIG0867,83.898766,CRITICAL
SIG0868,64.20031,HIGH
SIG0869,39.500427,LOW
SIG0870,65.39776,HIGH
SIG0871,59.500156,MEDIUM
SIG0872,35.89978,LOW
SIG0873,64.904625,HIGH
SIG0874,43.799076,MEDIUM
SIG0875,45.100918,MEDIUM
SIG0876,84.90097,CRITICAL
SIG0877,62.29032,HIGH
SIG0878,97.7023,CRITICAL
SIG0879,64.99767,HIGH
SIG0880,37.52479,LOW
SIG0881,64.33481,HIGH
SIG0882,31.400984,LOW
SIG0883,38.34823,LOW
SIG0884,82.50127,CRITICAL
SIG0885,38.498833,LOW
SIG0886,45.603184,MEDIUM
SIG0887,41.360416,MEDIUM
SIG0888,85.82939,CRITICAL
SIG0889,97.32355,CRITICAL
SIG0890,65.50174,HIGH
SIG0891,85.005066,CRITICAL
SIG0892,66.29962,HIGH
SIG0893,42.09866,MEDIUM
SIG0894,42.201252,MEDIUM
SIG0895,98.976776,CRITICAL
SIG0896,62.600048,HIGH
SIG0897,96.004555,CRITICAL
SIG0898,83.499535,CRITICAL
SIG0899,62.80149,HIGH
SIG0900,81.10123,CRITICAL
SIG0901,28.299364,LOW
SIG0902,61.499153,HIGH
SIG0903,64.5013,HIGH
SIG0904,63.502426,HIGH
SIG0905,83.49991,CRITICAL
SIG0906,61.698986,HIGH
SIG0907,95.49941,CRITICAL
SIG0908,62.23248,HIGH
SIG0909,37.801582,LOW
SIG0910,64.99815,HIGH
SIG0911,97.19952,CRITICAL
SIG0912,61.37803,HIGH
SIG0913,60.922413,HIGH
SIG0914,40.500942,MEDIUM
SIG0915,85.59925,CRITICAL
SIG0916,94.40089,CRITICAL
SIG0917,62.00207,HIGH
SIG0918,82.74966,CRITICAL
SIG0919,80.69966,CRITICAL
SIG0920,59.898624,MEDIUM
SIG0921,82.61465,CRITICAL
SIG0922,96.69881,CRITICAL
SIG0923,84.101776,CRITICAL
SIG0924,63.50084,HIGH
SIG0925,36.122425,LOW
SIG0926,80.5004,CRITICAL
SIG0927,59.700798,MEDIUM
SIG0928,62.420876,HIGH
SIG0929,63.102383,HIGH
SIG0930,33.80121,LOW
SIG0931,80.923546,CRITICAL
SIG0932,44.59359,MEDIUM
SIG0933,41.66669,MEDIUM
SIG0934,35.100166,LOW
SIG0935,45.240868,MEDIUM
SIG0936,60.499916,HIGH
SIG0937,41.101376,MEDIUM
SIG0938,58.900246,MEDIUM
SIG0939,24.703093,LOW
SIG0940,26.699415,LOW
SIG0941,63.205017,HIGH
SIG0942,64.09705,HIGH
SIG0943,60.049694,HIGH
SIG0944,59.10109,MEDIUM
SIG0945,38.900436,LOW
SIG0946,80.990425,CRITICAL
SIG0947,39.101334,LOW
SIG0948,63.799377,HIGH
SIG0949,38.199314,LOW
SIG0950,60.824787,HIGH
SIG0951,85.59953,CRITICAL
SIG0952,81.20095,CRITICAL
SIG0953,85.33523,CRITICAL
SIG0954,39.19709,LOW
SIG0955,61.501232,HIGH
SIG0956,83.50101,CRITICAL
SIG0957,41.298904,MEDIUM
SIG0958,83.19875,CRITICAL
SIG0959,62.94741,HIGH
SIG0960,97.59941,CRITICAL
SIG0961,29.201925,LOW
SIG0962,82.24037,CRITICAL
SIG0963,31.608368,LOW
SIG0964,61.75493,HIGH
SIG0965,96.7988,CRITICAL
SIG0966,35.299744,LOW
SIG0967,62.283855,HIGH
SIG0968,82.49826,CRITICAL
SIG0969,82.45639,CRITICAL
SIG0970,82.80032,CRITICAL
SIG0971,39.999386,LOW
SIG0972,98.600464,CRITICAL
SIG0973,62.699566,HIGH
SIG0974,37.99892,LOW
SIG0975,62.102943,HIGH
SIG0976,99.300064,CRITICAL
SIG0977,62.281143,HIGH
SIG0978,98.59987,CRITICAL
SIG0979,85.49972,CRITICAL
SIG0980,44.900806,MEDIUM
SIG0981,62.598797,HIGH
SIG0982,85.10081,CRITICAL
SIG0983,63.498596,HIGH
SIG0984,32.910168,LOW
SIG0985,80.70067,CRITICAL
SIG0986,28.79427,LOW
SIG0987,60.999535,HIGH
SIG0988,63.000023,HIGH
SIG0989,98.19999,CRITICAL
SIG0990,43.400284,MEDIUM
SIG0991,27.498775,LOW
SIG0992,65.0269,HIGH
SIG0993,32.09883,LOW
SIG0994,61.50017,HIGH
SIG0995,61.19904,HIGH
SIG0996,43.80095,MEDIUM
SIG0997,96.89917,CRITICAL
SIG0998,83.19889,CRITICAL
SIG0999,41.69412,MEDIUM
SIG1000,30.710579,LOW
SIG1001,40.64324,MEDIUM
SIG1002,61.61093,HIGH
SIG1003,60.100895,HIGH
SIG1004,23.098566,LOW
SIG1005,25.199917,LOW
SIG1006,26.499132,LOW
SIG1007,65.49901,HIGH
SIG1008,39.300117,LOW
SIG1009,81.80049,CRITICAL
SIG1010,41.776043,MEDIUM
SIG1011,84.70037,CRITICAL
SIG1012,83.20208,CRITICAL
SIG1013,97.39937,CRITICAL
SIG1014,40.566586,MEDIUM
SIG1015,98.03783,CRITICAL
SIG1016,96.784386,CRITICAL
SIG1017,85.500114,CRITICAL
SIG1018,65.20255,HIGH
SIG1019,39.000774,LOW
SIG1020,42.299408,MEDIUM
SIG1021,30.921719,LOW
SIG1022,62.99846,HIGH
SIG1023,46.000336,MEDIUM
SIG1024,84.5704,CRITICAL
SIG1025,61.50399,HIGH
SIG1026,32.40011,LOW
SIG1027,61.00334,HIGH
SIG1028,81.69931,CRITICAL
SIG1029,84.47688,CRITICAL
SIG1030,60.202587,HIGH
SIG1031,44.700703,MEDIUM
SIG1032,96.097466,CRITICAL
SIG1033,43.400093,MEDIUM
SIG1034,41.29856,MEDIUM
SIG1035,27.491882,LOW
SIG1036,81.90176,CRITICAL
SIG1037,85.40275,CRITICAL
SIG1038,62.397816,HIGH
SIG1039,61.101013,HIGH
SIG1040,64.087166,HIGH
SIG1041,39.293205,LOW
SIG1042,94.69967,CRITICAL
SIG1043,43.597847,MEDIUM
SIG1044,96.16811,CRITICAL
SIG1045,31.89994,LOW
SIG1046,43.90359,MEDIUM
SIG1047,96.101524,CRITICAL
SIG1048,41.940483,MEDIUM
SIG1049,64.59825,HIGH
SIG1050,84.80104,CRITICAL
SIG1051,64.0087,HIGH
SIG1052,30.199585,LOW
SIG1053,26.998524,LOW
SIG1054,64.19897,HIGH
SIG1055,62.39897,HIGH
SIG1056,60.50108,HIGH
SIG1057,83.49942,CRITICAL
SIG1058,84.30136,CRITICAL
SIG1059,98.599365,CRITICAL
SIG1060,62.603195,HIGH
SIG1061,44.065517,MEDIUM
SIG1062,39.89982,LOW
SIG1063,80.30096,CRITICAL
SIG1064,62.998886,HIGH
SIG1065,81.32905,CRITICAL
SIG1066,96.89978,CRITICAL
SIG1067,61.108875,HIGH
SIG1068,38.299877,LOW
SIG1069,38.56755,LOW
SIG1070,30.973656,LOW
SIG1071,95.50032,CRITICAL
SIG1072,84.30084,CRITICAL
SIG1073,43.467228,MEDIUM
SIG1074,40.101494,MEDIUM
SIG1075,84.218285,CRITICAL
SIG1076,95.09751,CRITICAL
SIG1077,98.863266,CRITICAL
SIG1078,59.69938,MEDIUM
SIG1079,35.73572,LOW
SIG1080,45.370102,MEDIUM
SIG1081,83.37689,CRITICAL
SIG1082,64.34891,HIGH
SIG1083,61.30024,HIGH
SIG1084,64.2006,HIGH
SIG1085,64.77957,HIGH
SIG1086,31.202356,LOW
SIG1087,22.799946,LOW
SIG1088,64.10217,HIGH
SIG1089,26.641558,LOW
SIG1090,82.10047,CRITICAL
SIG1091,60.597282,HIGH
SIG1092,61.64409,HIGH
SIG1093,84.296776,CRITICAL
SIG1094,66.04637,HIGH
SIG1095,84.40091,CRITICAL
SIG1096,85.19973,CRITICAL
SIG1097,39.299725,LOW
SIG1098,61.599735,HIGH
SIG1099,82.899796,CRITICAL
SIG1100,81.00045,CRITICAL
SIG1101,60.999928,HIGH
SIG1102,84.799385,CRITICAL
SIG1103,42.49807,MEDIUM
SIG1104,81.162025,CRITICAL
SIG1105,39.799004,LOW
SIG1106,95.40071,CRITICAL
SIG1107,27.700027,LOW
SIG1108,42.440937,MEDIUM
SIG1109,94.40042,CRITICAL
SIG1110,39.188107,LOW
SIG1111,37.699913,LOW
SIG1112,62.298473,HIGH
SIG1113,65.399925,HIGH
SIG1114,93.90146,CRITICAL
SIG1115,60.900043,HIGH
SIG1116,60.000767,HIGH
SIG1117,62.900497,HIGH
SIG1118,64.898575,HIGH
SIG1119,41.90345,MEDIUM
SIG1120,81.32141,CRITICAL
SIG1121,65.70512,HIGH
SIG1122,27.799574,LOW
SIG1123,85.19956,CRITICAL
SIG1124,63.497486,HIGH
SIG1125,64.301506,HIGH
SIG1126,80.699005,CRITICAL
SIG1127,60.487125,HIGH
SIG1128,44.01678,MEDIUM
SIG1129,64.39893,HIGH
SIG1130,44.098667,MEDIUM
SIG1131,61.90189,HIGH
SIG1132,46.399475,MEDIUM
SIG1133,62.087185,HIGH
SIG1134,80.19889,CRITICAL
SIG1135,64.48953,HIGH
SIG1136,59.700047,MEDIUM
SIG1137,61.33632,HIGH
SIG1138,39.82499,LOW
SIG1139,63.714127,HIGH
SIG1140,61.00233,HIGH
SIG1141,81.202446,CRITICAL
SIG1142,82.4982,CRITICAL
SIG1143,60.34784,HIGH
SIG1144,98.60222,CRITICAL
SIG1145,63.49955,HIGH
SIG1146,45.79988,MEDIUM
SIG1147,94.245834,CRITICAL
SIG1148,36.800648,LOW
SIG1149,60.77502,HIGH
SIG1150,65.098465,HIGH
SIG1151,83.306786,CRITICAL
SIG1152,40.898968,MEDIUM
SIG1153,27.60044,LOW
SIG1154,45.10063,MEDIUM
SIG1155,98.10068,CRITICAL
SIG1156,63.498253,HIGH
SIG1157,65.69963,HIGH
SIG1158,60.401028,HIGH
SIG1159,43.26149,MEDIUM
SIG1160,80.647964,CRITICAL
SIG1161,62.500828,HIGH
SIG1162,36.60011,LOW
SIG1163,95.899315,CRITICAL
SIG1164,28.598179,LOW
SIG1165,62.50103,HIGH
SIG1166,40.529682,MEDIUM
SIG1167,64.50258,HIGH
SIG1168,34.60042,LOW
SIG1169,84.30087,CRITICAL
SIG1170,97.7029,CRITICAL
SIG1171,40.60204,MEDIUM
SIG1172,40.37323,MEDIUM
SIG1173,35.100914,LOW
SIG1174,81.00302,CRITICAL
SIG1175,41.24677,MEDIUM
SIG1176,21.801542,LOW
SIG1177,84.09946,CRITICAL
SIG1178,25.789814,LOW
SIG1179,40.343582,MEDIUM
SIG1180,96.62638,CRITICAL
SIG1181,42.602997,MEDIUM
SIG1182,82.54865,CRITICAL
SIG1183,46.100094,MEDIUM
SIG1184,95.401436,CRITICAL
SIG1185,44.09999,MEDIUM
SIG1186,39.693794,LOW
SIG1187,59.500076,MEDIUM
SIG1188,80.49555,CRITICAL
SIG1189,37.098095,LOW
SIG1190,98.000595,CRITICAL
SIG1191,80.90041,CRITICAL
SIG1192,42.070114,MEDIUM
SIG1193,65.22303,HIGH
SIG1194,61.100445,HIGH
SIG1195,41.399097,MEDIUM
SIG1196,98.29537,CRITICAL
SIG1197,95.69922,CRITICAL
SIG1198,94.6948,CRITICAL
SIG1199,63.30045,HIGH
SIG1200,26.438463,LOW
SIG1201,63.10088,HIGH
SIG1202,60.93424,HIGH
SIG1203,43.501305,MEDIUM
SIG1204,43.99864,MEDIUM
SIG1205,61.90361,HIGH
SIG1206,26.545826,LOW
SIG1207,34.698967,LOW
SIG1208,61.741,HIGH
SIG1209,63.09543,HIGH
SIG1210,83.90016,CRITICAL
SIG1211,37.002304,LOW
SIG1212,63.799778,HIGH
SIG1213,40.798805,MEDIUM
SIG1214,39.297775,LOW
SIG1215,95.15637,CRITICAL
SIG1216,94.19881,CRITICAL
SIG1217,62.202557,HIGH
SIG1218,83.90045,CRITICAL
SIG1219,84.25054,CRITICAL
SIG1220,95.39987,CRITICAL
SIG1221,97.70027,CRITICAL
SIG1222,60.10017,HIGH
SIG1223,58.90081,MEDIUM
SIG1224,81.799286,CRITICAL
SIG1225,39.898212,LOW
SIG1226,47.101612,MEDIUM
SIG1227,65.00159,HIGH
SIG1228,86.09895,CRITICAL
SIG1229,94.79971,CRITICAL
SIG1230,41.40022,MEDIUM
SIG1231,94.4,CRITICAL
SIG1232,59.098297,MEDIUM
SIG1233,64.594826,HIGH
SIG1234,61.297344,HIGH
SIG1235,61.39905,HIGH
SIG1236,33.659348,LOW
SIG1237,63.701565,HIGH
SIG1238,22.097729,LOW
SIG1239,63.50154,HIGH
SIG1240,63.14018,HIGH
SIG1241,80.996994,CRITICAL
SIG1242,83.84923,CRITICAL
SIG1243,98.22172,CRITICAL
SIG1244,95.848015,CRITICAL
SIG1245,84.06677,CRITICAL
SIG1246,80.89967,CRITICAL
SIG1247,37.697037,LOW
SIG1248,84.44294,CRITICAL
SIG1249,37.99988,LOW
SIG1250,41.89901,MEDIUM
SIG1251,32.90198,LOW
SIG1252,46.301025,MEDIUM
SIG1253,44.404243,MEDIUM
SIG1254,39.499672,LOW
SIG1255,36.20067,LOW
SIG1256,81.00097,CRITICAL
SIG1257,29.800137,LOW
SIG1258,60.499695,HIGH
SIG1259,98.80077,CRITICAL
SIG1260,63.902252,HIGH
SIG1261,32.549164,LOW
SIG1262,61.7999,HIGH
SIG1263,60.153336,HIGH
SIG1264,63.69943,HIGH
SIG1265,82.236,CRITICAL
SIG1266,59.30159,MEDIUM
SIG1267,36.04526,LOW
SIG1268,60.984844,HIGH
SIG1269,38.200504,LOW
SIG1270,60.098763,HIGH
SIG1271,65.49867,HIGH
SIG1272,63.613476,HIGH
SIG1273,41.40765,MEDIUM
SIG1274,65.99686,HIGH
SIG1275,39.005814,LOW
SIG1276,83.0998,CRITICAL
SIG1277,25.157694,LOW
SIG1278,83.50067,CRITICAL
SIG1279,27.600204,LOW
SIG1280,60.355427,HIGH
SIG1281,42.578674,MEDIUM
SIG1282,85.15434,CRITICAL
SIG1283,80.39884,CRITICAL
SIG1284,64.14024,HIGH
SIG1285,84.2065,CRITICAL
SIG1286,60.904106,HIGH
SIG1287,63.50041,HIGH
SIG1288,64.4038,HIGH
SIG1289,64.30416,HIGH
SIG1290,63.299606,HIGH
SIG1291,44.001247,MEDIUM
SIG1292,31.800337,LOW
SIG1293,40.902607,MEDIUM
SIG1294,85.69938,CRITICAL
SIG1295,40.01121,MEDIUM
SIG1296,95.299675,CRITICAL
SIG1297,25.271015,LOW
SIG1298,86.30031,CRITICAL
SIG1299,97.999,CRITICAL
SIG1300,59.099182,MEDIUM
SIG1301,28.500774,LOW
SIG1302,44.962063,MEDIUM
SIG1303,61.70189,HIGH
SIG1304,43.600574,MEDIUM
SIG1305,65.68814,HIGH
SIG1306,61.849236,HIGH
SIG1307,23.39914,LOW
SIG1308,62.801052,HIGH
SIG1309,59.502266,MEDIUM
SIG1310,45.099136,MEDIUM
SIG1311,44.05558,MEDIUM
SIG1312,61.299698,HIGH
SIG1313,97.00087,CRITICAL
SIG1314,80.921,CRITICAL
SIG1315,62.799053,HIGH
SIG1316,98.69953,CRITICAL
SIG1317,94.73534,CRITICAL
SIG1318,83.7459,CRITICAL
SIG1319,94.19981,CRITICAL
SIG1320,35.999382,LOW
SIG1321,94.40006,CRITICAL
SIG1322,39.29916,LOW
SIG1323,81.80291,CRITICAL
SIG1324,82.4016,CRITICAL
SIG1325,80.637405,CRITICAL
SIG1326,83.40043,CRITICAL
SIG1327,99.0982,CRITICAL
SIG1328,59.900772,MEDIUM
SIG1329,84.153984,CRITICAL
SIG1330,61.18344,HIGH
SIG1331,63.875706,HIGH
SIG1332,40.79978,MEDIUM
SIG1333,61.09953,HIGH
SIG1334,38.195095,LOW
SIG1335,62.0027,HIGH
SIG1336,60.399536,HIGH
SIG1337,83.85538,CRITICAL
SIG1338,61.899315,HIGH
SIG1339,62.39968,HIGH
SIG1340,95.19963,CRITICAL
SIG1341,84.101204,CRITICAL
SIG1342,62.07495,HIGH
SIG1343,45.250103,MEDIUM
SIG1344,61.818043,HIGH
SIG1345,62.799118,HIGH
SIG1346,84.80095,CRITICAL
SIG1347,65.201645,HIGH
SIG1348,33.401894,LOW
SIG1349,45.600864,MEDIUM
SIG1350,59.700233,MEDIUM
SIG1351,62.501057,HIGH
SIG1352,59.89342,MEDIUM
SIG1353,97.60007,CRITICAL
SIG1354,61.505283,HIGH
SIG1355,65.19927,HIGH
SIG1356,61.71173,HIGH
SIG1357,39.60401,LOW
SIG1358,46.00569,MEDIUM
SIG1359,38.271534,LOW
SIG1360,39.798885,LOW
SIG1361,63.595715,HIGH
SIG1362,27.1277,LOW
SIG1363,42.583027,MEDIUM
SIG1364,80.79995,CRITICAL
SIG1365,63.399315,HIGH
SIG1366,84.72383,CRITICAL
SIG1367,81.57499,CRITICAL
SIG1368,61.000336,HIGH
SIG1369,62.200222,HIGH
SIG1370,81.39874,CRITICAL
SIG1371,62.160423,HIGH
SIG1372,44.79984,MEDIUM
SIG1373,31.999544,LOW
SIG1374,84.49947,CRITICAL
SIG1375,61.700752,HIGH
SIG1376,83.699684,CRITICAL
SIG1377,62.40055,HIGH
SIG1378,80.999916,CRITICAL
SIG1379,80.999146,CRITICAL
SIG1380,80.29934,CRITICAL
SIG1381,39.102478,LOW
SIG1382,81.711365,CRITICAL
SIG1383,83.69042,CRITICAL
SIG1384,64.52062,HIGH
SIG1385,36.1299,LOW
SIG1386,39.30129,LOW
SIG1387,64.899124,HIGH
SIG1388,40.501495,MEDIUM
SIG1389,63.100647,HIGH
SIG1390,61.198505,HIGH
SIG1391,81.396904,CRITICAL
SIG1392,80.899666,CRITICAL
SIG1393,64.29518,HIGH
SIG1394,59.99698,MEDIUM
SIG1395,35.48383,LOW
SIG1396,61.800632,HIGH
SIG1397,41.398117,MEDIUM
SIG1398,36.79866,LOW
SIG1399,44.47404,MEDIUM
SIG1400,65.99896,HIGH
SIG1401,60.498554,HIGH
SIG1402,64.39982,HIGH
SIG1403,27.800266,LOW
SIG1404,62.536827,HIGH
SIG1405,80.31695,CRITICAL
SIG1406,37.099724,LOW
SIG1407,46.197475,MEDIUM
SIG1408,66.49963,HIGH
SIG1409,37.59924,LOW
SIG1410,38.700764,LOW
SIG1411,27.299793,LOW
SIG1412,66.50018,HIGH
SIG1413,80.798294,CRITICAL
SIG1414,42.33862,MEDIUM
SIG1415,60.900333,HIGH
SIG1416,40.40098,MEDIUM
SIG1417,40.740982,MEDIUM
SIG1418,38.500484,LOW
SIG1419,43.499855,MEDIUM
SIG1420,63.800003,HIGH
SIG1421,42.201965,MEDIUM
SIG1422,83.34182,CRITICAL
SIG1423,95.00136,CRITICAL
SIG1424,41.258278,MEDIUM
SIG1425,40.3003,MEDIUM
SIG1426,81.89994,CRITICAL
SIG1427,38.08357,LOW
SIG1428,24.700237,LOW
SIG1429,83.99528,CRITICAL
SIG1430,97.66031,CRITICAL
SIG1431,59.69762,MEDIUM
SIG1432,61.999775,HIGH
SIG1433,40.600983,MEDIUM
SIG1434,65.20369,HIGH
SIG1435,61.600666,HIGH
SIG1436,80.70195,CRITICAL
SIG1437,64.199356,HIGH
SIG1438,85.49561,CRITICAL
SIG1439,61.03216,HIGH
SIG1440,61.41954,HIGH
SIG1441,81.73657,CRITICAL
SIG1442,64.39989,HIGH
SIG1443,39.50001,LOW
SIG1444,39.90086,LOW
SIG1445,80.5004,CRITICAL
SIG1446,22.700193,LOW
SIG1447,41.555798,MEDIUM
SIG1448,25.201866,LOW
SIG1449,61.49907,HIGH
SIG1450,63.50038,HIGH
SIG1451,33.800854,LOW
SIG1452,45.399998,MEDIUM
SIG1453,37.18087,LOW
SIG1454,41.999275,MEDIUM
SIG1455,97.03316,CRITICAL
SIG1456,98.86129,CRITICAL
SIG1457,63.505676,HIGH
SIG1458,37.900658,LOW
SIG1459,79.64485,HIGH
SIG1460,64.39926,HIGH
SIG1461,79.901054,HIGH
SIG1462,65.99985,HIGH
SIG1463,95.4992,CRITICAL
SIG1464,94.17705,CRITICAL
SIG1465,84.49741,CRITICAL
SIG1466,43.000248,MEDIUM
SIG1467,96.88582,CRITICAL
SIG1468,80.06414,CRITICAL
SIG1469,83.69933,CRITICAL
SIG1470,95.49855,CRITICAL
SIG1471,95.19959,CRITICAL
SIG1472,83.22679,CRITICAL
SIG1473,62.799328,HIGH
SIG1474,85.20083,CRITICAL
SIG1475,96.823296,CRITICAL
SIG1476,80.0932,CRITICAL
SIG1477,59.5993,MEDIUM
SIG1478,80.99594,CRITICAL
SIG1479,84.788635,CRITICAL
SIG1480,29.667198,LOW
SIG1481,79.701324,HIGH
SIG1482,38.37146,LOW
SIG1483,85.701126,CRITICAL
SIG1484,43.266903,MEDIUM
SIG1485,29.40103,LOW
SIG1486,61.099224,HIGH
SIG1487,44.497677,MEDIUM
SIG1488,66.00029,HIGH
SIG1489,65.89719,HIGH
SIG1490,42.343025,MEDIUM
SIG1491,42.500126,MEDIUM
SIG1492,40.498634,MEDIUM
SIG1493,60.341568,HIGH
SIG1494,65.3132,HIGH
SIG1495,21.799046,LOW
SIG1496,82.099174,CRITICAL
SIG1497,84.00112,CRITICAL
SIG1498,64.302376,HIGH
SIG1499,65.0008,HIGH
SIG1500,60.946434,HIGH
SIG1501,98.590645,CRITICAL
SIG1502,83.70932,CRITICAL
SIG1503,26.301908,LOW
SIG1504,61.35718,HIGH
SIG1505,61.400276,HIGH
SIG1506,96.39997,CRITICAL
SIG1507,81.498726,CRITICAL
SIG1508,44.70178,MEDIUM
SIG1509,36.400448,LOW
SIG1510,62.30079,HIGH
SIG1511,62.999367,HIGH
SIG1512,94.19999,CRITICAL
SIG1513,60.60216,HIGH
SIG1514,24.300524,LOW
SIG1515,61.699345,HIGH
SIG1516,41.100845,MEDIUM
SIG1517,83.99927,CRITICAL
SIG1518,26.897982,LOW
SIG1519,60.03727,HIGH
SIG1520,41.399864,MEDIUM
SIG1521,60.03695,HIGH
SIG1522,25.000057,LOW
SIG1523,97.00015,CRITICAL
SIG1524,63.3992,HIGH
SIG1525,62.271107,HIGH
SIG1526,98.34182,CRITICAL
SIG1527,41.340214,MEDIUM
SIG1528,81.49791,CRITICAL
SIG1529,63.499424,HIGH
SIG1530,31.102343,LOW
SIG1531,66.89965,HIGH
SIG1532,41.401344,MEDIUM
SIG1533,31.138683,LOW
SIG1534,62.004936,HIGH
SIG1535,94.55885,CRITICAL
SIG1536,86.04739,CRITICAL
SIG1537,84.393135,CRITICAL
SIG1538,63.9239,HIGH
SIG1539,82.9024,CRITICAL
SIG1540,66.16736,HIGH
SIG1541,61.367702,HIGH
SIG1542,39.40087,LOW
SIG1543,63.199654,HIGH
SIG1544,62.79881,HIGH
SIG1545,43.700283,MEDIUM
SIG1546,60.799904,HIGH
SIG1547,85.00136,CRITICAL
SIG1548,79.69952,HIGH
SIG1549,29.292171,LOW
SIG1550,23.59772,LOW
SIG1551,37.20035,LOW
SIG1552,64.040215,HIGH
SIG1553,61.899956,HIGH
SIG1554,27.601418,LOW
SIG1555,94.39933,CRITICAL
SIG1556,28.603922,LOW
SIG1557,41.253803,MEDIUM
SIG1558,84.90115,CRITICAL
SIG1559,80.80532,CRITICAL
SIG1560,94.80006,CRITICAL
SIG1561,43.337223,MEDIUM
SIG1562,40.399014,MEDIUM
SIG1563,38.800686,LOW
SIG1564,81.19982,CRITICAL
SIG1565,61.69983,HIGH
SIG1566,81.00045,CRITICAL
SIG1567,39.86106,LOW
SIG1568,36.698166,LOW
SIG1569,59.845486,MEDIUM
SIG1570,44.400173,MEDIUM
SIG1571,64.19643,HIGH
SIG1572,25.80042,LOW
SIG1573,80.70051,CRITICAL
SIG1574,84.98787,CRITICAL
SIG1575,79.93097,HIGH
SIG1576,82.242966,CRITICAL
SIG1577,81.400345,CRITICAL
SIG1578,42.30179,MEDIUM
SIG1579,65.491196,HIGH
SIG1580,62.401127,HIGH
SIG1581,82.70454,CRITICAL
SIG1582,26.795576,LOW
SIG1583,37.42833,LOW
SIG1584,62.217556,HIGH
SIG1585,60.800484,HIGH
SIG1586,37.099613,LOW
SIG1587,33.0993,LOW
SIG1588,83.10306,CRITICAL
SIG1589,99.39666,CRITICAL
SIG1590,61.401394,HIGH
SIG1591,84.00073,CRITICAL
SIG1592,32.659523,LOW
SIG1593,62.800823,HIGH
SIG1594,34.293346,LOW
SIG1595,41.90217,MEDIUM
SIG1596,82.89944,CRITICAL
SIG1597,62.19692,HIGH
SIG1598,63.69994,HIGH
SIG1599,45.11613,MEDIUM
SIG1600,62.59944,HIGH
SIG1601,35.300575,LOW
SIG1602,33.002,LOW
SIG1603,66.99918,HIGH
SIG1604,45.600216,MEDIUM
SIG1605,46.297634,MEDIUM
SIG1606,42.423893,MEDIUM
SIG1607,36.930378,LOW
SIG1608,94.29354,CRITICAL
SIG1609,64.89694,HIGH
SIG1610,60.792328,HIGH
SIG1611,98.700554,CRITICAL
SIG1612,65.51223,HIGH
SIG1613,39.30037,LOW
SIG1614,81.001465,CRITICAL
SIG1615,81.06408,CRITICAL
SIG1616,97.900475,CRITICAL
SIG1617,96.14178,CRITICAL
SIG1618,35.94317,LOW
SIG1619,81.17508,CRITICAL
SIG1620,62.69992,HIGH
SIG1621,37.10257,LOW
SIG1622,42.301193,MEDIUM
SIG1623,80.1996,CRITICAL
SIG1624,85.19931,CRITICAL
SIG1625,26.099733,LOW
SIG1626,61.196598,HIGH
SIG1627,37.500565,LOW
SIG1628,39.099834,LOW
SIG1629,41.641586,MEDIUM
SIG1630,42.487328,MEDIUM
SIG1631,63.300198,HIGH
SIG1632,40.497604,MEDIUM
SIG1633,61.299873,HIGH
SIG1634,38.00107,LOW
SIG1635,66.7005,HIGH
SIG1636,39.99935,LOW
SIG1637,82.04317,CRITICAL
SIG1638,83.700134,CRITICAL
SIG1639,83.79946,CRITICAL
SIG1640,62.50088,HIGH
SIG1641,65.19949,HIGH
SIG1642,82.08399,CRITICAL
SIG1643,63.49942,HIGH
SIG1644,63.00069,HIGH
SIG1645,62.40037,HIGH
SIG1646,84.59589,CRITICAL
SIG1647,63.10354,HIGH
SIG1648,95.69925,CRITICAL
SIG1649,82.49849,CRITICAL
SIG1650,23.499548,LOW
SIG1651,84.1293,CRITICAL
SIG1652,62.500294,HIGH
SIG1653,82.7438,CRITICAL
SIG1654,62.898308,HIGH
SIG1655,35.50073,LOW
SIG1656,65.06304,HIGH
SIG1657,80.99955,CRITICAL
SIG1658,98.356,CRITICAL
SIG1659,62.200397,HIGH
SIG1660,43.79701,MEDIUM
SIG1661,62.993484,HIGH
SIG1662,35.699818,LOW
SIG1663,63.799984,HIGH
SIG1664,39.121395,LOW
SIG1665,63.058235,HIGH
SIG1666,80.20945,CRITICAL
SIG1667,61.19981,HIGH
SIG1668,83.69477,CRITICAL
SIG1669,80.59969,CRITICAL
SIG1670,63.49804,HIGH
SIG1671,27.216433,LOW
SIG1672,83.103485,CRITICAL
SIG1673,26.6092,LOW
SIG1674,82.69967,CRITICAL
SIG1675,97.365105,CRITICAL
SIG1676,62.099716,HIGH
SIG1677,62.98071,HIGH
SIG1678,98.90054,CRITICAL
SIG1679,82.19925,CRITICAL
SIG1680,61.699295,HIGH
SIG1681,60.098606,HIGH
SIG1682,63.66811,HIGH
SIG1683,96.80037,CRITICAL
SIG1684,60.373997,HIGH
SIG1685,38.69787,LOW
SIG1686,82.84342,CRITICAL
SIG1687,61.200645,HIGH
SIG1688,39.703804,LOW
SIG1689,38.72971,LOW
SIG1690,61.799328,HIGH
SIG1691,84.69782,CRITICAL
SIG1692,32.701492,LOW
SIG1693,27.800154,LOW
SIG1694,62.896053,HIGH
SIG1695,63.172207,HIGH
SIG1696,26.900284,LOW
SIG1697,63.217926,HIGH
SIG1698,62.899384,HIGH
SIG1699,44.02259,MEDIUM
SIG1700,64.03814,HIGH
SIG1701,64.303055,HIGH
SIG1702,83.00394,CRITICAL
SIG1703,60.90167,HIGH
SIG1704,65.83892,HIGH
SIG1705,61.07206,HIGH
SIG1706,59.700012,MEDIUM
SIG1707,63.006763,HIGH
SIG1708,82.69982,CRITICAL
SIG1709,61.21725,HIGH
SIG1710,43.16526,MEDIUM
SIG1711,84.599335,CRITICAL
SIG1712,94.999626,CRITICAL
SIG1713,84.69942,CRITICAL
SIG1714,61.274136,HIGH
SIG1715,83.030556,CRITICAL
SIG1716,38.65445,LOW
SIG1717,63.50068,HIGH
SIG1718,64.30575,HIGH
SIG1719,43.901367,MEDIUM
SIG1720,39.736103,LOW
SIG1721,40.896004,MEDIUM
SIG1722,85.01091,CRITICAL
SIG1723,95.17129,CRITICAL
SIG1724,60.703587,HIGH
SIG1725,81.50096,CRITICAL
SIG1726,39.100384,LOW
SIG1727,44.20036,MEDIUM
SIG1728,81.19752,CRITICAL
SIG1729,39.855164,LOW
SIG1730,31.692415,LOW
SIG1731,44.49873,MEDIUM
SIG1732,61.173325,HIGH
SIG1733,94.399345,CRITICAL
SIG1734,65.79962,HIGH
SIG1735,43.39959,MEDIUM
SIG1736,63.099735,HIGH
SIG1737,39.771225,LOW
SIG1738,81.30045,CRITICAL
SIG1739,42.90202,MEDIUM
SIG1740,81.19756,CRITICAL
SIG1741,96.701836,CRITICAL
SIG1742,41.70171,MEDIUM
SIG1743,61.500546,HIGH
SIG1744,39.998734,LOW
SIG1745,80.80033,CRITICAL
SIG1746,64.8992,HIGH
SIG1747,42.267765,MEDIUM
SIG1748,62.655334,HIGH
SIG1749,40.200954,MEDIUM
SIG1750,62.068985,HIGH
SIG1751,66.000435,HIGH
SIG1752,63.300804,HIGH
SIG1753,62.599533,HIGH
SIG1754,86.09717,CRITICAL
SIG1755,30.900772,LOW
SIG1756,63.69914,HIGH
SIG1757,62.996178,HIGH
SIG1758,60.67987,HIGH
SIG1759,81.59927,CRITICAL
SIG1760,63.899113,HIGH
SIG1761,84.80012,CRITICAL
SIG1762,62.86663,HIGH
SIG1763,43.262146,MEDIUM
SIG1764,30.40235,LOW
SIG1765,80.65338,CRITICAL
SIG1766,61.70037,HIGH
SIG1767,25.904264,LOW
SIG1768,40.786846,MEDIUM
SIG1769,25.900705,LOW
SIG1770,80.1977,CRITICAL
SIG1771,37.30105,LOW
SIG1772,24.320272,LOW
SIG1773,83.20279,CRITICAL
SIG1774,60.078163,HIGH
SIG1775,64.69906,HIGH
SIG1776,95.49937,CRITICAL
SIG1777,60.76191,HIGH
SIG1778,96.79942,CRITICAL
SIG1779,29.899614,LOW
SIG1780,39.890232,LOW
SIG1781,64.29923,HIGH
SIG1782,97.30134,CRITICAL
SIG1783,65.35036,HIGH
SIG1784,63.100533,HIGH
SIG1785,95.90028,CRITICAL
SIG1786,83.19807,CRITICAL
SIG1787,84.899124,CRITICAL
SIG1788,98.1995,CRITICAL
SIG1789,84.49752,CRITICAL
SIG1790,95.69993,CRITICAL
SIG1791,31.100056,LOW
SIG1792,38.08123,LOW
SIG1793,81.899765,CRITICAL
SIG1794,61.82715,HIGH
SIG1795,38.528866,LOW
SIG1796,66.50408,HIGH
SIG1797,60.1005,HIGH
SIG1798,39.097744,LOW
SIG1799,84.10104,CRITICAL
SIG1800,61.732113,HIGH
SIG1801,65.19933,HIGH
SIG1802,84.59971,CRITICAL
SIG1803,66.001205,HIGH
SIG1804,64.93355,HIGH
SIG1805,80.30311,CRITICAL
SIG1806,27.401087,LOW
SIG1807,43.39958,MEDIUM
SIG1808,94.302086,CRITICAL
SIG1809,83.80025,CRITICAL
SIG1810,40.00427,MEDIUM
SIG1811,64.89828,HIGH
SIG1812,60.401695,HIGH
SIG1813,66.10499,HIGH
SIG1814,36.083603,LOW
SIG1815,62.25785,HIGH
SIG1816,38.89948,LOW
SIG1817,63.1994,HIGH
SIG1818,59.098877,MEDIUM
SIG1819,59.09588,MEDIUM
SIG1820,84.31232,CRITICAL
SIG1821,43.77764,MEDIUM
SIG1822,66.70079,HIGH
SIG1823,65.418396,HIGH
SIG1824,39.500423,LOW
SIG1825,39.67699,LOW
SIG1826,83.10019,CRITICAL
SIG1827,61.408672,HIGH
SIG1828,41.13139,MEDIUM
SIG1829,37.300064,LOW
SIG1830,95.29087,CRITICAL
SIG1831,81.79868,CRITICAL
SIG1832,83.90091,CRITICAL
SIG1833,64.964424,HIGH
SIG1834,35.200546,LOW
SIG1835,61.70569,HIGH
SIG1836,96.40058,CRITICAL
SIG1837,40.941975,MEDIUM
SIG1838,60.098328,HIGH
SIG1839,64.798584,HIGH
SIG1840,39.944046,LOW
SIG1841,37.60155,LOW
SIG1842,39.55226,LOW
SIG1843,61.400433,HIGH
SIG1844,64.49892,HIGH
SIG1845,60.500313,HIGH
SIG1846,95.10079,CRITICAL
SIG1847,31.87238,LOW
SIG1848,33.58012,LOW
SIG1849,39.799976,LOW
SIG1850,28.209515,LOW
SIG1851,37.690857,LOW
SIG1852,97.5,CRITICAL
SIG1853,63.403263,HIGH
SIG1854,98.20017,CRITICAL
SIG1855,96.80027,CRITICAL
SIG1856,97.10094,CRITICAL
SIG1857,81.39841,CRITICAL
SIG1858,41.399975,MEDIUM
SIG1859,28.554317,LOW
SIG1860,63.968914,HIGH
SIG1861,47.000313,MEDIUM
SIG1862,84.30101,CRITICAL
SIG1863,36.899456,LOW
SIG1864,82.50017,CRITICAL
SIG1865,63.010353,HIGH
SIG1866,97.4947,CRITICAL
SIG1867,33.30121,LOW
SIG1868,35.09945,LOW
SIG1869,61.12456,HIGH
SIG1870,38.200214,LOW
SIG1871,65.259674,HIGH
SIG1872,83.29907,CRITICAL
SIG1873,98.90008,CRITICAL
SIG1874,42.80026,MEDIUM
SIG1875,41.60123,MEDIUM
SIG1876,62.389004,HIGH
SIG1877,59.498703,MEDIUM
SIG1878,39.299538,LOW
SIG1879,61.283142,HIGH
SIG1880,40.046097,MEDIUM
SIG1881,98.30141,CRITICAL
SIG1882,81.24639,CRITICAL
SIG1883,35.70039,LOW
SIG1884,65.49923,HIGH
SIG1885,38.699696,LOW
SIG1886,61.79986,HIGH
SIG1887,82.99799,CRITICAL
SIG1888,59.100117,MEDIUM
SIG1889,81.000114,CRITICAL
SIG1890,83.90097,CRITICAL
SIG1891,38.501976,LOW
SIG1892,61.599545,HIGH
SIG1893,65.99949,HIGH
SIG1894,28.50022,LOW
SIG1895,44.014988,MEDIUM
SIG1896,27.977936,LOW
SIG1897,63.900223,HIGH
SIG1898,41.45341,MEDIUM
SIG1899,61.503433,HIGH
SIG1900,23.100021,LOW
SIG1901,94.80056,CRITICAL
SIG1902,62.998653,HIGH
SIG1903,98.09976,CRITICAL
SIG1904,65.70311,HIGH
SIG1905,42.19974,MEDIUM
SIG1906,80.90097,CRITICAL
SIG1907,41.60172,MEDIUM
SIG1908,84.107445,CRITICAL
SIG1909,64.20129,HIGH
SIG1910,63.33323,HIGH
SIG1911,43.41266,MEDIUM
SIG1912,58.800488,MEDIUM
SIG1913,82.80002,CRITICAL
SIG1914,63.699234,HIGH
SIG1915,62.699093,HIGH
SIG1916,84.39989,CRITICAL
SIG1917,40.89885,MEDIUM
SIG1918,81.8973,CRITICAL
SIG1919,63.1965,HIGH
SIG1920,59.878197,MEDIUM
SIG1921,84.47818,CRITICAL
SIG1922,60.979717,HIGH
SIG1923,95.29142,CRITICAL
SIG1924,31.186987,LOW
SIG1925,61.400787,HIGH
SIG1926,81.59807,CRITICAL
SIG1927,59.397717,MEDIUM
SIG1928,61.89952,HIGH
SIG1929,38.848072,LOW
SIG1930,66.0006,HIGH
SIG1931,63.025497,HIGH
SIG1932,96.39924,CRITICAL
SIG1933,38.501125,LOW
SIG1934,95.58402,CRITICAL
SIG1935,64.70121,HIGH
SIG1936,65.5016,HIGH
SIG1937,39.00305,LOW
SIG1938,27.500652,LOW
SIG1939,61.998756,HIGH
SIG1940,61.300873,HIGH
SIG1941,94.545746,CRITICAL
SIG1942,81.9995,CRITICAL
SIG1943,65.70569,HIGH
SIG1944,83.399376,CRITICAL
SIG1945,43.609367,MEDIUM
SIG1946,79.899445,HIGH
SIG1947,38.850697,LOW
SIG1948,61.368214,HIGH
SIG1949,98.19915,CRITICAL
SIG1950,67.100296,HIGH
SIG1951,43.518284,MEDIUM
SIG1952,98.80009,CRITICAL
SIG1953,97.367775,CRITICAL
SIG1954,85.29966,CRITICAL
SIG1955,80.50031,CRITICAL
SIG1956,26.099783,LOW
SIG1957,40.413235,MEDIUM
SIG1958,39.799416,LOW
SIG1959,83.999435,CRITICAL
SIG1960,59.301743,MEDIUM
SIG1961,66.502144,HIGH
SIG1962,39.11643,LOW
SIG1963,34.347816,LOW
SIG1964,39.600925,LOW
SIG1965,37.299896,LOW
SIG1966,39.91441,LOW
SIG1967,42.499863,MEDIUM
SIG1968,61.099983,HIGH
SIG1969,39.101364,LOW
SIG1970,98.5005,CRITICAL
SIG1971,63.93444,HIGH
SIG1972,64.99934,HIGH
SIG1973,61.155777,HIGH
SIG1974,81.746544,CRITICAL
SIG1975,42.603,MEDIUM
SIG1976,62.298683,HIGH
SIG1977,61.000866,HIGH
SIG1978,61.89945,HIGH
SIG1979,35.299942,LOW
SIG1980,36.32544,LOW
SIG1981,96.90015,CRITICAL
SIG1982,66.49989,HIGH
SIG1983,61.501198,HIGH
SIG1984,84.35831,CRITICAL
SIG1985,62.499477,HIGH
SIG1986,82.38565,CRITICAL
SIG1987,32.10011,LOW
SIG1988,41.898796,MEDIUM
SIG1989,35.100296,LOW
SIG1990,44.502453,MEDIUM
SIG1991,65.81549,HIGH
SIG1992,95.49964,CRITICAL
SIG1993,63.505234,HIGH
SIG1994,27.520279,LOW
SIG1995,43.501896,MEDIUM
SIG1996,64.0021,HIGH
SIG1997,62.79942,HIGH
SIG1998,85.00042,CRITICAL
SIG1999,29.999882,LOW
SIG2000,83.431946,CRITICAL
SIG2001,63.683735,HIGH
SIG2002,42.68337,MEDIUM
SIG2003,84.78952,CRITICAL
SIG2004,24.100563,LOW
SIG2005,42.401226,MEDIUM
SIG2006,63.699604,HIGH
SIG2007,36.198128,LOW
SIG2008,63.201565,HIGH
SIG2009,82.00063,CRITICAL
SIG2010,42.200127,MEDIUM
SIG2011,83.49969,CRITICAL
SIG2012,38.600605,LOW
SIG2013,64.58519,HIGH
SIG2014,28.626335,LOW
SIG2015,65.29932,HIGH
SIG2016,32.699966,LOW
SIG2017,81.400085,CRITICAL
SIG2018,41.900883,MEDIUM
SIG2019,62.412674,HIGH
SIG2020,42.886917,MEDIUM
SIG2021,41.800438,MEDIUM
SIG2022,80.196465,CRITICAL
SIG2023,60.99969,HIGH
SIG2024,37.30025,LOW
SIG2025,85.49977,CRITICAL
SIG2026,94.32934,CRITICAL
SIG2027,60.610676,HIGH
SIG2028,61.702785,HIGH
SIG2029,59.902756,MEDIUM
SIG2030,81.200554,CRITICAL
SIG2031,30.883488,LOW
SIG2032,64.399055,HIGH
SIG2033,84.00188,CRITICAL
SIG2034,38.795444,LOW
SIG2035,82.09886,CRITICAL
SIG2036,62.954594,HIGH
SIG2037,60.100624,HIGH
SIG2038,60.70053,HIGH
SIG2039,37.917377,LOW
SIG2040,46.1461,MEDIUM
SIG2041,30.800386,LOW
SIG2042,62.798748,HIGH
SIG2043,61.964222,HIGH
SIG2044,43.382057,MEDIUM
SIG2045,63.563046,HIGH
SIG2046,84.09978,CRITICAL
SIG2047,64.3007,HIGH
SIG2048,34.399666,LOW
SIG2049,63.099136,HIGH
SIG2050,98.7458,CRITICAL
SIG2051,42.043068,MEDIUM
SIG2052,81.245514,CRITICAL
SIG2053,81.80003,CRITICAL
SIG2054,81.81556,CRITICAL
SIG2055,85.31465,CRITICAL
SIG2056,84.65174,CRITICAL
SIG2057,64.04036,HIGH
SIG2058,83.801056,CRITICAL
SIG2059,61.502777,HIGH
SIG2060,83.79987,CRITICAL
SIG2061,98.2006,CRITICAL
SIG2062,60.399086,HIGH
SIG2063,83.2006,CRITICAL
SIG2064,37.05367,LOW
SIG2065,81.40089,CRITICAL
SIG2066,81.30133,CRITICAL
SIG2067,80.97265,CRITICAL
SIG2068,64.999214,HIGH
SIG2069,94.27915,CRITICAL
SIG2070,41.20053,MEDIUM
SIG2071,61.39935,HIGH
SIG2072,26.599272,LOW
SIG2073,46.499546,MEDIUM
SIG2074,28.400301,LOW
SIG2075,98.10009,CRITICAL
SIG2076,64.69275,HIGH
SIG2077,31.60016,LOW
SIG2078,95.40009,CRITICAL
SIG2079,84.40016,CRITICAL
SIG2080,61.600136,HIGH
SIG2081,25.699703,LOW
SIG2082,39.30646,LOW
SIG2083,63.399548,HIGH
SIG2084,62.49172,HIGH
SIG2085,42.49256,MEDIUM
SIG2086,84.089935,CRITICAL
SIG2087,60.599487,HIGH
SIG2088,40.70365,MEDIUM
SIG2089,84.479805,CRITICAL
SIG2090,26.999828,LOW
SIG2091,64.608536,HIGH
SIG2092,37.700844,LOW
SIG2093,42.198406,MEDIUM
SIG2094,79.89648,HIGH
SIG2095,98.69931,CRITICAL
SIG2096,62.499416,HIGH
SIG2097,61.87955,HIGH
SIG2098,25.59941,LOW
SIG2099,94.99946,CRITICAL
SIG2100,84.194824,CRITICAL
SIG2101,41.389065,MEDIUM
SIG2102,32.266296,LOW
SIG2103,98.85426,CRITICAL
SIG2104,64.10104,HIGH
SIG2105,59.701763,MEDIUM
SIG2106,82.30627,CRITICAL
SIG2107,36.725407,LOW
SIG2108,63.39987,HIGH
SIG2109,41.798878,MEDIUM
SIG2110,35.765545,LOW
SIG2111,45.19965,MEDIUM
SIG2112,98.499695,CRITICAL
SIG2113,23.932411,LOW
SIG2114,41.100113,MEDIUM
SIG2115,64.30147,HIGH
SIG2116,32.644985,LOW
SIG2117,62.0997,HIGH
SIG2118,62.80153,HIGH
SIG2119,43.997242,MEDIUM
SIG2120,81.59861,CRITICAL
SIG2121,26.101326,LOW
SIG2122,60.100166,HIGH
SIG2123,22.199205,LOW
SIG2124,41.364536,MEDIUM
SIG2125,64.39946,HIGH
SIG2126,61.699276,HIGH
SIG2127,60.402386,HIGH
SIG2128,61.099087,HIGH
SIG2129,39.698322,LOW
SIG2130,84.49276,CRITICAL
SIG2131,84.97841,CRITICAL
SIG2132,25.902063,LOW
SIG2133,66.002556,HIGH
SIG2134,64.200455,HIGH
SIG2135,83.92763,CRITICAL
SIG2136,94.40095,CRITICAL
SIG2137,60.00075,HIGH
SIG2138,37.15571,LOW
SIG2139,85.20151,CRITICAL
SIG2140,32.506035,LOW
SIG2141,65.10018,HIGH
SIG2142,82.09657,CRITICAL
SIG2143,96.449,CRITICAL
SIG2144,61.363342,HIGH
SIG2145,42.559338,MEDIUM
SIG2146,66.799324,HIGH
SIG2147,62.202404,HIGH
SIG2148,44.999874,MEDIUM
SIG2149,44.997864,MEDIUM
SIG2150,96.60218,CRITICAL
SIG2151,43.699142,MEDIUM
SIG2152,79.80062,HIGH
SIG2153,81.90007,CRITICAL
SIG2154,63.300034,HIGH
SIG2155,35.900246,LOW
SIG2156,94.2615,CRITICAL
SIG2157,81.795845,CRITICAL
SIG2158,93.90198,CRITICAL
SIG2159,65.79946,HIGH
SIG2160,81.799416,CRITICAL
SIG2161,59.000286,MEDIUM
SIG2162,61.933727,HIGH
SIG2163,62.399845,HIGH
SIG2164,93.89951,CRITICAL
SIG2165,62.301003,HIGH
SIG2166,40.13585,MEDIUM
SIG2167,79.899826,HIGH
SIG2168,41.798893,MEDIUM
SIG2169,81.20004,CRITICAL
SIG2170,45.971474,MEDIUM
SIG2171,33.42128,LOW
SIG2172,96.28705,CRITICAL
SIG2173,59.30557,MEDIUM
SIG2174,42.523365,MEDIUM
SIG2175,60.768703,HIGH
SIG2176,28.476536,LOW
SIG2177,62.630054,HIGH
SIG2178,79.90071,HIGH
SIG2179,39.600483,LOW
SIG2180,97.99974,CRITICAL
SIG2181,43.198757,MEDIUM
SIG2182,62.49951,HIGH
SIG2183,62.90049,HIGH
SIG2184,80.10223,CRITICAL
SIG2185,60.200333,HIGH
SIG2186,35.7001,LOW
SIG2187,94.79359,CRITICAL
SIG2188,32.955723,LOW
SIG2189,62.19959,HIGH
SIG2190,85.20285,CRITICAL
SIG2191,39.161846,LOW
SIG2192,97.69763,CRITICAL
SIG2193,41.305683,MEDIUM
SIG2194,94.73021,CRITICAL
SIG2195,96.42264,CRITICAL
SIG2196,37.298702,LOW
SIG2197,44.29782,MEDIUM
SIG2198,66.99768,HIGH
SIG2199,62.302036,HIGH
SIG2200,84.69854,CRITICAL
SIG2201,61.763134,HIGH
SIG2202,38.600235,LOW
SIG2203,43.977478,MEDIUM
SIG2204,34.878914,LOW
SIG2205,45.397507,MEDIUM
SIG2206,62.899437,HIGH
SIG2207,64.59925,HIGH
SIG2208,83.7996,CRITICAL
SIG2209,61.30166,HIGH
SIG2210,40.206825,MEDIUM
SIG2211,40.201794,MEDIUM
SIG2212,59.90308,MEDIUM
SIG2213,84.18071,CRITICAL
SIG2214,96.30049,CRITICAL
SIG2215,38.595448,LOW
SIG2216,43.10055,MEDIUM
SIG2217,62.504223,HIGH
SIG2218,98.19167,CRITICAL
SIG2219,65.72774,HIGH
SIG2220,41.697735,MEDIUM
SIG2221,96.80033,CRITICAL
SIG2222,58.800278,MEDIUM
SIG2223,79.70148,HIGH
SIG2224,27.299553,LOW
SIG2225,59.501057,MEDIUM
SIG2226,80.49873,CRITICAL
SIG2227,81.53462,CRITICAL
SIG2228,64.90006,HIGH
SIG2229,39.302155,LOW
SIG2230,84.09988,CRITICAL
SIG2231,35.299404,LOW
SIG2232,37.900467,LOW
SIG2233,81.201004,CRITICAL
SIG2234,83.914246,CRITICAL
SIG2235,63.300724,HIGH
SIG2236,65.10155,HIGH
SIG2237,61.8044,HIGH
SIG2238,82.96821,CRITICAL
SIG2239,63.68881,HIGH
SIG2240,59.881454,MEDIUM
SIG2241,96.39961,CRITICAL
SIG2242,94.60113,CRITICAL
SIG2243,22.899405,LOW
SIG2244,82.29998,CRITICAL
SIG2245,83.79907,CRITICAL
SIG2246,25.300116,LOW
SIG2247,62.700024,HIGH
SIG2248,80.386795,CRITICAL
SIG2249,85.20213,CRITICAL
SIG2250,65.01359,HIGH
SIG2251,26.701134,LOW
SIG2252,84.99911,CRITICAL
SIG2253,62.900173,HIGH
SIG2254,60.528557,HIGH
SIG2255,83.07586,CRITICAL
SIG2256,62.29507,HIGH
SIG2257,83.60168,CRITICAL
SIG2258,38.59923,LOW
SIG2259,97.52507,CRITICAL
SIG2260,35.999813,LOW
SIG2261,82.09813,CRITICAL
SIG2262,63.298847,HIGH
SIG2263,97.39912,CRITICAL
SIG2264,30.500187,LOW
SIG2265,63.099033,HIGH
SIG2266,99.099266,CRITICAL
SIG2267,62.897816,HIGH
SIG2268,61.712067,HIGH
SIG2269,36.194546,LOW
SIG2270,43.401768,MEDIUM
SIG2271,62.500145,HIGH
SIG2272,29.803408,LOW
SIG2273,81.601974,CRITICAL
SIG2274,41.701912,MEDIUM
SIG2275,34.99747,LOW
SIG2276,82.29805,CRITICAL
SIG2277,80.502396,CRITICAL
SIG2278,40.771206,MEDIUM
SIG2279,96.80067,CRITICAL
SIG2280,59.19761,MEDIUM
SIG2281,21.199703,LOW
SIG2282,27.300798,LOW
SIG2283,63.399853,HIGH
SIG2284,40.89889,MEDIUM
SIG2285,61.801647,HIGH
SIG2286,39.70286,LOW
SIG2287,98.49973,CRITICAL
SIG2288,25.598764,LOW
SIG2289,80.59979,CRITICAL
SIG2290,62.80049,HIGH
SIG2291,59.69893,MEDIUM
SIG2292,59.721172,MEDIUM
SIG2293,84.26932,CRITICAL
SIG2294,33.400436,LOW
SIG2295,46.999672,MEDIUM
SIG2296,61.699505,HIGH
SIG2297,65.19623,HIGH
SIG2298,63.999218,HIGH
SIG2299,83.89993,CRITICAL
SIG2300,62.106125,HIGH
SIG2301,59.897778,MEDIUM
SIG2302,39.500298,LOW
SIG2303,97.79969,CRITICAL
SIG2304,66.39938,HIGH
SIG2305,38.39927,LOW
SIG2306,39.10145,LOW
SIG2307,63.39972,HIGH
SIG2308,81.199326,CRITICAL
SIG2309,63.80778,HIGH
SIG2310,64.198494,HIGH
SIG2311,23.400908,LOW
SIG2312,97.19988,CRITICAL
SIG2313,37.61068,LOW
SIG2314,36.90014,LOW
SIG2315,62.9517,HIGH
SIG2316,63.799133,HIGH
SIG2317,63.298977,HIGH
SIG2318,61.642605,HIGH
SIG2319,40.20001,MEDIUM
SIG2320,81.599594,CRITICAL
SIG2321,23.9,LOW
SIG2322,82.60012,CRITICAL
SIG2323,85.69967,CRITICAL
SIG2324,60.90007,HIGH
SIG2325,61.100502,HIGH
SIG2326,81.799995,CRITICAL
SIG2327,61.70724,HIGH
SIG2328,24.898537,LOW
SIG2329,41.499073,MEDIUM
SIG2330,36.72271,LOW
SIG2331,96.550735,CRITICAL
SIG2332,30.800247,LOW
SIG2333,43.100395,MEDIUM
SIG2334,46.199436,MEDIUM
SIG2335,94.22705,CRITICAL
SIG2336,62.40728,HIGH
SIG2337,94.8002,CRITICAL
SIG2338,97.40007,CRITICAL
SIG2339,63.898838,HIGH
SIG2340,29.800898,LOW
SIG2341,95.2265,CRITICAL
SIG2342,24.706682,LOW
SIG2343,82.28243,CRITICAL
SIG2344,60.747017,HIGH
SIG2345,80.89902,CRITICAL
SIG2346,80.09925,CRITICAL
SIG2347,36.03313,LOW
SIG2348,23.399843,LOW
SIG2349,80.79865,CRITICAL
SIG2350,79.9,HIGH
SIG2351,83.80003,CRITICAL
SIG2352,99.06443,CRITICAL
SIG2353,60.300865,HIGH
SIG2354,80.79997,CRITICAL
SIG2355,43.501324,MEDIUM
SIG2356,32.26186,LOW
SIG2357,35.89755,LOW
SIG2358,80.60037,CRITICAL
SIG2359,30.30078,LOW
SIG2360,99.29977,CRITICAL
SIG2361,66.20006,HIGH
SIG2362,79.70365,HIGH
SIG2363,61.593563,HIGH
SIG2364,65.69928,HIGH
SIG2365,41.80119,MEDIUM
SIG2366,81.40026,CRITICAL
SIG2367,97.864494,CRITICAL
SIG2368,63.69961,HIGH
SIG2369,42.89722,MEDIUM
SIG2370,27.598715,LOW
SIG2371,94.80003,CRITICAL
SIG2372,34.90002,LOW
SIG2373,63.199577,HIGH
SIG2374,64.100006,HIGH
SIG2375,65.49947,HIGH
SIG2376,81.8993,CRITICAL
SIG2377,39.29061,LOW
SIG2378,83.20086,CRITICAL
SIG2379,64.79863,HIGH
SIG2380,97.0998,CRITICAL
SIG2381,46.797974,MEDIUM
SIG2382,81.205956,CRITICAL
SIG2383,96.64376,CRITICAL
SIG2384,62.19944,HIGH
SIG2385,65.80047,HIGH
SIG2386,82.40029,CRITICAL
SIG2387,98.69964,CRITICAL
SIG2388,83.69985,CRITICAL
SIG2389,66.89954,HIGH
SIG2390,65.09887,HIGH
SIG2391,96.300285,CRITICAL
SIG2392,63.50363,HIGH
SIG2393,59.50323,MEDIUM
SIG2394,80.1597,CRITICAL
SIG2395,27.30082,LOW
SIG2396,38.599743,LOW
SIG2397,65.199486,HIGH
SIG2398,40.201633,MEDIUM
SIG2399,85.00001,CRITICAL
SIG2400,32.499737,LOW
SIG2401,61.735176,HIGH
SIG2402,94.10156,CRITICAL
SIG2403,62.199295,HIGH
SIG2404,63.5017,HIGH
SIG2405,39.09955,LOW
SIG2406,60.365456,HIGH
SIG2407,62.985756,HIGH
SIG2408,67.09984,HIGH
SIG2409,61.799847,HIGH
SIG2410,80.7031,CRITICAL
SIG2411,38.87748,LOW
SIG2412,30.868677,LOW
SIG2413,40.681625,MEDIUM
SIG2414,42.79898,MEDIUM
SIG2415,64.89539,HIGH
SIG2416,95.40019,CRITICAL
SIG2417,47.201633,MEDIUM
SIG2418,94.90746,CRITICAL
SIG2419,59.898975,MEDIUM
SIG2420,38.39368,LOW
SIG2421,97.66112,CRITICAL
SIG2422,60.699684,HIGH
SIG2423,97.20015,CRITICAL
SIG2424,45.899944,MEDIUM
SIG2425,65.60225,HIGH
SIG2426,61.50077,HIGH
SIG2427,63.0996,HIGH
SIG2428,61.98975,HIGH
SIG2429,83.602646,CRITICAL
SIG2430,64.90094,HIGH
SIG2431,42.099815,MEDIUM
SIG2432,60.396526,HIGH
SIG2433,39.943295,LOW
SIG2434,98.99942,CRITICAL
SIG2435,82.69889,CRITICAL
SIG2436,64.40313,HIGH
SIG2437,64.324135,HIGH
SIG2438,35.70016,LOW
SIG2439,62.597336,HIGH
SIG2440,25.500286,LOW
SIG2441,82.900085,CRITICAL
SIG2442,41.600494,MEDIUM
SIG2443,41.80109,MEDIUM
SIG2444,83.90486,CRITICAL
SIG2445,64.85094,HIGH
SIG2446,38.00687,LOW
SIG2447,84.499306,CRITICAL
SIG2448,60.808014,HIGH
SIG2449,66.89954,HIGH
SIG2450,38.898518,LOW
SIG2451,40.49945,MEDIUM
SIG2452,42.198936,MEDIUM
SIG2453,81.00105,CRITICAL
SIG2454,61.300377,HIGH
SIG2455,39.700367,LOW
SIG2456,35.194702,LOW
SIG2457,82.49895,CRITICAL
SIG2458,39.697296,LOW
SIG2459,60.09948,HIGH
SIG2460,60.958176,HIGH
SIG2461,37.698864,LOW
SIG2462,42.408226,MEDIUM
SIG2463,94.2005,CRITICAL
SIG2464,61.70041,HIGH
SIG2465,64.40045,HIGH
SIG2466,63.498314,HIGH
SIG2467,37.599274,LOW
SIG2468,81.39974,CRITICAL
SIG2469,27.799776,LOW
SIG2470,94.49975,CRITICAL
SIG2471,64.55394,HIGH
SIG2472,82.4993,CRITICAL
SIG2473,41.59693,MEDIUM
SIG2474,39.301136,LOW
SIG2475,84.60078,CRITICAL
SIG2476,62.116295,HIGH
SIG2477,60.296764,HIGH
SIG2478,38.741978,LOW
SIG2479,59.29964,MEDIUM
SIG2480,39.10088,LOW
SIG2481,61.499607,HIGH
SIG2482,59.29879,MEDIUM
SIG2483,59.900913,MEDIUM
SIG2484,39.497814,LOW
SIG2485,85.99957,CRITICAL
SIG2486,84.93813,CRITICAL
SIG2487,62.701965,HIGH
SIG2488,38.999596,LOW
SIG2489,62.642036,HIGH
SIG2490,60.498714,HIGH
SIG2491,81.0038,CRITICAL
SIG2492,81.39802,CRITICAL
SIG2493,98.80091,CRITICAL
SIG2494,83.200165,CRITICAL
SIG2495,85.103226,CRITICAL
SIG2496,62.965572,HIGH
SIG2497,95.899506,CRITICAL
SIG2498,21.100636,LOW
SIG2499,81.10017,CRITICAL
SIG2500,97.01957,CRITICAL
SIG2501,81.39908,CRITICAL
SIG2502,38.699337,LOW
SIG2503,63.69931,HIGH
SIG2504,64.09893,HIGH
SIG2505,64.200584,HIGH
SIG2506,63.19882,HIGH
SIG2507,60.200153,HIGH
SIG2508,63.498226,HIGH
SIG2509,98.97514,CRITICAL
SIG2510,35.801212,LOW
SIG2511,85.29331,CRITICAL
SIG2512,63.398975,HIGH
SIG2513,65.69897,HIGH
SIG2514,84.39893,CRITICAL
SIG2515,62.198338,HIGH
SIG2516,33.11045,LOW
SIG2517,82.9054,CRITICAL
SIG2518,65.49465,HIGH
SIG2519,42.5992,MEDIUM
SIG2520,64.45135,HIGH
SIG2521,61.899258,HIGH
SIG2522,61.101345,HIGH
SIG2523,39.000877,LOW
SIG2524,79.90011,HIGH
SIG2525,41.401554,MEDIUM
SIG2526,62.08297,HIGH
SIG2527,40.599205,MEDIUM
SIG2528,40.5009,MEDIUM
SIG2529,93.98196,CRITICAL
SIG2530,28.824484,LOW
SIG2531,85.00039,CRITICAL
SIG2532,81.9004,CRITICAL
SIG2533,65.29459,HIGH
SIG2534,94.9984,CRITICAL
SIG2535,38.20074,LOW
SIG2536,81.62597,CRITICAL
SIG2537,64.599525,HIGH
SIG2538,84.23999,CRITICAL
SIG2539,62.69792,HIGH
SIG2540,37.900513,LOW
SIG2541,39.09991,LOW
SIG2542,27.313885,LOW
SIG2543,61.300148,HIGH
SIG2544,81.012024,CRITICAL
SIG2545,25.000162,LOW
SIG2546,45.89875,MEDIUM
SIG2547,97.84325,CRITICAL
SIG2548,41.46088,MEDIUM
SIG2549,42.195892,MEDIUM
SIG2550,85.49979,CRITICAL
SIG2551,79.80082,HIGH
SIG2552,97.998184,CRITICAL
SIG2553,63.799362,HIGH
SIG2554,61.399742,HIGH
SIG2555,37.10252,LOW
SIG2556,41.20056,MEDIUM
SIG2557,64.607925,HIGH
SIG2558,45.33814,MEDIUM
SIG2559,33.00007,LOW
SIG2560,63.29883,HIGH
SIG2561,65.498215,HIGH
SIG2562,97.50286,CRITICAL
SIG2563,80.302956,CRITICAL
SIG2564,82.101616,CRITICAL
SIG2565,35.499744,LOW
SIG2566,80.9027,CRITICAL
SIG2567,63.361633,HIGH
SIG2568,84.40102,CRITICAL
SIG2569,59.799263,MEDIUM
SIG2570,60.792328,HIGH
SIG2571,40.003017,MEDIUM
SIG2572,85.59998,CRITICAL
SIG2573,63.392376,HIGH
SIG2574,41.401466,MEDIUM
SIG2575,38.27519,LOW
SIG2576,46.29897,MEDIUM
SIG2577,61.79445,HIGH
SIG2578,43.30007,MEDIUM
SIG2579,64.0255,HIGH
SIG2580,34.45759,LOW
SIG2581,60.200676,HIGH
SIG2582,60.000153,HIGH
SIG2583,83.63555,CRITICAL
SIG2584,36.601307,LOW
SIG2585,60.600193,HIGH
SIG2586,31.098034,LOW
SIG2587,82.19969,CRITICAL
SIG2588,44.186947,MEDIUM
SIG2589,96.90546,CRITICAL
SIG2590,65.19977,HIGH
SIG2591,60.807846,HIGH
SIG2592,85.152985,CRITICAL
SIG2593,44.801212,MEDIUM
SIG2594,60.118,HIGH
SIG2595,35.699947,LOW
SIG2596,29.699865,LOW
SIG2597,35.600807,LOW
SIG2598,95.00039,CRITICAL
SIG2599,63.499695,HIGH
SIG2600,31.31968,LOW
SIG2601,31.599644,LOW
SIG2602,40.500633,MEDIUM
SIG2603,37.600933,LOW
SIG2604,37.599545,LOW
SIG2605,30.200409,LOW
SIG2606,39.00236,LOW
SIG2607,41.546078,MEDIUM
SIG2608,62.09999,HIGH
SIG2609,37.32642,LOW
SIG2610,27.994143,LOW
SIG2611,44.498047,MEDIUM
SIG2612,64.60062,HIGH
SIG2613,60.099846,HIGH
SIG2614,98.79892,CRITICAL
SIG2615,80.698715,CRITICAL
SIG2616,40.609562,MEDIUM
SIG2617,44.299934,MEDIUM
SIG2618,42.00229,MEDIUM
SIG2619,83.899635,CRITICAL
SIG2620,85.30674,CRITICAL
SIG2621,40.605114,MEDIUM
SIG2622,40.19358,MEDIUM
SIG2623,38.60083,LOW
SIG2624,84.59934,CRITICAL
SIG2625,40.999935,MEDIUM
SIG2626,97.99989,CRITICAL
SIG2627,39.09672,LOW
SIG2628,66.001465,HIGH
SIG2629,41.874348,MEDIUM
SIG2630,62.24216,HIGH
SIG2631,84.31389,CRITICAL
SIG2632,84.099525,CRITICAL
SIG2633,39.699486,LOW
SIG2634,63.408443,HIGH
SIG2635,94.89938,CRITICAL
SIG2636,36.50002,LOW
SIG2637,31.599833,LOW
SIG2638,42.101166,MEDIUM
SIG2639,61.810795,HIGH
SIG2640,62.20165,HIGH
SIG2641,33.497223,LOW
SIG2642,65.29933,HIGH
SIG2643,62.50032,HIGH
SIG2644,63.641468,HIGH
SIG2645,82.862335,CRITICAL
SIG2646,62.599014,HIGH
SIG2647,84.75616,CRITICAL
SIG2648,60.497723,HIGH
SIG2649,27.26377,LOW
SIG2650,95.000275,CRITICAL
SIG2651,36.89898,LOW
SIG2652,64.59955,HIGH
SIG2653,66.3992,HIGH
SIG2654,39.400562,LOW
SIG2655,62.898823,HIGH
SIG2656,64.2916,HIGH
SIG2657,64.295044,HIGH
SIG2658,80.761375,CRITICAL
SIG2659,63.598953,HIGH
SIG2660,32.901688,LOW
SIG2661,44.599117,MEDIUM
SIG2662,39.301037,LOW
SIG2663,61.100475,HIGH
SIG2664,40.697945,MEDIUM
SIG2665,99.10067,CRITICAL
SIG2666,28.973423,LOW
SIG2667,41.49901,MEDIUM
SIG2668,59.499683,MEDIUM
SIG2669,94.59999,CRITICAL
SIG2670,59.699245,MEDIUM
SIG2671,39.89864,LOW
SIG2672,65.20209,HIGH
SIG2673,82.80019,CRITICAL
SIG2674,65.5002,HIGH
SIG2675,61.393063,HIGH
SIG2676,35.49923,LOW
SIG2677,64.781975,HIGH
SIG2678,83.69897,CRITICAL
SIG2679,45.20196,MEDIUM
SIG2680,94.80051,CRITICAL
SIG2681,62.62997,HIGH
SIG2682,60.199383,HIGH
SIG2683,27.800041,LOW
SIG2684,27.651909,LOW
SIG2685,63.002556,HIGH
SIG2686,94.19817,CRITICAL
SIG2687,98.60627,CRITICAL
SIG2688,63.79962,HIGH
SIG2689,65.59943,HIGH
SIG2690,62.0025,HIGH
SIG2691,42.099438,MEDIUM
SIG2692,60.800663,HIGH
SIG2693,62.100548,HIGH
SIG2694,38.300205,LOW
SIG2695,81.79708,CRITICAL
SIG2696,43.996494,MEDIUM
SIG2697,42.26703,MEDIUM
SIG2698,66.50016,HIGH
SIG2699,28.500208,LOW
SIG2700,95.27656,CRITICAL
SIG2701,64.45326,HIGH
SIG2702,64.68025,HIGH
SIG2703,42.000286,MEDIUM
SIG2704,28.955555,LOW
SIG2705,41.800617,MEDIUM
SIG2706,61.999092,HIGH
SIG2707,97.698654,CRITICAL
SIG2708,30.499945,LOW
SIG2709,66.70065,HIGH
SIG2710,34.513012,LOW
SIG2711,60.801662,HIGH
SIG2712,27.400091,LOW
SIG2713,65.559875,HIGH
SIG2714,62.021393,HIGH
SIG2715,65.472046,HIGH
SIG2716,96.89766,CRITICAL
SIG2717,25.799374,LOW
SIG2718,63.19904,HIGH
SIG2719,98.29971,CRITICAL
SIG2720,38.198467,LOW
SIG2721,37.700993,LOW
SIG2722,34.99972,LOW
SIG2723,95.10088,CRITICAL
SIG2724,60.601303,HIGH
SIG2725,26.40069,LOW
SIG2726,96.200874,CRITICAL
SIG2727,62.367126,HIGH
SIG2728,98.100624,CRITICAL
SIG2729,42.49957,MEDIUM
SIG2730,85.48321,CRITICAL
SIG2731,82.30028,CRITICAL
SIG2732,63.95215,HIGH
SIG2733,94.90027,CRITICAL
SIG2734,94.57206,CRITICAL
SIG2735,65.800415,HIGH
SIG2736,38.89638,LOW
SIG2737,43.00034,MEDIUM
SIG2738,58.900158,MEDIUM
SIG2739,82.59935,CRITICAL
SIG2740,94.799515,CRITICAL
SIG2741,63.599495,HIGH
SIG2742,39.098415,LOW
SIG2743,63.6051,HIGH
SIG2744,82.3999,CRITICAL
SIG2745,43.49263,MEDIUM
SIG2746,38.56268,LOW
SIG2747,60.673542,HIGH
SIG2748,25.598795,LOW
SIG2749,29.206179,LOW
SIG2750,84.50075,CRITICAL
SIG2751,81.400024,CRITICAL
SIG2752,86.00075,CRITICAL
SIG2753,59.40046,MEDIUM
SIG2754,45.0436,MEDIUM
SIG2755,61.299984,HIGH
SIG2756,63.70041,HIGH
SIG2757,32.198578,LOW
SIG2758,97.50126,CRITICAL
SIG2759,65.6051,HIGH
SIG2760,84.09988,CRITICAL
SIG2761,94.40015,CRITICAL
SIG2762,61.69856,HIGH
SIG2763,66.50066,HIGH
SIG2764,61.699913,HIGH
SIG2765,64.50053,HIGH
SIG2766,64.72566,HIGH
SIG2767,38.97331,LOW
SIG2768,35.119194,LOW
SIG2769,26.971426,LOW
SIG2770,38.799965,LOW
SIG2771,26.99962,LOW
SIG2772,80.798645,CRITICAL
SIG2773,98.829155,CRITICAL
SIG2774,61.300922,HIGH
SIG2775,61.602085,HIGH
SIG2776,45.50035,MEDIUM
SIG2777,41.498867,MEDIUM
SIG2778,81.00405,CRITICAL
SIG2779,23.30121,LOW
SIG2780,62.937828,HIGH
SIG2781,83.20174,CRITICAL
SIG2782,66.40052,HIGH
SIG2783,39.997616,LOW
SIG2784,60.510166,HIGH
SIG2785,97.5797,CRITICAL
SIG2786,93.98185,CRITICAL
SIG2787,65.56896,HIGH
SIG2788,43.99875,MEDIUM
SIG2789,62.199467,HIGH
SIG2790,61.20061,HIGH
SIG2791,38.79842,LOW
SIG2792,85.213875,CRITICAL
SIG2793,81.20143,CRITICAL
SIG2794,61.700478,HIGH
SIG2795,34.80275,LOW
SIG2796,98.98964,CRITICAL
SIG2797,37.300262,LOW
SIG2798,37.999886,LOW
SIG2799,80.88104,CRITICAL
SIG2800,62.800934,HIGH
SIG2801,41.49977,MEDIUM
SIG2802,81.99965,CRITICAL
SIG2803,85.200966,CRITICAL
SIG2804,62.59276,HIGH
SIG2805,34.30076,LOW
SIG2806,25.152016,LOW
SIG2807,39.400597,LOW
SIG2808,40.20282,MEDIUM
SIG2809,98.934,CRITICAL
SIG2810,63.999367,HIGH
SIG2811,45.99959,MEDIUM
SIG2812,63.39943,HIGH
SIG2813,22.899483,LOW
SIG2814,84.14542,CRITICAL
SIG2815,83.800156,CRITICAL
SIG2816,59.900585,MEDIUM
SIG2817,25.099636,LOW
SIG2818,38.600998,LOW
SIG2819,37.598915,LOW
SIG2820,33.398735,LOW
SIG2821,83.40123,CRITICAL
SIG2822,63.305573,HIGH
SIG2823,80.79741,CRITICAL
SIG2824,63.89946,HIGH
SIG2825,80.799706,CRITICAL
SIG2826,98.71014,CRITICAL
SIG2827,38.996933,LOW
SIG2828,81.002235,CRITICAL
SIG2829,60.603733,HIGH
SIG2830,94.342575,CRITICAL
SIG2831,85.70067,CRITICAL
SIG2832,39.39812,LOW
SIG2833,31.26764,LOW
SIG2834,63.63972,HIGH
SIG2835,81.5727,CRITICAL
SIG2836,62.30198,HIGH
SIG2837,40.101906,MEDIUM
SIG2838,82.202576,CRITICAL
SIG2839,97.80058,CRITICAL
SIG2840,40.70096,MEDIUM
SIG2841,82.49856,CRITICAL
SIG2842,60.30756,HIGH
SIG2843,58.803795,MEDIUM
SIG2844,39.099506,LOW
SIG2845,61.70536,HIGH
SIG2846,64.2004,HIGH
SIG2847,61.204365,HIGH
SIG2848,31.100576,LOW
SIG2849,98.90201,CRITICAL
SIG2850,61.700455,HIGH
SIG2851,83.001274,CRITICAL
SIG2852,62.140522,HIGH
SIG2853,62.50009,HIGH
SIG2854,62.399876,HIGH
SIG2855,62.70228,HIGH
SIG2856,84.09696,CRITICAL
SIG2857,24.298977,LOW
SIG2858,96.67439,CRITICAL
SIG2859,80.59907,CRITICAL
SIG2860,81.90013,CRITICAL
SIG2861,95.175354,CRITICAL
SIG2862,63.700214,HIGH
SIG2863,44.55328,MEDIUM
SIG2864,94.001396,CRITICAL
SIG2865,64.00307,HIGH
SIG2866,85.89889,CRITICAL
SIG2867,24.900728,LOW
SIG2868,64.8998,HIGH
SIG2869,26.199652,LOW
SIG2870,97.199745,CRITICAL
SIG2871,36.196373,LOW
SIG2872,63.03065,HIGH
SIG2873,97.706566,CRITICAL
SIG2874,61.307796,HIGH
SIG2875,43.887573,MEDIUM
SIG2876,81.17816,CRITICAL
SIG2877,41.79845,MEDIUM
SIG2878,83.898895,CRITICAL
SIG2879,64.89914,HIGH
SIG2880,95.96154,CRITICAL
SIG2881,97.49954,CRITICAL
SIG2882,40.098347,MEDIUM
SIG2883,63.50003,HIGH
SIG2884,84.8005,CRITICAL
SIG2885,61.500443,HIGH
SIG2886,60.59368,HIGH
SIG2887,43.60174,MEDIUM
SIG2888,38.999157,LOW
SIG2889,39.500885,LOW
SIG2890,27.399134,LOW
SIG2891,42.182236,MEDIUM
SIG2892,29.500017,LOW
SIG2893,60.07424,HIGH
SIG2894,32.890957,LOW
SIG2895,61.99767,HIGH
SIG2896,84.50197,CRITICAL
SIG2897,60.13959,HIGH
SIG2898,25.600246,LOW
SIG2899,60.785168,HIGH
SIG2900,62.40081,HIGH
SIG2901,80.44681,CRITICAL
SIG2902,37.402035,LOW
SIG2903,38.70407,LOW
SIG2904,62.59863,HIGH
SIG2905,83.19893,CRITICAL
SIG2906,39.99982,LOW
SIG2907,61.800774,HIGH
SIG2908,43.40144,MEDIUM
SIG2909,96.000206,CRITICAL
SIG2910,95.99311,CRITICAL
SIG2911,84.59973,CRITICAL
SIG2912,60.61054,HIGH
SIG2913,40.187576,MEDIUM
SIG2914,60.90751,HIGH
SIG2915,39.500465,LOW
SIG2916,30.100662,LOW
SIG2917,84.49969,CRITICAL
SIG2918,40.091717,MEDIUM
SIG2919,23.702763,LOW
SIG2920,94.3122,CRITICAL
SIG2921,60.032654,HIGH
SIG2922,66.699,HIGH
SIG2923,81.6033,CRITICAL
SIG2924,27.39927,LOW
SIG2925,64.37703,HIGH
SIG2926,26.100094,LOW
SIG2927,41.400043,MEDIUM
SIG2928,81.000946,CRITICAL
SIG2929,62.70044,HIGH
SIG2930,43.800716,MEDIUM
SIG2931,61.36829,HIGH
SIG2932,84.501274,CRITICAL
SIG2933,25.861015,LOW
SIG2934,81.504875,CRITICAL
SIG2935,96.398575,CRITICAL
SIG2936,44.399742,MEDIUM
SIG2937,84.20125,CRITICAL
SIG2938,42.698753,MEDIUM
SIG2939,61.30184,HIGH
SIG2940,59.19658,MEDIUM
SIG2941,95.5991,CRITICAL
SIG2942,36.955677,LOW
SIG2943,39.957172,LOW
SIG2944,81.29547,CRITICAL
SIG2945,27.399374,LOW
SIG2946,61.198586,HIGH
SIG2947,23.300592,LOW
SIG2948,84.04109,CRITICAL
SIG2949,62.899166,HIGH
SIG2950,60.200478,HIGH
SIG2951,59.901085,MEDIUM
SIG2952,84.80113,CRITICAL
SIG2953,81.39782,CRITICAL
SIG2954,29.799334,LOW
SIG2955,30.699743,LOW
SIG2956,65.5049,HIGH
SIG2957,39.200207,LOW
SIG2958,42.805347,MEDIUM
SIG2959,42.599575,MEDIUM
SIG2960,60.95569,HIGH
SIG2961,37.50009,LOW
SIG2962,45.699787,MEDIUM
SIG2963,85.54485,CRITICAL
SIG2964,83.499825,CRITICAL
SIG2965,39.042213,LOW
SIG2966,64.348145,HIGH
SIG2967,64.60022,HIGH
SIG2968,63.3005,HIGH
SIG2969,82.69268,CRITICAL
SIG2970,97.99971,CRITICAL
SIG2971,62.40097,HIGH
SIG2972,94.89817,CRITICAL
SIG2973,84.647545,CRITICAL
SIG2974,81.90051,CRITICAL
SIG2975,45.35682,MEDIUM
SIG2976,97.22158,CRITICAL
SIG2977,64.50071,HIGH
SIG2978,36.534534,LOW
SIG2979,60.09596,HIGH
SIG2980,84.59987,CRITICAL
SIG2981,45.80482,MEDIUM
SIG2982,84.498795,CRITICAL
SIG2983,41.60083,MEDIUM
SIG2984,85.09917,CRITICAL
SIG2985,98.79985,CRITICAL
SIG2986,41.60117,MEDIUM
SIG2987,65.402145,HIGH
SIG2988,59.600098,MEDIUM
SIG2989,86.20013,CRITICAL
SIG2990,61.13552,HIGH
SIG2991,85.404724,CRITICAL
SIG2992,84.6003,CRITICAL
SIG2993,39.600475,LOW
SIG2994,44.189873,MEDIUM
SIG2995,21.500097,LOW
SIG2996,64.50016,HIGH
SIG2997,96.10068,CRITICAL
SIG2998,80.09923,CRITICAL
SIG2999,82.88975,CRITICAL
SIG3000,39.899506,LOW
