task_id,section_id,department,priority_score,duration_hours,earliest_start,latest_end,deadline,train_conflict_cost,traffic_density,power_block_required,signal_block_required,track_block_required,can_combine
ENG0001,SEC009,Engineering,63.4,7.5,2025-06-07 06:00,2025-07-01 22:00,2025-07-01,313.5,0.418,False,False,True,True
ENG0002,SEC061,Engineering,94.9,9.2,2025-07-21 06:00,2025-07-24 22:00,2025-07-24,189.5,0.206,False,False,True,True
ENG0004,SEC027,Engineering,39.7,2.5,2025-11-23 06:00,2026-01-10 22:00,2026-01-10,89.2,0.357,False,False,True,True
ENG0007,SEC003,Engineering,99.0,5.4,2025-06-17 06:00,2025-06-21 22:00,2025-06-21,265.7,0.492,False,False,True,True
ENG0008,SEC044,Engineering,41.1,1.4,2025-11-03 06:00,2025-12-14 22:00,2025-12-14,48.6,0.347,False,False,True,False
ENG0009,SEC002,Engineering,25.1,4.8,2025-10-10 06:00,2025-12-28 22:00,2025-12-28,163.7,0.341,False,False,True,True
ENG0010,SEC023,Engineering,98.0,10.5,2025-10-09 06:00,2025-10-15 22:00,2025-10-15,475.6,0.453,False,False,True,True
ENG0011,SEC011,Engineering,39.8,6.0,2025-09-12 06:00,2025-11-07 22:00,2025-11-07,290.4,0.484,False,False,True,False
ENG0019,SEC058,Engineering,62.2,1.2,2025-02-18 06:00,2025-03-10 22:00,2025-03-10,32.8,0.273,False,False,True,True
ENG0020,SEC074,Engineering,27.3,11.0,2025-02-28 06:00,2025-05-01 22:00,2025-05-01,264.0,0.24,False,False,True,True
ENG0021,SEC074,Engineering,62.1,11.7,2025-10-05 06:00,2025-10-23 22:00,2025-10-23,280.8,0.24,False,False,True,False
ENG0023,SEC015,Engineering,63.7,7.2,2025-06-11 06:00,2025-07-06 22:00,2025-07-06,324.0,0.45,False,False,True,True
ENG0025,SEC045,Engineering,62.3,3.0,2025-08-26 06:00,2025-09-15 22:00,2025-09-15,84.0,0.28,False,False,True,True
ENG0026,SEC065,Engineering,61.0,7.4,2025-09-16 06:00,2025-10-12 22:00,2025-10-12,212.4,0.287,False,False,True,True
ENG0027,SEC007,Engineering,65.6,7.8,2025-03-15 06:00,2025-04-02 22:00,2025-04-02,369.7,0.474,False,False,True,False
ENG0028,SEC007,Engineering,64.3,11.2,2025-07-11 06:00,2025-08-04 22:00,2025-08-04,530.9,0.474,False,False,True,True
ENG0029,SEC054,Engineering,37.7,3.5,2025-09-06 06:00,2025-10-24 22:00,2025-10-24,79.4,0.227,False,False,True,False
ENG0032,SEC066,Engineering,81.2,6.8,2025-01-18 06:00,2025-01-31 22:00,2025-01-31,183.6,0.27,False,False,True,True
ENG0034,SEC002,Engineering,23.7,9.3,2025-07-11 06:00,2025-10-04 22:00,2025-10-04,317.1,0.341,False,False,True,True
ENG0041,SEC012,Engineering,42.8,2.7,2025-12-18 06:00,2026-01-24 22:00,2026-01-24,109.1,0.404,False,False,True,False
ENG0043,SEC011,Engineering,66.0,4.2,2025-06-12 06:00,2025-06-29 22:00,2025-06-29,203.3,0.484,False,False,True,True
ENG0046,SEC040,Engineering,41.1,9.6,2025-07-25 06:00,2025-08-28 22:00,2025-08-28,232.3,0.242,False,False,True,True
ENG0049,SEC017,Engineering,64.5,9.6,2025-10-14 06:00,2025-10-31 22:00,2025-10-31,368.6,0.384,False,False,True,True
ENG0050,SEC009,Engineering,26.4,3.4,2025-10-13 06:00,2025-12-30 22:00,2025-12-30,142.1,0.418,False,False,True,True
ENG0051,SEC058,Engineering,62.2,11.5,2025-11-24 06:00,2025-12-14 22:00,2025-12-14,314.0,0.273,False,False,True,True
ENG0054,SEC031,Engineering,43.5,10.4,2025-05-29 06:00,2025-07-02 22:00,2025-07-02,421.2,0.405,False,False,True,True
ENG0055,SEC012,Engineering,61.9,4.6,2025-08-31 06:00,2025-09-30 22:00,2025-09-30,185.8,0.404,False,False,True,False
ENG0056,SEC038,Engineering,43.6,8.2,2025-03-01 06:00,2025-04-04 22:00,2025-04-04,337.0,0.411,False,False,True,True
ENG0060,SEC072,Engineering,61.7,1.4,2025-09-17 06:00,2025-10-07 22:00,2025-10-07,33.6,0.24,False,False,True,True
ENG0061,SEC014,Engineering,83.7,4.9,2025-11-24 06:00,2025-12-08 22:00,2025-12-08,222.5,0.454,False,False,True,True
ENG0062,SEC027,Engineering,37.5,10.1,2025-10-24 06:00,2025-12-21 22:00,2025-12-21,360.6,0.357,False,False,True,True
ENG0064,SEC073,Engineering,39.9,6.7,2025-11-02 06:00,2025-12-09 22:00,2025-12-09,139.4,0.208,False,False,True,True
ENG0065,SEC011,Engineering,98.9,9.4,2025-05-20 06:00,2025-05-24 22:00,2025-05-24,455.0,0.484,False,False,True,True
ENG0069,SEC028,Engineering,39.7,1.1,2025-03-07 06:00,2025-05-05 22:00,2025-05-05,57.1,0.519,False,False,True,False
ENG0070,SEC019,Engineering,44.8,5.5,2025-07-31 06:00,2025-09-03 22:00,2025-09-03,268.4,0.488,False,False,True,False
ENG0072,SEC068,Engineering,60.9,9.7,2025-05-01 06:00,2025-05-29 22:00,2025-05-29,296.8,0.306,False,False,True,True
ENG0073,SEC074,Engineering,62.5,3.1,2025-08-21 06:00,2025-09-06 22:00,2025-09-06,74.4,0.24,False,False,True,True
ENG0074,SEC002,Engineering,30.4,11.0,2025-06-26 06:00,2025-08-20 22:00,2025-08-20,375.1,0.341,False,False,True,True
ENG0077,SEC040,Engineering,61.5,9.5,2025-07-06 06:00,2025-07-27 22:00,2025-07-27,229.9,0.242,False,False,True,True
ENG0081,SEC060,Engineering,60.8,10.3,2025-11-11 06:00,2025-12-02 22:00,2025-12-02,206.0,0.2,False,False,True,True
ENG0083,SEC001,Engineering,39.2,3.2,2025-08-30 06:00,2025-10-24 22:00,2025-10-24,136.3,0.426,False,False,True,True
ENG0093,SEC038,Engineering,43.6,6.3,2025-07-12 06:00,2025-08-15 22:00,2025-08-15,258.9,0.411,False,False,True,True
ENG0094,SEC044,Engineering,62.8,9.2,2025-09-27 06:00,2025-10-19 22:00,2025-10-19,319.2,0.347,False,False,True,True
ENG0095,SEC061,Engineering,28.4,4.0,2025-02-20 06:00,2025-04-16 22:00,2025-04-16,82.4,0.206,False,False,True,True
ENG0097,SEC052,Engineering,80.8,3.4,2025-01-30 06:00,2025-02-09 22:00,2025-02-09,68.0,0.2,False,False,True,True
ENG0098,SEC075,Engineering,94.4,10.0,2025-09-29 06:00,2025-10-04 22:00,2025-10-04,200.0,0.2,False,False,True,True
ENG0100,SEC057,Engineering,82.5,7.3,2025-02-14 06:00,2025-02-26 22:00,2025-02-26,253.3,0.347,False,False,True,True
ENG0102,SEC046,Engineering,61.0,7.0,2025-01-19 06:00,2025-02-13 22:00,2025-02-13,189.0,0.27,False,False,True,True
ENG0104,SEC011,Engineering,85.0,10.3,2025-11-10 06:00,2025-11-20 22:00,2025-11-20,498.5,0.484,False,False,True,False
ENG0107,SEC039,Engineering,29.3,7.1,2025-07-24 06:00,2025-09-23 22:00,2025-09-23,254.9,0.359,False,False,True,True
ENG0108,SEC013,Engineering,63.0,9.0,2025-04-20 06:00,2025-05-20 22:00,2025-05-20,427.5,0.475,False,False,True,True
ENG0109,SEC044,Engineering,29.6,8.4,2025-04-19 06:00,2025-06-17 22:00,2025-06-17,291.5,0.347,False,False,True,True
ENG0110,SEC020,Engineering,42.3,5.0,2025-10-13 06:00,2025-11-20 22:00,2025-11-20,192.0,0.384,False,False,True,True
ENG0111,SEC008,Engineering,45.8,1.5,2025-04-19 06:00,2025-05-16 22:00,2025-05-16,68.2,0.455,False,False,True,True
ENG0115,SEC067,Engineering,95.5,10.1,2025-04-13 06:00,2025-04-17 22:00,2025-04-17,260.6,0.258,False,False,True,True
ENG0117,SEC022,Engineering,84.1,2.9,2025-06-28 06:00,2025-07-06 22:00,2025-07-06,113.1,0.39,False,False,True,False
ENG0119,SEC046,Engineering,60.8,10.2,2025-04-10 06:00,2025-05-06 22:00,2025-05-06,275.4,0.27,False,False,True,True
ENG0120,SEC073,Engineering,37.0,2.7,2025-10-04 06:00,2025-11-23 22:00,2025-11-23,56.2,0.208,False,False,True,True
ENG0121,SEC032,Engineering,39.8,10.9,2025-10-31 06:00,2025-12-17 22:00,2025-12-17,380.4,0.349,False,False,True,True
ENG0123,SEC074,Engineering,61.9,4.2,2025-10-30 06:00,2025-11-18 22:00,2025-11-18,100.8,0.24,False,False,True,True
ENG0124,SEC021,Engineering,84.5,8.2,2025-10-14 06:00,2025-10-23 22:00,2025-10-23,357.5,0.436,False,False,True,True
ENG0126,SEC002,Engineering,39.4,3.3,2025-10-29 06:00,2025-12-16 22:00,2025-12-16,112.5,0.341,False,False,True,False
ENG0127,SEC022,Engineering,64.4,2.9,2025-08-02 06:00,2025-08-20 22:00,2025-08-20,113.1,0.39,False,False,True,True
ENG0128,SEC040,Engineering,81.0,11.6,2025-04-05 06:00,2025-04-17 22:00,2025-04-17,280.7,0.242,False,False,True,False
ENG0129,SEC014,Engineering,46.3,2.0,2025-02-17 06:00,2025-03-14 22:00,2025-03-14,90.8,0.454,False,False,True,False
ENG0131,SEC037,Engineering,63.7,8.2,2025-10-27 06:00,2025-11-24 22:00,2025-11-24,408.4,0.498,False,False,True,False
ENG0134,SEC010,Engineering,98.9,6.6,2025-10-07 06:00,2025-10-10 22:00,2025-10-10,308.9,0.468,False,False,True,True
ENG0135,SEC028,Engineering,99.4,9.4,2025-01-26 06:00,2025-01-30 22:00,2025-01-30,487.9,0.519,False,False,True,True
ENG0136,SEC016,Engineering,44.7,8.9,2025-06-01 06:00,2025-07-01 22:00,2025-07-01,377.4,0.424,False,False,True,True
ENG0137,SEC035,Engineering,84.1,10.3,2025-07-14 06:00,2025-07-28 22:00,2025-07-28,496.5,0.482,False,False,True,True
ENG0140,SEC065,Engineering,61.0,1.9,2025-05-26 06:00,2025-06-21 22:00,2025-06-21,54.5,0.287,False,False,True,True
ENG0141,SEC073,Engineering,40.1,10.4,2025-05-26 06:00,2025-07-01 22:00,2025-07-01,216.3,0.208,False,False,True,False
ENG0143,SEC047,Engineering,62.0,1.1,2025-10-03 06:00,2025-10-19 22:00,2025-10-19,22.4,0.204,False,False,True,False
ENG0145,SEC021,Engineering,46.0,4.9,2025-04-16 06:00,2025-05-11 22:00,2025-05-11,213.6,0.436,False,False,True,True
ENG0148,SEC035,Engineering,44.0,9.7,2025-03-13 06:00,2025-04-19 22:00,2025-04-19,467.5,0.482,False,False,True,True
ENG0149,SEC007,Engineering,42.6,8.4,2025-10-05 06:00,2025-11-17 22:00,2025-11-17,398.2,0.474,False,False,True,True
ENG0151,SEC026,Engineering,65.1,2.0,2025-04-05 06:00,2025-04-28 22:00,2025-04-28,103.2,0.516,False,False,True,True
ENG0153,SEC011,Engineering,99.1,8.8,2025-08-14 06:00,2025-08-17 22:00,2025-08-17,425.9,0.484,False,False,True,True
ENG0154,SEC066,Engineering,37.0,9.9,2025-12-07 06:00,2026-01-30 22:00,2026-01-30,267.3,0.27,False,False,True,False
ENG0156,SEC028,Engineering,84.5,8.2,2025-07-23 06:00,2025-08-07 22:00,2025-08-07,425.6,0.519,False,False,True,True
ENG0158,SEC016,Engineering,63.7,8.8,2025-01-01 06:00,2025-01-24 22:00,2025-01-24,373.1,0.424,False,False,True,False
ENG0160,SEC033,Engineering,39.5,6.3,2025-03-18 06:00,2025-05-15 22:00,2025-05-15,310.0,0.492,False,False,True,True
ENG0161,SEC032,Engineering,96.2,7.6,2025-11-16 06:00,2025-11-23 22:00,2025-11-23,265.2,0.349,False,False,True,True
ENG0163,SEC033,Engineering,85.6,5.0,2025-12-05 06:00,2025-12-13 22:00,2025-12-13,246.0,0.492,False,False,True,True
ENG0164,SEC043,Engineering,61.6,5.0,2025-07-26 06:00,2025-08-21 22:00,2025-08-21,163.5,0.327,False,False,True,True
ENG0165,SEC033,Engineering,66.8,9.9,2025-10-27 06:00,2025-11-10 22:00,2025-11-10,487.1,0.492,False,False,True,True
ENG0166,SEC024,Engineering,38.5,10.9,2025-09-28 06:00,2025-11-24 22:00,2025-11-24,450.2,0.413,False,False,True,True
ENG0168,SEC005,Engineering,40.5,4.6,2025-07-14 06:00,2025-09-08 22:00,2025-09-08,242.9,0.528,False,False,True,True
ENG0169,SEC040,Engineering,62.1,7.0,2025-07-30 06:00,2025-08-17 22:00,2025-08-17,169.4,0.242,False,False,True,True
ENG0171,SEC016,Engineering,83.5,8.5,2025-06-04 06:00,2025-06-17 22:00,2025-06-17,360.4,0.424,False,False,True,False
ENG0173,SEC021,Engineering,97.7,7.4,2025-05-18 06:00,2025-05-24 22:00,2025-05-24,322.6,0.436,False,False,True,True
ENG0177,SEC006,Engineering,84.4,7.0,2025-07-18 06:00,2025-08-01 22:00,2025-08-01,350.7,0.501,False,False,True,True
ENG0181,SEC030,Engineering,65.3,10.5,2025-03-27 06:00,2025-04-11 22:00,2025-04-11,429.4,0.409,False,False,True,True
ENG0183,SEC042,Engineering,82.8,10.1,2025-08-25 06:00,2025-09-01 22:00,2025-09-01,293.9,0.291,False,False,True,True
ENG0184,SEC059,Engineering,35.1,3.8,2025-04-29 06:00,2025-06-26 22:00,2025-06-26,76.4,0.201,False,False,True,True
ENG0188,SEC058,Engineering,62.2,8.7,2025-08-13 06:00,2025-09-02 22:00,2025-09-02,237.5,0.273,False,False,True,True
ENG0190,SEC004,Engineering,98.4,7.3,2025-01-12 06:00,2025-01-15 22:00,2025-01-15,317.6,0.435,False,False,True,False
ENG0193,SEC006,Engineering,99.1,9.1,2025-09-01 06:00,2025-09-05 22:00,2025-09-05,455.9,0.501,False,False,True,True
ENG0194,SEC033,Engineering,66.1,4.2,2025-08-30 06:00,2025-09-16 22:00,2025-09-16,206.6,0.492,False,False,True,True
ENG0196,SEC032,Engineering,96.6,11.2,2025-04-16 06:00,2025-04-21 22:00,2025-04-21,390.9,0.349,False,False,True,False
ENG0206,SEC053,Engineering,61.6,6.5,2025-03-06 06:00,2025-03-27 22:00,2025-03-27,162.5,0.25,False,False,True,True
ENG0207,SEC003,Engineering,84.0,2.1,2025-05-02 06:00,2025-05-17 22:00,2025-05-17,103.3,0.492,False,False,True,True
ENG0216,SEC037,Engineering,64.0,2.6,2025-07-31 06:00,2025-08-27 22:00,2025-08-27,129.5,0.498,False,False,True,True
ENG0217,SEC001,Engineering,39.8,4.3,2025-06-12 06:00,2025-08-03 22:00,2025-08-03,183.2,0.426,False,False,True,True
ENG0218,SEC005,Engineering,46.5,5.8,2025-01-15 06:00,2025-02-13 22:00,2025-02-13,306.2,0.528,False,False,True,True
ENG0219,SEC004,Engineering,63.9,10.1,2025-02-03 06:00,2025-02-26 22:00,2025-02-26,439.4,0.435,False,False,True,True
ENG0224,SEC021,Engineering,83.2,11.1,2025-01-21 06:00,2025-02-05 22:00,2025-02-05,484.0,0.436,False,False,True,True
ENG0227,SEC030,Engineering,83.5,1.5,2025-08-14 06:00,2025-08-26 22:00,2025-08-26,61.4,0.409,False,False,True,True
ENG0228,SEC053,Engineering,94.9,10.8,2025-12-11 06:00,2025-12-17 22:00,2025-12-17,270.0,0.25,False,False,True,True
ENG0230,SEC033,Engineering,84.9,5.5,2025-07-15 06:00,2025-07-26 22:00,2025-07-26,270.6,0.492,False,False,True,True
ENG0233,SEC045,Engineering,81.1,5.1,2025-10-06 06:00,2025-10-20 22:00,2025-10-20,142.8,0.28,False,False,True,True
ENG0234,SEC002,Engineering,27.5,8.3,2025-05-26 06:00,2025-08-02 22:00,2025-08-02,283.0,0.341,False,False,True,True
ENG0236,SEC036,Engineering,85.1,9.9,2025-09-06 06:00,2025-09-18 22:00,2025-09-18,515.8,0.521,False,False,True,True
ENG0238,SEC070,Engineering,61.5,1.8,2025-07-16 06:00,2025-08-05 22:00,2025-08-05,41.0,0.228,False,False,True,True
ENG0239,SEC041,Engineering,94.8,10.7,2025-04-02 06:00,2025-04-06 22:00,2025-04-06,224.7,0.21,False,False,True,True
ENG0243,SEC034,Engineering,96.7,3.4,2025-05-30 06:00,2025-06-03 22:00,2025-06-03,115.3,0.339,False,False,True,True
ENG0244,SEC023,Engineering,97.7,4.3,2025-07-10 06:00,2025-07-17 22:00,2025-07-17,194.8,0.453,False,False,True,True
ENG0245,SEC025,Engineering,44.9,8.8,2025-09-26 06:00,2025-10-29 22:00,2025-10-29,424.2,0.482,False,False,True,True
ENG0246,SEC069,Engineering,58.8,6.2,2025-06-05 06:00,2025-07-05 22:00,2025-07-05,124.0,0.2,False,False,True,True
ENG0251,SEC003,Engineering,66.1,6.4,2025-12-03 06:00,2025-12-20 22:00,2025-12-20,314.9,0.492,False,False,True,True
ENG0254,SEC018,Engineering,63.0,2.1,2025-02-18 06:00,2025-03-16 22:00,2025-03-16,87.4,0.416,False,False,True,False
ENG0256,SEC038,Engineering,28.1,9.9,2025-03-04 06:00,2025-05-13 22:00,2025-05-13,406.9,0.411,False,False,True,True
ENG0257,SEC008,Engineering,64.0,7.8,2025-06-23 06:00,2025-07-17 22:00,2025-07-17,354.9,0.455,False,False,True,True
ENG0261,SEC032,Engineering,37.8,3.1,2025-11-19 06:00,2026-01-14 22:00,2026-01-14,108.2,0.349,False,False,True,True
ENG0263,SEC008,Engineering,64.9,8.9,2025-10-02 06:00,2025-10-22 22:00,2025-10-22,405.0,0.455,False,False,True,True
ENG0264,SEC033,Engineering,98.3,8.3,2025-07-29 06:00,2025-08-05 22:00,2025-08-05,408.4,0.492,False,False,True,True
ENG0268,SEC054,Engineering,94.8,9.2,2025-02-27 06:00,2025-03-04 22:00,2025-03-04,208.8,0.227,False,False,True,True
ENG0270,SEC030,Engineering,84.4,8.9,2025-11-06 06:00,2025-11-14 22:00,2025-11-14,364.0,0.409,False,False,True,True
ENG0273,SEC060,Engineering,39.8,3.6,2025-08-07 06:00,2025-09-13 22:00,2025-09-13,72.0,0.2,False,False,True,False
ENG0276,SEC004,Engineering,97.7,10.5,2025-10-31 06:00,2025-11-06 22:00,2025-11-06,456.8,0.435,False,False,True,True
ENG0277,SEC069,Engineering,42.4,2.9,2025-09-27 06:00,2025-10-22 22:00,2025-10-22,58.0,0.2,False,False,True,True
ENG0280,SEC050,Engineering,39.3,9.4,2025-12-05 06:00,2026-01-13 22:00,2026-01-13,188.0,0.2,False,False,True,True
ENG0286,SEC043,Engineering,61.6,9.0,2025-01-28 06:00,2025-02-23 22:00,2025-02-23,294.3,0.327,False,False,True,True
ENG0290,SEC040,Engineering,26.9,6.9,2025-09-11 06:00,2025-11-14 22:00,2025-11-14,167.0,0.242,False,False,True,True
ENG0291,SEC003,Engineering,64.8,2.0,2025-08-23 06:00,2025-09-15 22:00,2025-09-15,98.4,0.492,False,False,True,True
ENG0292,SEC040,Engineering,61.0,2.2,2025-04-26 06:00,2025-05-19 22:00,2025-05-19,53.2,0.242,False,False,True,True
ENG0293,SEC019,Engineering,39.0,2.0,2025-07-29 06:00,2025-09-27 22:00,2025-09-27,97.6,0.488,False,False,True,False
ENG0295,SEC006,Engineering,85.7,8.1,2025-02-04 06:00,2025-02-12 22:00,2025-02-12,405.8,0.501,False,False,True,True
ENG0296,SEC071,Engineering,80.0,3.7,2025-10-25 06:00,2025-11-09 22:00,2025-11-09,82.1,0.222,False,False,True,True
ENG0298,SEC012,Engineering,40.8,10.1,2025-08-23 06:00,2025-10-08 22:00,2025-10-08,408.0,0.404,False,False,True,True
ENG0301,SEC006,Engineering,32.1,2.9,2025-05-14 06:00,2025-07-11 22:00,2025-07-11,145.3,0.501,False,False,True,True
ENG0303,SEC019,Engineering,84.0,8.1,2025-12-06 06:00,2025-12-21 22:00,2025-12-21,395.3,0.488,False,False,True,True
ENG0304,SEC015,Engineering,40.0,3.9,2025-06-14 06:00,2025-08-06 22:00,2025-08-06,175.5,0.45,False,False,True,True
ENG0305,SEC020,Engineering,37.6,10.7,2025-10-01 06:00,2025-11-29 22:00,2025-11-29,410.9,0.384,False,False,True,True
ENG0307,SEC022,Engineering,62.6,5.0,2025-11-11 06:00,2025-12-07 22:00,2025-12-07,195.0,0.39,False,False,True,False
ENG0309,SEC010,Engineering,65.5,3.1,2025-04-11 06:00,2025-04-29 22:00,2025-04-29,145.1,0.468,False,False,True,True
ENG0312,SEC009,Engineering,98.1,5.0,2025-06-03 06:00,2025-06-06 22:00,2025-06-06,209.0,0.418,False,False,True,True
ENG0313,SEC040,Engineering,62.8,11.5,2025-08-21 06:00,2025-09-05 22:00,2025-09-05,278.3,0.242,False,False,True,True
ENG0317,SEC002,Engineering,63.2,11.8,2025-05-18 06:00,2025-06-07 22:00,2025-06-07,402.4,0.341,False,False,True,True
ENG0318,SEC019,Engineering,42.3,9.1,2025-09-28 06:00,2025-11-12 22:00,2025-11-12,444.1,0.488,False,False,True,True
ENG0319,SEC020,Engineering,64.5,7.4,2025-09-21 06:00,2025-10-08 22:00,2025-10-08,284.2,0.384,False,False,True,True
ENG0322,SEC009,Engineering,43.3,3.6,2025-07-07 06:00,2025-08-12 22:00,2025-08-12,150.5,0.418,False,False,True,False
ENG0323,SEC006,Engineering,30.8,5.1,2025-04-28 06:00,2025-07-01 22:00,2025-07-01,255.5,0.501,False,False,True,True
ENG0324,SEC011,Engineering,85.5,7.3,2025-07-06 06:00,2025-07-14 22:00,2025-07-14,353.3,0.484,False,False,True,True
ENG0325,SEC050,Engineering,60.6,6.3,2025-08-22 06:00,2025-09-13 22:00,2025-09-13,126.0,0.2,False,False,True,True
ENG0327,SEC065,Engineering,62.8,5.2,2025-05-25 06:00,2025-06-12 22:00,2025-06-12,149.2,0.287,False,False,True,True
ENG0333,SEC072,Engineering,38.4,4.8,2025-03-28 06:00,2025-05-13 22:00,2025-05-13,115.2,0.24,False,False,True,True
ENG0334,SEC062,Engineering,23.6,5.2,2025-03-20 06:00,2025-06-04 22:00,2025-06-04,104.0,0.2,False,False,True,False
ENG0335,SEC047,Engineering,60.9,10.4,2025-10-06 06:00,2025-10-27 22:00,2025-10-27,212.2,0.204,False,False,True,True
ENG0336,SEC069,Engineering,61.3,1.5,2025-02-24 06:00,2025-03-15 22:00,2025-03-15,30.0,0.2,False,False,True,True
ENG0338,SEC005,Engineering,99.3,1.1,2025-06-29 06:00,2025-07-04 22:00,2025-07-04,58.1,0.528,False,False,True,True
ENG0346,SEC011,Engineering,41.4,6.4,2025-08-15 06:00,2025-10-03 22:00,2025-10-03,309.8,0.484,False,False,True,True
ENG0349,SEC042,Engineering,95.5,7.0,2025-10-19 06:00,2025-10-25 22:00,2025-10-25,203.7,0.291,False,False,True,True
ENG0350,SEC054,Engineering,80.7,9.0,2025-03-16 06:00,2025-03-28 22:00,2025-03-28,204.3,0.227,False,False,True,False
ENG0351,SEC004,Engineering,31.4,10.2,2025-05-28 06:00,2025-07-24 22:00,2025-07-24,443.7,0.435,False,False,True,False
ENG0352,SEC008,Engineering,63.8,4.1,2025-05-16 06:00,2025-06-10 22:00,2025-06-10,186.5,0.455,False,False,True,True
ENG0353,SEC032,Engineering,24.1,5.3,2025-08-13 06:00,2025-11-05 22:00,2025-11-05,185.0,0.349,False,False,True,True
ENG0355,SEC034,Engineering,81.8,4.8,2025-08-02 06:00,2025-08-17 22:00,2025-08-17,162.7,0.339,False,False,True,True
ENG0357,SEC008,Engineering,44.9,4.6,2025-11-27 06:00,2025-12-28 22:00,2025-12-28,209.3,0.455,False,False,True,True
ENG0359,SEC015,Engineering,84.1,5.8,2025-09-24 06:00,2025-10-06 22:00,2025-10-06,261.0,0.45,False,False,True,True
ENG0365,SEC028,Engineering,65.0,11.9,2025-08-05 06:00,2025-08-29 22:00,2025-08-29,617.6,0.519,False,False,True,True
ENG0367,SEC038,Engineering,40.3,6.0,2025-04-14 06:00,2025-06-02 22:00,2025-06-02,246.6,0.411,False,False,True,True
ENG0370,SEC071,Engineering,94.3,10.5,2025-03-31 06:00,2025-04-07 22:00,2025-04-07,233.1,0.222,False,False,True,True
ENG0371,SEC052,Engineering,38.4,1.0,2025-06-12 06:00,2025-07-25 22:00,2025-07-25,20.0,0.2,False,False,True,True
ENG0374,SEC026,Engineering,63.6,10.7,2025-01-07 06:00,2025-02-06 22:00,2025-02-06,552.1,0.516,False,False,True,True
ENG0375,SEC056,Engineering,60.3,8.4,2025-04-25 06:00,2025-05-24 22:00,2025-05-24,239.4,0.285,False,False,True,False
ENG0378,SEC003,Engineering,25.8,11.0,2025-06-18 06:00,2025-09-12 22:00,2025-09-12,541.2,0.492,False,False,True,True
ENG0380,SEC053,Engineering,82.2,10.2,2025-08-08 06:00,2025-08-15 22:00,2025-08-15,255.0,0.25,False,False,True,True
ENG0382,SEC071,Engineering,59.6,9.4,2025-06-27 06:00,2025-07-25 22:00,2025-07-25,208.7,0.222,False,False,True,True
ENG0383,SEC068,Engineering,36.7,10.7,2025-04-17 06:00,2025-06-14 22:00,2025-06-14,327.4,0.306,False,False,True,True
ENG0386,SEC019,Engineering,85.5,2.3,2025-04-07 06:00,2025-04-15 22:00,2025-04-15,112.2,0.488,False,False,True,True
ENG0387,SEC057,Engineering,61.9,2.0,2025-09-26 06:00,2025-10-22 22:00,2025-10-22,69.4,0.347,False,False,True,True
ENG0391,SEC003,Engineering,43.3,6.4,2025-12-06 06:00,2026-01-16 22:00,2026-01-16,314.9,0.492,False,False,True,False
ENG0392,SEC044,Engineering,40.6,10.7,2025-04-08 06:00,2025-05-21 22:00,2025-05-21,371.3,0.347,False,False,True,False
ENG0393,SEC001,Engineering,64.2,1.8,2025-09-05 06:00,2025-09-26 22:00,2025-09-26,76.7,0.426,False,False,True,True
ENG0394,SEC001,Engineering,63.8,9.4,2025-09-19 06:00,2025-10-12 22:00,2025-10-12,400.4,0.426,False,False,True,True
ENG0395,SEC056,Engineering,40.2,4.8,2025-06-20 06:00,2025-07-31 22:00,2025-07-31,136.8,0.285,False,False,True,True
ENG0400,SEC009,Engineering,42.4,9.0,2025-01-29 06:00,2025-03-10 22:00,2025-03-10,376.2,0.418,False,False,True,True
ENG0402,SEC021,Engineering,40.4,4.6,2025-05-22 06:00,2025-07-11 22:00,2025-07-11,200.6,0.436,False,False,True,True
ENG0403,SEC005,Engineering,66.4,6.5,2025-04-01 06:00,2025-04-19 22:00,2025-04-19,343.2,0.528,False,False,True,True
ENG0405,SEC048,Engineering,39.2,5.3,2025-01-16 06:00,2025-03-03 22:00,2025-03-03,155.3,0.293,False,False,True,True
ENG0406,SEC026,Engineering,85.7,7.5,2025-02-17 06:00,2025-02-26 22:00,2025-02-26,387.0,0.516,False,False,True,True
ENG0408,SEC011,Engineering,84.8,5.1,2025-10-01 06:00,2025-10-12 22:00,2025-10-12,246.8,0.484,False,False,True,True
ENG0409,SEC005,Engineering,98.9,8.7,2025-08-23 06:00,2025-08-30 22:00,2025-08-30,459.4,0.528,False,False,True,True
ENG0413,SEC069,Engineering,26.9,8.4,2025-08-12 06:00,2025-10-12 22:00,2025-10-12,168.0,0.2,False,False,True,True
ENG0414,SEC069,Engineering,35.6,11.1,2025-03-16 06:00,2025-05-11 22:00,2025-05-11,222.0,0.2,False,False,True,True
ENG0415,SEC070,Engineering,37.8,1.7,2025-09-10 06:00,2025-10-28 22:00,2025-10-28,38.8,0.228,False,False,True,True
ENG0417,SEC005,Engineering,84.6,8.2,2025-09-23 06:00,2025-10-08 22:00,2025-10-08,433.0,0.528,False,False,True,False
ENG0418,SEC047,Engineering,60.9,11.5,2025-10-30 06:00,2025-11-20 22:00,2025-11-20,234.6,0.204,False,False,True,True
ENG0420,SEC035,Engineering,65.7,1.1,2025-10-14 06:00,2025-11-01 22:00,2025-11-01,53.0,0.482,False,False,True,True
ENG0425,SEC006,Engineering,30.8,1.3,2025-01-27 06:00,2025-04-01 22:00,2025-04-01,65.1,0.501,False,False,True,True
ENG0427,SEC029,Engineering,64.8,2.1,2025-11-24 06:00,2025-12-18 22:00,2025-12-18,107.5,0.512,False,False,True,True
ENG0430,SEC052,Engineering,93.9,9.5,2025-05-30 06:00,2025-06-06 22:00,2025-06-06,190.0,0.2,False,False,True,True
ENG0432,SEC053,Engineering,37.0,10.2,2025-03-08 06:00,2025-04-30 22:00,2025-04-30,255.0,0.25,False,False,True,False
ENG0434,SEC070,Engineering,37.8,9.1,2025-06-13 06:00,2025-07-31 22:00,2025-07-31,207.5,0.228,False,False,True,True
ENG0436,SEC053,Engineering,21.2,1.4,2025-03-04 06:00,2025-06-02 22:00,2025-06-02,35.0,0.25,False,False,True,True
ENG0437,SEC034,Engineering,82.4,11.3,2025-10-03 06:00,2025-10-15 22:00,2025-10-15,383.1,0.339,False,False,True,True
ENG0438,SEC059,Engineering,59.5,1.7,2025-03-23 06:00,2025-04-19 22:00,2025-04-19,34.2,0.201,False,False,True,False
ENG0439,SEC013,Engineering,65.2,7.3,2025-07-18 06:00,2025-08-07 22:00,2025-08-07,346.8,0.475,False,False,True,True
ENG0442,SEC004,Engineering,38.2,9.8,2025-01-04 06:00,2025-03-05 22:00,2025-03-05,426.3,0.435,False,False,True,True
ENG0443,SEC044,Engineering,96.1,2.2,2025-07-05 06:00,2025-07-12 22:00,2025-07-12,76.3,0.347,False,False,True,True
ENG0447,SEC017,Engineering,38.8,9.9,2025-08-11 06:00,2025-10-04 22:00,2025-10-04,380.2,0.384,False,False,True,True
ENG0451,SEC006,Engineering,42.3,10.4,2025-03-04 06:00,2025-04-19 22:00,2025-04-19,521.0,0.501,False,False,True,True
ENG0452,SEC059,Engineering,94.4,6.1,2025-02-07 06:00,2025-02-12 22:00,2025-02-12,122.6,0.201,False,False,True,True
ENG0453,SEC063,Engineering,80.8,9.0,2025-03-25 06:00,2025-04-04 22:00,2025-04-04,182.7,0.203,False,False,True,True
ENG0456,SEC068,Engineering,64.0,7.0,2025-10-10 06:00,2025-10-24 22:00,2025-10-24,214.2,0.306,False,False,True,True
ENG0457,SEC034,Engineering,64.5,1.4,2025-12-18 06:00,2026-01-01 22:00,2026-01-01,47.5,0.339,False,False,True,True
ENG0462,SEC010,Engineering,66.2,3.5,2025-04-15 06:00,2025-04-30 22:00,2025-04-30,163.8,0.468,False,False,True,True
ENG0463,SEC038,Engineering,83.1,1.7,2025-04-02 06:00,2025-04-16 22:00,2025-04-16,69.9,0.411,False,False,True,True
ENG0464,SEC053,Engineering,27.0,3.3,2025-09-22 06:00,2025-11-25 22:00,2025-11-25,82.5,0.25,False,False,True,True
ENG0467,SEC050,Engineering,58.8,11.8,2025-05-02 06:00,2025-06-01 22:00,2025-06-01,236.0,0.2,False,False,True,True
ENG0470,SEC012,Engineering,41.1,4.1,2025-09-29 06:00,2025-11-13 22:00,2025-11-13,165.6,0.404,False,False,True,False
ENG0473,SEC048,Engineering,61.8,6.9,2025-05-18 06:00,2025-06-10 22:00,2025-06-10,202.2,0.293,False,False,True,False
ENG0474,SEC036,Engineering,46.4,4.3,2025-03-02 06:00,2025-03-31 22:00,2025-03-31,224.0,0.521,False,False,True,True
ENG0475,SEC017,Engineering,83.1,5.5,2025-10-04 06:00,2025-10-16 22:00,2025-10-16,211.2,0.384,False,False,True,True
ENG0476,SEC017,Engineering,38.1,10.9,2025-03-06 06:00,2025-05-02 22:00,2025-05-02,418.6,0.384,False,False,True,False
ENG0478,SEC034,Engineering,43.4,9.5,2025-06-29 06:00,2025-07-29 22:00,2025-07-29,322.1,0.339,False,False,True,False
ENG0479,SEC018,Engineering,65.2,4.4,2025-12-10 06:00,2025-12-26 22:00,2025-12-26,183.0,0.416,False,False,True,True
ENG0480,SEC021,Engineering,26.3,11.3,2025-10-01 06:00,2025-12-20 22:00,2025-12-20,492.7,0.436,False,False,True,True
ENG0483,SEC066,Engineering,36.8,6.1,2025-04-12 06:00,2025-06-06 22:00,2025-06-06,164.7,0.27,False,False,True,True
ENG0485,SEC030,Engineering,84.6,11.6,2025-09-24 06:00,2025-10-01 22:00,2025-10-01,474.4,0.409,False,False,True,True
ENG0491,SEC071,Engineering,94.9,3.5,2025-06-26 06:00,2025-06-30 22:00,2025-06-30,77.7,0.222,False,False,True,False
ENG0494,SEC056,Engineering,38.4,3.5,2025-08-25 06:00,2025-10-13 22:00,2025-10-13,99.7,0.285,False,False,True,True
ENG0496,SEC021,Engineering,42.2,7.4,2025-07-07 06:00,2025-08-18 22:00,2025-08-18,322.6,0.436,False,False,True,False
ENG0503,SEC054,Engineering,60.3,4.6,2025-03-25 06:00,2025-04-19 22:00,2025-04-19,104.4,0.227,False,False,True,True
ENG0504,SEC066,Engineering,29.3,5.9,2025-07-28 06:00,2025-09-21 22:00,2025-09-21,159.3,0.27,False,False,True,True
ENG0506,SEC057,Engineering,43.3,10.0,2025-01-23 06:00,2025-02-23 22:00,2025-02-23,347.0,0.347,False,False,True,True
ENG0508,SEC028,Engineering,67.2,1.2,2025-06-25 06:00,2025-07-09 22:00,2025-07-09,62.3,0.519,False,False,True,True
ENG0511,SEC003,Engineering,85.6,4.0,2025-09-01 06:00,2025-09-09 22:00,2025-09-09,196.8,0.492,False,False,True,True
ENG0516,SEC039,Engineering,41.7,6.7,2025-08-04 06:00,2025-09-12 22:00,2025-09-12,240.5,0.359,False,False,True,True
ENG0517,SEC018,Engineering,62.3,10.8,2025-01-29 06:00,2025-02-27 22:00,2025-02-27,449.3,0.416,False,False,True,True
ENG0518,SEC045,Engineering,35.9,1.7,2025-11-13 06:00,2026-01-12 22:00,2026-01-12,47.6,0.28,False,False,True,True
ENG0520,SEC072,Engineering,37.7,2.0,2025-03-27 06:00,2025-05-15 22:00,2025-05-15,48.0,0.24,False,False,True,True
ENG0522,SEC001,Engineering,83.3,10.7,2025-07-18 06:00,2025-08-01 22:00,2025-08-01,455.8,0.426,False,False,True,True
ENG0523,SEC011,Engineering,44.3,9.8,2025-08-19 06:00,2025-09-24 22:00,2025-09-24,474.3,0.484,False,False,True,True
ENG0524,SEC073,Engineering,60.7,9.0,2025-01-21 06:00,2025-02-12 22:00,2025-02-12,187.2,0.208,False,False,True,True
ENG0529,SEC013,Engineering,65.4,1.7,2025-06-02 06:00,2025-06-21 22:00,2025-06-21,80.8,0.475,False,False,True,True
ENG0530,SEC033,Engineering,66.3,4.4,2025-06-30 06:00,2025-07-16 22:00,2025-07-16,216.5,0.492,False,False,True,True
ENG0532,SEC040,Engineering,61.9,3.8,2025-06-15 06:00,2025-07-04 22:00,2025-07-04,92.0,0.242,False,False,True,False
ENG0533,SEC058,Engineering,82.5,10.7,2025-06-03 06:00,2025-06-10 22:00,2025-06-10,292.1,0.273,False,False,True,True
ENG0534,SEC043,Engineering,64.3,8.5,2025-11-06 06:00,2025-11-20 22:00,2025-11-20,278.0,0.327,False,False,True,True
ENG0537,SEC020,Engineering,40.3,4.3,2025-08-25 06:00,2025-10-11 22:00,2025-10-11,165.1,0.384,False,False,True,True
ENG0541,SEC012,Engineering,45.5,4.1,2025-10-31 06:00,2025-11-25 22:00,2025-11-25,165.6,0.404,False,False,True,True
ENG0543,SEC049,Engineering,62.1,5.4,2025-09-21 06:00,2025-10-15 22:00,2025-10-15,177.7,0.329,False,False,True,True
ENG0544,SEC001,Engineering,38.3,2.9,2025-02-10 06:00,2025-04-10 22:00,2025-04-10,123.5,0.426,False,False,True,True
ENG0551,SEC002,Engineering,40.3,10.9,2025-12-14 06:00,2026-01-27 22:00,2026-01-27,371.7,0.341,False,False,True,False
ENG0553,SEC031,Engineering,64.1,5.9,2025-05-15 06:00,2025-06-04 22:00,2025-06-04,239.0,0.405,False,False,True,True
ENG0558,SEC004,Engineering,97.9,9.3,2025-10-15 06:00,2025-10-20 22:00,2025-10-20,404.6,0.435,False,False,True,False
ENG0561,SEC067,Engineering,62.8,5.6,2025-08-05 06:00,2025-08-21 22:00,2025-08-21,144.5,0.258,False,False,True,True
ENG0564,SEC029,Engineering,46.5,1.7,2025-01-19 06:00,2025-02-16 22:00,2025-02-16,87.0,0.512,False,False,True,True
ENG0566,SEC057,Engineering,40.9,11.0,2025-01-11 06:00,2025-02-22 22:00,2025-02-22,381.7,0.347,False,False,True,False
ENG0568,SEC034,Engineering,63.8,9.9,2025-09-06 06:00,2025-09-23 22:00,2025-09-23,335.6,0.339,False,False,True,False
ENG0576,SEC040,Engineering,36.2,10.3,2025-04-24 06:00,2025-06-19 22:00,2025-06-19,249.3,0.242,False,False,True,True
ENG0580,SEC039,Engineering,83.2,5.0,2025-08-14 06:00,2025-08-24 22:00,2025-08-24,179.5,0.359,False,False,True,False
ENG0582,SEC005,Engineering,65.8,3.6,2025-02-04 06:00,2025-02-25 22:00,2025-02-25,190.1,0.528,False,False,True,True
ENG0584,SEC018,Engineering,83.4,4.0,2025-01-28 06:00,2025-02-10 22:00,2025-02-10,166.4,0.416,False,False,True,True
ENG0590,SEC057,Engineering,44.6,8.3,2025-02-03 06:00,2025-02-28 22:00,2025-02-28,288.0,0.347,False,False,True,True
ENG0594,SEC062,Engineering,59.3,1.8,2025-03-01 06:00,2025-03-29 22:00,2025-03-29,36.0,0.2,False,False,True,True
ENG0598,SEC053,Engineering,40.8,7.5,2025-09-21 06:00,2025-10-27 22:00,2025-10-27,187.5,0.25,False,False,True,True
ENG0603,SEC001,Engineering,84.8,3.7,2025-11-12 06:00,2025-11-19 22:00,2025-11-19,157.6,0.426,False,False,True,True
ENG0607,SEC006,Engineering,47.0,11.3,2025-09-02 06:00,2025-09-27 22:00,2025-09-27,566.1,0.501,False,False,True,True
ENG0608,SEC071,Engineering,20.8,10.6,2025-01-30 06:00,2025-04-30 22:00,2025-04-30,235.3,0.222,False,False,True,True
ENG0611,SEC064,Engineering,27.8,5.6,2025-01-22 06:00,2025-03-23 22:00,2025-03-23,137.2,0.245,False,False,True,True
ENG0618,SEC052,Engineering,60.8,8.1,2025-02-13 06:00,2025-03-06 22:00,2025-03-06,162.0,0.2,False,False,True,True
ENG0620,SEC004,Engineering,63.9,5.5,2025-11-14 06:00,2025-12-07 22:00,2025-12-07,239.2,0.435,False,False,True,True
ENG0624,SEC025,Engineering,28.5,5.7,2025-03-03 06:00,2025-05-15 22:00,2025-05-15,274.7,0.482,False,False,True,False
ENG0627,SEC020,Engineering,83.3,6.0,2025-09-10 06:00,2025-09-21 22:00,2025-09-21,230.4,0.384,False,False,True,False
ENG0628,SEC070,Engineering,80.8,11.3,2025-10-11 06:00,2025-10-23 22:00,2025-10-23,257.6,0.228,False,False,True,True
ENG0630,SEC003,Engineering,85.6,5.6,2025-02-02 06:00,2025-02-10 22:00,2025-02-10,275.5,0.492,False,False,True,True
ENG0632,SEC014,Engineering,64.6,6.9,2025-04-26 06:00,2025-05-17 22:00,2025-05-17,313.3,0.454,False,False,True,True
ENG0633,SEC031,Engineering,45.3,10.6,2025-08-15 06:00,2025-09-10 22:00,2025-09-10,429.3,0.405,False,False,True,True
ENG0636,SEC011,Engineering,85.5,5.3,2025-12-16 06:00,2025-12-24 22:00,2025-12-24,256.5,0.484,False,False,True,True
ENG0638,SEC069,Engineering,62.2,4.2,2025-04-24 06:00,2025-05-09 22:00,2025-05-09,84.0,0.2,False,False,True,True
ENG0639,SEC029,Engineering,85.2,2.4,2025-10-06 06:00,2025-10-17 22:00,2025-10-17,122.9,0.512,False,False,True,True
ENG0640,SEC019,Engineering,98.3,7.5,2025-06-28 06:00,2025-07-05 22:00,2025-07-05,366.0,0.488,False,False,True,False
ENG0644,SEC044,Engineering,96.1,4.6,2025-03-03 06:00,2025-03-10 22:00,2025-03-10,159.6,0.347,False,False,True,False
ENG0645,SEC075,Engineering,39.1,5.4,2025-01-26 06:00,2025-03-07 22:00,2025-03-07,108.0,0.2,False,False,True,True
ENG0648,SEC010,Engineering,83.9,3.2,2025-07-25 06:00,2025-08-08 22:00,2025-08-08,149.8,0.468,False,False,True,True
ENG0650,SEC046,Engineering,63.0,4.9,2025-06-10 06:00,2025-06-26 22:00,2025-06-26,132.3,0.27,False,False,True,True
ENG0653,SEC014,Engineering,84.4,1.5,2025-12-10 06:00,2025-12-21 22:00,2025-12-21,68.1,0.454,False,False,True,True
ENG0657,SEC034,Engineering,27.5,11.5,2025-05-22 06:00,2025-07-29 22:00,2025-07-29,389.9,0.339,False,False,True,False
ENG0659,SEC068,Engineering,41.1,11.2,2025-04-18 06:00,2025-05-26 22:00,2025-05-26,342.7,0.306,False,False,True,True
ENG0660,SEC013,Engineering,44.3,4.5,2025-05-29 06:00,2025-07-03 22:00,2025-07-03,213.8,0.475,False,False,True,True
ENG0661,SEC067,Engineering,35.8,5.8,2025-05-14 06:00,2025-07-12 22:00,2025-07-12,149.6,0.258,False,False,True,False
ENG0662,SEC009,Engineering,63.0,10.3,2025-11-09 06:00,2025-12-05 22:00,2025-12-05,430.5,0.418,False,False,True,True
ENG0663,SEC053,Engineering,82.0,5.6,2025-04-14 06:00,2025-04-22 22:00,2025-04-22,140.0,0.25,False,False,True,True
ENG0665,SEC056,Engineering,61.2,5.9,2025-09-16 06:00,2025-10-11 22:00,2025-10-11,168.1,0.285,False,False,True,True
ENG0669,SEC002,Engineering,82.9,10.7,2025-11-06 06:00,2025-11-16 22:00,2025-11-16,364.9,0.341,False,False,True,True
ENG0672,SEC052,Engineering,35.3,8.1,2025-10-02 06:00,2025-11-28 22:00,2025-11-28,162.0,0.2,False,False,True,True
ENG0674,SEC009,Engineering,65.7,2.8,2025-06-17 06:00,2025-07-01 22:00,2025-07-01,117.0,0.418,False,False,True,True
ENG0676,SEC041,Engineering,59.2,8.1,2025-09-28 06:00,2025-10-27 22:00,2025-10-27,170.1,0.21,False,False,True,True
ENG0677,SEC062,Engineering,60.4,7.7,2025-05-26 06:00,2025-06-18 22:00,2025-06-18,154.0,0.2,False,False,True,True
ENG0678,SEC055,Engineering,24.2,11.7,2025-12-01 06:00,2026-02-13 22:00,2026-02-13,246.9,0.211,False,False,True,True
ENG0680,SEC028,Engineering,99.0,4.2,2025-06-15 06:00,2025-06-21 22:00,2025-06-21,218.0,0.519,False,False,True,True
ENG0681,SEC024,Engineering,25.5,11.0,2025-09-06 06:00,2025-11-27 22:00,2025-11-27,454.3,0.413,False,False,True,True
ENG0682,SEC061,Engineering,40.8,2.5,2025-10-21 06:00,2025-11-23 22:00,2025-11-23,51.5,0.206,False,False,True,True
ENG0683,SEC028,Engineering,36.0,7.5,2025-01-29 06:00,2025-03-12 22:00,2025-03-12,389.2,0.519,False,False,True,True
ENG0685,SEC053,Engineering,59.8,11.2,2025-05-27 06:00,2025-06-25 22:00,2025-06-25,280.0,0.25,False,False,True,False
ENG0688,SEC054,Engineering,81.8,8.2,2025-02-21 06:00,2025-02-28 22:00,2025-02-28,186.1,0.227,False,False,True,True
ENG0690,SEC073,Engineering,60.7,8.7,2025-08-09 06:00,2025-08-31 22:00,2025-08-31,181.0,0.208,False,False,True,True
ENG0692,SEC048,Engineering,62.7,4.5,2025-11-01 06:00,2025-11-20 22:00,2025-11-20,131.8,0.293,False,False,True,True
ENG0693,SEC015,Engineering,63.2,4.8,2025-02-07 06:00,2025-03-06 22:00,2025-03-06,216.0,0.45,False,False,True,True
ENG0695,SEC036,Engineering,45.7,8.3,2025-09-07 06:00,2025-10-09 22:00,2025-10-09,432.4,0.521,False,False,True,False
ENG0696,SEC048,Engineering,36.1,9.9,2025-03-26 06:00,2025-05-25 22:00,2025-05-25,290.1,0.293,False,False,True,True
ENG0697,SEC054,Engineering,94.6,4.9,2025-05-04 06:00,2025-05-10 22:00,2025-05-10,111.2,0.227,False,False,True,True
ENG0698,SEC064,Engineering,62.2,8.0,2025-08-07 06:00,2025-08-25 22:00,2025-08-25,196.0,0.245,False,False,True,True
ENG0701,SEC072,Engineering,39.3,2.9,2025-01-18 06:00,2025-03-01 22:00,2025-03-01,69.6,0.24,False,False,True,True
ENG0703,SEC038,Engineering,29.4,1.4,2025-04-23 06:00,2025-06-26 22:00,2025-06-26,57.5,0.411,False,False,True,False
ENG0704,SEC015,Engineering,28.2,6.5,2025-11-22 06:00,2026-02-02 22:00,2026-02-02,292.5,0.45,False,False,True,False
ENG0705,SEC056,Engineering,63.7,9.6,2025-09-20 06:00,2025-10-04 22:00,2025-10-04,273.6,0.285,False,False,True,True
ENG0706,SEC004,Engineering,65.5,9.8,2025-10-04 06:00,2025-10-20 22:00,2025-10-20,426.3,0.435,False,False,True,False
ENG0707,SEC054,Engineering,81.4,7.5,2025-07-20 06:00,2025-07-29 22:00,2025-07-29,170.2,0.227,False,False,True,True
ENG0709,SEC016,Engineering,84.4,9.9,2025-08-29 06:00,2025-09-07 22:00,2025-09-07,419.8,0.424,False,False,True,False
ENG0710,SEC051,Engineering,62.6,3.9,2025-02-28 06:00,2025-03-17 22:00,2025-03-17,100.6,0.258,False,False,True,False
ENG0714,SEC072,Engineering,62.1,2.6,2025-08-13 06:00,2025-08-31 22:00,2025-08-31,62.4,0.24,False,False,True,True
ENG0715,SEC011,Engineering,63.5,5.7,2025-06-05 06:00,2025-07-03 22:00,2025-07-03,275.9,0.484,False,False,True,True
ENG0719,SEC049,Engineering,40.4,10.3,2025-07-26 06:00,2025-09-07 22:00,2025-09-07,338.9,0.329,False,False,True,True
ENG0720,SEC047,Engineering,94.2,4.4,2025-01-06 06:00,2025-01-12 22:00,2025-01-12,89.8,0.204,False,False,True,False
ENG0724,SEC044,Engineering,62.4,9.4,2025-05-30 06:00,2025-06-23 22:00,2025-06-23,326.2,0.347,False,False,True,True
ENG0726,SEC034,Engineering,24.4,2.4,2025-10-14 06:00,2026-01-04 22:00,2026-01-04,81.4,0.339,False,False,True,True
ENG0727,SEC024,Engineering,43.4,10.9,2025-08-30 06:00,2025-10-04 22:00,2025-10-04,450.2,0.413,False,False,True,True
ENG0728,SEC048,Engineering,30.3,8.1,2025-06-19 06:00,2025-08-10 22:00,2025-08-10,237.3,0.293,False,False,True,True
ENG0729,SEC011,Engineering,64.4,1.8,2025-05-17 06:00,2025-06-10 22:00,2025-06-10,87.1,0.484,False,False,True,True
ENG0730,SEC022,Engineering,38.8,6.9,2025-09-23 06:00,2025-11-16 22:00,2025-11-16,269.1,0.39,False,False,True,False
ENG0731,SEC026,Engineering,66.7,2.8,2025-03-13 06:00,2025-03-29 22:00,2025-03-29,144.5,0.516,False,False,True,False
ENG0733,SEC001,Engineering,83.3,11.4,2025-01-02 06:00,2025-01-16 22:00,2025-01-16,485.6,0.426,False,False,True,True
ENG0735,SEC020,Engineering,44.5,9.6,2025-09-20 06:00,2025-10-18 22:00,2025-10-18,368.6,0.384,False,False,True,True
ENG0739,SEC029,Engineering,63.5,3.1,2025-08-05 06:00,2025-09-04 22:00,2025-09-04,158.7,0.512,False,False,True,False
ENG0740,SEC065,Engineering,61.0,5.5,2025-09-14 06:00,2025-10-10 22:00,2025-10-10,157.8,0.287,False,False,True,True
ENG0741,SEC006,Engineering,85.3,6.8,2025-10-07 06:00,2025-10-17 22:00,2025-10-17,340.7,0.501,False,False,True,False
ENG0742,SEC071,Engineering,37.0,7.8,2025-01-12 06:00,2025-03-04 22:00,2025-03-04,173.2,0.222,False,False,True,True
ENG0744,SEC071,Engineering,39.4,10.0,2025-07-23 06:00,2025-09-01 22:00,2025-09-01,222.0,0.222,False,False,True,True
ENG0745,SEC047,Engineering,94.4,2.6,2025-12-04 06:00,2025-12-09 22:00,2025-12-09,53.0,0.204,False,False,True,True
ENG0746,SEC060,Engineering,79.9,1.7,2025-11-11 06:00,2025-11-25 22:00,2025-11-25,34.0,0.2,False,False,True,True
ENG0748,SEC065,Engineering,38.9,7.4,2025-04-04 06:00,2025-05-21 22:00,2025-05-21,212.4,0.287,False,False,True,True
ENG0749,SEC058,Engineering,61.5,4.2,2025-10-29 06:00,2025-11-21 22:00,2025-11-21,114.7,0.273,False,False,True,True
ENG0750,SEC062,Engineering,60.4,11.6,2025-01-08 06:00,2025-01-31 22:00,2025-01-31,232.0,0.2,False,False,True,True
ENG0751,SEC074,Engineering,61.0,4.6,2025-04-14 06:00,2025-05-07 22:00,2025-05-07,110.4,0.24,False,False,True,True
ENG0752,SEC008,Engineering,65.3,7.4,2025-12-13 06:00,2025-12-31 22:00,2025-12-31,336.7,0.455,False,False,True,True
ENG0753,SEC018,Engineering,63.0,11.3,2025-12-11 06:00,2026-01-06 22:00,2026-01-06,470.1,0.416,False,False,True,False
ENG0754,SEC048,Engineering,29.0,4.8,2025-04-09 06:00,2025-06-06 22:00,2025-06-06,140.6,0.293,False,False,True,True
ENG0755,SEC006,Engineering,63.3,2.0,2025-03-03 06:00,2025-04-02 22:00,2025-04-02,100.2,0.501,False,False,True,True
ENG0756,SEC036,Engineering,85.1,9.3,2025-04-13 06:00,2025-04-25 22:00,2025-04-25,484.5,0.521,False,False,True,True
ENG0757,SEC049,Engineering,42.6,7.5,2025-02-06 06:00,2025-03-11 22:00,2025-03-11,246.8,0.329,False,False,True,False
ENG0759,SEC037,Engineering,64.4,11.4,2025-05-09 06:00,2025-06-03 22:00,2025-06-03,567.7,0.498,False,False,True,True
ENG0760,SEC017,Engineering,63.1,6.8,2025-04-19 06:00,2025-05-12 22:00,2025-05-12,261.1,0.384,False,False,True,False
ENG0763,SEC053,Engineering,62.9,7.2,2025-04-19 06:00,2025-05-04 22:00,2025-05-04,180.0,0.25,False,False,True,False
ENG0765,SEC006,Engineering,64.7,9.3,2025-04-09 06:00,2025-05-03 22:00,2025-05-03,465.9,0.501,False,False,True,False
ENG0768,SEC021,Engineering,65.9,4.4,2025-08-01 06:00,2025-08-15 22:00,2025-08-15,191.8,0.436,False,False,True,True
ENG0770,SEC045,Engineering,25.0,11.0,2025-06-04 06:00,2025-08-18 22:00,2025-08-18,308.0,0.28,False,False,True,True
ENG0775,SEC026,Engineering,98.7,9.4,2025-03-19 06:00,2025-03-26 22:00,2025-03-26,485.0,0.516,False,False,True,True
ENG0776,SEC056,Engineering,38.4,2.7,2025-02-20 06:00,2025-04-10 22:00,2025-04-10,76.9,0.285,False,False,True,True
ENG0778,SEC036,Engineering,85.1,2.2,2025-04-01 06:00,2025-04-13 22:00,2025-04-13,114.6,0.521,False,False,True,True
ENG0779,SEC012,Engineering,97.0,8.4,2025-02-03 06:00,2025-02-10 22:00,2025-02-10,339.4,0.404,False,False,True,False
ENG0783,SEC022,Engineering,38.8,5.3,2025-11-06 06:00,2025-12-30 22:00,2025-12-30,206.7,0.39,False,False,True,False
ENG0785,SEC058,Engineering,36.4,6.1,2025-02-14 06:00,2025-04-12 22:00,2025-04-12,166.5,0.273,False,False,True,False
ENG0786,SEC074,Engineering,80.3,12.0,2025-10-12 06:00,2025-10-27 22:00,2025-10-27,288.0,0.24,False,False,True,True
ENG0787,SEC024,Engineering,83.1,5.9,2025-08-08 06:00,2025-08-22 22:00,2025-08-22,243.7,0.413,False,False,True,True
ENG0789,SEC011,Engineering,85.3,9.2,2025-08-24 06:00,2025-09-02 22:00,2025-09-02,445.3,0.484,False,False,True,True
ENG0790,SEC012,Engineering,64.6,2.6,2025-06-22 06:00,2025-07-10 22:00,2025-07-10,105.0,0.404,False,False,True,True
ENG0791,SEC006,Engineering,66.5,3.8,2025-06-24 06:00,2025-07-10 22:00,2025-07-10,190.4,0.501,False,False,True,True
ENG0792,SEC002,Engineering,82.4,11.8,2025-09-06 06:00,2025-09-18 22:00,2025-09-18,402.4,0.341,False,False,True,True
ENG0793,SEC021,Engineering,62.4,11.0,2025-08-28 06:00,2025-09-27 22:00,2025-09-27,479.6,0.436,False,False,True,True
ENG0795,SEC051,Engineering,39.1,7.4,2025-01-09 06:00,2025-02-22 22:00,2025-02-22,190.9,0.258,False,False,True,True
ENG0802,SEC060,Engineering,21.2,3.8,2025-03-24 06:00,2025-06-19 22:00,2025-06-19,76.0,0.2,False,False,True,False
ENG0805,SEC021,Engineering,41.8,6.2,2025-02-03 06:00,2025-03-19 22:00,2025-03-19,270.3,0.436,False,False,True,True
ENG0806,SEC020,Engineering,82.6,6.2,2025-04-13 06:00,2025-04-27 22:00,2025-04-27,238.1,0.384,False,False,True,True
ENG0808,SEC073,Engineering,80.9,11.6,2025-07-23 06:00,2025-08-02 22:00,2025-08-02,241.3,0.208,False,False,True,True
ENG0809,SEC036,Engineering,99.4,1.4,2025-10-18 06:00,2025-10-22 22:00,2025-10-22,72.9,0.521,False,False,True,False
ENG0811,SEC042,Engineering,60.2,6.4,2025-10-19 06:00,2025-11-18 22:00,2025-11-18,186.2,0.291,False,False,True,False
ENG0817,SEC070,Engineering,42.4,3.6,2025-09-19 06:00,2025-10-16 22:00,2025-10-16,82.1,0.228,False,False,True,True
ENG0827,SEC022,Engineering,63.9,11.6,2025-02-20 06:00,2025-03-12 22:00,2025-03-12,452.4,0.39,False,False,True,True
ENG0830,SEC014,Engineering,28.8,8.6,2025-03-19 06:00,2025-05-28 22:00,2025-05-28,390.4,0.454,False,False,True,True
ENG0831,SEC023,Engineering,64.4,6.0,2025-09-12 06:00,2025-10-04 22:00,2025-10-04,271.8,0.453,False,False,True,True
ENG0833,SEC030,Engineering,62.0,3.3,2025-11-27 06:00,2025-12-27 22:00,2025-12-27,135.0,0.409,False,False,True,True
ENG0834,SEC060,Engineering,58.8,9.6,2025-10-26 06:00,2025-11-25 22:00,2025-11-25,192.0,0.2,False,False,True,True
ENG0835,SEC066,Engineering,40.4,2.2,2025-10-10 06:00,2025-11-18 22:00,2025-11-18,59.4,0.27,False,False,True,True
ENG0837,SEC060,Engineering,36.2,1.3,2025-07-15 06:00,2025-09-06 22:00,2025-09-06,26.0,0.2,False,False,True,False
ENG0838,SEC008,Engineering,65.3,9.9,2025-03-17 06:00,2025-04-04 22:00,2025-04-04,450.4,0.455,False,False,True,False
ENG0841,SEC002,Engineering,96.9,6.2,2025-03-31 06:00,2025-04-03 22:00,2025-04-03,211.4,0.341,False,False,True,True
ENG0843,SEC004,Engineering,84.7,9.6,2025-11-22 06:00,2025-11-30 22:00,2025-11-30,417.6,0.435,False,False,True,True
ENG0845,SEC072,Engineering,94.8,3.1,2025-02-25 06:00,2025-03-03 22:00,2025-03-03,74.4,0.24,False,False,True,True
ENG0850,SEC002,Engineering,96.3,4.4,2025-02-27 06:00,2025-03-05 22:00,2025-03-05,150.0,0.341,False,False,True,True
ENG0851,SEC043,Engineering,31.3,2.1,2025-07-10 06:00,2025-08-29 22:00,2025-08-29,68.7,0.327,False,False,True,True
ENG0852,SEC059,Engineering,94.8,11.8,2025-04-21 06:00,2025-04-24 22:00,2025-04-24,237.2,0.201,False,False,True,False
ENG0855,SEC018,Engineering,65.0,1.6,2025-07-02 06:00,2025-07-19 22:00,2025-07-19,66.6,0.416,False,False,True,True
ENG0859,SEC052,Engineering,36.4,11.4,2025-04-11 06:00,2025-06-02 22:00,2025-06-02,228.0,0.2,False,False,True,True
ENG0862,SEC018,Engineering,43.2,3.9,2025-12-13 06:00,2026-01-18 22:00,2026-01-18,162.2,0.416,False,False,True,True
ENG0863,SEC030,Engineering,62.0,8.0,2025-09-19 06:00,2025-10-19 22:00,2025-10-19,327.2,0.409,False,False,True,True
ENG0864,SEC030,Engineering,83.5,10.3,2025-10-16 06:00,2025-10-28 22:00,2025-10-28,421.3,0.409,False,False,True,True
ENG0867,SEC027,Engineering,27.7,6.6,2025-08-06 06:00,2025-10-13 22:00,2025-10-13,235.6,0.357,False,False,True,True
ENG0871,SEC050,Engineering,41.8,2.3,2025-08-23 06:00,2025-09-20 22:00,2025-09-20,46.0,0.2,False,False,True,True
ENG0873,SEC041,Engineering,62.1,4.5,2025-01-09 06:00,2025-01-25 22:00,2025-01-25,94.5,0.21,False,False,True,True
ENG0875,SEC013,Engineering,98.3,9.5,2025-06-03 06:00,2025-06-09 22:00,2025-06-09,451.2,0.475,False,False,True,True
ENG0876,SEC012,Engineering,65.2,4.4,2025-06-21 06:00,2025-07-06 22:00,2025-07-06,177.8,0.404,False,False,True,False
ENG0877,SEC010,Engineering,66.4,11.0,2025-09-17 06:00,2025-10-01 22:00,2025-10-01,514.8,0.468,False,False,True,True
ENG0878,SEC047,Engineering,40.7,4.9,2025-07-01 06:00,2025-08-03 22:00,2025-08-03,100.0,0.204,False,False,True,True
ENG0879,SEC018,Engineering,41.9,11.6,2025-01-31 06:00,2025-03-14 22:00,2025-03-14,482.6,0.416,False,False,True,False
ENG0883,SEC030,Engineering,43.1,10.9,2025-08-19 06:00,2025-09-24 22:00,2025-09-24,445.8,0.409,False,False,True,True
ENG0884,SEC045,Engineering,82.0,9.4,2025-07-23 06:00,2025-08-02 22:00,2025-08-02,263.2,0.28,False,False,True,False
ENG0887,SEC001,Engineering,63.6,10.8,2025-03-07 06:00,2025-03-31 22:00,2025-03-31,460.1,0.426,False,False,True,True
ENG0888,SEC022,Engineering,44.0,10.8,2025-05-01 06:00,2025-06-01 22:00,2025-06-01,421.2,0.39,False,False,True,True
ENG0891,SEC023,Engineering,62.6,10.8,2025-10-09 06:00,2025-11-08 22:00,2025-11-08,489.2,0.453,False,False,True,False
ENG0892,SEC045,Engineering,62.3,2.9,2025-09-02 06:00,2025-09-22 22:00,2025-09-22,81.2,0.28,False,False,True,True
ENG0894,SEC035,Engineering,66.2,9.8,2025-09-17 06:00,2025-10-03 22:00,2025-10-03,472.4,0.482,False,False,True,False
ENG0895,SEC001,Engineering,42.1,2.0,2025-02-23 06:00,2025-04-06 22:00,2025-04-06,85.2,0.426,False,False,True,True
ENG0896,SEC013,Engineering,99.0,4.2,2025-06-19 06:00,2025-06-22 22:00,2025-06-22,199.5,0.475,False,False,True,True
ENG0897,SEC075,Engineering,40.7,2.0,2025-04-20 06:00,2025-05-23 22:00,2025-05-23,40.0,0.2,False,False,True,True
ENG0900,SEC028,Engineering,65.6,6.4,2025-07-17 06:00,2025-08-07 22:00,2025-08-07,332.2,0.519,False,False,True,True
ENG0903,SEC010,Engineering,64.4,6.7,2025-10-13 06:00,2025-11-05 22:00,2025-11-05,313.6,0.468,False,False,True,True
ENG0910,SEC024,Engineering,29.0,6.2,2025-02-06 06:00,2025-04-13 22:00,2025-04-13,256.1,0.413,False,False,True,True
ENG0911,SEC041,Engineering,39.7,8.8,2025-03-03 06:00,2025-04-10 22:00,2025-04-10,184.8,0.21,False,False,True,True
ENG0912,SEC020,Engineering,63.4,11.4,2025-11-19 06:00,2025-12-11 22:00,2025-12-11,437.8,0.384,False,False,True,True
ENG0913,SEC020,Engineering,31.5,8.1,2025-11-08 06:00,2025-12-31 22:00,2025-12-31,311.0,0.384,False,False,True,True
ENG0917,SEC002,Engineering,40.6,6.0,2025-02-20 06:00,2025-04-04 22:00,2025-04-04,204.6,0.341,False,False,True,True
ENG0922,SEC004,Engineering,42.6,4.7,2025-10-28 06:00,2025-12-07 22:00,2025-12-07,204.5,0.435,False,False,True,True
ENG0928,SEC008,Engineering,98.4,7.6,2025-06-14 06:00,2025-06-18 22:00,2025-06-18,345.8,0.455,False,False,True,True
ENG0931,SEC014,Engineering,32.5,6.2,2025-05-21 06:00,2025-07-13 22:00,2025-07-13,281.5,0.454,False,False,True,True
ENG0933,SEC014,Engineering,98.4,8.1,2025-06-13 06:00,2025-06-17 22:00,2025-06-17,367.7,0.454,False,False,True,True
ENG0934,SEC003,Engineering,63.4,6.5,2025-02-25 06:00,2025-03-26 22:00,2025-03-26,319.8,0.492,False,False,True,True
ENG0936,SEC015,Engineering,44.0,4.2,2025-10-10 06:00,2025-11-14 22:00,2025-11-14,189.0,0.45,False,False,True,True
ENG0937,SEC062,Engineering,39.1,6.2,2025-03-30 06:00,2025-05-09 22:00,2025-05-09,124.0,0.2,False,False,True,True
ENG0939,SEC043,Engineering,62.5,2.1,2025-02-05 06:00,2025-02-27 22:00,2025-02-27,68.7,0.327,False,False,True,True
ENG0940,SEC055,Engineering,81.2,7.7,2025-02-23 06:00,2025-03-04 22:00,2025-03-04,162.5,0.211,False,False,True,True
ENG0943,SEC062,Engineering,39.3,11.6,2025-02-08 06:00,2025-03-19 22:00,2025-03-19,232.0,0.2,False,False,True,True
ENG0944,SEC017,Engineering,37.9,1.3,2025-05-12 06:00,2025-07-09 22:00,2025-07-09,49.9,0.384,False,False,True,True
ENG0945,SEC018,Engineering,65.4,4.6,2025-06-30 06:00,2025-07-15 22:00,2025-07-15,191.4,0.416,False,False,True,True
ENG0947,SEC042,Engineering,95.5,4.6,2025-03-03 06:00,2025-03-09 22:00,2025-03-09,133.9,0.291,False,False,True,False
ENG0950,SEC042,Engineering,61.8,4.7,2025-09-12 06:00,2025-10-05 22:00,2025-10-05,136.8,0.291,False,False,True,True
ENG0951,SEC018,Engineering,44.1,10.4,2025-10-08 06:00,2025-11-09 22:00,2025-11-09,432.6,0.416,False,False,True,False
ENG0952,SEC045,Engineering,96.0,7.7,2025-11-29 06:00,2025-12-02 22:00,2025-12-02,215.6,0.28,False,False,True,True
ENG0953,SEC065,Engineering,63.7,6.0,2025-12-16 06:00,2025-12-30 22:00,2025-12-30,172.2,0.287,False,False,True,True
ENG0954,SEC005,Engineering,36.5,9.1,2025-09-10 06:00,2025-10-20 22:00,2025-10-20,480.5,0.528,False,False,True,True
ENG0955,SEC021,Engineering,65.5,8.9,2025-10-17 06:00,2025-11-02 22:00,2025-11-02,388.0,0.436,False,False,True,False
ENG0958,SEC037,Engineering,41.8,7.7,2025-08-14 06:00,2025-10-01 22:00,2025-10-01,383.5,0.498,False,False,True,True
ENG0962,SEC009,Engineering,63.2,8.8,2025-02-24 06:00,2025-03-21 22:00,2025-03-21,367.8,0.418,False,False,True,True
ENG0965,SEC006,Engineering,33.7,10.2,2025-07-17 06:00,2025-09-06 22:00,2025-09-06,511.0,0.501,False,False,True,True
ENG0966,SEC050,Engineering,59.5,1.9,2025-06-21 06:00,2025-07-18 22:00,2025-07-18,38.0,0.2,False,False,True,True
ENG0967,SEC060,Engineering,58.8,7.7,2025-06-25 06:00,2025-07-25 22:00,2025-07-25,154.0,0.2,False,False,True,True
ENG0970,SEC070,Engineering,81.0,2.1,2025-05-08 06:00,2025-05-19 22:00,2025-05-19,47.9,0.228,False,False,True,True
ENG0971,SEC063,Engineering,41.8,10.6,2025-08-04 06:00,2025-09-01 22:00,2025-09-01,215.2,0.203,False,False,True,True
ENG0972,SEC067,Engineering,63.0,4.8,2025-04-16 06:00,2025-05-01 22:00,2025-05-01,123.8,0.258,False,False,True,True
ENG0973,SEC052,Engineering,22.9,2.2,2025-10-16 06:00,2026-01-03 22:00,2026-01-03,44.0,0.2,False,False,True,True
ENG0978,SEC037,Engineering,84.4,2.8,2025-12-20 06:00,2026-01-03 22:00,2026-01-03,139.4,0.498,False,False,True,False
ENG0985,SEC047,Engineering,59.1,2.0,2025-04-07 06:00,2025-05-06 22:00,2025-05-06,40.8,0.204,False,False,True,False
ENG0988,SEC043,Engineering,44.3,7.1,2025-12-17 06:00,2026-01-11 22:00,2026-01-11,232.2,0.327,False,False,True,True
ENG0990,SEC073,Engineering,61.0,6.2,2025-06-13 06:00,2025-07-04 22:00,2025-07-04,129.0,0.208,False,False,True,True
ENG0995,SEC009,Engineering,44.4,10.7,2025-07-18 06:00,2025-08-18 22:00,2025-08-18,447.3,0.418,False,False,True,True
ENG0996,SEC063,Engineering,60.2,7.2,2025-11-12 06:00,2025-12-06 22:00,2025-12-06,146.2,0.203,False,False,True,False
ENG0997,SEC064,Engineering,59.7,11.3,2025-03-29 06:00,2025-04-27 22:00,2025-04-27,276.8,0.245,False,False,True,True
ENG0998,SEC030,Engineering,97.3,10.3,2025-05-20 06:00,2025-05-26 22:00,2025-05-26,421.3,0.409,False,False,True,False
ENG1000,SEC018,Engineering,82.9,8.5,2025-06-12 06:00,2025-06-27 22:00,2025-06-27,353.6,0.416,False,False,True,True
ENG1002,SEC072,Engineering,42.2,1.7,2025-07-16 06:00,2025-08-14 22:00,2025-08-14,40.8,0.24,False,False,True,True
ENG1004,SEC038,Engineering,40.9,8.6,2025-10-29 06:00,2025-12-14 22:00,2025-12-14,353.5,0.411,False,False,True,False
ENG1005,SEC062,Engineering,35.1,3.8,2025-08-18 06:00,2025-10-15 22:00,2025-10-15,76.0,0.2,False,False,True,True
ENG1009,SEC049,Engineering,61.7,8.5,2025-04-02 06:00,2025-04-28 22:00,2025-04-28,279.6,0.329,False,False,True,False
ENG1010,SEC024,Engineering,64.9,7.5,2025-06-09 06:00,2025-06-26 22:00,2025-06-26,309.8,0.413,False,False,True,True
ENG1016,SEC015,Engineering,64.8,9.4,2025-10-11 06:00,2025-10-31 22:00,2025-10-31,423.0,0.45,False,False,True,True
ENG1018,SEC015,Engineering,65.9,6.5,2025-06-06 06:00,2025-06-21 22:00,2025-06-21,292.5,0.45,False,False,True,True
ENG1020,SEC062,Engineering,20.7,9.5,2025-07-17 06:00,2025-10-14 22:00,2025-10-14,190.0,0.2,False,False,True,True
ENG1021,SEC071,Engineering,81.6,10.3,2025-05-13 06:00,2025-05-21 22:00,2025-05-21,228.7,0.222,False,False,True,True
ENG1024,SEC010,Engineering,98.0,11.4,2025-04-18 06:00,2025-04-25 22:00,2025-04-25,533.5,0.468,False,False,True,True
ENG1025,SEC011,Engineering,99.1,10.3,2025-06-18 06:00,2025-06-21 22:00,2025-06-21,498.5,0.484,False,False,True,True
ENG1027,SEC033,Engineering,39.0,4.5,2025-11-23 06:00,2026-01-22 22:00,2026-01-22,221.4,0.492,False,False,True,False
ENG1029,SEC038,Engineering,63.3,7.7,2025-04-26 06:00,2025-05-20 22:00,2025-05-20,316.5,0.411,False,False,True,True
ENG1030,SEC021,Engineering,40.9,9.6,2025-04-22 06:00,2025-06-09 22:00,2025-06-09,418.6,0.436,False,False,True,True
ENG1031,SEC043,Engineering,63.6,2.6,2025-01-20 06:00,2025-02-06 22:00,2025-02-06,85.0,0.327,False,False,True,True
ENG1034,SEC020,Engineering,65.1,10.5,2025-09-02 06:00,2025-09-16 22:00,2025-09-16,403.2,0.384,False,False,True,True
ENG1035,SEC009,Engineering,43.7,1.8,2025-04-25 06:00,2025-05-29 22:00,2025-05-29,75.2,0.418,False,False,True,True
ENG1039,SEC037,Engineering,85.2,8.0,2025-11-24 06:00,2025-12-04 22:00,2025-12-04,398.4,0.498,False,False,True,True
ENG1040,SEC062,Engineering,36.9,6.8,2025-02-24 06:00,2025-04-15 22:00,2025-04-15,136.0,0.2,False,False,True,False
ENG1041,SEC030,Engineering,83.2,9.9,2025-09-21 06:00,2025-10-04 22:00,2025-10-04,404.9,0.409,False,False,True,True
ENG1042,SEC062,Engineering,59.5,6.2,2025-06-21 06:00,2025-07-18 22:00,2025-07-18,124.0,0.2,False,False,True,False
ENG1043,SEC016,Engineering,62.9,5.9,2025-09-08 06:00,2025-10-05 22:00,2025-10-05,250.2,0.424,False,False,True,False
ENG1045,SEC047,Engineering,58.9,7.6,2025-01-30 06:00,2025-03-01 22:00,2025-03-01,155.0,0.204,False,False,True,True
ENG1049,SEC072,Engineering,82.0,5.9,2025-06-22 06:00,2025-06-29 22:00,2025-06-29,141.6,0.24,False,False,True,True
ENG1052,SEC013,Engineering,44.8,1.4,2025-01-29 06:00,2025-03-03 22:00,2025-03-03,66.5,0.475,False,False,True,True
ENG1053,SEC042,Engineering,62.0,9.8,2025-07-13 06:00,2025-08-04 22:00,2025-08-04,285.2,0.291,False,False,True,True
ENG1055,SEC027,Engineering,97.2,12.0,2025-07-25 06:00,2025-07-28 22:00,2025-07-28,428.4,0.357,False,False,True,True
ENG1059,SEC004,Engineering,26.0,1.3,2025-02-22 06:00,2025-05-14 22:00,2025-05-14,56.6,0.435,False,False,True,True
ENG1061,SEC074,Engineering,25.8,5.5,2025-06-21 06:00,2025-08-29 22:00,2025-08-29,132.0,0.24,False,False,True,True
ENG1063,SEC013,Engineering,84.5,7.4,2025-08-16 06:00,2025-08-28 22:00,2025-08-28,351.5,0.475,False,False,True,True
ENG1065,SEC007,Engineering,64.7,5.0,2025-10-25 06:00,2025-11-16 22:00,2025-11-16,237.0,0.474,False,False,True,True
ENG1066,SEC019,Engineering,66.0,5.8,2025-05-28 06:00,2025-06-14 22:00,2025-06-14,283.0,0.488,False,False,True,True
ENG1067,SEC025,Engineering,84.8,10.8,2025-10-22 06:00,2025-11-02 22:00,2025-11-02,520.6,0.482,False,False,True,True
ENG1071,SEC005,Engineering,66.4,4.7,2025-07-06 06:00,2025-07-24 22:00,2025-07-24,248.2,0.528,False,False,True,True
ENG1074,SEC034,Engineering,60.9,8.2,2025-08-17 06:00,2025-09-16 22:00,2025-09-16,278.0,0.339,False,False,True,True
ENG1075,SEC050,Engineering,37.6,1.3,2025-05-05 06:00,2025-06-21 22:00,2025-06-21,26.0,0.2,False,False,True,False
ENG1076,SEC046,Engineering,36.8,1.8,2025-03-24 06:00,2025-05-18 22:00,2025-05-18,48.6,0.27,False,False,True,True
ENG1077,SEC039,Engineering,63.0,3.5,2025-03-15 06:00,2025-04-06 22:00,2025-04-06,125.6,0.359,False,False,True,False
ENG1079,SEC006,Engineering,85.7,1.1,2025-11-09 06:00,2025-11-17 22:00,2025-11-17,55.1,0.501,False,False,True,True
ENG1085,SEC024,Engineering,62.5,7.6,2025-11-29 06:00,2025-12-27 22:00,2025-12-27,313.9,0.413,False,False,True,True
ENG1086,SEC036,Engineering,98.8,4.3,2025-08-03 06:00,2025-08-10 22:00,2025-08-10,224.0,0.521,False,False,True,True
ENG1093,SEC056,Engineering,82.1,11.9,2025-12-13 06:00,2025-12-23 22:00,2025-12-23,339.2,0.285,False,False,True,True
ENG1094,SEC055,Engineering,40.6,11.8,2025-11-08 06:00,2025-12-12 22:00,2025-12-12,249.0,0.211,False,False,True,True
ENG1095,SEC074,Engineering,60.3,2.8,2025-06-06 06:00,2025-07-02 22:00,2025-07-02,67.2,0.24,False,False,True,False
ENG1096,SEC038,Engineering,63.1,8.0,2025-09-06 06:00,2025-10-01 22:00,2025-10-01,328.8,0.411,False,False,True,True
ENG1101,SEC001,Engineering,62.2,3.4,2025-08-20 06:00,2025-09-19 22:00,2025-09-19,144.8,0.426,False,False,True,True
ENG1102,SEC012,Engineering,41.7,7.3,2025-02-26 06:00,2025-04-09 22:00,2025-04-09,294.9,0.404,False,False,True,True
ENG1103,SEC050,Engineering,62.2,10.0,2025-05-19 06:00,2025-06-03 22:00,2025-06-03,200.0,0.2,False,False,True,True
ENG1104,SEC011,Engineering,63.3,8.2,2025-04-21 06:00,2025-05-20 22:00,2025-05-20,396.9,0.484,False,False,True,True
ENG1105,SEC025,Engineering,45.8,4.1,2025-02-13 06:00,2025-03-14 22:00,2025-03-14,197.6,0.482,False,False,True,True
ENG1106,SEC064,Engineering,61.7,9.2,2025-01-24 06:00,2025-02-13 22:00,2025-02-13,225.4,0.245,False,False,True,True
ENG1107,SEC032,Engineering,83.0,5.6,2025-04-09 06:00,2025-04-19 22:00,2025-04-19,195.4,0.349,False,False,True,False
ENG1109,SEC070,Engineering,62.4,8.8,2025-02-18 06:00,2025-03-06 22:00,2025-03-06,200.6,0.228,False,False,True,True
ENG1110,SEC006,Engineering,46.3,11.6,2025-09-13 06:00,2025-10-11 22:00,2025-10-11,581.2,0.501,False,False,True,True
ENG1111,SEC018,Engineering,82.9,11.9,2025-07-24 06:00,2025-08-08 22:00,2025-08-08,495.0,0.416,False,False,True,True
ENG1116,SEC010,Engineering,98.6,6.9,2025-04-29 06:00,2025-05-03 22:00,2025-05-03,322.9,0.468,False,False,True,True
ENG1118,SEC040,Engineering,82.1,7.9,2025-07-29 06:00,2025-08-05 22:00,2025-08-05,191.2,0.242,False,False,True,True
ENG1128,SEC047,Engineering,60.7,2.6,2025-02-28 06:00,2025-03-22 22:00,2025-03-22,53.0,0.204,False,False,True,False
ENG1132,SEC053,Engineering,80.6,11.6,2025-03-03 06:00,2025-03-17 22:00,2025-03-17,290.0,0.25,False,False,True,True
ENG1133,SEC058,Engineering,62.8,2.5,2025-06-09 06:00,2025-06-26 22:00,2025-06-26,68.2,0.273,False,False,True,True
ENG1134,SEC059,Engineering,62.0,8.1,2025-07-16 06:00,2025-08-01 22:00,2025-08-01,162.8,0.201,False,False,True,True
ENG1135,SEC033,Engineering,66.1,4.6,2025-07-07 06:00,2025-07-24 22:00,2025-07-24,226.3,0.492,False,False,True,True
ENG1136,SEC025,Engineering,83.9,4.0,2025-06-30 06:00,2025-07-15 22:00,2025-07-15,192.8,0.482,False,False,True,True
ENG1138,SEC064,Engineering,60.2,6.4,2025-06-12 06:00,2025-07-09 22:00,2025-07-09,156.8,0.245,False,False,True,True
ENG1142,SEC047,Engineering,38.3,4.7,2025-10-24 06:00,2025-12-07 22:00,2025-12-07,95.9,0.204,False,False,True,True
ENG1150,SEC006,Engineering,65.3,9.5,2025-01-16 06:00,2025-02-06 22:00,2025-02-06,476.0,0.501,False,False,True,True
ENG1151,SEC036,Engineering,25.3,3.7,2025-11-30 06:00,2026-02-28 22:00,2026-02-28,192.8,0.521,False,False,True,False
ENG1152,SEC007,Engineering,35.7,2.6,2025-09-26 06:00,2025-11-05 22:00,2025-11-05,123.2,0.474,False,False,True,True
ENG1158,SEC017,Engineering,64.9,1.1,2025-01-01 06:00,2025-01-16 22:00,2025-01-16,42.2,0.384,False,False,True,True
ENG1159,SEC055,Engineering,39.1,7.3,2025-10-16 06:00,2025-11-26 22:00,2025-11-26,154.0,0.211,False,False,True,True
ENG1160,SEC011,Engineering,64.6,4.2,2025-01-05 06:00,2025-01-28 22:00,2025-01-28,203.3,0.484,False,False,True,False
ENG1165,SEC069,Engineering,21.4,3.1,2025-08-16 06:00,2025-11-10 22:00,2025-11-10,62.0,0.2,False,False,True,True
ENG1167,SEC018,Engineering,83.6,8.6,2025-10-12 06:00,2025-10-24 22:00,2025-10-24,357.8,0.416,False,False,True,False
ENG1173,SEC073,Engineering,30.6,3.2,2025-07-14 06:00,2025-08-28 22:00,2025-08-28,66.6,0.208,False,False,True,True
ENG1176,SEC034,Engineering,64.3,11.7,2025-06-05 06:00,2025-06-20 22:00,2025-06-20,396.6,0.339,False,False,True,False
ENG1179,SEC031,Engineering,64.6,4.7,2025-06-21 06:00,2025-07-09 22:00,2025-07-09,190.4,0.405,False,False,True,True
ENG1181,SEC058,Engineering,81.2,11.7,2025-01-24 06:00,2025-02-06 22:00,2025-02-06,319.4,0.273,False,False,True,True
ENG1183,SEC048,Engineering,40.5,4.9,2025-10-05 06:00,2025-11-14 22:00,2025-11-14,143.6,0.293,False,False,True,True
ENG1184,SEC047,Engineering,94.2,3.0,2025-01-30 06:00,2025-02-05 22:00,2025-02-05,61.2,0.204,False,False,True,False
ENG1188,SEC048,Engineering,62.9,8.6,2025-10-11 06:00,2025-10-29 22:00,2025-10-29,252.0,0.293,False,False,True,True
ENG1189,SEC056,Engineering,30.0,10.3,2025-10-10 06:00,2025-12-02 22:00,2025-12-02,293.6,0.285,False,False,True,True
ENG1190,SEC029,Engineering,39.8,10.0,2025-04-04 06:00,2025-06-01 22:00,2025-06-01,512.0,0.512,False,False,True,True
ENG1191,SEC021,Engineering,98.2,6.6,2025-11-06 06:00,2025-11-10 22:00,2025-11-10,287.8,0.436,False,False,True,True
ENG1193,SEC068,Engineering,60.6,3.5,2025-09-02 06:00,2025-10-01 22:00,2025-10-01,107.1,0.306,False,False,True,True
ENG1194,SEC037,Engineering,40.0,11.4,2025-03-28 06:00,2025-05-23 22:00,2025-05-23,567.7,0.498,False,False,True,True
ENG1196,SEC043,Engineering,62.3,7.0,2025-07-13 06:00,2025-08-05 22:00,2025-08-05,228.9,0.327,False,False,True,True
ENG1199,SEC061,Engineering,26.1,2.0,2025-10-28 06:00,2026-01-01 22:00,2026-01-01,41.2,0.206,False,False,True,True
ENG1200,SEC040,Engineering,62.8,1.1,2025-06-08 06:00,2025-06-23 22:00,2025-06-23,26.6,0.242,False,False,True,False
ENG1204,SEC011,Engineering,84.4,3.7,2025-01-11 06:00,2025-01-24 22:00,2025-01-24,179.1,0.484,False,False,True,False
ENG1205,SEC033,Engineering,65.2,9.6,2025-03-18 06:00,2025-04-08 22:00,2025-04-08,472.3,0.492,False,False,True,True
ENG1206,SEC034,Engineering,63.8,10.9,2025-08-26 06:00,2025-09-12 22:00,2025-09-12,369.5,0.339,False,False,True,True
ENG1207,SEC008,Engineering,63.5,4.7,2025-04-04 06:00,2025-04-30 22:00,2025-04-30,213.8,0.455,False,False,True,True
ENG1209,SEC037,Engineering,39.8,4.2,2025-05-12 06:00,2025-07-08 22:00,2025-07-08,209.2,0.498,False,False,True,True
ENG1210,SEC030,Engineering,64.2,6.9,2025-02-12 06:00,2025-03-04 22:00,2025-03-04,282.2,0.409,False,False,True,True
ENG1213,SEC019,Engineering,84.4,6.2,2025-06-24 06:00,2025-07-07 22:00,2025-07-07,302.6,0.488,False,False,True,True
ENG1216,SEC056,Engineering,95.2,1.2,2025-01-03 06:00,2025-01-10 22:00,2025-01-10,34.2,0.285,False,False,True,False
ENG1217,SEC042,Engineering,81.9,1.6,2025-09-10 06:00,2025-09-21 22:00,2025-09-21,46.6,0.291,False,False,True,True
ENG1218,SEC017,Engineering,43.2,5.1,2025-03-28 06:00,2025-05-01 22:00,2025-05-01,195.8,0.384,False,False,True,False
ENG1219,SEC074,Engineering,80.9,4.8,2025-05-02 06:00,2025-05-14 22:00,2025-05-14,115.2,0.24,False,False,True,True
ENG1220,SEC035,Engineering,64.8,3.9,2025-09-11 06:00,2025-10-03 22:00,2025-10-03,188.0,0.482,False,False,True,False
ENG1221,SEC055,Engineering,60.3,6.9,2025-01-07 06:00,2025-01-31 22:00,2025-01-31,145.6,0.211,False,False,True,False
ENG1222,SEC042,Engineering,82.1,6.8,2025-07-29 06:00,2025-08-08 22:00,2025-08-08,197.9,0.291,False,False,True,True
ENG1224,SEC031,Engineering,84.3,9.8,2025-12-05 06:00,2025-12-13 22:00,2025-12-13,396.9,0.405,False,False,True,True
ENG1225,SEC022,Engineering,97.5,6.4,2025-04-14 06:00,2025-04-18 22:00,2025-04-18,249.6,0.39,False,False,True,False
ENG1226,SEC063,Engineering,61.8,7.7,2025-04-02 06:00,2025-04-19 22:00,2025-04-19,156.3,0.203,False,False,True,True
ENG1227,SEC011,Engineering,44.0,4.7,2025-02-16 06:00,2025-03-25 22:00,2025-03-25,227.5,0.484,False,False,True,True
ENG1228,SEC018,Engineering,84.5,9.7,2025-09-02 06:00,2025-09-10 22:00,2025-09-10,403.5,0.416,False,False,True,True
ENG1231,SEC047,Engineering,35.4,1.9,2025-08-15 06:00,2025-10-11 22:00,2025-10-11,38.8,0.204,False,False,True,True
ENG1233,SEC019,Engineering,28.2,7.0,2025-05-15 06:00,2025-07-29 22:00,2025-07-29,341.6,0.488,False,False,True,True
ENG1235,SEC043,Engineering,37.0,3.1,2025-02-06 06:00,2025-04-05 22:00,2025-04-05,101.4,0.327,False,False,True,True
ENG1237,SEC061,Engineering,59.6,9.3,2025-12-14 06:00,2026-01-10 22:00,2026-01-10,191.6,0.206,False,False,True,True
ENG1238,SEC004,Engineering,39.5,7.0,2025-12-16 06:00,2026-02-08 22:00,2026-02-08,304.5,0.435,False,False,True,False
ENG1239,SEC066,Engineering,60.3,4.9,2025-09-05 06:00,2025-10-03 22:00,2025-10-03,132.3,0.27,False,False,True,True
ENG1240,SEC037,Engineering,26.1,7.2,2025-03-19 06:00,2025-06-12 22:00,2025-06-12,358.6,0.498,False,False,True,True
ENG1244,SEC010,Engineering,64.9,11.9,2025-09-03 06:00,2025-09-24 22:00,2025-09-24,556.9,0.468,False,False,True,True
ENG1248,SEC008,Engineering,66.0,9.2,2025-06-01 06:00,2025-06-16 22:00,2025-06-16,418.6,0.455,False,False,True,True
ENG1252,SEC058,Engineering,61.0,9.3,2025-03-01 06:00,2025-03-26 22:00,2025-03-26,253.9,0.273,False,False,True,True
ENG1253,SEC067,Engineering,23.8,7.9,2025-09-26 06:00,2025-12-14 22:00,2025-12-14,203.8,0.258,False,False,True,True
ENG1256,SEC020,Engineering,64.5,2.4,2025-08-14 06:00,2025-08-31 22:00,2025-08-31,92.2,0.384,False,False,True,True
ENG1257,SEC069,Engineering,62.2,5.3,2025-05-25 06:00,2025-06-09 22:00,2025-06-09,106.0,0.2,False,False,True,False
ENG1258,SEC013,Engineering,98.3,3.6,2025-07-11 06:00,2025-07-17 22:00,2025-07-17,171.0,0.475,False,False,True,True
ENG1260,SEC007,Engineering,66.3,8.4,2025-11-03 06:00,2025-11-18 22:00,2025-11-18,398.2,0.474,False,False,True,True
ENG1261,SEC003,Engineering,63.7,4.8,2025-06-15 06:00,2025-07-13 22:00,2025-07-13,236.2,0.492,False,False,True,True
ENG1262,SEC002,Engineering,44.1,8.4,2025-01-21 06:00,2025-02-17 22:00,2025-02-17,286.4,0.341,False,False,True,True
ENG1265,SEC047,Engineering,81.5,11.0,2025-12-19 06:00,2025-12-26 22:00,2025-12-26,224.4,0.204,False,False,True,False
ENG1267,SEC062,Engineering,62.2,11.5,2025-05-03 06:00,2025-05-18 22:00,2025-05-18,230.0,0.2,False,False,True,True
ENG1270,SEC068,Engineering,61.1,1.3,2025-12-09 06:00,2026-01-05 22:00,2026-01-05,39.8,0.306,False,False,True,True
ENG1272,SEC050,Engineering,59.3,9.2,2025-06-14 06:00,2025-07-12 22:00,2025-07-12,184.0,0.2,False,False,True,False
ENG1274,SEC006,Engineering,98.5,10.8,2025-03-14 06:00,2025-03-21 22:00,2025-03-21,541.1,0.501,False,False,True,True
ENG1275,SEC010,Engineering,62.9,8.8,2025-02-26 06:00,2025-03-28 22:00,2025-03-28,411.8,0.468,False,False,True,True
ENG1278,SEC039,Engineering,28.7,9.0,2025-12-19 06:00,2026-02-21 22:00,2026-02-21,323.1,0.359,False,False,True,False
ENG1279,SEC004,Engineering,83.6,6.7,2025-01-31 06:00,2025-02-13 22:00,2025-02-13,291.4,0.435,False,False,True,True
ENG1281,SEC017,Engineering,64.9,2.7,2025-04-15 06:00,2025-04-30 22:00,2025-04-30,103.7,0.384,False,False,True,True
ENG1282,SEC068,Engineering,23.6,1.7,2025-10-20 06:00,2026-01-11 22:00,2026-01-11,52.0,0.306,False,False,True,True
ENG1283,SEC013,Engineering,43.5,2.4,2025-08-02 06:00,2025-09-10 22:00,2025-09-10,114.0,0.475,False,False,True,True
ENG1285,SEC054,Engineering,94.6,5.0,2025-02-19 06:00,2025-02-25 22:00,2025-02-25,113.5,0.227,False,False,True,True
ENG1287,SEC056,Engineering,61.0,7.6,2025-11-18 06:00,2025-12-14 22:00,2025-12-14,216.6,0.285,False,False,True,True
ENG1288,SEC073,Engineering,61.6,2.2,2025-04-06 06:00,2025-04-24 22:00,2025-04-24,45.8,0.208,False,False,True,True
ENG1290,SEC019,Engineering,43.9,11.8,2025-12-06 06:00,2026-01-13 22:00,2026-01-13,575.8,0.488,False,False,True,False
ENG1291,SEC024,Engineering,42.5,10.6,2025-11-02 06:00,2025-12-11 22:00,2025-12-11,437.8,0.413,False,False,True,True
ENG1297,SEC042,Engineering,81.3,2.1,2025-07-20 06:00,2025-08-03 22:00,2025-08-03,61.1,0.291,False,False,True,True
ENG1299,SEC038,Engineering,29.2,8.0,2025-12-02 06:00,2026-02-05 22:00,2026-02-05,328.8,0.411,False,False,True,False
ENG1303,SEC057,Engineering,63.7,11.1,2025-11-12 06:00,2025-11-30 22:00,2025-11-30,385.2,0.347,False,False,True,True
ENG1309,SEC031,Engineering,64.4,8.4,2025-06-13 06:00,2025-07-02 22:00,2025-07-02,340.2,0.405,False,False,True,True
ENG1310,SEC007,Engineering,84.9,6.5,2025-06-21 06:00,2025-07-01 22:00,2025-07-01,308.1,0.474,False,False,True,True
ENG1311,SEC026,Engineering,65.8,9.6,2025-08-20 06:00,2025-09-09 22:00,2025-09-09,495.4,0.516,False,False,True,True
ENG1313,SEC041,Engineering,35.9,3.8,2025-08-25 06:00,2025-10-19 22:00,2025-10-19,79.8,0.21,False,False,True,True
ENG1314,SEC049,Engineering,82.0,5.8,2025-01-13 06:00,2025-01-26 22:00,2025-01-26,190.8,0.329,False,False,True,True
ENG1315,SEC053,Engineering,62.5,1.2,2025-05-11 06:00,2025-05-28 22:00,2025-05-28,30.0,0.25,False,False,True,True
ENG1317,SEC058,Engineering,35.8,6.3,2025-03-21 06:00,2025-05-20 22:00,2025-05-20,172.0,0.273,False,False,True,True
ENG1318,SEC043,Engineering,96.7,6.2,2025-09-12 06:00,2025-09-15 22:00,2025-09-15,202.7,0.327,False,False,True,True
ENG1319,SEC054,Engineering,36.8,2.5,2025-07-20 06:00,2025-09-10 22:00,2025-09-10,56.8,0.227,False,False,True,False
ENG1320,SEC038,Engineering,83.1,11.4,2025-04-18 06:00,2025-05-02 22:00,2025-05-02,468.5,0.411,False,False,True,False
ENG1323,SEC062,Engineering,79.9,2.2,2025-06-12 06:00,2025-06-26 22:00,2025-06-26,44.0,0.2,False,False,True,True
ENG1324,SEC062,Engineering,24.5,3.4,2025-08-13 06:00,2025-10-24 22:00,2025-10-24,68.0,0.2,False,False,True,False
ENG1325,SEC018,Engineering,41.7,7.7,2025-03-03 06:00,2025-04-15 22:00,2025-04-15,320.3,0.416,False,False,True,True
ENG1326,SEC044,Engineering,28.3,8.0,2025-07-31 06:00,2025-10-04 22:00,2025-10-04,277.6,0.347,False,False,True,True
ENG1327,SEC038,Engineering,63.1,3.0,2025-03-11 06:00,2025-04-05 22:00,2025-04-05,123.3,0.411,False,False,True,True
ENG1328,SEC017,Engineering,96.9,10.9,2025-11-17 06:00,2025-11-23 22:00,2025-11-23,418.6,0.384,False,False,True,True
ENG1329,SEC008,Engineering,64.2,1.8,2025-03-20 06:00,2025-04-12 22:00,2025-04-12,81.9,0.455,False,False,True,False
ENG1334,SEC041,Engineering,94.3,3.2,2025-07-27 06:00,2025-08-02 22:00,2025-08-02,67.2,0.21,False,False,True,True
ENG1337,SEC055,Engineering,95.0,11.4,2025-10-30 06:00,2025-11-02 22:00,2025-11-02,240.5,0.211,False,False,True,True
ENG1339,SEC063,Engineering,61.3,5.8,2025-11-27 06:00,2025-12-16 22:00,2025-12-16,117.7,0.203,False,False,True,True
ENG1346,SEC016,Engineering,98.2,9.5,2025-10-06 06:00,2025-10-09 22:00,2025-10-09,402.8,0.424,False,False,True,False
ENG1347,SEC055,Engineering,35.5,4.2,2025-11-04 06:00,2025-12-31 22:00,2025-12-31,88.6,0.211,False,False,True,False
ENG1349,SEC003,Engineering,84.5,10.7,2025-06-15 06:00,2025-06-28 22:00,2025-06-28,526.4,0.492,False,False,True,True
ENG1350,SEC052,Engineering,60.2,8.2,2025-01-20 06:00,2025-02-13 22:00,2025-02-13,164.0,0.2,False,False,True,True
ENG1351,SEC024,Engineering,63.4,2.6,2025-08-20 06:00,2025-09-13 22:00,2025-09-13,107.4,0.413,False,False,True,True
ENG1353,SEC016,Engineering,64.4,9.9,2025-06-07 06:00,2025-06-27 22:00,2025-06-27,419.8,0.424,False,False,True,False
ENG1354,SEC004,Engineering,41.1,8.3,2025-10-18 06:00,2025-12-04 22:00,2025-12-04,361.0,0.435,False,False,True,True
ENG1358,SEC042,Engineering,95.5,4.0,2025-08-18 06:00,2025-08-24 22:00,2025-08-24,116.4,0.291,False,False,True,True
ENG1360,SEC013,Engineering,65.6,7.5,2025-06-02 06:00,2025-06-20 22:00,2025-06-20,356.2,0.475,False,False,True,True
ENG1361,SEC071,Engineering,80.2,8.8,2025-07-19 06:00,2025-08-02 22:00,2025-08-02,195.4,0.222,False,False,True,True
ENG1366,SEC004,Engineering,97.7,8.9,2025-06-06 06:00,2025-06-12 22:00,2025-06-12,387.2,0.435,False,False,True,False
ENG1368,SEC007,Engineering,64.3,9.5,2025-01-25 06:00,2025-02-18 22:00,2025-02-18,450.3,0.474,False,False,True,False
ENG1369,SEC029,Engineering,64.8,10.0,2025-10-14 06:00,2025-11-07 22:00,2025-11-07,512.0,0.512,False,False,True,True
ENG1370,SEC060,Engineering,34.7,8.2,2025-08-10 06:00,2025-10-09 22:00,2025-10-09,164.0,0.2,False,False,True,True
ENG1371,SEC005,Engineering,99.5,8.8,2025-03-28 06:00,2025-04-01 22:00,2025-04-01,464.6,0.528,False,False,True,True
ENG1374,SEC056,Engineering,60.1,10.3,2025-02-21 06:00,2025-03-23 22:00,2025-03-23,293.6,0.285,False,False,True,True
ENG1377,SEC073,Engineering,60.1,10.0,2025-03-10 06:00,2025-04-04 22:00,2025-04-04,208.0,0.208,False,False,True,False
ENG1378,SEC073,Engineering,79.8,9.1,2025-09-04 06:00,2025-09-19 22:00,2025-09-19,189.3,0.208,False,False,True,False
ENG1382,SEC007,Engineering,84.9,6.9,2025-05-22 06:00,2025-06-01 22:00,2025-06-01,327.1,0.474,False,False,True,False
ENG1383,SEC071,Engineering,81.8,11.8,2025-02-02 06:00,2025-02-09 22:00,2025-02-09,262.0,0.222,False,False,True,True
ENG1385,SEC031,Engineering,97.2,5.8,2025-11-06 06:00,2025-11-12 22:00,2025-11-12,234.9,0.405,False,False,True,True
ENG1387,SEC006,Engineering,85.7,7.8,2025-05-05 06:00,2025-05-13 22:00,2025-05-13,390.8,0.501,False,False,True,False
ENG1388,SEC073,Engineering,94.7,2.8,2025-09-11 06:00,2025-09-15 22:00,2025-09-15,58.2,0.208,False,False,True,False
ENG1389,SEC004,Engineering,64.6,8.1,2025-03-22 06:00,2025-04-11 22:00,2025-04-11,352.3,0.435,False,False,True,False
ENG1391,SEC023,Engineering,40.5,12.0,2025-11-30 06:00,2026-01-20 22:00,2026-01-20,543.6,0.453,False,False,True,False
ENG1395,SEC030,Engineering,83.7,3.3,2025-06-10 06:00,2025-06-21 22:00,2025-06-21,135.0,0.409,False,False,True,True
ENG1397,SEC036,Engineering,66.5,5.1,2025-11-08 06:00,2025-11-25 22:00,2025-11-25,265.7,0.521,False,False,True,False
ENG1398,SEC054,Engineering,62.3,10.8,2025-07-23 06:00,2025-08-08 22:00,2025-08-08,245.2,0.227,False,False,True,True
ENG1399,SEC050,Engineering,60.8,7.0,2025-11-05 06:00,2025-11-26 22:00,2025-11-26,140.0,0.2,False,False,True,True
ENG1400,SEC054,Engineering,61.5,10.7,2025-02-26 06:00,2025-03-18 22:00,2025-03-18,242.9,0.227,False,False,True,False
ENG1403,SEC022,Engineering,43.3,1.0,2025-10-09 06:00,2025-11-12 22:00,2025-11-12,39.0,0.39,False,False,True,False
ENG1404,SEC017,Engineering,64.9,6.0,2025-06-05 06:00,2025-06-20 22:00,2025-06-20,230.4,0.384,False,False,True,True
ENG1406,SEC054,Engineering,80.7,11.3,2025-09-10 06:00,2025-09-22 22:00,2025-09-22,256.5,0.227,False,False,True,True
ENG1409,SEC037,Engineering,84.8,2.5,2025-07-13 06:00,2025-07-25 22:00,2025-07-25,124.5,0.498,False,False,True,True
ENG1411,SEC074,Engineering,95.2,3.8,2025-05-05 06:00,2025-05-09 22:00,2025-05-09,91.2,0.24,False,False,True,True
ENG1414,SEC040,Engineering,28.7,2.9,2025-04-12 06:00,2025-06-07 22:00,2025-06-07,70.2,0.242,False,False,True,True
ENG1415,SEC014,Engineering,63.8,1.4,2025-11-13 06:00,2025-12-08 22:00,2025-12-08,63.6,0.454,False,False,True,True
ENG1417,SEC032,Engineering,82.1,10.4,2025-07-07 06:00,2025-07-21 22:00,2025-07-21,363.0,0.349,False,False,True,True
ENG1418,SEC029,Engineering,63.7,11.1,2025-10-21 06:00,2025-11-19 22:00,2025-11-19,568.3,0.512,False,False,True,True
ENG1420,SEC027,Engineering,62.1,9.7,2025-03-22 06:00,2025-04-17 22:00,2025-04-17,346.3,0.357,False,False,True,True
ENG1423,SEC060,Engineering,41.6,5.0,2025-08-29 06:00,2025-09-27 22:00,2025-09-27,100.0,0.2,False,False,True,True
ENG1427,SEC035,Engineering,45.3,7.1,2025-10-28 06:00,2025-11-28 22:00,2025-11-28,342.2,0.482,False,False,True,True
ENG1428,SEC006,Engineering,27.9,3.5,2025-08-25 06:00,2025-11-10 22:00,2025-11-10,175.4,0.501,False,False,True,True
ENG1433,SEC019,Engineering,66.3,6.8,2025-03-24 06:00,2025-04-09 22:00,2025-04-09,331.8,0.488,False,False,True,True
ENG1435,SEC074,Engineering,59.4,3.5,2025-03-28 06:00,2025-04-27 22:00,2025-04-27,84.0,0.24,False,False,True,True
ENG1437,SEC047,Engineering,36.9,4.1,2025-02-16 06:00,2025-04-07 22:00,2025-04-07,83.6,0.204,False,False,True,True
ENG1440,SEC001,Engineering,63.8,11.8,2025-04-03 06:00,2025-04-26 22:00,2025-04-26,502.7,0.426,False,False,True,True
ENG1442,SEC065,Engineering,82.3,3.2,2025-11-04 06:00,2025-11-13 22:00,2025-11-13,91.8,0.287,False,False,True,True
ENG1444,SEC059,Engineering,31.0,5.2,2025-01-21 06:00,2025-03-05 22:00,2025-03-05,104.5,0.201,False,False,True,True
ENG1445,SEC053,Engineering,25.5,10.7,2025-11-20 06:00,2026-01-30 22:00,2026-01-30,267.5,0.25,False,False,True,True
ENG1448,SEC002,Engineering,44.6,5.8,2025-07-25 06:00,2025-08-19 22:00,2025-08-19,197.8,0.341,False,False,True,True
ENG1454,SEC041,Engineering,59.4,4.7,2025-06-16 06:00,2025-07-14 22:00,2025-07-14,98.7,0.21,False,False,True,True
ENG1462,SEC051,Engineering,61.9,6.1,2025-03-13 06:00,2025-04-02 22:00,2025-04-02,157.4,0.258,False,False,True,True
ENG1464,SEC042,Engineering,95.8,5.1,2025-03-04 06:00,2025-03-09 22:00,2025-03-09,148.4,0.291,False,False,True,False
ENG1467,SEC019,Engineering,84.7,6.8,2025-03-20 06:00,2025-04-01 22:00,2025-04-01,331.8,0.488,False,False,True,True
ENG1468,SEC013,Engineering,43.5,1.2,2025-09-28 06:00,2025-11-06 22:00,2025-11-06,57.0,0.475,False,False,True,True
ENG1469,SEC038,Engineering,31.4,8.3,2025-11-17 06:00,2026-01-11 22:00,2026-01-11,341.1,0.411,False,False,True,False
ENG1470,SEC065,Engineering,96.1,1.4,2025-02-22 06:00,2025-02-25 22:00,2025-02-25,40.2,0.287,False,False,True,False
ENG1471,SEC043,Engineering,61.4,5.3,2025-05-19 06:00,2025-06-15 22:00,2025-06-15,173.3,0.327,False,False,True,True
ENG1473,SEC035,Engineering,84.3,10.1,2025-05-25 06:00,2025-06-07 22:00,2025-06-07,486.8,0.482,False,False,True,False
ENG1474,SEC019,Engineering,64.9,4.7,2025-07-12 06:00,2025-08-03 22:00,2025-08-03,229.4,0.488,False,False,True,True
ENG1475,SEC049,Engineering,30.2,2.6,2025-09-13 06:00,2025-11-07 22:00,2025-11-07,85.5,0.329,False,False,True,False
ENG1477,SEC034,Engineering,64.0,11.7,2025-01-11 06:00,2025-01-27 22:00,2025-01-27,396.6,0.339,False,False,True,True
ENG1478,SEC057,Engineering,37.1,8.8,2025-06-23 06:00,2025-08-21 22:00,2025-08-21,305.4,0.347,False,False,True,True
ENG1480,SEC038,Engineering,65.3,10.0,2025-06-09 06:00,2025-06-24 22:00,2025-06-24,411.0,0.411,False,False,True,True
ENG1481,SEC053,Engineering,81.8,10.8,2025-04-10 06:00,2025-04-19 22:00,2025-04-19,270.0,0.25,False,False,True,True
ENG1497,SEC007,Engineering,41.0,7.1,2025-04-20 06:00,2025-06-09 22:00,2025-06-09,336.5,0.474,False,False,True,True
ENG1498,SEC007,Engineering,64.9,4.0,2025-03-06 06:00,2025-03-27 22:00,2025-03-27,189.6,0.474,False,False,True,False
ENG1500,SEC040,Engineering,62.8,7.9,2025-09-24 06:00,2025-10-09 22:00,2025-10-09,191.2,0.242,False,False,True,True
ENG1501,SEC009,Engineering,62.5,4.4,2025-04-17 06:00,2025-05-15 22:00,2025-05-15,183.9,0.418,False,False,True,True
ENG1505,SEC017,Engineering,62.5,8.5,2025-10-13 06:00,2025-11-08 22:00,2025-11-08,326.4,0.384,False,False,True,True
ENG1506,SEC051,Engineering,41.1,5.0,2025-03-06 06:00,2025-04-10 22:00,2025-04-10,129.0,0.258,False,False,True,False
ENG1507,SEC038,Engineering,62.4,10.0,2025-01-31 06:00,2025-02-28 22:00,2025-02-28,411.0,0.411,False,False,True,True
ENG1510,SEC044,Engineering,38.2,1.3,2025-08-08 06:00,2025-10-01 22:00,2025-10-01,45.1,0.347,False,False,True,True
ENG1511,SEC023,Engineering,45.4,2.9,2025-04-04 06:00,2025-05-03 22:00,2025-05-03,131.4,0.453,False,False,True,True
ENG1512,SEC031,Engineering,61.9,11.5,2025-01-20 06:00,2025-02-19 22:00,2025-02-19,465.8,0.405,False,False,True,True
ENG1513,SEC072,Engineering,59.4,8.2,2025-01-25 06:00,2025-02-24 22:00,2025-02-24,196.8,0.24,False,False,True,True
ENG1517,SEC044,Engineering,82.5,11.2,2025-05-23 06:00,2025-06-04 22:00,2025-06-04,388.6,0.347,False,False,True,True
ENG1518,SEC007,Engineering,63.8,4.4,2025-12-09 06:00,2026-01-04 22:00,2026-01-04,208.6,0.474,False,False,True,True
ENG1523,SEC008,Engineering,33.4,3.1,2025-07-08 06:00,2025-08-26 22:00,2025-08-26,141.0,0.455,False,False,True,True
ENG1527,SEC032,Engineering,64.4,11.7,2025-01-21 06:00,2025-02-05 22:00,2025-02-05,408.3,0.349,False,False,True,False
ENG1529,SEC009,Engineering,97.2,8.7,2025-04-03 06:00,2025-04-10 22:00,2025-04-10,363.7,0.418,False,False,True,True
ENG1530,SEC003,Engineering,45.3,10.9,2025-06-23 06:00,2025-07-25 22:00,2025-07-25,536.3,0.492,False,False,True,False
ENG1532,SEC041,Engineering,80.0,7.2,2025-05-31 06:00,2025-06-14 22:00,2025-06-14,151.2,0.21,False,False,True,True
ENG1533,SEC019,Engineering,64.9,11.5,2025-12-12 06:00,2026-01-03 22:00,2026-01-03,561.2,0.488,False,False,True,False
ENG1534,SEC056,Engineering,42.6,2.6,2025-02-23 06:00,2025-03-25 22:00,2025-03-25,74.1,0.285,False,False,True,True
ENG1535,SEC042,Engineering,36.0,10.7,2025-02-21 06:00,2025-04-22 22:00,2025-04-22,311.4,0.291,False,False,True,True
ENG1537,SEC001,Engineering,40.3,9.7,2025-11-22 06:00,2026-01-11 22:00,2026-01-11,413.2,0.426,False,False,True,False
ENG1538,SEC059,Engineering,23.0,10.5,2025-03-26 06:00,2025-06-13 22:00,2025-06-13,211.0,0.201,False,False,True,True
ENG1541,SEC074,Engineering,21.8,9.6,2025-12-07 06:00,2026-03-04 22:00,2026-03-04,230.4,0.24,False,False,True,False
ENG1545,SEC063,Engineering,35.8,11.5,2025-02-08 06:00,2025-04-04 22:00,2025-04-04,233.4,0.203,False,False,True,True
ENG1549,SEC043,Engineering,44.3,8.5,2025-09-30 06:00,2025-10-25 22:00,2025-10-25,278.0,0.327,False,False,True,True
ENG1551,SEC054,Engineering,80.7,8.7,2025-06-02 06:00,2025-06-14 22:00,2025-06-14,197.5,0.227,False,False,True,True
ENG1552,SEC002,Engineering,82.9,3.6,2025-10-25 06:00,2025-11-04 22:00,2025-11-04,122.8,0.341,False,False,True,True
ENG1555,SEC019,Engineering,39.7,7.1,2025-06-06 06:00,2025-08-02 22:00,2025-08-02,346.5,0.488,False,False,True,True
ENG1557,SEC067,Engineering,81.9,4.1,2025-08-26 06:00,2025-09-04 22:00,2025-09-04,105.8,0.258,False,False,True,True
ENG1560,SEC064,Engineering,95.3,10.7,2025-06-24 06:00,2025-06-28 22:00,2025-06-28,262.2,0.245,False,False,True,False
ENG1562,SEC072,Engineering,38.6,11.2,2025-01-03 06:00,2025-02-17 22:00,2025-02-17,268.8,0.24,False,False,True,True
ENG1564,SEC045,Engineering,24.8,4.9,2025-11-29 06:00,2026-02-13 22:00,2026-02-13,137.2,0.28,False,False,True,False
ENG1567,SEC005,Engineering,44.0,10.8,2025-08-22 06:00,2025-10-01 22:00,2025-10-01,570.2,0.528,False,False,True,False
ENG1570,SEC074,Engineering,39.5,4.5,2025-04-13 06:00,2025-05-24 22:00,2025-05-24,108.0,0.24,False,False,True,True
ENG1571,SEC062,Engineering,26.9,10.9,2025-12-08 06:00,2026-02-07 22:00,2026-02-07,218.0,0.2,False,False,True,False
ENG1573,SEC071,Engineering,62.3,5.8,2025-08-06 06:00,2025-08-22 22:00,2025-08-22,128.8,0.222,False,False,True,True
ENG1578,SEC005,Engineering,99.1,2.4,2025-04-14 06:00,2025-04-20 22:00,2025-04-20,126.7,0.528,False,False,True,True
ENG1582,SEC019,Engineering,40.5,7.2,2025-07-23 06:00,2025-09-14 22:00,2025-09-14,351.4,0.488,False,False,True,False
ENG1588,SEC028,Engineering,39.7,11.0,2025-05-22 06:00,2025-07-20 22:00,2025-07-20,570.9,0.519,False,False,True,False
ENG1592,SEC064,Engineering,40.9,8.4,2025-09-17 06:00,2025-10-22 22:00,2025-10-22,205.8,0.245,False,False,True,True
ENG1593,SEC075,Engineering,62.4,9.6,2025-04-27 06:00,2025-05-11 22:00,2025-05-11,192.0,0.2,False,False,True,False
ENG1594,SEC008,Engineering,64.2,8.8,2025-11-01 06:00,2025-11-24 22:00,2025-11-24,400.4,0.455,False,False,True,True
ENG1596,SEC029,Engineering,84.6,7.2,2025-09-07 06:00,2025-09-21 22:00,2025-09-21,368.6,0.512,False,False,True,True
ENG1597,SEC055,Engineering,42.4,4.1,2025-04-17 06:00,2025-05-13 22:00,2025-05-13,86.5,0.211,False,False,True,True
ENG1598,SEC009,Engineering,41.3,7.8,2025-02-05 06:00,2025-03-22 22:00,2025-03-22,326.0,0.418,False,False,True,True
ENG1599,SEC072,Engineering,59.7,9.5,2025-04-29 06:00,2025-05-28 22:00,2025-05-28,228.0,0.24,False,False,True,True
ENG1603,SEC015,Engineering,84.8,5.7,2025-03-21 06:00,2025-03-30 22:00,2025-03-30,256.5,0.45,False,False,True,True
ENG1606,SEC006,Engineering,64.5,5.9,2025-10-31 06:00,2025-11-25 22:00,2025-11-25,295.6,0.501,False,False,True,True
ENG1607,SEC027,Engineering,43.2,8.3,2025-03-20 06:00,2025-04-21 22:00,2025-04-21,296.3,0.357,False,False,True,False
ENG1609,SEC038,Engineering,38.1,4.2,2025-02-11 06:00,2025-04-11 22:00,2025-04-11,172.6,0.411,False,False,True,True
ENG1612,SEC026,Engineering,65.8,9.0,2025-04-21 06:00,2025-05-11 22:00,2025-05-11,464.4,0.516,False,False,True,True
ENG1614,SEC011,Engineering,66.0,5.5,2025-02-28 06:00,2025-03-17 22:00,2025-03-17,266.2,0.484,False,False,True,True
ENG1615,SEC040,Engineering,38.2,10.5,2025-07-18 06:00,2025-09-03 22:00,2025-09-03,254.1,0.242,False,False,True,True
ENG1617,SEC034,Engineering,41.9,7.2,2025-10-05 06:00,2025-11-11 22:00,2025-11-11,244.1,0.339,False,False,True,False
ENG1621,SEC041,Engineering,27.8,4.0,2025-01-19 06:00,2025-03-18 22:00,2025-03-18,84.0,0.21,False,False,True,True
ENG1622,SEC026,Engineering,86.2,7.6,2025-05-25 06:00,2025-06-01 22:00,2025-06-01,392.2,0.516,False,False,True,True
ENG1625,SEC002,Engineering,96.3,8.9,2025-09-19 06:00,2025-09-25 22:00,2025-09-25,303.5,0.341,False,False,True,True
ENG1626,SEC073,Engineering,39.0,3.5,2025-06-16 06:00,2025-07-27 22:00,2025-07-27,72.8,0.208,False,False,True,True
ENG1627,SEC072,Engineering,41.5,11.3,2025-01-18 06:00,2025-02-19 22:00,2025-02-19,271.2,0.24,False,False,True,True
ENG1628,SEC031,Engineering,32.2,10.5,2025-08-23 06:00,2025-10-13 22:00,2025-10-13,425.2,0.405,False,False,True,False
ENG1632,SEC067,Engineering,24.5,6.2,2025-06-01 06:00,2025-08-16 22:00,2025-08-16,160.0,0.258,False,False,True,True
ENG1633,SEC050,Engineering,35.3,4.8,2025-10-03 06:00,2025-11-29 22:00,2025-11-29,96.0,0.2,False,False,True,True
ENG1634,SEC030,Engineering,83.7,2.2,2025-05-28 06:00,2025-06-08 22:00,2025-06-08,90.0,0.409,False,False,True,False
ENG1636,SEC038,Engineering,83.5,3.1,2025-09-08 06:00,2025-09-20 22:00,2025-09-20,127.4,0.411,False,False,True,True
ENG1637,SEC032,Engineering,64.6,11.9,2025-03-21 06:00,2025-04-04 22:00,2025-04-04,415.3,0.349,False,False,True,False
ENG1638,SEC048,Engineering,81.3,1.4,2025-12-09 06:00,2025-12-23 22:00,2025-12-23,41.0,0.293,False,False,True,True
ENG1642,SEC043,Engineering,41.0,1.2,2025-11-05 06:00,2025-12-15 22:00,2025-12-15,39.2,0.327,False,False,True,False
ENG1643,SEC010,Engineering,43.1,4.5,2025-01-05 06:00,2025-02-14 22:00,2025-02-14,210.6,0.468,False,False,True,True
ENG1644,SEC042,Engineering,81.9,5.8,2025-05-15 06:00,2025-05-26 22:00,2025-05-26,168.8,0.291,False,False,True,True
ENG1645,SEC027,Engineering,96.5,6.1,2025-05-09 06:00,2025-05-15 22:00,2025-05-15,217.8,0.357,False,False,True,True
ENG1646,SEC025,Engineering,84.8,9.5,2025-05-11 06:00,2025-05-22 22:00,2025-05-22,457.9,0.482,False,False,True,True
ENG1649,SEC075,Engineering,80.1,8.5,2025-01-16 06:00,2025-01-29 22:00,2025-01-29,170.0,0.2,False,False,True,True
ENG1654,SEC074,Engineering,38.8,6.7,2025-11-21 06:00,2026-01-04 22:00,2026-01-04,160.8,0.24,False,False,True,True
ENG1659,SEC039,Engineering,83.6,3.7,2025-02-10 06:00,2025-02-18 22:00,2025-02-18,132.8,0.359,False,False,True,False
ENG1661,SEC017,Engineering,83.1,1.2,2025-09-25 06:00,2025-10-07 22:00,2025-10-07,46.1,0.384,False,False,True,True
ENG1663,SEC041,Engineering,81.6,1.7,2025-04-24 06:00,2025-05-01 22:00,2025-05-01,35.7,0.21,False,False,True,True
ENG1664,SEC036,Engineering,65.2,7.4,2025-06-07 06:00,2025-06-30 22:00,2025-06-30,385.5,0.521,False,False,True,True
ENG1669,SEC003,Engineering,98.8,7.7,2025-04-21 06:00,2025-04-26 22:00,2025-04-26,378.8,0.492,False,False,True,True
ENG1673,SEC074,Engineering,81.6,11.0,2025-03-24 06:00,2025-04-02 22:00,2025-04-02,264.0,0.24,False,False,True,True
ENG1674,SEC006,Engineering,86.0,10.2,2025-02-23 06:00,2025-03-02 22:00,2025-03-02,511.0,0.501,False,False,True,True
ENG1675,SEC006,Engineering,85.3,7.3,2025-05-12 06:00,2025-05-22 22:00,2025-05-22,365.7,0.501,False,False,True,False
ENG1677,SEC071,Engineering,81.6,10.5,2025-06-19 06:00,2025-06-27 22:00,2025-06-27,233.1,0.222,False,False,True,True
ENG1681,SEC015,Engineering,65.7,5.7,2025-10-03 06:00,2025-10-19 22:00,2025-10-19,256.5,0.45,False,False,True,True
ENG1682,SEC023,Engineering,45.4,1.8,2025-05-02 06:00,2025-05-31 22:00,2025-05-31,81.5,0.453,False,False,True,True
ENG1683,SEC051,Engineering,39.5,6.5,2025-01-23 06:00,2025-03-06 22:00,2025-03-06,167.7,0.258,False,False,True,True
ENG1685,SEC022,Engineering,63.2,8.4,2025-12-20 06:00,2026-01-12 22:00,2026-01-12,327.6,0.39,False,False,True,True
ENG1686,SEC051,Engineering,42.4,8.0,2025-11-15 06:00,2025-12-14 22:00,2025-12-14,206.4,0.258,False,False,True,True
ENG1687,SEC072,Engineering,94.8,9.7,2025-05-29 06:00,2025-06-04 22:00,2025-06-04,232.8,0.24,False,False,True,True
ENG1689,SEC029,Engineering,85.2,6.7,2025-07-24 06:00,2025-08-04 22:00,2025-08-04,343.0,0.512,False,False,True,True
ENG1691,SEC008,Engineering,65.1,9.7,2025-11-10 06:00,2025-11-29 22:00,2025-11-29,441.4,0.455,False,False,True,True
ENG1692,SEC031,Engineering,43.3,6.9,2025-05-12 06:00,2025-06-16 22:00,2025-06-16,279.4,0.405,False,False,True,True
ENG1693,SEC036,Engineering,43.9,8.8,2025-10-30 06:00,2025-12-09 22:00,2025-12-09,458.5,0.521,False,False,True,False
ENG1696,SEC003,Engineering,43.0,1.6,2025-09-20 06:00,2025-11-01 22:00,2025-11-01,78.7,0.492,False,False,True,False
ENG1698,SEC016,Engineering,29.4,8.8,2025-11-14 06:00,2026-01-18 22:00,2026-01-18,373.1,0.424,False,False,True,True
ENG1701,SEC009,Engineering,38.6,11.6,2025-12-15 06:00,2026-02-10 22:00,2026-02-10,484.9,0.418,False,False,True,False
ENG1702,SEC008,Engineering,63.8,5.2,2025-04-18 06:00,2025-05-13 22:00,2025-05-13,236.6,0.455,False,False,True,False
ENG1703,SEC039,Engineering,27.3,7.8,2025-05-28 06:00,2025-08-06 22:00,2025-08-06,280.0,0.359,False,False,True,False
ENG1704,SEC034,Engineering,43.0,9.8,2025-12-03 06:00,2026-01-04 22:00,2026-01-04,332.2,0.339,False,False,True,True
ENG1708,SEC060,Engineering,61.9,6.8,2025-11-02 06:00,2025-11-18 22:00,2025-11-18,136.0,0.2,False,False,True,True
ENG1711,SEC058,Engineering,31.2,11.1,2025-04-23 06:00,2025-06-09 22:00,2025-06-09,303.0,0.273,False,False,True,True
ENG1713,SEC027,Engineering,63.0,7.0,2025-02-09 06:00,2025-03-03 22:00,2025-03-03,249.9,0.357,False,False,True,True
ENG1715,SEC012,Engineering,97.9,4.7,2025-10-04 06:00,2025-10-07 22:00,2025-10-07,189.9,0.404,False,False,True,True
ENG1718,SEC031,Engineering,25.8,10.7,2025-08-12 06:00,2025-10-31 22:00,2025-10-31,433.4,0.405,False,False,True,True
ENG1720,SEC024,Engineering,64.9,4.1,2025-08-13 06:00,2025-08-30 22:00,2025-08-30,169.3,0.413,False,False,True,False
ENG1721,SEC029,Engineering,66.8,1.9,2025-03-07 06:00,2025-03-22 22:00,2025-03-22,97.3,0.512,False,False,True,False
ENG1722,SEC040,Engineering,61.0,3.8,2025-09-24 06:00,2025-10-17 22:00,2025-10-17,92.0,0.242,False,False,True,True
ENG1723,SEC013,Engineering,44.6,8.6,2025-07-22 06:00,2025-08-25 22:00,2025-08-25,408.5,0.475,False,False,True,False
ENG1726,SEC059,Engineering,62.0,7.7,2025-12-13 06:00,2025-12-29 22:00,2025-12-29,154.8,0.201,False,False,True,True
ENG1727,SEC034,Engineering,82.9,8.5,2025-02-20 06:00,2025-03-02 22:00,2025-03-02,288.2,0.339,False,False,True,False
ENG1730,SEC055,Engineering,59.7,3.7,2025-10-13 06:00,2025-11-09 22:00,2025-11-09,78.1,0.211,False,False,True,True
ENG1731,SEC021,Engineering,65.3,10.7,2025-11-09 06:00,2025-11-26 22:00,2025-11-26,466.5,0.436,False,False,True,True
ENG1735,SEC017,Engineering,42.5,6.4,2025-03-16 06:00,2025-04-22 22:00,2025-04-22,245.8,0.384,False,False,True,True
ENG1739,SEC017,Engineering,38.3,6.6,2025-09-24 06:00,2025-11-19 22:00,2025-11-19,253.4,0.384,False,False,True,True
ENG1740,SEC032,Engineering,83.7,6.1,2025-03-08 06:00,2025-03-15 22:00,2025-03-15,212.9,0.349,False,False,True,True
ENG1747,SEC004,Engineering,97.9,2.0,2025-03-09 06:00,2025-03-14 22:00,2025-03-14,87.0,0.435,False,False,True,True
ENG1748,SEC018,Engineering,98.1,9.1,2025-10-27 06:00,2025-10-30 22:00,2025-10-30,378.6,0.416,False,False,True,False
ENG1752,SEC037,Engineering,64.6,1.1,2025-09-03 06:00,2025-09-27 22:00,2025-09-27,54.8,0.498,False,False,True,True
ENG1753,SEC003,Engineering,65.9,6.0,2025-09-06 06:00,2025-09-24 22:00,2025-09-24,295.2,0.492,False,False,True,False
ENG1759,SEC063,Engineering,61.5,7.9,2025-09-17 06:00,2025-10-05 22:00,2025-10-05,160.4,0.203,False,False,True,True
ENG1760,SEC063,Engineering,39.4,3.9,2025-12-04 06:00,2026-01-12 22:00,2026-01-12,79.2,0.203,False,False,True,False
ENG1763,SEC030,Engineering,27.6,1.9,2025-09-26 06:00,2025-12-07 22:00,2025-12-07,77.7,0.409,False,False,True,True
ENG1767,SEC052,Engineering,60.8,6.2,2025-09-16 06:00,2025-10-07 22:00,2025-10-07,124.0,0.2,False,False,True,True
ENG1768,SEC071,Engineering,22.6,3.3,2025-04-29 06:00,2025-07-20 22:00,2025-07-20,73.3,0.222,False,False,True,True
ENG1770,SEC063,Engineering,62.2,8.6,2025-08-26 06:00,2025-09-10 22:00,2025-09-10,174.6,0.203,False,False,True,True
ENG1771,SEC038,Engineering,44.9,11.6,2025-01-02 06:00,2025-01-30 22:00,2025-01-30,476.8,0.411,False,False,True,True
ENG1772,SEC030,Engineering,23.9,3.7,2025-05-04 06:00,2025-08-01 22:00,2025-08-01,151.3,0.409,False,False,True,True
ENG1778,SEC029,Engineering,99.1,6.9,2025-01-25 06:00,2025-01-30 22:00,2025-01-30,353.3,0.512,False,False,True,False
ENG1779,SEC071,Engineering,61.8,10.9,2025-04-02 06:00,2025-04-20 22:00,2025-04-20,242.0,0.222,False,False,True,True
ENG1782,SEC030,Engineering,39.1,6.5,2025-07-03 06:00,2025-08-26 22:00,2025-08-26,265.8,0.409,False,False,True,True
ENG1783,SEC066,Engineering,61.9,1.2,2025-07-14 06:00,2025-08-04 22:00,2025-08-04,32.4,0.27,False,False,True,True
ENG1787,SEC066,Engineering,41.9,2.4,2025-12-16 06:00,2026-01-17 22:00,2026-01-17,64.8,0.27,False,False,True,False
ENG1788,SEC008,Engineering,65.8,9.1,2025-06-25 06:00,2025-07-11 22:00,2025-07-11,414.0,0.455,False,False,True,True
ENG1790,SEC046,Engineering,38.2,10.5,2025-06-25 06:00,2025-08-13 22:00,2025-08-13,283.5,0.27,False,False,True,True
ENG1792,SEC020,Engineering,83.8,5.2,2025-08-11 06:00,2025-08-20 22:00,2025-08-20,199.7,0.384,False,False,True,True
ENG1793,SEC062,Engineering,39.1,11.6,2025-10-01 06:00,2025-11-10 22:00,2025-11-10,232.0,0.2,False,False,True,True
ENG1794,SEC057,Engineering,61.9,2.8,2025-10-10 06:00,2025-11-05 22:00,2025-11-05,97.2,0.347,False,False,True,True
ENG1795,SEC015,Engineering,83.6,2.3,2025-10-01 06:00,2025-10-15 22:00,2025-10-15,103.5,0.45,False,False,True,True
ENG1798,SEC063,Engineering,81.5,3.1,2025-03-29 06:00,2025-04-05 22:00,2025-04-05,62.9,0.203,False,False,True,True
ENG1800,SEC070,Engineering,95.0,11.4,2025-01-26 06:00,2025-01-30 22:00,2025-01-30,259.9,0.228,False,False,True,True
ENG1804,SEC057,Engineering,64.4,2.7,2025-09-01 06:00,2025-09-16 22:00,2025-09-16,93.7,0.347,False,False,True,True
ENG1806,SEC030,Engineering,84.6,2.8,2025-09-04 06:00,2025-09-11 22:00,2025-09-11,114.5,0.409,False,False,True,True
ENG1809,SEC061,Engineering,36.3,3.7,2025-04-22 06:00,2025-06-14 22:00,2025-06-14,76.2,0.206,False,False,True,False
ENG1811,SEC010,Engineering,42.0,9.5,2025-09-21 06:00,2025-11-05 22:00,2025-11-05,444.6,0.468,False,False,True,True
ENG1812,SEC019,Engineering,42.8,4.7,2025-04-04 06:00,2025-05-17 22:00,2025-05-17,229.4,0.488,False,False,True,True
ENG1813,SEC047,Engineering,62.2,6.7,2025-06-13 06:00,2025-06-28 22:00,2025-06-28,136.7,0.204,False,False,True,False
ENG1818,SEC044,Engineering,82.5,5.8,2025-09-30 06:00,2025-10-12 22:00,2025-10-12,201.3,0.347,False,False,True,True
ENG1824,SEC067,Engineering,81.0,11.0,2025-08-03 06:00,2025-08-16 22:00,2025-08-16,283.8,0.258,False,False,True,True
ENG1825,SEC020,Engineering,41.6,6.0,2025-08-17 06:00,2025-09-27 22:00,2025-09-27,230.4,0.384,False,False,True,True
ENG1827,SEC009,Engineering,24.7,7.7,2025-04-06 06:00,2025-07-01 22:00,2025-07-01,321.9,0.418,False,False,True,True
ENG1828,SEC013,Engineering,84.7,5.4,2025-05-12 06:00,2025-05-23 22:00,2025-05-23,256.5,0.475,False,False,True,True
ENG1832,SEC020,Engineering,63.1,7.2,2025-03-05 06:00,2025-03-28 22:00,2025-03-28,276.5,0.384,False,False,True,True
ENG1836,SEC044,Engineering,63.9,10.6,2025-08-05 06:00,2025-08-22 22:00,2025-08-22,367.8,0.347,False,False,True,False
ENG1837,SEC039,Engineering,64.3,4.7,2025-11-22 06:00,2025-12-08 22:00,2025-12-08,168.7,0.359,False,False,True,True
ENG1838,SEC014,Engineering,40.9,7.8,2025-08-15 06:00,2025-10-03 22:00,2025-10-03,354.1,0.454,False,False,True,True
ENG1844,SEC060,Engineering,80.6,5.8,2025-07-02 06:00,2025-07-13 22:00,2025-07-13,116.0,0.2,False,False,True,True
ENG1847,SEC024,Engineering,43.9,9.9,2025-09-28 06:00,2025-10-31 22:00,2025-10-31,408.9,0.413,False,False,True,True
ENG1849,SEC073,Engineering,94.3,3.6,2025-12-08 06:00,2025-12-14 22:00,2025-12-14,74.9,0.208,False,False,True,True
ENG1852,SEC063,Engineering,38.9,10.3,2025-04-04 06:00,2025-05-15 22:00,2025-05-15,209.1,0.203,False,False,True,True
ENG1853,SEC022,Engineering,26.5,2.5,2025-07-10 06:00,2025-09-24 22:00,2025-09-24,97.5,0.39,False,False,True,False
ENG1855,SEC068,Engineering,63.8,6.8,2025-05-10 06:00,2025-05-25 22:00,2025-05-25,208.1,0.306,False,False,True,True
ENG1862,SEC075,Engineering,80.1,4.5,2025-03-19 06:00,2025-04-01 22:00,2025-04-01,90.0,0.2,False,False,True,True
ENG1863,SEC023,Engineering,98.4,11.6,2025-06-25 06:00,2025-06-29 22:00,2025-06-29,525.5,0.453,False,False,True,False
ENG1864,SEC046,Engineering,39.0,3.9,2025-06-21 06:00,2025-08-05 22:00,2025-08-05,105.3,0.27,False,False,True,True
ENG1866,SEC072,Engineering,38.8,8.2,2025-01-31 06:00,2025-03-16 22:00,2025-03-16,196.8,0.24,False,False,True,False
ENG1867,SEC013,Engineering,64.5,8.1,2025-12-18 06:00,2026-01-10 22:00,2026-01-10,384.8,0.475,False,False,True,False
ENG1868,SEC056,Engineering,39.7,1.6,2025-11-30 06:00,2026-01-12 22:00,2026-01-12,45.6,0.285,False,False,True,False
ENG1871,SEC038,Engineering,44.5,8.8,2025-10-04 06:00,2025-11-03 22:00,2025-11-03,361.7,0.411,False,False,True,True
ENG1872,SEC025,Engineering,63.3,8.0,2025-08-25 06:00,2025-09-23 22:00,2025-09-23,385.6,0.482,False,False,True,True
ENG1873,SEC056,Engineering,62.6,11.9,2025-03-06 06:00,2025-03-25 22:00,2025-03-25,339.2,0.285,False,False,True,True
ENG1874,SEC011,Engineering,29.2,6.8,2025-10-31 06:00,2026-01-09 22:00,2026-01-09,329.1,0.484,False,False,True,True
ENG1875,SEC036,Engineering,41.7,10.9,2025-05-04 06:00,2025-06-23 22:00,2025-06-23,567.9,0.521,False,False,True,True
ENG1876,SEC040,Engineering,80.7,9.5,2025-01-08 06:00,2025-01-21 22:00,2025-01-21,229.9,0.242,False,False,True,True
ENG1877,SEC040,Engineering,41.3,5.6,2025-03-05 06:00,2025-04-07 22:00,2025-04-07,135.5,0.242,False,False,True,False
ENG1878,SEC058,Engineering,95.5,2.7,2025-11-12 06:00,2025-11-17 22:00,2025-11-17,73.7,0.273,False,False,True,True
ENG1879,SEC046,Engineering,81.2,8.6,2025-02-14 06:00,2025-02-27 22:00,2025-02-27,232.2,0.27,False,False,True,True
ENG1880,SEC001,Engineering,97.3,8.6,2025-04-12 06:00,2025-04-19 22:00,2025-04-19,366.4,0.426,False,False,True,True
ENG1881,SEC067,Engineering,42.2,10.5,2025-07-02 06:00,2025-08-01 22:00,2025-08-01,270.9,0.258,False,False,True,False
ENG1884,SEC019,Engineering,31.3,6.9,2025-02-19 06:00,2025-04-21 22:00,2025-04-21,336.7,0.488,False,False,True,True
ENG1887,SEC001,Engineering,40.7,10.7,2025-09-12 06:00,2025-10-30 22:00,2025-10-30,455.8,0.426,False,False,True,False
ENG1890,SEC006,Engineering,85.7,2.5,2025-11-10 06:00,2025-11-18 22:00,2025-11-18,125.2,0.501,False,False,True,False
ENG1894,SEC054,Engineering,61.9,4.9,2025-09-08 06:00,2025-09-26 22:00,2025-09-26,111.2,0.227,False,False,True,True
ENG1895,SEC026,Engineering,31.5,4.1,2025-05-24 06:00,2025-07-25 22:00,2025-07-25,211.6,0.516,False,False,True,True
ENG1896,SEC012,Engineering,65.4,2.6,2025-06-11 06:00,2025-06-25 22:00,2025-06-25,105.0,0.404,False,False,True,False
ENG1897,SEC008,Engineering,65.8,3.0,2025-01-20 06:00,2025-02-05 22:00,2025-02-05,136.5,0.455,False,False,True,True
ENG1898,SEC011,Engineering,85.7,1.7,2025-05-28 06:00,2025-06-04 22:00,2025-06-04,82.3,0.484,False,False,True,False
ENG1899,SEC046,Engineering,60.3,5.8,2025-03-31 06:00,2025-04-28 22:00,2025-04-28,156.6,0.27,False,False,True,True
ENG1900,SEC039,Engineering,38.2,8.3,2025-05-25 06:00,2025-07-19 22:00,2025-07-19,298.0,0.359,False,False,True,False
ENG1901,SEC003,Engineering,85.2,9.7,2025-11-08 06:00,2025-11-18 22:00,2025-11-18,477.2,0.492,False,False,True,True
ENG1903,SEC030,Engineering,82.8,3.4,2025-11-25 06:00,2025-12-10 22:00,2025-12-10,139.1,0.409,False,False,True,True
ENG1904,SEC064,Engineering,61.1,8.8,2025-10-11 06:00,2025-11-03 22:00,2025-11-03,215.6,0.245,False,False,True,True
ENG1905,SEC062,Engineering,34.9,4.1,2025-03-04 06:00,2025-05-02 22:00,2025-05-02,82.0,0.2,False,False,True,True
ENG1906,SEC034,Engineering,62.7,4.8,2025-11-08 06:00,2025-11-30 22:00,2025-11-30,162.7,0.339,False,False,True,True
ENG1908,SEC003,Engineering,41.5,11.0,2025-10-22 06:00,2025-12-10 22:00,2025-12-10,541.2,0.492,False,False,True,True
ENG1911,SEC009,Engineering,41.7,9.9,2025-07-25 06:00,2025-09-06 22:00,2025-09-06,413.8,0.418,False,False,True,False
ENG1913,SEC044,Engineering,64.1,3.9,2025-09-14 06:00,2025-09-30 22:00,2025-09-30,135.3,0.347,False,False,True,True
ENG1914,SEC050,Engineering,61.1,5.3,2025-06-22 06:00,2025-07-12 22:00,2025-07-12,106.0,0.2,False,False,True,False
ENG1916,SEC032,Engineering,82.8,10.5,2025-04-23 06:00,2025-05-04 22:00,2025-05-04,366.4,0.349,False,False,True,True
ENG1921,SEC038,Engineering,84.6,4.2,2025-05-06 06:00,2025-05-13 22:00,2025-05-13,172.6,0.411,False,False,True,True
ENG1925,SEC033,Engineering,84.7,1.6,2025-10-02 06:00,2025-10-14 22:00,2025-10-14,78.7,0.492,False,False,True,True
ENG1927,SEC013,Engineering,63.8,1.7,2025-02-18 06:00,2025-03-16 22:00,2025-03-16,80.8,0.475,False,False,True,True
ENG1928,SEC066,Engineering,61.7,2.7,2025-04-13 06:00,2025-05-05 22:00,2025-05-05,72.9,0.27,False,False,True,True
ENG1930,SEC008,Engineering,98.7,8.1,2025-02-11 06:00,2025-02-14 22:00,2025-02-14,368.6,0.455,False,False,True,True
ENG1938,SEC054,Engineering,37.3,11.7,2025-09-24 06:00,2025-11-13 22:00,2025-11-13,265.6,0.227,False,False,True,True
ENG1940,SEC005,Engineering,85.0,6.4,2025-07-30 06:00,2025-08-12 22:00,2025-08-12,337.9,0.528,False,False,True,False
ENG1941,SEC035,Engineering,32.1,10.8,2025-04-08 06:00,2025-06-04 22:00,2025-06-04,520.6,0.482,False,False,True,False
ENG1944,SEC051,Engineering,41.1,2.4,2025-05-25 06:00,2025-06-29 22:00,2025-06-29,61.9,0.258,False,False,True,True
ENG1947,SEC031,Engineering,83.9,4.3,2025-04-02 06:00,2025-04-12 22:00,2025-04-12,174.2,0.405,False,False,True,True
ENG1948,SEC016,Engineering,64.6,11.2,2025-07-14 06:00,2025-08-02 22:00,2025-08-02,474.9,0.424,False,False,True,True
ENG1949,SEC066,Engineering,95.0,1.1,2025-02-02 06:00,2025-02-09 22:00,2025-02-09,29.7,0.27,False,False,True,True
ENG1952,SEC056,Engineering,61.9,3.7,2025-02-21 06:00,2025-03-15 22:00,2025-03-15,105.4,0.285,False,False,True,True
ENG1954,SEC019,Engineering,98.5,6.2,2025-12-13 06:00,2025-12-19 22:00,2025-12-19,302.6,0.488,False,False,True,True
ENG1957,SEC023,Engineering,65.3,4.5,2025-05-28 06:00,2025-06-15 22:00,2025-06-15,203.9,0.453,False,False,True,True
ENG1959,SEC018,Engineering,64.7,2.5,2025-12-20 06:00,2026-01-07 22:00,2026-01-07,104.0,0.416,False,False,True,False
ENG1962,SEC057,Engineering,62.8,3.9,2025-11-29 06:00,2025-12-21 22:00,2025-12-21,135.3,0.347,False,False,True,True
ENG1965,SEC042,Engineering,82.8,2.9,2025-06-30 06:00,2025-07-07 22:00,2025-07-07,84.4,0.291,False,False,True,True
ENG1969,SEC006,Engineering,66.9,7.6,2025-06-18 06:00,2025-07-02 22:00,2025-07-02,380.8,0.501,False,False,True,True
ENG1972,SEC065,Engineering,43.7,5.3,2025-01-06 06:00,2025-01-31 22:00,2025-01-31,152.1,0.287,False,False,True,False
ENG1973,SEC026,Engineering,98.7,4.8,2025-11-23 06:00,2025-11-30 22:00,2025-11-30,247.7,0.516,False,False,True,False
ENG1974,SEC044,Engineering,37.8,2.2,2025-01-07 06:00,2025-03-04 22:00,2025-03-04,76.3,0.347,False,False,True,True
ENG1975,SEC024,Engineering,32.1,1.0,2025-07-24 06:00,2025-09-14 22:00,2025-09-14,41.3,0.413,False,False,True,True
ENG1976,SEC022,Engineering,38.2,1.8,2025-03-17 06:00,2025-05-13 22:00,2025-05-13,70.2,0.39,False,False,True,True
ENG1977,SEC019,Engineering,66.5,6.5,2025-12-13 06:00,2025-12-28 22:00,2025-12-28,317.2,0.488,False,False,True,True
ENG1983,SEC013,Engineering,84.7,8.0,2025-11-07 06:00,2025-11-18 22:00,2025-11-18,380.0,0.475,False,False,True,True
ENG1985,SEC025,Engineering,63.1,10.9,2025-01-15 06:00,2025-02-14 22:00,2025-02-14,525.4,0.482,False,False,True,True
ENG1986,SEC061,Engineering,94.5,10.6,2025-04-12 06:00,2025-04-17 22:00,2025-04-17,218.4,0.206,False,False,True,True
ENG1987,SEC011,Engineering,31.0,4.5,2025-04-02 06:00,2025-06-03 22:00,2025-06-03,217.8,0.484,False,False,True,False
ENG1993,SEC056,Engineering,60.1,1.6,2025-01-30 06:00,2025-03-01 22:00,2025-03-01,45.6,0.285,False,False,True,True
ENG1997,SEC055,Engineering,30.0,9.7,2025-09-24 06:00,2025-11-11 22:00,2025-11-11,204.7,0.211,False,False,True,True
ENG1999,SEC025,Engineering,85.5,2.0,2025-09-15 06:00,2025-09-23 22:00,2025-09-23,96.4,0.482,False,False,True,True
ENG2000,SEC074,Engineering,60.3,10.3,2025-05-11 06:00,2025-06-06 22:00,2025-06-06,247.2,0.24,False,False,True,False
ENG2004,SEC010,Engineering,83.7,1.2,2025-08-03 06:00,2025-08-18 22:00,2025-08-18,56.2,0.468,False,False,True,True
ENG2005,SEC030,Engineering,83.0,9.0,2025-01-25 06:00,2025-02-08 22:00,2025-02-08,368.1,0.409,False,False,True,True
ENG2006,SEC050,Engineering,40.7,8.2,2025-09-14 06:00,2025-10-17 22:00,2025-10-17,164.0,0.2,False,False,True,False
ENG2007,SEC054,Engineering,39.7,9.4,2025-06-17 06:00,2025-07-26 22:00,2025-07-26,213.4,0.227,False,False,True,True
ENG2008,SEC071,Engineering,35.4,8.5,2025-12-16 06:00,2026-02-12 22:00,2026-02-12,188.7,0.222,False,False,True,False
ENG2009,SEC012,Engineering,65.0,9.3,2025-01-07 06:00,2025-01-23 22:00,2025-01-23,375.7,0.404,False,False,True,False
ENG2011,SEC006,Engineering,41.8,3.3,2025-07-03 06:00,2025-08-20 22:00,2025-08-20,165.3,0.501,False,False,True,True
ENG2017,SEC026,Engineering,64.0,2.9,2025-09-11 06:00,2025-10-09 22:00,2025-10-09,149.6,0.516,False,False,True,True
ENG2019,SEC037,Engineering,64.2,8.5,2025-04-16 06:00,2025-05-12 22:00,2025-05-12,423.3,0.498,False,False,True,False
ENG2020,SEC044,Engineering,96.8,3.2,2025-06-27 06:00,2025-07-01 22:00,2025-07-01,111.0,0.347,False,False,True,True
ENG2021,SEC069,Engineering,39.3,4.0,2025-07-17 06:00,2025-08-25 22:00,2025-08-25,80.0,0.2,False,False,True,True
ENG2022,SEC032,Engineering,83.5,11.7,2025-04-01 06:00,2025-04-09 22:00,2025-04-09,408.3,0.349,False,False,True,False
ENG2023,SEC047,Engineering,41.6,7.7,2025-06-16 06:00,2025-07-15 22:00,2025-07-15,157.1,0.204,False,False,True,True
ENG2024,SEC037,Engineering,43.8,3.6,2025-08-13 06:00,2025-09-21 22:00,2025-09-21,179.3,0.498,False,False,True,True
ENG2028,SEC066,Engineering,25.1,6.2,2025-09-10 06:00,2025-11-23 22:00,2025-11-23,167.4,0.27,False,False,True,True
ENG2029,SEC073,Engineering,79.8,1.1,2025-01-30 06:00,2025-02-14 22:00,2025-02-14,22.9,0.208,False,False,True,True
ENG2031,SEC001,Engineering,63.3,7.3,2025-12-18 06:00,2026-01-12 22:00,2026-01-12,311.0,0.426,False,False,True,False
ENG2035,SEC025,Engineering,83.9,9.2,2025-05-07 06:00,2025-05-22 22:00,2025-05-22,443.4,0.482,False,False,True,True
ENG2037,SEC046,Engineering,37.9,5.1,2025-01-20 06:00,2025-03-11 22:00,2025-03-11,137.7,0.27,False,False,True,True
ENG2044,SEC059,Engineering,58.8,6.3,2025-11-24 06:00,2025-12-24 22:00,2025-12-24,126.6,0.201,False,False,True,True
ENG2045,SEC047,Engineering,62.0,5.0,2025-11-24 06:00,2025-12-10 22:00,2025-12-10,102.0,0.204,False,False,True,True
ENG2046,SEC051,Engineering,37.8,7.2,2025-10-19 06:00,2025-12-08 22:00,2025-12-08,185.8,0.258,False,False,True,True
ENG2053,SEC061,Engineering,59.1,5.6,2025-11-11 06:00,2025-12-10 22:00,2025-12-10,115.4,0.206,False,False,True,True
ENG2054,SEC015,Engineering,62.6,8.2,2025-04-14 06:00,2025-05-14 22:00,2025-05-14,369.0,0.45,False,False,True,False
ENG2056,SEC054,Engineering,95.0,4.5,2025-09-28 06:00,2025-10-02 22:00,2025-10-02,102.1,0.227,False,False,True,True
ENG2062,SEC064,Engineering,41.8,6.3,2025-11-01 06:00,2025-12-02 22:00,2025-12-02,154.4,0.245,False,False,True,True
ENG2068,SEC054,Engineering,59.9,6.4,2025-09-23 06:00,2025-10-20 22:00,2025-10-20,145.3,0.227,False,False,True,True
ENG2072,SEC008,Engineering,64.9,4.8,2025-05-18 06:00,2025-06-07 22:00,2025-06-07,218.4,0.455,False,False,True,True
ENG2074,SEC028,Engineering,64.1,4.2,2025-11-22 06:00,2025-12-20 22:00,2025-12-20,218.0,0.519,False,False,True,True
ENG2081,SEC055,Engineering,94.3,3.3,2025-02-21 06:00,2025-02-27 22:00,2025-02-27,69.6,0.211,False,False,True,True
ENG2088,SEC027,Engineering,83.6,8.5,2025-09-08 06:00,2025-09-16 22:00,2025-09-16,303.4,0.357,False,False,True,True
ENG2090,SEC043,Engineering,63.0,3.9,2025-09-27 06:00,2025-10-17 22:00,2025-10-17,127.5,0.327,False,False,True,True
ENG2093,SEC040,Engineering,80.3,5.9,2025-04-25 06:00,2025-05-10 22:00,2025-05-10,142.8,0.242,False,False,True,True
ENG2099,SEC056,Engineering,82.3,10.1,2025-04-23 06:00,2025-05-02 22:00,2025-05-02,287.8,0.285,False,False,True,True
ENG2100,SEC049,Engineering,61.9,1.4,2025-06-02 06:00,2025-06-27 22:00,2025-06-27,46.1,0.329,False,False,True,True
ENG2102,SEC069,Engineering,38.9,1.9,2025-04-25 06:00,2025-06-05 22:00,2025-06-05,38.0,0.2,False,False,True,True
ENG2103,SEC012,Engineering,82.9,10.7,2025-11-28 06:00,2025-12-12 22:00,2025-12-12,432.3,0.404,False,False,True,True
ENG2105,SEC040,Engineering,80.5,4.1,2025-01-30 06:00,2025-02-13 22:00,2025-02-13,99.2,0.242,False,False,True,True
ENG2107,SEC003,Engineering,64.5,10.8,2025-08-22 06:00,2025-09-15 22:00,2025-09-15,531.4,0.492,False,False,True,True
ENG2110,SEC019,Engineering,45.2,10.1,2025-09-13 06:00,2025-10-15 22:00,2025-10-15,492.9,0.488,False,False,True,True
ENG2112,SEC070,Engineering,59.7,9.5,2025-08-20 06:00,2025-09-17 22:00,2025-09-17,216.6,0.228,False,False,True,False
ENG2113,SEC006,Engineering,99.1,3.3,2025-06-16 06:00,2025-06-20 22:00,2025-06-20,165.3,0.501,False,False,True,True
ENG2119,SEC075,Engineering,61.5,8.4,2025-04-15 06:00,2025-05-03 22:00,2025-05-03,168.0,0.2,False,False,True,True
ENG2121,SEC032,Engineering,39.6,7.4,2025-09-14 06:00,2025-11-01 22:00,2025-11-01,258.3,0.349,False,False,True,True
ENG2123,SEC052,Engineering,42.4,1.8,2025-02-22 06:00,2025-03-19 22:00,2025-03-19,36.0,0.2,False,False,True,True
ENG2124,SEC025,Engineering,29.6,10.7,2025-08-22 06:00,2025-10-29 22:00,2025-10-29,515.7,0.482,False,False,True,True
ENG2128,SEC014,Engineering,45.4,12.0,2025-04-28 06:00,2025-05-27 22:00,2025-05-27,544.8,0.454,False,False,True,True
ENG2129,SEC049,Engineering,82.9,5.6,2025-08-28 06:00,2025-09-06 22:00,2025-09-06,184.2,0.329,False,False,True,True
ENG2131,SEC042,Engineering,42.0,5.6,2025-07-01 06:00,2025-08-03 22:00,2025-08-03,163.0,0.291,False,False,True,True
ENG2134,SEC050,Engineering,59.5,3.5,2025-05-21 06:00,2025-06-17 22:00,2025-06-17,70.0,0.2,False,False,True,True
ENG2135,SEC021,Engineering,64.8,6.8,2025-05-03 06:00,2025-05-22 22:00,2025-05-22,296.5,0.436,False,False,True,True
ENG2136,SEC075,Engineering,37.3,10.3,2025-10-04 06:00,2025-11-21 22:00,2025-11-21,206.0,0.2,False,False,True,False
ENG2137,SEC007,Engineering,84.9,8.7,2025-06-27 06:00,2025-07-07 22:00,2025-07-07,412.4,0.474,False,False,True,False
ENG2139,SEC066,Engineering,95.2,11.4,2025-03-19 06:00,2025-03-25 22:00,2025-03-25,307.8,0.27,False,False,True,False
ENG2143,SEC022,Engineering,43.3,2.3,2025-03-29 06:00,2025-05-02 22:00,2025-05-02,89.7,0.39,False,False,True,False
ENG2144,SEC017,Engineering,39.2,4.9,2025-08-30 06:00,2025-10-21 22:00,2025-10-21,188.2,0.384,False,False,True,False
ENG2145,SEC011,Engineering,44.7,7.2,2025-06-27 06:00,2025-07-31 22:00,2025-07-31,348.5,0.484,False,False,True,True
ENG2152,SEC022,Engineering,84.1,6.7,2025-04-21 06:00,2025-04-29 22:00,2025-04-29,261.3,0.39,False,False,True,False
ENG2153,SEC013,Engineering,28.0,4.4,2025-01-27 06:00,2025-04-12 22:00,2025-04-12,209.0,0.475,False,False,True,True
ENG2154,SEC057,Engineering,40.2,9.0,2025-09-02 06:00,2025-10-17 22:00,2025-10-17,312.3,0.347,False,False,True,False
ENG2156,SEC036,Engineering,43.5,7.2,2025-04-04 06:00,2025-05-16 22:00,2025-05-16,375.1,0.521,False,False,True,False
ENG2158,SEC005,Engineering,66.2,7.8,2025-06-09 06:00,2025-06-28 22:00,2025-06-28,411.8,0.528,False,False,True,True
ENG2159,SEC061,Engineering,60.5,4.0,2025-01-02 06:00,2025-01-25 22:00,2025-01-25,82.4,0.206,False,False,True,False
ENG2162,SEC062,Engineering,81.2,4.6,2025-10-31 06:00,2025-11-08 22:00,2025-11-08,92.0,0.2,False,False,True,True
ENG2163,SEC010,Engineering,63.3,6.6,2025-02-22 06:00,2025-03-22 22:00,2025-03-22,308.9,0.468,False,False,True,True
ENG2170,SEC044,Engineering,37.8,6.9,2025-09-07 06:00,2025-11-02 22:00,2025-11-02,239.4,0.347,False,False,True,True
ENG2172,SEC033,Engineering,85.4,11.5,2025-05-01 06:00,2025-05-10 22:00,2025-05-10,565.8,0.492,False,False,True,True
ENG2173,SEC050,Engineering,61.1,8.4,2025-07-20 06:00,2025-08-09 22:00,2025-08-09,168.0,0.2,False,False,True,False
ENG2175,SEC023,Engineering,42.2,2.4,2025-08-31 06:00,2025-10-13 22:00,2025-10-13,108.7,0.453,False,False,True,True
ENG2177,SEC065,Engineering,40.9,6.6,2025-03-12 06:00,2025-04-19 22:00,2025-04-19,189.4,0.287,False,False,True,True
ENG2178,SEC008,Engineering,62.9,9.3,2025-08-23 06:00,2025-09-21 22:00,2025-09-21,423.2,0.455,False,False,True,True
ENG2179,SEC028,Engineering,85.6,10.2,2025-05-30 06:00,2025-06-09 22:00,2025-06-09,529.4,0.519,False,False,True,True
ENG2180,SEC005,Engineering,40.5,1.3,2025-04-07 06:00,2025-06-02 22:00,2025-06-02,68.6,0.528,False,False,True,True
ENG2182,SEC018,Engineering,98.1,3.7,2025-12-01 06:00,2025-12-04 22:00,2025-12-04,153.9,0.416,False,False,True,True
ENG2189,SEC044,Engineering,62.6,1.4,2025-07-12 06:00,2025-08-04 22:00,2025-08-04,48.6,0.347,False,False,True,True
ENG2190,SEC036,Engineering,86.3,3.1,2025-11-18 06:00,2025-11-25 22:00,2025-11-25,161.5,0.521,False,False,True,False
ENG2191,SEC009,Engineering,98.1,1.6,2025-04-11 06:00,2025-04-14 22:00,2025-04-14,66.9,0.418,False,False,True,True
ENG2192,SEC011,Engineering,45.1,6.2,2025-10-03 06:00,2025-11-04 22:00,2025-11-04,300.1,0.484,False,False,True,False
ENG2194,SEC008,Engineering,98.0,8.4,2025-02-07 06:00,2025-02-13 22:00,2025-02-13,382.2,0.455,False,False,True,True
ENG2195,SEC029,Engineering,63.7,3.1,2025-05-27 06:00,2025-06-25 22:00,2025-06-25,158.7,0.512,False,False,True,True
ENG2196,SEC074,Engineering,36.8,4.6,2025-09-20 06:00,2025-11-12 22:00,2025-11-12,110.4,0.24,False,False,True,True
ENG2200,SEC013,Engineering,44.8,6.9,2025-04-30 06:00,2025-06-02 22:00,2025-06-02,327.8,0.475,False,False,True,True
ENG2201,SEC066,Engineering,43.5,7.7,2025-04-07 06:00,2025-05-02 22:00,2025-05-02,207.9,0.27,False,False,True,False
ENG2203,SEC009,Engineering,83.8,3.1,2025-09-04 06:00,2025-09-15 22:00,2025-09-15,129.6,0.418,False,False,True,False
ENG2207,SEC062,Engineering,94.8,8.4,2025-07-22 06:00,2025-07-25 22:00,2025-07-25,168.0,0.2,False,False,True,True
ENG2212,SEC038,Engineering,83.9,1.2,2025-10-15 06:00,2025-10-25 22:00,2025-10-25,49.3,0.411,False,False,True,True
ENG2213,SEC055,Engineering,59.4,2.9,2025-03-03 06:00,2025-03-31 22:00,2025-03-31,61.2,0.211,False,False,True,True
ENG2215,SEC020,Engineering,61.6,10.7,2025-07-18 06:00,2025-08-17 22:00,2025-08-17,410.9,0.384,False,False,True,True
ENG2216,SEC009,Engineering,63.9,4.6,2025-03-27 06:00,2025-04-18 22:00,2025-04-18,192.3,0.418,False,False,True,True
ENG2217,SEC072,Engineering,60.3,8.2,2025-07-26 06:00,2025-08-21 22:00,2025-08-21,196.8,0.24,False,False,True,True
ENG2223,SEC061,Engineering,41.0,10.9,2025-08-13 06:00,2025-09-14 22:00,2025-09-14,224.5,0.206,False,False,True,True
ENG2224,SEC066,Engineering,40.6,2.6,2025-04-22 06:00,2025-05-30 22:00,2025-05-30,70.2,0.27,False,False,True,True
ENG2225,SEC005,Engineering,85.0,6.9,2025-03-08 06:00,2025-03-21 22:00,2025-03-21,364.3,0.528,False,False,True,True
ENG2226,SEC072,Engineering,62.1,2.1,2025-08-15 06:00,2025-09-02 22:00,2025-09-02,50.4,0.24,False,False,True,True
ENG2231,SEC024,Engineering,64.9,9.6,2025-05-03 06:00,2025-05-20 22:00,2025-05-20,396.5,0.413,False,False,True,True
ENG2232,SEC054,Engineering,95.0,3.1,2025-09-26 06:00,2025-09-30 22:00,2025-09-30,70.4,0.227,False,False,True,True
ENG2233,SEC036,Engineering,99.6,8.6,2025-08-06 06:00,2025-08-09 22:00,2025-08-09,448.1,0.521,False,False,True,True
ENG2236,SEC011,Engineering,44.0,6.6,2025-01-27 06:00,2025-03-05 22:00,2025-03-05,319.4,0.484,False,False,True,True
ENG2240,SEC007,Engineering,44.8,7.3,2025-10-12 06:00,2025-11-14 22:00,2025-11-14,346.0,0.474,False,False,True,True
ENG2244,SEC058,Engineering,63.0,12.0,2025-02-25 06:00,2025-03-13 22:00,2025-03-13,327.6,0.273,False,False,True,True
ENG2246,SEC024,Engineering,44.8,7.8,2025-04-12 06:00,2025-05-11 22:00,2025-05-11,322.1,0.413,False,False,True,True
ENG2247,SEC015,Engineering,42.4,9.9,2025-03-22 06:00,2025-05-03 22:00,2025-05-03,445.5,0.45,False,False,True,True
ENG2250,SEC050,Engineering,38.2,7.5,2025-05-06 06:00,2025-06-19 22:00,2025-06-19,150.0,0.2,False,False,True,True
ENG2252,SEC037,Engineering,99.3,2.6,2025-02-18 06:00,2025-02-21 22:00,2025-02-21,129.5,0.498,False,False,True,True
ENG2253,SEC061,Engineering,37.2,9.8,2025-09-14 06:00,2025-11-02 22:00,2025-11-02,201.9,0.206,False,False,True,True
ENG2254,SEC018,Engineering,62.7,12.0,2025-09-10 06:00,2025-10-07 22:00,2025-10-07,499.2,0.416,False,False,True,True
ENG2255,SEC073,Engineering,36.1,8.0,2025-04-21 06:00,2025-06-14 22:00,2025-06-14,166.4,0.208,False,False,True,True
ENG2259,SEC019,Engineering,26.8,10.5,2025-09-22 06:00,2025-12-12 22:00,2025-12-12,512.4,0.488,False,False,True,True
ENG2262,SEC005,Engineering,86.4,2.1,2025-04-01 06:00,2025-04-08 22:00,2025-04-08,110.9,0.528,False,False,True,True
ENG2264,SEC006,Engineering,64.5,3.9,2025-10-13 06:00,2025-11-07 22:00,2025-11-07,195.4,0.501,False,False,True,True
ENG2266,SEC028,Engineering,64.1,2.7,2025-04-16 06:00,2025-05-14 22:00,2025-05-14,140.1,0.519,False,False,True,True
ENG2271,SEC018,Engineering,97.9,9.6,2025-08-31 06:00,2025-09-04 22:00,2025-09-04,399.4,0.416,False,False,True,True
ENG2272,SEC009,Engineering,84.7,1.5,2025-10-18 06:00,2025-10-25 22:00,2025-10-25,62.7,0.418,False,False,True,True
ENG2274,SEC063,Engineering,37.4,5.1,2025-07-29 06:00,2025-09-15 22:00,2025-09-15,103.5,0.203,False,False,True,True
ENG2276,SEC021,Engineering,63.7,10.9,2025-09-22 06:00,2025-10-16 22:00,2025-10-16,475.2,0.436,False,False,True,True
ENG2277,SEC003,Engineering,64.8,9.6,2025-06-26 06:00,2025-07-19 22:00,2025-07-19,472.3,0.492,False,False,True,True
ENG2278,SEC057,Engineering,96.1,5.5,2025-08-30 06:00,2025-09-06 22:00,2025-09-06,190.8,0.347,False,False,True,True
ENG2281,SEC013,Engineering,98.3,8.7,2025-10-02 06:00,2025-10-08 22:00,2025-10-08,413.2,0.475,False,False,True,True
ENG2285,SEC049,Engineering,96.1,3.4,2025-10-07 06:00,2025-10-13 22:00,2025-10-13,111.9,0.329,False,False,True,True
ENG2287,SEC060,Engineering,61.7,5.2,2025-02-28 06:00,2025-03-17 22:00,2025-03-17,104.0,0.2,False,False,True,True
ENG2295,SEC027,Engineering,61.9,6.5,2025-08-21 06:00,2025-09-17 22:00,2025-09-17,232.0,0.357,False,False,True,True
ENG2299,SEC028,Engineering,34.4,7.5,2025-05-20 06:00,2025-07-08 22:00,2025-07-08,389.2,0.519,False,False,True,True
ENG2300,SEC007,Engineering,63.6,2.7,2025-04-25 06:00,2025-05-22 22:00,2025-05-22,128.0,0.474,False,False,True,False
ENG2301,SEC033,Engineering,63.4,2.4,2025-03-20 06:00,2025-04-18 22:00,2025-04-18,118.1,0.492,False,False,True,True
ENG2302,SEC020,Engineering,42.3,1.1,2025-07-14 06:00,2025-08-21 22:00,2025-08-21,42.2,0.384,False,False,True,True
ENG2306,SEC040,Engineering,62.1,3.4,2025-09-27 06:00,2025-10-15 22:00,2025-10-15,82.3,0.242,False,False,True,True
ENG2309,SEC064,Engineering,62.6,8.7,2025-02-14 06:00,2025-03-02 22:00,2025-03-02,213.2,0.245,False,False,True,True
ENG2311,SEC043,Engineering,38.8,2.9,2025-08-03 06:00,2025-09-22 22:00,2025-09-22,94.8,0.327,False,False,True,True
ENG2314,SEC020,Engineering,40.8,9.7,2025-11-13 06:00,2025-12-28 22:00,2025-12-28,372.5,0.384,False,False,True,True
ENG2315,SEC044,Engineering,82.3,9.9,2025-03-10 06:00,2025-03-23 22:00,2025-03-23,343.5,0.347,False,False,True,False
ENG2317,SEC028,Engineering,65.0,8.7,2025-02-02 06:00,2025-02-26 22:00,2025-02-26,451.5,0.519,False,False,True,False
ENG2318,SEC032,Engineering,36.9,4.9,2025-10-07 06:00,2025-12-06 22:00,2025-12-06,171.0,0.349,False,False,True,True
ENG2319,SEC055,Engineering,60.3,2.2,2025-08-22 06:00,2025-09-15 22:00,2025-09-15,46.4,0.211,False,False,True,True
ENG2320,SEC074,Engineering,42.6,4.9,2025-12-18 06:00,2026-01-14 22:00,2026-01-14,117.6,0.24,False,False,True,False
ENG2321,SEC029,Engineering,42.5,5.8,2025-07-03 06:00,2025-08-18 22:00,2025-08-18,297.0,0.512,False,False,True,True
ENG2322,SEC006,Engineering,27.7,5.9,2025-01-19 06:00,2025-04-07 22:00,2025-04-07,295.6,0.501,False,False,True,True
ENG2323,SEC006,Engineering,65.8,10.7,2025-04-13 06:00,2025-05-02 22:00,2025-05-02,536.1,0.501,False,False,True,False
ENG2324,SEC008,Engineering,39.8,5.3,2025-07-14 06:00,2025-09-06 22:00,2025-09-06,241.2,0.455,False,False,True,False
ENG2326,SEC050,Engineering,62.4,1.4,2025-06-03 06:00,2025-06-17 22:00,2025-06-17,28.0,0.2,False,False,True,True
ENG2330,SEC001,Engineering,63.3,11.3,2025-05-01 06:00,2025-05-26 22:00,2025-05-26,481.4,0.426,False,False,True,False
ENG2331,SEC064,Engineering,40.5,9.4,2025-10-01 06:00,2025-11-07 22:00,2025-11-07,230.3,0.245,False,False,True,True
ENG2332,SEC004,Engineering,62.6,2.4,2025-12-16 06:00,2026-01-14 22:00,2026-01-14,104.4,0.435,False,False,True,True
ENG2335,SEC025,Engineering,98.2,1.3,2025-11-25 06:00,2025-12-02 22:00,2025-12-02,62.7,0.482,False,False,True,True
ENG2337,SEC075,Engineering,59.9,11.3,2025-12-02 06:00,2025-12-27 22:00,2025-12-27,226.0,0.2,False,False,True,True
ENG2339,SEC048,Engineering,82.6,7.4,2025-04-08 06:00,2025-04-16 22:00,2025-04-16,216.8,0.293,False,False,True,True
ENG2341,SEC049,Engineering,23.1,10.4,2025-10-10 06:00,2026-01-05 22:00,2026-01-05,342.2,0.329,False,False,True,True
ENG2344,SEC071,Engineering,39.4,7.2,2025-08-06 06:00,2025-09-15 22:00,2025-09-15,159.8,0.222,False,False,True,True
ENG2345,SEC009,Engineering,37.9,4.8,2025-12-12 06:00,2026-02-10 22:00,2026-02-10,200.6,0.418,False,False,True,False
ENG2350,SEC031,Engineering,83.6,4.1,2025-08-24 06:00,2025-09-04 22:00,2025-09-04,166.0,0.405,False,False,True,True
ENG2352,SEC009,Engineering,25.3,7.2,2025-09-13 06:00,2025-12-05 22:00,2025-12-05,301.0,0.418,False,False,True,True
ENG2353,SEC003,Engineering,63.9,10.7,2025-11-12 06:00,2025-12-09 22:00,2025-12-09,526.4,0.492,False,False,True,True
ENG2354,SEC044,Engineering,40.2,11.3,2025-10-06 06:00,2025-11-20 22:00,2025-11-20,392.1,0.347,False,False,True,True
ENG2358,SEC019,Engineering,84.0,1.3,2025-11-23 06:00,2025-12-08 22:00,2025-12-08,63.4,0.488,False,False,True,True
ENG2361,SEC014,Engineering,64.4,1.3,2025-11-30 06:00,2025-12-22 22:00,2025-12-22,59.0,0.454,False,False,True,True
ENG2363,SEC039,Engineering,39.3,3.3,2025-08-10 06:00,2025-09-29 22:00,2025-09-29,118.5,0.359,False,False,True,False
ENG2364,SEC050,Engineering,81.4,4.9,2025-01-04 06:00,2025-01-11 22:00,2025-01-11,98.0,0.2,False,False,True,False
ENG2365,SEC013,Engineering,63.2,3.8,2025-06-03 06:00,2025-07-02 22:00,2025-07-02,180.5,0.475,False,False,True,True
ENG2366,SEC002,Engineering,61.4,5.7,2025-10-05 06:00,2025-11-02 22:00,2025-11-02,194.4,0.341,False,False,True,True
ENG2370,SEC070,Engineering,80.1,11.4,2025-09-08 06:00,2025-09-23 22:00,2025-09-23,259.9,0.228,False,False,True,False
ENG2372,SEC011,Engineering,65.1,10.8,2025-06-22 06:00,2025-07-13 22:00,2025-07-13,522.7,0.484,False,False,True,True
ENG2373,SEC074,Engineering,60.3,2.9,2025-07-27 06:00,2025-08-22 22:00,2025-08-22,69.6,0.24,False,False,True,False
ENG2374,SEC049,Engineering,27.1,7.5,2025-02-17 06:00,2025-04-27 22:00,2025-04-27,246.8,0.329,False,False,True,False
ENG2375,SEC028,Engineering,40.6,2.6,2025-12-03 06:00,2026-01-27 22:00,2026-01-27,134.9,0.519,False,False,True,False
ENG2376,SEC029,Engineering,98.8,9.6,2025-12-08 06:00,2025-12-14 22:00,2025-12-14,491.5,0.512,False,False,True,False
ENG2377,SEC073,Engineering,61.0,4.9,2025-08-13 06:00,2025-09-03 22:00,2025-09-03,101.9,0.208,False,False,True,True
ENG2378,SEC013,Engineering,63.4,1.1,2025-02-16 06:00,2025-03-16 22:00,2025-03-16,52.3,0.475,False,False,True,True
ENG2379,SEC066,Engineering,31.6,8.1,2025-04-11 06:00,2025-05-26 22:00,2025-05-26,218.7,0.27,False,False,True,True
ENG2380,SEC015,Engineering,83.6,6.7,2025-11-03 06:00,2025-11-17 22:00,2025-11-17,301.5,0.45,False,False,True,True
ENG2381,SEC074,Engineering,25.8,4.3,2025-07-01 06:00,2025-09-08 22:00,2025-09-08,103.2,0.24,False,False,True,True
ENG2383,SEC001,Engineering,45.8,3.1,2025-12-03 06:00,2025-12-28 22:00,2025-12-28,132.1,0.426,False,False,True,True
ENG2386,SEC005,Engineering,99.5,1.2,2025-10-29 06:00,2025-11-02 22:00,2025-11-02,63.4,0.528,False,False,True,True
ENG2387,SEC024,Engineering,83.3,9.4,2025-12-20 06:00,2026-01-02 22:00,2026-01-02,388.2,0.413,False,False,True,True
ENG2388,SEC025,Engineering,65.5,7.8,2025-03-06 06:00,2025-03-25 22:00,2025-03-25,376.0,0.482,False,False,True,False
ENG2391,SEC046,Engineering,61.9,8.0,2025-03-16 06:00,2025-04-06 22:00,2025-04-06,216.0,0.27,False,False,True,True
ENG2393,SEC055,Engineering,62.3,6.3,2025-11-08 06:00,2025-11-23 22:00,2025-11-23,132.9,0.211,False,False,True,True
ENG2395,SEC006,Engineering,66.0,4.0,2025-06-28 06:00,2025-07-16 22:00,2025-07-16,200.4,0.501,False,False,True,True
ENG2396,SEC042,Engineering,62.2,7.6,2025-08-31 06:00,2025-09-21 22:00,2025-09-21,221.2,0.291,False,False,True,True
ENG2398,SEC067,Engineering,95.5,2.4,2025-11-01 06:00,2025-11-05 22:00,2025-11-05,61.9,0.258,False,False,True,True
ENG2400,SEC027,Engineering,83.6,11.9,2025-04-10 06:00,2025-04-18 22:00,2025-04-18,424.8,0.357,False,False,True,True
ENG2401,SEC063,Engineering,94.7,4.9,2025-07-29 06:00,2025-08-02 22:00,2025-08-02,99.5,0.203,False,False,True,True
ENG2402,SEC054,Engineering,80.3,9.4,2025-03-19 06:00,2025-04-02 22:00,2025-04-02,213.4,0.227,False,False,True,True
ENG2403,SEC062,Engineering,81.4,3.1,2025-09-27 06:00,2025-10-04 22:00,2025-10-04,62.0,0.2,False,False,True,True
ENG2404,SEC003,Engineering,84.9,10.4,2025-08-09 06:00,2025-08-20 22:00,2025-08-20,511.7,0.492,False,False,True,True
ENG2405,SEC023,Engineering,83.5,10.2,2025-06-21 06:00,2025-07-06 22:00,2025-07-06,462.1,0.453,False,False,True,True
ENG2406,SEC047,Engineering,60.0,5.0,2025-05-02 06:00,2025-05-27 22:00,2025-05-27,102.0,0.204,False,False,True,True
ENG2411,SEC070,Engineering,81.0,8.3,2025-03-25 06:00,2025-04-05 22:00,2025-04-05,189.2,0.228,False,False,True,True
ENG2412,SEC049,Engineering,63.4,9.3,2025-03-03 06:00,2025-03-21 22:00,2025-03-21,306.0,0.329,False,False,True,True
ENG2413,SEC031,Engineering,40.2,5.1,2025-12-20 06:00,2026-02-07 22:00,2026-02-07,206.6,0.405,False,False,True,True
ENG2414,SEC019,Engineering,85.3,5.6,2025-05-05 06:00,2025-05-14 22:00,2025-05-14,273.3,0.488,False,False,True,False
ENG2415,SEC037,Engineering,34.3,10.2,2025-10-08 06:00,2025-11-25 22:00,2025-11-25,508.0,0.498,False,False,True,False
ENG2423,SEC040,Engineering,59.9,3.1,2025-04-10 06:00,2025-05-08 22:00,2025-05-08,75.0,0.242,False,False,True,True
ENG2425,SEC059,Engineering,39.8,7.9,2025-04-08 06:00,2025-05-15 22:00,2025-05-15,158.8,0.201,False,False,True,True
ENG2426,SEC013,Engineering,43.2,3.5,2025-05-11 06:00,2025-06-20 22:00,2025-06-20,166.2,0.475,False,False,True,True
ENG2428,SEC019,Engineering,45.9,1.8,2025-08-03 06:00,2025-09-01 22:00,2025-09-01,87.8,0.488,False,False,True,True
ENG2429,SEC037,Engineering,25.4,11.5,2025-05-07 06:00,2025-08-03 22:00,2025-08-03,572.7,0.498,False,False,True,False
ENG2430,SEC018,Engineering,63.9,4.5,2025-08-26 06:00,2025-09-17 22:00,2025-09-17,187.2,0.416,False,False,True,True
ENG2431,SEC041,Engineering,62.3,8.6,2025-11-05 06:00,2025-11-20 22:00,2025-11-20,180.6,0.21,False,False,True,False
ENG2436,SEC003,Engineering,84.5,6.9,2025-04-17 06:00,2025-04-30 22:00,2025-04-30,339.5,0.492,False,False,True,True
ENG2438,SEC016,Engineering,33.6,1.2,2025-04-18 06:00,2025-06-03 22:00,2025-06-03,50.9,0.424,False,False,True,False
ENG2439,SEC059,Engineering,40.7,1.5,2025-06-26 06:00,2025-07-29 22:00,2025-07-29,30.2,0.201,False,False,True,True
ENG2440,SEC020,Engineering,64.9,6.3,2025-08-12 06:00,2025-08-27 22:00,2025-08-27,241.9,0.384,False,False,True,True
ENG2443,SEC017,Engineering,62.0,7.6,2025-11-22 06:00,2025-12-20 22:00,2025-12-20,291.8,0.384,False,False,True,True
ENG2444,SEC008,Engineering,84.2,11.2,2025-08-19 06:00,2025-08-31 22:00,2025-08-31,509.6,0.455,False,False,True,False
ENG2450,SEC069,Engineering,29.8,10.1,2025-05-24 06:00,2025-07-11 22:00,2025-07-11,202.0,0.2,False,False,True,True
ENG2451,SEC023,Engineering,40.5,6.4,2025-08-27 06:00,2025-10-17 22:00,2025-10-17,289.9,0.453,False,False,True,True
ENG2457,SEC068,Engineering,23.0,4.4,2025-10-22 06:00,2026-01-16 22:00,2026-01-16,134.6,0.306,False,False,True,True
ENG2463,SEC028,Engineering,66.5,4.4,2025-03-22 06:00,2025-04-08 22:00,2025-04-08,228.4,0.519,False,False,True,True
ENG2466,SEC002,Engineering,63.2,3.4,2025-12-15 06:00,2026-01-04 22:00,2026-01-04,115.9,0.341,False,False,True,False
ENG2467,SEC061,Engineering,22.1,4.5,2025-11-26 06:00,2026-02-17 22:00,2026-02-17,92.7,0.206,False,False,True,False
ENG2468,SEC057,Engineering,61.5,10.2,2025-02-19 06:00,2025-03-19 22:00,2025-03-19,353.9,0.347,False,False,True,True
ENG2469,SEC037,Engineering,65.3,8.1,2025-01-26 06:00,2025-02-16 22:00,2025-02-16,403.4,0.498,False,False,True,True
ENG2470,SEC028,Engineering,84.9,1.3,2025-11-02 06:00,2025-11-15 22:00,2025-11-15,67.5,0.519,False,False,True,True
ENG2471,SEC052,Engineering,81.0,10.2,2025-01-17 06:00,2025-01-26 22:00,2025-01-26,204.0,0.2,False,False,True,False
ENG2472,SEC028,Engineering,85.6,5.9,2025-11-08 06:00,2025-11-18 22:00,2025-11-18,306.2,0.519,False,False,True,True
ENG2474,SEC003,Engineering,40.2,9.5,2025-03-07 06:00,2025-05-01 22:00,2025-05-01,467.4,0.492,False,False,True,True
ENG2477,SEC028,Engineering,45.0,3.4,2025-07-23 06:00,2025-08-27 22:00,2025-08-27,176.5,0.519,False,False,True,True
ENG2480,SEC047,Engineering,61.8,9.6,2025-04-05 06:00,2025-04-22 22:00,2025-04-22,195.8,0.204,False,False,True,True
ENG2482,SEC008,Engineering,63.8,5.3,2025-03-02 06:00,2025-03-27 22:00,2025-03-27,241.2,0.455,False,False,True,True
ENG2486,SEC013,Engineering,63.8,1.3,2025-08-23 06:00,2025-09-18 22:00,2025-09-18,61.8,0.475,False,False,True,True
ENG2487,SEC026,Engineering,65.8,7.2,2025-10-11 06:00,2025-10-31 22:00,2025-10-31,371.5,0.516,False,False,True,True
ENG2490,SEC022,Engineering,63.0,6.6,2025-08-05 06:00,2025-08-29 22:00,2025-08-29,257.4,0.39,False,False,True,True
ENG2491,SEC022,Engineering,61.7,8.4,2025-10-15 06:00,2025-11-14 22:00,2025-11-14,327.6,0.39,False,False,True,False
ENG2494,SEC016,Engineering,62.6,9.4,2025-10-17 06:00,2025-11-14 22:00,2025-11-14,398.6,0.424,False,False,True,True
ENG2495,SEC025,Engineering,66.0,11.3,2025-06-24 06:00,2025-07-11 22:00,2025-07-11,544.7,0.482,False,False,True,True
ENG2498,SEC038,Engineering,41.4,2.6,2025-04-02 06:00,2025-05-16 22:00,2025-05-16,106.9,0.411,False,False,True,True
ENG2499,SEC054,Engineering,61.5,7.9,2025-01-09 06:00,2025-01-29 22:00,2025-01-29,179.3,0.227,False,False,True,False
ENG2500,SEC041,Engineering,61.9,8.3,2025-11-06 06:00,2025-11-23 22:00,2025-11-23,174.3,0.21,False,False,True,False
ENG2501,SEC051,Engineering,95.0,2.6,2025-11-11 06:00,2025-11-17 22:00,2025-11-17,67.1,0.258,False,False,True,True
ENG2503,SEC032,Engineering,62.4,11.2,2025-08-14 06:00,2025-09-07 22:00,2025-09-07,390.9,0.349,False,False,True,True
ENG2506,SEC037,Engineering,44.5,3.8,2025-06-26 06:00,2025-08-01 22:00,2025-08-01,189.2,0.498,False,False,True,True
ENG2508,SEC019,Engineering,26.6,8.4,2025-12-20 06:00,2026-03-12 22:00,2026-03-12,409.9,0.488,False,False,True,False
ENG2510,SEC053,Engineering,62.2,9.4,2025-09-02 06:00,2025-09-20 22:00,2025-09-20,235.0,0.25,False,False,True,True
ENG2511,SEC075,Engineering,38.7,7.1,2025-09-24 06:00,2025-11-05 22:00,2025-11-05,142.0,0.2,False,False,True,True
ENG2512,SEC003,Engineering,42.2,7.9,2025-02-01 06:00,2025-03-19 22:00,2025-03-19,388.7,0.492,False,False,True,True
ENG2514,SEC005,Engineering,45.4,11.4,2025-01-03 06:00,2025-02-06 22:00,2025-02-06,601.9,0.528,False,False,True,True
ENG2515,SEC026,Engineering,86.0,3.5,2025-10-25 06:00,2025-11-02 22:00,2025-11-02,180.6,0.516,False,False,True,True
ENG2516,SEC037,Engineering,84.6,4.3,2025-02-01 06:00,2025-02-14 22:00,2025-02-14,214.1,0.498,False,False,True,True
ENG2520,SEC003,Engineering,85.2,5.6,2025-11-26 06:00,2025-12-06 22:00,2025-12-06,275.5,0.492,False,False,True,True
ENG2522,SEC070,Engineering,94.6,5.4,2025-01-14 06:00,2025-01-20 22:00,2025-01-20,123.1,0.228,False,False,True,False
ENG2528,SEC026,Engineering,99.6,9.9,2025-11-12 06:00,2025-11-15 22:00,2025-11-15,510.8,0.516,False,False,True,True
ENG2530,SEC008,Engineering,85.0,5.4,2025-12-11 06:00,2025-12-19 22:00,2025-12-19,245.7,0.455,False,False,True,True
ENG2531,SEC016,Engineering,34.3,8.9,2025-11-03 06:00,2025-12-16 22:00,2025-12-16,377.4,0.424,False,False,True,True
ENG2535,SEC025,Engineering,63.3,2.0,2025-07-14 06:00,2025-08-12 22:00,2025-08-12,96.4,0.482,False,False,True,False
ENG2541,SEC026,Engineering,85.1,6.7,2025-08-22 06:00,2025-09-03 22:00,2025-09-03,345.7,0.516,False,False,True,True
ENG2542,SEC068,Engineering,41.1,6.8,2025-09-30 06:00,2025-11-07 22:00,2025-11-07,208.1,0.306,False,False,True,True
ENG2543,SEC016,Engineering,44.9,10.3,2025-10-19 06:00,2025-11-17 22:00,2025-11-17,436.7,0.424,False,False,True,True
ENG2545,SEC038,Engineering,64.0,6.2,2025-11-12 06:00,2025-12-03 22:00,2025-12-03,254.8,0.411,False,False,True,False
ENG2546,SEC044,Engineering,82.8,3.7,2025-05-28 06:00,2025-06-08 22:00,2025-06-08,128.4,0.347,False,False,True,True
ENG2547,SEC053,Engineering,80.6,4.9,2025-11-09 06:00,2025-11-23 22:00,2025-11-23,122.5,0.25,False,False,True,True
ENG2548,SEC062,Engineering,61.7,10.0,2025-02-21 06:00,2025-03-10 22:00,2025-03-10,200.0,0.2,False,False,True,False
ENG2551,SEC052,Engineering,80.1,9.3,2025-05-06 06:00,2025-05-19 22:00,2025-05-19,186.0,0.2,False,False,True,True
ENG2552,SEC068,Engineering,43.4,11.3,2025-10-05 06:00,2025-11-02 22:00,2025-11-02,345.8,0.306,False,False,True,True
ENG2554,SEC065,Engineering,60.1,7.5,2025-01-16 06:00,2025-02-15 22:00,2025-02-15,215.2,0.287,False,False,True,False
ENG2555,SEC023,Engineering,64.6,2.7,2025-05-07 06:00,2025-05-28 22:00,2025-05-28,122.3,0.453,False,False,True,True
ENG2556,SEC011,Engineering,31.4,5.9,2025-05-08 06:00,2025-07-07 22:00,2025-07-07,285.6,0.484,False,False,True,True
ENG2557,SEC072,Engineering,59.4,8.8,2025-04-09 06:00,2025-05-09 22:00,2025-05-09,211.2,0.24,False,False,True,True
ENG2559,SEC006,Engineering,31.5,7.7,2025-07-24 06:00,2025-09-23 22:00,2025-09-23,385.8,0.501,False,False,True,True
ENG2561,SEC017,Engineering,37.4,11.3,2025-06-27 06:00,2025-08-26 22:00,2025-08-26,433.9,0.384,False,False,True,False
ENG2565,SEC044,Engineering,83.2,8.7,2025-08-27 06:00,2025-09-05 22:00,2025-09-05,301.9,0.347,False,False,True,True
ENG2566,SEC042,Engineering,63.8,2.3,2025-04-18 06:00,2025-05-02 22:00,2025-05-02,66.9,0.291,False,False,True,False
ENG2568,SEC050,Engineering,94.2,5.3,2025-11-17 06:00,2025-11-23 22:00,2025-11-23,106.0,0.2,False,False,True,True
ENG2569,SEC044,Engineering,96.1,1.9,2025-09-10 06:00,2025-09-17 22:00,2025-09-17,65.9,0.347,False,False,True,True
ENG2576,SEC055,Engineering,60.1,8.7,2025-04-17 06:00,2025-05-12 22:00,2025-05-12,183.6,0.211,False,False,True,True
ENG2577,SEC059,Engineering,81.2,11.0,2025-03-17 06:00,2025-03-25 22:00,2025-03-25,221.1,0.201,False,False,True,True
ENG2578,SEC073,Engineering,28.2,11.3,2025-06-28 06:00,2025-08-23 22:00,2025-08-23,235.0,0.208,False,False,True,True
ENG2579,SEC024,Engineering,63.4,10.6,2025-04-01 06:00,2025-04-25 22:00,2025-04-25,437.8,0.413,False,False,True,True
ENG2580,SEC007,Engineering,32.4,2.8,2025-07-23 06:00,2025-09-16 22:00,2025-09-16,132.7,0.474,False,False,True,True
ENG2581,SEC053,Engineering,82.2,11.2,2025-06-26 06:00,2025-07-03 22:00,2025-07-03,280.0,0.25,False,False,True,False
ENG2582,SEC071,Engineering,60.1,4.8,2025-06-11 06:00,2025-07-07 22:00,2025-07-07,106.6,0.222,False,False,True,False
ENG2583,SEC050,Engineering,61.3,3.7,2025-09-12 06:00,2025-10-01 22:00,2025-10-01,74.0,0.2,False,False,True,True
ENG2584,SEC021,Engineering,44.9,5.9,2025-11-18 06:00,2025-12-18 22:00,2025-12-18,257.2,0.436,False,False,True,True
ENG2588,SEC003,Engineering,42.4,8.2,2025-03-14 06:00,2025-04-28 22:00,2025-04-28,403.4,0.492,False,False,True,True
ENG2590,SEC003,Engineering,85.8,5.7,2025-05-04 06:00,2025-05-11 22:00,2025-05-11,280.4,0.492,False,False,True,True
ENG2592,SEC028,Engineering,64.3,4.8,2025-10-01 06:00,2025-10-28 22:00,2025-10-28,249.1,0.519,False,False,True,False
ENG2601,SEC053,Engineering,41.6,7.7,2025-09-06 06:00,2025-10-08 22:00,2025-10-08,192.5,0.25,False,False,True,True
ENG2606,SEC036,Engineering,66.8,1.5,2025-07-26 06:00,2025-08-11 22:00,2025-08-11,78.2,0.521,False,False,True,True
ENG2607,SEC063,Engineering,58.9,9.0,2025-06-24 06:00,2025-07-24 22:00,2025-07-24,182.7,0.203,False,False,True,True
ENG2609,SEC011,Engineering,64.6,1.1,2025-08-14 06:00,2025-09-06 22:00,2025-09-06,53.2,0.484,False,False,True,True
ENG2610,SEC023,Engineering,84.4,3.1,2025-07-15 06:00,2025-07-26 22:00,2025-07-26,140.4,0.453,False,False,True,True
ENG2611,SEC021,Engineering,97.9,7.7,2025-08-01 06:00,2025-08-06 22:00,2025-08-06,335.7,0.436,False,False,True,True
ENG2612,SEC031,Engineering,62.1,11.7,2025-04-08 06:00,2025-05-07 22:00,2025-05-07,473.8,0.405,False,False,True,True
ENG2613,SEC015,Engineering,84.3,7.7,2025-09-04 06:00,2025-09-15 22:00,2025-09-15,346.5,0.45,False,False,True,True
ENG2615,SEC043,Engineering,95.8,5.4,2025-06-29 06:00,2025-07-06 22:00,2025-07-06,176.6,0.327,False,False,True,True
ENG2616,SEC065,Engineering,96.1,10.7,2025-03-20 06:00,2025-03-23 22:00,2025-03-23,307.1,0.287,False,False,True,True
ENG2617,SEC004,Engineering,44.9,8.9,2025-01-17 06:00,2025-02-16 22:00,2025-02-16,387.2,0.435,False,False,True,True
ENG2618,SEC047,Engineering,60.7,8.0,2025-06-04 06:00,2025-06-26 22:00,2025-06-26,163.2,0.204,False,False,True,False
ENG2620,SEC007,Engineering,98.1,3.0,2025-11-13 06:00,2025-11-20 22:00,2025-11-20,142.2,0.474,False,False,True,True
ENG2621,SEC049,Engineering,43.5,5.1,2025-12-05 06:00,2026-01-03 22:00,2026-01-03,167.8,0.329,False,False,True,True
ENG2622,SEC016,Engineering,63.1,11.9,2025-08-17 06:00,2025-09-12 22:00,2025-09-12,504.6,0.424,False,False,True,False
ENG2623,SEC029,Engineering,42.9,10.2,2025-06-09 06:00,2025-07-23 22:00,2025-07-23,522.2,0.512,False,False,True,True
ENG2624,SEC004,Engineering,65.2,5.1,2025-05-25 06:00,2025-06-11 22:00,2025-06-11,221.8,0.435,False,False,True,False
ENG2625,SEC055,Engineering,59.4,8.6,2025-07-07 06:00,2025-08-04 22:00,2025-08-04,181.5,0.211,False,False,True,False
ENG2627,SEC021,Engineering,62.8,10.5,2025-02-21 06:00,2025-03-21 22:00,2025-03-21,457.8,0.436,False,False,True,False
ENG2629,SEC036,Engineering,42.4,10.4,2025-08-18 06:00,2025-10-04 22:00,2025-10-04,541.8,0.521,False,False,True,False
ENG2632,SEC058,Engineering,62.2,3.0,2025-09-22 06:00,2025-10-12 22:00,2025-10-12,81.9,0.273,False,False,True,True
ENG2635,SEC051,Engineering,60.6,2.4,2025-11-23 06:00,2025-12-19 22:00,2025-12-19,61.9,0.258,False,False,True,True
ENG2636,SEC038,Engineering,42.1,5.6,2025-06-28 06:00,2025-08-08 22:00,2025-08-08,230.2,0.411,False,False,True,True
ENG2638,SEC004,Engineering,27.6,7.3,2025-10-17 06:00,2025-12-30 22:00,2025-12-30,317.6,0.435,False,False,True,True
ENG2641,SEC073,Engineering,36.6,11.9,2025-10-26 06:00,2025-12-17 22:00,2025-12-17,247.5,0.208,False,False,True,True
ENG2642,SEC047,Engineering,94.9,9.1,2025-05-17 06:00,2025-05-20 22:00,2025-05-20,185.6,0.204,False,False,True,True
ENG2643,SEC049,Engineering,40.2,3.6,2025-07-11 06:00,2025-08-24 22:00,2025-08-24,118.4,0.329,False,False,True,True
ENG2644,SEC075,Engineering,36.0,9.6,2025-10-06 06:00,2025-11-29 22:00,2025-11-29,192.0,0.2,False,False,True,True
ENG2646,SEC034,Engineering,40.3,3.9,2025-06-25 06:00,2025-08-08 22:00,2025-08-08,132.2,0.339,False,False,True,False
ENG2648,SEC007,Engineering,85.1,5.0,2025-07-27 06:00,2025-08-05 22:00,2025-08-05,237.0,0.474,False,False,True,True
ENG2652,SEC051,Engineering,37.3,8.2,2025-02-16 06:00,2025-04-09 22:00,2025-04-09,211.6,0.258,False,False,True,False
ENG2653,SEC002,Engineering,30.8,9.3,2025-10-12 06:00,2025-12-04 22:00,2025-12-04,317.1,0.341,False,False,True,False
ENG2655,SEC029,Engineering,43.3,8.2,2025-05-11 06:00,2025-06-22 22:00,2025-06-22,419.8,0.512,False,False,True,True
ENG2657,SEC044,Engineering,43.8,4.7,2025-06-24 06:00,2025-07-23 22:00,2025-07-23,163.1,0.347,False,False,True,False
ENG2660,SEC014,Engineering,64.2,2.1,2025-11-08 06:00,2025-12-01 22:00,2025-12-01,95.3,0.454,False,False,True,True
ENG2662,SEC002,Engineering,42.6,8.8,2025-03-17 06:00,2025-04-20 22:00,2025-04-20,300.1,0.341,False,False,True,True
ENG2667,SEC034,Engineering,44.1,1.1,2025-02-22 06:00,2025-03-21 22:00,2025-03-21,37.3,0.339,False,False,True,True
ENG2671,SEC014,Engineering,44.5,10.2,2025-08-20 06:00,2025-09-22 22:00,2025-09-22,463.1,0.454,False,False,True,True
ENG2673,SEC028,Engineering,85.6,10.8,2025-08-22 06:00,2025-09-01 22:00,2025-09-01,560.5,0.519,False,False,True,True
ENG2674,SEC008,Engineering,64.2,9.6,2025-01-09 06:00,2025-02-01 22:00,2025-02-01,436.8,0.455,False,False,True,True
ENG2676,SEC053,Engineering,42.1,2.9,2025-10-09 06:00,2025-11-08 22:00,2025-11-08,72.5,0.25,False,False,True,False
ENG2679,SEC015,Engineering,84.5,9.8,2025-08-19 06:00,2025-08-29 22:00,2025-08-29,441.0,0.45,False,False,True,False
ENG2683,SEC056,Engineering,60.8,6.6,2025-07-16 06:00,2025-08-12 22:00,2025-08-12,188.1,0.285,False,False,True,False
ENG2685,SEC025,Engineering,46.0,3.3,2025-11-20 06:00,2025-12-18 22:00,2025-12-18,159.1,0.482,False,False,True,True
ENG2688,SEC058,Engineering,81.4,3.6,2025-01-28 06:00,2025-02-09 22:00,2025-02-09,98.3,0.273,False,False,True,True
ENG2689,SEC020,Engineering,63.6,11.6,2025-08-30 06:00,2025-09-20 22:00,2025-09-20,445.4,0.384,False,False,True,False
ENG2691,SEC071,Engineering,80.9,9.0,2025-03-24 06:00,2025-04-04 22:00,2025-04-04,199.8,0.222,False,False,True,True
ENG2692,SEC061,Engineering,60.7,3.2,2025-09-27 06:00,2025-10-19 22:00,2025-10-19,65.9,0.206,False,False,True,False
ENG2694,SEC052,Engineering,23.4,11.2,2025-06-27 06:00,2025-09-12 22:00,2025-09-12,224.0,0.2,False,False,True,True
ENG2697,SEC048,Engineering,96.0,2.7,2025-02-26 06:00,2025-03-02 22:00,2025-03-02,79.1,0.293,False,False,True,True
ENG2698,SEC011,Engineering,64.9,6.8,2025-08-17 06:00,2025-09-08 22:00,2025-09-08,329.1,0.484,False,False,True,True
ENG2699,SEC068,Engineering,60.6,4.3,2025-09-06 06:00,2025-10-05 22:00,2025-10-05,131.6,0.306,False,False,True,True
ENG2700,SEC030,Engineering,84.1,6.3,2025-02-11 06:00,2025-02-20 22:00,2025-02-20,257.7,0.409,False,False,True,True
ENG2702,SEC042,Engineering,38.7,9.0,2025-05-02 06:00,2025-06-19 22:00,2025-06-19,261.9,0.291,False,False,True,True
ENG2706,SEC066,Engineering,80.9,4.4,2025-01-09 06:00,2025-01-23 22:00,2025-01-23,118.8,0.27,False,False,True,False
ENG2707,SEC001,Engineering,64.7,9.4,2025-04-03 06:00,2025-04-22 22:00,2025-04-22,400.4,0.426,False,False,True,True
ENG2708,SEC066,Engineering,43.5,10.9,2025-09-12 06:00,2025-10-07 22:00,2025-10-07,294.3,0.27,False,False,True,True
ENG2710,SEC024,Engineering,40.5,9.5,2025-07-12 06:00,2025-08-29 22:00,2025-08-29,392.3,0.413,False,False,True,False
ENG2711,SEC006,Engineering,63.8,9.2,2025-01-06 06:00,2025-02-03 22:00,2025-02-03,460.9,0.501,False,False,True,True
ENG2713,SEC047,Engineering,94.7,2.1,2025-07-01 06:00,2025-07-05 22:00,2025-07-05,42.8,0.204,False,False,True,True
ENG2715,SEC006,Engineering,26.3,8.0,2025-04-22 06:00,2025-07-15 22:00,2025-07-15,400.8,0.501,False,False,True,True
ENG2718,SEC058,Engineering,61.5,7.1,2025-03-14 06:00,2025-04-06 22:00,2025-04-06,193.8,0.273,False,False,True,True
ENG2719,SEC030,Engineering,39.6,8.6,2025-11-06 06:00,2025-12-28 22:00,2025-12-28,351.7,0.409,False,False,True,True
ENG2725,SEC029,Engineering,86.1,11.8,2025-10-23 06:00,2025-10-30 22:00,2025-10-30,604.2,0.512,False,False,True,True
ENG2727,SEC054,Engineering,61.7,6.2,2025-04-05 06:00,2025-04-24 22:00,2025-04-24,140.7,0.227,False,False,True,True
ENG2728,SEC048,Engineering,38.1,4.8,2025-12-12 06:00,2026-02-01 22:00,2026-02-01,140.6,0.293,False,False,True,True
ENG2729,SEC031,Engineering,27.6,3.4,2025-04-16 06:00,2025-06-27 22:00,2025-06-27,137.7,0.405,False,False,True,True
ENG2730,SEC046,Engineering,43.0,6.2,2025-01-23 06:00,2025-02-19 22:00,2025-02-19,167.4,0.27,False,False,True,True
ENG2732,SEC040,Engineering,31.6,9.8,2025-09-01 06:00,2025-10-14 22:00,2025-10-14,237.2,0.242,False,False,True,True
ENG2733,SEC011,Engineering,64.6,10.7,2025-08-18 06:00,2025-09-10 22:00,2025-09-10,517.9,0.484,False,False,True,True
ENG2734,SEC049,Engineering,62.3,2.8,2025-04-24 06:00,2025-05-17 22:00,2025-05-17,92.1,0.329,False,False,True,False
ENG2735,SEC008,Engineering,64.4,5.9,2025-12-03 06:00,2025-12-25 22:00,2025-12-25,268.4,0.455,False,False,True,True
ENG2736,SEC017,Engineering,83.5,10.0,2025-11-17 06:00,2025-11-27 22:00,2025-11-27,384.0,0.384,False,False,True,True
ENG2737,SEC064,Engineering,36.7,8.2,2025-02-12 06:00,2025-04-07 22:00,2025-04-07,200.9,0.245,False,False,True,True
ENG2746,SEC013,Engineering,64.1,4.9,2025-12-11 06:00,2026-01-05 22:00,2026-01-05,232.8,0.475,False,False,True,True
ENG2748,SEC050,Engineering,37.8,11.7,2025-07-31 06:00,2025-09-15 22:00,2025-09-15,234.0,0.2,False,False,True,True
ENG2752,SEC067,Engineering,37.3,5.5,2025-08-12 06:00,2025-10-03 22:00,2025-10-03,141.9,0.258,False,False,True,True
ENG2754,SEC046,Engineering,60.6,1.2,2025-11-29 06:00,2025-12-26 22:00,2025-12-26,32.4,0.27,False,False,True,True
ENG2755,SEC054,Engineering,61.0,4.3,2025-10-30 06:00,2025-11-21 22:00,2025-11-21,97.6,0.227,False,False,True,True
ENG2761,SEC022,Engineering,83.6,2.0,2025-12-11 06:00,2025-12-21 22:00,2025-12-21,78.0,0.39,False,False,True,True
ENG2762,SEC054,Engineering,61.9,2.5,2025-04-16 06:00,2025-05-04 22:00,2025-05-04,56.8,0.227,False,False,True,True
ENG2768,SEC009,Engineering,98.1,5.5,2025-03-02 06:00,2025-03-05 22:00,2025-03-05,229.9,0.418,False,False,True,True
ENG2770,SEC040,Engineering,61.9,7.0,2025-02-10 06:00,2025-03-01 22:00,2025-03-01,169.4,0.242,False,False,True,True
ENG2777,SEC070,Engineering,94.4,7.9,2025-04-10 06:00,2025-04-17 22:00,2025-04-17,180.1,0.228,False,False,True,True
ENG2784,SEC041,Engineering,28.0,1.3,2025-06-26 06:00,2025-08-22 22:00,2025-08-22,27.3,0.21,False,False,True,False
ENG2785,SEC017,Engineering,63.6,6.3,2025-11-10 06:00,2025-12-01 22:00,2025-12-01,241.9,0.384,False,False,True,True
ENG2789,SEC061,Engineering,58.9,11.6,2025-03-08 06:00,2025-04-07 22:00,2025-04-07,239.0,0.206,False,False,True,True
ENG2790,SEC031,Engineering,33.6,10.2,2025-05-10 06:00,2025-06-24 22:00,2025-06-24,413.1,0.405,False,False,True,False
ENG2794,SEC047,Engineering,37.4,2.4,2025-04-05 06:00,2025-05-23 22:00,2025-05-23,49.0,0.204,False,False,True,True
ENG2796,SEC022,Engineering,38.2,10.7,2025-01-02 06:00,2025-02-28 22:00,2025-02-28,417.3,0.39,False,False,True,True
ENG2797,SEC014,Engineering,97.8,10.9,2025-06-08 06:00,2025-06-15 22:00,2025-06-15,494.9,0.454,False,False,True,True
ENG2800,SEC053,Engineering,37.4,2.0,2025-04-26 06:00,2025-06-16 22:00,2025-06-16,50.0,0.25,False,False,True,True
ENG2802,SEC042,Engineering,82.4,11.2,2025-04-13 06:00,2025-04-22 22:00,2025-04-22,325.9,0.291,False,False,True,True
ENG2803,SEC054,Engineering,41.1,8.5,2025-06-16 06:00,2025-07-19 22:00,2025-07-19,193.0,0.227,False,False,True,False
ENG2804,SEC005,Engineering,39.8,11.2,2025-09-02 06:00,2025-10-31 22:00,2025-10-31,591.4,0.528,False,False,True,True
ENG2805,SEC028,Engineering,32.6,4.5,2025-04-13 06:00,2025-06-09 22:00,2025-06-09,233.6,0.519,False,False,True,True
ENG2807,SEC052,Engineering,62.4,9.4,2025-03-07 06:00,2025-03-21 22:00,2025-03-21,188.0,0.2,False,False,True,True
ENG2808,SEC038,Engineering,26.8,6.0,2025-11-01 06:00,2026-01-16 22:00,2026-01-16,246.6,0.411,False,False,True,False
ENG2818,SEC048,Engineering,62.2,7.9,2025-05-27 06:00,2025-06-17 22:00,2025-06-17,231.5,0.293,False,False,True,True
ENG2820,SEC007,Engineering,64.7,7.6,2025-08-26 06:00,2025-09-17 22:00,2025-09-17,360.2,0.474,False,False,True,True
ENG2821,SEC068,Engineering,96.0,2.5,2025-12-10 06:00,2025-12-15 22:00,2025-12-15,76.5,0.306,False,False,True,True
ENG2824,SEC011,Engineering,63.3,7.0,2025-10-26 06:00,2025-11-24 22:00,2025-11-24,338.8,0.484,False,False,True,True
ENG2825,SEC026,Engineering,99.1,10.1,2025-11-13 06:00,2025-11-18 22:00,2025-11-18,521.2,0.516,False,False,True,False
ENG2826,SEC023,Engineering,35.4,7.7,2025-09-10 06:00,2025-10-20 22:00,2025-10-20,348.8,0.453,False,False,True,True
ENG2827,SEC074,Engineering,61.9,2.1,2025-03-15 06:00,2025-04-03 22:00,2025-04-03,50.4,0.24,False,False,True,True
ENG2831,SEC068,Engineering,60.4,2.9,2025-06-29 06:00,2025-07-29 22:00,2025-07-29,88.7,0.306,False,False,True,False
ENG2834,SEC013,Engineering,99.0,10.1,2025-11-28 06:00,2025-12-01 22:00,2025-12-01,479.8,0.475,False,False,True,True
ENG2835,SEC035,Engineering,45.6,7.7,2025-04-13 06:00,2025-05-13 22:00,2025-05-13,371.1,0.482,False,False,True,True
ENG2836,SEC065,Engineering,81.2,4.2,2025-05-15 06:00,2025-05-29 22:00,2025-05-29,120.5,0.287,False,False,True,True
ENG2838,SEC056,Engineering,60.3,7.9,2025-04-12 06:00,2025-05-11 22:00,2025-05-11,225.2,0.285,False,False,True,False
ENG2840,SEC034,Engineering,82.9,10.9,2025-09-26 06:00,2025-10-06 22:00,2025-10-06,369.5,0.339,False,False,True,True
ENG2841,SEC017,Engineering,40.5,6.4,2025-09-04 06:00,2025-10-20 22:00,2025-10-20,245.8,0.384,False,False,True,True
ENG2842,SEC001,Engineering,63.1,11.7,2025-09-29 06:00,2025-10-25 22:00,2025-10-25,498.4,0.426,False,False,True,True
ENG2843,SEC028,Engineering,98.7,3.5,2025-03-06 06:00,2025-03-13 22:00,2025-03-13,181.6,0.519,False,False,True,True
ENG2844,SEC024,Engineering,31.0,5.0,2025-06-06 06:00,2025-08-02 22:00,2025-08-02,206.5,0.413,False,False,True,False
ENG2846,SEC051,Engineering,82.3,1.5,2025-10-02 06:00,2025-10-09 22:00,2025-10-09,38.7,0.258,False,False,True,False
ENG2850,SEC013,Engineering,63.6,3.0,2025-01-17 06:00,2025-02-13 22:00,2025-02-13,142.5,0.475,False,False,True,True
ENG2851,SEC031,Engineering,97.7,7.9,2025-06-08 06:00,2025-06-12 22:00,2025-06-12,320.0,0.405,False,False,True,True
ENG2855,SEC024,Engineering,97.1,10.3,2025-04-09 06:00,2025-04-16 22:00,2025-04-16,425.4,0.413,False,False,True,True
ENG2857,SEC047,Engineering,35.6,5.1,2025-10-04 06:00,2025-11-29 22:00,2025-11-29,104.0,0.204,False,False,True,True
ENG2858,SEC057,Engineering,83.0,1.5,2025-05-31 06:00,2025-06-10 22:00,2025-06-10,52.0,0.347,False,False,True,True
ENG2863,SEC025,Engineering,98.8,1.6,2025-06-07 06:00,2025-06-11 22:00,2025-06-11,77.1,0.482,False,False,True,True
ENG2865,SEC074,Engineering,42.4,1.8,2025-03-28 06:00,2025-04-25 22:00,2025-04-25,43.2,0.24,False,False,True,True
ENG2866,SEC040,Engineering,62.6,4.4,2025-06-03 06:00,2025-06-19 22:00,2025-06-19,106.5,0.242,False,False,True,True
ENG2869,SEC050,Engineering,81.0,7.4,2025-10-05 06:00,2025-10-14 22:00,2025-10-14,148.0,0.2,False,False,True,False
ENG2870,SEC006,Engineering,65.8,5.2,2025-12-08 06:00,2025-12-27 22:00,2025-12-27,260.5,0.501,False,False,True,True
ENG2871,SEC029,Engineering,63.5,7.5,2025-09-08 06:00,2025-10-08 22:00,2025-10-08,384.0,0.512,False,False,True,True
ENG2874,SEC002,Engineering,30.6,7.1,2025-07-27 06:00,2025-09-19 22:00,2025-09-19,242.1,0.341,False,False,True,True
ENG2875,SEC032,Engineering,81.9,5.8,2025-03-04 06:00,2025-03-19 22:00,2025-03-19,202.4,0.349,False,False,True,False
ENG2883,SEC012,Engineering,63.4,7.0,2025-07-18 06:00,2025-08-10 22:00,2025-08-10,282.8,0.404,False,False,True,True
ENG2884,SEC026,Engineering,35.5,7.1,2025-11-17 06:00,2025-12-31 22:00,2025-12-31,366.4,0.516,False,False,True,True
ENG2885,SEC067,Engineering,60.8,2.9,2025-01-03 06:00,2025-01-28 22:00,2025-01-28,74.8,0.258,False,False,True,True
ENG2887,SEC013,Engineering,98.5,11.9,2025-04-20 06:00,2025-04-25 22:00,2025-04-25,565.2,0.475,False,False,True,True
ENG2890,SEC053,Engineering,60.7,10.8,2025-06-27 06:00,2025-07-22 22:00,2025-07-22,270.0,0.25,False,False,True,True
ENG2891,SEC012,Engineering,61.9,5.3,2025-08-29 06:00,2025-09-28 22:00,2025-09-28,214.1,0.404,False,False,True,False
ENG2892,SEC047,Engineering,24.3,11.4,2025-09-09 06:00,2025-11-21 22:00,2025-11-21,232.6,0.204,False,False,True,True
ENG2893,SEC074,Engineering,59.9,8.2,2025-07-18 06:00,2025-08-15 22:00,2025-08-15,196.8,0.24,False,False,True,False
ENG2894,SEC009,Engineering,97.7,6.6,2025-10-03 06:00,2025-10-08 22:00,2025-10-08,275.9,0.418,False,False,True,False
ENG2896,SEC008,Engineering,40.3,6.0,2025-11-18 06:00,2026-01-09 22:00,2026-01-09,273.0,0.455,False,False,True,False
ENG2901,SEC002,Engineering,63.4,8.4,2025-02-13 06:00,2025-03-04 22:00,2025-03-04,286.4,0.341,False,False,True,True
ENG2903,SEC009,Engineering,32.9,11.2,2025-07-09 06:00,2025-08-27 22:00,2025-08-27,468.2,0.418,False,False,True,True
ENG2906,SEC059,Engineering,62.0,8.6,2025-02-11 06:00,2025-02-27 22:00,2025-02-27,172.9,0.201,False,False,True,True
ENG2907,SEC059,Engineering,36.5,7.8,2025-12-19 06:00,2026-02-09 22:00,2026-02-09,156.8,0.201,False,False,True,False
ENG2909,SEC072,Engineering,32.2,2.6,2025-12-07 06:00,2026-01-16 22:00,2026-01-16,62.4,0.24,False,False,True,False
ENG2916,SEC014,Engineering,42.5,1.9,2025-09-27 06:00,2025-11-08 22:00,2025-11-08,86.3,0.454,False,False,True,True
ENG2921,SEC034,Engineering,63.4,4.9,2025-10-17 06:00,2025-11-05 22:00,2025-11-05,166.1,0.339,False,False,True,False
ENG2922,SEC019,Engineering,42.1,6.1,2025-09-22 06:00,2025-11-07 22:00,2025-11-07,297.7,0.488,False,False,True,True
ENG2923,SEC007,Engineering,30.2,8.6,2025-08-21 06:00,2025-10-25 22:00,2025-10-25,407.6,0.474,False,False,True,True
ENG2924,SEC001,Engineering,24.3,11.9,2025-05-19 06:00,2025-08-15 22:00,2025-08-15,506.9,0.426,False,False,True,True
ENG2925,SEC002,Engineering,83.1,4.4,2025-09-11 06:00,2025-09-20 22:00,2025-09-20,150.0,0.341,False,False,True,True
ENG2927,SEC074,Engineering,35.3,4.4,2025-10-27 06:00,2025-12-26 22:00,2025-12-26,105.6,0.24,False,False,True,True
ENG2928,SEC029,Engineering,44.0,6.9,2025-01-29 06:00,2025-03-09 22:00,2025-03-09,353.3,0.512,False,False,True,True
ENG2935,SEC007,Engineering,35.3,9.3,2025-07-18 06:00,2025-08-29 22:00,2025-08-29,440.8,0.474,False,False,True,True
ENG2936,SEC039,Engineering,41.1,10.8,2025-12-06 06:00,2026-01-17 22:00,2026-01-17,387.7,0.359,False,False,True,True
ENG2937,SEC017,Engineering,62.5,6.0,2025-11-14 06:00,2025-12-10 22:00,2025-12-10,230.4,0.384,False,False,True,True
ENG2938,SEC016,Engineering,38.7,1.6,2025-09-03 06:00,2025-10-30 22:00,2025-10-30,67.8,0.424,False,False,True,True
ENG2939,SEC011,Engineering,85.5,6.9,2025-03-19 06:00,2025-03-27 22:00,2025-03-27,334.0,0.484,False,False,True,True
ENG2940,SEC036,Engineering,39.5,1.1,2025-10-20 06:00,2025-12-19 22:00,2025-12-19,57.3,0.521,False,False,True,True
ENG2942,SEC052,Engineering,93.9,7.0,2025-01-01 06:00,2025-01-08 22:00,2025-01-08,140.0,0.2,False,False,True,False
ENG2943,SEC073,Engineering,61.8,2.7,2025-04-27 06:00,2025-05-14 22:00,2025-05-14,56.2,0.208,False,False,True,True
ENG2946,SEC031,Engineering,37.7,9.2,2025-06-15 06:00,2025-08-14 22:00,2025-08-14,372.6,0.405,False,False,True,False
ENG2947,SEC019,Engineering,27.5,7.7,2025-09-23 06:00,2025-12-10 22:00,2025-12-10,375.8,0.488,False,False,True,True
ENG2951,SEC071,Engineering,61.8,3.0,2025-08-31 06:00,2025-09-18 22:00,2025-09-18,66.6,0.222,False,False,True,True
ENG2952,SEC015,Engineering,65.7,1.3,2025-10-27 06:00,2025-11-12 22:00,2025-11-12,58.5,0.45,False,False,True,True
ENG2953,SEC036,Engineering,40.8,3.6,2025-12-02 06:00,2026-01-25 22:00,2026-01-25,187.6,0.521,False,False,True,False
ENG2957,SEC006,Engineering,28.3,3.8,2025-06-28 06:00,2025-09-11 22:00,2025-09-11,190.4,0.501,False,False,True,True
ENG2958,SEC047,Engineering,81.5,4.2,2025-08-07 06:00,2025-08-14 22:00,2025-08-14,85.7,0.204,False,False,True,False
ENG2962,SEC010,Engineering,65.5,8.0,2025-04-28 06:00,2025-05-16 22:00,2025-05-16,374.4,0.468,False,False,True,True
ENG2963,SEC007,Engineering,38.8,6.1,2025-02-18 06:00,2025-04-19 22:00,2025-04-19,289.1,0.474,False,False,True,False
ENG2965,SEC012,Engineering,84.3,5.5,2025-04-20 06:00,2025-04-28 22:00,2025-04-28,222.2,0.404,False,False,True,True
ENG2966,SEC012,Engineering,62.8,9.0,2025-10-09 06:00,2025-11-04 22:00,2025-11-04,363.6,0.404,False,False,True,True
ENG2973,SEC009,Engineering,65.4,10.4,2025-11-05 06:00,2025-11-20 22:00,2025-11-20,434.7,0.418,False,False,True,True
ENG2974,SEC028,Engineering,85.1,4.4,2025-06-25 06:00,2025-07-07 22:00,2025-07-07,228.4,0.519,False,False,True,True
ENG2975,SEC048,Engineering,82.4,1.8,2025-11-17 06:00,2025-11-26 22:00,2025-11-26,52.7,0.293,False,False,True,True
ENG2982,SEC075,Engineering,40.2,9.9,2025-09-08 06:00,2025-10-13 22:00,2025-10-13,198.0,0.2,False,False,True,True
ENG2986,SEC027,Engineering,63.4,4.1,2025-04-25 06:00,2025-05-15 22:00,2025-05-15,146.4,0.357,False,False,True,True
ENG2987,SEC065,Engineering,36.0,10.5,2025-03-29 06:00,2025-05-28 22:00,2025-05-28,301.3,0.287,False,False,True,True
ENG2988,SEC038,Engineering,38.9,6.4,2025-06-01 06:00,2025-07-26 22:00,2025-07-26,263.0,0.411,False,False,True,False
ENG2990,SEC016,Engineering,63.3,6.8,2025-09-23 06:00,2025-10-18 22:00,2025-10-18,288.3,0.424,False,False,True,True
ENG2991,SEC041,Engineering,80.3,11.8,2025-10-11 06:00,2025-10-24 22:00,2025-10-24,247.8,0.21,False,False,True,True
ENG2992,SEC033,Engineering,64.1,2.1,2025-03-09 06:00,2025-04-04 22:00,2025-04-04,103.3,0.492,False,False,True,False
ENG2993,SEC014,Engineering,65.1,8.8,2025-09-21 06:00,2025-10-10 22:00,2025-10-10,399.5,0.454,False,False,True,True
ENG2996,SEC052,Engineering,59.5,7.0,2025-04-16 06:00,2025-05-13 22:00,2025-05-13,140.0,0.2,False,False,True,False
ENG2998,SEC020,Engineering,43.6,8.3,2025-04-28 06:00,2025-05-30 22:00,2025-05-30,318.7,0.384,False,False,True,True
ENG3002,SEC014,Engineering,83.7,2.7,2025-08-22 06:00,2025-09-05 22:00,2025-09-05,122.6,0.454,False,False,True,True
ENG3003,SEC053,Engineering,63.1,4.0,2025-07-12 06:00,2025-07-26 22:00,2025-07-26,100.0,0.25,False,False,True,False
ENG3006,SEC020,Engineering,42.5,7.3,2025-06-19 06:00,2025-07-26 22:00,2025-07-26,280.3,0.384,False,False,True,True
ENG3007,SEC030,Engineering,33.4,2.1,2025-09-12 06:00,2025-10-28 22:00,2025-10-28,85.9,0.409,False,False,True,True
ENG3009,SEC061,Engineering,59.1,4.9,2025-02-06 06:00,2025-03-07 22:00,2025-03-07,100.9,0.206,False,False,True,True
ENG3013,SEC021,Engineering,64.6,10.6,2025-10-18 06:00,2025-11-07 22:00,2025-11-07,462.2,0.436,False,False,True,False
ENG3014,SEC046,Engineering,37.0,9.5,2025-03-20 06:00,2025-05-13 22:00,2025-05-13,256.5,0.27,False,False,True,True
ENG3020,SEC038,Engineering,83.7,10.3,2025-03-24 06:00,2025-04-04 22:00,2025-04-04,423.3,0.411,False,False,True,True
ENG3022,SEC025,Engineering,64.6,9.5,2025-06-30 06:00,2025-07-23 22:00,2025-07-23,457.9,0.482,False,False,True,True
ENG3025,SEC023,Engineering,44.0,2.0,2025-04-24 06:00,2025-05-29 22:00,2025-05-29,90.6,0.453,False,False,True,True
ENG3026,SEC048,Engineering,36.7,3.3,2025-11-04 06:00,2025-12-31 22:00,2025-12-31,96.7,0.293,False,False,True,True
ENG3030,SEC061,Engineering,60.9,2.8,2025-06-24 06:00,2025-07-15 22:00,2025-07-15,57.7,0.206,False,False,True,True
ENG3033,SEC064,Engineering,61.7,5.1,2025-10-27 06:00,2025-11-16 22:00,2025-11-16,125.0,0.245,False,False,True,True
ENG3035,SEC054,Engineering,80.7,4.6,2025-12-08 06:00,2025-12-20 22:00,2025-12-20,104.4,0.227,False,False,True,True
ENG3036,SEC030,Engineering,40.9,6.2,2025-09-30 06:00,2025-11-15 22:00,2025-11-15,253.6,0.409,False,False,True,True
ENG3037,SEC029,Engineering,65.1,3.2,2025-02-17 06:00,2025-03-12 22:00,2025-03-12,163.8,0.512,False,False,True,True
ENG3040,SEC016,Engineering,83.2,2.9,2025-05-28 06:00,2025-06-11 22:00,2025-06-11,123.0,0.424,False,False,True,False
ENG3042,SEC007,Engineering,41.7,7.3,2025-09-21 06:00,2025-11-07 22:00,2025-11-07,346.0,0.474,False,False,True,True
ENG3043,SEC067,Engineering,60.1,6.6,2025-09-14 06:00,2025-10-12 22:00,2025-10-12,170.3,0.258,False,False,True,True
ENG3044,SEC048,Engineering,39.4,3.1,2025-11-01 06:00,2025-12-16 22:00,2025-12-16,90.8,0.293,False,False,True,True
ENG3046,SEC007,Engineering,62.9,8.7,2025-04-19 06:00,2025-05-19 22:00,2025-05-19,412.4,0.474,False,False,True,False
ENG3047,SEC069,Engineering,59.3,8.1,2025-05-13 06:00,2025-06-10 22:00,2025-06-10,162.0,0.2,False,False,True,False
ENG3048,SEC008,Engineering,39.8,3.8,2025-11-23 06:00,2026-01-16 22:00,2026-01-16,172.9,0.455,False,False,True,True
ENG3049,SEC021,Engineering,83.4,3.1,2025-07-12 06:00,2025-07-26 22:00,2025-07-26,135.2,0.436,False,False,True,True
ENG3054,SEC012,Engineering,63.0,2.7,2025-09-29 06:00,2025-10-24 22:00,2025-10-24,109.1,0.404,False,False,True,True
ENG3056,SEC020,Engineering,64.5,7.0,2025-09-03 06:00,2025-09-20 22:00,2025-09-20,268.8,0.384,False,False,True,False
ENG3057,SEC030,Engineering,83.5,4.5,2025-05-13 06:00,2025-05-25 22:00,2025-05-25,184.0,0.409,False,False,True,False
ENG3063,SEC037,Engineering,35.4,1.1,2025-09-24 06:00,2025-11-06 22:00,2025-11-06,54.8,0.498,False,False,True,False
ENG3067,SEC042,Engineering,29.4,9.3,2025-06-12 06:00,2025-08-07 22:00,2025-08-07,270.6,0.291,False,False,True,True
ENG3068,SEC013,Engineering,64.7,3.1,2025-10-25 06:00,2025-11-16 22:00,2025-11-16,147.2,0.475,False,False,True,True
ENG3069,SEC050,Engineering,80.1,10.6,2025-03-13 06:00,2025-03-26 22:00,2025-03-26,212.0,0.2,False,False,True,True
ENG3071,SEC056,Engineering,63.7,3.3,2025-01-31 06:00,2025-02-14 22:00,2025-02-14,94.0,0.285,False,False,True,True
ENG3075,SEC062,Engineering,61.5,9.4,2025-02-13 06:00,2025-03-03 22:00,2025-03-03,188.0,0.2,False,False,True,False
ENG3076,SEC061,Engineering,80.4,8.4,2025-01-09 06:00,2025-01-21 22:00,2025-01-21,173.0,0.206,False,False,True,False
ENG3077,SEC019,Engineering,29.7,4.3,2025-04-20 06:00,2025-06-27 22:00,2025-06-27,209.8,0.488,False,False,True,True
ENG3079,SEC043,Engineering,63.8,11.5,2025-10-09 06:00,2025-10-25 22:00,2025-10-25,376.0,0.327,False,False,True,True
ENG3080,SEC015,Engineering,84.3,5.9,2025-08-12 06:00,2025-08-23 22:00,2025-08-23,265.5,0.45,False,False,True,True
ENG3081,SEC071,Engineering,39.2,8.3,2025-11-13 06:00,2025-12-24 22:00,2025-12-24,184.3,0.222,False,False,True,True
ENG3083,SEC026,Engineering,65.8,10.3,2025-01-13 06:00,2025-02-02 22:00,2025-02-02,531.5,0.516,False,False,True,True
ENG3085,SEC068,Engineering,82.6,6.3,2025-08-05 06:00,2025-08-14 22:00,2025-08-14,192.8,0.306,False,False,True,False
ENG3086,SEC017,Engineering,65.1,7.2,2025-10-02 06:00,2025-10-16 22:00,2025-10-16,276.5,0.384,False,False,True,True
ENG3090,SEC056,Engineering,62.3,7.8,2025-09-02 06:00,2025-09-22 22:00,2025-09-22,222.3,0.285,False,False,True,False
ENG3092,SEC024,Engineering,62.0,1.5,2025-01-28 06:00,2025-02-27 22:00,2025-02-27,62.0,0.413,False,False,True,True
ENG3095,SEC005,Engineering,64.6,3.4,2025-04-05 06:00,2025-05-01 22:00,2025-05-01,179.5,0.528,False,False,True,True
ENG3099,SEC037,Engineering,84.4,2.9,2025-04-24 06:00,2025-05-08 22:00,2025-05-08,144.4,0.498,False,False,True,False
ENG3100,SEC025,Engineering,43.8,6.3,2025-01-06 06:00,2025-02-13 22:00,2025-02-13,303.7,0.482,False,False,True,True
ENG3101,SEC043,Engineering,38.3,11.1,2025-05-18 06:00,2025-07-09 22:00,2025-07-09,363.0,0.327,False,False,True,True
ENG3103,SEC059,Engineering,23.0,1.5,2025-11-10 06:00,2026-01-28 22:00,2026-01-28,30.2,0.201,False,False,True,False
ENG3105,SEC075,Engineering,79.9,6.0,2025-02-27 06:00,2025-03-13 22:00,2025-03-13,120.0,0.2,False,False,True,False
ENG3107,SEC065,Engineering,24.9,3.3,2025-09-01 06:00,2025-11-16 22:00,2025-11-16,94.7,0.287,False,False,True,True
ENG3109,SEC009,Engineering,62.1,2.9,2025-11-10 06:00,2025-12-10 22:00,2025-12-10,121.2,0.418,False,False,True,True
ENG3111,SEC045,Engineering,96.0,7.6,2025-08-11 06:00,2025-08-14 22:00,2025-08-14,212.8,0.28,False,False,True,True
ENG3113,SEC016,Engineering,84.6,5.4,2025-04-26 06:00,2025-05-04 22:00,2025-05-04,229.0,0.424,False,False,True,True
ENG3115,SEC061,Engineering,80.0,10.1,2025-03-20 06:00,2025-04-03 22:00,2025-04-03,208.1,0.206,False,False,True,True
ENG3116,SEC053,Engineering,94.7,6.1,2025-09-27 06:00,2025-10-04 22:00,2025-10-04,152.5,0.25,False,False,True,True
ENG3117,SEC023,Engineering,98.4,11.5,2025-10-17 06:00,2025-10-21 22:00,2025-10-21,521.0,0.453,False,False,True,True
ENG3118,SEC054,Engineering,95.0,8.9,2025-04-28 06:00,2025-05-02 22:00,2025-05-02,202.0,0.227,False,False,True,True
ENG3119,SEC012,Engineering,83.6,7.3,2025-11-29 06:00,2025-12-10 22:00,2025-12-10,294.9,0.404,False,False,True,True
ENG3122,SEC028,Engineering,66.7,4.1,2025-12-20 06:00,2026-01-05 22:00,2026-01-05,212.8,0.519,False,False,True,True
ENG3129,SEC059,Engineering,59.3,1.5,2025-07-18 06:00,2025-08-15 22:00,2025-08-15,30.2,0.201,False,False,True,True
ENG3134,SEC042,Engineering,42.3,9.0,2025-09-01 06:00,2025-10-03 22:00,2025-10-03,261.9,0.291,False,False,True,True
ENG3135,SEC006,Engineering,64.0,5.1,2025-01-05 06:00,2025-02-01 22:00,2025-02-01,255.5,0.501,False,False,True,False
ENG3136,SEC050,Engineering,22.1,1.2,2025-09-27 06:00,2025-12-19 22:00,2025-12-19,24.0,0.2,False,False,True,True
ENG3137,SEC010,Engineering,63.5,8.9,2025-06-10 06:00,2025-07-07 22:00,2025-07-07,416.5,0.468,False,False,True,True
ENG3139,SEC070,Engineering,40.0,10.7,2025-10-02 06:00,2025-11-09 22:00,2025-11-09,244.0,0.228,False,False,True,True
ENG3140,SEC024,Engineering,63.1,10.5,2025-09-20 06:00,2025-10-15 22:00,2025-10-15,433.6,0.413,False,False,True,True
ENG3141,SEC033,Engineering,64.5,11.3,2025-04-01 06:00,2025-04-25 22:00,2025-04-25,556.0,0.492,False,False,True,True
ENG3143,SEC016,Engineering,84.4,11.7,2025-08-11 06:00,2025-08-20 22:00,2025-08-20,496.1,0.424,False,False,True,False
ENG3146,SEC046,Engineering,61.9,3.5,2025-05-14 06:00,2025-06-04 22:00,2025-06-04,94.5,0.27,False,False,True,True
ENG3147,SEC066,Engineering,60.6,5.6,2025-01-18 06:00,2025-02-14 22:00,2025-02-14,151.2,0.27,False,False,True,True
ENG3150,SEC074,Engineering,63.0,1.2,2025-03-16 06:00,2025-03-30 22:00,2025-03-30,28.8,0.24,False,False,True,True
ENG3154,SEC058,Engineering,82.1,7.0,2025-05-15 06:00,2025-05-24 22:00,2025-05-24,191.1,0.273,False,False,True,True
ENG3155,SEC073,Engineering,41.0,10.2,2025-08-10 06:00,2025-09-11 22:00,2025-09-11,212.2,0.208,False,False,True,True
ENG3156,SEC008,Engineering,45.4,4.1,2025-12-06 06:00,2026-01-04 22:00,2026-01-04,186.5,0.455,False,False,True,False
ENG3159,SEC072,Engineering,95.4,4.0,2025-04-09 06:00,2025-04-12 22:00,2025-04-12,96.0,0.24,False,False,True,True
ENG3160,SEC003,Engineering,25.1,8.5,2025-05-06 06:00,2025-08-03 22:00,2025-08-03,418.2,0.492,False,False,True,True
ENG3161,SEC055,Engineering,62.3,11.2,2025-02-25 06:00,2025-03-12 22:00,2025-03-12,236.3,0.211,False,False,True,False
ENG3162,SEC008,Engineering,83.5,11.2,2025-11-09 06:00,2025-11-24 22:00,2025-11-24,509.6,0.455,False,False,True,True
ENG3163,SEC045,Engineering,39.2,2.0,2025-04-25 06:00,2025-06-09 22:00,2025-06-09,56.0,0.28,False,False,True,True
ENG3171,SEC008,Engineering,45.8,1.2,2025-02-20 06:00,2025-03-19 22:00,2025-03-19,54.6,0.455,False,False,True,True
ENG3173,SEC005,Engineering,85.7,11.3,2025-01-16 06:00,2025-01-26 22:00,2025-01-26,596.6,0.528,False,False,True,False
ENG3174,SEC020,Engineering,63.6,6.5,2025-10-05 06:00,2025-10-26 22:00,2025-10-26,249.6,0.384,False,False,True,True
ENG3177,SEC066,Engineering,81.6,5.5,2025-06-17 06:00,2025-06-28 22:00,2025-06-28,148.5,0.27,False,False,True,True
ENG3179,SEC072,Engineering,28.0,8.7,2025-01-01 06:00,2025-03-01 22:00,2025-03-01,208.8,0.24,False,False,True,True
ENG3180,SEC011,Engineering,32.1,3.1,2025-02-21 06:00,2025-04-19 22:00,2025-04-19,150.0,0.484,False,False,True,True
ENG3181,SEC030,Engineering,42.5,1.2,2025-04-25 06:00,2025-06-03 22:00,2025-06-03,49.1,0.409,False,False,True,False
ENG3183,SEC034,Engineering,96.3,2.5,2025-10-14 06:00,2025-10-20 22:00,2025-10-20,84.8,0.339,False,False,True,True
ENG3184,SEC001,Engineering,83.5,11.4,2025-12-11 06:00,2025-12-24 22:00,2025-12-24,485.6,0.426,False,False,True,True
ENG3186,SEC058,Engineering,41.5,5.6,2025-04-08 06:00,2025-05-12 22:00,2025-05-12,152.9,0.273,False,False,True,True
ENG3187,SEC046,Engineering,63.0,10.3,2025-11-18 06:00,2025-12-04 22:00,2025-12-04,278.1,0.27,False,False,True,True
ENG3189,SEC011,Engineering,46.5,5.1,2025-11-05 06:00,2025-12-01 22:00,2025-12-01,246.8,0.484,False,False,True,True
ENG3192,SEC001,Engineering,64.4,8.4,2025-09-20 06:00,2025-10-10 22:00,2025-10-10,357.8,0.426,False,False,True,True
ENG3195,SEC014,Engineering,45.4,8.7,2025-03-31 06:00,2025-04-29 22:00,2025-04-29,395.0,0.454,False,False,True,True
ENG3196,SEC039,Engineering,37.3,3.1,2025-03-21 06:00,2025-05-19 22:00,2025-05-19,111.3,0.359,False,False,True,True
ENG3197,SEC071,Engineering,42.6,7.2,2025-04-22 06:00,2025-05-18 22:00,2025-05-18,159.8,0.222,False,False,True,False
ENG3199,SEC040,Engineering,81.9,3.2,2025-11-03 06:00,2025-11-11 22:00,2025-11-11,77.4,0.242,False,False,True,True
ENG3202,SEC001,Engineering,64.4,3.3,2025-01-07 06:00,2025-01-27 22:00,2025-01-27,140.6,0.426,False,False,True,True
ENG3204,SEC030,Engineering,63.1,1.4,2025-03-31 06:00,2025-04-25 22:00,2025-04-25,57.3,0.409,False,False,True,True
ENG3205,SEC031,Engineering,27.6,6.6,2025-04-29 06:00,2025-07-10 22:00,2025-07-10,267.3,0.405,False,False,True,True
ENG3209,SEC065,Engineering,63.7,4.6,2025-01-31 06:00,2025-02-14 22:00,2025-02-14,132.0,0.287,False,False,True,False
ENG3211,SEC020,Engineering,84.2,8.3,2025-04-05 06:00,2025-04-12 22:00,2025-04-12,318.7,0.384,False,False,True,False
ENG3214,SEC055,Engineering,95.0,1.6,2025-11-28 06:00,2025-12-01 22:00,2025-12-01,33.8,0.211,False,False,True,True
ENG3215,SEC048,Engineering,62.2,10.7,2025-03-19 06:00,2025-04-09 22:00,2025-04-09,313.5,0.293,False,False,True,True
ENG3218,SEC073,Engineering,27.3,7.2,2025-03-28 06:00,2025-05-27 22:00,2025-05-27,149.8,0.208,False,False,True,True
ENG3219,SEC058,Engineering,95.5,4.3,2025-02-25 06:00,2025-03-02 22:00,2025-03-02,117.4,0.273,False,False,True,True
ENG3225,SEC049,Engineering,37.0,7.1,2025-02-25 06:00,2025-04-24 22:00,2025-04-24,233.6,0.329,False,False,True,False
ENG3227,SEC022,Engineering,63.7,8.7,2025-07-22 06:00,2025-08-12 22:00,2025-08-12,339.3,0.39,False,False,True,True
ENG3230,SEC058,Engineering,82.3,2.3,2025-12-11 06:00,2025-12-19 22:00,2025-12-19,62.8,0.273,False,False,True,True
ENG3231,SEC007,Engineering,85.3,4.0,2025-09-12 06:00,2025-09-20 22:00,2025-09-20,189.6,0.474,False,False,True,False
ENG3232,SEC067,Engineering,43.3,1.8,2025-05-29 06:00,2025-06-23 22:00,2025-06-23,46.4,0.258,False,False,True,True
ENG3241,SEC030,Engineering,84.6,11.2,2025-05-15 06:00,2025-05-22 22:00,2025-05-22,458.1,0.409,False,False,True,False
ENG3243,SEC044,Engineering,63.7,2.3,2025-03-03 06:00,2025-03-21 22:00,2025-03-21,79.8,0.347,False,False,True,False
ENG3244,SEC041,Engineering,60.3,7.7,2025-10-03 06:00,2025-10-27 22:00,2025-10-27,161.7,0.21,False,False,True,True
ENG3247,SEC050,Engineering,79.9,3.1,2025-02-01 06:00,2025-02-15 22:00,2025-02-15,62.0,0.2,False,False,True,False
ENG3249,SEC042,Engineering,81.0,9.1,2025-01-23 06:00,2025-02-07 22:00,2025-02-07,264.8,0.291,False,False,True,True
ENG3250,SEC051,Engineering,81.4,4.7,2025-11-28 06:00,2025-12-09 22:00,2025-12-09,121.3,0.258,False,False,True,True
ENG3254,SEC071,Engineering,60.9,7.4,2025-01-19 06:00,2025-02-10 22:00,2025-02-10,164.3,0.222,False,False,True,False
ENG3255,SEC020,Engineering,82.4,1.0,2025-09-23 06:00,2025-10-08 22:00,2025-10-08,38.4,0.384,False,False,True,True
ENG3257,SEC015,Engineering,63.7,10.2,2025-12-04 06:00,2025-12-29 22:00,2025-12-29,459.0,0.45,False,False,True,True
ENG3259,SEC031,Engineering,63.9,6.2,2025-07-03 06:00,2025-07-24 22:00,2025-07-24,251.1,0.405,False,False,True,False
ENG3263,SEC056,Engineering,63.2,11.2,2025-01-07 06:00,2025-01-23 22:00,2025-01-23,319.2,0.285,False,False,True,False
ENG3264,SEC033,Engineering,84.7,10.8,2025-01-22 06:00,2025-02-03 22:00,2025-02-03,531.4,0.492,False,False,True,False
ENG3270,SEC022,Engineering,43.5,9.6,2025-05-02 06:00,2025-06-04 22:00,2025-06-04,374.4,0.39,False,False,True,True
ENG3271,SEC054,Engineering,81.6,6.6,2025-12-20 06:00,2025-12-28 22:00,2025-12-28,149.8,0.227,False,False,True,True
ENG3272,SEC075,Engineering,58.8,8.1,2025-08-12 06:00,2025-09-11 22:00,2025-09-11,162.0,0.2,False,False,True,True
ENG3275,SEC034,Engineering,41.2,8.4,2025-03-27 06:00,2025-05-06 22:00,2025-05-06,284.8,0.339,False,False,True,True
ENG3277,SEC022,Engineering,63.0,6.2,2025-11-01 06:00,2025-11-25 22:00,2025-11-25,241.8,0.39,False,False,True,False
ENG3279,SEC005,Engineering,63.8,5.1,2025-01-28 06:00,2025-02-27 22:00,2025-02-27,269.3,0.528,False,False,True,True
ENG3282,SEC038,Engineering,62.7,7.5,2025-07-05 06:00,2025-08-01 22:00,2025-08-01,308.2,0.411,False,False,True,False
ENG3283,SEC027,Engineering,83.4,1.5,2025-03-20 06:00,2025-03-29 22:00,2025-03-29,53.6,0.357,False,False,True,True
ENG3286,SEC018,Engineering,40.8,2.2,2025-05-29 06:00,2025-07-15 22:00,2025-07-15,91.5,0.416,False,False,True,True
ENG3287,SEC036,Engineering,39.9,4.5,2025-07-01 06:00,2025-08-28 22:00,2025-08-28,234.4,0.521,False,False,True,False
ENG3288,SEC057,Engineering,42.0,1.8,2025-06-19 06:00,2025-07-26 22:00,2025-07-26,62.5,0.347,False,False,True,True
ENG3292,SEC022,Engineering,96.8,1.9,2025-07-08 06:00,2025-07-15 22:00,2025-07-15,74.1,0.39,False,False,True,True
ENG3293,SEC013,Engineering,98.7,10.2,2025-12-01 06:00,2025-12-05 22:00,2025-12-05,484.5,0.475,False,False,True,True
ENG3301,SEC066,Engineering,80.9,8.0,2025-12-07 06:00,2025-12-21 22:00,2025-12-21,216.0,0.27,False,False,True,True
ENG3304,SEC042,Engineering,60.2,10.3,2025-05-05 06:00,2025-06-04 22:00,2025-06-04,299.7,0.291,False,False,True,True
ENG3307,SEC068,Engineering,61.1,3.7,2025-01-07 06:00,2025-02-03 22:00,2025-02-03,113.2,0.306,False,False,True,True
ENG3308,SEC033,Engineering,63.9,4.7,2025-04-17 06:00,2025-05-14 22:00,2025-05-14,231.2,0.492,False,False,True,True
ENG3309,SEC050,Engineering,79.9,6.4,2025-11-29 06:00,2025-12-13 22:00,2025-12-13,128.0,0.2,False,False,True,False
ENG3310,SEC037,Engineering,65.5,5.8,2025-03-17 06:00,2025-04-06 22:00,2025-04-06,288.8,0.498,False,False,True,True
ENG3312,SEC050,Engineering,38.0,7.2,2025-04-23 06:00,2025-06-07 22:00,2025-06-07,144.0,0.2,False,False,True,True
ENG3315,SEC012,Engineering,39.1,6.2,2025-03-25 06:00,2025-05-18 22:00,2025-05-18,250.5,0.404,False,False,True,True
ENG3319,SEC016,Engineering,83.7,4.6,2025-01-11 06:00,2025-01-23 22:00,2025-01-23,195.0,0.424,False,False,True,False
ENG3321,SEC056,Engineering,30.7,11.9,2025-03-05 06:00,2025-04-24 22:00,2025-04-24,339.2,0.285,False,False,True,True
ENG3322,SEC054,Engineering,59.5,7.3,2025-03-24 06:00,2025-04-22 22:00,2025-04-22,165.7,0.227,False,False,True,True
ENG3325,SEC074,Engineering,80.7,2.1,2025-09-23 06:00,2025-10-06 22:00,2025-10-06,50.4,0.24,False,False,True,False
ENG3330,SEC050,Engineering,36.4,1.6,2025-05-29 06:00,2025-07-20 22:00,2025-07-20,32.0,0.2,False,False,True,True
ENG3331,SEC063,Engineering,59.8,6.3,2025-03-28 06:00,2025-04-23 22:00,2025-04-23,127.9,0.203,False,False,True,True
ENG3334,SEC002,Engineering,42.1,5.3,2025-01-10 06:00,2025-02-15 22:00,2025-02-15,180.7,0.341,False,False,True,True
ENG3336,SEC015,Engineering,39.1,10.6,2025-03-19 06:00,2025-05-15 22:00,2025-05-15,477.0,0.45,False,False,True,False
ENG3337,SEC006,Engineering,98.7,3.3,2025-08-03 06:00,2025-08-09 22:00,2025-08-09,165.3,0.501,False,False,True,True
ENG3338,SEC003,Engineering,66.3,8.4,2025-01-01 06:00,2025-01-17 22:00,2025-01-17,413.3,0.492,False,False,True,False
ENG3340,SEC022,Engineering,42.8,10.5,2025-11-03 06:00,2025-12-09 22:00,2025-12-09,409.5,0.39,False,False,True,False
ENG3345,SEC025,Engineering,31.8,8.3,2025-11-13 06:00,2026-01-10 22:00,2026-01-10,400.1,0.482,False,False,True,False
ENG3351,SEC073,Engineering,37.0,1.8,2025-08-29 06:00,2025-10-18 22:00,2025-10-18,37.4,0.208,False,False,True,True
ENG3354,SEC004,Engineering,83.9,3.5,2025-09-22 06:00,2025-10-04 22:00,2025-10-04,152.2,0.435,False,False,True,True
ENG3357,SEC003,Engineering,33.5,9.6,2025-11-03 06:00,2025-12-24 22:00,2025-12-24,472.3,0.492,False,False,True,True
ENG3359,SEC012,Engineering,63.2,3.8,2025-01-06 06:00,2025-01-30 22:00,2025-01-30,153.5,0.404,False,False,True,False
ENG3361,SEC029,Engineering,63.7,11.0,2025-05-26 06:00,2025-06-24 22:00,2025-06-24,563.2,0.512,False,False,True,True
ENG3366,SEC053,Engineering,61.1,3.0,2025-10-21 06:00,2025-11-13 22:00,2025-11-13,75.0,0.25,False,False,True,False
ENG3367,SEC015,Engineering,45.3,10.2,2025-05-07 06:00,2025-06-05 22:00,2025-06-05,459.0,0.45,False,False,True,True
ENG3368,SEC028,Engineering,65.2,11.2,2025-05-29 06:00,2025-06-21 22:00,2025-06-21,581.3,0.519,False,False,True,True
ENG3369,SEC073,Engineering,80.7,2.5,2025-08-24 06:00,2025-09-04 22:00,2025-09-04,52.0,0.208,False,False,True,True
ENG3371,SEC022,Engineering,65.0,4.2,2025-10-02 06:00,2025-10-17 22:00,2025-10-17,163.8,0.39,False,False,True,True
ENG3374,SEC036,Engineering,46.6,9.8,2025-05-24 06:00,2025-06-21 22:00,2025-06-21,510.6,0.521,False,False,True,True
ENG3377,SEC044,Engineering,39.3,5.8,2025-07-18 06:00,2025-09-05 22:00,2025-09-05,201.3,0.347,False,False,True,True
ENG3378,SEC055,Engineering,81.6,6.7,2025-06-10 06:00,2025-06-17 22:00,2025-06-17,141.4,0.211,False,False,True,True
ENG3381,SEC043,Engineering,39.9,11.7,2025-07-23 06:00,2025-09-06 22:00,2025-09-06,382.6,0.327,False,False,True,True
ENG3383,SEC023,Engineering,44.5,6.6,2025-12-11 06:00,2026-01-13 22:00,2026-01-13,299.0,0.453,False,False,True,False
ENG3388,SEC013,Engineering,85.6,8.1,2025-10-31 06:00,2025-11-07 22:00,2025-11-07,384.8,0.475,False,False,True,True
ENG3390,SEC030,Engineering,83.2,4.8,2025-07-10 06:00,2025-07-23 22:00,2025-07-23,196.3,0.409,False,False,True,True
ENG3394,SEC055,Engineering,34.8,7.6,2025-09-16 06:00,2025-11-15 22:00,2025-11-15,160.4,0.211,False,False,True,True
ENG3397,SEC052,Engineering,93.9,9.9,2025-02-06 06:00,2025-02-13 22:00,2025-02-13,198.0,0.2,False,False,True,True
ENG3405,SEC065,Engineering,39.3,8.0,2025-06-09 06:00,2025-07-24 22:00,2025-07-24,229.6,0.287,False,False,True,True
ENG3406,SEC017,Engineering,97.1,11.0,2025-03-24 06:00,2025-03-29 22:00,2025-03-29,422.4,0.384,False,False,True,True
ENG3407,SEC060,Engineering,94.4,6.7,2025-01-25 06:00,2025-01-30 22:00,2025-01-30,134.0,0.2,False,False,True,False
ENG3409,SEC031,Engineering,65.0,7.2,2025-08-07 06:00,2025-08-23 22:00,2025-08-23,291.6,0.405,False,False,True,False
ENG3410,SEC044,Engineering,83.0,11.9,2025-03-12 06:00,2025-03-22 22:00,2025-03-22,412.9,0.347,False,False,True,False
ENG3416,SEC032,Engineering,63.1,1.1,2025-07-06 06:00,2025-07-27 22:00,2025-07-27,38.4,0.349,False,False,True,True
ENG3418,SEC055,Engineering,80.3,8.4,2025-08-23 06:00,2025-09-05 22:00,2025-09-05,177.2,0.211,False,False,True,True
ENG3419,SEC017,Engineering,64.7,6.2,2025-10-29 06:00,2025-11-14 22:00,2025-11-14,238.1,0.384,False,False,True,False
ENG3423,SEC043,Engineering,63.6,9.5,2025-08-13 06:00,2025-08-30 22:00,2025-08-30,310.7,0.327,False,False,True,True
ENG3424,SEC013,Engineering,84.9,12.0,2025-05-28 06:00,2025-06-07 22:00,2025-06-07,570.0,0.475,False,False,True,True
ENG3427,SEC063,Engineering,79.7,3.5,2025-10-11 06:00,2025-10-26 22:00,2025-10-26,71.0,0.203,False,False,True,False
ENG3428,SEC056,Engineering,39.7,7.3,2025-04-09 06:00,2025-05-22 22:00,2025-05-22,208.0,0.285,False,False,True,False
ENG3429,SEC034,Engineering,82.0,7.0,2025-04-30 06:00,2025-05-14 22:00,2025-05-14,237.3,0.339,False,False,True,True
ENG3431,SEC038,Engineering,83.1,10.9,2025-07-10 06:00,2025-07-24 22:00,2025-07-24,448.0,0.411,False,False,True,False
ENG3432,SEC031,Engineering,63.9,4.2,2025-12-02 06:00,2025-12-23 22:00,2025-12-23,170.1,0.405,False,False,True,True
ENG3436,SEC006,Engineering,31.0,3.7,2025-09-19 06:00,2025-11-21 22:00,2025-11-21,185.4,0.501,False,False,True,True
ENG3438,SEC014,Engineering,62.6,3.6,2025-08-06 06:00,2025-09-05 22:00,2025-09-05,163.4,0.454,False,False,True,True
ENG3440,SEC040,Engineering,38.4,2.6,2025-12-03 06:00,2026-01-18 22:00,2026-01-18,62.9,0.242,False,False,True,False
ENG3441,SEC003,Engineering,85.8,6.7,2025-10-11 06:00,2025-10-18 22:00,2025-10-18,329.6,0.492,False,False,True,True
ENG3444,SEC047,Engineering,61.8,2.9,2025-08-31 06:00,2025-09-17 22:00,2025-09-17,59.2,0.204,False,False,True,False
ENG3446,SEC055,Engineering,30.0,4.6,2025-06-03 06:00,2025-07-21 22:00,2025-07-21,97.1,0.211,False,False,True,True
ENG3449,SEC024,Engineering,82.9,10.1,2025-01-13 06:00,2025-01-28 22:00,2025-01-28,417.1,0.413,False,False,True,False
ENG3450,SEC075,Engineering,38.9,7.5,2025-04-24 06:00,2025-06-04 22:00,2025-06-04,150.0,0.2,False,False,True,True
ENG3451,SEC073,Engineering,35.7,11.8,2025-11-15 06:00,2026-01-10 22:00,2026-01-10,245.4,0.208,False,False,True,True
ENG3452,SEC028,Engineering,42.1,3.7,2025-12-14 06:00,2026-01-31 22:00,2026-01-31,192.0,0.519,False,False,True,False
ENG3456,SEC034,Engineering,32.6,1.5,2025-08-19 06:00,2025-10-03 22:00,2025-10-03,50.9,0.339,False,False,True,True
ENG3457,SEC012,Engineering,41.1,11.3,2025-02-17 06:00,2025-04-03 22:00,2025-04-03,456.5,0.404,False,False,True,True
ENG3458,SEC059,Engineering,59.3,4.5,2025-09-23 06:00,2025-10-21 22:00,2025-10-21,90.4,0.201,False,False,True,True
ENG3460,SEC026,Engineering,46.3,2.2,2025-08-17 06:00,2025-09-15 22:00,2025-09-15,113.5,0.516,False,False,True,False
ENG3461,SEC042,Engineering,81.0,5.7,2025-06-17 06:00,2025-07-02 22:00,2025-07-02,165.9,0.291,False,False,True,True
ENG3463,SEC011,Engineering,41.1,5.9,2025-01-11 06:00,2025-03-02 22:00,2025-03-02,285.6,0.484,False,False,True,True
ENG3464,SEC009,Engineering,63.2,7.6,2025-03-18 06:00,2025-04-12 22:00,2025-04-12,317.7,0.418,False,False,True,True
ENG3465,SEC061,Engineering,21.5,7.9,2025-10-15 06:00,2026-01-09 22:00,2026-01-09,162.7,0.206,False,False,True,True
ENG3466,SEC058,Engineering,61.0,1.0,2025-06-09 06:00,2025-07-04 22:00,2025-07-04,27.3,0.273,False,False,True,True
ENG3468,SEC010,Engineering,85.0,2.8,2025-10-12 06:00,2025-10-21 22:00,2025-10-21,131.0,0.468,False,False,True,True
ENG3469,SEC070,Engineering,61.7,10.4,2025-01-27 06:00,2025-02-15 22:00,2025-02-15,237.1,0.228,False,False,True,False
ENG3473,SEC073,Engineering,59.4,6.6,2025-01-08 06:00,2025-02-05 22:00,2025-02-05,137.3,0.208,False,False,True,True
ENG3474,SEC014,Engineering,25.0,8.1,2025-09-21 06:00,2025-12-17 22:00,2025-12-17,367.7,0.454,False,False,True,True
ENG3475,SEC011,Engineering,98.2,4.7,2025-03-01 06:00,2025-03-08 22:00,2025-03-08,227.5,0.484,False,False,True,True
ENG3476,SEC029,Engineering,98.6,2.6,2025-03-29 06:00,2025-04-05 22:00,2025-04-05,133.1,0.512,False,False,True,False
ENG3477,SEC028,Engineering,99.0,1.7,2025-02-06 06:00,2025-02-12 22:00,2025-02-12,88.2,0.519,False,False,True,True
ENG3478,SEC052,Engineering,80.6,2.3,2025-03-14 06:00,2025-03-25 22:00,2025-03-25,46.0,0.2,False,False,True,True
ENG3480,SEC048,Engineering,63.8,4.9,2025-03-08 06:00,2025-03-22 22:00,2025-03-22,143.6,0.293,False,False,True,True
ENG3483,SEC054,Engineering,38.0,6.7,2025-09-13 06:00,2025-10-30 22:00,2025-10-30,152.1,0.227,False,False,True,False
ENG3485,SEC034,Engineering,30.8,6.2,2025-05-07 06:00,2025-06-29 22:00,2025-06-29,210.2,0.339,False,False,True,True
ENG3486,SEC037,Engineering,42.5,9.8,2025-12-12 06:00,2026-01-26 22:00,2026-01-26,488.0,0.498,False,False,True,False
ENG3488,SEC028,Engineering,64.5,3.4,2025-03-04 06:00,2025-03-30 22:00,2025-03-30,176.5,0.519,False,False,True,True
ENG3489,SEC020,Engineering,44.5,2.5,2025-09-24 06:00,2025-10-22 22:00,2025-10-22,96.0,0.384,False,False,True,True
ENG3491,SEC055,Engineering,60.1,5.0,2025-10-05 06:00,2025-10-30 22:00,2025-10-30,105.5,0.211,False,False,True,False
ENG3495,SEC029,Engineering,64.2,8.4,2025-12-07 06:00,2026-01-03 22:00,2026-01-03,430.1,0.512,False,False,True,True
ENG3497,SEC021,Engineering,27.2,6.1,2025-11-08 06:00,2026-01-23 22:00,2026-01-23,266.0,0.436,False,False,True,True
ENG3503,SEC042,Engineering,60.2,10.5,2025-01-20 06:00,2025-02-19 22:00,2025-02-19,305.5,0.291,False,False,True,False
ENG3507,SEC018,Engineering,62.1,4.9,2025-10-26 06:00,2025-11-25 22:00,2025-11-25,203.8,0.416,False,False,True,True
ENG3508,SEC048,Engineering,41.2,11.2,2025-08-24 06:00,2025-09-30 22:00,2025-09-30,328.2,0.293,False,False,True,True
ENG3509,SEC048,Engineering,29.7,2.9,2025-12-03 06:00,2026-01-27 22:00,2026-01-27,85.0,0.293,False,False,True,True
ENG3512,SEC052,Engineering,24.9,3.5,2025-08-10 06:00,2025-10-19 22:00,2025-10-19,70.0,0.2,False,False,True,True
ENG3517,SEC075,Engineering,81.4,8.2,2025-05-02 06:00,2025-05-09 22:00,2025-05-09,164.0,0.2,False,False,True,False
ENG3521,SEC053,Engineering,95.6,9.6,2025-07-12 06:00,2025-07-15 22:00,2025-07-15,240.0,0.25,False,False,True,True
ENG3523,SEC061,Engineering,94.0,6.7,2025-03-03 06:00,2025-03-10 22:00,2025-03-10,138.0,0.206,False,False,True,True
ENG3524,SEC075,Engineering,23.4,11.6,2025-07-13 06:00,2025-09-28 22:00,2025-09-28,232.0,0.2,False,False,True,True
ENG3528,SEC034,Engineering,63.1,8.6,2025-06-21 06:00,2025-07-11 22:00,2025-07-11,291.5,0.339,False,False,True,False
ENG3533,SEC010,Engineering,31.0,7.0,2025-03-08 06:00,2025-05-08 22:00,2025-05-08,327.6,0.468,False,False,True,True
ENG3536,SEC001,Engineering,40.1,2.3,2025-07-21 06:00,2025-09-10 22:00,2025-09-10,98.0,0.426,False,False,True,True
ENG3540,SEC011,Engineering,38.9,9.6,2025-08-01 06:00,2025-09-30 22:00,2025-09-30,464.6,0.484,False,False,True,True
ENG3541,SEC006,Engineering,34.3,11.7,2025-02-16 06:00,2025-04-05 22:00,2025-04-05,586.2,0.501,False,False,True,True
ENG3542,SEC029,Engineering,27.6,3.8,2025-02-07 06:00,2025-04-27 22:00,2025-04-27,194.6,0.512,False,False,True,False
ENG3543,SEC022,Engineering,62.4,8.9,2025-04-28 06:00,2025-05-25 22:00,2025-05-25,347.1,0.39,False,False,True,True
ENG3544,SEC036,Engineering,65.4,10.3,2025-10-20 06:00,2025-11-11 22:00,2025-11-11,536.6,0.521,False,False,True,True
ENG3546,SEC002,Engineering,42.3,10.6,2025-02-18 06:00,2025-03-25 22:00,2025-03-25,361.5,0.341,False,False,True,False
ENG3549,SEC023,Engineering,38.9,5.9,2025-11-12 06:00,2026-01-09 22:00,2026-01-09,267.3,0.453,False,False,True,False
ENG3550,SEC027,Engineering,63.4,4.8,2025-07-31 06:00,2025-08-20 22:00,2025-08-20,171.4,0.357,False,False,True,True
ENG3552,SEC022,Engineering,83.2,10.5,2025-03-15 06:00,2025-03-27 22:00,2025-03-27,409.5,0.39,False,False,True,True
ENG3554,SEC060,Engineering,35.8,6.4,2025-11-01 06:00,2025-12-26 22:00,2025-12-26,128.0,0.2,False,False,True,True
ENG3556,SEC032,Engineering,82.6,5.5,2025-11-27 06:00,2025-12-09 22:00,2025-12-09,192.0,0.349,False,False,True,True
ENG3557,SEC019,Engineering,63.4,8.6,2025-02-08 06:00,2025-03-09 22:00,2025-03-09,419.7,0.488,False,False,True,False
ENG3558,SEC065,Engineering,81.4,2.5,2025-02-25 06:00,2025-03-10 22:00,2025-03-10,71.8,0.287,False,False,True,False
ENG3559,SEC072,Engineering,60.1,3.4,2025-04-13 06:00,2025-05-10 22:00,2025-05-10,81.6,0.24,False,False,True,True
ENG3560,SEC055,Engineering,62.6,5.2,2025-10-28 06:00,2025-11-11 22:00,2025-11-11,109.7,0.211,False,False,True,True
ENG3562,SEC031,Engineering,83.9,10.1,2025-10-21 06:00,2025-10-31 22:00,2025-10-31,409.0,0.405,False,False,True,True
ENG3563,SEC070,Engineering,81.6,6.8,2025-03-06 06:00,2025-03-14 22:00,2025-03-14,155.0,0.228,False,False,True,True
ENG3565,SEC027,Engineering,61.6,6.5,2025-03-05 06:00,2025-04-02 22:00,2025-04-02,232.0,0.357,False,False,True,True
ENG3570,SEC029,Engineering,85.0,3.8,2025-03-11 06:00,2025-03-23 22:00,2025-03-23,194.6,0.512,False,False,True,False
ENG3571,SEC022,Engineering,84.3,11.2,2025-12-05 06:00,2025-12-12 22:00,2025-12-12,436.8,0.39,False,False,True,True
ENG3577,SEC068,Engineering,81.7,2.8,2025-11-13 06:00,2025-11-26 22:00,2025-11-26,85.7,0.306,False,False,True,True
ENG3581,SEC065,Engineering,62.6,9.0,2025-12-16 06:00,2026-01-04 22:00,2026-01-04,258.3,0.287,False,False,True,True
ENG3585,SEC022,Engineering,32.0,1.2,2025-05-02 06:00,2025-06-22 22:00,2025-06-22,46.8,0.39,False,False,True,False
ENG3586,SEC021,Engineering,40.4,6.4,2025-02-14 06:00,2025-04-05 22:00,2025-04-05,279.0,0.436,False,False,True,True
ENG3587,SEC020,Engineering,43.2,1.7,2025-08-14 06:00,2025-09-17 22:00,2025-09-17,65.3,0.384,False,False,True,True
ENG3589,SEC008,Engineering,44.3,7.8,2025-11-12 06:00,2025-12-16 22:00,2025-12-16,354.9,0.455,False,False,True,True
ENG3590,SEC038,Engineering,62.7,9.2,2025-04-11 06:00,2025-05-08 22:00,2025-05-08,378.1,0.411,False,False,True,True
ENG3593,SEC025,Engineering,42.7,10.1,2025-09-14 06:00,2025-10-27 22:00,2025-10-27,486.8,0.482,False,False,True,True
ENG3594,SEC074,Engineering,38.6,2.5,2025-10-26 06:00,2025-12-10 22:00,2025-12-10,60.0,0.24,False,False,True,False
ENG3598,SEC013,Engineering,28.0,2.1,2025-04-03 06:00,2025-06-17 22:00,2025-06-17,99.8,0.475,False,False,True,True
ENG3599,SEC042,Engineering,82.1,6.0,2025-11-04 06:00,2025-11-14 22:00,2025-11-14,174.6,0.291,False,False,True,True
ENG3602,SEC049,Engineering,83.4,5.0,2025-12-03 06:00,2025-12-10 22:00,2025-12-10,164.5,0.329,False,False,True,True
ENG3604,SEC065,Engineering,62.4,2.5,2025-10-24 06:00,2025-11-13 22:00,2025-11-13,71.8,0.287,False,False,True,True
ENG3605,SEC029,Engineering,64.8,4.8,2025-05-02 06:00,2025-05-26 22:00,2025-05-26,245.8,0.512,False,False,True,True
ENG3606,SEC006,Engineering,85.5,9.7,2025-03-27 06:00,2025-04-05 22:00,2025-04-05,486.0,0.501,False,False,True,True
ENG3609,SEC025,Engineering,63.3,5.4,2025-08-08 06:00,2025-09-06 22:00,2025-09-06,260.3,0.482,False,False,True,True
ENG3610,SEC022,Engineering,34.0,2.4,2025-07-27 06:00,2025-09-07 22:00,2025-09-07,93.6,0.39,False,False,True,True
ENG3611,SEC044,Engineering,96.1,8.7,2025-09-17 06:00,2025-09-24 22:00,2025-09-24,301.9,0.347,False,False,True,True
ENG3612,SEC061,Engineering,94.0,5.3,2025-01-18 06:00,2025-01-25 22:00,2025-01-25,109.2,0.206,False,False,True,False
ENG3615,SEC023,Engineering,98.4,7.8,2025-06-19 06:00,2025-06-23 22:00,2025-06-23,353.3,0.453,False,False,True,False
ENG3616,SEC068,Engineering,82.4,8.9,2025-06-19 06:00,2025-06-29 22:00,2025-06-29,272.3,0.306,False,False,True,False
ENG3617,SEC045,Engineering,41.6,7.1,2025-01-07 06:00,2025-02-10 22:00,2025-02-10,198.8,0.28,False,False,True,False
ENG3618,SEC022,Engineering,96.8,8.3,2025-09-09 06:00,2025-09-16 22:00,2025-09-16,323.7,0.39,False,False,True,False
ENG3625,SEC074,Engineering,81.2,11.1,2025-09-18 06:00,2025-09-29 22:00,2025-09-29,266.4,0.24,False,False,True,False
ENG3628,SEC030,Engineering,62.6,10.8,2025-11-30 06:00,2025-12-27 22:00,2025-12-27,441.7,0.409,False,False,True,True
ENG3631,SEC023,Engineering,84.4,8.7,2025-04-19 06:00,2025-04-30 22:00,2025-04-30,394.1,0.453,False,False,True,True
ENG3632,SEC065,Engineering,36.9,2.2,2025-05-31 06:00,2025-07-26 22:00,2025-07-26,63.1,0.287,False,False,True,True
ENG3633,SEC036,Engineering,31.8,6.9,2025-07-16 06:00,2025-09-15 22:00,2025-09-15,359.5,0.521,False,False,True,True
ENG3634,SEC006,Engineering,45.2,5.9,2025-01-10 06:00,2025-02-12 22:00,2025-02-12,295.6,0.501,False,False,True,True
ENG3635,SEC058,Engineering,28.3,3.3,2025-08-10 06:00,2025-10-09 22:00,2025-10-09,90.1,0.273,False,False,True,True
ENG3637,SEC044,Engineering,24.0,7.9,2025-03-05 06:00,2025-05-28 22:00,2025-05-28,274.1,0.347,False,False,True,True
ENG3638,SEC064,Engineering,39.6,6.5,2025-10-16 06:00,2025-11-26 22:00,2025-11-26,159.2,0.245,False,False,True,True
ENG3639,SEC037,Engineering,85.0,3.8,2025-12-09 06:00,2025-12-20 22:00,2025-12-20,189.2,0.498,False,False,True,True
ENG3642,SEC036,Engineering,85.6,5.8,2025-01-25 06:00,2025-02-04 22:00,2025-02-04,302.2,0.521,False,False,True,True
ENG3646,SEC065,Engineering,61.7,1.7,2025-10-01 06:00,2025-10-24 22:00,2025-10-24,48.8,0.287,False,False,True,True
ENG3647,SEC029,Engineering,63.5,2.4,2025-02-09 06:00,2025-03-11 22:00,2025-03-11,122.9,0.512,False,False,True,True
ENG3650,SEC033,Engineering,65.0,7.5,2025-03-09 06:00,2025-03-31 22:00,2025-03-31,369.0,0.492,False,False,True,True
ENG3651,SEC042,Engineering,38.0,11.9,2025-06-28 06:00,2025-08-18 22:00,2025-08-18,346.3,0.291,False,False,True,False
ENG3654,SEC050,Engineering,80.6,4.3,2025-08-18 06:00,2025-08-29 22:00,2025-08-29,86.0,0.2,False,False,True,True
ENG3655,SEC004,Engineering,63.5,9.7,2025-06-20 06:00,2025-07-15 22:00,2025-07-15,422.0,0.435,False,False,True,True
ENG3657,SEC057,Engineering,61.3,11.6,2025-03-21 06:00,2025-04-19 22:00,2025-04-19,402.5,0.347,False,False,True,True
ENG3659,SEC051,Engineering,62.1,8.3,2025-10-10 06:00,2025-10-29 22:00,2025-10-29,214.1,0.258,False,False,True,True
ENG3661,SEC018,Engineering,62.1,11.0,2025-03-12 06:00,2025-04-11 22:00,2025-04-11,457.6,0.416,False,False,True,True
ENG3664,SEC003,Engineering,46.2,6.8,2025-11-27 06:00,2025-12-25 22:00,2025-12-25,334.6,0.492,False,False,True,True
ENG3665,SEC033,Engineering,44.2,10.0,2025-10-17 06:00,2025-11-23 22:00,2025-11-23,492.0,0.492,False,False,True,True
ENG3668,SEC004,Engineering,65.7,4.1,2025-11-04 06:00,2025-11-19 22:00,2025-11-19,178.4,0.435,False,False,True,True
ENG3671,SEC001,Engineering,63.1,7.6,2025-08-25 06:00,2025-09-20 22:00,2025-09-20,323.8,0.426,False,False,True,True
ENG3672,SEC004,Engineering,41.1,8.2,2025-09-16 06:00,2025-11-02 22:00,2025-11-02,356.7,0.435,False,False,True,True
ENG3673,SEC060,Engineering,93.9,5.8,2025-05-09 06:00,2025-05-16 22:00,2025-05-16,116.0,0.2,False,False,True,True
ENG3675,SEC014,Engineering,45.6,2.6,2025-06-27 06:00,2025-07-25 22:00,2025-07-25,118.0,0.454,False,False,True,True
ENG3677,SEC062,Engineering,59.7,11.7,2025-09-01 06:00,2025-09-27 22:00,2025-09-27,234.0,0.2,False,False,True,True
ENG3680,SEC067,Engineering,80.8,9.3,2025-01-15 06:00,2025-01-29 22:00,2025-01-29,239.9,0.258,False,False,True,True
ENG3681,SEC010,Engineering,64.2,4.1,2025-10-12 06:00,2025-11-05 22:00,2025-11-05,191.9,0.468,False,False,True,True
ENG3686,SEC027,Engineering,61.4,5.7,2025-09-27 06:00,2025-10-26 22:00,2025-10-26,203.5,0.357,False,False,True,True
ENG3687,SEC051,Engineering,23.1,3.5,2025-03-05 06:00,2025-05-26 22:00,2025-05-26,90.3,0.258,False,False,True,True
ENG3688,SEC023,Engineering,45.4,1.7,2025-02-12 06:00,2025-03-13 22:00,2025-03-13,77.0,0.453,False,False,True,True
ENG3690,SEC053,Engineering,80.9,7.0,2025-11-23 06:00,2025-12-06 22:00,2025-12-06,175.0,0.25,False,False,True,True
ENG3691,SEC038,Engineering,30.6,1.4,2025-08-02 06:00,2025-09-30 22:00,2025-09-30,57.5,0.411,False,False,True,True
ENG3692,SEC044,Engineering,82.8,7.0,2025-11-08 06:00,2025-11-19 22:00,2025-11-19,242.9,0.347,False,False,True,True
ENG3694,SEC002,Engineering,38.6,5.7,2025-12-13 06:00,2026-02-03 22:00,2026-02-03,194.4,0.341,False,False,True,False
ENG3695,SEC022,Engineering,40.4,5.2,2025-07-24 06:00,2025-09-09 22:00,2025-09-09,202.8,0.39,False,False,True,True
ENG3697,SEC004,Engineering,84.3,11.3,2025-03-03 06:00,2025-03-13 22:00,2025-03-13,491.6,0.435,False,False,True,True
ENG3698,SEC039,Engineering,24.7,11.9,2025-03-19 06:00,2025-06-09 22:00,2025-06-09,427.2,0.359,False,False,True,True
ENG3703,SEC004,Engineering,44.4,11.5,2025-07-22 06:00,2025-08-23 22:00,2025-08-23,500.2,0.435,False,False,True,True
ENG3704,SEC002,Engineering,63.4,1.3,2025-07-27 06:00,2025-08-15 22:00,2025-08-15,44.3,0.341,False,False,True,True
ENG3705,SEC041,Engineering,39.0,2.7,2025-08-28 06:00,2025-10-08 22:00,2025-10-08,56.7,0.21,False,False,True,True
ENG3713,SEC045,Engineering,81.5,2.7,2025-07-07 06:00,2025-07-19 22:00,2025-07-19,75.6,0.28,False,False,True,True
ENG3715,SEC061,Engineering,37.6,1.3,2025-10-14 06:00,2025-11-30 22:00,2025-11-30,26.8,0.206,False,False,True,True
ENG3717,SEC070,Engineering,61.9,6.8,2025-08-24 06:00,2025-09-11 22:00,2025-09-11,155.0,0.228,False,False,True,False
ENG3719,SEC073,Engineering,61.2,10.6,2025-06-19 06:00,2025-07-09 22:00,2025-07-09,220.5,0.208,False,False,True,True
ENG3721,SEC002,Engineering,63.4,10.9,2025-03-31 06:00,2025-04-19 22:00,2025-04-19,371.7,0.341,False,False,True,True
ENG3724,SEC030,Engineering,97.1,5.0,2025-02-18 06:00,2025-02-25 22:00,2025-02-25,204.5,0.409,False,False,True,True
ENG3727,SEC051,Engineering,62.1,6.2,2025-12-02 06:00,2025-12-21 22:00,2025-12-21,160.0,0.258,False,False,True,True
ENG3728,SEC030,Engineering,64.0,2.2,2025-07-19 06:00,2025-08-09 22:00,2025-08-09,90.0,0.409,False,False,True,True
ENG3729,SEC013,Engineering,40.1,3.5,2025-08-28 06:00,2025-10-21 22:00,2025-10-21,166.2,0.475,False,False,True,True
ENG3735,SEC025,Engineering,42.7,7.6,2025-10-03 06:00,2025-11-15 22:00,2025-11-15,366.3,0.482,False,False,True,True
ENG3738,SEC004,Engineering,44.4,3.3,2025-10-29 06:00,2025-11-30 22:00,2025-11-30,143.5,0.435,False,False,True,True
ENG3743,SEC007,Engineering,84.4,9.6,2025-02-02 06:00,2025-02-14 22:00,2025-02-14,455.0,0.474,False,False,True,True
ENG3745,SEC025,Engineering,42.7,6.4,2025-03-24 06:00,2025-05-06 22:00,2025-05-06,308.5,0.482,False,False,True,False
ENG3748,SEC070,Engineering,81.6,11.3,2025-10-04 06:00,2025-10-12 22:00,2025-10-12,257.6,0.228,False,False,True,True
ENG3749,SEC027,Engineering,44.1,6.1,2025-04-28 06:00,2025-05-26 22:00,2025-05-26,217.8,0.357,False,False,True,True
ENG3750,SEC031,Engineering,97.5,2.3,2025-09-06 06:00,2025-09-11 22:00,2025-09-11,93.1,0.405,False,False,True,True
ENG3751,SEC034,Engineering,62.5,5.6,2025-02-20 06:00,2025-03-15 22:00,2025-03-15,189.8,0.339,False,False,True,False
ENG3754,SEC041,Engineering,61.9,2.8,2025-06-24 06:00,2025-07-11 22:00,2025-07-11,58.8,0.21,False,False,True,True
ENG3755,SEC024,Engineering,97.4,7.7,2025-07-11 06:00,2025-07-17 22:00,2025-07-17,318.0,0.413,False,False,True,True
ENG3756,SEC019,Engineering,40.3,6.8,2025-03-28 06:00,2025-05-21 22:00,2025-05-21,331.8,0.488,False,False,True,True
ENG3759,SEC036,Engineering,86.0,5.9,2025-09-12 06:00,2025-09-20 22:00,2025-09-20,307.4,0.521,False,False,True,True
ENG3761,SEC020,Engineering,62.9,7.1,2025-01-10 06:00,2025-02-03 22:00,2025-02-03,272.6,0.384,False,False,True,False
ENG3763,SEC055,Engineering,36.4,7.8,2025-11-04 06:00,2025-12-27 22:00,2025-12-27,164.6,0.211,False,False,True,True
ENG3764,SEC061,Engineering,94.3,8.6,2025-10-20 06:00,2025-10-26 22:00,2025-10-26,177.2,0.206,False,False,True,True
ENG3765,SEC031,Engineering,38.2,6.5,2025-11-29 06:00,2026-01-26 22:00,2026-01-26,263.2,0.405,False,False,True,True
ENG3766,SEC072,Engineering,60.8,4.9,2025-03-28 06:00,2025-04-21 22:00,2025-04-21,117.6,0.24,False,False,True,False
ENG3771,SEC065,Engineering,61.9,9.5,2025-04-07 06:00,2025-04-29 22:00,2025-04-29,272.6,0.287,False,False,True,True
ENG3772,SEC035,Engineering,99.1,2.1,2025-01-28 06:00,2025-01-31 22:00,2025-01-31,101.2,0.482,False,False,True,False
ENG3773,SEC004,Engineering,97.7,9.1,2025-09-14 06:00,2025-09-20 22:00,2025-09-20,395.8,0.435,False,False,True,True
ENG3775,SEC004,Engineering,41.3,7.9,2025-03-06 06:00,2025-04-21 22:00,2025-04-21,343.7,0.435,False,False,True,True
ENG3779,SEC016,Engineering,30.3,7.1,2025-05-18 06:00,2025-07-18 22:00,2025-07-18,301.0,0.424,False,False,True,True
ENG3781,SEC028,Engineering,98.7,5.4,2025-09-16 06:00,2025-09-23 22:00,2025-09-23,280.3,0.519,False,False,True,True
ENG3786,SEC055,Engineering,28.2,4.1,2025-09-24 06:00,2025-11-19 22:00,2025-11-19,86.5,0.211,False,False,True,True
ENG3788,SEC031,Engineering,44.9,1.4,2025-04-20 06:00,2025-05-18 22:00,2025-05-18,56.7,0.405,False,False,True,True
ENG3790,SEC054,Engineering,60.1,3.8,2025-04-16 06:00,2025-05-12 22:00,2025-05-12,86.3,0.227,False,False,True,False
ENG3793,SEC073,Engineering,94.3,1.2,2025-03-28 06:00,2025-04-03 22:00,2025-04-03,25.0,0.208,False,False,True,True
ENG3794,SEC058,Engineering,41.3,3.5,2025-02-25 06:00,2025-04-01 22:00,2025-04-01,95.6,0.273,False,False,True,True
ENG3795,SEC027,Engineering,61.6,3.0,2025-05-18 06:00,2025-06-15 22:00,2025-06-15,107.1,0.357,False,False,True,True
ENG3796,SEC042,Engineering,95.8,6.3,2025-06-15 06:00,2025-06-20 22:00,2025-06-20,183.3,0.291,False,False,True,True
ENG3800,SEC068,Engineering,39.4,8.8,2025-07-05 06:00,2025-08-20 22:00,2025-08-20,269.3,0.306,False,False,True,True
ENG3801,SEC005,Engineering,99.1,10.0,2025-01-29 06:00,2025-02-04 22:00,2025-02-04,528.0,0.528,False,False,True,True
ENG3802,SEC004,Engineering,97.5,5.0,2025-04-29 06:00,2025-05-06 22:00,2025-05-06,217.5,0.435,False,False,True,True
ENG3805,SEC058,Engineering,82.3,7.4,2025-09-02 06:00,2025-09-10 22:00,2025-09-10,202.0,0.273,False,False,True,True
ENG3816,SEC036,Engineering,86.0,5.4,2025-02-15 06:00,2025-02-23 22:00,2025-02-23,281.3,0.521,False,False,True,True
ENG3819,SEC074,Engineering,81.4,3.0,2025-03-02 06:00,2025-03-12 22:00,2025-03-12,72.0,0.24,False,False,True,False
ENG3826,SEC062,Engineering,24.3,5.9,2025-03-09 06:00,2025-05-21 22:00,2025-05-21,118.0,0.2,False,False,True,True
ENG3827,SEC016,Engineering,84.6,5.0,2025-07-05 06:00,2025-07-13 22:00,2025-07-13,212.0,0.424,False,False,True,False
ENG3828,SEC002,Engineering,82.2,10.6,2025-06-04 06:00,2025-06-17 22:00,2025-06-17,361.5,0.341,False,False,True,True
ENG3829,SEC028,Engineering,36.4,2.3,2025-09-22 06:00,2025-11-01 22:00,2025-11-01,119.4,0.519,False,False,True,False
ENG3831,SEC051,Engineering,36.4,6.1,2025-12-16 06:00,2026-02-10 22:00,2026-02-10,157.4,0.258,False,False,True,True
ENG3833,SEC009,Engineering,98.1,4.9,2025-11-20 06:00,2025-11-23 22:00,2025-11-23,204.8,0.418,False,False,True,True
ENG3834,SEC051,Engineering,63.3,10.3,2025-08-28 06:00,2025-09-11 22:00,2025-09-11,265.7,0.258,False,False,True,True
ENG3837,SEC042,Engineering,42.5,10.0,2025-04-02 06:00,2025-05-03 22:00,2025-05-03,291.0,0.291,False,False,True,False
ENG3839,SEC027,Engineering,37.7,5.8,2025-04-14 06:00,2025-06-10 22:00,2025-06-10,207.1,0.357,False,False,True,True
ENG3842,SEC055,Engineering,59.0,2.9,2025-09-15 06:00,2025-10-15 22:00,2025-10-15,61.2,0.211,False,False,True,True
ENG3844,SEC044,Engineering,97.0,1.5,2025-01-04 06:00,2025-01-07 22:00,2025-01-07,52.0,0.347,False,False,True,False
ENG3845,SEC043,Engineering,38.8,6.8,2025-07-18 06:00,2025-09-06 22:00,2025-09-06,222.4,0.327,False,False,True,True
ENG3846,SEC060,Engineering,24.5,9.2,2025-06-19 06:00,2025-08-30 22:00,2025-08-30,184.0,0.2,False,False,True,True
ENG3847,SEC022,Engineering,38.4,6.2,2025-08-20 06:00,2025-10-15 22:00,2025-10-15,241.8,0.39,False,False,True,True
ENG3848,SEC035,Engineering,63.5,11.9,2025-02-08 06:00,2025-03-08 22:00,2025-03-08,573.6,0.482,False,False,True,False
ENG3851,SEC073,Engineering,80.0,10.9,2025-09-15 06:00,2025-09-29 22:00,2025-09-29,226.7,0.208,False,False,True,True
ENG3853,SEC024,Engineering,65.6,6.6,2025-02-18 06:00,2025-03-04 22:00,2025-03-04,272.6,0.413,False,False,True,True
ENG3855,SEC061,Engineering,25.5,6.6,2025-05-19 06:00,2025-07-26 22:00,2025-07-26,136.0,0.206,False,False,True,True
ENG3857,SEC071,Engineering,40.1,8.5,2025-11-07 06:00,2025-12-14 22:00,2025-12-14,188.7,0.222,False,False,True,True
ENG3858,SEC023,Engineering,98.2,10.4,2025-12-16 06:00,2025-12-21 22:00,2025-12-21,471.1,0.453,False,False,True,True
ENG3862,SEC054,Engineering,61.2,1.2,2025-10-22 06:00,2025-11-12 22:00,2025-11-12,27.2,0.227,False,False,True,True
ENG3863,SEC045,Engineering,81.5,1.5,2025-05-24 06:00,2025-06-05 22:00,2025-06-05,42.0,0.28,False,False,True,True
ENG3869,SEC055,Engineering,80.1,9.3,2025-05-18 06:00,2025-06-01 22:00,2025-06-01,196.2,0.211,False,False,True,True
ENG3874,SEC052,Engineering,61.7,10.3,2025-08-16 06:00,2025-09-02 22:00,2025-09-02,206.0,0.2,False,False,True,True
ENG3877,SEC064,Engineering,81.0,5.0,2025-08-07 06:00,2025-08-19 22:00,2025-08-19,122.5,0.245,False,False,True,True
ENG3883,SEC003,Engineering,63.7,9.6,2025-10-10 06:00,2025-11-07 22:00,2025-11-07,472.3,0.492,False,False,True,False
ENG3884,SEC009,Engineering,84.5,4.9,2025-02-20 06:00,2025-02-28 22:00,2025-02-28,204.8,0.418,False,False,True,True
ENG3886,SEC008,Engineering,39.2,3.8,2025-07-06 06:00,2025-09-01 22:00,2025-09-01,172.9,0.455,False,False,True,False
ENG3887,SEC055,Engineering,30.9,8.6,2025-03-30 06:00,2025-05-13 22:00,2025-05-13,181.5,0.211,False,False,True,True
ENG3890,SEC067,Engineering,37.3,9.5,2025-01-04 06:00,2025-02-25 22:00,2025-02-25,245.1,0.258,False,False,True,True
ENG3892,SEC055,Engineering,81.4,9.0,2025-11-05 06:00,2025-11-13 22:00,2025-11-13,189.9,0.211,False,False,True,True
ENG3894,SEC029,Engineering,64.2,6.8,2025-06-24 06:00,2025-07-21 22:00,2025-07-21,348.2,0.512,False,False,True,True
ENG3898,SEC006,Engineering,84.8,7.2,2025-11-04 06:00,2025-11-16 22:00,2025-11-16,360.7,0.501,False,False,True,True
ENG3900,SEC072,Engineering,38.4,3.6,2025-08-27 06:00,2025-10-12 22:00,2025-10-12,86.4,0.24,False,False,True,True
ENG3907,SEC033,Engineering,98.8,3.8,2025-08-15 06:00,2025-08-20 22:00,2025-08-20,187.0,0.492,False,False,True,True
ENG3908,SEC069,Engineering,81.0,8.6,2025-06-04 06:00,2025-06-13 22:00,2025-06-13,172.0,0.2,False,False,True,False
ENG3909,SEC017,Engineering,43.2,6.5,2025-09-03 06:00,2025-10-07 22:00,2025-10-07,249.6,0.384,False,False,True,True
ENG3912,SEC043,Engineering,81.6,8.8,2025-04-10 06:00,2025-04-25 22:00,2025-04-25,287.8,0.327,False,False,True,True
ENG3914,SEC060,Engineering,61.7,10.0,2025-06-08 06:00,2025-06-25 22:00,2025-06-25,200.0,0.2,False,False,True,True
ENG3915,SEC015,Engineering,41.3,4.3,2025-02-10 06:00,2025-03-29 22:00,2025-03-29,193.5,0.45,False,False,True,True
ENG3918,SEC060,Engineering,59.3,9.4,2025-12-13 06:00,2026-01-10 22:00,2026-01-10,188.0,0.2,False,False,True,True
ENG3920,SEC019,Engineering,84.7,4.2,2025-02-15 06:00,2025-02-27 22:00,2025-02-27,205.0,0.488,False,False,True,False
ENG3922,SEC006,Engineering,45.2,3.8,2025-02-06 06:00,2025-03-11 22:00,2025-03-11,190.4,0.501,False,False,True,True
ENG3925,SEC033,Engineering,63.9,9.3,2025-12-01 06:00,2025-12-28 22:00,2025-12-28,457.6,0.492,False,False,True,True
ENG3930,SEC009,Engineering,63.4,4.8,2025-04-10 06:00,2025-05-04 22:00,2025-05-04,200.6,0.418,False,False,True,True
ENG3931,SEC051,Engineering,61.7,6.4,2025-09-21 06:00,2025-10-12 22:00,2025-10-12,165.1,0.258,False,False,True,False
ENG3933,SEC012,Engineering,64.3,5.5,2025-03-27 06:00,2025-04-15 22:00,2025-04-15,222.2,0.404,False,False,True,True
ENG3934,SEC047,Engineering,62.2,11.4,2025-10-07 06:00,2025-10-22 22:00,2025-10-22,232.6,0.204,False,False,True,False
ENG3936,SEC055,Engineering,35.3,2.9,2025-01-27 06:00,2025-03-26 22:00,2025-03-26,61.2,0.211,False,False,True,True
ENG3939,SEC047,Engineering,39.4,6.3,2025-01-22 06:00,2025-03-02 22:00,2025-03-02,128.5,0.204,False,False,True,True
ENG3941,SEC026,Engineering,29.0,9.7,2025-09-19 06:00,2025-12-01 22:00,2025-12-01,500.5,0.516,False,False,True,False
ENG3943,SEC040,Engineering,81.2,5.0,2025-08-31 06:00,2025-09-11 22:00,2025-09-11,121.0,0.242,False,False,True,True
ENG3947,SEC036,Engineering,99.4,6.1,2025-10-04 06:00,2025-10-08 22:00,2025-10-08,317.8,0.521,False,False,True,False
ENG3960,SEC011,Engineering,85.5,9.8,2025-03-18 06:00,2025-03-26 22:00,2025-03-26,474.3,0.484,False,False,True,True
ENG3961,SEC064,Engineering,38.2,2.2,2025-07-25 06:00,2025-09-10 22:00,2025-09-10,53.9,0.245,False,False,True,True
ENG3964,SEC024,Engineering,39.6,3.4,2025-08-31 06:00,2025-10-22 22:00,2025-10-22,140.4,0.413,False,False,True,True
ENG3966,SEC066,Engineering,30.0,9.8,2025-04-18 06:00,2025-06-09 22:00,2025-06-09,264.6,0.27,False,False,True,False
ENG3967,SEC064,Engineering,80.3,5.6,2025-11-29 06:00,2025-12-14 22:00,2025-12-14,137.2,0.245,False,False,True,True
ENG3968,SEC009,Engineering,65.7,11.1,2025-09-08 06:00,2025-09-22 22:00,2025-09-22,464.0,0.418,False,False,True,False
ENG3970,SEC011,Engineering,40.3,2.0,2025-09-14 06:00,2025-11-07 22:00,2025-11-07,96.8,0.484,False,False,True,False
ENG3971,SEC036,Engineering,86.3,11.4,2025-03-12 06:00,2025-03-19 22:00,2025-03-19,593.9,0.521,False,False,True,True
ENG3973,SEC026,Engineering,46.1,8.8,2025-03-16 06:00,2025-04-15 22:00,2025-04-15,454.1,0.516,False,False,True,True
ENG3975,SEC031,Engineering,63.5,4.1,2025-03-13 06:00,2025-04-05 22:00,2025-04-05,166.0,0.405,False,False,True,False
ENG3976,SEC060,Engineering,94.6,11.9,2025-04-24 06:00,2025-04-28 22:00,2025-04-28,238.0,0.2,False,False,True,True
ENG3980,SEC060,Engineering,35.8,6.5,2025-05-04 06:00,2025-06-28 22:00,2025-06-28,130.0,0.2,False,False,True,True
ENG3981,SEC009,Engineering,62.3,7.9,2025-09-12 06:00,2025-10-11 22:00,2025-10-11,330.2,0.418,False,False,True,False
ENG3983,SEC010,Engineering,25.6,4.3,2025-12-01 06:00,2026-02-24 22:00,2026-02-24,201.2,0.468,False,False,True,False
ENG3985,SEC050,Engineering,59.3,11.3,2025-11-16 06:00,2025-12-14 22:00,2025-12-14,226.0,0.2,False,False,True,False
ENG3986,SEC033,Engineering,85.4,1.1,2025-11-19 06:00,2025-11-28 22:00,2025-11-28,54.1,0.492,False,False,True,True
ENG3988,SEC073,Engineering,60.5,2.7,2025-11-23 06:00,2025-12-16 22:00,2025-12-16,56.2,0.208,False,False,True,True
ENG3989,SEC005,Engineering,64.0,8.0,2025-02-06 06:00,2025-03-07 22:00,2025-03-07,422.4,0.528,False,False,True,True
ENG3990,SEC043,Engineering,96.5,3.5,2025-03-22 06:00,2025-03-26 22:00,2025-03-26,114.5,0.327,False,False,True,True
ENG3991,SEC004,Engineering,63.2,11.9,2025-12-09 06:00,2026-01-04 22:00,2026-01-04,517.6,0.435,False,False,True,True
ENG3992,SEC072,Engineering,36.2,11.0,2025-04-23 06:00,2025-06-18 22:00,2025-06-18,264.0,0.24,False,False,True,True
ENG3999,SEC048,Engineering,82.2,3.9,2025-06-30 06:00,2025-07-10 22:00,2025-07-10,114.3,0.293,False,False,True,True
ENG4000,SEC050,Engineering,61.7,10.8,2025-09-21 06:00,2025-10-08 22:00,2025-10-08,216.0,0.2,False,False,True,True
TRC0001,SEC029,Traction,85.5,11.4,2025-08-04 06:00,2025-08-14 22:00,2025-08-14,583.7,0.512,False,False,False,True
TRC0002,SEC056,Traction,61.4,6.4,2025-01-21 06:00,2025-02-14 22:00,2025-02-14,182.4,0.285,False,False,False,True
TRC0003,SEC052,Traction,60.2,4.8,2025-01-17 06:00,2025-02-10 22:00,2025-02-10,96.0,0.2,True,False,False,True
TRC0005,SEC066,Traction,95.2,11.5,2025-07-03 06:00,2025-07-09 22:00,2025-07-09,310.5,0.27,False,False,False,True
TRC0008,SEC065,Traction,40.6,9.1,2025-12-10 06:00,2026-01-18 22:00,2026-01-18,261.2,0.287,True,False,False,False
TRC0009,SEC068,Traction,60.9,7.0,2025-09-05 06:00,2025-10-03 22:00,2025-10-03,214.2,0.306,True,False,False,True
TRC0011,SEC039,Traction,37.1,6.3,2025-09-13 06:00,2025-11-12 22:00,2025-11-12,226.2,0.359,True,False,False,True
TRC0015,SEC058,Traction,61.5,1.5,2025-06-12 06:00,2025-07-05 22:00,2025-07-05,41.0,0.273,True,False,False,True
TRC0017,SEC039,Traction,96.6,2.5,2025-01-12 06:00,2025-01-18 22:00,2025-01-18,89.8,0.359,True,False,False,True
TRC0019,SEC025,Traction,98.4,4.4,2025-11-15 06:00,2025-11-21 22:00,2025-11-21,212.1,0.482,True,False,False,True
TRC0023,SEC033,Traction,32.7,10.0,2025-03-22 06:00,2025-05-16 22:00,2025-05-16,492.0,0.492,False,False,False,True
TRC0024,SEC044,Traction,62.6,2.7,2025-04-20 06:00,2025-05-13 22:00,2025-05-13,93.7,0.347,True,False,False,True
TRC0025,SEC020,Traction,82.4,4.6,2025-08-26 06:00,2025-09-10 22:00,2025-09-10,176.6,0.384,True,False,False,True
TRC0026,SEC038,Traction,31.7,11.0,2025-07-31 06:00,2025-09-23 22:00,2025-09-23,452.1,0.411,True,False,False,True
TRC0028,SEC059,Traction,59.3,9.5,2025-11-24 06:00,2025-12-22 22:00,2025-12-22,191.0,0.201,True,False,False,True
TRC0031,SEC046,Traction,42.4,3.4,2025-01-25 06:00,2025-02-24 22:00,2025-02-24,91.8,0.27,True,False,False,True
TRC0034,SEC025,Traction,84.1,11.2,2025-05-14 06:00,2025-05-28 22:00,2025-05-28,539.8,0.482,True,False,False,True
TRC0038,SEC026,Traction,65.1,6.8,2025-08-11 06:00,2025-09-03 22:00,2025-09-03,350.9,0.516,True,False,False,True
TRC0041,SEC037,Traction,64.9,4.2,2025-09-05 06:00,2025-09-28 22:00,2025-09-28,209.2,0.498,True,False,False,True
TRC0043,SEC014,Traction,64.9,8.2,2025-11-10 06:00,2025-11-30 22:00,2025-11-30,372.3,0.454,False,False,False,True
TRC0045,SEC037,Traction,64.9,2.9,2025-01-17 06:00,2025-02-09 22:00,2025-02-09,144.4,0.498,True,False,False,True
TRC0047,SEC005,Traction,44.5,9.2,2025-06-04 06:00,2025-07-12 22:00,2025-07-12,485.8,0.528,False,False,False,True
TRC0050,SEC025,Traction,45.8,1.9,2025-08-09 06:00,2025-09-07 22:00,2025-09-07,91.6,0.482,True,False,False,True
TRC0051,SEC056,Traction,39.5,8.3,2025-12-14 06:00,2026-01-27 22:00,2026-01-27,236.6,0.285,True,False,False,False
TRC0052,SEC020,Traction,25.3,1.9,2025-02-23 06:00,2025-05-15 22:00,2025-05-15,73.0,0.384,False,False,False,False
TRC0053,SEC062,Traction,59.3,5.7,2025-03-06 06:00,2025-04-03 22:00,2025-04-03,114.0,0.2,True,False,False,True
TRC0056,SEC066,Traction,81.2,7.1,2025-08-03 06:00,2025-08-16 22:00,2025-08-16,191.7,0.27,False,False,False,True
TRC0058,SEC030,Traction,34.3,1.1,2025-10-26 06:00,2025-12-07 22:00,2025-12-07,45.0,0.409,True,False,False,True
TRC0059,SEC043,Traction,83.1,5.7,2025-07-20 06:00,2025-07-28 22:00,2025-07-28,186.4,0.327,True,False,False,False
TRC0060,SEC038,Traction,97.8,4.9,2025-10-13 06:00,2025-10-17 22:00,2025-10-17,201.4,0.411,True,False,False,False
TRC0061,SEC019,Traction,85.1,10.3,2025-05-12 06:00,2025-05-22 22:00,2025-05-22,502.6,0.488,True,False,False,True
TRC0065,SEC001,Traction,65.3,1.7,2025-03-25 06:00,2025-04-10 22:00,2025-04-10,72.4,0.426,True,False,False,True
TRC0066,SEC003,Traction,98.8,11.6,2025-05-24 06:00,2025-05-29 22:00,2025-05-29,570.7,0.492,True,False,False,True
TRC0067,SEC015,Traction,41.8,1.8,2025-10-17 06:00,2025-12-01 22:00,2025-12-01,81.0,0.45,True,False,False,False
TRC0069,SEC005,Traction,85.9,3.9,2025-10-08 06:00,2025-10-17 22:00,2025-10-17,205.9,0.528,True,False,False,True
TRC0070,SEC022,Traction,64.8,11.6,2025-12-06 06:00,2025-12-22 22:00,2025-12-22,452.4,0.39,False,False,False,True
TRC0075,SEC045,Traction,60.3,4.7,2025-02-22 06:00,2025-03-23 22:00,2025-03-23,131.6,0.28,True,False,False,False
TRC0077,SEC058,Traction,61.7,9.0,2025-12-21 06:00,2026-01-12 22:00,2026-01-12,245.7,0.273,True,False,False,False
TRC0082,SEC067,Traction,80.8,5.0,2025-05-04 06:00,2025-05-18 22:00,2025-05-18,129.0,0.258,False,False,False,False
TRC0084,SEC028,Traction,67.0,5.6,2025-09-09 06:00,2025-09-24 22:00,2025-09-24,290.6,0.519,False,False,False,True
TRC0085,SEC041,Traction,61.6,6.8,2025-08-16 06:00,2025-09-03 22:00,2025-09-03,142.8,0.21,True,False,False,False
TRC0086,SEC062,Traction,60.4,2.0,2025-10-27 06:00,2025-11-19 22:00,2025-11-19,40.0,0.2,True,False,False,True
TRC0087,SEC073,Traction,61.8,6.7,2025-05-13 06:00,2025-05-30 22:00,2025-05-30,139.4,0.208,True,False,False,True
TRC0096,SEC047,Traction,80.8,2.8,2025-04-01 06:00,2025-04-11 22:00,2025-04-11,57.1,0.204,True,False,False,True
TRC0097,SEC006,Traction,64.5,10.4,2025-06-21 06:00,2025-07-16 22:00,2025-07-16,521.0,0.501,True,False,False,True
TRC0099,SEC028,Traction,65.4,10.7,2025-04-04 06:00,2025-04-26 22:00,2025-04-26,555.3,0.519,True,False,False,False
TRC0100,SEC021,Traction,65.0,7.6,2025-10-29 06:00,2025-11-16 22:00,2025-11-16,331.4,0.436,True,False,False,True
TRC0101,SEC073,Traction,80.2,1.3,2025-06-28 06:00,2025-07-11 22:00,2025-07-11,27.0,0.208,True,False,False,True
TRC0105,SEC028,Traction,99.2,6.2,2025-09-06 06:00,2025-09-11 22:00,2025-09-11,321.8,0.519,False,False,False,True
TRC0106,SEC039,Traction,62.8,2.5,2025-10-30 06:00,2025-11-22 22:00,2025-11-22,89.8,0.359,True,False,False,True
TRC0107,SEC020,Traction,42.8,9.2,2025-11-02 06:00,2025-12-08 22:00,2025-12-08,353.3,0.384,True,False,False,True
TRC0113,SEC012,Traction,63.2,6.2,2025-11-15 06:00,2025-12-09 22:00,2025-12-09,250.5,0.404,True,False,False,True
TRC0114,SEC061,Traction,37.6,10.5,2025-11-27 06:00,2026-01-13 22:00,2026-01-13,216.3,0.206,True,False,False,True
TRC0115,SEC005,Traction,29.0,11.5,2025-01-25 06:00,2025-04-09 22:00,2025-04-09,607.2,0.528,True,False,False,True
TRC0122,SEC049,Traction,60.8,3.6,2025-09-30 06:00,2025-10-30 22:00,2025-10-30,118.4,0.329,False,False,False,True
TRC0125,SEC034,Traction,61.1,4.9,2025-03-05 06:00,2025-04-03 22:00,2025-04-03,166.1,0.339,False,False,False,True
TRC0126,SEC004,Traction,45.7,3.3,2025-01-07 06:00,2025-02-02 22:00,2025-02-02,143.5,0.435,False,False,False,True
TRC0127,SEC002,Traction,82.9,7.4,2025-07-21 06:00,2025-07-31 22:00,2025-07-31,252.3,0.341,False,False,False,True
TRC0128,SEC003,Traction,42.6,3.4,2025-06-03 06:00,2025-07-17 22:00,2025-07-17,167.3,0.492,True,False,False,True
TRC0130,SEC073,Traction,60.3,4.7,2025-11-28 06:00,2025-12-22 22:00,2025-12-22,97.8,0.208,True,False,False,True
TRC0131,SEC022,Traction,83.4,10.9,2025-01-17 06:00,2025-01-28 22:00,2025-01-28,425.1,0.39,True,False,False,False
TRC0134,SEC073,Traction,80.0,9.7,2025-05-30 06:00,2025-06-13 22:00,2025-06-13,201.8,0.208,True,False,False,True
TRC0137,SEC014,Traction,64.9,3.7,2025-05-04 06:00,2025-05-24 22:00,2025-05-24,168.0,0.454,True,False,False,True
TRC0138,SEC036,Traction,99.2,9.3,2025-03-23 06:00,2025-03-28 22:00,2025-03-28,484.5,0.521,False,False,False,True
TRC0139,SEC075,Traction,39.8,9.2,2025-08-22 06:00,2025-09-28 22:00,2025-09-28,184.0,0.2,True,False,False,True
TRC0140,SEC042,Traction,62.2,10.2,2025-06-10 06:00,2025-07-01 22:00,2025-07-01,296.8,0.291,True,False,False,True
TRC0141,SEC023,Traction,65.3,11.2,2025-07-31 06:00,2025-08-18 22:00,2025-08-18,507.4,0.453,True,False,False,False
TRC0143,SEC007,Traction,32.2,7.8,2025-01-02 06:00,2025-02-27 22:00,2025-02-27,369.7,0.474,False,False,False,False
TRC0147,SEC015,Traction,63.2,2.1,2025-10-06 06:00,2025-11-02 22:00,2025-11-02,94.5,0.45,False,False,False,True
TRC0148,SEC011,Traction,84.8,8.5,2025-11-26 06:00,2025-12-07 22:00,2025-12-07,411.4,0.484,True,False,False,True
TRC0150,SEC068,Traction,44.0,4.9,2025-02-23 06:00,2025-03-20 22:00,2025-03-20,149.9,0.306,True,False,False,True
TRC0151,SEC071,Traction,25.5,9.8,2025-12-21 06:00,2026-02-28 22:00,2026-02-28,217.6,0.222,True,False,False,False
TRC0153,SEC074,Traction,36.4,4.9,2025-03-13 06:00,2025-05-07 22:00,2025-05-07,117.6,0.24,True,False,False,True
TRC0154,SEC070,Traction,81.0,8.4,2025-06-30 06:00,2025-07-11 22:00,2025-07-11,191.5,0.228,True,False,False,True
TRC0155,SEC020,Traction,96.7,1.9,2025-09-23 06:00,2025-09-30 22:00,2025-09-30,73.0,0.384,True,False,False,True
TRC0157,SEC067,Traction,36.0,2.4,2025-01-12 06:00,2025-03-11 22:00,2025-03-11,61.9,0.258,True,False,False,False
TRC0159,SEC041,Traction,61.9,3.7,2025-08-14 06:00,2025-08-31 22:00,2025-08-31,77.7,0.21,True,False,False,False
TRC0160,SEC014,Traction,62.9,3.5,2025-10-08 06:00,2025-11-06 22:00,2025-11-06,158.9,0.454,True,False,False,True
TRC0162,SEC021,Traction,63.5,3.9,2025-11-29 06:00,2025-12-24 22:00,2025-12-24,170.0,0.436,False,False,False,True
TRC0165,SEC042,Traction,36.5,5.9,2025-09-30 06:00,2025-11-27 22:00,2025-11-27,171.7,0.291,True,False,False,True
TRC0168,SEC024,Traction,40.1,7.7,2025-11-28 06:00,2026-01-17 22:00,2026-01-17,318.0,0.413,True,False,False,False
TRC0171,SEC072,Traction,39.7,1.4,2025-04-26 06:00,2025-06-05 22:00,2025-06-05,33.6,0.24,True,False,False,True
TRC0173,SEC048,Traction,63.3,6.9,2025-07-24 06:00,2025-08-09 22:00,2025-08-09,202.2,0.293,True,False,False,True
TRC0175,SEC033,Traction,63.7,8.7,2025-06-17 06:00,2025-07-15 22:00,2025-07-15,428.0,0.492,False,False,False,True
TRC0176,SEC071,Traction,37.7,3.2,2025-09-27 06:00,2025-11-14 22:00,2025-11-14,71.0,0.222,True,False,False,True
TRC0177,SEC035,Traction,65.1,4.3,2025-03-17 06:00,2025-04-07 22:00,2025-04-07,207.3,0.482,True,False,False,True
TRC0178,SEC064,Traction,94.6,9.2,2025-10-12 06:00,2025-10-19 22:00,2025-10-19,225.4,0.245,True,False,False,True
TRC0182,SEC059,Traction,61.1,11.4,2025-04-27 06:00,2025-05-17 22:00,2025-05-17,229.1,0.201,True,False,False,True
TRC0183,SEC015,Traction,39.3,5.6,2025-10-19 06:00,2025-12-14 22:00,2025-12-14,252.0,0.45,False,False,False,True
TRC0185,SEC008,Traction,41.2,6.8,2025-07-29 06:00,2025-09-15 22:00,2025-09-15,309.4,0.455,False,False,False,True
TRC0187,SEC031,Traction,26.9,4.7,2025-06-28 06:00,2025-09-11 22:00,2025-09-11,190.4,0.405,True,False,False,True
TRC0188,SEC061,Traction,37.0,8.1,2025-09-10 06:00,2025-10-30 22:00,2025-10-30,166.9,0.206,True,False,False,True
TRC0190,SEC031,Traction,43.7,8.7,2025-01-17 06:00,2025-02-19 22:00,2025-02-19,352.3,0.405,True,False,False,True
TRC0191,SEC012,Traction,40.8,4.2,2025-07-22 06:00,2025-09-06 22:00,2025-09-06,169.7,0.404,True,False,False,True
TRC0193,SEC057,Traction,63.5,6.8,2025-01-04 06:00,2025-01-23 22:00,2025-01-23,236.0,0.347,True,False,False,False
TRC0195,SEC021,Traction,83.9,7.0,2025-06-06 06:00,2025-06-18 22:00,2025-06-18,305.2,0.436,True,False,False,True
TRC0198,SEC075,Traction,61.5,9.9,2025-08-26 06:00,2025-09-13 22:00,2025-09-13,198.0,0.2,True,False,False,True
TRC0202,SEC033,Traction,44.8,1.7,2025-12-04 06:00,2026-01-07 22:00,2026-01-07,83.6,0.492,False,False,False,False
TRC0203,SEC022,Traction,23.4,9.2,2025-08-03 06:00,2025-11-01 22:00,2025-11-01,358.8,0.39,True,False,False,True
TRC0205,SEC021,Traction,84.5,2.7,2025-10-10 06:00,2025-10-19 22:00,2025-10-19,117.7,0.436,True,False,False,True
TRC0207,SEC019,Traction,44.8,3.8,2025-09-24 06:00,2025-10-28 22:00,2025-10-28,185.4,0.488,True,False,False,False
TRC0208,SEC013,Traction,84.7,8.1,2025-12-20 06:00,2025-12-31 22:00,2025-12-31,384.8,0.475,False,False,False,True
TRC0209,SEC013,Traction,65.6,9.0,2025-09-01 06:00,2025-09-19 22:00,2025-09-19,427.5,0.475,False,False,False,True
TRC0210,SEC041,Traction,62.5,2.1,2025-07-17 06:00,2025-07-31 22:00,2025-07-31,44.1,0.21,True,False,False,True
TRC0213,SEC041,Traction,79.8,5.9,2025-01-28 06:00,2025-02-12 22:00,2025-02-12,123.9,0.21,True,False,False,False
TRC0216,SEC073,Traction,62.5,10.2,2025-07-01 06:00,2025-07-15 22:00,2025-07-15,212.2,0.208,True,False,False,True
TRC0217,SEC048,Traction,62.0,3.9,2025-04-06 06:00,2025-04-28 22:00,2025-04-28,114.3,0.293,True,False,False,True
TRC0219,SEC038,Traction,64.9,4.8,2025-05-06 06:00,2025-05-23 22:00,2025-05-23,197.3,0.411,True,False,False,True
TRC0220,SEC018,Traction,98.1,5.4,2025-11-16 06:00,2025-11-19 22:00,2025-11-19,224.6,0.416,True,False,False,True
TRC0224,SEC007,Traction,84.4,11.3,2025-07-07 06:00,2025-07-19 22:00,2025-07-19,535.6,0.474,False,False,False,False
TRC0225,SEC068,Traction,40.9,4.9,2025-10-31 06:00,2025-12-09 22:00,2025-12-09,149.9,0.306,True,False,False,True
TRC0227,SEC064,Traction,62.4,1.5,2025-01-06 06:00,2025-01-23 22:00,2025-01-23,36.8,0.245,True,False,False,False
TRC0230,SEC006,Traction,85.3,5.0,2025-06-09 06:00,2025-06-19 22:00,2025-06-19,250.5,0.501,False,False,False,True
TRC0231,SEC056,Traction,60.1,9.2,2025-11-22 06:00,2025-12-22 22:00,2025-12-22,262.2,0.285,False,False,False,True
TRC0232,SEC041,Traction,39.5,4.9,2025-01-26 06:00,2025-03-06 22:00,2025-03-06,102.9,0.21,False,False,False,False
TRC0237,SEC064,Traction,59.7,8.8,2025-08-10 06:00,2025-09-08 22:00,2025-09-08,215.6,0.245,True,False,False,True
TRC0238,SEC001,Traction,83.3,10.6,2025-01-05 06:00,2025-01-19 22:00,2025-01-19,451.6,0.426,False,False,False,True
TRC0239,SEC009,Traction,42.6,2.4,2025-04-26 06:00,2025-06-04 22:00,2025-06-04,100.3,0.418,False,False,False,True
TRC0240,SEC023,Traction,42.0,8.2,2025-04-23 06:00,2025-06-06 22:00,2025-06-06,371.5,0.453,False,False,False,True
TRC0241,SEC048,Traction,43.8,10.5,2025-03-22 06:00,2025-04-16 22:00,2025-04-16,307.6,0.293,True,False,False,True
TRC0243,SEC028,Traction,64.3,8.7,2025-07-01 06:00,2025-07-28 22:00,2025-07-28,451.5,0.519,False,False,False,True
TRC0244,SEC065,Traction,62.1,4.0,2025-12-15 06:00,2026-01-05 22:00,2026-01-05,114.8,0.287,False,False,False,True
TRC0245,SEC071,Traction,39.2,2.6,2025-06-19 06:00,2025-07-30 22:00,2025-07-30,57.7,0.222,False,False,False,True
TRC0247,SEC054,Traction,35.7,10.6,2025-10-12 06:00,2025-12-08 22:00,2025-12-08,240.6,0.227,True,False,False,True
TRC0249,SEC064,Traction,61.3,3.5,2025-11-24 06:00,2025-12-16 22:00,2025-12-16,85.8,0.245,True,False,False,True
TRC0255,SEC019,Traction,27.7,4.4,2025-10-08 06:00,2025-12-24 22:00,2025-12-24,214.7,0.488,True,False,False,True
TRC0256,SEC055,Traction,94.3,5.4,2025-02-08 06:00,2025-02-14 22:00,2025-02-14,113.9,0.211,True,False,False,False
TRC0258,SEC057,Traction,62.1,1.4,2025-12-03 06:00,2025-12-28 22:00,2025-12-28,48.6,0.347,True,False,False,True
TRC0259,SEC011,Traction,42.9,8.0,2025-06-23 06:00,2025-08-04 22:00,2025-08-04,387.2,0.484,True,False,False,True
TRC0260,SEC060,Traction,80.3,2.1,2025-07-03 06:00,2025-07-15 22:00,2025-07-15,42.0,0.2,True,False,False,True
TRC0261,SEC068,Traction,63.8,11.1,2025-11-19 06:00,2025-12-04 22:00,2025-12-04,339.7,0.306,True,False,False,True
TRC0265,SEC049,Traction,82.3,10.1,2025-07-13 06:00,2025-07-25 22:00,2025-07-25,332.3,0.329,True,False,False,False
TRC0267,SEC005,Traction,84.8,8.9,2025-10-16 06:00,2025-10-30 22:00,2025-10-30,469.9,0.528,True,False,False,True
TRC0268,SEC027,Traction,82.7,5.2,2025-09-22 06:00,2025-10-04 22:00,2025-10-04,185.6,0.357,False,False,False,True
TRC0272,SEC049,Traction,29.1,7.1,2025-08-08 06:00,2025-10-07 22:00,2025-10-07,233.6,0.329,True,False,False,True
TRC0273,SEC038,Traction,83.9,5.4,2025-01-16 06:00,2025-01-26 22:00,2025-01-26,221.9,0.411,True,False,False,True
TRC0274,SEC055,Traction,94.6,6.2,2025-05-24 06:00,2025-05-29 22:00,2025-05-29,130.8,0.211,True,False,False,True
TRC0276,SEC002,Traction,64.3,4.3,2025-06-05 06:00,2025-06-20 22:00,2025-06-20,146.6,0.341,True,False,False,True
TRC0277,SEC012,Traction,64.8,7.1,2025-02-04 06:00,2025-02-21 22:00,2025-02-21,286.8,0.404,True,False,False,True
TRC0278,SEC029,Traction,65.1,7.1,2025-05-30 06:00,2025-06-22 22:00,2025-06-22,363.5,0.512,False,False,False,True
TRC0280,SEC063,Traction,59.3,6.2,2025-04-12 06:00,2025-05-10 22:00,2025-05-10,125.9,0.203,True,False,False,True
TRC0282,SEC071,Traction,61.8,2.8,2025-02-11 06:00,2025-03-01 22:00,2025-03-01,62.2,0.222,False,False,False,True
TRC0283,SEC018,Traction,42.8,6.6,2025-12-08 06:00,2026-01-15 22:00,2026-01-15,274.6,0.416,True,False,False,True
TRC0285,SEC037,Traction,30.5,3.2,2025-06-18 06:00,2025-08-22 22:00,2025-08-22,159.4,0.498,False,False,False,True
TRC0288,SEC018,Traction,44.4,11.0,2025-05-02 06:00,2025-06-02 22:00,2025-06-02,457.6,0.416,False,False,False,False
TRC0292,SEC070,Traction,62.6,9.2,2025-01-15 06:00,2025-01-30 22:00,2025-01-30,209.8,0.228,True,False,False,True
TRC0293,SEC014,Traction,40.3,10.5,2025-09-17 06:00,2025-11-08 22:00,2025-11-08,476.7,0.454,True,False,False,True
TRC0303,SEC035,Traction,39.8,2.7,2025-06-29 06:00,2025-08-24 22:00,2025-08-24,130.1,0.482,True,False,False,False
TRC0304,SEC032,Traction,42.0,5.9,2025-07-31 06:00,2025-09-06 22:00,2025-09-06,205.9,0.349,True,False,False,True
TRC0306,SEC025,Traction,46.7,9.4,2025-09-01 06:00,2025-09-26 22:00,2025-09-26,453.1,0.482,True,False,False,True
TRC0308,SEC020,Traction,63.8,9.7,2025-12-21 06:00,2026-01-10 22:00,2026-01-10,372.5,0.384,False,False,False,False
TRC0309,SEC040,Traction,32.0,9.5,2025-10-10 06:00,2025-11-20 22:00,2025-11-20,229.9,0.242,False,False,False,True
TRC0310,SEC046,Traction,81.6,8.3,2025-03-25 06:00,2025-04-05 22:00,2025-04-05,224.1,0.27,True,False,False,True
TRC0312,SEC013,Traction,83.8,7.1,2025-05-16 06:00,2025-05-31 22:00,2025-05-31,337.2,0.475,False,False,False,True
TRC0313,SEC052,Traction,94.2,8.2,2025-11-01 06:00,2025-11-07 22:00,2025-11-07,164.0,0.2,True,False,False,True
TRC0316,SEC003,Traction,65.2,7.6,2025-05-15 06:00,2025-06-05 22:00,2025-06-05,373.9,0.492,True,False,False,True
TRC0322,SEC006,Traction,31.2,5.6,2025-06-12 06:00,2025-08-13 22:00,2025-08-13,280.6,0.501,True,False,False,True
TRC0326,SEC031,Traction,38.4,2.8,2025-11-25 06:00,2026-01-21 22:00,2026-01-21,113.4,0.405,False,False,False,True
TRC0330,SEC020,Traction,83.5,7.1,2025-10-04 06:00,2025-10-14 22:00,2025-10-14,272.6,0.384,False,False,False,True
TRC0338,SEC025,Traction,26.7,5.7,2025-07-09 06:00,2025-09-28 22:00,2025-09-28,274.7,0.482,True,False,False,True
TRC0339,SEC025,Traction,40.5,5.8,2025-11-04 06:00,2025-12-27 22:00,2025-12-27,279.6,0.482,False,False,False,True
TRC0348,SEC046,Traction,37.7,10.0,2025-06-20 06:00,2025-08-10 22:00,2025-08-10,270.0,0.27,True,False,False,True
TRC0350,SEC057,Traction,27.8,3.5,2025-01-02 06:00,2025-03-10 22:00,2025-03-10,121.4,0.347,True,False,False,False
TRC0353,SEC009,Traction,65.2,3.8,2025-04-21 06:00,2025-05-07 22:00,2025-05-07,158.8,0.418,True,False,False,True
TRC0354,SEC070,Traction,95.0,5.2,2025-08-01 06:00,2025-08-05 22:00,2025-08-05,118.6,0.228,True,False,False,True
TRC0357,SEC010,Traction,83.9,3.6,2025-08-15 06:00,2025-08-29 22:00,2025-08-29,168.5,0.468,True,False,False,True
TRC0358,SEC007,Traction,65.8,6.0,2025-05-27 06:00,2025-06-13 22:00,2025-06-13,284.4,0.474,False,False,False,True
TRC0362,SEC075,Traction,94.2,5.4,2025-04-14 06:00,2025-04-20 22:00,2025-04-20,108.0,0.2,True,False,False,True
TRC0363,SEC025,Traction,64.4,4.6,2025-07-31 06:00,2025-08-24 22:00,2025-08-24,221.7,0.482,True,False,False,False
TRC0365,SEC014,Traction,63.8,4.8,2025-09-01 06:00,2025-09-26 22:00,2025-09-26,217.9,0.454,True,False,False,True
TRC0367,SEC052,Traction,62.4,1.3,2025-06-08 06:00,2025-06-22 22:00,2025-06-22,26.0,0.2,True,False,False,True
TRC0368,SEC057,Traction,42.0,7.9,2025-08-24 06:00,2025-09-30 22:00,2025-09-30,274.1,0.347,True,False,False,False
TRC0369,SEC034,Traction,37.6,4.3,2025-05-03 06:00,2025-06-28 22:00,2025-06-28,145.8,0.339,False,False,False,True
TRC0372,SEC008,Traction,41.2,3.7,2025-04-26 06:00,2025-06-13 22:00,2025-06-13,168.4,0.455,False,False,False,True
TRC0374,SEC048,Traction,82.4,5.4,2025-04-13 06:00,2025-04-22 22:00,2025-04-22,158.2,0.293,True,False,False,True
TRC0380,SEC023,Traction,64.0,5.9,2025-08-07 06:00,2025-08-31 22:00,2025-08-31,267.3,0.453,False,False,False,False
TRC0381,SEC030,Traction,64.2,10.6,2025-06-14 06:00,2025-07-04 22:00,2025-07-04,433.5,0.409,True,False,False,True
TRC0382,SEC061,Traction,58.9,9.0,2025-05-23 06:00,2025-06-22 22:00,2025-06-22,185.4,0.206,False,False,False,True
TRC0383,SEC052,Traction,81.2,3.6,2025-10-06 06:00,2025-10-14 22:00,2025-10-14,72.0,0.2,True,False,False,True
TRC0384,SEC011,Traction,41.1,11.5,2025-02-25 06:00,2025-04-16 22:00,2025-04-16,556.6,0.484,True,False,False,True
TRC0385,SEC068,Traction,61.8,6.1,2025-05-24 06:00,2025-06-17 22:00,2025-06-17,186.7,0.306,True,False,False,True
TRC0388,SEC034,Traction,63.1,8.0,2025-01-08 06:00,2025-01-28 22:00,2025-01-28,271.2,0.339,True,False,False,True
TRC0389,SEC074,Traction,37.5,1.2,2025-03-12 06:00,2025-05-01 22:00,2025-05-01,28.8,0.24,False,False,False,True
TRC0392,SEC049,Traction,62.8,6.9,2025-12-20 06:00,2026-01-10 22:00,2026-01-10,227.0,0.329,True,False,False,True
TRC0393,SEC065,Traction,63.5,4.1,2025-07-01 06:00,2025-07-16 22:00,2025-07-16,117.7,0.287,True,False,False,False
TRC0394,SEC056,Traction,38.2,3.6,2025-04-14 06:00,2025-06-03 22:00,2025-06-03,102.6,0.285,True,False,False,False
TRC0398,SEC024,Traction,38.8,4.5,2025-04-30 06:00,2025-06-25 22:00,2025-06-25,185.8,0.413,True,False,False,True
TRC0399,SEC024,Traction,64.0,10.1,2025-03-04 06:00,2025-03-25 22:00,2025-03-25,417.1,0.413,False,False,False,True
TRC0402,SEC019,Traction,66.5,2.1,2025-01-19 06:00,2025-02-03 22:00,2025-02-03,102.5,0.488,True,False,False,True
TRC0403,SEC023,Traction,85.0,6.7,2025-07-01 06:00,2025-07-09 22:00,2025-07-09,303.5,0.453,False,False,False,True
TRC0404,SEC016,Traction,64.4,4.5,2025-03-14 06:00,2025-04-03 22:00,2025-04-03,190.8,0.424,True,False,False,True
TRC0406,SEC028,Traction,42.6,9.3,2025-08-17 06:00,2025-10-02 22:00,2025-10-02,482.7,0.519,False,False,False,True
TRC0407,SEC068,Traction,37.6,5.9,2025-04-06 06:00,2025-05-30 22:00,2025-05-30,180.5,0.306,True,False,False,True
TRC0411,SEC011,Traction,63.1,6.4,2025-06-19 06:00,2025-07-19 22:00,2025-07-19,309.8,0.484,True,False,False,True
TRC0414,SEC015,Traction,39.8,6.6,2025-09-02 06:00,2025-10-26 22:00,2025-10-26,297.0,0.45,True,False,False,True
TRC0415,SEC041,Traction,26.6,9.1,2025-03-27 06:00,2025-05-29 22:00,2025-05-29,191.1,0.21,True,False,False,False
TRC0417,SEC071,Traction,80.0,9.7,2025-08-17 06:00,2025-09-01 22:00,2025-09-01,215.3,0.222,False,False,False,True
TRC0418,SEC033,Traction,39.0,1.6,2025-10-07 06:00,2025-12-06 22:00,2025-12-06,78.7,0.492,True,False,False,True
TRC0419,SEC020,Traction,42.3,7.5,2025-10-20 06:00,2025-11-27 22:00,2025-11-27,288.0,0.384,False,False,False,True
TRC0420,SEC044,Traction,97.0,5.5,2025-11-30 06:00,2025-12-03 22:00,2025-12-03,190.8,0.347,True,False,False,True
TRC0421,SEC050,Traction,39.6,6.5,2025-08-13 06:00,2025-09-20 22:00,2025-09-20,130.0,0.2,False,False,False,True
TRC0422,SEC063,Traction,59.5,9.4,2025-06-19 06:00,2025-07-16 22:00,2025-07-16,190.8,0.203,False,False,False,True
TRC0423,SEC005,Traction,99.5,9.0,2025-11-25 06:00,2025-11-29 22:00,2025-11-29,475.2,0.528,True,False,False,False
TRC0424,SEC003,Traction,99.0,1.5,2025-12-11 06:00,2025-12-15 22:00,2025-12-15,73.8,0.492,True,False,False,True
TRC0427,SEC047,Traction,42.3,11.9,2025-12-20 06:00,2026-01-15 22:00,2026-01-15,242.8,0.204,False,False,False,False
TRC0437,SEC011,Traction,85.5,1.9,2025-06-12 06:00,2025-06-20 22:00,2025-06-20,92.0,0.484,True,False,False,True
TRC0439,SEC048,Traction,61.8,11.6,2025-07-30 06:00,2025-08-22 22:00,2025-08-22,339.9,0.293,True,False,False,False
TRC0440,SEC075,Traction,42.0,2.4,2025-09-28 06:00,2025-10-25 22:00,2025-10-25,48.0,0.2,True,False,False,False
TRC0444,SEC001,Traction,84.6,5.7,2025-11-16 06:00,2025-11-24 22:00,2025-11-24,242.8,0.426,False,False,False,True
TRC0450,SEC075,Traction,80.6,5.6,2025-02-14 06:00,2025-02-25 22:00,2025-02-25,112.0,0.2,True,False,False,False
TRC0452,SEC026,Traction,27.7,8.2,2025-05-19 06:00,2025-08-06 22:00,2025-08-06,423.1,0.516,False,False,False,False
TRC0453,SEC011,Traction,66.6,8.3,2025-06-02 06:00,2025-06-16 22:00,2025-06-16,401.7,0.484,True,False,False,True
TRC0457,SEC065,Traction,82.7,7.1,2025-09-30 06:00,2025-10-07 22:00,2025-10-07,203.8,0.287,True,False,False,True
TRC0458,SEC013,Traction,65.8,6.1,2025-03-19 06:00,2025-04-05 22:00,2025-04-05,289.8,0.475,True,False,False,True
TRC0459,SEC025,Traction,64.4,11.9,2025-06-16 06:00,2025-07-10 22:00,2025-07-10,573.6,0.482,True,False,False,True
TRC0460,SEC075,Traction,58.8,2.9,2025-09-15 06:00,2025-10-15 22:00,2025-10-15,58.0,0.2,True,False,False,True
TRC0462,SEC009,Traction,84.5,1.1,2025-04-05 06:00,2025-04-13 22:00,2025-04-13,46.0,0.418,True,False,False,True
TRC0463,SEC017,Traction,82.6,10.2,2025-11-17 06:00,2025-12-01 22:00,2025-12-01,391.7,0.384,True,False,False,True
TRC0464,SEC014,Traction,84.6,8.8,2025-08-30 06:00,2025-09-09 22:00,2025-09-09,399.5,0.454,True,False,False,True
TRC0465,SEC052,Traction,42.2,7.5,2025-03-09 06:00,2025-04-04 22:00,2025-04-04,150.0,0.2,False,False,False,False
TRC0467,SEC041,Traction,34.8,6.5,2025-10-03 06:00,2025-12-02 22:00,2025-12-02,136.5,0.21,True,False,False,False
TRC0469,SEC040,Traction,81.2,11.2,2025-09-09 06:00,2025-09-20 22:00,2025-09-20,271.0,0.242,False,False,False,False
TRC0473,SEC030,Traction,65.3,8.9,2025-12-11 06:00,2025-12-26 22:00,2025-12-26,364.0,0.409,True,False,False,True
TRC0476,SEC062,Traction,79.7,10.9,2025-11-15 06:00,2025-11-30 22:00,2025-11-30,218.0,0.2,True,False,False,False
TRC0478,SEC063,Traction,38.7,6.1,2025-07-02 06:00,2025-08-13 22:00,2025-08-13,123.8,0.203,True,False,False,False
TRC0481,SEC069,Traction,31.6,10.6,2025-02-05 06:00,2025-03-17 22:00,2025-03-17,212.0,0.2,False,False,False,True
TRC0482,SEC051,Traction,40.2,11.3,2025-04-02 06:00,2025-05-11 22:00,2025-05-11,291.5,0.258,True,False,False,False
TRC0483,SEC052,Traction,94.8,6.4,2025-06-10 06:00,2025-06-13 22:00,2025-06-13,128.0,0.2,False,False,False,True
TRC0484,SEC015,Traction,83.9,7.3,2025-11-25 06:00,2025-12-08 22:00,2025-12-08,328.5,0.45,True,False,False,True
TRC0485,SEC054,Traction,59.2,7.5,2025-03-14 06:00,2025-04-13 22:00,2025-04-13,170.2,0.227,True,False,False,True
TRC0488,SEC070,Traction,60.6,8.4,2025-04-11 06:00,2025-05-05 22:00,2025-05-05,191.5,0.228,True,False,False,True
TRC0491,SEC001,Traction,97.3,11.9,2025-10-05 06:00,2025-10-12 22:00,2025-10-12,506.9,0.426,False,False,False,True
TRC0493,SEC072,Traction,81.8,5.7,2025-03-24 06:00,2025-04-01 22:00,2025-04-01,136.8,0.24,True,False,False,True
TRC0496,SEC005,Traction,46.0,6.1,2025-04-17 06:00,2025-05-18 22:00,2025-05-18,322.1,0.528,True,False,False,True
TRC0498,SEC050,Traction,80.3,3.6,2025-10-16 06:00,2025-10-28 22:00,2025-10-28,72.0,0.2,False,False,False,False
TRC0499,SEC061,Traction,38.5,2.3,2025-03-13 06:00,2025-04-25 22:00,2025-04-25,47.4,0.206,True,False,False,False
TRC0501,SEC035,Traction,40.5,1.2,2025-02-06 06:00,2025-03-31 22:00,2025-03-31,57.8,0.482,False,False,False,True
TRC0502,SEC036,Traction,63.6,10.2,2025-03-27 06:00,2025-04-26 22:00,2025-04-26,531.4,0.521,True,False,False,True
TRC0504,SEC059,Traction,79.7,9.5,2025-05-15 06:00,2025-05-30 22:00,2025-05-30,191.0,0.201,True,False,False,True
TRC0505,SEC026,Traction,44.1,6.2,2025-12-18 06:00,2026-01-26 22:00,2026-01-26,319.9,0.516,False,False,False,False
TRC0506,SEC041,Traction,62.3,5.6,2025-09-12 06:00,2025-09-27 22:00,2025-09-27,117.6,0.21,False,False,False,True
TRC0507,SEC073,Traction,80.9,2.5,2025-07-27 06:00,2025-08-06 22:00,2025-08-06,52.0,0.208,True,False,False,True
TRC0508,SEC042,Traction,61.1,5.6,2025-05-01 06:00,2025-05-27 22:00,2025-05-27,163.0,0.291,True,False,False,True
TRC0512,SEC072,Traction,22.2,8.8,2025-12-10 06:00,2026-03-05 22:00,2026-03-05,211.2,0.24,False,False,False,False
TRC0513,SEC055,Traction,39.3,4.3,2025-03-01 06:00,2025-04-10 22:00,2025-04-10,90.7,0.211,False,False,False,True
TRC0514,SEC073,Traction,59.2,7.8,2025-01-07 06:00,2025-02-05 22:00,2025-02-05,162.2,0.208,True,False,False,True
TRC0518,SEC070,Traction,94.8,4.0,2025-03-14 06:00,2025-03-19 22:00,2025-03-19,91.2,0.228,True,False,False,True
TRC0519,SEC056,Traction,39.7,6.1,2025-03-17 06:00,2025-04-29 22:00,2025-04-29,173.8,0.285,False,False,False,True
TRC0522,SEC012,Traction,64.1,1.6,2025-07-07 06:00,2025-07-27 22:00,2025-07-27,64.6,0.404,False,False,False,False
TRC0523,SEC021,Traction,40.4,1.3,2025-04-28 06:00,2025-06-17 22:00,2025-06-17,56.7,0.436,True,False,False,True
TRC0524,SEC016,Traction,41.4,9.1,2025-01-25 06:00,2025-03-11 22:00,2025-03-11,385.8,0.424,True,False,False,True
TRC0527,SEC025,Traction,85.2,8.7,2025-03-04 06:00,2025-03-13 22:00,2025-03-13,419.3,0.482,True,False,False,True
TRC0530,SEC012,Traction,97.7,8.5,2025-06-05 06:00,2025-06-09 22:00,2025-06-09,343.4,0.404,True,False,False,True
TRC0532,SEC028,Traction,84.9,5.7,2025-08-16 06:00,2025-08-29 22:00,2025-08-29,295.8,0.519,True,False,False,True
TRC0533,SEC026,Traction,65.8,6.1,2025-06-27 06:00,2025-07-17 22:00,2025-07-17,314.8,0.516,False,False,False,True
TRC0534,SEC075,Traction,80.6,5.8,2025-05-17 06:00,2025-05-28 22:00,2025-05-28,116.0,0.2,True,False,False,True
TRC0537,SEC039,Traction,38.2,8.0,2025-11-18 06:00,2026-01-12 22:00,2026-01-12,287.2,0.359,True,False,False,True
TRC0540,SEC071,Traction,62.1,7.3,2025-08-10 06:00,2025-08-27 22:00,2025-08-27,162.1,0.222,False,False,False,True
TRC0542,SEC021,Traction,62.8,2.2,2025-02-10 06:00,2025-03-10 22:00,2025-03-10,95.9,0.436,True,False,False,True
TRC0544,SEC008,Traction,45.2,10.7,2025-05-19 06:00,2025-06-18 22:00,2025-06-18,486.8,0.455,False,False,False,True
TRC0549,SEC053,Traction,80.4,1.2,2025-12-06 06:00,2025-12-21 22:00,2025-12-21,30.0,0.25,True,False,False,True
TRC0550,SEC067,Traction,61.9,4.8,2025-10-21 06:00,2025-11-10 22:00,2025-11-10,123.8,0.258,False,False,False,True
TRC0551,SEC013,Traction,84.2,10.0,2025-07-16 06:00,2025-07-29 22:00,2025-07-29,475.0,0.475,False,False,False,True
TRC0552,SEC044,Traction,64.1,7.3,2025-12-13 06:00,2025-12-29 22:00,2025-12-29,253.3,0.347,True,False,False,True
TRC0553,SEC063,Traction,80.6,2.6,2025-07-22 06:00,2025-08-02 22:00,2025-08-02,52.8,0.203,False,False,False,True
TRC0554,SEC052,Traction,94.2,3.0,2025-03-25 06:00,2025-03-31 22:00,2025-03-31,60.0,0.2,True,False,False,True
TRC0555,SEC005,Traction,65.1,7.8,2025-10-29 06:00,2025-11-22 22:00,2025-11-22,411.8,0.528,False,False,False,True
TRC0557,SEC020,Traction,62.0,5.9,2025-04-05 06:00,2025-05-03 22:00,2025-05-03,226.6,0.384,True,False,False,True
TRC0558,SEC043,Traction,44.3,2.1,2025-11-04 06:00,2025-11-29 22:00,2025-11-29,68.7,0.327,True,False,False,False
TRC0562,SEC034,Traction,83.5,5.9,2025-10-09 06:00,2025-10-16 22:00,2025-10-16,200.0,0.339,True,False,False,True
TRC0563,SEC053,Traction,42.8,4.4,2025-03-18 06:00,2025-04-14 22:00,2025-04-14,110.0,0.25,False,False,False,True
TRC0564,SEC069,Traction,94.6,11.1,2025-01-15 06:00,2025-01-19 22:00,2025-01-19,222.0,0.2,False,False,False,False
TRC0566,SEC074,Traction,43.0,10.9,2025-05-25 06:00,2025-06-19 22:00,2025-06-19,261.6,0.24,True,False,False,False
TRC0572,SEC003,Traction,84.5,11.2,2025-08-27 06:00,2025-09-09 22:00,2025-09-09,551.0,0.492,True,False,False,True
TRC0573,SEC005,Traction,39.8,6.3,2025-05-29 06:00,2025-07-27 22:00,2025-07-27,332.6,0.528,True,False,False,True
TRC0574,SEC036,Traction,28.0,10.7,2025-05-10 06:00,2025-07-27 22:00,2025-07-27,557.5,0.521,True,False,False,False
TRC0575,SEC004,Traction,40.6,9.4,2025-03-10 06:00,2025-04-28 22:00,2025-04-28,408.9,0.435,True,False,False,True
TRC0576,SEC009,Traction,44.6,6.4,2025-01-29 06:00,2025-02-28 22:00,2025-02-28,267.5,0.418,True,False,False,True
TRC0577,SEC032,Traction,83.7,11.0,2025-11-23 06:00,2025-11-30 22:00,2025-11-30,383.9,0.349,True,False,False,True
TRC0578,SEC063,Traction,37.8,11.3,2025-10-11 06:00,2025-11-26 22:00,2025-11-26,229.4,0.203,True,False,False,False
TRC0582,SEC056,Traction,62.3,10.4,2025-07-12 06:00,2025-08-01 22:00,2025-08-01,296.4,0.285,True,False,False,True
TRC0584,SEC016,Traction,34.7,11.5,2025-03-30 06:00,2025-05-10 22:00,2025-05-10,487.6,0.424,True,False,False,True
TRC0585,SEC006,Traction,31.2,5.0,2025-09-27 06:00,2025-11-28 22:00,2025-11-28,250.5,0.501,True,False,False,True
TRC0586,SEC048,Traction,60.2,9.9,2025-05-29 06:00,2025-06-28 22:00,2025-06-28,290.1,0.293,False,False,False,True
TRC0587,SEC019,Traction,66.5,1.5,2025-07-14 06:00,2025-07-29 22:00,2025-07-29,73.2,0.488,True,False,False,True
TRC0588,SEC046,Traction,39.3,11.2,2025-05-11 06:00,2025-06-24 22:00,2025-06-24,302.4,0.27,True,False,False,True
TRC0589,SEC027,Traction,96.7,5.3,2025-05-13 06:00,2025-05-18 22:00,2025-05-18,189.2,0.357,True,False,False,True
TRC0591,SEC030,Traction,42.2,1.6,2025-12-02 06:00,2026-01-11 22:00,2026-01-11,65.4,0.409,True,False,False,False
TRC0592,SEC051,Traction,40.9,4.9,2025-08-14 06:00,2025-09-19 22:00,2025-09-19,126.4,0.258,True,False,False,True
TRC0594,SEC045,Traction,96.0,8.5,2025-01-17 06:00,2025-01-20 22:00,2025-01-20,238.0,0.28,False,False,False,False
TRC0598,SEC002,Traction,43.9,2.1,2025-01-22 06:00,2025-02-19 22:00,2025-02-19,71.6,0.341,False,False,False,True
TRC0601,SEC004,Traction,65.7,1.7,2025-06-21 06:00,2025-07-06 22:00,2025-07-06,74.0,0.435,False,False,False,False
TRC0602,SEC010,Traction,98.9,3.7,2025-08-06 06:00,2025-08-09 22:00,2025-08-09,173.2,0.468,True,False,False,True
TRC0603,SEC037,Traction,85.5,5.5,2025-01-11 06:00,2025-01-20 22:00,2025-01-20,273.9,0.498,False,False,False,False
TRC0604,SEC026,Traction,47.2,5.4,2025-07-17 06:00,2025-08-11 22:00,2025-08-11,278.6,0.516,False,False,False,True
TRC0606,SEC065,Traction,38.2,3.3,2025-09-27 06:00,2025-11-16 22:00,2025-11-16,94.7,0.287,True,False,False,True
TRC0608,SEC016,Traction,39.6,2.7,2025-03-22 06:00,2025-05-14 22:00,2025-05-14,114.5,0.424,True,False,False,False
TRC0611,SEC026,Traction,84.9,11.8,2025-02-06 06:00,2025-02-19 22:00,2025-02-19,608.9,0.516,True,False,False,True
TRC0619,SEC012,Traction,84.1,5.2,2025-05-04 06:00,2025-05-13 22:00,2025-05-13,210.1,0.404,False,False,False,True
TRC0625,SEC035,Traction,64.4,10.3,2025-10-17 06:00,2025-11-10 22:00,2025-11-10,496.5,0.482,True,False,False,False
TRC0628,SEC003,Traction,66.3,9.0,2025-07-23 06:00,2025-08-08 22:00,2025-08-08,442.8,0.492,True,False,False,True
TRC0629,SEC047,Traction,60.9,8.2,2025-01-29 06:00,2025-02-19 22:00,2025-02-19,167.3,0.204,False,False,False,True
TRC0632,SEC075,Traction,94.2,1.5,2025-08-08 06:00,2025-08-14 22:00,2025-08-14,30.0,0.2,False,False,False,False
TRC0635,SEC066,Traction,62.6,2.3,2025-06-26 06:00,2025-07-14 22:00,2025-07-14,62.1,0.27,True,False,False,True
TRC0636,SEC018,Traction,84.5,9.7,2025-03-21 06:00,2025-03-29 22:00,2025-03-29,403.5,0.416,False,False,False,True
TRC0638,SEC060,Traction,20.5,6.9,2025-02-25 06:00,2025-05-26 22:00,2025-05-26,138.0,0.2,True,False,False,True
TRC0643,SEC033,Traction,99.2,9.9,2025-07-10 06:00,2025-07-13 22:00,2025-07-13,487.1,0.492,True,False,False,True
TRC0645,SEC014,Traction,64.0,2.9,2025-09-26 06:00,2025-10-20 22:00,2025-10-20,131.7,0.454,True,False,False,False
TRC0647,SEC032,Traction,26.3,7.1,2025-07-21 06:00,2025-10-03 22:00,2025-10-03,247.8,0.349,True,False,False,True
TRC0648,SEC039,Traction,64.8,10.3,2025-04-07 06:00,2025-04-21 22:00,2025-04-21,369.8,0.359,True,False,False,False
TRC0650,SEC024,Traction,82.9,5.3,2025-08-29 06:00,2025-09-13 22:00,2025-09-13,218.9,0.413,False,False,False,True
TRC0653,SEC044,Traction,39.1,12.0,2025-03-18 06:00,2025-05-07 22:00,2025-05-07,416.4,0.347,True,False,False,True
TRC0655,SEC072,Traction,61.2,5.4,2025-05-31 06:00,2025-06-22 22:00,2025-06-22,129.6,0.24,False,False,False,True
TRC0657,SEC073,Traction,59.0,4.4,2025-08-07 06:00,2025-09-06 22:00,2025-09-06,91.5,0.208,True,False,False,True
TRC0660,SEC008,Traction,42.7,3.2,2025-01-14 06:00,2025-02-24 22:00,2025-02-24,145.6,0.455,True,False,False,True
TRC0665,SEC045,Traction,81.3,3.5,2025-11-12 06:00,2025-11-25 22:00,2025-11-25,98.0,0.28,True,False,False,True
TRC0668,SEC006,Traction,86.0,6.8,2025-10-20 06:00,2025-10-27 22:00,2025-10-27,340.7,0.501,True,False,False,False
TRC0669,SEC075,Traction,79.9,1.1,2025-07-29 06:00,2025-08-12 22:00,2025-08-12,22.0,0.2,True,False,False,False
TRC0670,SEC041,Traction,39.5,3.7,2025-09-25 06:00,2025-11-03 22:00,2025-11-03,77.7,0.21,False,False,False,True
TRC0672,SEC050,Traction,79.7,7.3,2025-08-23 06:00,2025-09-07 22:00,2025-09-07,146.0,0.2,False,False,False,True
TRC0677,SEC023,Traction,42.2,8.0,2025-02-07 06:00,2025-03-22 22:00,2025-03-22,362.4,0.453,True,False,False,True
TRC0678,SEC061,Traction,81.3,9.9,2025-03-16 06:00,2025-03-24 22:00,2025-03-24,203.9,0.206,False,False,False,True
TRC0680,SEC065,Traction,30.9,1.7,2025-08-31 06:00,2025-10-19 22:00,2025-10-19,48.8,0.287,True,False,False,True
TRC0684,SEC070,Traction,61.9,4.4,2025-02-06 06:00,2025-02-24 22:00,2025-02-24,100.3,0.228,False,False,False,True
TRC0687,SEC035,Traction,66.0,9.5,2025-04-06 06:00,2025-04-23 22:00,2025-04-23,457.9,0.482,True,False,False,True
TRC0694,SEC064,Traction,81.0,10.3,2025-05-25 06:00,2025-06-06 22:00,2025-06-06,252.4,0.245,True,False,False,False
TRC0696,SEC045,Traction,63.6,5.7,2025-11-18 06:00,2025-12-02 22:00,2025-12-02,159.6,0.28,True,False,False,True
TRC0697,SEC032,Traction,41.3,1.8,2025-04-18 06:00,2025-05-28 22:00,2025-05-28,62.8,0.349,True,False,False,False
TRC0699,SEC034,Traction,22.6,8.7,2025-02-16 06:00,2025-05-17 22:00,2025-05-17,294.9,0.339,False,False,False,True
TRC0700,SEC022,Traction,97.7,3.5,2025-09-29 06:00,2025-10-02 22:00,2025-10-02,136.5,0.39,True,False,False,False
TRC0703,SEC010,Traction,66.2,3.8,2025-08-19 06:00,2025-09-03 22:00,2025-09-03,177.8,0.468,True,False,False,False
TRC0704,SEC074,Traction,81.2,4.9,2025-10-23 06:00,2025-11-03 22:00,2025-11-03,117.6,0.24,True,False,False,True
TRC0706,SEC073,Traction,59.8,10.9,2025-12-10 06:00,2026-01-05 22:00,2026-01-05,226.7,0.208,True,False,False,True
TRC0709,SEC055,Traction,35.1,2.6,2025-07-28 06:00,2025-09-25 22:00,2025-09-25,54.9,0.211,False,False,False,True
TRC0710,SEC026,Traction,40.7,9.1,2025-07-13 06:00,2025-09-05 22:00,2025-09-05,469.6,0.516,False,False,False,True
TRC0711,SEC061,Traction,60.7,6.1,2025-03-09 06:00,2025-03-31 22:00,2025-03-31,125.7,0.206,True,False,False,True
TRC0713,SEC058,Traction,81.4,9.6,2025-09-15 06:00,2025-09-27 22:00,2025-09-27,262.1,0.273,False,False,False,True
TRC0714,SEC031,Traction,97.9,2.9,2025-05-03 06:00,2025-05-06 22:00,2025-05-06,117.4,0.405,True,False,False,True
TRC0718,SEC064,Traction,62.2,3.6,2025-12-06 06:00,2025-12-24 22:00,2025-12-24,88.2,0.245,True,False,False,False
TRC0719,SEC033,Traction,26.2,7.6,2025-08-07 06:00,2025-10-30 22:00,2025-10-30,373.9,0.492,True,False,False,True
TRC0720,SEC048,Traction,36.3,5.3,2025-11-01 06:00,2025-12-30 22:00,2025-12-30,155.3,0.293,True,False,False,True
TRC0721,SEC042,Traction,61.5,3.6,2025-01-18 06:00,2025-02-11 22:00,2025-02-11,104.8,0.291,False,False,False,True
TRC0722,SEC023,Traction,98.2,5.0,2025-07-23 06:00,2025-07-28 22:00,2025-07-28,226.5,0.453,True,False,False,True
TRC0723,SEC037,Traction,65.5,11.5,2025-05-10 06:00,2025-05-30 22:00,2025-05-30,572.7,0.498,False,False,False,True
TRC0724,SEC047,Traction,80.6,6.3,2025-05-07 06:00,2025-05-18 22:00,2025-05-18,128.5,0.204,True,False,False,True
TRC0728,SEC008,Traction,85.0,1.9,2025-10-14 06:00,2025-10-22 22:00,2025-10-22,86.4,0.455,True,False,False,True
TRC0729,SEC031,Traction,38.2,1.9,2025-02-24 06:00,2025-04-23 22:00,2025-04-23,77.0,0.405,False,False,False,True
TRC0731,SEC014,Traction,39.8,11.5,2025-04-15 06:00,2025-06-08 22:00,2025-06-08,522.1,0.454,False,False,False,True
TRC0732,SEC039,Traction,63.4,3.4,2025-03-04 06:00,2025-03-24 22:00,2025-03-24,122.1,0.359,False,False,False,True
TRC0734,SEC057,Traction,61.5,7.5,2025-02-12 06:00,2025-03-12 22:00,2025-03-12,260.2,0.347,True,False,False,True
TRC0736,SEC041,Traction,35.0,10.8,2025-02-28 06:00,2025-04-28 22:00,2025-04-28,226.8,0.21,False,False,False,True
TRC0744,SEC006,Traction,84.8,4.4,2025-03-25 06:00,2025-04-06 22:00,2025-04-06,220.4,0.501,False,False,False,True
TRC0745,SEC014,Traction,66.2,11.7,2025-08-26 06:00,2025-09-09 22:00,2025-09-09,531.2,0.454,True,False,False,True
TRC0746,SEC025,Traction,63.1,6.1,2025-08-10 06:00,2025-09-09 22:00,2025-09-09,294.0,0.482,True,False,False,True
TRC0749,SEC059,Traction,61.5,11.9,2025-02-08 06:00,2025-02-26 22:00,2025-02-26,239.2,0.201,True,False,False,True
TRC0750,SEC008,Traction,35.4,8.8,2025-07-10 06:00,2025-08-19 22:00,2025-08-19,400.4,0.455,True,False,False,True
TRC0752,SEC059,Traction,79.9,3.1,2025-09-28 06:00,2025-10-12 22:00,2025-10-12,62.3,0.201,True,False,False,False
TRC0753,SEC059,Traction,60.6,10.1,2025-08-05 06:00,2025-08-27 22:00,2025-08-27,203.0,0.201,False,False,False,True
TRC0754,SEC059,Traction,94.2,7.8,2025-07-15 06:00,2025-07-21 22:00,2025-07-21,156.8,0.201,True,False,False,False
TRC0755,SEC014,Traction,84.1,8.8,2025-08-19 06:00,2025-08-31 22:00,2025-08-31,399.5,0.454,True,False,False,True
TRC0757,SEC004,Traction,62.4,10.9,2025-11-27 06:00,2025-12-27 22:00,2025-12-27,474.2,0.435,True,False,False,True
TRC0760,SEC029,Traction,64.6,9.4,2025-06-05 06:00,2025-06-30 22:00,2025-06-30,481.3,0.512,False,False,False,True
TRC0761,SEC057,Traction,82.5,9.7,2025-04-01 06:00,2025-04-13 22:00,2025-04-13,336.6,0.347,False,False,False,True
TRC0764,SEC072,Traction,80.3,10.4,2025-08-21 06:00,2025-09-05 22:00,2025-09-05,249.6,0.24,False,False,False,True
TRC0765,SEC020,Traction,39.2,5.0,2025-04-13 06:00,2025-06-04 22:00,2025-06-04,192.0,0.384,True,False,False,True
TRC0768,SEC022,Traction,83.0,9.4,2025-07-26 06:00,2025-08-08 22:00,2025-08-08,366.6,0.39,True,False,False,True
TRC0769,SEC033,Traction,41.5,6.6,2025-11-06 06:00,2025-12-25 22:00,2025-12-25,324.7,0.492,False,False,False,True
TRC0773,SEC032,Traction,64.6,9.9,2025-09-28 06:00,2025-10-12 22:00,2025-10-12,345.5,0.349,True,False,False,True
TRC0778,SEC055,Traction,62.3,8.6,2025-04-05 06:00,2025-04-20 22:00,2025-04-20,181.5,0.211,False,False,False,False
TRC0779,SEC030,Traction,34.7,3.9,2025-02-04 06:00,2025-03-16 22:00,2025-03-16,159.5,0.409,True,False,False,True
TRC0781,SEC059,Traction,61.3,3.2,2025-07-14 06:00,2025-08-02 22:00,2025-08-02,64.3,0.201,True,False,False,True
TRC0785,SEC019,Traction,64.7,1.8,2025-11-22 06:00,2025-12-15 22:00,2025-12-15,87.8,0.488,False,False,False,True
TRC0786,SEC069,Traction,80.8,6.9,2025-05-09 06:00,2025-05-19 22:00,2025-05-19,138.0,0.2,True,False,False,False
TRC0787,SEC004,Traction,44.4,1.8,2025-09-28 06:00,2025-10-30 22:00,2025-10-30,78.3,0.435,False,False,False,True
TRC0790,SEC052,Traction,80.6,8.1,2025-07-09 06:00,2025-07-20 22:00,2025-07-20,162.0,0.2,True,False,False,True
TRC0793,SEC014,Traction,45.6,9.0,2025-05-26 06:00,2025-06-23 22:00,2025-06-23,408.6,0.454,True,False,False,True
TRC0797,SEC010,Traction,98.9,1.1,2025-04-11 06:00,2025-04-14 22:00,2025-04-14,51.5,0.468,True,False,False,False
TRC0800,SEC054,Traction,36.0,1.5,2025-07-30 06:00,2025-09-24 22:00,2025-09-24,34.0,0.227,True,False,False,True
TRC0804,SEC026,Traction,27.7,8.2,2025-12-21 06:00,2026-03-10 22:00,2026-03-10,423.1,0.516,True,False,False,False
TRC0805,SEC022,Traction,83.6,4.4,2025-10-04 06:00,2025-10-14 22:00,2025-10-14,171.6,0.39,True,False,False,True
TRC0806,SEC023,Traction,62.6,3.0,2025-04-05 06:00,2025-05-05 22:00,2025-05-05,135.9,0.453,False,False,False,True
TRC0808,SEC043,Traction,82.0,10.6,2025-12-18 06:00,2025-12-31 22:00,2025-12-31,346.6,0.327,True,False,False,True
TRC0809,SEC003,Traction,84.7,2.7,2025-12-02 06:00,2025-12-14 22:00,2025-12-14,132.8,0.492,True,False,False,True
TRC0810,SEC035,Traction,64.8,5.3,2025-11-09 06:00,2025-12-01 22:00,2025-12-01,255.5,0.482,True,False,False,True
TRC0811,SEC033,Traction,64.1,9.8,2025-09-04 06:00,2025-09-30 22:00,2025-09-30,482.2,0.492,False,False,False,False
TRC0815,SEC031,Traction,64.6,8.3,2025-05-25 06:00,2025-06-12 22:00,2025-06-12,336.2,0.405,False,False,False,True
TRC0816,SEC072,Traction,62.8,4.0,2025-05-19 06:00,2025-06-03 22:00,2025-06-03,96.0,0.24,False,False,False,True
TRC0819,SEC075,Traction,81.4,9.9,2025-11-27 06:00,2025-12-04 22:00,2025-12-04,198.0,0.2,True,False,False,True
TRC0823,SEC063,Traction,61.1,6.4,2025-02-28 06:00,2025-03-20 22:00,2025-03-20,129.9,0.203,True,False,False,True
TRC0829,SEC002,Traction,61.2,5.9,2025-05-18 06:00,2025-06-16 22:00,2025-06-16,201.2,0.341,True,False,False,True
TRC0831,SEC009,Traction,62.1,3.4,2025-11-27 06:00,2025-12-27 22:00,2025-12-27,142.1,0.418,True,False,False,True
TRC0837,SEC073,Traction,40.1,6.6,2025-04-04 06:00,2025-05-10 22:00,2025-05-10,137.3,0.208,False,False,False,True
TRC0838,SEC035,Traction,39.3,5.8,2025-10-12 06:00,2025-12-09 22:00,2025-12-09,279.6,0.482,True,False,False,False
TRC0839,SEC014,Traction,65.1,5.3,2025-10-08 06:00,2025-10-27 22:00,2025-10-27,240.6,0.454,False,False,False,False
TRC0840,SEC022,Traction,65.0,11.6,2025-05-05 06:00,2025-05-20 22:00,2025-05-20,452.4,0.39,True,False,False,True
TRC0843,SEC037,Traction,64.2,6.7,2025-04-24 06:00,2025-05-20 22:00,2025-05-20,333.7,0.498,True,False,False,True
TRC0845,SEC055,Traction,59.2,4.8,2025-05-24 06:00,2025-06-22 22:00,2025-06-22,101.3,0.211,True,False,False,True
TRC0846,SEC035,Traction,31.4,5.4,2025-12-04 06:00,2026-02-02 22:00,2026-02-02,260.3,0.482,False,False,False,True
TRC0848,SEC075,Traction,40.0,3.9,2025-10-24 06:00,2025-11-29 22:00,2025-11-29,78.0,0.2,False,False,False,True
TRC0851,SEC022,Traction,39.5,6.1,2025-08-15 06:00,2025-10-05 22:00,2025-10-05,237.9,0.39,True,False,False,False
TRC0856,SEC012,Traction,61.9,10.9,2025-04-28 06:00,2025-05-28 22:00,2025-05-28,440.4,0.404,False,False,False,False
TRC0858,SEC023,Traction,63.1,7.3,2025-01-17 06:00,2025-02-14 22:00,2025-02-14,330.7,0.453,True,False,False,True
TRC0859,SEC020,Traction,62.9,4.2,2025-05-16 06:00,2025-06-09 22:00,2025-06-09,161.3,0.384,True,False,False,False
TRC0864,SEC008,Traction,98.0,7.3,2025-09-16 06:00,2025-09-22 22:00,2025-09-22,332.2,0.455,False,False,False,True
TRC0866,SEC043,Traction,63.2,4.0,2025-05-14 06:00,2025-06-02 22:00,2025-06-02,130.8,0.327,True,False,False,True
TRC0867,SEC068,Traction,81.3,9.1,2025-11-04 06:00,2025-11-19 22:00,2025-11-19,278.5,0.306,False,False,False,True
TRC0869,SEC003,Traction,64.1,6.0,2025-02-25 06:00,2025-03-23 22:00,2025-03-23,295.2,0.492,True,False,False,True
TRC0871,SEC046,Traction,59.9,3.4,2025-11-29 06:00,2025-12-29 22:00,2025-12-29,91.8,0.27,True,False,False,True
TRC0874,SEC065,Traction,38.4,6.6,2025-04-02 06:00,2025-05-21 22:00,2025-05-21,189.4,0.287,True,False,False,True
TRC0875,SEC015,Traction,65.0,1.0,2025-05-26 06:00,2025-06-14 22:00,2025-06-14,45.0,0.45,True,False,False,True
TRC0876,SEC036,Traction,40.4,11.1,2025-05-25 06:00,2025-07-20 22:00,2025-07-20,578.3,0.521,False,False,False,False
TRC0878,SEC035,Traction,99.1,3.2,2025-11-27 06:00,2025-11-30 22:00,2025-11-30,154.2,0.482,False,False,False,True
TRC0879,SEC067,Traction,61.9,1.6,2025-07-31 06:00,2025-08-20 22:00,2025-08-20,41.3,0.258,True,False,False,True
TRC0880,SEC014,Traction,42.0,5.3,2025-05-16 06:00,2025-06-29 22:00,2025-06-29,240.6,0.454,True,False,False,True
TRC0881,SEC012,Traction,43.3,3.5,2025-02-25 06:00,2025-04-01 22:00,2025-04-01,141.4,0.404,True,False,False,True
TRC0882,SEC011,Traction,63.1,8.7,2025-06-19 06:00,2025-07-19 22:00,2025-07-19,421.1,0.484,True,False,False,True
TRC0884,SEC013,Traction,65.8,7.4,2025-11-23 06:00,2025-12-10 22:00,2025-12-10,351.5,0.475,False,False,False,True
TRC0887,SEC015,Traction,26.7,9.1,2025-05-17 06:00,2025-08-04 22:00,2025-08-04,409.5,0.45,True,False,False,True
TRC0888,SEC053,Traction,80.4,4.1,2025-07-21 06:00,2025-08-05 22:00,2025-08-05,102.5,0.25,True,False,False,False
TRC0890,SEC048,Traction,82.8,1.5,2025-05-02 06:00,2025-05-09 22:00,2025-05-09,43.9,0.293,False,False,False,False
TRC0900,SEC047,Traction,80.6,10.2,2025-08-16 06:00,2025-08-27 22:00,2025-08-27,208.1,0.204,False,False,False,False
TRC0901,SEC051,Traction,60.6,5.0,2025-09-05 06:00,2025-10-01 22:00,2025-10-01,129.0,0.258,True,False,False,False
TRC0903,SEC035,Traction,65.3,3.4,2025-10-07 06:00,2025-10-27 22:00,2025-10-27,163.9,0.482,True,False,False,True
TRC0906,SEC019,Traction,65.6,5.0,2025-05-17 06:00,2025-06-05 22:00,2025-06-05,244.0,0.488,True,False,False,True
TRC0910,SEC046,Traction,81.6,5.8,2025-05-02 06:00,2025-05-13 22:00,2025-05-13,156.6,0.27,True,False,False,True
TRC0911,SEC020,Traction,64.3,9.8,2025-05-02 06:00,2025-05-20 22:00,2025-05-20,376.3,0.384,False,False,False,False
TRC0912,SEC046,Traction,36.6,7.4,2025-06-25 06:00,2025-08-20 22:00,2025-08-20,199.8,0.27,True,False,False,True
TRC0914,SEC027,Traction,42.6,1.4,2025-05-31 06:00,2025-07-05 22:00,2025-07-05,50.0,0.357,True,False,False,False
TRC0915,SEC010,Traction,38.7,5.2,2025-11-24 06:00,2026-01-23 22:00,2026-01-23,243.4,0.468,True,False,False,True
TRC0916,SEC075,Traction,61.9,8.8,2025-02-09 06:00,2025-02-25 22:00,2025-02-25,176.0,0.2,False,False,False,False
TRC0918,SEC003,Traction,65.7,1.5,2025-02-23 06:00,2025-03-14 22:00,2025-03-14,73.8,0.492,True,False,False,True
TRC0919,SEC062,Traction,80.3,10.3,2025-09-12 06:00,2025-09-24 22:00,2025-09-24,206.0,0.2,True,False,False,True
TRC0921,SEC015,Traction,85.2,1.1,2025-09-20 06:00,2025-09-27 22:00,2025-09-27,49.5,0.45,False,False,False,False
TRC0922,SEC010,Traction,43.8,5.7,2025-03-14 06:00,2025-04-20 22:00,2025-04-20,266.8,0.468,True,False,False,True
TRC0928,SEC005,Traction,85.3,5.9,2025-11-14 06:00,2025-11-26 22:00,2025-11-26,311.5,0.528,True,False,False,True
TRC0929,SEC070,Traction,80.1,6.5,2025-10-05 06:00,2025-10-20 22:00,2025-10-20,148.2,0.228,True,False,False,True
TRC0935,SEC012,Traction,40.2,10.4,2025-10-25 06:00,2025-12-13 22:00,2025-12-13,420.2,0.404,True,False,False,True
TRC0937,SEC022,Traction,65.0,6.8,2025-07-31 06:00,2025-08-15 22:00,2025-08-15,265.2,0.39,True,False,False,True
TRC0938,SEC033,Traction,39.7,5.2,2025-10-19 06:00,2025-12-15 22:00,2025-12-15,255.8,0.492,True,False,False,True
TRC0941,SEC057,Traction,96.1,7.5,2025-03-08 06:00,2025-03-15 22:00,2025-03-15,260.2,0.347,True,False,False,True
TRC0943,SEC046,Traction,23.1,2.9,2025-11-18 06:00,2026-02-09 22:00,2026-02-09,78.3,0.27,True,False,False,False
TRC0946,SEC013,Traction,43.7,6.3,2025-07-01 06:00,2025-08-08 22:00,2025-08-08,299.2,0.475,False,False,False,True
TRC0948,SEC021,Traction,40.9,4.1,2025-12-12 06:00,2026-01-29 22:00,2026-01-29,178.8,0.436,True,False,False,True
TRC0949,SEC011,Traction,44.3,1.6,2025-06-11 06:00,2025-07-17 22:00,2025-07-17,77.4,0.484,True,False,False,True
TRC0950,SEC051,Traction,39.1,5.5,2025-04-03 06:00,2025-05-17 22:00,2025-05-17,141.9,0.258,True,False,False,False
TRC0951,SEC028,Traction,86.0,2.2,2025-09-28 06:00,2025-10-06 22:00,2025-10-06,114.2,0.519,True,False,False,True
TRC0952,SEC015,Traction,98.4,10.2,2025-03-11 06:00,2025-03-15 22:00,2025-03-15,459.0,0.45,False,False,False,True
TRC0953,SEC060,Traction,36.2,10.9,2025-09-02 06:00,2025-10-25 22:00,2025-10-25,218.0,0.2,False,False,False,False
TRC0954,SEC040,Traction,38.2,7.6,2025-11-16 06:00,2026-01-02 22:00,2026-01-02,183.9,0.242,False,False,False,False
TRC0955,SEC026,Traction,65.4,1.3,2025-01-16 06:00,2025-02-07 22:00,2025-02-07,67.1,0.516,False,False,False,True
TRC0959,SEC023,Traction,85.2,2.1,2025-11-24 06:00,2025-12-01 22:00,2025-12-01,95.1,0.453,True,False,False,True
TRC0961,SEC064,Traction,94.6,1.9,2025-09-11 06:00,2025-09-18 22:00,2025-09-18,46.6,0.245,False,False,False,True
TRC0963,SEC056,Traction,37.9,8.6,2025-02-14 06:00,2025-04-06 22:00,2025-04-06,245.1,0.285,True,False,False,True
TRC0967,SEC007,Traction,64.1,5.9,2025-01-05 06:00,2025-01-30 22:00,2025-01-30,279.7,0.474,False,False,False,True
TRC0968,SEC021,Traction,62.6,10.3,2025-05-03 06:00,2025-06-01 22:00,2025-06-01,449.1,0.436,False,False,False,True
TRC0970,SEC005,Traction,85.3,3.0,2025-03-10 06:00,2025-03-22 22:00,2025-03-22,158.4,0.528,True,False,False,True
TRC0971,SEC067,Traction,81.4,6.9,2025-03-24 06:00,2025-04-04 22:00,2025-04-04,178.0,0.258,True,False,False,False
TRC0973,SEC013,Traction,43.9,3.1,2025-03-07 06:00,2025-04-13 22:00,2025-04-13,147.2,0.475,True,False,False,True
TRC0975,SEC033,Traction,63.7,2.6,2025-08-12 06:00,2025-09-09 22:00,2025-09-09,127.9,0.492,True,False,False,True
TRC0976,SEC044,Traction,61.7,2.3,2025-09-22 06:00,2025-10-19 22:00,2025-10-19,79.8,0.347,True,False,False,True
TRC0977,SEC040,Traction,94.6,3.2,2025-12-21 06:00,2025-12-28 22:00,2025-12-28,77.4,0.242,False,False,False,False
TRC0979,SEC057,Traction,61.9,6.9,2025-11-02 06:00,2025-11-28 22:00,2025-11-28,239.4,0.347,True,False,False,True
TRC0980,SEC024,Traction,64.0,8.0,2025-09-22 06:00,2025-10-13 22:00,2025-10-13,330.4,0.413,False,False,False,True
TRC0984,SEC057,Traction,63.3,7.2,2025-11-03 06:00,2025-11-23 22:00,2025-11-23,249.8,0.347,True,False,False,True
TRC0985,SEC019,Traction,33.7,9.4,2025-05-01 06:00,2025-06-20 22:00,2025-06-20,458.7,0.488,False,False,False,True
TRC0987,SEC063,Traction,36.3,8.6,2025-02-23 06:00,2025-04-17 22:00,2025-04-17,174.6,0.203,True,False,False,True
TRC0990,SEC024,Traction,27.3,5.6,2025-07-28 06:00,2025-10-10 22:00,2025-10-10,231.3,0.413,False,False,False,True
TRC0991,SEC048,Traction,62.5,11.8,2025-03-03 06:00,2025-03-23 22:00,2025-03-23,345.7,0.293,True,False,False,True
TRC0992,SEC027,Traction,82.0,6.5,2025-09-06 06:00,2025-09-21 22:00,2025-09-21,232.0,0.357,True,False,False,True
TRC0994,SEC045,Traction,95.4,5.9,2025-09-04 06:00,2025-09-10 22:00,2025-09-10,165.2,0.28,True,False,False,True
TRC0995,SEC009,Traction,97.9,10.1,2025-11-24 06:00,2025-11-28 22:00,2025-11-28,422.2,0.418,False,False,False,True
TRC0996,SEC065,Traction,61.5,3.7,2025-02-23 06:00,2025-03-19 22:00,2025-03-19,106.2,0.287,False,False,False,True
TRC0998,SEC065,Traction,60.1,4.5,2025-06-21 06:00,2025-07-21 22:00,2025-07-21,129.2,0.287,True,False,False,True
TRC1002,SEC055,Traction,42.6,1.0,2025-11-27 06:00,2025-12-22 22:00,2025-12-22,21.1,0.211,True,False,False,True
TRC1004,SEC030,Traction,39.1,11.0,2025-06-29 06:00,2025-08-22 22:00,2025-08-22,449.9,0.409,True,False,False,True
TRC1008,SEC061,Traction,39.2,1.7,2025-06-04 06:00,2025-07-14 22:00,2025-07-14,35.0,0.206,True,False,False,True
TRC1009,SEC005,Traction,44.3,3.4,2025-09-19 06:00,2025-10-28 22:00,2025-10-28,179.5,0.528,True,False,False,True
TRC1010,SEC057,Traction,62.1,5.2,2025-10-14 06:00,2025-11-08 22:00,2025-11-08,180.4,0.347,False,False,False,True
TRC1012,SEC044,Traction,64.4,4.0,2025-10-21 06:00,2025-11-05 22:00,2025-11-05,138.8,0.347,True,False,False,True
TRC1013,SEC053,Traction,59.8,8.5,2025-08-18 06:00,2025-09-16 22:00,2025-09-16,212.5,0.25,True,False,False,True
TRC1015,SEC026,Traction,98.7,5.6,2025-04-27 06:00,2025-05-04 22:00,2025-05-04,289.0,0.516,True,False,False,True
TRC1017,SEC046,Traction,43.5,2.8,2025-11-03 06:00,2025-11-28 22:00,2025-11-28,75.6,0.27,False,False,False,True
TRC1019,SEC068,Traction,60.6,8.8,2025-10-01 06:00,2025-10-30 22:00,2025-10-30,269.3,0.306,True,False,False,True
TRC1021,SEC006,Traction,65.8,9.4,2025-11-30 06:00,2025-12-19 22:00,2025-12-19,470.9,0.501,False,False,False,True
TRC1023,SEC050,Traction,81.4,7.8,2025-12-17 06:00,2025-12-24 22:00,2025-12-24,156.0,0.2,False,False,False,True
TRC1024,SEC045,Traction,80.9,9.1,2025-10-02 06:00,2025-10-17 22:00,2025-10-17,254.8,0.28,False,False,False,True
TRC1028,SEC032,Traction,83.2,4.9,2025-08-29 06:00,2025-09-07 22:00,2025-09-07,171.0,0.349,False,False,False,True
TRC1031,SEC014,Traction,98.2,5.7,2025-07-29 06:00,2025-08-03 22:00,2025-08-03,258.8,0.454,True,False,False,True
TRC1032,SEC066,Traction,80.7,3.4,2025-09-10 06:00,2025-09-25 22:00,2025-09-25,91.8,0.27,True,False,False,True
TRC1037,SEC052,Traction,61.3,9.3,2025-08-17 06:00,2025-09-05 22:00,2025-09-05,186.0,0.2,True,False,False,True
TRC1038,SEC055,Traction,81.6,1.4,2025-04-01 06:00,2025-04-08 22:00,2025-04-08,29.5,0.211,False,False,False,True
TRC1039,SEC061,Traction,80.0,6.1,2025-02-20 06:00,2025-03-06 22:00,2025-03-06,125.7,0.206,True,False,False,True
TRC1040,SEC007,Traction,33.7,6.0,2025-01-12 06:00,2025-03-02 22:00,2025-03-02,284.4,0.474,False,False,False,False
TRC1042,SEC073,Traction,80.9,1.3,2025-05-08 06:00,2025-05-18 22:00,2025-05-18,27.0,0.208,True,False,False,True
TRC1044,SEC043,Traction,61.2,3.1,2025-02-13 06:00,2025-03-13 22:00,2025-03-13,101.4,0.327,False,False,False,False
TRC1045,SEC065,Traction,62.1,3.6,2025-05-15 06:00,2025-06-05 22:00,2025-06-05,103.3,0.287,True,False,False,True
TRC1049,SEC052,Traction,22.1,4.0,2025-03-10 06:00,2025-06-01 22:00,2025-06-01,80.0,0.2,False,False,False,True
TRC1050,SEC013,Traction,63.8,1.1,2025-01-13 06:00,2025-02-08 22:00,2025-02-08,52.3,0.475,True,False,False,True
TRC1053,SEC047,Traction,61.1,10.7,2025-03-11 06:00,2025-03-31 22:00,2025-03-31,218.3,0.204,False,False,False,True
TRC1054,SEC037,Traction,99.1,2.2,2025-05-17 06:00,2025-05-21 22:00,2025-05-21,109.6,0.498,False,False,False,True
TRC1057,SEC074,Traction,41.5,2.7,2025-04-04 06:00,2025-05-06 22:00,2025-05-06,64.8,0.24,False,False,False,True
TRC1058,SEC042,Traction,60.9,9.3,2025-05-19 06:00,2025-06-15 22:00,2025-06-15,270.6,0.291,True,False,False,True
TRC1059,SEC008,Traction,27.7,9.6,2025-09-11 06:00,2025-11-25 22:00,2025-11-25,436.8,0.455,True,False,False,True
TRC1060,SEC055,Traction,61.2,2.0,2025-08-09 06:00,2025-08-29 22:00,2025-08-29,42.2,0.211,False,False,False,True
TRC1062,SEC030,Traction,65.5,3.4,2025-02-08 06:00,2025-02-22 22:00,2025-02-22,139.1,0.409,True,False,False,True
TRC1070,SEC018,Traction,41.0,5.2,2025-01-08 06:00,2025-02-23 22:00,2025-02-23,216.3,0.416,True,False,False,True
TRC1076,SEC071,Traction,36.8,10.9,2025-02-12 06:00,2025-04-05 22:00,2025-04-05,242.0,0.222,False,False,False,True
TRC1077,SEC041,Traction,40.4,2.6,2025-01-11 06:00,2025-02-15 22:00,2025-02-15,54.6,0.21,False,False,False,False
TRC1079,SEC067,Traction,62.6,2.0,2025-09-20 06:00,2025-10-07 22:00,2025-10-07,51.6,0.258,True,False,False,True
TRC1081,SEC061,Traction,40.1,4.1,2025-05-25 06:00,2025-06-30 22:00,2025-06-30,84.5,0.206,False,False,False,True
TRC1082,SEC006,Traction,66.0,1.3,2025-03-17 06:00,2025-04-04 22:00,2025-04-04,65.1,0.501,False,False,False,True
TRC1085,SEC030,Traction,42.2,3.2,2025-07-10 06:00,2025-08-19 22:00,2025-08-19,130.9,0.409,True,False,False,True
TRC1087,SEC032,Traction,61.5,2.2,2025-12-06 06:00,2026-01-03 22:00,2026-01-03,76.8,0.349,True,False,False,False
TRC1088,SEC019,Traction,84.2,9.8,2025-10-05 06:00,2025-10-19 22:00,2025-10-19,478.2,0.488,True,False,False,True
TRC1089,SEC054,Traction,59.7,3.6,2025-03-09 06:00,2025-04-06 22:00,2025-04-06,81.7,0.227,True,False,False,True
TRC1090,SEC056,Traction,26.9,1.4,2025-06-23 06:00,2025-08-29 22:00,2025-08-29,39.9,0.285,False,False,False,True
TRC1091,SEC002,Traction,26.6,11.8,2025-02-20 06:00,2025-05-03 22:00,2025-05-03,402.4,0.341,True,False,False,False
TRC1096,SEC054,Traction,30.2,3.2,2025-11-17 06:00,2026-01-04 22:00,2026-01-04,72.6,0.227,True,False,False,True
TRC1102,SEC074,Traction,41.9,2.1,2025-04-04 06:00,2025-05-04 22:00,2025-05-04,50.4,0.24,False,False,False,True
TRC1103,SEC006,Traction,85.7,9.5,2025-02-27 06:00,2025-03-07 22:00,2025-03-07,476.0,0.501,True,False,False,True
TRC1105,SEC065,Traction,24.9,9.5,2025-06-16 06:00,2025-08-31 22:00,2025-08-31,272.6,0.287,False,False,False,True
TRC1107,SEC066,Traction,61.4,5.5,2025-08-23 06:00,2025-09-15 22:00,2025-09-15,148.5,0.27,True,False,False,True
TRC1113,SEC035,Traction,98.2,4.1,2025-05-03 06:00,2025-05-10 22:00,2025-05-10,197.6,0.482,True,False,False,True
TRC1117,SEC043,Traction,31.5,10.7,2025-06-30 06:00,2025-08-18 22:00,2025-08-18,349.9,0.327,True,False,False,True
TRC1118,SEC040,Traction,82.1,9.6,2025-10-28 06:00,2025-11-04 22:00,2025-11-04,232.3,0.242,True,False,False,True
TRC1122,SEC016,Traction,24.5,3.3,2025-12-14 06:00,2026-03-11 22:00,2026-03-11,139.9,0.424,False,False,False,False
TRC1123,SEC022,Traction,65.0,11.0,2025-03-02 06:00,2025-03-17 22:00,2025-03-17,429.0,0.39,False,False,False,True
TRC1126,SEC048,Traction,62.9,5.5,2025-04-03 06:00,2025-04-21 22:00,2025-04-21,161.1,0.293,True,False,False,True
TRC1128,SEC058,Traction,40.9,10.7,2025-04-18 06:00,2025-05-25 22:00,2025-05-25,292.1,0.273,True,False,False,True
TRC1131,SEC011,Traction,43.4,3.9,2025-07-25 06:00,2025-09-03 22:00,2025-09-03,188.8,0.484,True,False,False,True
TRC1132,SEC074,Traction,59.7,6.3,2025-08-02 06:00,2025-08-31 22:00,2025-08-31,151.2,0.24,False,False,False,True
TRC1133,SEC013,Traction,25.1,2.1,2025-12-11 06:00,2026-03-09 22:00,2026-03-09,99.8,0.475,True,False,False,False
TRC1134,SEC044,Traction,96.4,3.8,2025-07-28 06:00,2025-08-03 22:00,2025-08-03,131.9,0.347,True,False,False,True
TRC1142,SEC040,Traction,81.9,9.2,2025-07-10 06:00,2025-07-18 22:00,2025-07-18,222.6,0.242,True,False,False,True
TRC1143,SEC068,Traction,24.5,8.7,2025-07-10 06:00,2025-09-27 22:00,2025-09-27,266.2,0.306,True,False,False,True
TRC1144,SEC041,Traction,94.5,10.0,2025-02-03 06:00,2025-02-08 22:00,2025-02-08,210.0,0.21,True,False,False,False
TRC1146,SEC061,Traction,24.6,2.7,2025-06-02 06:00,2025-08-13 22:00,2025-08-13,55.6,0.206,True,False,False,False
TRC1147,SEC071,Traction,62.3,3.1,2025-07-07 06:00,2025-07-23 22:00,2025-07-23,68.8,0.222,True,False,False,True
TRC1150,SEC071,Traction,80.9,10.6,2025-07-15 06:00,2025-07-26 22:00,2025-07-26,235.3,0.222,True,False,False,True
TRC1153,SEC012,Traction,64.1,5.5,2025-07-18 06:00,2025-08-07 22:00,2025-08-07,222.2,0.404,False,False,False,True
TRC1154,SEC034,Traction,61.4,8.8,2025-10-25 06:00,2025-11-22 22:00,2025-11-22,298.3,0.339,False,False,False,True
TRC1161,SEC017,Traction,29.9,6.5,2025-02-22 06:00,2025-04-23 22:00,2025-04-23,249.6,0.384,False,False,False,True
TRC1164,SEC056,Traction,42.2,1.2,2025-11-06 06:00,2025-12-08 22:00,2025-12-08,34.2,0.285,True,False,False,True
TRC1165,SEC010,Traction,40.0,2.8,2025-12-20 06:00,2026-02-12 22:00,2026-02-12,131.0,0.468,False,False,False,True
TRC1170,SEC025,Traction,65.7,6.3,2025-11-05 06:00,2025-11-23 22:00,2025-11-23,303.7,0.482,True,False,False,True
TRC1173,SEC027,Traction,82.7,4.5,2025-02-26 06:00,2025-03-10 22:00,2025-03-10,160.6,0.357,True,False,False,True
TRC1174,SEC072,Traction,38.4,1.4,2025-08-30 06:00,2025-10-15 22:00,2025-10-15,33.6,0.24,True,False,False,True
TRC1177,SEC047,Traction,94.4,8.4,2025-02-14 06:00,2025-02-19 22:00,2025-02-19,171.4,0.204,True,False,False,True
TRC1178,SEC010,Traction,64.0,10.8,2025-08-15 06:00,2025-09-09 22:00,2025-09-09,505.4,0.468,False,False,False,False
TRC1179,SEC005,Traction,85.3,9.2,2025-02-21 06:00,2025-03-05 22:00,2025-03-05,485.8,0.528,True,False,False,True
TRC1183,SEC019,Traction,84.7,6.1,2025-06-01 06:00,2025-06-13 22:00,2025-06-13,297.7,0.488,True,False,False,True
TRC1184,SEC055,Traction,94.6,4.8,2025-03-19 06:00,2025-03-24 22:00,2025-03-24,101.3,0.211,True,False,False,True
TRC1191,SEC031,Traction,65.2,11.6,2025-04-27 06:00,2025-05-12 22:00,2025-05-12,469.8,0.405,True,False,False,True
TRC1193,SEC023,Traction,24.7,9.4,2025-07-15 06:00,2025-10-11 22:00,2025-10-11,425.8,0.453,True,False,False,True
TRC1194,SEC073,Traction,35.0,8.4,2025-06-25 06:00,2025-08-23 22:00,2025-08-23,174.7,0.208,False,False,False,True
TRC1195,SEC058,Traction,95.3,7.5,2025-11-17 06:00,2025-11-23 22:00,2025-11-23,204.8,0.273,True,False,False,True
TRC1196,SEC034,Traction,63.8,9.0,2025-04-04 06:00,2025-04-21 22:00,2025-04-21,305.1,0.339,False,False,False,False
TRC1197,SEC061,Traction,61.8,11.6,2025-03-09 06:00,2025-03-26 22:00,2025-03-26,239.0,0.206,True,False,False,True
TRC1198,SEC004,Traction,25.8,10.7,2025-05-19 06:00,2025-08-09 22:00,2025-08-09,465.4,0.435,True,False,False,True
TRC1202,SEC007,Traction,64.5,9.0,2025-12-17 06:00,2026-01-09 22:00,2026-01-09,426.6,0.474,False,False,False,True
TRC1205,SEC011,Traction,66.0,1.5,2025-06-07 06:00,2025-06-24 22:00,2025-06-24,72.6,0.484,True,False,False,True
TRC1214,SEC013,Traction,66.5,4.5,2025-12-12 06:00,2025-12-26 22:00,2025-12-26,213.8,0.475,True,False,False,True
TRC1218,SEC041,Traction,81.6,4.4,2025-04-04 06:00,2025-04-11 22:00,2025-04-11,92.4,0.21,True,False,False,True
TRC1219,SEC020,Traction,23.5,10.8,2025-09-30 06:00,2025-12-28 22:00,2025-12-28,414.7,0.384,False,False,False,True
TRC1220,SEC061,Traction,39.6,11.6,2025-12-18 06:00,2026-01-25 22:00,2026-01-25,239.0,0.206,False,False,False,True
TRC1223,SEC074,Traction,62.8,4.8,2025-02-13 06:00,2025-02-28 22:00,2025-02-28,115.2,0.24,False,False,False,False
TRC1231,SEC028,Traction,85.3,2.3,2025-06-12 06:00,2025-06-23 22:00,2025-06-23,119.4,0.519,False,False,False,True
TRC1232,SEC068,Traction,95.8,6.0,2025-03-31 06:00,2025-04-06 22:00,2025-04-06,183.6,0.306,False,False,False,True
TRC1235,SEC060,Traction,39.1,9.6,2025-04-28 06:00,2025-06-07 22:00,2025-06-07,192.0,0.2,True,False,False,True
TRC1239,SEC024,Traction,83.1,5.7,2025-11-11 06:00,2025-11-25 22:00,2025-11-25,235.4,0.413,True,False,False,True
TRC1240,SEC002,Traction,83.1,1.1,2025-01-07 06:00,2025-01-16 22:00,2025-01-16,37.5,0.341,False,False,False,False
TRC1241,SEC003,Traction,85.8,7.0,2025-09-06 06:00,2025-09-13 22:00,2025-09-13,344.4,0.492,False,False,False,True
TRC1244,SEC002,Traction,83.3,9.5,2025-08-04 06:00,2025-08-12 22:00,2025-08-12,324.0,0.341,True,False,False,True
TRC1247,SEC002,Traction,31.1,10.7,2025-08-16 06:00,2025-10-07 22:00,2025-10-07,364.9,0.341,False,False,False,True
TRC1248,SEC067,Traction,26.7,1.9,2025-09-16 06:00,2025-11-21 22:00,2025-11-21,49.0,0.258,True,False,False,False
TRC1249,SEC029,Traction,65.5,8.7,2025-08-05 06:00,2025-08-26 22:00,2025-08-26,445.4,0.512,False,False,False,False
TRC1251,SEC047,Traction,39.4,1.6,2025-03-15 06:00,2025-04-23 22:00,2025-04-23,32.6,0.204,True,False,False,True
TRC1253,SEC021,Traction,84.8,8.7,2025-05-13 06:00,2025-05-21 22:00,2025-05-21,379.3,0.436,False,False,False,True
TRC1255,SEC029,Traction,84.3,7.7,2025-05-14 06:00,2025-05-29 22:00,2025-05-29,394.2,0.512,True,False,False,True
TRC1256,SEC019,Traction,66.7,5.9,2025-06-29 06:00,2025-07-13 22:00,2025-07-13,287.9,0.488,True,False,False,True
TRC1257,SEC044,Traction,64.4,7.8,2025-04-17 06:00,2025-05-02 22:00,2025-05-02,270.7,0.347,True,False,False,False
TRC1258,SEC051,Traction,81.4,4.6,2025-06-10 06:00,2025-06-21 22:00,2025-06-21,118.7,0.258,True,False,False,False
TRC1259,SEC046,Traction,37.7,9.2,2025-01-01 06:00,2025-02-21 22:00,2025-02-21,248.4,0.27,True,False,False,True
TRC1260,SEC035,Traction,42.5,8.8,2025-01-03 06:00,2025-02-16 22:00,2025-02-16,424.2,0.482,False,False,False,True
TRC1261,SEC021,Traction,97.7,1.2,2025-06-30 06:00,2025-07-06 22:00,2025-07-06,52.3,0.436,True,False,False,True
TRC1264,SEC043,Traction,64.1,9.3,2025-02-07 06:00,2025-02-22 22:00,2025-02-22,304.1,0.327,True,False,False,True
TRC1265,SEC066,Traction,60.1,8.4,2025-10-18 06:00,2025-11-16 22:00,2025-11-16,226.8,0.27,False,False,False,True
TRC1266,SEC031,Traction,63.5,3.7,2025-10-23 06:00,2025-11-15 22:00,2025-11-15,149.8,0.405,True,False,False,True
TRC1268,SEC064,Traction,80.6,5.1,2025-11-12 06:00,2025-11-26 22:00,2025-11-26,125.0,0.245,True,False,False,True
TRC1269,SEC003,Traction,40.6,8.1,2025-03-14 06:00,2025-05-06 22:00,2025-05-06,398.5,0.492,True,False,False,True
TRC1270,SEC036,Traction,63.6,6.3,2025-08-20 06:00,2025-09-19 22:00,2025-09-19,328.2,0.521,False,False,False,True
TRC1274,SEC009,Traction,41.7,11.6,2025-10-11 06:00,2025-11-23 22:00,2025-11-23,484.9,0.418,True,False,False,True
TRC1277,SEC002,Traction,61.8,7.1,2025-04-29 06:00,2025-05-25 22:00,2025-05-25,242.1,0.341,True,False,False,True
TRC1284,SEC049,Traction,82.0,8.7,2025-03-12 06:00,2025-03-25 22:00,2025-03-25,286.2,0.329,True,False,False,True
TRC1285,SEC045,Traction,60.9,10.0,2025-03-09 06:00,2025-04-04 22:00,2025-04-04,280.0,0.28,False,False,False,False
TRC1286,SEC039,Traction,62.3,7.1,2025-11-27 06:00,2025-12-22 22:00,2025-12-22,254.9,0.359,False,False,False,False
TRC1287,SEC059,Traction,60.8,5.9,2025-07-01 06:00,2025-07-22 22:00,2025-07-22,118.6,0.201,True,False,False,True
TRC1290,SEC059,Traction,80.6,11.6,2025-10-27 06:00,2025-11-07 22:00,2025-11-07,233.2,0.201,True,False,False,False
TRC1293,SEC043,Traction,82.2,5.0,2025-03-29 06:00,2025-04-10 22:00,2025-04-10,163.5,0.327,True,False,False,True
TRC1294,SEC021,Traction,84.1,6.7,2025-12-09 06:00,2025-12-20 22:00,2025-12-20,292.1,0.436,False,False,False,True
TRC1295,SEC032,Traction,83.7,1.5,2025-05-01 06:00,2025-05-08 22:00,2025-05-08,52.4,0.349,True,False,False,True
TRC1299,SEC007,Traction,44.8,7.6,2025-01-06 06:00,2025-02-08 22:00,2025-02-08,360.2,0.474,True,False,False,True
TRC1301,SEC025,Traction,27.8,4.9,2025-01-19 06:00,2025-04-05 22:00,2025-04-05,236.2,0.482,True,False,False,True
TRC1302,SEC040,Traction,81.9,12.0,2025-11-17 06:00,2025-11-25 22:00,2025-11-25,290.4,0.242,True,False,False,False
TRC1304,SEC047,Traction,61.3,9.2,2025-10-11 06:00,2025-10-30 22:00,2025-10-30,187.7,0.204,False,False,False,True
TRC1305,SEC010,Traction,64.4,11.5,2025-12-13 06:00,2026-01-05 22:00,2026-01-05,538.2,0.468,True,False,False,True
TRC1308,SEC033,Traction,84.7,10.7,2025-10-27 06:00,2025-11-08 22:00,2025-11-08,526.4,0.492,True,False,False,True
TRC1309,SEC057,Traction,83.2,7.2,2025-06-18 06:00,2025-06-27 22:00,2025-06-27,249.8,0.347,False,False,False,False
TRC1311,SEC055,Traction,38.6,7.7,2025-07-12 06:00,2025-08-24 22:00,2025-08-24,162.5,0.211,True,False,False,True
TRC1313,SEC032,Traction,82.8,5.2,2025-06-25 06:00,2025-07-06 22:00,2025-07-06,181.5,0.349,True,False,False,True
TRC1314,SEC072,Traction,95.4,2.8,2025-11-29 06:00,2025-12-02 22:00,2025-12-02,67.2,0.24,True,False,False,True
TRC1315,SEC073,Traction,60.1,10.6,2025-02-01 06:00,2025-02-26 22:00,2025-02-26,220.5,0.208,True,False,False,False
TRC1318,SEC044,Traction,64.1,6.1,2025-09-24 06:00,2025-10-10 22:00,2025-10-10,211.7,0.347,True,False,False,True
TRC1320,SEC074,Traction,80.9,10.2,2025-02-01 06:00,2025-02-13 22:00,2025-02-13,244.8,0.24,True,False,False,True
TRC1321,SEC067,Traction,81.0,7.6,2025-06-04 06:00,2025-06-17 22:00,2025-06-17,196.1,0.258,True,False,False,True
TRC1322,SEC043,Traction,43.9,7.3,2025-06-17 06:00,2025-07-14 22:00,2025-07-14,238.7,0.327,True,False,False,True
TRC1323,SEC015,Traction,98.6,4.9,2025-05-30 06:00,2025-06-02 22:00,2025-06-02,220.5,0.45,True,False,False,True
TRC1324,SEC067,Traction,82.1,7.9,2025-02-14 06:00,2025-02-22 22:00,2025-02-22,203.8,0.258,True,False,False,True
TRC1325,SEC037,Traction,85.9,6.9,2025-02-15 06:00,2025-02-22 22:00,2025-02-22,343.6,0.498,True,False,False,True
TRC1326,SEC030,Traction,44.2,3.7,2025-08-03 06:00,2025-09-03 22:00,2025-09-03,151.3,0.409,True,False,False,True
TRC1330,SEC023,Traction,85.2,11.4,2025-12-01 06:00,2025-12-08 22:00,2025-12-08,516.4,0.453,True,False,False,False
TRC1334,SEC043,Traction,96.1,11.9,2025-01-16 06:00,2025-01-22 22:00,2025-01-22,389.1,0.327,True,False,False,False
TRC1336,SEC012,Traction,26.7,1.2,2025-03-30 06:00,2025-06-14 22:00,2025-06-14,48.5,0.404,False,False,False,True
TRC1337,SEC065,Traction,81.0,6.4,2025-06-03 06:00,2025-06-18 22:00,2025-06-18,183.7,0.287,True,False,False,True
TRC1341,SEC070,Traction,62.4,3.3,2025-10-08 06:00,2025-10-24 22:00,2025-10-24,75.2,0.228,True,False,False,True
TRC1343,SEC063,Traction,81.5,4.2,2025-11-09 06:00,2025-11-16 22:00,2025-11-16,85.3,0.203,True,False,False,False
TRC1347,SEC009,Traction,62.3,5.5,2025-02-21 06:00,2025-03-22 22:00,2025-03-22,229.9,0.418,True,False,False,True
TRC1348,SEC024,Traction,84.0,7.4,2025-05-17 06:00,2025-05-27 22:00,2025-05-27,305.6,0.413,True,False,False,True
TRC1349,SEC053,Traction,37.9,3.0,2025-10-20 06:00,2025-12-08 22:00,2025-12-08,75.0,0.25,False,False,False,True
TRC1350,SEC002,Traction,64.5,10.2,2025-09-14 06:00,2025-09-28 22:00,2025-09-28,347.8,0.341,True,False,False,True
TRC1352,SEC061,Traction,94.7,10.3,2025-08-10 06:00,2025-08-14 22:00,2025-08-14,212.2,0.206,False,False,False,False
TRC1354,SEC014,Traction,63.5,4.2,2025-05-20 06:00,2025-06-15 22:00,2025-06-15,190.7,0.454,True,False,False,True
TRC1355,SEC059,Traction,59.7,1.8,2025-11-22 06:00,2025-12-18 22:00,2025-12-18,36.2,0.201,True,False,False,True
TRC1358,SEC072,Traction,38.6,4.9,2025-07-19 06:00,2025-09-02 22:00,2025-09-02,117.6,0.24,True,False,False,True
TRC1359,SEC056,Traction,96.1,9.4,2025-04-28 06:00,2025-05-01 22:00,2025-05-01,267.9,0.285,False,False,False,True
TRC1360,SEC057,Traction,64.1,11.1,2025-08-01 06:00,2025-08-17 22:00,2025-08-17,385.2,0.347,False,False,False,True
TRC1362,SEC027,Traction,82.2,3.6,2025-05-11 06:00,2025-05-25 22:00,2025-05-25,128.5,0.357,True,False,False,True
TRC1363,SEC062,Traction,28.7,8.7,2025-05-11 06:00,2025-07-03 22:00,2025-07-03,174.0,0.2,True,False,False,True
TRC1364,SEC062,Traction,39.6,6.6,2025-05-09 06:00,2025-06-16 22:00,2025-06-16,132.0,0.2,True,False,False,True
TRC1365,SEC020,Traction,63.1,9.0,2025-02-17 06:00,2025-03-12 22:00,2025-03-12,345.6,0.384,False,False,False,False
TRC1366,SEC027,Traction,82.5,1.6,2025-06-08 06:00,2025-06-21 22:00,2025-06-21,57.1,0.357,True,False,False,True
TRC1371,SEC029,Traction,43.3,2.7,2025-06-02 06:00,2025-07-14 22:00,2025-07-14,138.2,0.512,False,False,False,True
TRC1375,SEC058,Traction,61.3,4.4,2025-09-18 06:00,2025-10-12 22:00,2025-10-12,120.1,0.273,False,False,False,True
TRC1379,SEC042,Traction,62.4,10.6,2025-05-21 06:00,2025-06-10 22:00,2025-06-10,308.5,0.291,True,False,False,True
TRC1381,SEC031,Traction,64.1,9.8,2025-12-10 06:00,2025-12-30 22:00,2025-12-30,396.9,0.405,False,False,False,True
TRC1382,SEC056,Traction,95.4,8.2,2025-03-13 06:00,2025-03-19 22:00,2025-03-19,233.7,0.285,True,False,False,True
TRC1384,SEC070,Traction,95.0,11.7,2025-07-19 06:00,2025-07-23 22:00,2025-07-23,266.8,0.228,True,False,False,True
TRC1386,SEC024,Traction,38.8,6.8,2025-01-08 06:00,2025-03-05 22:00,2025-03-05,280.8,0.413,False,False,False,True
TRC1390,SEC075,Traction,41.8,9.4,2025-06-29 06:00,2025-07-27 22:00,2025-07-27,188.0,0.2,False,False,False,False
TRC1391,SEC014,Traction,66.2,4.3,2025-10-29 06:00,2025-11-12 22:00,2025-11-12,195.2,0.454,True,False,False,True
TRC1394,SEC054,Traction,40.6,6.7,2025-10-19 06:00,2025-11-23 22:00,2025-11-23,152.1,0.227,True,False,False,True
TRC1395,SEC075,Traction,37.1,10.4,2025-10-19 06:00,2025-12-07 22:00,2025-12-07,208.0,0.2,True,False,False,False
TRC1397,SEC018,Traction,64.5,5.1,2025-03-28 06:00,2025-04-16 22:00,2025-04-16,212.2,0.416,True,False,False,True
TRC1402,SEC049,Traction,61.4,2.8,2025-01-11 06:00,2025-02-07 22:00,2025-02-07,92.1,0.329,True,False,False,True
TRC1405,SEC042,Traction,62.2,1.2,2025-08-08 06:00,2025-08-29 22:00,2025-08-29,34.9,0.291,False,False,False,True
TRC1407,SEC068,Traction,62.9,9.8,2025-12-10 06:00,2025-12-29 22:00,2025-12-29,299.9,0.306,True,False,False,True
TRC1408,SEC023,Traction,84.6,10.5,2025-07-24 06:00,2025-08-03 22:00,2025-08-03,475.6,0.453,False,False,False,True
TRC1409,SEC063,Traction,23.7,3.8,2025-04-08 06:00,2025-06-23 22:00,2025-06-23,77.1,0.203,True,False,False,False
TRC1414,SEC010,Traction,85.0,3.4,2025-08-06 06:00,2025-08-15 22:00,2025-08-15,159.1,0.468,False,False,False,True
TRC1418,SEC069,Traction,60.4,7.3,2025-01-08 06:00,2025-01-31 22:00,2025-01-31,146.0,0.2,True,False,False,False
TRC1419,SEC003,Traction,65.2,11.7,2025-02-24 06:00,2025-03-17 22:00,2025-03-17,575.6,0.492,True,False,False,True
TRC1423,SEC039,Traction,26.9,2.0,2025-11-24 06:00,2026-02-04 22:00,2026-02-04,71.8,0.359,False,False,False,False
TRC1425,SEC013,Traction,63.0,9.9,2025-01-18 06:00,2025-02-17 22:00,2025-02-17,470.2,0.475,True,False,False,True
TRC1429,SEC025,Traction,32.1,4.5,2025-05-08 06:00,2025-07-04 22:00,2025-07-04,216.9,0.482,False,False,False,True
TRC1430,SEC048,Traction,60.7,2.3,2025-04-08 06:00,2025-05-06 22:00,2025-05-06,67.4,0.293,True,False,False,True
TRC1432,SEC072,Traction,60.5,3.1,2025-05-30 06:00,2025-06-24 22:00,2025-06-24,74.4,0.24,False,False,False,True
TRC1433,SEC011,Traction,32.3,4.5,2025-11-18 06:00,2026-01-13 22:00,2026-01-13,217.8,0.484,True,False,False,True
TRC1434,SEC012,Traction,37.7,3.9,2025-02-19 06:00,2025-04-20 22:00,2025-04-20,157.6,0.404,True,False,False,True
TRC1436,SEC022,Traction,25.1,6.7,2025-03-16 06:00,2025-06-06 22:00,2025-06-06,261.3,0.39,True,False,False,True
TRC1438,SEC016,Traction,28.5,2.6,2025-08-16 06:00,2025-10-24 22:00,2025-10-24,110.2,0.424,True,False,False,True
TRC1439,SEC023,Traction,64.9,9.1,2025-02-23 06:00,2025-03-15 22:00,2025-03-15,412.2,0.453,False,False,False,True
TRC1440,SEC027,Traction,41.5,1.6,2025-06-09 06:00,2025-07-19 22:00,2025-07-19,57.1,0.357,False,False,False,True
TRC1443,SEC058,Traction,24.3,4.3,2025-11-15 06:00,2026-02-01 22:00,2026-02-01,117.4,0.273,True,False,False,False
TRC1446,SEC023,Traction,62.9,9.2,2025-09-14 06:00,2025-10-13 22:00,2025-10-13,416.8,0.453,False,False,False,True
TRC1447,SEC007,Traction,44.8,3.6,2025-06-12 06:00,2025-07-15 22:00,2025-07-15,170.6,0.474,False,False,False,False
TRC1451,SEC056,Traction,60.1,1.5,2025-06-18 06:00,2025-07-18 22:00,2025-07-18,42.7,0.285,True,False,False,False
TRC1452,SEC036,Traction,66.5,11.6,2025-06-06 06:00,2025-06-23 22:00,2025-06-23,604.4,0.521,True,False,False,True
TRC1456,SEC019,Traction,30.2,9.7,2025-09-01 06:00,2025-11-06 22:00,2025-11-06,473.4,0.488,True,False,False,True
TRC1460,SEC046,Traction,63.4,9.1,2025-06-09 06:00,2025-06-23 22:00,2025-06-23,245.7,0.27,True,False,False,True
TRC1462,SEC008,Traction,85.3,11.2,2025-01-16 06:00,2025-01-23 22:00,2025-01-23,509.6,0.455,True,False,False,True
TRC1463,SEC060,Traction,30.1,8.0,2025-01-30 06:00,2025-03-18 22:00,2025-03-18,160.0,0.2,True,False,False,True
TRC1465,SEC043,Traction,83.1,1.3,2025-03-17 06:00,2025-03-25 22:00,2025-03-25,42.5,0.327,True,False,False,True
TRC1466,SEC031,Traction,34.7,8.6,2025-10-24 06:00,2025-12-03 22:00,2025-12-03,348.3,0.405,True,False,False,True
TRC1467,SEC041,Traction,59.2,4.1,2025-11-27 06:00,2025-12-26 22:00,2025-12-26,86.1,0.21,False,False,False,True
TRC1469,SEC055,Traction,36.4,9.5,2025-06-28 06:00,2025-08-20 22:00,2025-08-20,200.4,0.211,False,False,False,True
TRC1473,SEC060,Traction,41.6,6.9,2025-05-29 06:00,2025-06-27 22:00,2025-06-27,138.0,0.2,True,False,False,True
TRC1475,SEC030,Traction,63.3,8.5,2025-05-25 06:00,2025-06-18 22:00,2025-06-18,347.6,0.409,True,False,False,True
TRC1476,SEC060,Traction,81.2,2.6,2025-05-06 06:00,2025-05-14 22:00,2025-05-14,52.0,0.2,True,False,False,True
TRC1478,SEC024,Traction,41.4,5.4,2025-03-19 06:00,2025-05-02 22:00,2025-05-02,223.0,0.413,True,False,False,True
TRC1480,SEC030,Traction,65.1,3.1,2025-09-16 06:00,2025-10-02 22:00,2025-10-02,126.8,0.409,True,False,False,True
TRC1483,SEC038,Traction,97.1,5.9,2025-04-07 06:00,2025-04-14 22:00,2025-04-14,242.5,0.411,True,False,False,True
TRC1487,SEC021,Traction,65.9,11.7,2025-11-19 06:00,2025-12-03 22:00,2025-12-03,510.1,0.436,True,False,False,True
TRC1490,SEC063,Traction,59.1,9.8,2025-02-14 06:00,2025-03-15 22:00,2025-03-15,198.9,0.203,True,False,False,True
TRC1495,SEC010,Traction,63.3,6.5,2025-02-07 06:00,2025-03-07 22:00,2025-03-07,304.2,0.468,True,False,False,True
TRC1497,SEC048,Traction,60.9,8.8,2025-11-16 06:00,2025-12-13 22:00,2025-12-13,257.8,0.293,False,False,False,True
TRC1500,SEC052,Traction,61.5,5.9,2025-02-09 06:00,2025-02-27 22:00,2025-02-27,118.0,0.2,True,False,False,True
TRC1501,SEC037,Traction,29.0,6.9,2025-07-13 06:00,2025-09-23 22:00,2025-09-23,343.6,0.498,False,False,False,True
TRC1503,SEC036,Traction,65.2,6.8,2025-06-28 06:00,2025-07-21 22:00,2025-07-21,354.3,0.521,False,False,False,False
TRC1504,SEC035,Traction,45.3,3.1,2025-04-15 06:00,2025-05-16 22:00,2025-05-16,149.4,0.482,True,False,False,True
TRC1509,SEC066,Traction,62.1,5.6,2025-11-21 06:00,2025-12-11 22:00,2025-12-11,151.2,0.27,True,False,False,True
TRC1512,SEC019,Traction,40.1,3.8,2025-10-01 06:00,2025-11-25 22:00,2025-11-25,185.4,0.488,True,False,False,True
TRC1513,SEC031,Traction,39.5,11.0,2025-04-08 06:00,2025-05-30 22:00,2025-05-30,445.5,0.405,False,False,False,True
TRC1514,SEC027,Traction,63.9,6.0,2025-09-20 06:00,2025-10-08 22:00,2025-10-08,214.2,0.357,True,False,False,True
TRC1516,SEC047,Traction,61.8,5.1,2025-02-23 06:00,2025-03-12 22:00,2025-03-12,104.0,0.204,True,False,False,True
TRC1519,SEC056,Traction,37.7,3.6,2025-03-04 06:00,2025-04-25 22:00,2025-04-25,102.6,0.285,True,False,False,True
TRC1520,SEC020,Traction,43.9,1.7,2025-05-13 06:00,2025-06-13 22:00,2025-06-13,65.3,0.384,True,False,False,False
TRC1521,SEC036,Traction,66.8,11.9,2025-07-16 06:00,2025-08-01 22:00,2025-08-01,620.0,0.521,True,False,False,False
TRC1522,SEC073,Traction,94.7,1.9,2025-01-31 06:00,2025-02-04 22:00,2025-02-04,39.5,0.208,True,False,False,True
TRC1525,SEC040,Traction,82.1,6.2,2025-01-09 06:00,2025-01-16 22:00,2025-01-16,150.0,0.242,False,False,False,True
TRC1530,SEC039,Traction,40.6,5.7,2025-08-05 06:00,2025-09-18 22:00,2025-09-18,204.6,0.359,True,False,False,True
TRC1534,SEC004,Traction,42.6,10.6,2025-05-22 06:00,2025-07-01 22:00,2025-07-01,461.1,0.435,False,False,False,True
TRC1536,SEC039,Traction,38.8,10.0,2025-10-03 06:00,2025-11-24 22:00,2025-11-24,359.0,0.359,True,False,False,True
TRC1541,SEC058,Traction,59.9,11.5,2025-07-15 06:00,2025-08-14 22:00,2025-08-14,314.0,0.273,True,False,False,True
TRC1545,SEC026,Traction,44.1,3.8,2025-12-20 06:00,2026-01-28 22:00,2026-01-28,196.1,0.516,False,False,False,False
TRC1546,SEC061,Traction,42.1,9.0,2025-12-17 06:00,2026-01-13 22:00,2026-01-13,185.4,0.206,True,False,False,True
TRC1547,SEC043,Traction,64.3,7.6,2025-10-31 06:00,2025-11-14 22:00,2025-11-14,248.5,0.327,True,False,False,True
TRC1548,SEC040,Traction,61.9,9.4,2025-04-27 06:00,2025-05-16 22:00,2025-05-16,227.5,0.242,True,False,False,True
TRC1549,SEC037,Traction,64.0,6.9,2025-08-16 06:00,2025-09-12 22:00,2025-09-12,343.6,0.498,False,False,False,False
TRC1551,SEC015,Traction,39.5,1.5,2025-02-01 06:00,2025-03-28 22:00,2025-03-28,67.5,0.45,True,False,False,True
TRC1552,SEC043,Traction,63.8,4.5,2025-12-08 06:00,2025-12-24 22:00,2025-12-24,147.2,0.327,True,False,False,False
TRC1553,SEC065,Traction,61.5,7.5,2025-07-09 06:00,2025-08-02 22:00,2025-08-02,215.2,0.287,True,False,False,True
TRC1556,SEC011,Traction,43.8,10.1,2025-11-28 06:00,2026-01-05 22:00,2026-01-05,488.8,0.484,True,False,False,True
TRC1557,SEC012,Traction,63.0,10.9,2025-06-30 06:00,2025-07-25 22:00,2025-07-25,440.4,0.404,True,False,False,False
TRC1561,SEC057,Traction,61.5,5.1,2025-06-29 06:00,2025-07-27 22:00,2025-07-27,177.0,0.347,False,False,False,True
TRC1562,SEC047,Traction,21.2,9.0,2025-01-24 06:00,2025-04-21 22:00,2025-04-21,183.6,0.204,True,False,False,True
TRC1569,SEC031,Traction,97.5,4.4,2025-10-27 06:00,2025-11-01 22:00,2025-11-01,178.2,0.405,False,False,False,True
TRC1570,SEC040,Traction,63.0,9.8,2025-08-23 06:00,2025-09-06 22:00,2025-09-06,237.2,0.242,False,False,False,True
TRC1571,SEC045,Traction,96.0,10.2,2025-07-16 06:00,2025-07-19 22:00,2025-07-19,285.6,0.28,True,False,False,True
TRC1583,SEC075,Traction,35.3,8.2,2025-06-21 06:00,2025-08-17 22:00,2025-08-17,164.0,0.2,True,False,False,True
TRC1584,SEC028,Traction,66.1,8.2,2025-03-22 06:00,2025-04-10 22:00,2025-04-10,425.6,0.519,False,False,False,True
TRC1586,SEC044,Traction,81.9,6.0,2025-11-14 06:00,2025-11-29 22:00,2025-11-29,208.2,0.347,True,False,False,True
TRC1587,SEC071,Traction,42.8,10.2,2025-05-07 06:00,2025-06-01 22:00,2025-06-01,226.4,0.222,True,False,False,True
TRC1589,SEC020,Traction,63.1,5.4,2025-02-05 06:00,2025-02-28 22:00,2025-02-28,207.4,0.384,True,False,False,True
TRC1590,SEC001,Traction,45.4,2.8,2025-09-20 06:00,2025-10-17 22:00,2025-10-17,119.3,0.426,True,False,False,True
TRC1592,SEC072,Traction,80.7,1.6,2025-02-05 06:00,2025-02-18 22:00,2025-02-18,38.4,0.24,True,False,False,True
TRC1593,SEC061,Traction,37.0,3.8,2025-11-05 06:00,2025-12-25 22:00,2025-12-25,78.3,0.206,True,False,False,True
TRC1594,SEC062,Traction,94.8,5.5,2025-12-19 06:00,2025-12-22 22:00,2025-12-22,110.0,0.2,True,False,False,True
TRC1597,SEC072,Traction,60.8,7.3,2025-01-29 06:00,2025-02-22 22:00,2025-02-22,175.2,0.24,True,False,False,True
TRC1599,SEC034,Traction,62.9,9.5,2025-08-16 06:00,2025-09-06 22:00,2025-09-06,322.1,0.339,False,False,False,True
TRC1602,SEC022,Traction,43.7,5.7,2025-01-22 06:00,2025-02-23 22:00,2025-02-23,222.3,0.39,True,False,False,True
TRC1603,SEC042,Traction,42.0,8.9,2025-12-12 06:00,2026-01-14 22:00,2026-01-14,259.0,0.291,False,False,False,False
TRC1605,SEC052,Traction,61.9,10.2,2025-07-12 06:00,2025-07-28 22:00,2025-07-28,204.0,0.2,True,False,False,True
TRC1606,SEC022,Traction,82.5,11.8,2025-01-03 06:00,2025-01-18 22:00,2025-01-18,460.2,0.39,False,False,False,False
TRC1608,SEC037,Traction,98.9,2.4,2025-05-31 06:00,2025-06-05 22:00,2025-06-05,119.5,0.498,True,False,False,True
TRC1610,SEC046,Traction,95.4,3.7,2025-11-17 06:00,2025-11-22 22:00,2025-11-22,99.9,0.27,True,False,False,True
TRC1611,SEC057,Traction,38.2,3.3,2025-06-16 06:00,2025-08-09 22:00,2025-08-09,114.5,0.347,True,False,False,False
TRC1613,SEC007,Traction,64.7,6.6,2025-10-22 06:00,2025-11-13 22:00,2025-11-13,312.8,0.474,True,False,False,True
TRC1615,SEC030,Traction,41.4,4.1,2025-10-03 06:00,2025-11-16 22:00,2025-11-16,167.7,0.409,True,False,False,True
TRC1616,SEC010,Traction,83.9,11.0,2025-05-27 06:00,2025-06-10 22:00,2025-06-10,514.8,0.468,False,False,False,False
TRC1619,SEC032,Traction,43.3,10.0,2025-12-18 06:00,2026-01-18 22:00,2026-01-18,349.0,0.349,True,False,False,True
TRC1620,SEC002,Traction,83.3,5.8,2025-09-07 06:00,2025-09-15 22:00,2025-09-15,197.8,0.341,True,False,False,True
TRC1622,SEC055,Traction,24.0,1.1,2025-06-03 06:00,2025-08-17 22:00,2025-08-17,23.2,0.211,False,False,False,True
TRC1623,SEC002,Traction,82.2,10.7,2025-12-11 06:00,2025-12-24 22:00,2025-12-24,364.9,0.341,True,False,False,True
TRC1626,SEC053,Traction,27.5,11.5,2025-10-24 06:00,2025-12-25 22:00,2025-12-25,287.5,0.25,False,False,False,False
TRC1628,SEC058,Traction,60.2,3.0,2025-04-18 06:00,2025-05-17 22:00,2025-05-17,81.9,0.273,True,False,False,True
TRC1630,SEC027,Traction,62.5,1.4,2025-05-28 06:00,2025-06-21 22:00,2025-06-21,50.0,0.357,True,False,False,True
TRC1631,SEC024,Traction,33.3,1.3,2025-01-15 06:00,2025-03-03 22:00,2025-03-03,53.7,0.413,True,False,False,True
TRC1632,SEC055,Traction,95.0,11.0,2025-01-12 06:00,2025-01-15 22:00,2025-01-15,232.1,0.211,False,False,False,False
TRC1634,SEC039,Traction,64.8,8.1,2025-02-19 06:00,2025-03-05 22:00,2025-03-05,290.8,0.359,True,False,False,True
TRC1635,SEC020,Traction,63.4,10.5,2025-01-29 06:00,2025-02-20 22:00,2025-02-20,403.2,0.384,True,False,False,True
TRC1637,SEC041,Traction,42.4,1.3,2025-06-22 06:00,2025-07-18 22:00,2025-07-18,27.3,0.21,True,False,False,True
TRC1642,SEC025,Traction,32.1,5.3,2025-04-17 06:00,2025-06-13 22:00,2025-06-13,255.5,0.482,False,False,False,True
TRC1644,SEC007,Traction,41.9,4.4,2025-06-22 06:00,2025-08-07 22:00,2025-08-07,208.6,0.474,True,False,False,True
TRC1645,SEC055,Traction,26.7,6.0,2025-12-11 06:00,2026-02-12 22:00,2026-02-12,126.6,0.211,True,False,False,True
TRC1646,SEC030,Traction,62.2,6.3,2025-10-19 06:00,2025-11-17 22:00,2025-11-17,257.7,0.409,True,False,False,True
TRC1647,SEC061,Traction,61.1,6.9,2025-03-22 06:00,2025-04-11 22:00,2025-04-11,142.1,0.206,True,False,False,True
TRC1648,SEC031,Traction,43.1,7.8,2025-01-06 06:00,2025-02-11 22:00,2025-02-11,315.9,0.405,False,False,False,True
TRC1649,SEC041,Traction,36.6,2.6,2025-11-09 06:00,2025-12-31 22:00,2025-12-31,54.6,0.21,True,False,False,True
TRC1652,SEC070,Traction,60.8,4.7,2025-07-15 06:00,2025-08-07 22:00,2025-08-07,107.2,0.228,True,False,False,True
TRC1659,SEC041,Traction,80.5,6.9,2025-01-16 06:00,2025-01-28 22:00,2025-01-28,144.9,0.21,True,False,False,True
TRC1670,SEC033,Traction,26.4,5.9,2025-10-11 06:00,2026-01-02 22:00,2026-01-02,290.3,0.492,True,False,False,True
TRC1672,SEC023,Traction,65.7,1.6,2025-03-31 06:00,2025-04-16 22:00,2025-04-16,72.5,0.453,False,False,False,False
TRC1673,SEC049,Traction,63.2,7.0,2025-01-11 06:00,2025-01-30 22:00,2025-01-30,230.3,0.329,True,False,False,True
TRC1675,SEC006,Traction,65.8,6.5,2025-03-06 06:00,2025-03-25 22:00,2025-03-25,325.7,0.501,True,False,False,True
TRC1678,SEC057,Traction,96.4,11.3,2025-08-01 06:00,2025-08-07 22:00,2025-08-07,392.1,0.347,True,False,False,False
TRC1680,SEC003,Traction,43.9,10.9,2025-05-24 06:00,2025-07-01 22:00,2025-07-01,536.3,0.492,True,False,False,True
TRC1683,SEC018,Traction,64.3,9.9,2025-09-05 06:00,2025-09-25 22:00,2025-09-25,411.8,0.416,True,False,False,True
TRC1688,SEC010,Traction,35.2,10.5,2025-12-09 06:00,2026-01-20 22:00,2026-01-20,491.4,0.468,False,False,False,True
TRC1691,SEC032,Traction,42.5,3.5,2025-06-28 06:00,2025-08-02 22:00,2025-08-02,122.2,0.349,True,False,False,True
TRC1693,SEC057,Traction,97.0,8.4,2025-04-05 06:00,2025-04-08 22:00,2025-04-08,291.5,0.347,False,False,False,True
TRC1696,SEC018,Traction,62.1,8.2,2025-01-07 06:00,2025-02-06 22:00,2025-02-06,341.1,0.416,False,False,False,True
TRC1697,SEC047,Traction,25.9,1.6,2025-05-06 06:00,2025-07-11 22:00,2025-07-11,32.6,0.204,True,False,False,True
TRC1699,SEC014,Traction,97.8,1.9,2025-04-16 06:00,2025-04-23 22:00,2025-04-23,86.3,0.454,False,False,False,True
TRC1702,SEC069,Traction,81.0,6.2,2025-07-14 06:00,2025-07-23 22:00,2025-07-23,124.0,0.2,True,False,False,False
TRC1714,SEC037,Traction,64.4,3.0,2025-03-03 06:00,2025-03-28 22:00,2025-03-28,149.4,0.498,False,False,False,True
TRC1716,SEC056,Traction,32.7,9.8,2025-01-07 06:00,2025-02-17 22:00,2025-02-17,279.3,0.285,False,False,False,True
TRC1718,SEC003,Traction,32.0,2.4,2025-11-06 06:00,2026-01-03 22:00,2026-01-03,118.1,0.492,False,False,False,False
TRC1723,SEC064,Traction,95.1,5.6,2025-09-06 06:00,2025-09-11 22:00,2025-09-11,137.2,0.245,False,False,False,True
TRC1725,SEC013,Traction,63.2,6.6,2025-05-31 06:00,2025-06-29 22:00,2025-06-29,313.5,0.475,True,False,False,True
TRC1726,SEC058,Traction,26.3,1.4,2025-04-17 06:00,2025-06-25 22:00,2025-06-25,38.2,0.273,False,False,False,True
TRC1730,SEC068,Traction,83.0,8.3,2025-12-07 06:00,2025-12-14 22:00,2025-12-14,254.0,0.306,False,False,False,True
TRC1735,SEC003,Traction,63.4,8.0,2025-01-14 06:00,2025-02-12 22:00,2025-02-12,393.6,0.492,True,False,False,True
TRC1736,SEC045,Traction,61.6,11.0,2025-09-18 06:00,2025-10-11 22:00,2025-10-11,308.0,0.28,False,False,False,False
TRC1737,SEC018,Traction,65.4,4.3,2025-04-08 06:00,2025-04-23 22:00,2025-04-23,178.9,0.416,False,False,False,True
TRC1739,SEC056,Traction,62.1,10.2,2025-02-04 06:00,2025-02-25 22:00,2025-02-25,290.7,0.285,True,False,False,True
TRC1742,SEC016,Traction,30.3,4.7,2025-01-05 06:00,2025-03-07 22:00,2025-03-07,199.3,0.424,True,False,False,True
TRC1743,SEC039,Traction,25.1,7.4,2025-03-27 06:00,2025-06-15 22:00,2025-06-15,265.7,0.359,True,False,False,True
TRC1746,SEC021,Traction,83.9,9.0,2025-07-26 06:00,2025-08-07 22:00,2025-08-07,392.4,0.436,True,False,False,True
TRC1748,SEC023,Traction,43.8,3.9,2025-09-20 06:00,2025-10-26 22:00,2025-10-26,176.7,0.453,False,False,False,True
TRC1749,SEC052,Traction,61.3,3.5,2025-07-04 06:00,2025-07-23 22:00,2025-07-23,70.0,0.2,True,False,False,True
TRC1751,SEC031,Traction,63.5,1.6,2025-01-03 06:00,2025-01-26 22:00,2025-01-26,64.8,0.405,True,False,False,False
TRC1753,SEC050,Traction,38.0,6.5,2025-01-27 06:00,2025-03-13 22:00,2025-03-13,130.0,0.2,False,False,False,False
TRC1754,SEC012,Traction,43.5,8.6,2025-02-12 06:00,2025-03-18 22:00,2025-03-18,347.4,0.404,True,False,False,False
TRC1757,SEC015,Traction,41.1,1.3,2025-04-20 06:00,2025-06-07 22:00,2025-06-07,58.5,0.45,True,False,False,True
TRC1759,SEC060,Traction,60.8,6.0,2025-11-04 06:00,2025-11-25 22:00,2025-11-25,120.0,0.2,True,False,False,True
TRC1760,SEC004,Traction,43.7,11.2,2025-02-06 06:00,2025-03-13 22:00,2025-03-13,487.2,0.435,False,False,False,True
TRC1763,SEC025,Traction,84.6,5.2,2025-10-23 06:00,2025-11-04 22:00,2025-11-04,250.6,0.482,True,False,False,True
TRC1765,SEC026,Traction,65.1,4.3,2025-09-05 06:00,2025-09-28 22:00,2025-09-28,221.9,0.516,False,False,False,False
TRC1766,SEC008,Traction,27.9,10.3,2025-02-08 06:00,2025-04-23 22:00,2025-04-23,468.6,0.455,True,False,False,True
TRC1768,SEC044,Traction,96.8,6.8,2025-02-07 06:00,2025-02-11 22:00,2025-02-11,236.0,0.347,True,False,False,True
TRC1771,SEC040,Traction,80.5,4.7,2025-04-29 06:00,2025-05-13 22:00,2025-05-13,113.7,0.242,True,False,False,True
TRC1773,SEC036,Traction,44.6,7.0,2025-01-14 06:00,2025-02-20 22:00,2025-02-20,364.7,0.521,True,False,False,True
TRC1775,SEC050,Traction,81.2,3.6,2025-02-22 06:00,2025-03-02 22:00,2025-03-02,72.0,0.2,False,False,False,True
TRC1776,SEC012,Traction,39.5,3.6,2025-08-23 06:00,2025-10-14 22:00,2025-10-14,145.4,0.404,True,False,False,True
TRC1779,SEC059,Traction,81.0,7.3,2025-06-24 06:00,2025-07-03 22:00,2025-07-03,146.7,0.201,False,False,False,True
TRC1780,SEC053,Traction,82.0,1.5,2025-08-03 06:00,2025-08-11 22:00,2025-08-11,37.5,0.25,False,False,False,True
TRC1782,SEC072,Traction,61.9,3.1,2025-06-25 06:00,2025-07-14 22:00,2025-07-14,74.4,0.24,False,False,False,True
TRC1783,SEC021,Traction,62.8,10.8,2025-04-03 06:00,2025-05-01 22:00,2025-05-01,470.9,0.436,False,False,False,True
TRC1784,SEC022,Traction,25.4,1.9,2025-09-29 06:00,2025-12-19 22:00,2025-12-19,74.1,0.39,True,False,False,True
TRC1792,SEC040,Traction,95.2,5.4,2025-08-18 06:00,2025-08-22 22:00,2025-08-22,130.7,0.242,True,False,False,True
TRC1794,SEC020,Traction,96.7,4.6,2025-11-22 06:00,2025-11-29 22:00,2025-11-29,176.6,0.384,True,False,False,True
TRC1795,SEC033,Traction,65.0,10.0,2025-12-18 06:00,2026-01-09 22:00,2026-01-09,492.0,0.492,True,False,False,False
TRC1796,SEC011,Traction,42.0,1.6,2025-03-15 06:00,2025-04-30 22:00,2025-04-30,77.4,0.484,False,False,False,False
TRC1797,SEC049,Traction,82.9,10.6,2025-11-22 06:00,2025-12-01 22:00,2025-12-01,348.7,0.329,True,False,False,True
TRC1798,SEC035,Traction,42.0,8.8,2025-11-11 06:00,2025-12-27 22:00,2025-12-27,424.2,0.482,True,False,False,True
TRC1799,SEC013,Traction,84.9,5.3,2025-09-15 06:00,2025-09-25 22:00,2025-09-25,251.8,0.475,True,False,False,True
TRC1802,SEC038,Traction,83.1,10.7,2025-08-25 06:00,2025-09-08 22:00,2025-09-08,439.8,0.411,True,False,False,False
TRC1803,SEC041,Traction,34.8,3.1,2025-12-03 06:00,2026-02-01 22:00,2026-02-01,65.1,0.21,True,False,False,False
TRC1804,SEC065,Traction,39.5,11.9,2025-06-27 06:00,2025-08-10 22:00,2025-08-10,341.5,0.287,True,False,False,False
TRC1805,SEC026,Traction,41.4,2.9,2025-02-20 06:00,2025-04-12 22:00,2025-04-12,149.6,0.516,True,False,False,True
TRC1806,SEC030,Traction,62.6,7.1,2025-06-29 06:00,2025-07-26 22:00,2025-07-26,290.4,0.409,True,False,False,True
TRC1808,SEC004,Traction,38.2,4.5,2025-01-24 06:00,2025-03-25 22:00,2025-03-25,195.8,0.435,True,False,False,True
TRC1811,SEC002,Traction,63.6,6.7,2025-02-01 06:00,2025-02-19 22:00,2025-02-19,228.5,0.341,True,False,False,True
TRC1812,SEC055,Traction,42.4,6.3,2025-05-11 06:00,2025-06-06 22:00,2025-06-06,132.9,0.211,True,False,False,True
TRC1815,SEC033,Traction,84.7,11.1,2025-12-04 06:00,2025-12-16 22:00,2025-12-16,546.1,0.492,True,False,False,True
TRC1816,SEC014,Traction,63.1,3.2,2025-01-17 06:00,2025-02-14 22:00,2025-02-14,145.3,0.454,False,False,False,True
TRC1818,SEC010,Traction,38.7,6.7,2025-12-18 06:00,2026-02-16 22:00,2026-02-16,313.6,0.468,True,False,False,True
TRC1822,SEC047,Traction,81.1,6.6,2025-07-04 06:00,2025-07-13 22:00,2025-07-13,134.6,0.204,True,False,False,True
TRC1823,SEC054,Traction,59.7,4.1,2025-07-03 06:00,2025-07-31 22:00,2025-07-31,93.1,0.227,True,False,False,True
TRC1826,SEC047,Traction,62.0,8.3,2025-09-18 06:00,2025-10-04 22:00,2025-10-04,169.3,0.204,False,False,False,True
TRC1827,SEC056,Traction,60.8,4.7,2025-11-21 06:00,2025-12-18 22:00,2025-12-18,134.0,0.285,False,False,False,True
TRC1828,SEC029,Traction,84.3,11.0,2025-09-20 06:00,2025-10-05 22:00,2025-10-05,563.2,0.512,False,False,False,True
TRC1829,SEC051,Traction,60.8,2.0,2025-03-06 06:00,2025-03-31 22:00,2025-03-31,51.6,0.258,True,False,False,True
TRC1830,SEC001,Traction,63.1,1.3,2025-09-12 06:00,2025-10-08 22:00,2025-10-08,55.4,0.426,False,False,False,True
TRC1831,SEC025,Traction,41.8,10.5,2025-07-30 06:00,2025-09-15 22:00,2025-09-15,506.1,0.482,False,False,False,False
TRC1832,SEC023,Traction,65.1,5.4,2025-08-25 06:00,2025-09-13 22:00,2025-09-13,244.6,0.453,False,False,False,False
TRC1835,SEC021,Traction,38.2,6.2,2025-11-23 06:00,2026-01-22 22:00,2026-01-22,270.3,0.436,True,False,False,True
TRC1836,SEC029,Traction,67.1,3.9,2025-04-22 06:00,2025-05-06 22:00,2025-05-06,199.7,0.512,True,False,False,False
TRC1837,SEC015,Traction,43.5,3.5,2025-06-04 06:00,2025-07-11 22:00,2025-07-11,157.5,0.45,False,False,False,True
TRC1838,SEC039,Traction,62.6,5.9,2025-11-28 06:00,2025-12-22 22:00,2025-12-22,211.8,0.359,True,False,False,False
TRC1839,SEC040,Traction,26.2,8.0,2025-10-25 06:00,2025-12-31 22:00,2025-12-31,193.6,0.242,True,False,False,False
TRC1841,SEC008,Traction,31.4,9.0,2025-06-06 06:00,2025-08-03 22:00,2025-08-03,409.5,0.455,True,False,False,True
TRC1843,SEC031,Traction,28.7,6.7,2025-11-22 06:00,2026-01-28 22:00,2026-01-28,271.4,0.405,False,False,False,True
TRC1844,SEC075,Traction,38.0,9.1,2025-03-08 06:00,2025-04-22 22:00,2025-04-22,182.0,0.2,True,False,False,True
TRC1845,SEC046,Traction,61.0,2.0,2025-07-10 06:00,2025-08-04 22:00,2025-08-04,54.0,0.27,True,False,False,True
TRC1847,SEC063,Traction,27.2,3.7,2025-10-23 06:00,2025-12-22 22:00,2025-12-22,75.1,0.203,True,False,False,True
TRC1848,SEC054,Traction,60.1,10.5,2025-11-19 06:00,2025-12-15 22:00,2025-12-15,238.4,0.227,False,False,False,True
TRC1849,SEC046,Traction,24.2,7.7,2025-07-27 06:00,2025-10-13 22:00,2025-10-13,207.9,0.27,True,False,False,False
TRC1854,SEC015,Traction,84.5,2.3,2025-09-05 06:00,2025-09-15 22:00,2025-09-15,103.5,0.45,False,False,False,True
TRC1855,SEC028,Traction,34.4,4.6,2025-11-14 06:00,2026-01-02 22:00,2026-01-02,238.7,0.519,True,False,False,True
TRC1857,SEC052,Traction,61.1,7.0,2025-06-20 06:00,2025-07-10 22:00,2025-07-10,140.0,0.2,False,False,False,True
TRC1858,SEC072,Traction,62.5,7.7,2025-09-17 06:00,2025-10-03 22:00,2025-10-03,184.8,0.24,False,False,False,True
TRC1865,SEC011,Traction,85.5,3.4,2025-05-12 06:00,2025-05-20 22:00,2025-05-20,164.6,0.484,True,False,False,True
TRC1867,SEC018,Traction,65.2,10.3,2025-04-12 06:00,2025-04-28 22:00,2025-04-28,428.5,0.416,True,False,False,True
TRC1870,SEC040,Traction,62.1,7.7,2025-08-20 06:00,2025-09-07 22:00,2025-09-07,186.3,0.242,False,False,False,True
TRC1872,SEC012,Traction,41.3,11.3,2025-09-13 06:00,2025-10-27 22:00,2025-10-27,456.5,0.404,False,False,False,True
TRC1873,SEC003,Traction,85.4,1.3,2025-04-09 06:00,2025-04-18 22:00,2025-04-18,64.0,0.492,True,False,False,True
TRC1876,SEC009,Traction,63.9,8.5,2025-11-11 06:00,2025-12-03 22:00,2025-12-03,355.3,0.418,True,False,False,True
TRC1877,SEC074,Traction,61.2,8.3,2025-05-01 06:00,2025-05-23 22:00,2025-05-23,199.2,0.24,False,False,False,True
TRC1878,SEC026,Traction,34.1,11.5,2025-05-23 06:00,2025-07-12 22:00,2025-07-12,593.4,0.516,False,False,False,False
TRC1881,SEC055,Traction,41.5,10.5,2025-07-26 06:00,2025-08-25 22:00,2025-08-25,221.6,0.211,True,False,False,True
TRC1882,SEC020,Traction,26.1,7.2,2025-03-29 06:00,2025-06-14 22:00,2025-06-14,276.5,0.384,False,False,False,False
TRC1883,SEC028,Traction,99.0,4.1,2025-09-16 06:00,2025-09-22 22:00,2025-09-22,212.8,0.519,True,False,False,True
TRC1884,SEC039,Traction,83.6,6.9,2025-05-08 06:00,2025-05-16 22:00,2025-05-16,247.7,0.359,True,False,False,True
TRC1886,SEC028,Traction,44.8,5.5,2025-10-15 06:00,2025-11-20 22:00,2025-11-20,285.4,0.519,False,False,False,True
TRC1887,SEC021,Traction,83.2,4.7,2025-11-08 06:00,2025-11-23 22:00,2025-11-23,204.9,0.436,False,False,False,True
TRC1891,SEC019,Traction,42.5,4.0,2025-12-08 06:00,2026-01-21 22:00,2026-01-21,195.2,0.488,True,False,False,False
TRC1893,SEC018,Traction,64.5,10.1,2025-11-13 06:00,2025-12-02 22:00,2025-12-02,420.2,0.416,True,False,False,True
TRC1894,SEC047,Traction,94.0,3.9,2025-11-10 06:00,2025-11-17 22:00,2025-11-17,79.6,0.204,False,False,False,True
TRC1895,SEC035,Traction,35.2,1.8,2025-02-23 06:00,2025-04-07 22:00,2025-04-07,86.8,0.482,False,False,False,True
TRC1897,SEC005,Traction,85.0,3.9,2025-04-06 06:00,2025-04-19 22:00,2025-04-19,205.9,0.528,True,False,False,True
TRC1898,SEC045,Traction,82.6,5.5,2025-09-12 06:00,2025-09-19 22:00,2025-09-19,154.0,0.28,True,False,False,True
TRC1901,SEC067,Traction,23.4,10.7,2025-07-02 06:00,2025-09-21 22:00,2025-09-21,276.1,0.258,True,False,False,False
TRC1905,SEC019,Traction,43.2,8.8,2025-06-20 06:00,2025-07-31 22:00,2025-07-31,429.4,0.488,True,False,False,True
TRC1910,SEC014,Traction,63.8,2.0,2025-09-23 06:00,2025-10-18 22:00,2025-10-18,90.8,0.454,True,False,False,False
TRC1911,SEC026,Traction,99.1,1.2,2025-04-17 06:00,2025-04-22 22:00,2025-04-22,61.9,0.516,True,False,False,True
TRC1915,SEC046,Traction,82.3,3.3,2025-05-15 06:00,2025-05-23 22:00,2025-05-23,89.1,0.27,True,False,False,True
TRC1919,SEC024,Traction,65.6,11.9,2025-10-04 06:00,2025-10-18 22:00,2025-10-18,491.5,0.413,True,False,False,True
TRC1921,SEC021,Traction,65.3,8.4,2025-07-08 06:00,2025-07-25 22:00,2025-07-25,366.2,0.436,False,False,False,True
TRC1926,SEC050,Traction,80.8,7.6,2025-11-12 06:00,2025-11-22 22:00,2025-11-22,152.0,0.2,False,False,False,True
TRC1928,SEC044,Traction,61.5,2.2,2025-01-12 06:00,2025-02-09 22:00,2025-02-09,76.3,0.347,False,False,False,True
TRC1931,SEC021,Traction,62.4,2.7,2025-07-09 06:00,2025-08-08 22:00,2025-08-08,117.7,0.436,False,False,False,True
TRC1933,SEC043,Traction,62.5,2.8,2025-06-10 06:00,2025-07-02 22:00,2025-07-02,91.6,0.327,True,False,False,True
TRC1934,SEC023,Traction,97.7,5.5,2025-12-01 06:00,2025-12-08 22:00,2025-12-08,249.2,0.453,False,False,False,False
TRC1938,SEC045,Traction,81.5,4.8,2025-09-22 06:00,2025-10-04 22:00,2025-10-04,134.4,0.28,True,False,False,False
TRC1940,SEC028,Traction,99.0,1.1,2025-01-22 06:00,2025-01-28 22:00,2025-01-28,57.1,0.519,True,False,False,True
TRC1943,SEC048,Traction,36.7,3.7,2025-03-08 06:00,2025-05-04 22:00,2025-05-04,108.4,0.293,True,False,False,True
TRC1945,SEC013,Traction,84.5,11.6,2025-08-28 06:00,2025-09-09 22:00,2025-09-09,551.0,0.475,True,False,False,True
TRC1947,SEC032,Traction,81.9,9.0,2025-02-15 06:00,2025-03-02 22:00,2025-03-02,314.1,0.349,True,False,False,False
TRC1949,SEC065,Traction,38.4,6.2,2025-03-31 06:00,2025-05-19 22:00,2025-05-19,177.9,0.287,True,False,False,True
TRC1953,SEC054,Traction,62.3,5.7,2025-10-29 06:00,2025-11-14 22:00,2025-11-14,129.4,0.227,True,False,False,True
TRC1955,SEC034,Traction,39.9,11.5,2025-11-26 06:00,2026-01-11 22:00,2026-01-11,389.9,0.339,False,False,False,True
TRC1956,SEC066,Traction,42.4,1.3,2025-03-04 06:00,2025-04-03 22:00,2025-04-03,35.1,0.27,True,False,False,False
TRC1957,SEC008,Traction,29.4,2.8,2025-01-04 06:00,2025-03-12 22:00,2025-03-12,127.4,0.455,True,False,False,True
TRC1959,SEC020,Traction,97.1,6.0,2025-01-17 06:00,2025-01-22 22:00,2025-01-22,230.4,0.384,False,False,False,False
TRC1960,SEC049,Traction,82.5,3.5,2025-11-09 06:00,2025-11-20 22:00,2025-11-20,115.2,0.329,False,False,False,False
TRC1961,SEC017,Traction,82.4,1.1,2025-07-26 06:00,2025-08-10 22:00,2025-08-10,42.2,0.384,False,False,False,True
TRC1964,SEC035,Traction,98.4,11.9,2025-10-19 06:00,2025-10-25 22:00,2025-10-25,573.6,0.482,False,False,False,True
TRC1965,SEC013,Traction,85.1,11.5,2025-11-22 06:00,2025-12-01 22:00,2025-12-01,546.2,0.475,True,False,False,True
TRC1966,SEC070,Traction,95.3,5.9,2025-08-29 06:00,2025-09-01 22:00,2025-09-01,134.5,0.228,True,False,False,False
TRC1971,SEC029,Traction,65.5,5.1,2025-09-27 06:00,2025-10-18 22:00,2025-10-18,261.1,0.512,True,False,False,True
TRC1973,SEC025,Traction,63.3,7.1,2025-01-19 06:00,2025-02-17 22:00,2025-02-17,342.2,0.482,True,False,False,True
TRC1974,SEC022,Traction,83.2,2.4,2025-09-30 06:00,2025-10-12 22:00,2025-10-12,93.6,0.39,False,False,False,True
TRC1985,SEC047,Traction,40.9,8.0,2025-01-24 06:00,2025-02-25 22:00,2025-02-25,163.2,0.204,False,False,False,True
TRC1987,SEC071,Traction,81.1,11.4,2025-09-27 06:00,2025-10-07 22:00,2025-10-07,253.1,0.222,True,False,False,True
TRC1988,SEC026,Traction,63.8,7.0,2025-05-02 06:00,2025-05-31 22:00,2025-05-31,361.2,0.516,False,False,False,True
TRC1989,SEC070,Traction,36.6,2.4,2025-07-08 06:00,2025-08-30 22:00,2025-08-30,54.7,0.228,False,False,False,False
TRC1990,SEC071,Traction,80.0,5.5,2025-08-30 06:00,2025-09-14 22:00,2025-09-14,122.1,0.222,True,False,False,True
TRC1993,SEC027,Traction,83.8,3.4,2025-05-09 06:00,2025-05-16 22:00,2025-05-16,121.4,0.357,True,False,False,True
TRC1994,SEC061,Traction,40.1,9.3,2025-01-13 06:00,2025-02-18 22:00,2025-02-18,191.6,0.206,False,False,False,False
TRC1999,SEC063,Traction,60.0,1.0,2025-03-13 06:00,2025-04-07 22:00,2025-04-07,20.3,0.203,True,False,False,True
TRC2000,SEC050,Traction,38.7,8.0,2025-08-03 06:00,2025-09-14 22:00,2025-09-14,160.0,0.2,False,False,False,True
TRC2005,SEC075,Traction,30.1,3.2,2025-01-07 06:00,2025-02-23 22:00,2025-02-23,64.0,0.2,False,False,False,False
TRC2007,SEC033,Traction,41.7,5.8,2025-08-31 06:00,2025-10-18 22:00,2025-10-18,285.4,0.492,True,False,False,True
TRC2010,SEC015,Traction,26.7,7.4,2025-10-19 06:00,2026-01-06 22:00,2026-01-06,333.0,0.45,True,False,False,False
TRC2012,SEC062,Traction,62.4,4.7,2025-12-01 06:00,2025-12-15 22:00,2025-12-15,94.0,0.2,True,False,False,True
TRC2018,SEC053,Traction,62.5,5.0,2025-08-28 06:00,2025-09-14 22:00,2025-09-14,125.0,0.25,False,False,False,True
TRC2020,SEC017,Traction,96.7,10.7,2025-03-22 06:00,2025-03-29 22:00,2025-03-29,410.9,0.384,True,False,False,True
TRC2022,SEC017,Traction,62.7,10.0,2025-09-06 06:00,2025-10-01 22:00,2025-10-01,384.0,0.384,True,False,False,True
TRC2026,SEC061,Traction,80.0,3.2,2025-12-20 06:00,2026-01-03 22:00,2026-01-03,65.9,0.206,True,False,False,True
TRC2027,SEC019,Traction,63.2,9.3,2025-10-06 06:00,2025-11-05 22:00,2025-11-05,453.8,0.488,True,False,False,True
TRC2028,SEC036,Traction,84.7,2.8,2025-10-26 06:00,2025-11-09 22:00,2025-11-09,145.9,0.521,True,False,False,True
TRC2031,SEC026,Traction,41.0,2.6,2025-12-09 06:00,2026-01-31 22:00,2026-01-31,134.2,0.516,False,False,False,False
TRC2033,SEC023,Traction,44.7,7.1,2025-05-13 06:00,2025-06-14 22:00,2025-06-14,321.6,0.453,False,False,False,True
TRC2034,SEC060,Traction,40.9,8.0,2025-03-30 06:00,2025-05-01 22:00,2025-05-01,160.0,0.2,True,False,False,True
TRC2037,SEC051,Traction,38.6,11.9,2025-05-07 06:00,2025-06-22 22:00,2025-06-22,307.0,0.258,True,False,False,True
TRC2038,SEC067,Traction,37.3,6.6,2025-09-06 06:00,2025-10-28 22:00,2025-10-28,170.3,0.258,True,False,False,False
TRC2041,SEC027,Traction,23.3,5.0,2025-05-06 06:00,2025-08-02 22:00,2025-08-02,178.5,0.357,True,False,False,True
TRC2045,SEC045,Traction,61.8,1.9,2025-02-16 06:00,2025-03-10 22:00,2025-03-10,53.2,0.28,False,False,False,False
TRC2046,SEC023,Traction,41.6,9.9,2025-01-02 06:00,2025-02-17 22:00,2025-02-17,448.5,0.453,False,False,False,True
TRC2048,SEC009,Traction,64.1,6.1,2025-12-09 06:00,2025-12-30 22:00,2025-12-30,255.0,0.418,True,False,False,True
TRC2050,SEC061,Traction,38.5,3.2,2025-01-31 06:00,2025-03-15 22:00,2025-03-15,65.9,0.206,False,False,False,True
TRC2052,SEC054,Traction,59.2,11.7,2025-12-11 06:00,2026-01-10 22:00,2026-01-10,265.6,0.227,True,False,False,True
TRC2053,SEC066,Traction,60.1,9.6,2025-11-02 06:00,2025-12-01 22:00,2025-12-01,259.2,0.27,False,False,False,True
TRC2054,SEC003,Traction,63.4,6.9,2025-09-23 06:00,2025-10-22 22:00,2025-10-22,339.5,0.492,False,False,False,True
TRC2055,SEC029,Traction,64.6,6.2,2025-05-03 06:00,2025-05-28 22:00,2025-05-28,317.4,0.512,True,False,False,True
TRC2056,SEC032,Traction,24.7,6.7,2025-12-21 06:00,2026-03-12 22:00,2026-03-12,233.8,0.349,True,False,False,False
TRC2058,SEC038,Traction,62.4,4.9,2025-10-04 06:00,2025-11-01 22:00,2025-11-01,201.4,0.411,True,False,False,True
TRC2060,SEC017,Traction,32.8,5.2,2025-10-28 06:00,2025-12-14 22:00,2025-12-14,199.7,0.384,True,False,False,True
TRC2061,SEC070,Traction,37.5,1.9,2025-06-16 06:00,2025-08-04 22:00,2025-08-04,43.3,0.228,True,False,False,True
TRC2065,SEC035,Traction,66.0,10.0,2025-05-30 06:00,2025-06-16 22:00,2025-06-16,482.0,0.482,True,False,False,True
TRC2066,SEC064,Traction,94.8,6.2,2025-10-27 06:00,2025-11-02 22:00,2025-11-02,151.9,0.245,True,False,False,True
TRC2069,SEC064,Traction,40.5,4.0,2025-08-30 06:00,2025-10-06 22:00,2025-10-06,98.0,0.245,False,False,False,True
TRC2070,SEC016,Traction,39.8,9.7,2025-11-02 06:00,2025-12-24 22:00,2025-12-24,411.3,0.424,True,False,False,True
TRC2071,SEC040,Traction,62.1,9.0,2025-04-25 06:00,2025-05-13 22:00,2025-05-13,217.8,0.242,False,False,False,True
TRC2073,SEC022,Traction,27.4,3.0,2025-05-20 06:00,2025-07-31 22:00,2025-07-31,117.0,0.39,True,False,False,True
TRC2074,SEC038,Traction,63.3,11.9,2025-07-16 06:00,2025-08-09 22:00,2025-08-09,489.1,0.411,True,False,False,True
TRC2075,SEC070,Traction,42.4,6.5,2025-04-24 06:00,2025-05-21 22:00,2025-05-21,148.2,0.228,True,False,False,True
TRC2077,SEC017,Traction,40.5,10.0,2025-03-08 06:00,2025-04-23 22:00,2025-04-23,384.0,0.384,True,False,False,True
TRC2078,SEC011,Traction,98.4,2.3,2025-04-21 06:00,2025-04-27 22:00,2025-04-27,111.3,0.484,False,False,False,False
TRC2080,SEC010,Traction,65.3,3.0,2025-10-01 06:00,2025-10-20 22:00,2025-10-20,140.4,0.468,True,False,False,True
TRC2082,SEC074,Traction,60.8,9.6,2025-01-28 06:00,2025-02-21 22:00,2025-02-21,230.4,0.24,False,False,False,True
TRC2083,SEC004,Traction,62.6,8.6,2025-04-10 06:00,2025-05-09 22:00,2025-05-09,374.1,0.435,True,False,False,True
TRC2086,SEC059,Traction,40.2,4.7,2025-05-12 06:00,2025-06-16 22:00,2025-06-16,94.5,0.201,True,False,False,True
TRC2087,SEC058,Traction,81.2,1.5,2025-08-30 06:00,2025-09-12 22:00,2025-09-12,41.0,0.273,True,False,False,True
TRC2089,SEC054,Traction,59.7,3.3,2025-09-10 06:00,2025-10-08 22:00,2025-10-08,74.9,0.227,True,False,False,True
TRC2090,SEC068,Traction,96.2,7.5,2025-03-11 06:00,2025-03-15 22:00,2025-03-15,229.5,0.306,True,False,False,False
TRC2092,SEC030,Traction,62.4,10.3,2025-01-20 06:00,2025-02-17 22:00,2025-02-17,421.3,0.409,True,False,False,True
TRC2096,SEC031,Traction,38.2,8.9,2025-02-20 06:00,2025-04-19 22:00,2025-04-19,360.4,0.405,True,False,False,True
TRC2101,SEC003,Traction,63.9,1.8,2025-04-09 06:00,2025-05-06 22:00,2025-05-06,88.6,0.492,True,False,False,True
TRC2104,SEC066,Traction,81.6,9.6,2025-04-09 06:00,2025-04-20 22:00,2025-04-20,259.2,0.27,True,False,False,False
TRC2106,SEC042,Traction,82.4,11.3,2025-08-01 06:00,2025-08-10 22:00,2025-08-10,328.8,0.291,True,False,False,True
TRC2107,SEC066,Traction,62.8,7.7,2025-01-20 06:00,2025-02-06 22:00,2025-02-06,207.9,0.27,False,False,False,True
TRC2108,SEC015,Traction,65.7,8.7,2025-10-19 06:00,2025-11-04 22:00,2025-11-04,391.5,0.45,True,False,False,True
TRC2111,SEC022,Traction,82.7,7.1,2025-05-17 06:00,2025-05-31 22:00,2025-05-31,276.9,0.39,False,False,False,True
TRC2114,SEC014,Traction,42.7,7.5,2025-07-13 06:00,2025-08-23 22:00,2025-08-23,340.5,0.454,True,False,False,False
TRC2115,SEC075,Traction,59.9,8.1,2025-09-20 06:00,2025-10-15 22:00,2025-10-15,162.0,0.2,False,False,False,True
TRC2120,SEC069,Traction,80.8,5.0,2025-04-19 06:00,2025-04-29 22:00,2025-04-29,100.0,0.2,False,False,False,False
TRC2122,SEC037,Traction,63.3,9.1,2025-08-18 06:00,2025-09-17 22:00,2025-09-17,453.2,0.498,True,False,False,True
TRC2126,SEC056,Traction,81.8,3.0,2025-06-01 06:00,2025-06-12 22:00,2025-06-12,85.5,0.285,True,False,False,False
TRC2127,SEC052,Traction,41.1,4.5,2025-07-22 06:00,2025-08-22 22:00,2025-08-22,90.0,0.2,False,False,False,True
TRC2129,SEC050,Traction,38.4,7.6,2025-05-01 06:00,2025-06-13 22:00,2025-06-13,152.0,0.2,False,False,False,True
TRC2133,SEC030,Traction,98.0,6.0,2025-01-21 06:00,2025-01-24 22:00,2025-01-24,245.4,0.409,True,False,False,True
TRC2135,SEC023,Traction,25.4,6.0,2025-02-08 06:00,2025-05-04 22:00,2025-05-04,271.8,0.453,False,False,False,True
TRC2139,SEC036,Traction,29.1,10.7,2025-03-22 06:00,2025-06-03 22:00,2025-06-03,557.5,0.521,False,False,False,True
TRC2144,SEC054,Traction,36.6,11.0,2025-04-17 06:00,2025-06-09 22:00,2025-06-09,249.7,0.227,True,False,False,True
TRC2147,SEC031,Traction,64.4,9.7,2025-11-14 06:00,2025-12-03 22:00,2025-12-03,392.8,0.405,False,False,False,True
TRC2148,SEC044,Traction,83.0,3.5,2025-06-15 06:00,2025-06-25 22:00,2025-06-25,121.4,0.347,True,False,False,True
TRC2151,SEC029,Traction,67.1,10.2,2025-07-03 06:00,2025-07-17 22:00,2025-07-17,522.2,0.512,True,False,False,True
TRC2152,SEC024,Traction,39.6,6.5,2025-07-29 06:00,2025-09-19 22:00,2025-09-19,268.4,0.413,True,False,False,True
TRC2153,SEC039,Traction,43.7,5.9,2025-12-16 06:00,2026-01-15 22:00,2026-01-15,211.8,0.359,True,False,False,True
TRC2155,SEC072,Traction,37.7,5.6,2025-06-03 06:00,2025-07-22 22:00,2025-07-22,134.4,0.24,False,False,False,True
TRC2156,SEC015,Traction,28.5,3.3,2025-07-29 06:00,2025-10-08 22:00,2025-10-08,148.5,0.45,False,False,False,True
TRC2157,SEC054,Traction,61.5,2.5,2025-04-06 06:00,2025-04-26 22:00,2025-04-26,56.8,0.227,True,False,False,True
TRC2164,SEC046,Traction,61.4,7.8,2025-06-23 06:00,2025-07-16 22:00,2025-07-16,210.6,0.27,False,False,False,True
TRC2166,SEC014,Traction,64.9,5.3,2025-06-28 06:00,2025-07-18 22:00,2025-07-18,240.6,0.454,True,False,False,True
TRC2173,SEC028,Traction,66.7,10.4,2025-09-03 06:00,2025-09-19 22:00,2025-09-19,539.8,0.519,False,False,False,True
TRC2174,SEC021,Traction,65.3,2.2,2025-09-13 06:00,2025-09-30 22:00,2025-09-30,95.9,0.436,False,False,False,True
TRC2175,SEC032,Traction,40.5,1.2,2025-08-19 06:00,2025-10-02 22:00,2025-10-02,41.9,0.349,True,False,False,True
TRC2179,SEC004,Traction,83.2,2.0,2025-06-18 06:00,2025-07-03 22:00,2025-07-03,87.0,0.435,True,False,False,True
TRC2181,SEC017,Traction,33.7,9.2,2025-05-11 06:00,2025-06-23 22:00,2025-06-23,353.3,0.384,False,False,False,True
TRC2182,SEC059,Traction,40.0,10.7,2025-09-16 06:00,2025-10-22 22:00,2025-10-22,215.1,0.201,True,False,False,True
TRC2184,SEC022,Traction,83.8,3.3,2025-05-09 06:00,2025-05-18 22:00,2025-05-18,128.7,0.39,True,False,False,True
TRC2186,SEC012,Traction,42.4,12.0,2025-09-21 06:00,2025-10-30 22:00,2025-10-30,484.8,0.404,True,False,False,True
TRC2190,SEC026,Traction,34.4,11.9,2025-08-11 06:00,2025-09-29 22:00,2025-09-29,614.0,0.516,False,False,False,False
TRC2192,SEC023,Traction,63.1,3.1,2025-09-22 06:00,2025-10-20 22:00,2025-10-20,140.4,0.453,True,False,False,True
TRC2193,SEC021,Traction,62.6,3.1,2025-09-10 06:00,2025-10-09 22:00,2025-10-09,135.2,0.436,False,False,False,True
TRC2196,SEC036,Traction,99.4,6.1,2025-09-17 06:00,2025-09-21 22:00,2025-09-21,317.8,0.521,True,False,False,True
TRC2197,SEC037,Traction,85.0,11.3,2025-12-01 06:00,2025-12-12 22:00,2025-12-12,562.7,0.498,True,False,False,True
TRC2199,SEC061,Traction,80.9,9.7,2025-12-20 06:00,2025-12-30 22:00,2025-12-30,199.8,0.206,True,False,False,True
TRC2201,SEC063,Traction,80.6,7.6,2025-06-22 06:00,2025-07-03 22:00,2025-07-03,154.3,0.203,True,False,False,True
TRC2204,SEC068,Traction,81.3,4.6,2025-02-04 06:00,2025-02-19 22:00,2025-02-19,140.8,0.306,False,False,False,False
TRC2206,SEC043,Traction,63.0,9.0,2025-10-17 06:00,2025-11-06 22:00,2025-11-06,294.3,0.327,True,False,False,True
TRC2209,SEC038,Traction,41.6,3.0,2025-04-06 06:00,2025-05-19 22:00,2025-05-19,123.3,0.411,True,False,False,True
TRC2210,SEC072,Traction,36.4,4.9,2025-01-04 06:00,2025-02-28 22:00,2025-02-28,117.6,0.24,False,False,False,True
TRC2211,SEC045,Traction,61.6,10.7,2025-11-25 06:00,2025-12-18 22:00,2025-12-18,299.6,0.28,True,False,False,True
TRC2215,SEC073,Traction,61.6,8.8,2025-11-10 06:00,2025-11-28 22:00,2025-11-28,183.0,0.208,True,False,False,True
TRC2219,SEC012,Traction,97.7,8.0,2025-12-20 06:00,2025-12-24 22:00,2025-12-24,323.2,0.404,True,False,False,True
TRC2221,SEC032,Traction,33.8,1.9,2025-04-30 06:00,2025-06-09 22:00,2025-06-09,66.3,0.349,False,False,False,True
TRC2222,SEC062,Traction,94.8,4.5,2025-05-16 06:00,2025-05-19 22:00,2025-05-19,90.0,0.2,True,False,False,True
TRC2223,SEC043,Traction,63.8,2.0,2025-12-17 06:00,2026-01-02 22:00,2026-01-02,65.4,0.327,False,False,False,True
TRC2225,SEC046,Traction,26.0,12.0,2025-03-21 06:00,2025-05-30 22:00,2025-05-30,324.0,0.27,True,False,False,True
TRC2229,SEC072,Traction,39.7,2.8,2025-11-23 06:00,2026-01-02 22:00,2026-01-02,67.2,0.24,False,False,False,True
TRC2231,SEC027,Traction,96.7,4.2,2025-03-02 06:00,2025-03-07 22:00,2025-03-07,149.9,0.357,True,False,False,True
TRC2232,SEC027,Traction,31.5,10.1,2025-01-31 06:00,2025-03-23 22:00,2025-03-23,360.6,0.357,True,False,False,True
TRC2233,SEC027,Traction,39.0,4.3,2025-07-05 06:00,2025-08-25 22:00,2025-08-25,153.5,0.357,True,False,False,True
TRC2235,SEC073,Traction,80.2,11.9,2025-03-05 06:00,2025-03-18 22:00,2025-03-18,247.5,0.208,True,False,False,False
TRC2236,SEC060,Traction,94.4,4.6,2025-09-19 06:00,2025-09-24 22:00,2025-09-24,92.0,0.2,False,False,False,True
TRC2240,SEC062,Traction,79.9,7.1,2025-07-23 06:00,2025-08-06 22:00,2025-08-06,142.0,0.2,True,False,False,False
TRC2241,SEC071,Traction,60.5,1.1,2025-12-18 06:00,2026-01-11 22:00,2026-01-11,24.4,0.222,True,False,False,False
TRC2246,SEC069,Traction,37.6,1.1,2025-10-17 06:00,2025-12-03 22:00,2025-12-03,22.0,0.2,True,False,False,False
TRC2249,SEC045,Traction,42.3,4.6,2025-04-02 06:00,2025-05-03 22:00,2025-05-03,128.8,0.28,True,False,False,True
TRC2252,SEC021,Traction,65.7,2.7,2025-02-05 06:00,2025-02-20 22:00,2025-02-20,117.7,0.436,True,False,False,True
TRC2254,SEC070,Traction,59.5,6.6,2025-10-10 06:00,2025-11-08 22:00,2025-11-08,150.5,0.228,True,False,False,True
TRC2255,SEC041,Traction,81.4,3.8,2025-10-09 06:00,2025-10-17 22:00,2025-10-17,79.8,0.21,True,False,False,True
TRC2257,SEC069,Traction,62.2,5.1,2025-04-07 06:00,2025-04-22 22:00,2025-04-22,102.0,0.2,True,False,False,False
TRC2258,SEC034,Traction,24.6,3.3,2025-02-15 06:00,2025-05-07 22:00,2025-05-07,111.9,0.339,False,False,False,True
TRC2260,SEC065,Traction,36.2,5.7,2025-08-13 06:00,2025-10-11 22:00,2025-10-11,163.6,0.287,True,False,False,True
TRC2261,SEC060,Traction,59.1,1.2,2025-09-19 06:00,2025-10-18 22:00,2025-10-18,24.0,0.2,True,False,False,True
TRC2262,SEC047,Traction,41.8,4.6,2025-11-10 06:00,2025-12-08 22:00,2025-12-08,93.8,0.204,True,False,False,True
TRC2264,SEC046,Traction,61.0,9.6,2025-03-24 06:00,2025-04-18 22:00,2025-04-18,259.2,0.27,True,False,False,False
TRC2266,SEC024,Traction,84.4,11.2,2025-10-02 06:00,2025-10-10 22:00,2025-10-10,462.6,0.413,False,False,False,True
TRC2267,SEC055,Traction,62.6,9.4,2025-02-11 06:00,2025-02-25 22:00,2025-02-25,198.3,0.211,True,False,False,True
TRC2269,SEC051,Traction,81.2,2.4,2025-10-15 06:00,2025-10-27 22:00,2025-10-27,61.9,0.258,True,False,False,True
TRC2270,SEC012,Traction,83.2,7.1,2025-02-05 06:00,2025-02-18 22:00,2025-02-18,286.8,0.404,True,False,False,True
TRC2271,SEC017,Traction,62.9,7.3,2025-05-18 06:00,2025-06-11 22:00,2025-06-11,280.3,0.384,True,False,False,False
TRC2273,SEC013,Traction,41.0,9.5,2025-01-22 06:00,2025-03-13 22:00,2025-03-13,451.2,0.475,True,False,False,True
TRC2277,SEC031,Traction,44.9,10.9,2025-02-20 06:00,2025-03-20 22:00,2025-03-20,441.4,0.405,True,False,False,True
TRC2278,SEC059,Traction,80.3,11.1,2025-03-15 06:00,2025-03-27 22:00,2025-03-27,223.1,0.201,True,False,False,True
TRC2280,SEC038,Traction,62.9,11.8,2025-03-21 06:00,2025-04-16 22:00,2025-04-16,485.0,0.411,True,False,False,True
TRC2282,SEC022,Traction,25.6,2.1,2025-01-03 06:00,2025-03-24 22:00,2025-03-24,81.9,0.39,True,False,False,True
TRC2283,SEC044,Traction,96.4,5.8,2025-07-29 06:00,2025-08-04 22:00,2025-08-04,201.3,0.347,False,False,False,True
TRC2284,SEC024,Traction,64.3,6.4,2025-09-20 06:00,2025-10-10 22:00,2025-10-10,264.3,0.413,True,False,False,True
TRC2290,SEC051,Traction,95.0,11.4,2025-05-27 06:00,2025-06-02 22:00,2025-06-02,294.1,0.258,True,False,False,True
TRC2291,SEC048,Traction,63.6,11.7,2025-05-17 06:00,2025-06-01 22:00,2025-06-01,342.8,0.293,True,False,False,True
TRC2292,SEC013,Traction,63.0,3.8,2025-09-16 06:00,2025-10-16 22:00,2025-10-16,180.5,0.475,True,False,False,True
TRC2294,SEC031,Traction,63.9,1.2,2025-01-06 06:00,2025-01-27 22:00,2025-01-27,48.6,0.405,False,False,False,False
TRC2295,SEC012,Traction,62.1,5.7,2025-06-26 06:00,2025-07-25 22:00,2025-07-25,230.3,0.404,True,False,False,False
TRC2297,SEC014,Traction,40.5,3.5,2025-02-05 06:00,2025-03-28 22:00,2025-03-28,158.9,0.454,False,False,False,True
TRC2299,SEC049,Traction,61.2,10.1,2025-07-23 06:00,2025-08-20 22:00,2025-08-20,332.3,0.329,True,False,False,True
TRC2300,SEC040,Traction,81.0,7.6,2025-09-08 06:00,2025-09-20 22:00,2025-09-20,183.9,0.242,True,False,False,False
TRC2302,SEC062,Traction,37.6,6.5,2025-08-23 06:00,2025-10-09 22:00,2025-10-09,130.0,0.2,True,False,False,True
TRC2303,SEC002,Traction,83.3,10.5,2025-05-15 06:00,2025-05-23 22:00,2025-05-23,358.0,0.341,False,False,False,True
TRC2304,SEC030,Traction,97.5,1.0,2025-07-07 06:00,2025-07-12 22:00,2025-07-12,40.9,0.409,True,False,False,True
TRC2305,SEC034,Traction,96.9,3.6,2025-04-05 06:00,2025-04-08 22:00,2025-04-08,122.0,0.339,False,False,False,True
TRC2307,SEC059,Traction,80.6,10.8,2025-02-24 06:00,2025-03-07 22:00,2025-03-07,217.1,0.201,True,False,False,True
TRC2311,SEC018,Traction,43.2,1.3,2025-05-02 06:00,2025-06-07 22:00,2025-06-07,54.1,0.416,True,False,False,False
TRC2315,SEC016,Traction,44.9,11.8,2025-01-14 06:00,2025-02-12 22:00,2025-02-12,500.3,0.424,True,False,False,False
TRC2316,SEC008,Traction,62.9,2.4,2025-06-11 06:00,2025-07-10 22:00,2025-07-10,109.2,0.455,True,False,False,True
TRC2317,SEC071,Traction,94.7,5.3,2025-08-11 06:00,2025-08-16 22:00,2025-08-16,117.7,0.222,True,False,False,True
TRC2319,SEC013,Traction,43.2,9.4,2025-10-04 06:00,2025-11-13 22:00,2025-11-13,446.5,0.475,False,False,False,True
TRC2321,SEC014,Traction,85.3,2.4,2025-01-09 06:00,2025-01-16 22:00,2025-01-16,109.0,0.454,True,False,False,False
TRC2322,SEC006,Traction,84.4,2.2,2025-08-23 06:00,2025-09-06 22:00,2025-09-06,110.2,0.501,True,False,False,True
TRC2323,SEC044,Traction,63.5,5.7,2025-05-14 06:00,2025-06-02 22:00,2025-06-02,197.8,0.347,True,False,False,True
TRC2324,SEC075,Traction,79.7,11.9,2025-06-12 06:00,2025-06-27 22:00,2025-06-27,238.0,0.2,False,False,False,True
TRC2326,SEC002,Traction,38.1,3.4,2025-07-30 06:00,2025-09-22 22:00,2025-09-22,115.9,0.341,False,False,False,True
TRC2331,SEC059,Traction,59.1,5.0,2025-03-12 06:00,2025-04-10 22:00,2025-04-10,100.5,0.201,True,False,False,True
TRC2336,SEC010,Traction,85.0,4.8,2025-04-02 06:00,2025-04-11 22:00,2025-04-11,224.6,0.468,True,False,False,True
TRC2339,SEC016,Traction,84.4,8.9,2025-09-15 06:00,2025-09-24 22:00,2025-09-24,377.4,0.424,False,False,False,True
TRC2342,SEC027,Traction,29.7,4.5,2025-04-09 06:00,2025-06-07 22:00,2025-06-07,160.6,0.357,True,False,False,True
TRC2345,SEC031,Traction,62.6,5.0,2025-12-15 06:00,2026-01-11 22:00,2026-01-11,202.5,0.405,False,False,False,False
TRC2347,SEC073,Traction,94.1,7.4,2025-07-15 06:00,2025-07-22 22:00,2025-07-22,153.9,0.208,True,False,False,True
TRC2354,SEC015,Traction,39.5,9.8,2025-01-13 06:00,2025-03-09 22:00,2025-03-09,441.0,0.45,True,False,False,True
TRC2355,SEC002,Traction,63.6,11.1,2025-03-20 06:00,2025-04-07 22:00,2025-04-07,378.5,0.341,True,False,False,True
TRC2356,SEC041,Traction,42.4,2.9,2025-04-17 06:00,2025-05-13 22:00,2025-05-13,60.9,0.21,True,False,False,False
TRC2359,SEC022,Traction,97.0,4.4,2025-01-27 06:00,2025-02-02 22:00,2025-02-02,171.6,0.39,False,False,False,False
TRC2362,SEC012,Traction,42.4,2.3,2025-07-02 06:00,2025-08-10 22:00,2025-08-10,92.9,0.404,True,False,False,True
TRC2369,SEC045,Traction,82.2,9.9,2025-02-22 06:00,2025-03-03 22:00,2025-03-03,277.2,0.28,True,False,False,False
TRC2370,SEC069,Traction,37.3,7.5,2025-07-19 06:00,2025-09-05 22:00,2025-09-05,150.0,0.2,False,False,False,True
TRC2371,SEC006,Traction,66.7,2.4,2025-02-02 06:00,2025-02-17 22:00,2025-02-17,120.2,0.501,True,False,False,True
TRC2372,SEC070,Traction,27.1,4.7,2025-06-30 06:00,2025-08-31 22:00,2025-08-31,107.2,0.228,True,False,False,False
TRC2374,SEC056,Traction,63.2,11.0,2025-03-18 06:00,2025-04-03 22:00,2025-04-03,313.5,0.285,True,False,False,True
TRC2375,SEC046,Traction,62.8,10.5,2025-07-17 06:00,2025-08-03 22:00,2025-08-03,283.5,0.27,True,False,False,True
TRC2376,SEC068,Traction,62.4,6.1,2025-10-08 06:00,2025-10-29 22:00,2025-10-29,186.7,0.306,False,False,False,True
TRC2378,SEC037,Traction,84.6,3.4,2025-12-11 06:00,2025-12-24 22:00,2025-12-24,169.3,0.498,False,False,False,True
TRC2379,SEC006,Traction,64.2,8.0,2025-06-02 06:00,2025-06-28 22:00,2025-06-28,400.8,0.501,False,False,False,True
TRC2384,SEC030,Traction,84.6,6.8,2025-04-01 06:00,2025-04-08 22:00,2025-04-08,278.1,0.409,True,False,False,True
TRC2386,SEC026,Traction,35.2,2.3,2025-11-10 06:00,2025-12-25 22:00,2025-12-25,118.7,0.516,True,False,False,True
TRC2388,SEC073,Traction,80.7,5.2,2025-04-24 06:00,2025-05-05 22:00,2025-05-05,108.2,0.208,True,False,False,True
TRC2389,SEC033,Traction,66.1,1.5,2025-03-09 06:00,2025-03-26 22:00,2025-03-26,73.8,0.492,False,False,False,True
TRC2390,SEC048,Traction,95.6,5.3,2025-09-05 06:00,2025-09-11 22:00,2025-09-11,155.3,0.293,True,False,False,False
TRC2393,SEC013,Traction,98.7,9.3,2025-02-24 06:00,2025-02-28 22:00,2025-02-28,441.8,0.475,True,False,False,True
TRC2399,SEC051,Traction,60.1,1.9,2025-10-29 06:00,2025-11-26 22:00,2025-11-26,49.0,0.258,False,False,False,False
TRC2405,SEC016,Traction,83.5,7.1,2025-11-28 06:00,2025-12-11 22:00,2025-12-11,301.0,0.424,True,False,False,True
TRC2406,SEC063,Traction,80.6,4.5,2025-09-06 06:00,2025-09-17 22:00,2025-09-17,91.4,0.203,True,False,False,True
TRC2407,SEC040,Traction,95.2,9.8,2025-11-18 06:00,2025-11-22 22:00,2025-11-22,237.2,0.242,True,False,False,False
TRC2408,SEC035,Traction,64.4,11.1,2025-06-05 06:00,2025-06-29 22:00,2025-06-29,535.0,0.482,False,False,False,True
TRC2410,SEC065,Traction,25.6,11.0,2025-07-03 06:00,2025-09-14 22:00,2025-09-14,315.7,0.287,True,False,False,False
TRC2411,SEC058,Traction,60.8,9.2,2025-01-20 06:00,2025-02-15 22:00,2025-02-15,251.2,0.273,True,False,False,True
TRC2414,SEC028,Traction,46.3,2.4,2025-04-20 06:00,2025-05-19 22:00,2025-05-19,124.6,0.519,True,False,False,True
TRC2415,SEC021,Traction,45.1,9.7,2025-07-09 06:00,2025-08-07 22:00,2025-08-07,422.9,0.436,True,False,False,True
TRC2422,SEC051,Traction,36.2,7.3,2025-07-14 06:00,2025-09-09 22:00,2025-09-09,188.3,0.258,False,False,False,True
TRC2424,SEC061,Traction,60.5,6.8,2025-03-14 06:00,2025-04-06 22:00,2025-04-06,140.1,0.206,False,False,False,True
TRC2427,SEC058,Traction,61.9,9.7,2025-09-02 06:00,2025-09-23 22:00,2025-09-23,264.8,0.273,True,False,False,True
TRC2430,SEC066,Traction,61.2,11.3,2025-01-23 06:00,2025-02-16 22:00,2025-02-16,305.1,0.27,False,False,False,True
TRC2431,SEC045,Traction,62.3,2.1,2025-06-15 06:00,2025-07-05 22:00,2025-07-05,58.8,0.28,False,False,False,True
TRC2432,SEC036,Traction,39.5,1.7,2025-12-08 06:00,2026-02-06 22:00,2026-02-06,88.6,0.521,False,False,False,False
TRC2433,SEC041,Traction,61.6,7.1,2025-04-30 06:00,2025-05-18 22:00,2025-05-18,149.1,0.21,True,False,False,False
TRC2434,SEC072,Traction,41.3,1.5,2025-07-29 06:00,2025-08-31 22:00,2025-08-31,36.0,0.24,True,False,False,True
TRC2435,SEC004,Traction,65.0,5.3,2025-02-28 06:00,2025-03-18 22:00,2025-03-18,230.6,0.435,True,False,False,True
TRC2436,SEC050,Traction,39.8,2.9,2025-04-14 06:00,2025-05-21 22:00,2025-05-21,58.0,0.2,False,False,False,True
TRC2437,SEC014,Traction,64.6,9.6,2025-11-21 06:00,2025-12-12 22:00,2025-12-12,435.8,0.454,True,False,False,True
TRC2438,SEC041,Traction,61.9,6.2,2025-05-04 06:00,2025-05-21 22:00,2025-05-21,130.2,0.21,True,False,False,False
TRC2440,SEC041,Traction,80.3,3.0,2025-09-14 06:00,2025-09-27 22:00,2025-09-27,63.0,0.21,True,False,False,True
TRC2442,SEC063,Traction,62.2,2.5,2025-10-20 06:00,2025-11-04 22:00,2025-11-04,50.8,0.203,True,False,False,False
TRC2444,SEC021,Traction,63.7,3.7,2025-10-01 06:00,2025-10-25 22:00,2025-10-25,161.3,0.436,True,False,False,True
TRC2445,SEC027,Traction,83.1,2.7,2025-01-03 06:00,2025-01-13 22:00,2025-01-13,96.4,0.357,False,False,False,True
TRC2446,SEC029,Traction,66.2,10.6,2025-09-07 06:00,2025-09-25 22:00,2025-09-25,542.7,0.512,False,False,False,True
TRC2447,SEC011,Traction,98.2,2.0,2025-06-07 06:00,2025-06-14 22:00,2025-06-14,96.8,0.484,True,False,False,True
TRC2448,SEC030,Traction,38.7,1.9,2025-02-23 06:00,2025-04-20 22:00,2025-04-20,77.7,0.409,True,False,False,True
TRC2450,SEC044,Traction,63.9,11.0,2025-04-20 06:00,2025-05-07 22:00,2025-05-07,381.7,0.347,True,False,False,True
TRC2451,SEC064,Traction,62.4,5.1,2025-02-14 06:00,2025-03-03 22:00,2025-03-03,125.0,0.245,False,False,False,True
TRC2453,SEC015,Traction,45.8,11.2,2025-11-05 06:00,2025-12-02 22:00,2025-12-02,504.0,0.45,True,False,False,False
TRC2454,SEC019,Traction,65.6,1.9,2025-09-27 06:00,2025-10-16 22:00,2025-10-16,92.7,0.488,True,False,False,True
TRC2455,SEC059,Traction,62.0,7.1,2025-06-03 06:00,2025-06-19 22:00,2025-06-19,142.7,0.201,True,False,False,True
TRC2458,SEC057,Traction,96.1,7.4,2025-07-26 06:00,2025-08-02 22:00,2025-08-02,256.8,0.347,True,False,False,True
TRC2460,SEC026,Traction,84.6,11.2,2025-06-27 06:00,2025-07-11 22:00,2025-07-11,577.9,0.516,False,False,False,False
TRC2461,SEC013,Traction,63.4,9.4,2025-09-30 06:00,2025-10-28 22:00,2025-10-28,446.5,0.475,True,False,False,True
TRC2462,SEC067,Traction,40.9,11.7,2025-07-30 06:00,2025-09-04 22:00,2025-09-04,301.9,0.258,True,False,False,True
TRC2464,SEC069,Traction,61.7,8.0,2025-11-07 06:00,2025-11-24 22:00,2025-11-24,160.0,0.2,True,False,False,False
TRC2465,SEC060,Traction,61.3,2.9,2025-12-10 06:00,2025-12-29 22:00,2025-12-29,58.0,0.2,True,False,False,True
TRC2466,SEC063,Traction,60.7,4.8,2025-08-30 06:00,2025-09-21 22:00,2025-09-21,97.4,0.203,True,False,False,True
TRC2467,SEC060,Traction,27.4,5.3,2025-11-04 06:00,2026-01-02 22:00,2026-01-02,106.0,0.2,True,False,False,True
TRC2468,SEC026,Traction,35.2,2.4,2025-08-18 06:00,2025-10-02 22:00,2025-10-02,123.8,0.516,False,False,False,True
TRC2472,SEC071,Traction,38.1,10.1,2025-10-21 06:00,2025-12-06 22:00,2025-12-06,224.2,0.222,True,False,False,True
TRC2473,SEC056,Traction,61.4,1.1,2025-03-28 06:00,2025-04-21 22:00,2025-04-21,31.4,0.285,True,False,False,True
TRC2474,SEC009,Traction,97.7,6.1,2025-07-02 06:00,2025-07-07 22:00,2025-07-07,255.0,0.418,True,False,False,True
TRC2476,SEC059,Traction,80.6,10.9,2025-05-04 06:00,2025-05-15 22:00,2025-05-15,219.1,0.201,True,False,False,True
TRC2478,SEC001,Traction,32.3,9.4,2025-06-12 06:00,2025-08-03 22:00,2025-08-03,400.4,0.426,False,False,False,True
TRC2480,SEC037,Traction,84.6,3.7,2025-03-19 06:00,2025-04-01 22:00,2025-04-01,184.3,0.498,False,False,False,True
TRC2481,SEC051,Traction,38.0,5.6,2025-10-27 06:00,2025-12-15 22:00,2025-12-15,144.5,0.258,True,False,False,True
TRC2482,SEC036,Traction,32.9,2.1,2025-01-21 06:00,2025-03-18 22:00,2025-03-18,109.4,0.521,True,False,False,True
TRC2484,SEC070,Traction,28.7,2.5,2025-06-29 06:00,2025-08-23 22:00,2025-08-23,57.0,0.228,True,False,False,True
TRC2487,SEC053,Traction,60.5,3.8,2025-06-21 06:00,2025-07-17 22:00,2025-07-17,95.0,0.25,True,False,False,True
TRC2488,SEC002,Traction,38.8,8.4,2025-04-12 06:00,2025-06-02 22:00,2025-06-02,286.4,0.341,True,False,False,True
TRC2489,SEC028,Traction,42.1,4.5,2025-10-08 06:00,2025-11-25 22:00,2025-11-25,233.6,0.519,True,False,False,True
TRC2492,SEC013,Traction,63.8,11.6,2025-04-25 06:00,2025-05-21 22:00,2025-05-21,551.0,0.475,False,False,False,True
TRC2496,SEC039,Traction,83.2,9.1,2025-05-22 06:00,2025-06-01 22:00,2025-06-01,326.7,0.359,False,False,False,False
TRC2501,SEC042,Traction,60.2,10.5,2025-09-10 06:00,2025-10-10 22:00,2025-10-10,305.5,0.291,False,False,False,True
TRC2502,SEC026,Traction,63.6,7.1,2025-02-12 06:00,2025-03-14 22:00,2025-03-14,366.4,0.516,False,False,False,False
TRC2505,SEC053,Traction,22.1,11.7,2025-07-23 06:00,2025-10-17 22:00,2025-10-17,292.5,0.25,True,False,False,True
TRC2506,SEC008,Traction,85.0,6.5,2025-06-28 06:00,2025-07-06 22:00,2025-07-06,295.8,0.455,True,False,False,True
TRC2510,SEC056,Traction,63.7,5.3,2025-11-13 06:00,2025-11-27 22:00,2025-11-27,151.0,0.285,True,False,False,True
TRC2512,SEC005,Traction,39.6,8.1,2025-01-29 06:00,2025-03-30 22:00,2025-03-30,427.7,0.528,True,False,False,True
TRC2515,SEC047,Traction,94.4,7.9,2025-08-19 06:00,2025-08-24 22:00,2025-08-24,161.2,0.204,True,False,False,False
TRC2517,SEC053,Traction,21.7,2.2,2025-09-05 06:00,2025-12-02 22:00,2025-12-02,55.0,0.25,True,False,False,True
TRC2519,SEC067,Traction,81.0,6.4,2025-11-13 06:00,2025-11-26 22:00,2025-11-26,165.1,0.258,True,False,False,False
TRC2524,SEC021,Traction,38.2,9.5,2025-06-30 06:00,2025-08-29 22:00,2025-08-29,414.2,0.436,False,False,False,False
TRC2526,SEC042,Traction,61.8,11.7,2025-10-10 06:00,2025-11-02 22:00,2025-11-02,340.5,0.291,False,False,False,False
TRC2530,SEC043,Traction,63.0,4.0,2025-09-03 06:00,2025-09-23 22:00,2025-09-23,130.8,0.327,False,False,False,True
TRC2531,SEC002,Traction,62.1,11.4,2025-04-26 06:00,2025-05-21 22:00,2025-05-21,388.7,0.341,True,False,False,True
TRC2532,SEC038,Traction,44.9,4.5,2025-02-01 06:00,2025-03-01 22:00,2025-03-01,185.0,0.411,False,False,False,True
TRC2538,SEC053,Traction,81.8,12.0,2025-09-08 06:00,2025-09-17 22:00,2025-09-17,300.0,0.25,True,False,False,True
TRC2539,SEC035,Traction,84.1,4.4,2025-01-28 06:00,2025-02-11 22:00,2025-02-11,212.1,0.482,True,False,False,False
TRC2540,SEC068,Traction,61.1,11.3,2025-10-14 06:00,2025-11-10 22:00,2025-11-10,345.8,0.306,True,False,False,True
TRC2541,SEC003,Traction,85.6,6.9,2025-03-25 06:00,2025-04-02 22:00,2025-04-02,339.5,0.492,False,False,False,True
TRC2543,SEC045,Traction,81.1,4.2,2025-10-20 06:00,2025-11-03 22:00,2025-11-03,117.6,0.28,True,False,False,False
TRC2545,SEC028,Traction,30.2,5.9,2025-05-22 06:00,2025-07-29 22:00,2025-07-29,306.2,0.519,True,False,False,True
TRC2546,SEC040,Traction,80.7,4.0,2025-12-07 06:00,2025-12-20 22:00,2025-12-20,96.8,0.242,False,False,False,True
TRC2547,SEC044,Traction,41.5,11.8,2025-10-18 06:00,2025-11-26 22:00,2025-11-26,409.5,0.347,True,False,False,True
TRC2548,SEC012,Traction,65.4,3.2,2025-02-16 06:00,2025-03-02 22:00,2025-03-02,129.3,0.404,False,False,False,True
TRC2552,SEC051,Traction,32.3,1.4,2025-03-09 06:00,2025-04-19 22:00,2025-04-19,36.1,0.258,True,False,False,True
TRC2553,SEC056,Traction,81.4,9.3,2025-12-03 06:00,2025-12-16 22:00,2025-12-16,265.0,0.285,True,False,False,True
TRC2554,SEC046,Traction,61.2,7.0,2025-02-24 06:00,2025-03-20 22:00,2025-03-20,189.0,0.27,True,False,False,False
TRC2556,SEC006,Traction,43.6,11.8,2025-12-01 06:00,2026-01-10 22:00,2026-01-10,591.2,0.501,True,False,False,False
TRC2557,SEC074,Traction,62.3,3.9,2025-04-06 06:00,2025-04-23 22:00,2025-04-23,93.6,0.24,True,False,False,True
TRC2558,SEC032,Traction,82.6,9.0,2025-09-29 06:00,2025-10-11 22:00,2025-10-11,314.1,0.349,True,False,False,True
TRC2560,SEC041,Traction,61.9,11.9,2025-07-20 06:00,2025-08-06 22:00,2025-08-06,249.9,0.21,False,False,False,True
TRC2561,SEC073,Traction,37.5,11.3,2025-08-15 06:00,2025-10-02 22:00,2025-10-02,235.0,0.208,True,False,False,True
TRC2563,SEC013,Traction,66.1,1.6,2025-09-10 06:00,2025-09-26 22:00,2025-09-26,76.0,0.475,False,False,False,True
TRC2564,SEC045,Traction,60.5,4.0,2025-04-26 06:00,2025-05-24 22:00,2025-05-24,112.0,0.28,True,False,False,True
TRC2565,SEC060,Traction,21.4,1.3,2025-10-15 06:00,2026-01-09 22:00,2026-01-09,26.0,0.2,True,False,False,True
TRC2569,SEC010,Traction,83.9,8.1,2025-04-17 06:00,2025-05-01 22:00,2025-05-01,379.1,0.468,True,False,False,True
TRC2571,SEC014,Traction,65.8,6.0,2025-08-18 06:00,2025-09-03 22:00,2025-09-03,272.4,0.454,False,False,False,True
TRC2572,SEC050,Traction,61.3,9.2,2025-04-22 06:00,2025-05-11 22:00,2025-05-11,184.0,0.2,False,False,False,True
TRC2573,SEC050,Traction,94.8,8.7,2025-11-03 06:00,2025-11-06 22:00,2025-11-06,174.0,0.2,False,False,False,False
TRC2576,SEC023,Traction,46.2,7.9,2025-02-10 06:00,2025-03-07 22:00,2025-03-07,357.9,0.453,False,False,False,True
TRC2577,SEC014,Traction,84.4,4.5,2025-09-07 06:00,2025-09-18 22:00,2025-09-18,204.3,0.454,False,False,False,True
TRC2580,SEC029,Traction,28.1,9.3,2025-05-23 06:00,2025-08-08 22:00,2025-08-08,476.2,0.512,False,False,False,True
TRC2582,SEC043,Traction,81.6,6.3,2025-09-26 06:00,2025-10-11 22:00,2025-10-11,206.0,0.327,True,False,False,True
TRC2586,SEC008,Traction,66.0,4.0,2025-11-25 06:00,2025-12-10 22:00,2025-12-10,182.0,0.455,True,False,False,True
TRC2588,SEC003,Traction,64.5,6.7,2025-08-15 06:00,2025-09-08 22:00,2025-09-08,329.6,0.492,True,False,False,True
TRC2590,SEC027,Traction,64.1,6.8,2025-04-20 06:00,2025-05-07 22:00,2025-05-07,242.8,0.357,True,False,False,False
TRC2592,SEC023,Traction,64.2,8.5,2025-03-23 06:00,2025-04-15 22:00,2025-04-15,385.0,0.453,True,False,False,False
TRC2593,SEC059,Traction,79.9,1.3,2025-01-03 06:00,2025-01-17 22:00,2025-01-17,26.1,0.201,True,False,False,False
TRC2596,SEC013,Traction,83.8,9.0,2025-05-19 06:00,2025-06-03 22:00,2025-06-03,427.5,0.475,True,False,False,True
TRC2598,SEC008,Traction,62.7,10.1,2025-06-30 06:00,2025-07-30 22:00,2025-07-30,459.6,0.455,False,False,False,True
TRC2600,SEC063,Traction,80.8,11.6,2025-07-21 06:00,2025-07-31 22:00,2025-07-31,235.5,0.203,True,False,False,True
TRC2601,SEC033,Traction,66.1,7.2,2025-09-30 06:00,2025-10-17 22:00,2025-10-17,354.2,0.492,True,False,False,True
TRC2605,SEC032,Traction,39.1,4.1,2025-11-25 06:00,2026-01-14 22:00,2026-01-14,143.1,0.349,True,False,False,True
TRC2607,SEC014,Traction,42.3,6.3,2025-09-07 06:00,2025-10-20 22:00,2025-10-20,286.0,0.454,True,False,False,False
TRC2609,SEC005,Traction,40.5,8.3,2025-05-31 06:00,2025-07-26 22:00,2025-07-26,438.2,0.528,True,False,False,True
TRC2611,SEC071,Traction,94.9,11.4,2025-06-17 06:00,2025-06-21 22:00,2025-06-21,253.1,0.222,False,False,False,True
TRC2614,SEC057,Traction,96.6,5.6,2025-09-17 06:00,2025-09-22 22:00,2025-09-22,194.3,0.347,False,False,False,True
TRC2617,SEC015,Traction,42.2,9.6,2025-03-13 06:00,2025-04-25 22:00,2025-04-25,432.0,0.45,False,False,False,False
TRC2618,SEC055,Traction,80.9,7.7,2025-09-04 06:00,2025-09-14 22:00,2025-09-14,162.5,0.211,True,False,False,True
TRC2621,SEC004,Traction,64.6,3.6,2025-11-03 06:00,2025-11-23 22:00,2025-11-23,156.6,0.435,True,False,False,True
TRC2624,SEC044,Traction,62.6,4.3,2025-12-08 06:00,2025-12-31 22:00,2025-12-31,149.2,0.347,True,False,False,True
TRC2625,SEC033,Traction,26.7,9.3,2025-03-12 06:00,2025-06-02 22:00,2025-06-02,457.6,0.492,True,False,False,False
TRC2626,SEC012,Traction,41.3,6.2,2025-09-17 06:00,2025-10-31 22:00,2025-10-31,250.5,0.404,False,False,False,True
TRC2627,SEC033,Traction,63.2,9.5,2025-02-06 06:00,2025-03-08 22:00,2025-03-08,467.4,0.492,True,False,False,False
TRC2629,SEC015,Traction,85.0,6.7,2025-03-18 06:00,2025-03-26 22:00,2025-03-26,301.5,0.45,True,False,False,True
TRC2631,SEC066,Traction,62.1,2.1,2025-11-29 06:00,2025-12-19 22:00,2025-12-19,56.7,0.27,False,False,False,True
TRC2632,SEC043,Traction,61.4,11.5,2025-02-27 06:00,2025-03-26 22:00,2025-03-26,376.0,0.327,True,False,False,True
TRC2633,SEC032,Traction,82.6,3.0,2025-12-18 06:00,2025-12-30 22:00,2025-12-30,104.7,0.349,False,False,False,False
TRC2634,SEC012,Traction,64.3,1.0,2025-12-18 06:00,2026-01-06 22:00,2026-01-06,40.4,0.404,False,False,False,False
TRC2635,SEC066,Traction,61.0,4.1,2025-07-02 06:00,2025-07-27 22:00,2025-07-27,110.7,0.27,False,False,False,False
TRC2637,SEC057,Traction,83.6,2.7,2025-08-25 06:00,2025-09-01 22:00,2025-09-01,93.7,0.347,False,False,False,True
TRC2639,SEC016,Traction,34.3,6.8,2025-09-29 06:00,2025-11-11 22:00,2025-11-11,288.3,0.424,True,False,False,True
TRC2642,SEC015,Traction,63.9,7.6,2025-06-17 06:00,2025-07-11 22:00,2025-07-11,342.0,0.45,False,False,False,True
TRC2645,SEC073,Traction,94.3,8.1,2025-11-09 06:00,2025-11-15 22:00,2025-11-15,168.5,0.208,True,False,False,True
TRC2648,SEC024,Traction,63.1,6.7,2025-07-21 06:00,2025-08-15 22:00,2025-08-15,276.7,0.413,True,False,False,True
TRC2650,SEC018,Traction,45.2,11.2,2025-09-14 06:00,2025-10-11 22:00,2025-10-11,465.9,0.416,True,False,False,True
TRC2651,SEC047,Traction,39.6,8.0,2025-12-10 06:00,2026-01-17 22:00,2026-01-17,163.2,0.204,False,False,False,False
TRC2652,SEC075,Traction,80.1,4.5,2025-05-08 06:00,2025-05-21 22:00,2025-05-21,90.0,0.2,True,False,False,True
TRC2653,SEC022,Traction,64.4,10.0,2025-08-16 06:00,2025-09-03 22:00,2025-09-03,390.0,0.39,True,False,False,True
TRC2654,SEC050,Traction,80.8,4.1,2025-09-14 06:00,2025-09-24 22:00,2025-09-24,82.0,0.2,True,False,False,True
TRC2656,SEC053,Traction,82.0,6.5,2025-11-19 06:00,2025-11-27 22:00,2025-11-27,162.5,0.25,False,False,False,True
TRC2657,SEC032,Traction,64.2,7.1,2025-06-15 06:00,2025-07-01 22:00,2025-07-01,247.8,0.349,True,False,False,True
TRC2660,SEC008,Traction,31.0,4.4,2025-09-16 06:00,2025-11-15 22:00,2025-11-15,200.2,0.455,False,False,False,True
TRC2661,SEC001,Traction,44.7,8.5,2025-08-23 06:00,2025-09-22 22:00,2025-09-22,362.1,0.426,True,False,False,True
TRC2664,SEC002,Traction,96.1,2.8,2025-01-04 06:00,2025-01-11 22:00,2025-01-11,95.5,0.341,True,False,False,False
TRC2665,SEC017,Traction,23.3,7.4,2025-01-06 06:00,2025-04-06 22:00,2025-04-06,284.2,0.384,True,False,False,False
TRC2667,SEC069,Traction,94.8,8.4,2025-01-13 06:00,2025-01-16 22:00,2025-01-16,168.0,0.2,False,False,False,False
TRC2669,SEC012,Traction,44.4,9.9,2025-11-04 06:00,2025-12-04 22:00,2025-12-04,400.0,0.404,False,False,False,True
TRC2671,SEC001,Traction,98.0,6.6,2025-11-18 06:00,2025-11-22 22:00,2025-11-22,281.2,0.426,False,False,False,True
TRC2672,SEC034,Traction,62.0,5.0,2025-08-20 06:00,2025-09-14 22:00,2025-09-14,169.5,0.339,False,False,False,True
TRC2673,SEC053,Traction,38.3,5.1,2025-01-23 06:00,2025-03-11 22:00,2025-03-11,127.5,0.25,False,False,False,True
TRC2675,SEC055,Traction,59.9,5.3,2025-02-03 06:00,2025-03-01 22:00,2025-03-01,111.8,0.211,True,False,False,True
TRC2677,SEC052,Traction,80.1,2.5,2025-09-30 06:00,2025-10-13 22:00,2025-10-13,50.0,0.2,True,False,False,True
TRC2678,SEC029,Traction,99.5,1.9,2025-09-17 06:00,2025-09-20 22:00,2025-09-20,97.3,0.512,False,False,False,True
TRC2682,SEC049,Traction,83.4,12.0,2025-04-09 06:00,2025-04-16 22:00,2025-04-16,394.8,0.329,True,False,False,False
TRC2684,SEC018,Traction,63.4,1.8,2025-05-18 06:00,2025-06-11 22:00,2025-06-11,74.9,0.416,False,False,False,False
TRC2687,SEC004,Traction,64.6,2.7,2025-06-18 06:00,2025-07-08 22:00,2025-07-08,117.4,0.435,False,False,False,True
TRC2689,SEC009,Traction,41.0,8.7,2025-10-11 06:00,2025-11-26 22:00,2025-11-26,363.7,0.418,False,False,False,True
TRC2692,SEC003,Traction,41.3,1.9,2025-04-10 06:00,2025-05-30 22:00,2025-05-30,93.5,0.492,True,False,False,False
TRC2693,SEC024,Traction,40.3,11.8,2025-02-12 06:00,2025-04-02 22:00,2025-04-02,487.3,0.413,False,False,False,False
TRC2695,SEC027,Traction,61.2,11.5,2025-08-29 06:00,2025-09-28 22:00,2025-09-28,410.6,0.357,True,False,False,True
TRC2696,SEC051,Traction,36.9,11.2,2025-03-23 06:00,2025-05-16 22:00,2025-05-16,289.0,0.258,False,False,False,False
TRC2697,SEC075,Traction,79.9,3.9,2025-11-27 06:00,2025-12-11 22:00,2025-12-11,78.0,0.2,True,False,False,False
TRC2698,SEC026,Traction,85.1,2.8,2025-03-07 06:00,2025-03-19 22:00,2025-03-19,144.5,0.516,True,False,False,True
TRC2699,SEC072,Traction,23.8,3.5,2025-09-24 06:00,2025-12-11 22:00,2025-12-11,84.0,0.24,True,False,False,True
TRC2702,SEC070,Traction,38.4,6.4,2025-08-31 06:00,2025-10-15 22:00,2025-10-15,145.9,0.228,True,False,False,True
TRC2703,SEC005,Traction,85.9,9.0,2025-02-12 06:00,2025-02-21 22:00,2025-02-21,475.2,0.528,False,False,False,True
TRC2706,SEC062,Traction,59.9,8.5,2025-07-06 06:00,2025-07-31 22:00,2025-07-31,170.0,0.2,True,False,False,True
TRC2709,SEC007,Traction,26.4,2.4,2025-09-19 06:00,2025-12-10 22:00,2025-12-10,113.8,0.474,True,False,False,True
TRC2712,SEC072,Traction,95.4,8.1,2025-05-18 06:00,2025-05-21 22:00,2025-05-21,194.4,0.24,True,False,False,True
TRC2713,SEC039,Traction,83.6,7.5,2025-09-30 06:00,2025-10-08 22:00,2025-10-08,269.2,0.359,False,False,False,False
TRC2715,SEC056,Traction,95.2,5.7,2025-01-30 06:00,2025-02-06 22:00,2025-02-06,162.4,0.285,False,False,False,True
TRC2716,SEC028,Traction,41.5,1.3,2025-10-24 06:00,2025-12-14 22:00,2025-12-14,67.5,0.519,False,False,False,True
TRC2726,SEC028,Traction,36.0,4.6,2025-02-15 06:00,2025-03-29 22:00,2025-03-29,238.7,0.519,False,False,False,True
TRC2728,SEC036,Traction,64.1,2.2,2025-01-09 06:00,2025-02-06 22:00,2025-02-06,114.6,0.521,True,False,False,True
TRC2733,SEC034,Traction,61.4,6.8,2025-12-06 06:00,2026-01-03 22:00,2026-01-03,230.5,0.339,True,False,False,True
TRC2736,SEC068,Traction,81.3,2.6,2025-01-24 06:00,2025-02-08 22:00,2025-02-08,79.6,0.306,False,False,False,True
TRC2743,SEC027,Traction,82.9,11.8,2025-03-17 06:00,2025-03-28 22:00,2025-03-28,421.3,0.357,False,False,False,True
TRC2745,SEC028,Traction,39.7,8.5,2025-09-26 06:00,2025-11-24 22:00,2025-11-24,441.2,0.519,True,False,False,True
TRC2747,SEC035,Traction,41.6,9.4,2025-06-01 06:00,2025-07-19 22:00,2025-07-19,453.1,0.482,True,False,False,True
TRC2749,SEC034,Traction,40.5,10.2,2025-07-06 06:00,2025-08-18 22:00,2025-08-18,345.8,0.339,False,False,False,True
TRC2751,SEC003,Traction,26.7,2.4,2025-10-02 06:00,2025-12-23 22:00,2025-12-23,118.1,0.492,True,False,False,True
TRC2752,SEC046,Traction,61.2,4.0,2025-10-26 06:00,2025-11-19 22:00,2025-11-19,108.0,0.27,True,False,False,True
TRC2753,SEC023,Traction,63.5,1.6,2025-09-01 06:00,2025-09-27 22:00,2025-09-27,72.5,0.453,True,False,False,True
TRC2754,SEC031,Traction,62.8,3.1,2025-08-07 06:00,2025-09-02 22:00,2025-09-02,125.6,0.405,False,False,False,True
TRC2761,SEC070,Traction,40.0,11.8,2025-10-28 06:00,2025-12-05 22:00,2025-12-05,269.0,0.228,True,False,False,True
TRC2765,SEC059,Traction,27.8,7.9,2025-08-04 06:00,2025-09-30 22:00,2025-09-30,158.8,0.201,False,False,False,False
TRC2766,SEC035,Traction,66.0,8.1,2025-12-06 06:00,2025-12-23 22:00,2025-12-23,390.4,0.482,True,False,False,True
TRC2772,SEC042,Traction,81.3,10.0,2025-03-11 06:00,2025-03-25 22:00,2025-03-25,291.0,0.291,True,False,False,False
TRC2778,SEC033,Traction,39.9,10.5,2025-10-10 06:00,2025-12-05 22:00,2025-12-05,516.6,0.492,True,False,False,True
TRC2781,SEC018,Traction,82.9,5.3,2025-11-05 06:00,2025-11-20 22:00,2025-11-20,220.5,0.416,True,False,False,True
TRC2782,SEC014,Traction,98.4,10.9,2025-12-02 06:00,2025-12-06 22:00,2025-12-06,494.9,0.454,True,False,False,True
TRC2783,SEC017,Traction,40.3,7.7,2025-08-21 06:00,2025-10-07 22:00,2025-10-07,295.7,0.384,False,False,False,True
TRC2787,SEC069,Traction,34.7,9.4,2025-05-13 06:00,2025-07-12 22:00,2025-07-12,188.0,0.2,False,False,False,True
TRC2791,SEC008,Traction,84.8,10.9,2025-01-27 06:00,2025-02-05 22:00,2025-02-05,496.0,0.455,True,False,False,True
TRC2794,SEC035,Traction,66.4,8.3,2025-02-11 06:00,2025-02-26 22:00,2025-02-26,400.1,0.482,True,False,False,True
TRC2795,SEC058,Traction,61.5,1.1,2025-04-27 06:00,2025-05-20 22:00,2025-05-20,30.0,0.273,False,False,False,True
TRC2800,SEC005,Traction,25.6,6.2,2025-12-02 06:00,2026-03-01 22:00,2026-03-01,327.4,0.528,True,False,False,False
TRC2802,SEC005,Traction,84.8,2.8,2025-04-03 06:00,2025-04-17 22:00,2025-04-17,147.8,0.528,True,False,False,True
TRC2803,SEC004,Traction,65.5,8.9,2025-02-05 06:00,2025-02-21 22:00,2025-02-21,387.2,0.435,True,False,False,True
TRC2804,SEC008,Traction,83.9,8.9,2025-03-08 06:00,2025-03-21 22:00,2025-03-21,405.0,0.455,True,False,False,True
TRC2806,SEC072,Traction,81.6,10.2,2025-12-14 06:00,2025-12-23 22:00,2025-12-23,244.8,0.24,True,False,False,True
TRC2807,SEC041,Traction,59.6,6.4,2025-02-15 06:00,2025-03-14 22:00,2025-03-14,134.4,0.21,False,False,False,True
TRC2808,SEC056,Traction,63.2,7.0,2025-02-26 06:00,2025-03-14 22:00,2025-03-14,199.5,0.285,True,False,False,True
TRC2810,SEC028,Traction,40.8,1.7,2025-01-13 06:00,2025-03-08 22:00,2025-03-08,88.2,0.519,True,False,False,True
TRC2813,SEC001,Traction,39.4,4.8,2025-05-19 06:00,2025-07-12 22:00,2025-07-12,204.5,0.426,False,False,False,True
TRC2815,SEC030,Traction,62.0,8.6,2025-03-26 06:00,2025-04-25 22:00,2025-04-25,351.7,0.409,False,False,False,True
TRC2816,SEC013,Traction,42.6,4.5,2025-04-13 06:00,2025-05-26 22:00,2025-05-26,213.8,0.475,False,False,False,True
TRC2820,SEC022,Traction,84.3,4.1,2025-06-05 06:00,2025-06-12 22:00,2025-06-12,159.9,0.39,True,False,False,False
TRC2823,SEC066,Traction,35.7,6.7,2025-04-24 06:00,2025-06-23 22:00,2025-06-23,180.9,0.27,False,False,False,True
TRC2824,SEC044,Traction,25.8,4.1,2025-03-30 06:00,2025-06-14 22:00,2025-06-14,142.3,0.347,False,False,False,True
TRC2828,SEC002,Traction,38.1,5.0,2025-01-02 06:00,2025-02-25 22:00,2025-02-25,170.5,0.341,True,False,False,True
TRC2829,SEC031,Traction,25.8,3.1,2025-05-14 06:00,2025-08-02 22:00,2025-08-02,125.6,0.405,True,False,False,False
TRC2830,SEC057,Traction,61.9,3.4,2025-05-07 06:00,2025-06-02 22:00,2025-06-02,118.0,0.347,True,False,False,False
TRC2833,SEC012,Traction,43.9,9.4,2025-08-19 06:00,2025-09-20 22:00,2025-09-20,379.8,0.404,False,False,False,False
TRC2838,SEC008,Traction,98.4,3.2,2025-06-13 06:00,2025-06-17 22:00,2025-06-17,145.6,0.455,False,False,False,True
TRC2843,SEC033,Traction,45.0,3.0,2025-04-21 06:00,2025-05-24 22:00,2025-05-24,147.6,0.492,False,False,False,True
TRC2845,SEC061,Traction,61.8,11.0,2025-09-22 06:00,2025-10-09 22:00,2025-10-09,226.6,0.206,True,False,False,True
TRC2848,SEC052,Traction,40.2,4.1,2025-05-20 06:00,2025-06-24 22:00,2025-06-24,82.0,0.2,False,False,False,True
TRC2852,SEC003,Traction,84.3,9.9,2025-12-12 06:00,2025-12-26 22:00,2025-12-26,487.1,0.492,True,False,False,True
TRC2853,SEC030,Traction,84.4,8.9,2025-10-21 06:00,2025-10-29 22:00,2025-10-29,364.0,0.409,True,False,False,True
TRC2855,SEC019,Traction,46.8,2.9,2025-06-01 06:00,2025-06-26 22:00,2025-06-26,141.5,0.488,True,False,False,True
TRC2856,SEC022,Traction,83.8,10.9,2025-01-03 06:00,2025-01-12 22:00,2025-01-12,425.1,0.39,True,False,False,False
TRC2857,SEC054,Traction,36.0,2.3,2025-11-08 06:00,2026-01-03 22:00,2026-01-03,52.2,0.227,True,False,False,True
TRC2858,SEC066,Traction,95.0,1.8,2025-07-07 06:00,2025-07-14 22:00,2025-07-14,48.6,0.27,False,False,False,True
TRC2860,SEC011,Traction,40.3,1.7,2025-01-27 06:00,2025-03-22 22:00,2025-03-22,82.3,0.484,True,False,False,True
TRC2861,SEC025,Traction,39.1,5.6,2025-03-25 06:00,2025-05-23 22:00,2025-05-23,269.9,0.482,True,False,False,True
TRC2862,SEC074,Traction,42.6,6.8,2025-10-04 06:00,2025-10-31 22:00,2025-10-31,163.2,0.24,False,False,False,True
TRC2864,SEC040,Traction,36.0,5.9,2025-05-28 06:00,2025-07-24 22:00,2025-07-24,142.8,0.242,False,False,False,True
TRC2867,SEC003,Traction,85.6,9.2,2025-05-30 06:00,2025-06-07 22:00,2025-06-07,452.6,0.492,True,False,False,True
TRC2868,SEC067,Traction,35.5,3.5,2025-02-23 06:00,2025-04-24 22:00,2025-04-24,90.3,0.258,True,False,False,True
TRC2870,SEC040,Traction,62.4,8.8,2025-08-20 06:00,2025-09-06 22:00,2025-09-06,213.0,0.242,True,False,False,True
TRC2873,SEC046,Traction,27.3,5.5,2025-11-03 06:00,2026-01-06 22:00,2026-01-06,148.5,0.27,False,False,False,True
TRC2874,SEC073,Traction,80.7,8.8,2025-12-12 06:00,2025-12-23 22:00,2025-12-23,183.0,0.208,True,False,False,True
TRC2881,SEC061,Traction,59.1,10.4,2025-08-19 06:00,2025-09-17 22:00,2025-09-17,214.2,0.206,True,False,False,True
TRC2883,SEC021,Traction,62.6,7.9,2025-07-02 06:00,2025-07-31 22:00,2025-07-31,344.4,0.436,True,False,False,True
TRC2884,SEC003,Traction,27.1,8.4,2025-08-02 06:00,2025-10-21 22:00,2025-10-21,413.3,0.492,True,False,False,True
TRC2886,SEC023,Traction,66.0,7.6,2025-08-29 06:00,2025-09-13 22:00,2025-09-13,344.3,0.453,False,False,False,False
TRC2888,SEC008,Traction,65.5,9.7,2025-06-05 06:00,2025-06-22 22:00,2025-06-22,441.4,0.455,True,False,False,True
TRC2891,SEC072,Traction,82.0,8.0,2025-05-28 06:00,2025-06-04 22:00,2025-06-04,192.0,0.24,True,False,False,True
TRC2892,SEC074,Traction,62.3,6.0,2025-02-04 06:00,2025-02-21 22:00,2025-02-21,144.0,0.24,True,False,False,True
TRC2896,SEC005,Traction,41.1,9.6,2025-10-25 06:00,2025-12-17 22:00,2025-12-17,506.9,0.528,True,False,False,False
TRC2899,SEC052,Traction,94.4,2.8,2025-03-03 06:00,2025-03-08 22:00,2025-03-08,56.0,0.2,True,False,False,True
TRC2901,SEC006,Traction,65.3,7.3,2025-01-19 06:00,2025-02-09 22:00,2025-02-09,365.7,0.501,True,False,False,True
TRC2902,SEC049,Traction,60.8,8.1,2025-01-18 06:00,2025-02-17 22:00,2025-02-17,266.5,0.329,False,False,False,True
TRC2904,SEC036,Traction,99.2,8.8,2025-04-06 06:00,2025-04-11 22:00,2025-04-11,458.5,0.521,False,False,False,True
TRC2905,SEC070,Traction,80.8,6.5,2025-04-05 06:00,2025-04-17 22:00,2025-04-17,148.2,0.228,False,False,False,True
TRC2907,SEC062,Traction,81.0,7.8,2025-06-23 06:00,2025-07-02 22:00,2025-07-02,156.0,0.2,True,False,False,True
TRC2909,SEC025,Traction,38.9,2.4,2025-09-26 06:00,2025-11-25 22:00,2025-11-25,115.7,0.482,False,False,False,True
TRC2911,SEC006,Traction,85.3,7.7,2025-06-01 06:00,2025-06-11 22:00,2025-06-11,385.8,0.501,False,False,False,True
TRC2912,SEC073,Traction,80.5,4.7,2025-04-19 06:00,2025-05-01 22:00,2025-05-01,97.8,0.208,True,False,False,True
TRC2914,SEC051,Traction,35.8,5.5,2025-03-31 06:00,2025-05-29 22:00,2025-05-29,141.9,0.258,False,False,False,True
TRC2916,SEC050,Traction,34.7,7.1,2025-12-13 06:00,2026-02-11 22:00,2026-02-11,142.0,0.2,False,False,False,True
TRC2920,SEC069,Traction,94.4,1.9,2025-02-21 06:00,2025-02-26 22:00,2025-02-26,38.0,0.2,True,False,False,True
TRC2923,SEC032,Traction,62.8,1.4,2025-06-05 06:00,2025-06-27 22:00,2025-06-27,48.9,0.349,False,False,False,True
TRC2925,SEC024,Traction,25.9,6.4,2025-07-13 06:00,2025-10-01 22:00,2025-10-01,264.3,0.413,True,False,False,True
TRC2927,SEC072,Traction,59.4,1.4,2025-11-23 06:00,2025-12-23 22:00,2025-12-23,33.6,0.24,False,False,False,True
TRC2930,SEC060,Traction,34.9,6.6,2025-03-24 06:00,2025-05-22 22:00,2025-05-22,132.0,0.2,True,False,False,True
TRC2932,SEC064,Traction,28.7,3.8,2025-05-30 06:00,2025-07-25 22:00,2025-07-25,93.1,0.245,True,False,False,False
TRC2937,SEC025,Traction,32.1,6.8,2025-12-02 06:00,2026-01-28 22:00,2026-01-28,327.8,0.482,False,False,False,False
TRC2939,SEC013,Traction,64.7,10.6,2025-08-12 06:00,2025-09-03 22:00,2025-09-03,503.5,0.475,True,False,False,True
TRC2941,SEC033,Traction,85.8,10.4,2025-06-11 06:00,2025-06-18 22:00,2025-06-18,511.7,0.492,True,False,False,True
TRC2943,SEC046,Traction,61.7,10.8,2025-07-28 06:00,2025-08-19 22:00,2025-08-19,291.6,0.27,True,False,False,True
TRC2944,SEC062,Traction,60.4,9.6,2025-12-06 06:00,2025-12-29 22:00,2025-12-29,192.0,0.2,True,False,False,True
TRC2945,SEC005,Traction,85.9,3.0,2025-11-24 06:00,2025-12-03 22:00,2025-12-03,158.4,0.528,True,False,False,False
TRC2949,SEC025,Traction,83.9,10.6,2025-10-29 06:00,2025-11-13 22:00,2025-11-13,510.9,0.482,False,False,False,True
TRC2950,SEC001,Traction,63.6,10.8,2025-05-23 06:00,2025-06-16 22:00,2025-06-16,460.1,0.426,True,False,False,True
TRC2953,SEC022,Traction,82.7,11.5,2025-02-13 06:00,2025-02-27 22:00,2025-02-27,448.5,0.39,False,False,False,True
TRC2954,SEC044,Traction,63.5,9.5,2025-07-20 06:00,2025-08-08 22:00,2025-08-08,329.6,0.347,False,False,False,True
TRC2956,SEC048,Traction,63.8,4.8,2025-04-26 06:00,2025-05-10 22:00,2025-05-10,140.6,0.293,True,False,False,False
TRC2957,SEC019,Traction,43.0,10.9,2025-02-15 06:00,2025-03-29 22:00,2025-03-29,531.9,0.488,True,False,False,True
TRC2958,SEC032,Traction,23.0,7.7,2025-11-09 06:00,2026-02-06 22:00,2026-02-06,268.7,0.349,False,False,False,True
TRC2960,SEC027,Traction,41.9,6.7,2025-02-14 06:00,2025-03-24 22:00,2025-03-24,239.2,0.357,True,False,False,True
TRC2962,SEC031,Traction,39.3,11.4,2025-10-29 06:00,2025-12-21 22:00,2025-12-21,461.7,0.405,False,False,False,True
TRC2963,SEC068,Traction,61.1,6.7,2025-12-20 06:00,2026-01-16 22:00,2026-01-16,205.0,0.306,False,False,False,True
TRC2968,SEC064,Traction,61.5,5.4,2025-08-11 06:00,2025-09-01 22:00,2025-09-01,132.3,0.245,True,False,False,True
TRC2971,SEC061,Traction,60.5,4.4,2025-08-16 06:00,2025-09-08 22:00,2025-09-08,90.6,0.206,True,False,False,True
TRC2972,SEC015,Traction,45.3,5.9,2025-11-18 06:00,2025-12-17 22:00,2025-12-17,265.5,0.45,False,False,False,True
TRC2974,SEC017,Traction,62.0,6.5,2025-05-03 06:00,2025-05-31 22:00,2025-05-31,249.6,0.384,True,False,False,False
TRC2975,SEC039,Traction,63.9,6.2,2025-02-12 06:00,2025-03-02 22:00,2025-03-02,222.6,0.359,True,False,False,True
TRC2976,SEC055,Traction,42.2,8.5,2025-11-13 06:00,2025-12-10 22:00,2025-12-10,179.4,0.211,True,False,False,True
TRC2981,SEC008,Traction,46.0,2.7,2025-01-30 06:00,2025-02-25 22:00,2025-02-25,122.8,0.455,False,False,False,False
TRC2982,SEC063,Traction,61.1,8.1,2025-05-05 06:00,2025-05-25 22:00,2025-05-25,164.4,0.203,True,False,False,False
TRC2983,SEC015,Traction,98.4,1.2,2025-01-17 06:00,2025-01-21 22:00,2025-01-21,54.0,0.45,False,False,False,False
TRC2984,SEC052,Traction,39.1,11.1,2025-10-28 06:00,2025-12-07 22:00,2025-12-07,222.0,0.2,True,False,False,True
TRC2985,SEC065,Traction,63.5,9.0,2025-10-31 06:00,2025-11-15 22:00,2025-11-15,258.3,0.287,True,False,False,True
TRC2986,SEC033,Traction,65.4,10.7,2025-07-21 06:00,2025-08-10 22:00,2025-08-10,526.4,0.492,True,False,False,True
TRC2987,SEC072,Traction,36.6,6.7,2025-08-23 06:00,2025-10-16 22:00,2025-10-16,160.8,0.24,False,False,False,True
TRC2988,SEC036,Traction,85.4,9.7,2025-07-25 06:00,2025-08-05 22:00,2025-08-05,505.4,0.521,False,False,False,True
TRC2990,SEC044,Traction,63.0,1.4,2025-02-08 06:00,2025-03-01 22:00,2025-03-01,48.6,0.347,False,False,False,True
TRC2992,SEC038,Traction,42.5,3.0,2025-04-18 06:00,2025-05-27 22:00,2025-05-27,123.3,0.411,True,False,False,True
TRC2995,SEC023,Traction,64.9,8.8,2025-04-21 06:00,2025-05-11 22:00,2025-05-11,398.6,0.453,False,False,False,True
SIG0001,SEC030,Signalling,43.4,10.7,2025-01-08 06:00,2025-02-12 22:00,2025-02-12,437.6,0.409,False,False,False,True
SIG0002,SEC029,Signalling,66.8,12.0,2025-02-09 06:00,2025-02-24 22:00,2025-02-24,614.4,0.512,False,False,False,False
SIG0006,SEC053,Signalling,94.9,6.6,2025-03-18 06:00,2025-03-24 22:00,2025-03-24,165.0,0.25,False,True,False,True
SIG0011,SEC059,Signalling,28.3,11.5,2025-02-02 06:00,2025-03-29 22:00,2025-03-29,231.2,0.201,False,True,False,True
SIG0013,SEC006,Signalling,39.8,5.5,2025-10-15 06:00,2025-12-11 22:00,2025-12-11,275.6,0.501,False,False,False,False
SIG0014,SEC016,Signalling,38.9,11.0,2025-02-25 06:00,2025-04-22 22:00,2025-04-22,466.4,0.424,False,True,False,False
SIG0019,SEC003,Signalling,43.0,11.6,2025-11-09 06:00,2025-12-21 22:00,2025-12-21,570.7,0.492,False,True,False,True
SIG0021,SEC019,Signalling,46.1,6.2,2025-10-21 06:00,2025-11-18 22:00,2025-11-18,302.6,0.488,False,False,False,True
SIG0022,SEC058,Signalling,60.2,4.1,2025-10-03 06:00,2025-11-01 22:00,2025-11-01,111.9,0.273,False,False,False,False
SIG0023,SEC060,Signalling,58.8,9.7,2025-03-19 06:00,2025-04-18 22:00,2025-04-18,194.0,0.2,False,True,False,False
SIG0024,SEC003,Signalling,46.4,7.3,2025-02-18 06:00,2025-03-17 22:00,2025-03-17,359.2,0.492,False,True,False,True
SIG0026,SEC023,Signalling,98.2,12.0,2025-02-06 06:00,2025-02-11 22:00,2025-02-11,543.6,0.453,False,False,False,True
SIG0027,SEC030,Signalling,63.7,2.5,2025-03-18 06:00,2025-04-09 22:00,2025-04-09,102.2,0.409,False,False,False,True
SIG0028,SEC014,Signalling,64.4,3.0,2025-11-25 06:00,2025-12-17 22:00,2025-12-17,136.2,0.454,False,False,False,True
SIG0031,SEC017,Signalling,63.8,2.5,2025-11-06 06:00,2025-11-26 22:00,2025-11-26,96.0,0.384,False,True,False,True
SIG0033,SEC007,Signalling,65.2,5.8,2025-11-17 06:00,2025-12-07 22:00,2025-12-07,274.9,0.474,False,False,False,True
SIG0034,SEC004,Signalling,84.3,8.3,2025-11-19 06:00,2025-11-29 22:00,2025-11-29,361.0,0.435,False,True,False,True
SIG0038,SEC002,Signalling,63.8,6.5,2025-09-03 06:00,2025-09-20 22:00,2025-09-20,221.6,0.341,False,False,False,True
SIG0040,SEC062,Signalling,26.3,2.0,2025-10-07 06:00,2025-12-10 22:00,2025-12-10,40.0,0.2,False,True,False,True
SIG0047,SEC034,Signalling,61.6,10.5,2025-05-10 06:00,2025-06-06 22:00,2025-06-06,356.0,0.339,False,False,False,True
SIG0051,SEC072,Signalling,80.5,6.6,2025-05-02 06:00,2025-05-16 22:00,2025-05-16,158.4,0.24,False,True,False,True
SIG0054,SEC034,Signalling,43.9,10.8,2025-03-16 06:00,2025-04-13 22:00,2025-04-13,366.1,0.339,False,False,False,True
SIG0055,SEC075,Signalling,39.3,10.7,2025-08-13 06:00,2025-09-21 22:00,2025-09-21,214.0,0.2,False,True,False,True
SIG0056,SEC074,Signalling,81.8,6.7,2025-09-03 06:00,2025-09-11 22:00,2025-09-11,160.8,0.24,False,True,False,True
SIG0057,SEC017,Signalling,97.4,5.0,2025-09-18 06:00,2025-09-22 22:00,2025-09-22,192.0,0.384,False,True,False,False
SIG0061,SEC034,Signalling,43.0,10.8,2025-02-23 06:00,2025-03-27 22:00,2025-03-27,366.1,0.339,False,False,False,True
SIG0062,SEC049,Signalling,64.1,6.0,2025-10-11 06:00,2025-10-26 22:00,2025-10-26,197.4,0.329,False,False,False,True
SIG0067,SEC002,Signalling,64.5,5.2,2025-05-29 06:00,2025-06-12 22:00,2025-06-12,177.3,0.341,False,False,False,True
SIG0068,SEC006,Signalling,84.4,7.6,2025-06-26 06:00,2025-07-10 22:00,2025-07-10,380.8,0.501,False,True,False,True
SIG0069,SEC012,Signalling,43.9,9.0,2025-02-03 06:00,2025-03-07 22:00,2025-03-07,363.6,0.404,False,True,False,True
SIG0071,SEC066,Signalling,31.3,8.8,2025-06-02 06:00,2025-07-18 22:00,2025-07-18,237.6,0.27,False,True,False,True
SIG0076,SEC034,Signalling,62.5,1.1,2025-06-10 06:00,2025-07-03 22:00,2025-07-03,37.3,0.339,False,True,False,True
SIG0078,SEC040,Signalling,80.5,10.3,2025-01-24 06:00,2025-02-07 22:00,2025-02-07,249.3,0.242,False,False,False,True
SIG0079,SEC051,Signalling,61.9,9.4,2025-11-15 06:00,2025-12-05 22:00,2025-12-05,242.5,0.258,False,False,False,True
SIG0080,SEC002,Signalling,62.5,2.6,2025-10-10 06:00,2025-11-02 22:00,2025-11-02,88.7,0.341,False,True,False,True
SIG0081,SEC048,Signalling,31.0,9.8,2025-08-18 06:00,2025-10-06 22:00,2025-10-06,287.1,0.293,False,True,False,True
SIG0085,SEC021,Signalling,24.9,4.1,2025-07-28 06:00,2025-10-22 22:00,2025-10-22,178.8,0.436,False,False,False,True
SIG0088,SEC024,Signalling,42.3,1.9,2025-11-03 06:00,2025-12-13 22:00,2025-12-13,78.5,0.413,False,True,False,True
SIG0089,SEC053,Signalling,81.8,8.1,2025-01-05 06:00,2025-01-14 22:00,2025-01-14,202.5,0.25,False,True,False,False
SIG0090,SEC066,Signalling,39.9,11.1,2025-09-11 06:00,2025-10-22 22:00,2025-10-22,299.7,0.27,False,True,False,False
SIG0091,SEC023,Signalling,62.6,4.0,2025-11-25 06:00,2025-12-25 22:00,2025-12-25,181.2,0.453,False,False,False,True
SIG0093,SEC048,Signalling,39.0,7.2,2025-08-16 06:00,2025-10-02 22:00,2025-10-02,211.0,0.293,False,True,False,True
SIG0094,SEC067,Signalling,26.9,10.9,2025-11-14 06:00,2026-01-18 22:00,2026-01-18,281.2,0.258,False,False,False,False
SIG0096,SEC053,Signalling,43.0,7.8,2025-08-11 06:00,2025-09-06 22:00,2025-09-06,195.0,0.25,False,True,False,False
SIG0097,SEC060,Signalling,21.6,10.6,2025-08-16 06:00,2025-11-09 22:00,2025-11-09,212.0,0.2,False,True,False,False
SIG0098,SEC062,Signalling,81.0,5.9,2025-09-12 06:00,2025-09-21 22:00,2025-09-21,118.0,0.2,False,False,False,True
SIG0101,SEC010,Signalling,62.9,4.4,2025-06-10 06:00,2025-07-10 22:00,2025-07-10,205.9,0.468,False,True,False,True
SIG0102,SEC041,Signalling,60.3,4.3,2025-07-11 06:00,2025-08-04 22:00,2025-08-04,90.3,0.21,False,False,False,True
SIG0105,SEC019,Signalling,65.6,3.6,2025-04-01 06:00,2025-04-20 22:00,2025-04-20,175.7,0.488,False,False,False,True
SIG0106,SEC003,Signalling,43.5,2.5,2025-05-10 06:00,2025-06-19 22:00,2025-06-19,123.0,0.492,False,False,False,True
SIG0108,SEC034,Signalling,62.3,7.7,2025-05-16 06:00,2025-06-09 22:00,2025-06-09,261.0,0.339,False,False,False,True
SIG0109,SEC027,Signalling,42.4,11.0,2025-08-15 06:00,2025-09-20 22:00,2025-09-20,392.7,0.357,False,False,False,True
SIG0110,SEC051,Signalling,39.5,4.5,2025-11-03 06:00,2025-12-15 22:00,2025-12-15,116.1,0.258,False,False,False,True
SIG0113,SEC051,Signalling,80.5,3.4,2025-12-18 06:00,2026-01-02 22:00,2026-01-02,87.7,0.258,False,False,False,False
SIG0116,SEC011,Signalling,43.6,3.1,2025-08-09 06:00,2025-09-17 22:00,2025-09-17,150.0,0.484,False,True,False,True
SIG0117,SEC012,Signalling,83.8,3.6,2025-07-06 06:00,2025-07-16 22:00,2025-07-16,145.4,0.404,False,True,False,True
SIG0118,SEC005,Signalling,67.3,4.7,2025-04-07 06:00,2025-04-21 22:00,2025-04-21,248.2,0.528,False,True,False,True
SIG0119,SEC066,Signalling,42.4,2.0,2025-08-03 06:00,2025-09-02 22:00,2025-09-02,54.0,0.27,False,False,False,False
SIG0125,SEC019,Signalling,84.4,7.6,2025-01-17 06:00,2025-01-30 22:00,2025-01-30,370.9,0.488,False,True,False,True
SIG0126,SEC015,Signalling,65.5,9.9,2025-10-26 06:00,2025-11-12 22:00,2025-11-12,445.5,0.45,False,False,False,True
SIG0127,SEC007,Signalling,65.2,5.1,2025-09-30 06:00,2025-10-20 22:00,2025-10-20,241.7,0.474,False,False,False,True
SIG0128,SEC062,Signalling,80.1,1.6,2025-12-08 06:00,2025-12-21 22:00,2025-12-21,32.0,0.2,False,True,False,True
SIG0129,SEC015,Signalling,64.1,5.4,2025-04-10 06:00,2025-05-03 22:00,2025-05-03,243.0,0.45,False,False,False,True
SIG0131,SEC033,Signalling,84.3,7.8,2025-07-26 06:00,2025-08-09 22:00,2025-08-09,383.8,0.492,False,False,False,True
SIG0133,SEC026,Signalling,85.7,5.6,2025-10-31 06:00,2025-11-09 22:00,2025-11-09,289.0,0.516,False,True,False,True
SIG0134,SEC059,Signalling,36.9,2.9,2025-02-15 06:00,2025-04-06 22:00,2025-04-06,58.3,0.201,False,True,False,True
SIG0137,SEC030,Signalling,44.2,10.9,2025-01-28 06:00,2025-02-28 22:00,2025-02-28,445.8,0.409,False,False,False,True
SIG0139,SEC052,Signalling,58.8,2.9,2025-12-18 06:00,2026-01-17 22:00,2026-01-17,58.0,0.2,False,True,False,False
SIG0140,SEC006,Signalling,40.3,9.5,2025-01-26 06:00,2025-03-22 22:00,2025-03-22,476.0,0.501,False,False,False,True
SIG0141,SEC064,Signalling,95.1,1.7,2025-10-02 06:00,2025-10-07 22:00,2025-10-07,41.6,0.245,False,True,False,True
SIG0146,SEC063,Signalling,62.2,6.2,2025-05-20 06:00,2025-06-04 22:00,2025-06-04,125.9,0.203,False,False,False,False
SIG0149,SEC052,Signalling,35.3,3.6,2025-06-07 06:00,2025-08-03 22:00,2025-08-03,72.0,0.2,False,False,False,True
SIG0150,SEC007,Signalling,83.8,9.7,2025-10-26 06:00,2025-11-10 22:00,2025-11-10,459.8,0.474,False,True,False,True
SIG0151,SEC017,Signalling,97.1,7.4,2025-02-05 06:00,2025-02-10 22:00,2025-02-10,284.2,0.384,False,True,False,False
SIG0152,SEC022,Signalling,62.4,5.5,2025-02-21 06:00,2025-03-20 22:00,2025-03-20,214.5,0.39,False,True,False,True
SIG0156,SEC057,Signalling,44.0,9.3,2025-11-29 06:00,2025-12-27 22:00,2025-12-27,322.7,0.347,False,False,False,True
SIG0158,SEC050,Signalling,36.7,9.5,2025-10-08 06:00,2025-11-28 22:00,2025-11-28,190.0,0.2,False,True,False,True
SIG0159,SEC006,Signalling,64.0,11.6,2025-07-06 06:00,2025-08-02 22:00,2025-08-02,581.2,0.501,False,True,False,True
SIG0160,SEC060,Signalling,60.4,6.5,2025-02-19 06:00,2025-03-14 22:00,2025-03-14,130.0,0.2,False,True,False,True
SIG0161,SEC007,Signalling,98.7,2.8,2025-11-21 06:00,2025-11-25 22:00,2025-11-25,132.7,0.474,False,True,False,True
SIG0162,SEC073,Signalling,80.9,9.3,2025-10-12 06:00,2025-10-22 22:00,2025-10-22,193.4,0.208,False,False,False,True
SIG0163,SEC056,Signalling,63.2,6.3,2025-02-12 06:00,2025-02-28 22:00,2025-02-28,179.5,0.285,False,True,False,True
SIG0164,SEC072,Signalling,41.0,10.0,2025-06-17 06:00,2025-07-21 22:00,2025-07-21,240.0,0.24,False,True,False,True
SIG0169,SEC059,Signalling,80.1,10.5,2025-02-17 06:00,2025-03-02 22:00,2025-03-02,211.0,0.201,False,False,False,True
SIG0170,SEC059,Signalling,25.2,1.9,2025-05-01 06:00,2025-07-09 22:00,2025-07-09,38.2,0.201,False,True,False,True
SIG0171,SEC033,Signalling,64.8,5.2,2025-03-21 06:00,2025-04-13 22:00,2025-04-13,255.8,0.492,False,False,False,True
SIG0174,SEC039,Signalling,64.6,3.3,2025-01-07 06:00,2025-01-22 22:00,2025-01-22,118.5,0.359,False,True,False,True
SIG0175,SEC044,Signalling,63.5,1.5,2025-01-27 06:00,2025-02-15 22:00,2025-02-15,52.0,0.347,False,True,False,True
SIG0177,SEC073,Signalling,81.6,9.3,2025-10-05 06:00,2025-10-12 22:00,2025-10-12,193.4,0.208,False,False,False,True
SIG0178,SEC008,Signalling,65.8,10.5,2025-01-09 06:00,2025-01-25 22:00,2025-01-25,477.8,0.455,False,True,False,True
SIG0179,SEC009,Signalling,84.3,8.2,2025-05-13 06:00,2025-05-22 22:00,2025-05-22,342.8,0.418,False,True,False,True
SIG0180,SEC049,Signalling,62.3,11.8,2025-11-13 06:00,2025-12-06 22:00,2025-12-06,388.2,0.329,False,True,False,True
SIG0181,SEC069,Signalling,59.7,2.4,2025-05-06 06:00,2025-06-01 22:00,2025-06-01,48.0,0.2,False,False,False,True
SIG0186,SEC012,Signalling,84.3,3.4,2025-05-02 06:00,2025-05-10 22:00,2025-05-10,137.4,0.404,False,False,False,True
SIG0196,SEC056,Signalling,81.4,1.0,2025-01-18 06:00,2025-01-31 22:00,2025-01-31,28.5,0.285,False,True,False,True
SIG0197,SEC013,Signalling,84.5,3.4,2025-07-04 06:00,2025-07-16 22:00,2025-07-16,161.5,0.475,False,False,False,True
SIG0202,SEC030,Signalling,63.3,5.9,2025-07-22 06:00,2025-08-15 22:00,2025-08-15,241.3,0.409,False,True,False,True
SIG0203,SEC013,Signalling,65.2,4.4,2025-09-14 06:00,2025-10-04 22:00,2025-10-04,209.0,0.475,False,True,False,True
SIG0204,SEC064,Signalling,81.2,9.0,2025-06-03 06:00,2025-06-14 22:00,2025-06-14,220.5,0.245,False,True,False,False
SIG0206,SEC027,Signalling,43.9,10.5,2025-05-28 06:00,2025-06-26 22:00,2025-06-26,374.8,0.357,False,True,False,True
SIG0208,SEC059,Signalling,37.3,4.4,2025-11-28 06:00,2026-01-15 22:00,2026-01-15,88.4,0.201,False,True,False,False
SIG0209,SEC006,Signalling,63.3,10.5,2025-07-31 06:00,2025-08-30 22:00,2025-08-30,526.1,0.501,False,False,False,True
SIG0210,SEC060,Signalling,79.7,2.1,2025-09-29 06:00,2025-10-14 22:00,2025-10-14,42.0,0.2,False,False,False,True
SIG0212,SEC062,Signalling,61.7,8.6,2025-09-01 06:00,2025-09-18 22:00,2025-09-18,172.0,0.2,False,True,False,True
SIG0213,SEC068,Signalling,26.3,5.8,2025-10-15 06:00,2025-12-25 22:00,2025-12-25,177.5,0.306,False,True,False,True
SIG0214,SEC006,Signalling,66.2,6.1,2025-07-01 06:00,2025-07-18 22:00,2025-07-18,305.6,0.501,False,False,False,True
SIG0215,SEC075,Signalling,40.4,9.1,2025-02-22 06:00,2025-03-28 22:00,2025-03-28,182.0,0.2,False,True,False,True
SIG0217,SEC011,Signalling,39.4,8.3,2025-03-13 06:00,2025-05-10 22:00,2025-05-10,401.7,0.484,False,True,False,False
SIG0219,SEC066,Signalling,82.0,1.7,2025-11-23 06:00,2025-12-02 22:00,2025-12-02,45.9,0.27,False,True,False,True
SIG0223,SEC015,Signalling,44.4,7.3,2025-07-13 06:00,2025-08-15 22:00,2025-08-15,328.5,0.45,False,False,False,False
SIG0224,SEC040,Signalling,39.1,4.7,2025-11-03 06:00,2025-12-16 22:00,2025-12-16,113.7,0.242,False,True,False,True
SIG0228,SEC066,Signalling,80.9,4.3,2025-09-26 06:00,2025-10-10 22:00,2025-10-10,116.1,0.27,False,False,False,True
SIG0230,SEC016,Signalling,62.6,2.9,2025-04-06 06:00,2025-05-04 22:00,2025-05-04,123.0,0.424,False,True,False,True
SIG0234,SEC047,Signalling,27.7,9.0,2025-02-12 06:00,2025-04-11 22:00,2025-04-11,183.6,0.204,False,False,False,True
SIG0241,SEC062,Signalling,94.2,2.3,2025-05-04 06:00,2025-05-10 22:00,2025-05-10,46.0,0.2,False,True,False,True
SIG0242,SEC049,Signalling,38.8,2.4,2025-04-24 06:00,2025-06-13 22:00,2025-06-13,79.0,0.329,False,True,False,False
SIG0244,SEC010,Signalling,44.5,9.4,2025-07-11 06:00,2025-08-14 22:00,2025-08-14,439.9,0.468,False,False,False,True
SIG0245,SEC012,Signalling,84.3,4.5,2025-08-05 06:00,2025-08-13 22:00,2025-08-13,181.8,0.404,False,True,False,True
SIG0247,SEC057,Signalling,64.6,5.2,2025-11-26 06:00,2025-12-10 22:00,2025-12-10,180.4,0.347,False,True,False,False
SIG0248,SEC069,Signalling,38.9,1.5,2025-09-10 06:00,2025-10-21 22:00,2025-10-21,30.0,0.2,False,True,False,True
SIG0250,SEC016,Signalling,64.0,3.5,2025-12-09 06:00,2025-12-31 22:00,2025-12-31,148.4,0.424,False,False,False,True
SIG0252,SEC030,Signalling,39.4,9.4,2025-06-18 06:00,2025-08-10 22:00,2025-08-10,384.5,0.409,False,False,False,True
SIG0253,SEC030,Signalling,63.1,7.2,2025-06-18 06:00,2025-07-13 22:00,2025-07-13,294.5,0.409,False,False,False,True
SIG0255,SEC031,Signalling,34.2,5.5,2025-03-13 06:00,2025-04-24 22:00,2025-04-24,222.8,0.405,False,True,False,True
SIG0258,SEC041,Signalling,94.5,11.0,2025-01-18 06:00,2025-01-23 22:00,2025-01-23,231.0,0.21,False,False,False,True
SIG0260,SEC001,Signalling,26.6,2.1,2025-08-04 06:00,2025-10-21 22:00,2025-10-21,89.5,0.426,False,False,False,True
SIG0261,SEC041,Signalling,60.1,1.6,2025-10-16 06:00,2025-11-10 22:00,2025-11-10,33.6,0.21,False,True,False,True
SIG0262,SEC020,Signalling,82.4,5.1,2025-03-13 06:00,2025-03-28 22:00,2025-03-28,195.8,0.384,False,False,False,True
SIG0263,SEC070,Signalling,35.8,9.5,2025-05-30 06:00,2025-07-26 22:00,2025-07-26,216.6,0.228,False,True,False,True
SIG0267,SEC009,Signalling,97.2,9.1,2025-04-25 06:00,2025-05-02 22:00,2025-05-02,380.4,0.418,False,True,False,True
SIG0268,SEC001,Signalling,45.4,11.1,2025-08-09 06:00,2025-09-05 22:00,2025-09-05,472.9,0.426,False,True,False,True
SIG0271,SEC036,Signalling,85.8,7.5,2025-03-27 06:00,2025-04-05 22:00,2025-04-05,390.8,0.521,False,True,False,True
SIG0275,SEC009,Signalling,38.6,7.7,2025-01-16 06:00,2025-03-14 22:00,2025-03-14,321.9,0.418,False,False,False,True
SIG0276,SEC052,Signalling,61.5,10.9,2025-06-21 06:00,2025-07-09 22:00,2025-07-09,218.0,0.2,False,True,False,True
SIG0277,SEC010,Signalling,43.1,9.1,2025-12-14 06:00,2026-01-23 22:00,2026-01-23,425.9,0.468,False,True,False,True
SIG0279,SEC001,Signalling,65.1,5.3,2025-01-03 06:00,2025-01-20 22:00,2025-01-20,225.8,0.426,False,True,False,True
SIG0280,SEC062,Signalling,35.3,10.2,2025-03-01 06:00,2025-04-27 22:00,2025-04-27,204.0,0.2,False,False,False,True
SIG0282,SEC052,Signalling,80.8,7.2,2025-04-03 06:00,2025-04-13 22:00,2025-04-13,144.0,0.2,False,False,False,False
SIG0289,SEC043,Signalling,64.3,9.7,2025-08-29 06:00,2025-09-12 22:00,2025-09-12,317.2,0.327,False,True,False,True
SIG0290,SEC054,Signalling,36.8,5.6,2025-11-23 06:00,2026-01-14 22:00,2026-01-14,127.1,0.227,False,True,False,True
SIG0291,SEC051,Signalling,39.8,8.8,2025-08-08 06:00,2025-09-18 22:00,2025-09-18,227.0,0.258,False,True,False,True
SIG0292,SEC053,Signalling,61.6,3.6,2025-08-29 06:00,2025-09-19 22:00,2025-09-19,90.0,0.25,False,False,False,True
SIG0294,SEC039,Signalling,39.3,1.9,2025-09-16 06:00,2025-11-05 22:00,2025-11-05,68.2,0.359,False,False,False,True
SIG0296,SEC028,Signalling,45.7,4.8,2025-01-08 06:00,2025-02-09 22:00,2025-02-09,249.1,0.519,False,True,False,True
SIG0298,SEC030,Signalling,65.1,10.7,2025-08-22 06:00,2025-09-07 22:00,2025-09-07,437.6,0.409,False,True,False,True
SIG0299,SEC066,Signalling,39.9,9.2,2025-10-04 06:00,2025-11-14 22:00,2025-11-14,248.4,0.27,False,True,False,True
SIG0300,SEC060,Signalling,59.3,5.6,2025-03-19 06:00,2025-04-16 22:00,2025-04-16,112.0,0.2,False,False,False,False
SIG0303,SEC062,Signalling,59.9,11.3,2025-09-18 06:00,2025-10-13 22:00,2025-10-13,226.0,0.2,False,True,False,True
SIG0304,SEC013,Signalling,64.5,11.4,2025-09-06 06:00,2025-09-29 22:00,2025-09-29,541.5,0.475,False,False,False,True
SIG0305,SEC019,Signalling,84.0,5.3,2025-03-26 06:00,2025-04-10 22:00,2025-04-10,258.6,0.488,False,True,False,True
SIG0306,SEC066,Signalling,41.9,8.3,2025-04-29 06:00,2025-05-31 22:00,2025-05-31,224.1,0.27,False,False,False,True
SIG0317,SEC010,Signalling,32.5,6.7,2025-06-29 06:00,2025-08-22 22:00,2025-08-22,313.6,0.468,False,True,False,True
SIG0319,SEC063,Signalling,61.1,4.9,2025-07-03 06:00,2025-07-23 22:00,2025-07-23,99.5,0.203,False,False,False,True
SIG0320,SEC014,Signalling,43.6,2.2,2025-10-17 06:00,2025-11-23 22:00,2025-11-23,99.9,0.454,False,False,False,True
SIG0323,SEC048,Signalling,39.2,4.4,2025-05-08 06:00,2025-06-23 22:00,2025-06-23,128.9,0.293,False,True,False,True
SIG0324,SEC048,Signalling,40.1,1.8,2025-03-20 06:00,2025-05-01 22:00,2025-05-01,52.7,0.293,False,True,False,True
SIG0325,SEC072,Signalling,94.8,2.6,2025-05-01 06:00,2025-05-07 22:00,2025-05-07,62.4,0.24,False,False,False,True
SIG0326,SEC023,Signalling,42.0,6.9,2025-11-12 06:00,2025-12-26 22:00,2025-12-26,312.6,0.453,False,True,False,True
SIG0329,SEC009,Signalling,84.5,8.7,2025-03-27 06:00,2025-04-04 22:00,2025-04-04,363.7,0.418,False,True,False,True
SIG0333,SEC040,Signalling,37.1,10.3,2025-06-21 06:00,2025-08-12 22:00,2025-08-12,249.3,0.242,False,True,False,True
SIG0337,SEC022,Signalling,61.9,9.3,2025-06-16 06:00,2025-07-15 22:00,2025-07-15,362.7,0.39,False,False,False,True
SIG0338,SEC027,Signalling,61.4,8.5,2025-09-03 06:00,2025-10-02 22:00,2025-10-02,303.4,0.357,False,True,False,True
SIG0339,SEC051,Signalling,41.8,2.6,2025-10-10 06:00,2025-11-11 22:00,2025-11-11,67.1,0.258,False,False,False,True
SIG0341,SEC065,Signalling,42.6,9.6,2025-05-04 06:00,2025-06-03 22:00,2025-06-03,275.5,0.287,False,False,False,True
SIG0342,SEC032,Signalling,43.3,8.0,2025-05-15 06:00,2025-06-15 22:00,2025-06-15,279.2,0.349,False,True,False,True
SIG0345,SEC071,Signalling,62.7,7.9,2025-08-06 06:00,2025-08-20 22:00,2025-08-20,175.4,0.222,False,True,False,True
SIG0349,SEC073,Signalling,59.0,3.9,2025-12-15 06:00,2026-01-14 22:00,2026-01-14,81.1,0.208,False,True,False,True
SIG0353,SEC052,Signalling,42.4,2.5,2025-12-12 06:00,2026-01-06 22:00,2026-01-06,50.0,0.2,False,False,False,True
SIG0355,SEC049,Signalling,26.0,7.9,2025-07-29 06:00,2025-10-11 22:00,2025-10-11,259.9,0.329,False,True,False,True
SIG0356,SEC023,Signalling,66.2,10.0,2025-05-15 06:00,2025-05-29 22:00,2025-05-29,453.0,0.453,False,True,False,True
SIG0357,SEC010,Signalling,44.2,3.0,2025-06-13 06:00,2025-07-18 22:00,2025-07-18,140.4,0.468,False,True,False,False
SIG0360,SEC031,Signalling,64.8,11.8,2025-02-15 06:00,2025-03-04 22:00,2025-03-04,477.9,0.405,False,False,False,False
SIG0362,SEC015,Signalling,30.0,8.5,2025-08-30 06:00,2025-11-02 22:00,2025-11-02,382.5,0.45,False,True,False,True
SIG0365,SEC059,Signalling,29.6,3.9,2025-01-07 06:00,2025-02-25 22:00,2025-02-25,78.4,0.201,False,True,False,True
SIG0367,SEC025,Signalling,84.1,2.6,2025-01-28 06:00,2025-02-11 22:00,2025-02-11,125.3,0.482,False,True,False,True
SIG0377,SEC029,Signalling,64.0,7.4,2025-09-02 06:00,2025-09-30 22:00,2025-09-30,378.9,0.512,False,True,False,True
SIG0382,SEC002,Signalling,62.7,4.9,2025-03-28 06:00,2025-04-19 22:00,2025-04-19,167.1,0.341,False,False,False,True
SIG0386,SEC014,Signalling,38.5,8.1,2025-05-27 06:00,2025-07-26 22:00,2025-07-26,367.7,0.454,False,True,False,True
SIG0388,SEC024,Signalling,40.8,6.2,2025-05-26 06:00,2025-07-12 22:00,2025-07-12,256.1,0.413,False,True,False,True
SIG0389,SEC057,Signalling,61.0,3.3,2025-02-27 06:00,2025-03-29 22:00,2025-03-29,114.5,0.347,False,False,False,False
SIG0391,SEC016,Signalling,84.4,9.3,2025-06-26 06:00,2025-07-05 22:00,2025-07-05,394.3,0.424,False,False,False,True
SIG0395,SEC070,Signalling,40.2,10.3,2025-05-29 06:00,2025-07-05 22:00,2025-07-05,234.8,0.228,False,True,False,True
SIG0396,SEC010,Signalling,25.4,6.2,2025-08-10 06:00,2025-11-04 22:00,2025-11-04,290.2,0.468,False,True,False,True
SIG0398,SEC026,Signalling,63.6,6.8,2025-03-28 06:00,2025-04-27 22:00,2025-04-27,350.9,0.516,False,True,False,True
SIG0399,SEC024,Signalling,64.3,5.2,2025-03-31 06:00,2025-04-20 22:00,2025-04-20,214.8,0.413,False,False,False,True
SIG0401,SEC009,Signalling,27.5,3.3,2025-09-14 06:00,2025-11-26 22:00,2025-11-26,137.9,0.418,False,False,False,True
SIG0402,SEC057,Signalling,62.8,8.3,2025-03-16 06:00,2025-04-07 22:00,2025-04-07,288.0,0.347,False,True,False,True
SIG0403,SEC061,Signalling,36.1,6.6,2025-12-03 06:00,2026-01-26 22:00,2026-01-26,136.0,0.206,False,True,False,True
SIG0405,SEC042,Signalling,40.7,1.0,2025-04-07 06:00,2025-05-16 22:00,2025-05-16,29.1,0.291,False,True,False,False
SIG0406,SEC001,Signalling,24.3,5.2,2025-04-21 06:00,2025-07-18 22:00,2025-07-18,221.5,0.426,False,False,False,True
SIG0407,SEC071,Signalling,41.4,5.7,2025-11-09 06:00,2025-12-10 22:00,2025-12-10,126.5,0.222,False,True,False,True
SIG0408,SEC011,Signalling,85.0,2.2,2025-12-19 06:00,2025-12-29 22:00,2025-12-29,106.5,0.484,False,True,False,True
SIG0410,SEC035,Signalling,39.8,11.5,2025-04-28 06:00,2025-06-23 22:00,2025-06-23,554.3,0.482,False,True,False,True
SIG0411,SEC070,Signalling,80.1,5.8,2025-11-11 06:00,2025-11-26 22:00,2025-11-26,132.2,0.228,False,False,False,False
SIG0412,SEC027,Signalling,83.8,2.3,2025-03-31 06:00,2025-04-07 22:00,2025-04-07,82.1,0.357,False,True,False,True
SIG0415,SEC016,Signalling,43.8,11.4,2025-10-29 06:00,2025-12-02 22:00,2025-12-02,483.4,0.424,False,False,False,False
SIG0416,SEC049,Signalling,82.9,7.9,2025-08-25 06:00,2025-09-03 22:00,2025-09-03,259.9,0.329,False,True,False,True
SIG0421,SEC034,Signalling,61.1,11.6,2025-04-30 06:00,2025-05-29 22:00,2025-05-29,393.2,0.339,False,True,False,True
SIG0422,SEC018,Signalling,82.9,6.9,2025-09-12 06:00,2025-09-27 22:00,2025-09-27,287.0,0.416,False,False,False,True
SIG0423,SEC060,Signalling,61.5,7.5,2025-03-21 06:00,2025-04-08 22:00,2025-04-08,150.0,0.2,False,False,False,False
SIG0425,SEC015,Signalling,84.8,5.2,2025-09-28 06:00,2025-10-07 22:00,2025-10-07,234.0,0.45,False,False,False,True
SIG0426,SEC011,Signalling,34.1,4.5,2025-07-02 06:00,2025-08-19 22:00,2025-08-19,217.8,0.484,False,True,False,True
SIG0427,SEC016,Signalling,64.6,7.4,2025-01-13 06:00,2025-02-01 22:00,2025-02-01,313.8,0.424,False,True,False,False
SIG0429,SEC037,Signalling,27.4,3.1,2025-01-21 06:00,2025-04-10 22:00,2025-04-10,154.4,0.498,False,False,False,True
SIG0431,SEC046,Signalling,23.8,3.1,2025-05-13 06:00,2025-08-01 22:00,2025-08-01,83.7,0.27,False,False,False,True
SIG0432,SEC039,Signalling,63.4,2.9,2025-11-13 06:00,2025-12-03 22:00,2025-12-03,104.1,0.359,False,True,False,True
SIG0438,SEC015,Signalling,39.8,5.3,2025-09-08 06:00,2025-11-01 22:00,2025-11-01,238.5,0.45,False,True,False,True
SIG0440,SEC018,Signalling,43.5,9.4,2025-06-06 06:00,2025-07-11 22:00,2025-07-11,391.0,0.416,False,True,False,True
SIG0443,SEC037,Signalling,44.7,6.0,2025-02-08 06:00,2025-03-15 22:00,2025-03-15,298.8,0.498,False,True,False,False
SIG0448,SEC030,Signalling,62.9,9.9,2025-11-15 06:00,2025-12-11 22:00,2025-12-11,404.9,0.409,False,True,False,True
SIG0450,SEC016,Signalling,33.2,3.1,2025-10-10 06:00,2025-11-27 22:00,2025-11-27,131.4,0.424,False,True,False,False
SIG0455,SEC050,Signalling,61.9,2.5,2025-09-20 06:00,2025-10-06 22:00,2025-10-06,50.0,0.2,False,True,False,True
SIG0456,SEC022,Signalling,82.5,2.7,2025-03-25 06:00,2025-04-09 22:00,2025-04-09,105.3,0.39,False,False,False,False
SIG0457,SEC008,Signalling,85.0,3.4,2025-12-14 06:00,2025-12-22 22:00,2025-12-22,154.7,0.455,False,True,False,True
SIG0458,SEC009,Signalling,37.9,8.1,2025-09-14 06:00,2025-11-13 22:00,2025-11-13,338.6,0.418,False,False,False,True
SIG0466,SEC036,Signalling,86.0,7.4,2025-05-16 06:00,2025-05-24 22:00,2025-05-24,385.5,0.521,False,True,False,False
SIG0469,SEC066,Signalling,81.2,5.1,2025-11-25 06:00,2025-12-08 22:00,2025-12-08,137.7,0.27,False,True,False,True
SIG0477,SEC062,Signalling,80.6,9.3,2025-12-16 06:00,2025-12-27 22:00,2025-12-27,186.0,0.2,False,False,False,True
SIG0478,SEC047,Signalling,59.6,3.9,2025-10-10 06:00,2025-11-06 22:00,2025-11-06,79.6,0.204,False,False,False,True
SIG0482,SEC042,Signalling,81.0,5.9,2025-06-10 06:00,2025-06-25 22:00,2025-06-25,171.7,0.291,False,False,False,True
SIG0486,SEC019,Signalling,63.8,3.5,2025-05-20 06:00,2025-06-16 22:00,2025-06-16,170.8,0.488,False,True,False,True
SIG0487,SEC024,Signalling,64.7,3.7,2025-05-29 06:00,2025-06-16 22:00,2025-06-16,152.8,0.413,False,False,False,False
SIG0489,SEC011,Signalling,85.3,4.5,2025-03-17 06:00,2025-03-26 22:00,2025-03-26,217.8,0.484,False,True,False,True
SIG0492,SEC058,Signalling,60.8,9.0,2025-07-18 06:00,2025-08-13 22:00,2025-08-13,245.7,0.273,False,False,False,True
SIG0493,SEC045,Signalling,43.0,9.7,2025-05-12 06:00,2025-06-09 22:00,2025-06-09,271.6,0.28,False,True,False,True
SIG0494,SEC035,Signalling,44.9,4.4,2025-01-19 06:00,2025-02-21 22:00,2025-02-21,212.1,0.482,False,True,False,True
SIG0495,SEC054,Signalling,61.5,10.4,2025-09-08 06:00,2025-09-28 22:00,2025-09-28,236.1,0.227,False,True,False,True
SIG0496,SEC006,Signalling,44.1,7.5,2025-01-25 06:00,2025-03-04 22:00,2025-03-04,375.8,0.501,False,True,False,True
SIG0499,SEC068,Signalling,81.3,5.7,2025-12-13 06:00,2025-12-28 22:00,2025-12-28,174.4,0.306,False,False,False,True
SIG0500,SEC030,Signalling,63.5,11.7,2025-04-08 06:00,2025-05-01 22:00,2025-05-01,478.5,0.409,False,False,False,True
SIG0502,SEC068,Signalling,62.0,2.6,2025-08-29 06:00,2025-09-21 22:00,2025-09-21,79.6,0.306,False,True,False,True
SIG0508,SEC048,Signalling,60.5,4.7,2025-01-22 06:00,2025-02-20 22:00,2025-02-20,137.7,0.293,False,True,False,False
SIG0509,SEC019,Signalling,64.3,10.7,2025-11-09 06:00,2025-12-04 22:00,2025-12-04,522.2,0.488,False,True,False,True
SIG0510,SEC059,Signalling,59.3,11.5,2025-05-01 06:00,2025-05-29 22:00,2025-05-29,231.2,0.201,False,False,False,True
SIG0513,SEC071,Signalling,22.2,10.5,2025-07-26 06:00,2025-10-18 22:00,2025-10-18,233.1,0.222,False,False,False,False
SIG0515,SEC018,Signalling,63.4,9.6,2025-01-04 06:00,2025-01-28 22:00,2025-01-28,399.4,0.416,False,True,False,False
SIG0519,SEC024,Signalling,38.8,2.1,2025-09-10 06:00,2025-11-05 22:00,2025-11-05,86.7,0.413,False,True,False,True
SIG0520,SEC032,Signalling,37.1,4.6,2025-05-23 06:00,2025-07-21 22:00,2025-07-21,160.5,0.349,False,False,False,True
SIG0524,SEC046,Signalling,29.3,5.4,2025-12-08 06:00,2026-02-01 22:00,2026-02-01,145.8,0.27,False,False,False,False
SIG0527,SEC042,Signalling,63.8,4.0,2025-12-17 06:00,2025-12-31 22:00,2025-12-31,116.4,0.291,False,False,False,False
SIG0528,SEC043,Signalling,63.4,2.3,2025-10-06 06:00,2025-10-24 22:00,2025-10-24,75.2,0.327,False,True,False,True
SIG0530,SEC070,Signalling,95.3,11.2,2025-01-27 06:00,2025-01-30 22:00,2025-01-30,255.4,0.228,False,True,False,True
SIG0535,SEC062,Signalling,61.7,7.3,2025-06-05 06:00,2025-06-22 22:00,2025-06-22,146.0,0.2,False,False,False,True
SIG0536,SEC003,Signalling,84.3,2.3,2025-12-05 06:00,2025-12-19 22:00,2025-12-19,113.2,0.492,False,False,False,True
SIG0539,SEC037,Signalling,46.2,3.4,2025-01-27 06:00,2025-02-24 22:00,2025-02-24,169.3,0.498,False,True,False,True
SIG0541,SEC046,Signalling,82.0,7.3,2025-07-16 06:00,2025-07-25 22:00,2025-07-25,197.1,0.27,False,True,False,False
SIG0543,SEC029,Signalling,41.8,10.2,2025-11-10 06:00,2025-12-29 22:00,2025-12-29,522.2,0.512,False,True,False,True
SIG0554,SEC011,Signalling,63.3,8.0,2025-11-01 06:00,2025-11-30 22:00,2025-11-30,387.2,0.484,False,False,False,True
SIG0555,SEC018,Signalling,38.4,4.7,2025-05-25 06:00,2025-07-22 22:00,2025-07-22,195.5,0.416,False,False,False,True
SIG0556,SEC052,Signalling,62.2,6.4,2025-09-25 06:00,2025-10-10 22:00,2025-10-10,128.0,0.2,False,True,False,True
SIG0562,SEC049,Signalling,40.6,7.7,2025-02-21 06:00,2025-04-04 22:00,2025-04-04,253.3,0.329,False,True,False,False
SIG0563,SEC050,Signalling,60.4,5.2,2025-05-08 06:00,2025-05-31 22:00,2025-05-31,104.0,0.2,False,False,False,True
SIG0564,SEC069,Signalling,60.8,4.0,2025-11-28 06:00,2025-12-19 22:00,2025-12-19,80.0,0.2,False,False,False,False
SIG0568,SEC020,Signalling,62.3,9.4,2025-01-26 06:00,2025-02-22 22:00,2025-02-22,361.0,0.384,False,False,False,True
SIG0574,SEC071,Signalling,81.1,6.6,2025-04-14 06:00,2025-04-24 22:00,2025-04-24,146.5,0.222,False,False,False,True
SIG0577,SEC040,Signalling,61.5,3.1,2025-05-15 06:00,2025-06-05 22:00,2025-06-05,75.0,0.242,False,False,False,True
SIG0578,SEC005,Signalling,65.5,9.4,2025-01-22 06:00,2025-02-13 22:00,2025-02-13,496.3,0.528,False,False,False,True
SIG0580,SEC048,Signalling,36.3,7.5,2025-05-10 06:00,2025-07-08 22:00,2025-07-08,219.7,0.293,False,True,False,True
SIG0581,SEC052,Signalling,25.6,8.7,2025-09-23 06:00,2025-11-29 22:00,2025-11-29,174.0,0.2,False,False,False,True
SIG0583,SEC012,Signalling,83.2,1.1,2025-02-20 06:00,2025-03-05 22:00,2025-03-05,44.4,0.404,False,True,False,True
SIG0584,SEC001,Signalling,39.8,12.0,2025-02-01 06:00,2025-03-25 22:00,2025-03-25,511.2,0.426,False,False,False,True
SIG0585,SEC032,Signalling,96.2,7.2,2025-01-11 06:00,2025-01-18 22:00,2025-01-18,251.3,0.349,False,True,False,False
SIG0589,SEC031,Signalling,62.4,10.7,2025-08-31 06:00,2025-09-28 22:00,2025-09-28,433.4,0.405,False,True,False,False
SIG0590,SEC009,Signalling,42.4,1.2,2025-11-10 06:00,2025-12-20 22:00,2025-12-20,50.2,0.418,False,False,False,True
SIG0591,SEC012,Signalling,63.0,11.5,2025-01-29 06:00,2025-02-23 22:00,2025-02-23,464.6,0.404,False,False,False,True
SIG0594,SEC067,Signalling,82.3,4.5,2025-03-14 06:00,2025-03-21 22:00,2025-03-21,116.1,0.258,False,False,False,False
SIG0595,SEC011,Signalling,66.4,5.6,2025-09-19 06:00,2025-10-04 22:00,2025-10-04,271.0,0.484,False,True,False,True
SIG0596,SEC009,Signalling,45.7,11.2,2025-03-25 06:00,2025-04-19 22:00,2025-04-19,468.2,0.418,False,True,False,True
SIG0597,SEC032,Signalling,41.1,5.6,2025-09-27 06:00,2025-11-07 22:00,2025-11-07,195.4,0.349,False,False,False,True
SIG0598,SEC003,Signalling,63.9,5.9,2025-02-15 06:00,2025-03-14 22:00,2025-03-14,290.3,0.492,False,False,False,True
SIG0605,SEC044,Signalling,37.1,11.5,2025-11-04 06:00,2026-01-02 22:00,2026-01-02,399.0,0.347,False,False,False,True
SIG0609,SEC050,Signalling,59.1,8.9,2025-02-02 06:00,2025-03-03 22:00,2025-03-03,178.0,0.2,False,True,False,True
SIG0610,SEC056,Signalling,60.3,5.6,2025-11-15 06:00,2025-12-14 22:00,2025-12-14,159.6,0.285,False,True,False,True
SIG0614,SEC021,Signalling,44.0,5.2,2025-09-12 06:00,2025-10-16 22:00,2025-10-16,226.7,0.436,False,True,False,True
SIG0615,SEC061,Signalling,41.2,7.7,2025-10-30 06:00,2025-11-30 22:00,2025-11-30,158.6,0.206,False,False,False,True
SIG0618,SEC068,Signalling,60.4,8.6,2025-06-12 06:00,2025-07-12 22:00,2025-07-12,263.2,0.306,False,False,False,False
SIG0620,SEC034,Signalling,81.8,7.1,2025-08-09 06:00,2025-08-24 22:00,2025-08-24,240.7,0.339,False,True,False,True
SIG0621,SEC044,Signalling,27.8,10.7,2025-05-09 06:00,2025-07-15 22:00,2025-07-15,371.3,0.347,False,True,False,True
SIG0622,SEC028,Signalling,85.8,11.8,2025-11-10 06:00,2025-11-19 22:00,2025-11-19,612.4,0.519,False,False,False,True
SIG0623,SEC063,Signalling,79.7,6.0,2025-03-19 06:00,2025-04-03 22:00,2025-04-03,121.8,0.203,False,True,False,True
SIG0624,SEC001,Signalling,64.4,7.4,2025-12-06 06:00,2025-12-26 22:00,2025-12-26,315.2,0.426,False,True,False,True
SIG0625,SEC047,Signalling,81.5,5.7,2025-11-27 06:00,2025-12-04 22:00,2025-12-04,116.3,0.204,False,False,False,True
SIG0626,SEC047,Signalling,61.3,8.5,2025-07-11 06:00,2025-07-30 22:00,2025-07-30,173.4,0.204,False,True,False,True
SIG0631,SEC040,Signalling,23.1,11.6,2025-04-27 06:00,2025-07-17 22:00,2025-07-17,280.7,0.242,False,False,False,True
SIG0632,SEC066,Signalling,95.7,1.3,2025-10-27 06:00,2025-10-31 22:00,2025-10-31,35.1,0.27,False,False,False,False
SIG0634,SEC001,Signalling,63.8,8.8,2025-01-07 06:00,2025-01-30 22:00,2025-01-30,374.9,0.426,False,False,False,True
SIG0638,SEC043,Signalling,41.2,7.8,2025-07-19 06:00,2025-08-27 22:00,2025-08-27,255.1,0.327,False,False,False,True
SIG0639,SEC024,Signalling,82.9,7.6,2025-11-03 06:00,2025-11-18 22:00,2025-11-18,313.9,0.413,False,True,False,True
SIG0642,SEC071,Signalling,41.0,7.1,2025-09-29 06:00,2025-11-01 22:00,2025-11-01,157.6,0.222,False,True,False,False
SIG0646,SEC043,Signalling,29.7,6.8,2025-05-17 06:00,2025-07-13 22:00,2025-07-13,222.4,0.327,False,True,False,True
SIG0647,SEC047,Signalling,41.6,2.1,2025-09-02 06:00,2025-10-01 22:00,2025-10-01,42.8,0.204,False,True,False,True
SIG0648,SEC042,Signalling,60.9,2.6,2025-01-03 06:00,2025-01-30 22:00,2025-01-30,75.7,0.291,False,False,False,False
SIG0653,SEC024,Signalling,63.1,9.5,2025-12-08 06:00,2026-01-02 22:00,2026-01-02,392.3,0.413,False,False,False,True
SIG0655,SEC028,Signalling,85.8,2.0,2025-07-02 06:00,2025-07-11 22:00,2025-07-11,103.8,0.519,False,True,False,True
SIG0664,SEC010,Signalling,85.2,3.1,2025-02-01 06:00,2025-02-09 22:00,2025-02-09,145.1,0.468,False,True,False,True
SIG0665,SEC031,Signalling,32.5,5.7,2025-01-16 06:00,2025-03-07 22:00,2025-03-07,230.8,0.405,False,False,False,False
SIG0668,SEC073,Signalling,61.6,8.9,2025-11-18 06:00,2025-12-06 22:00,2025-12-06,185.1,0.208,False,False,False,True
SIG0672,SEC071,Signalling,38.8,5.7,2025-04-14 06:00,2025-05-27 22:00,2025-05-27,126.5,0.222,False,True,False,True
SIG0673,SEC032,Signalling,38.0,4.3,2025-05-10 06:00,2025-07-04 22:00,2025-07-04,150.1,0.349,False,False,False,True
SIG0676,SEC031,Signalling,83.2,4.7,2025-11-27 06:00,2025-12-10 22:00,2025-12-10,190.4,0.405,False,True,False,True
SIG0677,SEC007,Signalling,34.8,10.5,2025-07-29 06:00,2025-09-11 22:00,2025-09-11,497.7,0.474,False,False,False,True
SIG0679,SEC060,Signalling,35.6,9.3,2025-06-01 06:00,2025-07-27 22:00,2025-07-27,186.0,0.2,False,True,False,True
SIG0681,SEC045,Signalling,61.8,4.4,2025-11-05 06:00,2025-11-27 22:00,2025-11-27,123.2,0.28,False,True,False,True
SIG0682,SEC047,Signalling,40.1,2.2,2025-01-29 06:00,2025-03-06 22:00,2025-03-06,44.9,0.204,False,True,False,True
SIG0684,SEC048,Signalling,62.5,7.5,2025-09-07 06:00,2025-09-27 22:00,2025-09-27,219.7,0.293,False,True,False,True
SIG0686,SEC061,Signalling,58.9,7.0,2025-05-28 06:00,2025-06-27 22:00,2025-06-27,144.2,0.206,False,True,False,True
SIG0688,SEC045,Signalling,39.0,12.0,2025-11-09 06:00,2025-12-25 22:00,2025-12-25,336.0,0.28,False,False,False,True
SIG0690,SEC043,Signalling,39.5,5.8,2025-12-02 06:00,2026-01-18 22:00,2026-01-18,189.7,0.327,False,True,False,True
SIG0692,SEC004,Signalling,63.9,10.1,2025-08-22 06:00,2025-09-14 22:00,2025-09-14,439.4,0.435,False,True,False,True
SIG0695,SEC031,Signalling,38.4,11.1,2025-09-07 06:00,2025-11-03 22:00,2025-11-03,449.6,0.405,False,False,False,True
SIG0696,SEC042,Signalling,36.9,9.0,2025-10-05 06:00,2025-11-30 22:00,2025-11-30,261.9,0.291,False,False,False,True
SIG0702,SEC038,Signalling,64.9,9.6,2025-05-16 06:00,2025-06-02 22:00,2025-06-02,394.6,0.411,False,True,False,True
SIG0703,SEC013,Signalling,84.2,8.9,2025-04-23 06:00,2025-05-06 22:00,2025-05-06,422.8,0.475,False,True,False,False
SIG0707,SEC050,Signalling,61.3,7.1,2025-11-12 06:00,2025-12-01 22:00,2025-12-01,142.0,0.2,False,True,False,True
SIG0710,SEC001,Signalling,43.4,2.4,2025-09-09 06:00,2025-10-15 22:00,2025-10-15,102.2,0.426,False,True,False,True
SIG0711,SEC028,Signalling,65.2,3.5,2025-07-11 06:00,2025-08-03 22:00,2025-08-03,181.6,0.519,False,True,False,True
SIG0713,SEC058,Signalling,62.8,10.2,2025-06-26 06:00,2025-07-13 22:00,2025-07-13,278.5,0.273,False,True,False,False
SIG0715,SEC074,Signalling,61.9,7.8,2025-08-28 06:00,2025-09-16 22:00,2025-09-16,187.2,0.24,False,False,False,False
SIG0717,SEC033,Signalling,85.2,4.8,2025-06-26 06:00,2025-07-06 22:00,2025-07-06,236.2,0.492,False,True,False,True
SIG0718,SEC028,Signalling,34.0,5.1,2025-04-24 06:00,2025-06-14 22:00,2025-06-14,264.7,0.519,False,False,False,True
SIG0721,SEC064,Signalling,95.3,6.2,2025-02-21 06:00,2025-02-25 22:00,2025-02-25,151.9,0.245,False,True,False,True
SIG0724,SEC045,Signalling,37.0,2.0,2025-05-01 06:00,2025-06-25 22:00,2025-06-25,56.0,0.28,False,True,False,False
SIG0725,SEC054,Signalling,81.4,6.2,2025-06-25 06:00,2025-07-04 22:00,2025-07-04,140.7,0.227,False,True,False,False
SIG0727,SEC074,Signalling,59.7,4.6,2025-10-10 06:00,2025-11-08 22:00,2025-11-08,110.4,0.24,False,False,False,True
SIG0728,SEC075,Signalling,60.8,1.4,2025-01-07 06:00,2025-01-28 22:00,2025-01-28,28.0,0.2,False,True,False,True
SIG0729,SEC062,Signalling,60.6,9.5,2025-01-05 06:00,2025-01-27 22:00,2025-01-27,190.0,0.2,False,True,False,True
SIG0731,SEC027,Signalling,61.6,12.0,2025-09-01 06:00,2025-09-29 22:00,2025-09-29,428.4,0.357,False,True,False,True
SIG0732,SEC023,Signalling,27.4,3.0,2025-03-02 06:00,2025-05-17 22:00,2025-05-17,135.9,0.453,False,False,False,True
SIG0734,SEC030,Signalling,62.2,4.6,2025-01-01 06:00,2025-01-30 22:00,2025-01-30,188.1,0.409,False,True,False,True
SIG0738,SEC016,Signalling,65.3,8.8,2025-02-26 06:00,2025-03-14 22:00,2025-03-14,373.1,0.424,False,False,False,True
SIG0739,SEC027,Signalling,62.3,5.4,2025-11-24 06:00,2025-12-19 22:00,2025-12-19,192.8,0.357,False,True,False,True
SIG0740,SEC005,Signalling,85.9,1.8,2025-06-26 06:00,2025-07-05 22:00,2025-07-05,95.0,0.528,False,False,False,True
SIG0742,SEC043,Signalling,42.3,3.7,2025-01-26 06:00,2025-03-01 22:00,2025-03-01,121.0,0.327,False,False,False,True
SIG0744,SEC008,Signalling,39.2,11.5,2025-06-09 06:00,2025-08-05 22:00,2025-08-05,523.2,0.455,False,True,False,True
SIG0745,SEC056,Signalling,62.3,6.0,2025-08-18 06:00,2025-09-07 22:00,2025-09-07,171.0,0.285,False,True,False,False
SIG0746,SEC069,Signalling,60.6,9.0,2025-06-05 06:00,2025-06-27 22:00,2025-06-27,180.0,0.2,False,True,False,False
SIG0747,SEC051,Signalling,21.4,11.9,2025-02-24 06:00,2025-05-25 22:00,2025-05-25,307.0,0.258,False,True,False,True
SIG0748,SEC043,Signalling,82.5,8.7,2025-03-25 06:00,2025-04-05 22:00,2025-04-05,284.5,0.327,False,True,False,True
SIG0750,SEC061,Signalling,59.6,8.1,2025-12-09 06:00,2026-01-05 22:00,2026-01-05,166.9,0.206,False,True,False,True
SIG0752,SEC014,Signalling,83.5,11.4,2025-07-17 06:00,2025-08-01 22:00,2025-08-01,517.6,0.454,False,False,False,True
SIG0753,SEC028,Signalling,28.0,4.4,2025-10-24 06:00,2026-01-10 22:00,2026-01-10,228.4,0.519,False,True,False,True
SIG0754,SEC074,Signalling,61.0,11.6,2025-10-26 06:00,2025-11-18 22:00,2025-11-18,278.4,0.24,False,False,False,True
SIG0755,SEC013,Signalling,26.8,4.3,2025-09-04 06:00,2025-11-23 22:00,2025-11-23,204.2,0.475,False,False,False,True
SIG0758,SEC046,Signalling,61.4,8.5,2025-02-09 06:00,2025-03-04 22:00,2025-03-04,229.5,0.27,False,True,False,True
SIG0760,SEC057,Signalling,63.5,1.6,2025-10-23 06:00,2025-11-11 22:00,2025-11-11,55.5,0.347,False,True,False,True
SIG0762,SEC012,Signalling,32.0,7.6,2025-04-16 06:00,2025-06-07 22:00,2025-06-07,307.0,0.404,False,False,False,True
SIG0763,SEC030,Signalling,97.7,8.7,2025-05-05 06:00,2025-05-09 22:00,2025-05-09,355.8,0.409,False,True,False,False
SIG0766,SEC055,Signalling,35.1,6.6,2025-03-15 06:00,2025-05-13 22:00,2025-05-13,139.3,0.211,False,True,False,True
SIG0768,SEC014,Signalling,29.6,6.3,2025-08-02 06:00,2025-10-07 22:00,2025-10-07,286.0,0.454,False,True,False,True
SIG0769,SEC001,Signalling,42.3,5.8,2025-07-30 06:00,2025-09-09 22:00,2025-09-09,247.1,0.426,False,True,False,True
SIG0770,SEC061,Signalling,62.5,10.6,2025-02-15 06:00,2025-03-01 22:00,2025-03-01,218.4,0.206,False,False,False,True
SIG0771,SEC030,Signalling,63.7,4.0,2025-02-26 06:00,2025-03-20 22:00,2025-03-20,163.6,0.409,False,True,False,True
SIG0772,SEC002,Signalling,63.6,11.5,2025-07-09 06:00,2025-07-27 22:00,2025-07-27,392.2,0.341,False,True,False,True
SIG0774,SEC004,Signalling,98.1,11.4,2025-03-01 06:00,2025-03-05 22:00,2025-03-05,495.9,0.435,False,True,False,True
SIG0775,SEC035,Signalling,38.9,11.5,2025-12-09 06:00,2026-02-07 22:00,2026-02-07,554.3,0.482,False,True,False,True
SIG0776,SEC026,Signalling,67.1,2.2,2025-10-11 06:00,2025-10-25 22:00,2025-10-25,113.5,0.516,False,True,False,True
SIG0784,SEC004,Signalling,38.9,4.6,2025-08-04 06:00,2025-09-30 22:00,2025-09-30,200.1,0.435,False,False,False,True
SIG0786,SEC028,Signalling,42.6,5.6,2025-07-31 06:00,2025-09-15 22:00,2025-09-15,290.6,0.519,False,True,False,True
SIG0787,SEC030,Signalling,64.2,7.7,2025-10-23 06:00,2025-11-12 22:00,2025-11-12,314.9,0.409,False,True,False,True
SIG0788,SEC036,Signalling,66.5,4.2,2025-01-27 06:00,2025-02-13 22:00,2025-02-13,218.8,0.521,False,True,False,True
SIG0789,SEC003,Signalling,63.4,1.3,2025-07-29 06:00,2025-08-27 22:00,2025-08-27,64.0,0.492,False,True,False,True
SIG0790,SEC075,Signalling,94.4,10.4,2025-08-18 06:00,2025-08-23 22:00,2025-08-23,208.0,0.2,False,True,False,True
SIG0791,SEC033,Signalling,44.2,7.0,2025-09-17 06:00,2025-10-24 22:00,2025-10-24,344.4,0.492,False,True,False,True
SIG0792,SEC052,Signalling,79.9,6.4,2025-11-30 06:00,2025-12-14 22:00,2025-12-14,128.0,0.2,False,True,False,True
SIG0793,SEC036,Signalling,25.3,1.4,2025-02-26 06:00,2025-05-27 22:00,2025-05-27,72.9,0.521,False,True,False,True
SIG0794,SEC023,Signalling,40.9,8.2,2025-03-10 06:00,2025-04-28 22:00,2025-04-28,371.5,0.453,False,True,False,True
SIG0797,SEC050,Signalling,79.9,2.6,2025-05-07 06:00,2025-05-21 22:00,2025-05-21,52.0,0.2,False,False,False,True
SIG0798,SEC059,Signalling,60.2,10.0,2025-04-08 06:00,2025-05-02 22:00,2025-05-02,201.0,0.201,False,True,False,False
SIG0803,SEC058,Signalling,62.8,5.5,2025-01-15 06:00,2025-02-01 22:00,2025-02-01,150.2,0.273,False,True,False,True
SIG0804,SEC011,Signalling,98.4,10.3,2025-03-20 06:00,2025-03-26 22:00,2025-03-26,498.5,0.484,False,True,False,True
SIG0805,SEC010,Signalling,63.1,2.0,2025-03-07 06:00,2025-04-05 22:00,2025-04-05,93.6,0.468,False,True,False,True
SIG0807,SEC006,Signalling,65.8,1.4,2025-12-13 06:00,2026-01-01 22:00,2026-01-01,70.1,0.501,False,True,False,True
SIG0808,SEC027,Signalling,82.0,2.1,2025-08-27 06:00,2025-09-11 22:00,2025-09-11,75.0,0.357,False,True,False,True
SIG0809,SEC046,Signalling,61.9,1.3,2025-04-17 06:00,2025-05-08 22:00,2025-05-08,35.1,0.27,False,False,False,True
SIG0810,SEC075,Signalling,40.4,2.7,2025-07-26 06:00,2025-08-29 22:00,2025-08-29,54.0,0.2,False,False,False,False
SIG0811,SEC017,Signalling,64.7,8.3,2025-03-09 06:00,2025-03-25 22:00,2025-03-25,318.7,0.384,False,False,False,True
SIG0814,SEC006,Signalling,66.9,8.4,2025-09-21 06:00,2025-10-05 22:00,2025-10-05,420.8,0.501,False,True,False,True
SIG0817,SEC018,Signalling,97.6,7.0,2025-08-30 06:00,2025-09-04 22:00,2025-09-04,291.2,0.416,False,False,False,True
SIG0820,SEC023,Signalling,64.4,5.2,2025-06-16 06:00,2025-07-08 22:00,2025-07-08,235.6,0.453,False,False,False,True
SIG0822,SEC056,Signalling,82.3,6.3,2025-08-12 06:00,2025-08-21 22:00,2025-08-21,179.5,0.285,False,False,False,False
SIG0823,SEC053,Signalling,62.9,4.9,2025-03-02 06:00,2025-03-17 22:00,2025-03-17,122.5,0.25,False,False,False,True
SIG0837,SEC003,Signalling,84.3,8.2,2025-08-07 06:00,2025-08-21 22:00,2025-08-21,403.4,0.492,False,True,False,True
SIG0839,SEC063,Signalling,79.7,5.1,2025-04-29 06:00,2025-05-14 22:00,2025-05-14,103.5,0.203,False,True,False,True
SIG0840,SEC064,Signalling,36.0,3.7,2025-02-09 06:00,2025-04-07 22:00,2025-04-07,90.6,0.245,False,True,False,True
SIG0842,SEC029,Signalling,29.4,4.1,2025-08-22 06:00,2025-11-01 22:00,2025-11-01,209.9,0.512,False,False,False,True
SIG0848,SEC021,Signalling,84.3,10.3,2025-06-26 06:00,2025-07-06 22:00,2025-07-06,449.1,0.436,False,True,False,True
SIG0850,SEC032,Signalling,38.2,3.9,2025-12-15 06:00,2026-02-07 22:00,2026-02-07,136.1,0.349,False,True,False,True
SIG0853,SEC017,Signalling,97.6,6.9,2025-07-03 06:00,2025-07-06 22:00,2025-07-06,265.0,0.384,False,False,False,True
SIG0854,SEC015,Signalling,84.8,6.8,2025-08-10 06:00,2025-08-19 22:00,2025-08-19,306.0,0.45,False,True,False,True
SIG0855,SEC044,Signalling,25.6,11.3,2025-04-13 06:00,2025-06-29 22:00,2025-06-29,392.1,0.347,False,False,False,True
SIG0856,SEC064,Signalling,39.1,6.2,2025-05-26 06:00,2025-07-08 22:00,2025-07-08,151.9,0.245,False,False,False,True
SIG0859,SEC037,Signalling,65.7,6.6,2025-07-27 06:00,2025-08-15 22:00,2025-08-15,328.7,0.498,False,False,False,True
SIG0861,SEC040,Signalling,24.2,5.3,2025-08-25 06:00,2025-11-09 22:00,2025-11-09,128.3,0.242,False,True,False,True
SIG0863,SEC045,Signalling,63.4,3.7,2025-11-26 06:00,2025-12-11 22:00,2025-12-11,103.6,0.28,False,False,False,True
SIG0864,SEC028,Signalling,84.5,5.4,2025-06-08 06:00,2025-06-23 22:00,2025-06-23,280.3,0.519,False,True,False,True
SIG0867,SEC015,Signalling,83.9,3.6,2025-10-09 06:00,2025-10-22 22:00,2025-10-22,162.0,0.45,False,False,False,True
SIG0868,SEC037,Signalling,64.2,11.9,2025-04-24 06:00,2025-05-20 22:00,2025-05-20,592.6,0.498,False,True,False,True
SIG0869,SEC044,Signalling,39.5,3.6,2025-03-24 06:00,2025-05-11 22:00,2025-05-11,124.9,0.347,False,False,False,True
SIG0871,SEC052,Signalling,59.5,1.6,2025-08-18 06:00,2025-09-14 22:00,2025-09-14,32.0,0.2,False,True,False,True
SIG0872,SEC045,Signalling,35.9,8.8,2025-11-25 06:00,2026-01-24 22:00,2026-01-24,246.4,0.28,False,True,False,False
SIG0874,SEC032,Signalling,43.8,8.5,2025-11-13 06:00,2025-12-12 22:00,2025-12-12,296.6,0.349,False,True,False,True
SIG0875,SEC011,Signalling,45.1,9.4,2025-09-18 06:00,2025-10-20 22:00,2025-10-20,455.0,0.484,False,True,False,False
SIG0876,SEC007,Signalling,84.9,7.4,2025-10-29 06:00,2025-11-08 22:00,2025-11-08,350.8,0.474,False,False,False,True
SIG0879,SEC033,Signalling,65.0,6.6,2025-07-07 06:00,2025-07-29 22:00,2025-07-29,324.7,0.492,False,True,False,True
SIG0882,SEC067,Signalling,31.4,7.5,2025-01-13 06:00,2025-02-27 22:00,2025-02-27,193.5,0.258,False,True,False,True
SIG0883,SEC061,Signalling,38.3,2.2,2025-06-05 06:00,2025-07-19 22:00,2025-07-19,45.3,0.206,False,True,False,True
SIG0884,SEC056,Signalling,82.5,8.3,2025-01-30 06:00,2025-02-07 22:00,2025-02-07,236.6,0.285,False,True,False,True
SIG0888,SEC036,Signalling,86.0,7.6,2025-08-06 06:00,2025-08-14 22:00,2025-08-14,396.0,0.521,False,False,False,True
SIG0890,SEC006,Signalling,66.0,3.8,2025-06-26 06:00,2025-07-14 22:00,2025-07-14,190.4,0.501,False,False,False,True
SIG0891,SEC005,Signalling,85.0,10.0,2025-05-16 06:00,2025-05-29 22:00,2025-05-29,528.0,0.528,False,False,False,True
SIG0892,SEC019,Signalling,66.3,8.2,2025-05-25 06:00,2025-06-10 22:00,2025-06-10,400.2,0.488,False,True,False,True
SIG0894,SEC037,Signalling,42.2,4.0,2025-10-23 06:00,2025-12-08 22:00,2025-12-08,199.2,0.498,False,True,False,True
SIG0897,SEC034,Signalling,96.0,10.4,2025-11-19 06:00,2025-11-26 22:00,2025-11-26,352.6,0.339,False,False,False,True
SIG0900,SEC047,Signalling,81.1,8.9,2025-07-25 06:00,2025-08-03 22:00,2025-08-03,181.6,0.204,False,True,False,True
SIG0901,SEC032,Signalling,28.3,4.0,2025-08-23 06:00,2025-10-27 22:00,2025-10-27,139.6,0.349,False,False,False,True
SIG0902,SEC075,Signalling,61.5,9.9,2025-09-03 06:00,2025-09-21 22:00,2025-09-21,198.0,0.2,False,False,False,True
SIG0904,SEC016,Signalling,63.5,7.7,2025-12-19 06:00,2026-01-12 22:00,2026-01-12,326.5,0.424,False,True,False,True
SIG0908,SEC038,Signalling,62.2,7.5,2025-05-19 06:00,2025-06-17 22:00,2025-06-17,308.2,0.411,False,True,False,True
SIG0909,SEC038,Signalling,37.8,4.7,2025-11-03 06:00,2026-01-02 22:00,2026-01-02,193.2,0.411,False,True,False,False
SIG0910,SEC003,Signalling,65.0,2.6,2025-10-29 06:00,2025-11-20 22:00,2025-11-20,127.9,0.492,False,True,False,True
SIG0913,SEC058,Signalling,59.9,4.6,2025-07-21 06:00,2025-08-20 22:00,2025-08-20,125.6,0.273,False,True,False,True
SIG0916,SEC060,Signalling,94.4,9.4,2025-02-09 06:00,2025-02-14 22:00,2025-02-14,188.0,0.2,False,True,False,False
SIG0917,SEC024,Signalling,62.0,3.2,2025-06-23 06:00,2025-07-23 22:00,2025-07-23,132.2,0.413,False,True,False,True
SIG0920,SEC055,Signalling,59.9,10.8,2025-04-11 06:00,2025-05-07 22:00,2025-05-07,227.9,0.211,False,False,False,True
SIG0921,SEC048,Signalling,82.6,7.7,2025-01-23 06:00,2025-01-31 22:00,2025-01-31,225.6,0.293,False,False,False,False
SIG0922,SEC044,Signalling,96.8,3.8,2025-08-10 06:00,2025-08-14 22:00,2025-08-14,131.9,0.347,False,True,False,True
SIG0926,SEC055,Signalling,80.5,9.9,2025-09-29 06:00,2025-10-11 22:00,2025-10-11,208.9,0.211,False,True,False,True
SIG0930,SEC035,Signalling,33.8,5.0,2025-03-06 06:00,2025-04-24 22:00,2025-04-24,241.0,0.482,False,True,False,True
SIG0931,SEC074,Signalling,80.9,4.5,2025-07-08 06:00,2025-07-20 22:00,2025-07-20,108.0,0.24,False,False,False,False
SIG0935,SEC021,Signalling,45.3,6.8,2025-07-08 06:00,2025-08-05 22:00,2025-08-05,296.5,0.436,False,True,False,True
SIG0936,SEC073,Signalling,60.5,6.6,2025-04-11 06:00,2025-05-04 22:00,2025-05-04,137.3,0.208,False,True,False,True
SIG0939,SEC053,Signalling,23.0,1.7,2025-11-05 06:00,2026-01-26 22:00,2026-01-26,42.5,0.25,False,True,False,True
SIG0940,SEC030,Signalling,26.7,4.1,2025-12-16 06:00,2026-03-02 22:00,2026-03-02,167.7,0.409,False,True,False,False
SIG0941,SEC056,Signalling,63.2,11.5,2025-04-11 06:00,2025-04-27 22:00,2025-04-27,327.7,0.285,False,False,False,True
SIG0942,SEC027,Signalling,64.1,8.0,2025-02-01 06:00,2025-02-18 22:00,2025-02-18,285.6,0.357,False,False,False,False
SIG0944,SEC062,Signalling,59.1,1.3,2025-07-25 06:00,2025-08-23 22:00,2025-08-23,26.0,0.2,False,True,False,False
SIG0947,SEC075,Signalling,39.1,8.0,2025-12-18 06:00,2026-01-27 22:00,2026-01-27,160.0,0.2,False,True,False,False
SIG0950,SEC074,Signalling,60.5,2.8,2025-03-22 06:00,2025-04-16 22:00,2025-04-16,67.2,0.24,False,False,False,True
SIG0951,SEC007,Signalling,85.6,10.6,2025-10-09 06:00,2025-10-16 22:00,2025-10-16,502.4,0.474,False,True,False,False
SIG0952,SEC051,Signalling,81.2,5.9,2025-04-08 06:00,2025-04-20 22:00,2025-04-20,152.2,0.258,False,True,False,True
SIG0953,SEC037,Signalling,85.5,6.7,2025-02-24 06:00,2025-03-05 22:00,2025-03-05,333.7,0.498,False,False,False,False
SIG0954,SEC027,Signalling,39.2,10.1,2025-11-22 06:00,2026-01-11 22:00,2026-01-11,360.6,0.357,False,False,False,True
SIG0956,SEC032,Signalling,83.5,3.0,2025-10-08 06:00,2025-10-16 22:00,2025-10-16,104.7,0.349,False,False,False,True
SIG0959,SEC016,Signalling,63.5,5.5,2025-12-18 06:00,2026-01-11 22:00,2026-01-11,233.2,0.424,False,True,False,True
SIG0961,SEC001,Signalling,29.2,5.1,2025-04-17 06:00,2025-06-22 22:00,2025-06-22,217.3,0.426,False,True,False,True
SIG0970,SEC044,Signalling,82.8,3.8,2025-04-29 06:00,2025-05-10 22:00,2025-05-10,131.9,0.347,False,False,False,True
SIG0973,SEC024,Signalling,62.7,4.0,2025-06-08 06:00,2025-07-05 22:00,2025-07-05,165.2,0.413,False,False,False,False
SIG0974,SEC065,Signalling,38.0,1.1,2025-07-14 06:00,2025-09-03 22:00,2025-09-03,31.6,0.287,False,False,False,True
SIG0977,SEC049,Signalling,63.2,6.5,2025-08-22 06:00,2025-09-10 22:00,2025-09-10,213.8,0.329,False,False,False,True
SIG0978,SEC029,Signalling,98.6,9.6,2025-01-06 06:00,2025-01-13 22:00,2025-01-13,491.5,0.512,False,False,False,False
SIG0981,SEC015,Signalling,62.6,4.3,2025-09-19 06:00,2025-10-19 22:00,2025-10-19,193.5,0.45,False,False,False,True
SIG0986,SEC020,Signalling,28.8,11.1,2025-08-18 06:00,2025-10-22 22:00,2025-10-22,426.2,0.384,False,True,False,True
SIG0988,SEC004,Signalling,63.0,10.6,2025-02-10 06:00,2025-03-09 22:00,2025-03-09,461.1,0.435,False,False,False,True
SIG0989,SEC001,Signalling,98.2,8.6,2025-06-09 06:00,2025-06-12 22:00,2025-06-12,366.4,0.426,False,False,False,True
SIG0991,SEC071,Signalling,27.5,4.4,2025-10-31 06:00,2025-12-30 22:00,2025-12-30,97.7,0.222,False,False,False,True
SIG0994,SEC064,Signalling,61.5,4.4,2025-01-14 06:00,2025-02-04 22:00,2025-02-04,107.8,0.245,False,True,False,False
SIG0995,SEC074,Signalling,61.2,6.2,2025-01-24 06:00,2025-02-15 22:00,2025-02-15,148.8,0.24,False,True,False,True
SIG0996,SEC008,Signalling,43.8,7.4,2025-09-26 06:00,2025-11-01 22:00,2025-11-01,336.7,0.455,False,True,False,False
SIG0998,SEC044,Signalling,83.2,6.0,2025-06-24 06:00,2025-07-03 22:00,2025-07-03,208.2,0.347,False,False,False,True
SIG1005,SEC010,Signalling,25.2,9.8,2025-11-19 06:00,2026-02-14 22:00,2026-02-14,458.6,0.468,False,False,False,True
SIG1006,SEC070,Signalling,26.5,3.2,2025-01-24 06:00,2025-03-30 22:00,2025-03-30,73.0,0.228,False,True,False,True
SIG1007,SEC029,Signalling,65.5,6.0,2025-09-11 06:00,2025-10-02 22:00,2025-10-02,307.2,0.512,False,False,False,True
SIG1011,SEC004,Signalling,84.7,11.6,2025-11-04 06:00,2025-11-12 22:00,2025-11-12,504.6,0.435,False,False,False,True
SIG1012,SEC032,Signalling,83.2,6.2,2025-10-11 06:00,2025-10-20 22:00,2025-10-20,216.4,0.349,False,True,False,False
SIG1014,SEC012,Signalling,40.2,2.0,2025-07-23 06:00,2025-09-10 22:00,2025-09-10,80.8,0.404,False,False,False,True
SIG1017,SEC029,Signalling,85.5,6.3,2025-05-08 06:00,2025-05-18 22:00,2025-05-18,322.6,0.512,False,False,False,False
SIG1021,SEC019,Signalling,29.7,5.1,2025-06-19 06:00,2025-08-26 22:00,2025-08-26,248.9,0.488,False,True,False,True
SIG1022,SEC044,Signalling,63.0,2.0,2025-05-26 06:00,2025-06-16 22:00,2025-06-16,69.4,0.347,False,True,False,True
SIG1026,SEC033,Signalling,32.4,8.0,2025-05-29 06:00,2025-07-24 22:00,2025-07-24,393.6,0.492,False,True,False,True
SIG1027,SEC050,Signalling,61.3,7.6,2025-04-23 06:00,2025-05-12 22:00,2025-05-12,152.0,0.2,False,False,False,True
SIG1029,SEC021,Signalling,84.5,3.4,2025-03-03 06:00,2025-03-12 22:00,2025-03-12,148.2,0.436,False,False,False,True
SIG1031,SEC011,Signalling,44.7,6.6,2025-07-10 06:00,2025-08-13 22:00,2025-08-13,319.4,0.484,False,False,False,True
SIG1032,SEC002,Signalling,96.1,10.2,2025-02-16 06:00,2025-02-23 22:00,2025-02-23,347.8,0.341,False,False,False,True
SIG1034,SEC070,Signalling,41.3,11.4,2025-01-25 06:00,2025-02-26 22:00,2025-02-26,259.9,0.228,False,True,False,True
SIG1036,SEC064,Signalling,81.9,9.0,2025-03-15 06:00,2025-03-23 22:00,2025-03-23,220.5,0.245,False,False,False,True
SIG1037,SEC037,Signalling,85.7,7.5,2025-03-20 06:00,2025-03-28 22:00,2025-03-28,373.5,0.498,False,True,False,True
SIG1039,SEC064,Signalling,61.1,11.8,2025-01-15 06:00,2025-02-07 22:00,2025-02-07,289.1,0.245,False,False,False,True
SIG1042,SEC063,Signalling,94.7,4.2,2025-05-30 06:00,2025-06-03 22:00,2025-06-03,85.3,0.203,False,True,False,False
SIG1043,SEC042,Signalling,43.6,5.2,2025-05-23 06:00,2025-06-18 22:00,2025-06-18,151.3,0.291,False,True,False,True
SIG1044,SEC032,Signalling,96.2,6.8,2025-01-14 06:00,2025-01-21 22:00,2025-01-21,237.3,0.349,False,True,False,False
SIG1045,SEC007,Signalling,31.9,4.7,2025-12-17 06:00,2026-02-12 22:00,2026-02-12,222.8,0.474,False,False,False,False
SIG1048,SEC035,Signalling,41.8,11.5,2025-02-18 06:00,2025-04-06 22:00,2025-04-06,554.3,0.482,False,True,False,True
SIG1049,SEC032,Signalling,64.6,4.4,2025-09-07 06:00,2025-09-21 22:00,2025-09-21,153.6,0.349,False,False,False,False
SIG1053,SEC026,Signalling,27.0,4.0,2025-05-25 06:00,2025-08-15 22:00,2025-08-15,206.4,0.516,False,True,False,True
SIG1056,SEC072,Signalling,60.5,4.5,2025-04-23 06:00,2025-05-18 22:00,2025-05-18,108.0,0.24,False,True,False,True
SIG1059,SEC023,Signalling,98.6,2.2,2025-05-17 06:00,2025-05-20 22:00,2025-05-20,99.7,0.453,False,True,False,False
SIG1060,SEC030,Signalling,62.6,4.9,2025-03-07 06:00,2025-04-03 22:00,2025-04-03,200.4,0.409,False,False,False,True
SIG1063,SEC064,Signalling,80.3,11.4,2025-10-17 06:00,2025-11-01 22:00,2025-11-01,279.3,0.245,False,False,False,True
SIG1064,SEC049,Signalling,63.0,11.9,2025-01-16 06:00,2025-02-05 22:00,2025-02-05,391.5,0.329,False,True,False,True
SIG1068,SEC043,Signalling,38.3,10.1,2025-06-15 06:00,2025-08-06 22:00,2025-08-06,330.3,0.327,False,True,False,True
SIG1071,SEC064,Signalling,95.5,5.3,2025-09-10 06:00,2025-09-13 22:00,2025-09-13,129.8,0.245,False,False,False,True
SIG1072,SEC021,Signalling,84.3,2.9,2025-12-15 06:00,2025-12-25 22:00,2025-12-25,126.4,0.436,False,True,False,True
SIG1073,SEC042,Signalling,43.4,4.8,2025-05-07 06:00,2025-06-03 22:00,2025-06-03,139.7,0.291,False,True,False,True
SIG1074,SEC036,Signalling,40.1,2.7,2025-10-29 06:00,2025-12-25 22:00,2025-12-25,140.7,0.521,False,True,False,True
SIG1075,SEC031,Signalling,84.3,9.2,2025-03-10 06:00,2025-03-18 22:00,2025-03-18,372.6,0.405,False,False,False,True
SIG1077,SEC025,Signalling,98.8,9.0,2025-07-16 06:00,2025-07-20 22:00,2025-07-20,433.8,0.482,False,True,False,True
SIG1078,SEC070,Signalling,59.7,10.1,2025-11-18 06:00,2025-12-16 22:00,2025-12-16,230.3,0.228,False,True,False,False
SIG1080,SEC028,Signalling,45.5,1.4,2025-04-30 06:00,2025-06-02 22:00,2025-06-02,72.7,0.519,False,False,False,True
SIG1081,SEC004,Signalling,83.4,2.4,2025-09-14 06:00,2025-09-28 22:00,2025-09-28,104.4,0.435,False,False,False,True
SIG1082,SEC039,Signalling,64.6,3.5,2025-03-12 06:00,2025-03-27 22:00,2025-03-27,125.6,0.359,False,False,False,True
SIG1084,SEC029,Signalling,64.2,7.2,2025-10-16 06:00,2025-11-12 22:00,2025-11-12,368.6,0.512,False,False,False,True
SIG1085,SEC003,Signalling,65.2,9.2,2025-05-01 06:00,2025-05-22 22:00,2025-05-22,452.6,0.492,False,False,False,True
SIG1086,SEC064,Signalling,31.2,7.7,2025-03-18 06:00,2025-05-02 22:00,2025-05-02,188.6,0.245,False,True,False,True
SIG1087,SEC034,Signalling,22.8,5.3,2025-12-10 06:00,2026-03-09 22:00,2026-03-09,179.7,0.339,False,False,False,False
SIG1088,SEC013,Signalling,64.1,7.2,2025-05-26 06:00,2025-06-20 22:00,2025-06-20,342.0,0.475,False,False,False,True
SIG1089,SEC068,Signalling,26.1,4.0,2025-01-10 06:00,2025-03-23 22:00,2025-03-23,122.4,0.306,False,True,False,True
SIG1092,SEC073,Signalling,61.6,3.8,2025-01-05 06:00,2025-01-23 22:00,2025-01-23,79.0,0.208,False,True,False,False
SIG1094,SEC029,Signalling,66.2,9.8,2025-06-25 06:00,2025-07-13 22:00,2025-07-13,501.8,0.512,False,True,False,True
SIG1097,SEC050,Signalling,39.3,5.7,2025-10-12 06:00,2025-11-20 22:00,2025-11-20,114.0,0.2,False,False,False,True
SIG1099,SEC043,Signalling,82.9,8.0,2025-11-09 06:00,2025-11-18 22:00,2025-11-18,261.6,0.327,False,False,False,True
SIG1100,SEC050,Signalling,81.0,10.4,2025-08-17 06:00,2025-08-26 22:00,2025-08-26,208.0,0.2,False,False,False,True
SIG1101,SEC057,Signalling,61.0,6.1,2025-06-07 06:00,2025-07-07 22:00,2025-07-07,211.7,0.347,False,True,False,False
SIG1102,SEC015,Signalling,84.8,4.8,2025-12-17 06:00,2025-12-26 22:00,2025-12-26,216.0,0.45,False,True,False,True
SIG1103,SEC023,Signalling,42.5,7.9,2025-02-22 06:00,2025-04-05 22:00,2025-04-05,357.9,0.453,False,False,False,False
SIG1105,SEC030,Signalling,39.8,2.7,2025-02-27 06:00,2025-04-19 22:00,2025-04-19,110.4,0.409,False,True,False,True
SIG1109,SEC070,Signalling,94.4,5.6,2025-03-06 06:00,2025-03-13 22:00,2025-03-13,127.7,0.228,False,True,False,True
SIG1110,SEC015,Signalling,39.3,11.4,2025-01-24 06:00,2025-03-21 22:00,2025-03-21,513.0,0.45,False,True,False,True
SIG1111,SEC066,Signalling,37.7,10.5,2025-01-10 06:00,2025-03-02 22:00,2025-03-02,283.5,0.27,False,True,False,False
SIG1118,SEC017,Signalling,64.9,9.7,2025-10-20 06:00,2025-11-04 22:00,2025-11-04,372.5,0.384,False,True,False,True
SIG1120,SEC074,Signalling,81.4,1.4,2025-05-04 06:00,2025-05-14 22:00,2025-05-14,33.6,0.24,False,False,False,True
SIG1121,SEC021,Signalling,65.7,5.9,2025-11-11 06:00,2025-11-26 22:00,2025-11-26,257.2,0.436,False,True,False,True
SIG1124,SEC031,Signalling,63.5,7.0,2025-03-27 06:00,2025-04-19 22:00,2025-04-19,283.5,0.405,False,True,False,True
SIG1125,SEC018,Signalling,64.3,5.2,2025-07-16 06:00,2025-08-05 22:00,2025-08-05,216.3,0.416,False,True,False,True
SIG1127,SEC061,Signalling,59.6,10.2,2025-03-19 06:00,2025-04-15 22:00,2025-04-15,210.1,0.206,False,False,False,True
SIG1128,SEC035,Signalling,43.8,2.7,2025-05-20 06:00,2025-06-27 22:00,2025-06-27,130.1,0.482,False,True,False,True
SIG1129,SEC010,Signalling,64.4,4.9,2025-06-16 06:00,2025-07-09 22:00,2025-07-09,229.3,0.468,False,False,False,True
SIG1131,SEC027,Signalling,61.9,11.5,2025-06-28 06:00,2025-07-25 22:00,2025-07-25,410.6,0.357,False,False,False,True
SIG1132,SEC006,Signalling,46.3,7.0,2025-06-19 06:00,2025-07-17 22:00,2025-07-17,350.7,0.501,False,False,False,True
SIG1135,SEC009,Signalling,65.0,5.5,2025-08-08 06:00,2025-08-25 22:00,2025-08-25,229.9,0.418,False,True,False,True
SIG1136,SEC054,Signalling,59.7,7.6,2025-01-29 06:00,2025-02-26 22:00,2025-02-26,172.5,0.227,False,True,False,True
SIG1138,SEC051,Signalling,39.5,2.3,2025-11-28 06:00,2026-01-09 22:00,2026-01-09,59.3,0.258,False,True,False,False
SIG1140,SEC040,Signalling,61.0,11.8,2025-01-07 06:00,2025-01-30 22:00,2025-01-30,285.6,0.242,False,True,False,False
SIG1142,SEC058,Signalling,82.5,6.6,2025-09-16 06:00,2025-09-23 22:00,2025-09-23,180.2,0.273,False,False,False,True
SIG1143,SEC047,Signalling,60.0,6.8,2025-09-06 06:00,2025-10-01 22:00,2025-10-01,138.7,0.204,False,False,False,True
SIG1145,SEC044,Signalling,63.5,4.2,2025-10-30 06:00,2025-11-18 22:00,2025-11-18,145.7,0.347,False,True,False,True
SIG1146,SEC016,Signalling,45.8,9.7,2025-08-27 06:00,2025-09-21 22:00,2025-09-21,411.3,0.424,False,True,False,True
SIG1148,SEC002,Signalling,36.8,7.0,2025-05-13 06:00,2025-07-12 22:00,2025-07-12,238.7,0.341,False,False,False,False
SIG1151,SEC002,Signalling,83.3,8.8,2025-07-01 06:00,2025-07-09 22:00,2025-07-09,300.1,0.341,False,False,False,False
SIG1155,SEC007,Signalling,98.1,2.2,2025-01-29 06:00,2025-02-05 22:00,2025-02-05,104.3,0.474,False,True,False,True
SIG1156,SEC011,Signalling,63.5,4.7,2025-06-17 06:00,2025-07-15 22:00,2025-07-15,227.5,0.484,False,True,False,True
SIG1158,SEC069,Signalling,60.4,11.5,2025-03-04 06:00,2025-03-27 22:00,2025-03-27,230.0,0.2,False,False,False,False
SIG1162,SEC041,Signalling,36.6,4.4,2025-07-26 06:00,2025-09-16 22:00,2025-09-16,92.4,0.21,False,False,False,False
SIG1163,SEC058,Signalling,95.9,3.8,2025-06-18 06:00,2025-06-21 22:00,2025-06-21,103.7,0.273,False,False,False,True
SIG1166,SEC059,Signalling,40.0,11.4,2025-01-05 06:00,2025-02-10 22:00,2025-02-10,229.1,0.201,False,True,False,True
SIG1170,SEC030,Signalling,97.7,11.1,2025-03-07 06:00,2025-03-11 22:00,2025-03-11,454.0,0.409,False,False,False,True
SIG1173,SEC004,Signalling,35.1,7.1,2025-07-04 06:00,2025-08-13 22:00,2025-08-13,308.8,0.435,False,True,False,True
SIG1174,SEC058,Signalling,81.0,9.8,2025-12-18 06:00,2026-01-01 22:00,2026-01-01,267.5,0.273,False,False,False,False
SIG1175,SEC014,Signalling,41.4,9.6,2025-10-08 06:00,2025-11-24 22:00,2025-11-24,435.8,0.454,False,False,False,True
SIG1176,SEC056,Signalling,21.8,5.0,2025-07-22 06:00,2025-10-20 22:00,2025-10-20,142.5,0.285,False,False,False,True
SIG1177,SEC031,Signalling,84.1,2.0,2025-03-13 06:00,2025-03-22 22:00,2025-03-22,81.0,0.405,False,True,False,True
SIG1182,SEC048,Signalling,82.6,3.5,2025-10-27 06:00,2025-11-04 22:00,2025-11-04,102.5,0.293,False,True,False,True
SIG1183,SEC036,Signalling,46.1,8.4,2025-08-06 06:00,2025-09-05 22:00,2025-09-05,437.6,0.521,False,False,False,False
SIG1185,SEC028,Signalling,44.1,5.2,2025-02-27 06:00,2025-04-07 22:00,2025-04-07,269.9,0.519,False,False,False,True
SIG1190,SEC001,Signalling,98.0,10.4,2025-06-06 06:00,2025-06-10 22:00,2025-06-10,443.0,0.426,False,True,False,True
SIG1193,SEC008,Signalling,65.5,5.3,2025-01-28 06:00,2025-02-14 22:00,2025-02-14,241.2,0.455,False,False,False,True
SIG1194,SEC062,Signalling,61.1,1.5,2025-08-15 06:00,2025-09-04 22:00,2025-09-04,30.0,0.2,False,True,False,False
SIG1196,SEC007,Signalling,98.3,10.7,2025-03-04 06:00,2025-03-10 22:00,2025-03-10,507.2,0.474,False,False,False,False
SIG1197,SEC066,Signalling,95.7,1.3,2025-08-23 06:00,2025-08-27 22:00,2025-08-27,35.1,0.27,False,False,False,False
SIG1199,SEC051,Signalling,63.3,7.2,2025-11-30 06:00,2025-12-14 22:00,2025-12-14,185.8,0.258,False,False,False,True
SIG1201,SEC011,Signalling,63.1,10.3,2025-06-22 06:00,2025-07-22 22:00,2025-07-22,498.5,0.484,False,True,False,True
SIG1204,SEC014,Signalling,44.0,3.6,2025-01-13 06:00,2025-02-17 22:00,2025-02-17,163.4,0.454,False,True,False,True
SIG1205,SEC032,Signalling,62.2,9.6,2025-10-11 06:00,2025-11-05 22:00,2025-11-05,335.0,0.349,False,True,False,True
SIG1206,SEC042,Signalling,24.3,2.9,2025-10-19 06:00,2026-01-06 22:00,2026-01-06,84.4,0.291,False,True,False,False
SIG1208,SEC062,Signalling,61.9,2.1,2025-02-03 06:00,2025-02-19 22:00,2025-02-19,42.0,0.2,False,False,False,False
SIG1215,SEC058,Signalling,95.3,1.6,2025-03-24 06:00,2025-03-30 22:00,2025-03-30,43.7,0.273,False,False,False,True
SIG1216,SEC060,Signalling,94.2,8.2,2025-05-27 06:00,2025-06-02 22:00,2025-06-02,164.0,0.2,False,True,False,True
SIG1217,SEC068,Signalling,62.2,7.8,2025-10-19 06:00,2025-11-10 22:00,2025-11-10,238.7,0.306,False,False,False,True
SIG1219,SEC009,Signalling,84.3,4.0,2025-03-07 06:00,2025-03-16 22:00,2025-03-16,167.2,0.418,False,False,False,True
SIG1221,SEC023,Signalling,97.7,9.0,2025-02-04 06:00,2025-02-11 22:00,2025-02-11,407.7,0.453,False,True,False,True
SIG1223,SEC063,Signalling,58.9,7.4,2025-12-03 06:00,2026-01-02 22:00,2026-01-02,150.2,0.203,False,False,False,False
SIG1224,SEC046,Signalling,81.8,9.8,2025-01-31 06:00,2025-02-10 22:00,2025-02-10,264.6,0.27,False,True,False,True
SIG1231,SEC069,Signalling,94.4,4.0,2025-02-24 06:00,2025-03-01 22:00,2025-03-01,80.0,0.2,False,True,False,True
SIG1233,SEC044,Signalling,64.6,5.5,2025-09-11 06:00,2025-09-25 22:00,2025-09-25,190.8,0.347,False,False,False,True
SIG1235,SEC073,Signalling,61.4,2.3,2025-10-23 06:00,2025-11-11 22:00,2025-11-11,47.8,0.208,False,True,False,True
SIG1236,SEC029,Signalling,32.7,2.6,2025-06-02 06:00,2025-07-28 22:00,2025-07-28,133.1,0.512,False,True,False,True
SIG1237,SEC003,Signalling,63.7,3.5,2025-03-14 06:00,2025-04-11 22:00,2025-04-11,172.2,0.492,False,True,False,True
SIG1241,SEC052,Signalling,81.0,11.2,2025-03-11 06:00,2025-03-20 22:00,2025-03-20,224.0,0.2,False,False,False,True
SIG1242,SEC021,Signalling,83.9,1.1,2025-06-10 06:00,2025-06-22 22:00,2025-06-22,48.0,0.436,False,False,False,True
SIG1243,SEC025,Signalling,98.2,5.5,2025-11-15 06:00,2025-11-22 22:00,2025-11-22,265.1,0.482,False,False,False,True
SIG1245,SEC006,Signalling,84.2,8.9,2025-12-11 06:00,2025-12-26 22:00,2025-12-26,445.9,0.501,False,False,False,True
SIG1246,SEC071,Signalling,80.9,3.2,2025-06-04 06:00,2025-06-15 22:00,2025-06-15,71.0,0.222,False,True,False,True
SIG1248,SEC018,Signalling,84.7,4.5,2025-03-20 06:00,2025-03-27 22:00,2025-03-27,187.2,0.416,False,True,False,True
SIG1249,SEC065,Signalling,38.0,6.2,2025-02-07 06:00,2025-03-30 22:00,2025-03-30,177.9,0.287,False,True,False,True
SIG1250,SEC043,Signalling,41.9,1.5,2025-01-28 06:00,2025-03-05 22:00,2025-03-05,49.1,0.327,False,True,False,True
SIG1251,SEC022,Signalling,33.1,3.6,2025-07-18 06:00,2025-09-02 22:00,2025-09-02,140.4,0.39,False,False,False,True
SIG1255,SEC052,Signalling,36.2,11.8,2025-09-12 06:00,2025-11-04 22:00,2025-11-04,236.0,0.2,False,False,False,True
SIG1260,SEC003,Signalling,63.9,1.4,2025-03-25 06:00,2025-04-21 22:00,2025-04-21,68.9,0.492,False,True,False,True
SIG1261,SEC002,Signalling,32.4,8.6,2025-10-06 06:00,2025-11-21 22:00,2025-11-21,293.3,0.341,False,True,False,True
SIG1262,SEC068,Signalling,61.8,2.0,2025-12-15 06:00,2026-01-08 22:00,2026-01-08,61.2,0.306,False,True,False,True
SIG1263,SEC071,Signalling,59.8,10.6,2025-02-21 06:00,2025-03-20 22:00,2025-03-20,235.3,0.222,False,False,False,False
SIG1264,SEC039,Signalling,63.7,11.6,2025-03-01 06:00,2025-03-20 22:00,2025-03-20,416.4,0.359,False,False,False,True
SIG1267,SEC053,Signalling,35.6,9.8,2025-12-21 06:00,2026-02-18 22:00,2026-02-18,245.0,0.25,False,True,False,False
SIG1268,SEC066,Signalling,60.3,7.1,2025-06-10 06:00,2025-07-08 22:00,2025-07-08,191.7,0.27,False,False,False,True
SIG1271,SEC030,Signalling,65.5,10.3,2025-06-07 06:00,2025-06-21 22:00,2025-06-21,421.3,0.409,False,True,False,True
SIG1272,SEC008,Signalling,63.8,8.4,2025-10-23 06:00,2025-11-17 22:00,2025-11-17,382.2,0.455,False,False,False,True
SIG1273,SEC048,Signalling,41.4,3.2,2025-11-16 06:00,2025-12-22 22:00,2025-12-22,93.8,0.293,False,True,False,True
SIG1275,SEC020,Signalling,39.0,4.8,2025-07-08 06:00,2025-08-30 22:00,2025-08-30,184.3,0.384,False,True,False,True
SIG1279,SEC001,Signalling,25.7,10.9,2025-05-25 06:00,2025-08-15 22:00,2025-08-15,464.3,0.426,False,True,False,True
SIG1280,SEC055,Signalling,60.1,6.9,2025-08-30 06:00,2025-09-24 22:00,2025-09-24,145.6,0.211,False,False,False,True
SIG1281,SEC001,Signalling,42.3,9.1,2025-08-25 06:00,2025-10-05 22:00,2025-10-05,387.7,0.426,False,False,False,True
SIG1282,SEC010,Signalling,85.2,4.6,2025-03-02 06:00,2025-03-10 22:00,2025-03-10,215.3,0.468,False,True,False,True
SIG1285,SEC029,Signalling,84.3,9.9,2025-12-10 06:00,2025-12-25 22:00,2025-12-25,506.9,0.512,False,True,False,True
SIG1288,SEC016,Signalling,64.6,4.9,2025-04-02 06:00,2025-04-21 22:00,2025-04-21,207.8,0.424,False,False,False,False
SIG1289,SEC007,Signalling,64.3,7.9,2025-06-02 06:00,2025-06-26 22:00,2025-06-26,374.5,0.474,False,True,False,True
SIG1291,SEC037,Signalling,44.0,4.4,2025-11-09 06:00,2025-12-17 22:00,2025-12-17,219.1,0.498,False,True,False,True
SIG1292,SEC046,Signalling,31.8,3.6,2025-08-15 06:00,2025-09-28 22:00,2025-09-28,97.2,0.27,False,True,False,False
SIG1294,SEC026,Signalling,85.7,11.8,2025-07-14 06:00,2025-07-23 22:00,2025-07-23,608.9,0.516,False,False,False,True
SIG1296,SEC042,Signalling,95.3,10.6,2025-09-15 06:00,2025-09-22 22:00,2025-09-22,308.5,0.291,False,False,False,True
SIG1297,SEC060,Signalling,24.9,11.5,2025-09-08 06:00,2025-11-17 22:00,2025-11-17,230.0,0.2,False,True,False,True
SIG1301,SEC070,Signalling,28.5,11.4,2025-01-04 06:00,2025-03-01 22:00,2025-03-01,259.9,0.228,False,False,False,True
SIG1303,SEC060,Signalling,61.7,7.7,2025-09-21 06:00,2025-10-08 22:00,2025-10-08,154.0,0.2,False,False,False,True
SIG1305,SEC006,Signalling,66.0,9.1,2025-10-23 06:00,2025-11-10 22:00,2025-11-10,455.9,0.501,False,True,False,True
SIG1308,SEC039,Signalling,62.8,8.8,2025-12-20 06:00,2026-01-12 22:00,2026-01-12,315.9,0.359,False,False,False,True
SIG1309,SEC040,Signalling,59.5,2.9,2025-09-16 06:00,2025-10-16 22:00,2025-10-16,70.2,0.242,False,True,False,True
SIG1310,SEC025,Signalling,45.1,7.1,2025-11-19 06:00,2025-12-21 22:00,2025-12-21,342.2,0.482,False,True,False,True
SIG1311,SEC031,Signalling,43.5,3.5,2025-04-04 06:00,2025-05-08 22:00,2025-05-08,141.8,0.405,False,False,False,True
SIG1313,SEC031,Signalling,97.0,3.4,2025-01-28 06:00,2025-02-04 22:00,2025-02-04,137.7,0.405,False,True,False,True
SIG1314,SEC040,Signalling,81.0,1.8,2025-04-24 06:00,2025-05-06 22:00,2025-05-06,43.6,0.242,False,True,False,True
SIG1315,SEC004,Signalling,62.8,2.6,2025-02-25 06:00,2025-03-25 22:00,2025-03-25,113.1,0.435,False,True,False,True
SIG1316,SEC019,Signalling,98.7,4.3,2025-08-12 06:00,2025-08-17 22:00,2025-08-17,209.8,0.488,False,True,False,False
SIG1318,SEC038,Signalling,83.7,9.0,2025-08-20 06:00,2025-08-31 22:00,2025-08-31,369.9,0.411,False,False,False,False
SIG1319,SEC052,Signalling,94.2,1.4,2025-03-03 06:00,2025-03-09 22:00,2025-03-09,28.0,0.2,False,True,False,True
SIG1320,SEC033,Signalling,36.0,5.4,2025-05-22 06:00,2025-07-01 22:00,2025-07-01,265.7,0.492,False,True,False,False
SIG1322,SEC033,Signalling,39.3,8.3,2025-10-10 06:00,2025-12-08 22:00,2025-12-08,408.4,0.492,False,False,False,True
SIG1323,SEC034,Signalling,81.8,11.0,2025-01-27 06:00,2025-02-11 22:00,2025-02-11,372.9,0.339,False,True,False,False
SIG1328,SEC054,Signalling,59.2,8.1,2025-10-29 06:00,2025-11-28 22:00,2025-11-28,183.9,0.227,False,True,False,True
SIG1330,SEC053,Signalling,60.9,10.4,2025-03-26 06:00,2025-04-19 22:00,2025-04-19,260.0,0.25,False,True,False,True
SIG1332,SEC053,Signalling,40.8,1.2,2025-04-28 06:00,2025-06-03 22:00,2025-06-03,30.0,0.25,False,True,False,True
SIG1334,SEC075,Signalling,38.2,12.0,2025-05-18 06:00,2025-07-01 22:00,2025-07-01,240.0,0.2,False,True,False,True
SIG1336,SEC063,Signalling,60.4,3.5,2025-08-07 06:00,2025-08-30 22:00,2025-08-30,71.0,0.203,False,True,False,True
SIG1339,SEC040,Signalling,62.4,2.5,2025-05-20 06:00,2025-06-06 22:00,2025-06-06,60.5,0.242,False,True,False,True
SIG1340,SEC054,Signalling,95.2,1.9,2025-07-04 06:00,2025-07-07 22:00,2025-07-07,43.1,0.227,False,True,False,False
SIG1341,SEC037,Signalling,84.1,7.8,2025-03-06 06:00,2025-03-21 22:00,2025-03-21,388.4,0.498,False,True,False,True
SIG1347,SEC033,Signalling,65.2,4.5,2025-11-03 06:00,2025-11-24 22:00,2025-11-24,221.4,0.492,False,True,False,True
SIG1348,SEC023,Signalling,33.4,3.2,2025-02-04 06:00,2025-03-25 22:00,2025-03-25,145.0,0.453,False,False,False,True
SIG1352,SEC072,Signalling,59.9,6.1,2025-11-22 06:00,2025-12-20 22:00,2025-12-20,146.4,0.24,False,True,False,True
SIG1354,SEC040,Signalling,61.5,8.1,2025-09-13 06:00,2025-10-04 22:00,2025-10-04,196.0,0.242,False,False,False,True
SIG1355,SEC036,Signalling,65.2,8.8,2025-11-27 06:00,2025-12-20 22:00,2025-12-20,458.5,0.521,False,False,False,True
SIG1356,SEC061,Signalling,61.8,10.9,2025-10-26 06:00,2025-11-12 22:00,2025-11-12,224.5,0.206,False,False,False,False
SIG1357,SEC030,Signalling,39.6,10.8,2025-10-17 06:00,2025-12-08 22:00,2025-12-08,441.7,0.409,False,True,False,True
SIG1360,SEC050,Signalling,39.8,6.9,2025-08-01 06:00,2025-09-07 22:00,2025-09-07,138.0,0.2,False,False,False,True
SIG1361,SEC009,Signalling,64.1,4.2,2025-04-07 06:00,2025-04-28 22:00,2025-04-28,175.6,0.418,False,False,False,True
SIG1363,SEC023,Signalling,42.5,8.5,2025-04-11 06:00,2025-05-23 22:00,2025-05-23,385.0,0.453,False,False,False,True
SIG1366,SEC006,Signalling,84.8,2.5,2025-03-14 06:00,2025-03-26 22:00,2025-03-26,125.2,0.501,False,True,False,True
SIG1367,SEC072,Signalling,81.6,8.3,2025-02-16 06:00,2025-02-25 22:00,2025-02-25,199.2,0.24,False,True,False,True
SIG1368,SEC040,Signalling,61.0,7.9,2025-01-09 06:00,2025-02-01 22:00,2025-02-01,191.2,0.242,False,True,False,False
SIG1371,SEC073,Signalling,62.5,5.2,2025-04-11 06:00,2025-04-25 22:00,2025-04-25,108.2,0.208,False,True,False,True
SIG1375,SEC075,Signalling,61.7,7.6,2025-08-30 06:00,2025-09-16 22:00,2025-09-16,152.0,0.2,False,True,False,True
SIG1380,SEC075,Signalling,80.3,1.7,2025-12-08 06:00,2025-12-20 22:00,2025-12-20,34.0,0.2,False,False,False,True
SIG1381,SEC060,Signalling,39.1,12.0,2025-10-04 06:00,2025-11-13 22:00,2025-11-13,240.0,0.2,False,True,False,True
SIG1384,SEC029,Signalling,64.8,5.4,2025-10-28 06:00,2025-11-21 22:00,2025-11-21,276.5,0.512,False,False,False,True
SIG1388,SEC010,Signalling,40.5,6.3,2025-08-17 06:00,2025-10-08 22:00,2025-10-08,294.8,0.468,False,False,False,True
SIG1391,SEC052,Signalling,81.4,4.6,2025-11-15 06:00,2025-11-22 22:00,2025-11-22,92.0,0.2,False,True,False,True
SIG1392,SEC061,Signalling,80.9,7.4,2025-09-30 06:00,2025-10-10 22:00,2025-10-10,152.4,0.206,False,False,False,True
SIG1395,SEC013,Signalling,34.6,2.6,2025-09-26 06:00,2025-11-10 22:00,2025-11-10,123.5,0.475,False,False,False,True
SIG1399,SEC049,Signalling,43.9,12.0,2025-07-21 06:00,2025-08-17 22:00,2025-08-17,394.8,0.329,False,True,False,True
SIG1405,SEC062,Signalling,80.3,1.7,2025-10-27 06:00,2025-11-08 22:00,2025-11-08,34.0,0.2,False,True,False,True
SIG1406,SEC059,Signalling,37.1,1.2,2025-07-04 06:00,2025-08-22 22:00,2025-08-22,24.1,0.201,False,False,False,True
SIG1409,SEC062,Signalling,37.6,8.1,2025-11-13 06:00,2025-12-30 22:00,2025-12-30,162.0,0.2,False,True,False,True
SIG1410,SEC010,Signalling,38.7,4.2,2025-11-01 06:00,2025-12-31 22:00,2025-12-31,196.6,0.468,False,False,False,True
SIG1412,SEC036,Signalling,66.5,3.2,2025-08-24 06:00,2025-09-10 22:00,2025-09-10,166.7,0.521,False,True,False,True
SIG1413,SEC060,Signalling,80.8,6.5,2025-04-19 06:00,2025-04-29 22:00,2025-04-29,130.0,0.2,False,True,False,True
SIG1414,SEC013,Signalling,41.9,11.9,2025-02-08 06:00,2025-03-26 22:00,2025-03-26,565.2,0.475,False,False,False,False
SIG1418,SEC038,Signalling,38.5,2.2,2025-08-08 06:00,2025-10-04 22:00,2025-10-04,90.4,0.411,False,True,False,True
SIG1419,SEC046,Signalling,43.5,10.9,2025-07-08 06:00,2025-08-02 22:00,2025-08-02,294.3,0.27,False,True,False,True
SIG1421,SEC016,Signalling,42.2,5.9,2025-02-28 06:00,2025-04-10 22:00,2025-04-10,250.2,0.424,False,False,False,True
SIG1422,SEC012,Signalling,83.4,4.1,2025-02-07 06:00,2025-02-19 22:00,2025-02-19,165.6,0.404,False,False,False,True
SIG1423,SEC066,Signalling,95.0,8.3,2025-03-08 06:00,2025-03-15 22:00,2025-03-15,224.1,0.27,False,True,False,False
SIG1424,SEC010,Signalling,41.1,4.2,2025-08-07 06:00,2025-09-25 22:00,2025-09-25,196.6,0.468,False,False,False,True
SIG1432,SEC017,Signalling,62.0,9.3,2025-05-22 06:00,2025-06-19 22:00,2025-06-19,357.1,0.384,False,True,False,True
SIG1433,SEC067,Signalling,40.6,1.2,2025-05-08 06:00,2025-06-14 22:00,2025-06-14,31.0,0.258,False,True,False,True
SIG1434,SEC004,Signalling,65.2,10.8,2025-11-24 06:00,2025-12-11 22:00,2025-12-11,469.8,0.435,False,False,False,True
SIG1440,SEC054,Signalling,61.2,3.7,2025-07-17 06:00,2025-08-07 22:00,2025-08-07,84.0,0.227,False,False,False,True
SIG1442,SEC035,Signalling,64.4,8.5,2025-07-06 06:00,2025-07-30 22:00,2025-07-30,409.7,0.482,False,True,False,True
SIG1444,SEC043,Signalling,39.9,1.6,2025-01-15 06:00,2025-03-01 22:00,2025-03-01,52.3,0.327,False,False,False,True
SIG1446,SEC062,Signalling,22.7,4.4,2025-06-04 06:00,2025-08-23 22:00,2025-08-23,88.0,0.2,False,False,False,False
SIG1448,SEC041,Signalling,22.9,8.0,2025-10-19 06:00,2026-01-07 22:00,2026-01-07,168.0,0.21,False,True,False,True
SIG1455,SEC012,Signalling,97.2,8.2,2025-04-08 06:00,2025-04-14 22:00,2025-04-14,331.3,0.404,False,False,False,True
SIG1456,SEC003,Signalling,99.2,10.9,2025-08-02 06:00,2025-08-05 22:00,2025-08-05,536.3,0.492,False,False,False,True
SIG1457,SEC031,Signalling,63.5,9.0,2025-06-09 06:00,2025-07-02 22:00,2025-07-02,364.5,0.405,False,True,False,True
SIG1458,SEC055,Signalling,37.9,1.8,2025-12-13 06:00,2026-01-28 22:00,2026-01-28,38.0,0.211,False,True,False,False
SIG1460,SEC030,Signalling,64.4,8.3,2025-09-30 06:00,2025-10-19 22:00,2025-10-19,339.5,0.409,False,True,False,True
SIG1461,SEC063,Signalling,79.9,9.8,2025-01-12 06:00,2025-01-26 22:00,2025-01-26,198.9,0.203,False,False,False,False
SIG1462,SEC035,Signalling,66.0,10.0,2025-12-12 06:00,2025-12-29 22:00,2025-12-29,482.0,0.482,False,True,False,True
SIG1464,SEC073,Signalling,94.3,10.1,2025-05-25 06:00,2025-05-31 22:00,2025-05-31,210.1,0.208,False,True,False,True
SIG1465,SEC033,Signalling,84.5,5.4,2025-05-04 06:00,2025-05-17 22:00,2025-05-17,265.7,0.492,False,True,False,True
SIG1473,SEC070,Signalling,62.8,11.7,2025-05-08 06:00,2025-05-22 22:00,2025-05-22,266.8,0.228,False,True,False,True
SIG1474,SEC003,Signalling,85.2,6.2,2025-11-18 06:00,2025-11-28 22:00,2025-11-28,305.0,0.492,False,True,False,False
SIG1477,SEC047,Signalling,59.6,10.5,2025-05-07 06:00,2025-06-03 22:00,2025-06-03,214.2,0.204,False,False,False,True
SIG1479,SEC019,Signalling,84.9,8.3,2025-04-25 06:00,2025-05-06 22:00,2025-05-06,405.0,0.488,False,True,False,False
SIG1480,SEC022,Signalling,29.4,1.5,2025-01-04 06:00,2025-03-08 22:00,2025-03-08,58.5,0.39,False,True,False,True
SIG1481,SEC047,Signalling,79.7,10.4,2025-04-11 06:00,2025-04-26 22:00,2025-04-26,212.2,0.204,False,False,False,True
SIG1484,SEC027,Signalling,42.8,1.6,2025-06-29 06:00,2025-08-02 22:00,2025-08-02,57.1,0.357,False,False,False,True
SIG1491,SEC053,Signalling,42.5,4.4,2025-06-17 06:00,2025-07-15 22:00,2025-07-15,110.0,0.25,False,False,False,True
SIG1497,SEC003,Signalling,84.0,11.4,2025-04-09 06:00,2025-04-24 22:00,2025-04-24,560.9,0.492,False,False,False,True
SIG1500,SEC048,Signalling,60.2,7.5,2025-12-05 06:00,2026-01-04 22:00,2026-01-04,219.7,0.293,False,False,False,True
SIG1502,SEC021,Signalling,83.7,1.1,2025-05-02 06:00,2025-05-15 22:00,2025-05-15,48.0,0.436,False,False,False,True
SIG1503,SEC068,Signalling,26.3,10.0,2025-02-18 06:00,2025-04-30 22:00,2025-04-30,306.0,0.306,False,True,False,False
SIG1505,SEC073,Signalling,61.4,1.1,2025-05-29 06:00,2025-06-17 22:00,2025-06-17,22.9,0.208,False,False,False,True
SIG1508,SEC001,Signalling,44.7,8.8,2025-07-14 06:00,2025-08-13 22:00,2025-08-13,374.9,0.426,False,True,False,True
SIG1509,SEC058,Signalling,36.4,7.2,2025-03-07 06:00,2025-05-03 22:00,2025-05-03,196.6,0.273,False,True,False,False
SIG1510,SEC054,Signalling,62.3,5.9,2025-02-13 06:00,2025-03-01 22:00,2025-03-01,133.9,0.227,False,True,False,True
SIG1511,SEC015,Signalling,63.0,9.4,2025-11-14 06:00,2025-12-12 22:00,2025-12-12,423.0,0.45,False,True,False,True
SIG1512,SEC055,Signalling,94.1,6.9,2025-10-05 06:00,2025-10-12 22:00,2025-10-12,145.6,0.211,False,True,False,True
SIG1513,SEC055,Signalling,60.6,9.0,2025-03-10 06:00,2025-04-02 22:00,2025-04-02,189.9,0.211,False,False,False,True
SIG1514,SEC030,Signalling,24.3,2.0,2025-08-20 06:00,2025-11-15 22:00,2025-11-15,81.8,0.409,False,True,False,True
SIG1519,SEC055,Signalling,59.0,9.6,2025-03-04 06:00,2025-04-03 22:00,2025-04-03,202.6,0.211,False,True,False,True
SIG1520,SEC030,Signalling,41.4,10.4,2025-05-13 06:00,2025-06-26 22:00,2025-06-26,425.4,0.409,False,True,False,True
SIG1522,SEC008,Signalling,25.0,2.1,2025-06-22 06:00,2025-09-17 22:00,2025-09-17,95.6,0.455,False,True,False,True
SIG1527,SEC036,Signalling,41.3,9.1,2025-07-20 06:00,2025-09-10 22:00,2025-09-10,474.1,0.521,False,False,False,True
SIG1528,SEC061,Signalling,81.5,7.7,2025-03-13 06:00,2025-03-20 22:00,2025-03-20,158.6,0.206,False,False,False,True
SIG1530,SEC036,Signalling,31.1,4.6,2025-10-14 06:00,2025-12-17 22:00,2025-12-17,239.7,0.521,False,True,False,True
SIG1531,SEC005,Signalling,66.9,4.2,2025-03-20 06:00,2025-04-05 22:00,2025-04-05,221.8,0.528,False,True,False,True
SIG1532,SEC053,Signalling,41.4,6.3,2025-07-12 06:00,2025-08-14 22:00,2025-08-14,157.5,0.25,False,True,False,True
SIG1537,SEC016,Signalling,84.4,6.8,2025-07-16 06:00,2025-07-25 22:00,2025-07-25,288.3,0.424,False,True,False,True
SIG1539,SEC027,Signalling,82.9,7.1,2025-06-03 06:00,2025-06-14 22:00,2025-06-14,253.5,0.357,False,True,False,True
SIG1541,SEC054,Signalling,61.0,9.8,2025-08-11 06:00,2025-09-02 22:00,2025-09-02,222.5,0.227,False,True,False,False
SIG1542,SEC042,Signalling,39.4,9.5,2025-06-03 06:00,2025-07-18 22:00,2025-07-18,276.4,0.291,False,False,False,False
SIG1543,SEC022,Signalling,63.2,10.8,2025-08-01 06:00,2025-08-24 22:00,2025-08-24,421.2,0.39,False,True,False,True
SIG1545,SEC039,Signalling,43.7,11.0,2025-02-01 06:00,2025-03-03 22:00,2025-03-03,394.9,0.359,False,True,False,True
SIG1546,SEC046,Signalling,60.8,7.7,2025-10-28 06:00,2025-11-23 22:00,2025-11-23,207.9,0.27,False,False,False,True
SIG1547,SEC023,Signalling,85.0,11.0,2025-07-31 06:00,2025-08-08 22:00,2025-08-08,498.3,0.453,False,True,False,True
SIG1548,SEC060,Signalling,79.7,8.3,2025-12-11 06:00,2025-12-26 22:00,2025-12-26,166.0,0.2,False,False,False,True
SIG1550,SEC051,Signalling,23.6,11.7,2025-03-11 06:00,2025-05-30 22:00,2025-05-30,301.9,0.258,False,False,False,True
SIG1551,SEC043,Signalling,37.2,7.8,2025-07-08 06:00,2025-09-03 22:00,2025-09-03,255.1,0.327,False,True,False,True
SIG1554,SEC040,Signalling,27.6,10.7,2025-06-15 06:00,2025-08-15 22:00,2025-08-15,258.9,0.242,False,True,False,True
SIG1555,SEC063,Signalling,94.4,4.4,2025-04-15 06:00,2025-04-20 22:00,2025-04-20,89.3,0.203,False,False,False,True
SIG1560,SEC050,Signalling,94.8,11.3,2025-03-23 06:00,2025-03-26 22:00,2025-03-26,226.0,0.2,False,True,False,True
SIG1561,SEC007,Signalling,42.8,7.5,2025-07-22 06:00,2025-09-02 22:00,2025-09-02,355.5,0.474,False,True,False,True
SIG1566,SEC058,Signalling,81.0,9.8,2025-07-15 06:00,2025-07-29 22:00,2025-07-29,267.5,0.273,False,False,False,False
SIG1569,SEC059,Signalling,60.0,8.1,2025-11-09 06:00,2025-12-04 22:00,2025-12-04,162.8,0.201,False,True,False,False
SIG1572,SEC057,Signalling,25.8,3.4,2025-10-02 06:00,2025-12-17 22:00,2025-12-17,118.0,0.347,False,False,False,True
SIG1573,SEC046,Signalling,80.7,3.2,2025-12-07 06:00,2025-12-22 22:00,2025-12-22,86.4,0.27,False,True,False,True
SIG1576,SEC057,Signalling,82.3,7.8,2025-03-22 06:00,2025-04-04 22:00,2025-04-04,270.7,0.347,False,False,False,True
SIG1577,SEC066,Signalling,81.4,5.7,2025-08-30 06:00,2025-09-11 22:00,2025-09-11,153.9,0.27,False,True,False,True
SIG1578,SEC014,Signalling,42.3,5.1,2025-10-21 06:00,2025-12-03 22:00,2025-12-03,231.5,0.454,False,True,False,True
SIG1582,SEC036,Signalling,25.3,10.7,2025-12-16 06:00,2026-03-16 22:00,2026-03-16,557.5,0.521,False,True,False,False
SIG1583,SEC060,Signalling,37.3,3.1,2025-01-04 06:00,2025-02-21 22:00,2025-02-21,62.0,0.2,False,False,False,False
SIG1584,SEC049,Signalling,63.0,8.5,2025-01-25 06:00,2025-02-14 22:00,2025-02-14,279.6,0.329,False,True,False,True
SIG1586,SEC067,Signalling,37.1,2.8,2025-10-26 06:00,2025-12-18 22:00,2025-12-18,72.2,0.258,False,True,False,True
SIG1588,SEC018,Signalling,83.1,4.5,2025-08-12 06:00,2025-08-26 22:00,2025-08-26,187.2,0.416,False,False,False,False
SIG1590,SEC056,Signalling,61.4,5.3,2025-08-01 06:00,2025-08-25 22:00,2025-08-25,151.0,0.285,False,False,False,True
SIG1595,SEC046,Signalling,41.9,1.0,2025-12-21 06:00,2026-01-22 22:00,2026-01-22,27.0,0.27,False,True,False,False
SIG1596,SEC020,Signalling,82.9,6.3,2025-10-12 06:00,2025-10-25 22:00,2025-10-25,241.9,0.384,False,False,False,True
SIG1599,SEC017,Signalling,44.8,3.4,2025-08-12 06:00,2025-09-08 22:00,2025-09-08,130.6,0.384,False,True,False,False
SIG1601,SEC050,Signalling,35.3,11.9,2025-11-15 06:00,2026-01-11 22:00,2026-01-11,238.0,0.2,False,False,False,True
SIG1602,SEC008,Signalling,33.0,6.2,2025-04-21 06:00,2025-06-11 22:00,2025-06-11,282.1,0.455,False,True,False,True
SIG1603,SEC036,Signalling,67.0,7.0,2025-06-01 06:00,2025-06-16 22:00,2025-06-16,364.7,0.521,False,True,False,True
SIG1605,SEC011,Signalling,46.3,8.5,2025-03-21 06:00,2025-04-17 22:00,2025-04-17,411.4,0.484,False,True,False,True
SIG1606,SEC033,Signalling,42.2,9.2,2025-03-12 06:00,2025-04-27 22:00,2025-04-27,452.6,0.492,False,False,False,True
SIG1608,SEC047,Signalling,94.2,6.8,2025-02-22 06:00,2025-02-28 22:00,2025-02-28,138.7,0.204,False,True,False,True
SIG1610,SEC066,Signalling,60.8,11.3,2025-02-12 06:00,2025-03-10 22:00,2025-03-10,305.1,0.27,False,True,False,False
SIG1612,SEC033,Signalling,65.9,6.5,2025-10-26 06:00,2025-11-13 22:00,2025-11-13,319.8,0.492,False,True,False,True
SIG1613,SEC067,Signalling,39.3,3.8,2025-11-25 06:00,2026-01-07 22:00,2026-01-07,98.0,0.258,False,True,False,False
SIG1615,SEC053,Signalling,81.1,2.4,2025-05-28 06:00,2025-06-09 22:00,2025-06-09,60.0,0.25,False,False,False,True
SIG1617,SEC068,Signalling,96.2,7.7,2025-08-23 06:00,2025-08-27 22:00,2025-08-27,235.6,0.306,False,True,False,True
SIG1618,SEC070,Signalling,35.8,11.6,2025-03-14 06:00,2025-05-10 22:00,2025-05-10,264.5,0.228,False,True,False,True
SIG1622,SEC063,Signalling,42.3,1.9,2025-06-05 06:00,2025-07-01 22:00,2025-07-01,38.6,0.203,False,False,False,True
SIG1623,SEC063,Signalling,80.2,9.9,2025-09-15 06:00,2025-09-28 22:00,2025-09-28,201.0,0.203,False,True,False,True
SIG1625,SEC005,Signalling,26.1,2.8,2025-10-02 06:00,2025-12-28 22:00,2025-12-28,147.8,0.528,False,False,False,False
SIG1628,SEC030,Signalling,39.1,2.0,2025-05-04 06:00,2025-06-27 22:00,2025-06-27,81.8,0.409,False,False,False,True
SIG1630,SEC017,Signalling,42.1,1.4,2025-09-20 06:00,2025-10-29 22:00,2025-10-29,53.8,0.384,False,True,False,True
SIG1631,SEC058,Signalling,63.3,5.5,2025-02-26 06:00,2025-03-13 22:00,2025-03-13,150.2,0.273,False,False,False,True
SIG1632,SEC010,Signalling,40.5,2.2,2025-12-01 06:00,2026-01-22 22:00,2026-01-22,103.0,0.468,False,True,False,True
SIG1633,SEC044,Signalling,61.3,6.7,2025-05-16 06:00,2025-06-14 22:00,2025-06-14,232.5,0.347,False,False,False,True
SIG1637,SEC056,Signalling,82.1,2.0,2025-11-19 06:00,2025-11-29 22:00,2025-11-29,57.0,0.285,False,True,False,True
SIG1639,SEC017,Signalling,83.8,6.3,2025-01-09 06:00,2025-01-18 22:00,2025-01-18,241.9,0.384,False,False,False,True
SIG1640,SEC043,Signalling,62.5,3.9,2025-12-12 06:00,2026-01-03 22:00,2026-01-03,127.5,0.327,False,False,False,True
SIG1647,SEC042,Signalling,63.1,6.6,2025-10-05 06:00,2025-10-22 22:00,2025-10-22,192.1,0.291,False,True,False,True
SIG1649,SEC027,Signalling,82.5,6.1,2025-02-01 06:00,2025-02-14 22:00,2025-02-14,217.8,0.357,False,True,False,False
SIG1650,SEC045,Signalling,23.5,8.2,2025-10-25 06:00,2026-01-15 22:00,2026-01-15,229.6,0.28,False,False,False,True
SIG1657,SEC058,Signalling,81.0,7.9,2025-08-23 06:00,2025-09-06 22:00,2025-09-06,215.7,0.273,False,False,False,True
SIG1661,SEC002,Signalling,63.4,8.1,2025-05-04 06:00,2025-05-23 22:00,2025-05-23,276.2,0.341,False,True,False,True
SIG1662,SEC073,Signalling,35.7,10.9,2025-01-30 06:00,2025-03-27 22:00,2025-03-27,226.7,0.208,False,True,False,True
SIG1663,SEC002,Signalling,63.8,10.4,2025-07-27 06:00,2025-08-13 22:00,2025-08-13,354.6,0.341,False,False,False,True
SIG1664,SEC055,Signalling,38.8,10.5,2025-08-26 06:00,2025-10-07 22:00,2025-10-07,221.6,0.211,False,True,False,False
SIG1665,SEC043,Signalling,64.1,3.7,2025-11-06 06:00,2025-11-21 22:00,2025-11-21,121.0,0.327,False,False,False,True
SIG1668,SEC010,Signalling,83.7,5.5,2025-02-21 06:00,2025-03-08 22:00,2025-03-08,257.4,0.468,False,False,False,True
SIG1674,SEC056,Signalling,82.7,7.5,2025-08-17 06:00,2025-08-24 22:00,2025-08-24,213.7,0.285,False,True,False,True
SIG1676,SEC055,Signalling,62.1,4.6,2025-08-06 06:00,2025-08-22 22:00,2025-08-22,97.1,0.211,False,True,False,True
SIG1677,SEC030,Signalling,63.1,5.7,2025-04-12 06:00,2025-05-07 22:00,2025-05-07,233.1,0.409,False,False,False,False
SIG1678,SEC005,Signalling,98.9,4.4,2025-05-04 06:00,2025-05-11 22:00,2025-05-11,232.3,0.528,False,True,False,True
SIG1681,SEC067,Signalling,60.1,2.8,2025-05-23 06:00,2025-06-20 22:00,2025-06-20,72.2,0.258,False,True,False,True
SIG1684,SEC067,Signalling,60.1,2.3,2025-05-19 06:00,2025-06-16 22:00,2025-06-16,59.3,0.258,False,False,False,True
SIG1688,SEC049,Signalling,39.5,5.0,2025-07-03 06:00,2025-08-19 22:00,2025-08-19,164.5,0.329,False,True,False,True
SIG1690,SEC043,Signalling,61.8,10.6,2025-04-02 06:00,2025-04-27 22:00,2025-04-27,346.6,0.327,False,True,False,True
SIG1692,SEC009,Signalling,32.7,2.4,2025-12-07 06:00,2026-01-26 22:00,2026-01-26,100.3,0.418,False,False,False,False
SIG1694,SEC002,Signalling,62.9,11.1,2025-03-18 06:00,2025-04-08 22:00,2025-04-08,378.5,0.341,False,False,False,True
SIG1698,SEC017,Signalling,62.9,7.2,2025-12-19 06:00,2026-01-12 22:00,2026-01-12,276.5,0.384,False,False,False,False
SIG1699,SEC009,Signalling,43.7,5.1,2025-04-21 06:00,2025-05-25 22:00,2025-05-25,213.2,0.418,False,False,False,True
SIG1701,SEC024,Signalling,64.7,9.7,2025-08-31 06:00,2025-09-18 22:00,2025-09-18,400.6,0.413,False,False,False,True
SIG1703,SEC002,Signalling,60.9,1.3,2025-12-20 06:00,2026-01-19 22:00,2026-01-19,44.3,0.341,False,True,False,False
SIG1704,SEC025,Signalling,66.0,7.0,2025-12-04 06:00,2025-12-21 22:00,2025-12-21,337.4,0.482,False,True,False,True
SIG1705,SEC072,Signalling,60.5,6.6,2025-05-28 06:00,2025-06-22 22:00,2025-06-22,158.4,0.24,False,False,False,True
SIG1713,SEC007,Signalling,84.7,8.3,2025-01-08 06:00,2025-01-19 22:00,2025-01-19,393.4,0.474,False,False,False,False
SIG1714,SEC059,Signalling,61.3,10.4,2025-02-26 06:00,2025-03-17 22:00,2025-03-17,209.0,0.201,False,True,False,False
SIG1717,SEC057,Signalling,63.5,3.2,2025-04-15 06:00,2025-05-04 22:00,2025-05-04,111.0,0.347,False,False,False,False
SIG1720,SEC013,Signalling,39.2,10.6,2025-03-04 06:00,2025-05-01 22:00,2025-05-01,503.5,0.475,False,True,False,True
SIG1721,SEC056,Signalling,40.4,8.7,2025-05-19 06:00,2025-06-28 22:00,2025-06-28,247.9,0.285,False,True,False,False
SIG1722,SEC037,Signalling,85.0,3.0,2025-05-09 06:00,2025-05-20 22:00,2025-05-20,149.4,0.498,False,False,False,True
SIG1723,SEC074,Signalling,95.2,5.8,2025-03-20 06:00,2025-03-24 22:00,2025-03-24,139.2,0.24,False,True,False,True
SIG1725,SEC048,Signalling,81.5,10.9,2025-05-12 06:00,2025-05-25 22:00,2025-05-25,319.4,0.293,False,False,False,True
SIG1726,SEC030,Signalling,39.1,6.1,2025-01-17 06:00,2025-03-12 22:00,2025-03-12,249.5,0.409,False,True,False,True
SIG1731,SEC026,Signalling,44.5,4.7,2025-01-26 06:00,2025-03-04 22:00,2025-03-04,242.5,0.516,False,False,False,True
SIG1732,SEC071,Signalling,60.9,10.6,2025-09-20 06:00,2025-10-12 22:00,2025-10-12,235.3,0.222,False,False,False,True
SIG1738,SEC073,Signalling,81.3,8.0,2025-07-09 06:00,2025-07-17 22:00,2025-07-17,166.4,0.208,False,True,False,True
SIG1739,SEC051,Signalling,42.9,1.2,2025-01-24 06:00,2025-02-20 22:00,2025-02-20,31.0,0.258,False,False,False,True
SIG1741,SEC043,Signalling,96.7,9.9,2025-02-04 06:00,2025-02-07 22:00,2025-02-07,323.7,0.327,False,True,False,True
SIG1745,SEC075,Signalling,80.8,6.4,2025-01-11 06:00,2025-01-21 22:00,2025-01-21,128.0,0.2,False,True,False,False
SIG1747,SEC023,Signalling,42.0,8.4,2025-09-15 06:00,2025-10-29 22:00,2025-10-29,380.5,0.453,False,True,False,True
SIG1749,SEC003,Signalling,40.2,10.0,2025-10-06 06:00,2025-11-30 22:00,2025-11-30,492.0,0.492,False,True,False,True
SIG1751,SEC010,Signalling,66.0,1.5,2025-05-10 06:00,2025-05-26 22:00,2025-05-26,70.2,0.468,False,False,False,False
SIG1753,SEC032,Signalling,62.6,7.6,2025-01-24 06:00,2025-02-16 22:00,2025-02-16,265.2,0.349,False,False,False,False
SIG1754,SEC005,Signalling,86.1,4.0,2025-08-29 06:00,2025-09-06 22:00,2025-09-06,211.2,0.528,False,True,False,True
SIG1755,SEC039,Signalling,30.9,7.2,2025-03-21 06:00,2025-05-14 22:00,2025-05-14,258.5,0.359,False,True,False,True
SIG1757,SEC043,Signalling,63.6,2.9,2025-08-19 06:00,2025-09-05 22:00,2025-09-05,94.8,0.327,False,True,False,True
SIG1760,SEC009,Signalling,63.9,9.0,2025-09-29 06:00,2025-10-21 22:00,2025-10-21,376.2,0.418,False,True,False,True
SIG1762,SEC051,Signalling,62.8,11.1,2025-05-12 06:00,2025-05-28 22:00,2025-05-28,286.4,0.258,False,True,False,True
SIG1765,SEC072,Signalling,80.7,8.9,2025-08-29 06:00,2025-09-11 22:00,2025-09-11,213.6,0.24,False,False,False,True
SIG1766,SEC070,Signalling,61.7,5.9,2025-07-28 06:00,2025-08-16 22:00,2025-08-16,134.5,0.228,False,True,False,True
SIG1770,SEC061,Signalling,80.2,3.2,2025-12-12 06:00,2025-12-25 22:00,2025-12-25,65.9,0.206,False,False,False,True
SIG1773,SEC031,Signalling,83.2,8.5,2025-02-19 06:00,2025-03-04 22:00,2025-03-04,344.2,0.405,False,True,False,False
SIG1774,SEC052,Signalling,60.2,5.3,2025-04-01 06:00,2025-04-25 22:00,2025-04-25,106.0,0.2,False,True,False,False
SIG1778,SEC057,Signalling,96.8,3.6,2025-02-26 06:00,2025-03-02 22:00,2025-03-02,124.9,0.347,False,True,False,True
SIG1779,SEC024,Signalling,29.9,8.0,2025-03-27 06:00,2025-05-28 22:00,2025-05-28,330.4,0.413,False,False,False,True
SIG1781,SEC012,Signalling,64.3,6.4,2025-03-12 06:00,2025-03-31 22:00,2025-03-31,258.6,0.404,False,True,False,True
SIG1782,SEC038,Signalling,97.3,6.1,2025-05-06 06:00,2025-05-12 22:00,2025-05-12,250.7,0.411,False,True,False,True
SIG1784,SEC064,Signalling,63.1,1.4,2025-02-27 06:00,2025-03-13 22:00,2025-03-13,34.3,0.245,False,True,False,False
SIG1785,SEC049,Signalling,95.9,8.9,2025-02-04 06:00,2025-02-11 22:00,2025-02-11,292.8,0.329,False,True,False,True
SIG1786,SEC021,Signalling,83.2,4.9,2025-02-09 06:00,2025-02-24 22:00,2025-02-24,213.6,0.436,False,True,False,True
SIG1787,SEC019,Signalling,84.9,10.8,2025-08-08 06:00,2025-08-19 22:00,2025-08-19,527.0,0.488,False,True,False,False
SIG1788,SEC011,Signalling,98.2,6.6,2025-07-19 06:00,2025-07-26 22:00,2025-07-26,319.4,0.484,False,True,False,True
SIG1789,SEC013,Signalling,84.5,2.0,2025-10-14 06:00,2025-10-26 22:00,2025-10-26,95.0,0.475,False,False,False,True
SIG1790,SEC067,Signalling,95.7,8.0,2025-01-27 06:00,2025-01-30 22:00,2025-01-30,206.4,0.258,False,False,False,True
SIG1792,SEC065,Signalling,37.5,9.3,2025-11-02 06:00,2025-12-25 22:00,2025-12-25,266.9,0.287,False,True,False,True
SIG1793,SEC042,Signalling,81.9,1.2,2025-10-30 06:00,2025-11-10 22:00,2025-11-10,34.9,0.291,False,False,False,True
SIG1795,SEC017,Signalling,38.1,4.8,2025-06-12 06:00,2025-08-08 22:00,2025-08-08,184.3,0.384,False,True,False,True
SIG1797,SEC066,Signalling,60.1,10.9,2025-11-21 06:00,2025-12-20 22:00,2025-12-20,294.3,0.27,False,True,False,True
SIG1803,SEC011,Signalling,66.0,6.0,2025-03-04 06:00,2025-03-21 22:00,2025-03-21,290.4,0.484,False,True,False,True
SIG1806,SEC052,Signalling,27.4,8.8,2025-05-29 06:00,2025-07-27 22:00,2025-07-27,176.0,0.2,False,True,False,True
SIG1808,SEC071,Signalling,94.3,10.0,2025-07-08 06:00,2025-07-15 22:00,2025-07-15,222.0,0.222,False,False,False,True
SIG1814,SEC062,Signalling,34.9,7.8,2025-05-28 06:00,2025-07-26 22:00,2025-07-26,156.0,0.2,False,True,False,True
SIG1815,SEC068,Signalling,62.4,6.8,2025-08-02 06:00,2025-08-23 22:00,2025-08-23,208.1,0.306,False,True,False,True
SIG1816,SEC023,Signalling,38.9,4.0,2025-09-27 06:00,2025-11-24 22:00,2025-11-24,181.2,0.453,False,False,False,True
SIG1819,SEC063,Signalling,59.1,11.6,2025-05-08 06:00,2025-06-06 22:00,2025-06-06,235.5,0.203,False,True,False,False
SIG1822,SEC006,Signalling,66.7,1.7,2025-02-12 06:00,2025-02-27 22:00,2025-02-27,85.2,0.501,False,False,False,True
SIG1824,SEC028,Signalling,39.5,2.8,2025-08-10 06:00,2025-10-09 22:00,2025-10-09,145.3,0.519,False,False,False,True
SIG1827,SEC049,Signalling,61.9,11.5,2025-11-16 06:00,2025-12-11 22:00,2025-12-11,378.3,0.329,False,True,False,True
SIG1828,SEC047,Signalling,40.7,1.5,2025-11-01 06:00,2025-12-04 22:00,2025-12-04,30.6,0.204,False,False,False,True
SIG1831,SEC071,Signalling,81.8,3.0,2025-01-26 06:00,2025-02-02 22:00,2025-02-02,66.6,0.222,False,True,False,True
SIG1832,SEC016,Signalling,83.9,6.0,2025-07-23 06:00,2025-08-03 22:00,2025-08-03,254.4,0.424,False,False,False,True
SIG1833,SEC026,Signalling,65.1,1.3,2025-04-20 06:00,2025-05-13 22:00,2025-05-13,67.1,0.516,False,False,False,True
SIG1834,SEC063,Signalling,35.2,2.1,2025-03-02 06:00,2025-04-29 22:00,2025-04-29,42.6,0.203,False,False,False,True
SIG1835,SEC065,Signalling,62.4,9.2,2025-03-25 06:00,2025-04-14 22:00,2025-04-14,264.0,0.287,False,False,False,True
SIG1837,SEC066,Signalling,40.8,10.1,2025-05-26 06:00,2025-07-02 22:00,2025-07-02,272.7,0.27,False,False,False,True
SIG1843,SEC002,Signalling,61.4,11.5,2025-06-17 06:00,2025-07-15 22:00,2025-07-15,392.2,0.341,False,True,False,False
SIG1844,SEC002,Signalling,64.5,4.3,2025-02-25 06:00,2025-03-11 22:00,2025-03-11,146.6,0.341,False,True,False,True
SIG1845,SEC061,Signalling,60.5,1.3,2025-11-13 06:00,2025-12-06 22:00,2025-12-06,26.8,0.206,False,False,False,True
SIG1846,SEC045,Signalling,95.1,3.5,2025-08-08 06:00,2025-08-15 22:00,2025-08-15,98.0,0.28,False,True,False,True
SIG1849,SEC048,Signalling,39.8,3.4,2025-12-20 06:00,2026-02-01 22:00,2026-02-01,99.6,0.293,False,True,False,True
SIG1854,SEC014,Signalling,98.2,9.7,2025-06-18 06:00,2025-06-23 22:00,2025-06-23,440.4,0.454,False,False,False,True
SIG1856,SEC030,Signalling,97.1,6.0,2025-09-06 06:00,2025-09-13 22:00,2025-09-13,245.4,0.409,False,False,False,True
SIG1858,SEC037,Signalling,41.4,9.2,2025-08-25 06:00,2025-10-14 22:00,2025-10-14,458.2,0.498,False,True,False,False
SIG1860,SEC036,Signalling,64.5,2.4,2025-06-14 06:00,2025-07-10 22:00,2025-07-10,125.0,0.521,False,True,False,False
SIG1862,SEC021,Signalling,84.3,4.6,2025-03-30 06:00,2025-04-09 22:00,2025-04-09,200.6,0.436,False,True,False,True
SIG1863,SEC032,Signalling,36.9,10.3,2025-01-10 06:00,2025-03-11 22:00,2025-03-11,359.5,0.349,False,False,False,True
SIG1865,SEC030,Signalling,63.1,7.8,2025-02-11 06:00,2025-03-08 22:00,2025-03-08,319.0,0.409,False,True,False,True
SIG1866,SEC021,Signalling,97.5,4.1,2025-08-01 06:00,2025-08-08 22:00,2025-08-08,178.8,0.436,False,False,False,True
SIG1874,SEC024,Signalling,42.8,5.4,2025-11-29 06:00,2026-01-06 22:00,2026-01-06,223.0,0.413,False,True,False,True
SIG1875,SEC063,Signalling,41.6,8.0,2025-03-10 06:00,2025-04-08 22:00,2025-04-08,162.4,0.203,False,True,False,True
SIG1877,SEC059,Signalling,59.5,9.5,2025-02-25 06:00,2025-03-24 22:00,2025-03-24,191.0,0.201,False,False,False,True
SIG1884,SEC037,Signalling,65.5,3.2,2025-07-05 06:00,2025-07-25 22:00,2025-07-25,159.4,0.498,False,False,False,True
SIG1888,SEC075,Signalling,59.1,2.6,2025-10-14 06:00,2025-11-12 22:00,2025-11-12,52.0,0.2,False,True,False,True
SIG1891,SEC034,Signalling,38.5,10.2,2025-08-14 06:00,2025-10-05 22:00,2025-10-05,345.8,0.339,False,True,False,True
SIG1892,SEC034,Signalling,61.6,7.8,2025-04-21 06:00,2025-05-18 22:00,2025-05-18,264.4,0.339,False,False,False,True
SIG1896,SEC052,Signalling,26.7,7.3,2025-11-23 06:00,2026-01-24 22:00,2026-01-24,146.0,0.2,False,True,False,False
SIG1897,SEC003,Signalling,63.9,9.4,2025-09-17 06:00,2025-10-14 22:00,2025-10-14,462.5,0.492,False,False,False,True
SIG1901,SEC060,Signalling,94.8,3.0,2025-09-21 06:00,2025-09-24 22:00,2025-09-24,60.0,0.2,False,True,False,True
SIG1902,SEC009,Signalling,63.0,5.3,2025-06-18 06:00,2025-07-14 22:00,2025-07-14,221.5,0.418,False,True,False,True
SIG1906,SEC055,Signalling,80.9,8.2,2025-07-07 06:00,2025-07-17 22:00,2025-07-17,173.0,0.211,False,False,False,True
SIG1907,SEC060,Signalling,41.6,7.9,2025-01-09 06:00,2025-02-07 22:00,2025-02-07,158.0,0.2,False,True,False,False
SIG1908,SEC016,Signalling,84.1,2.4,2025-04-16 06:00,2025-04-26 22:00,2025-04-26,101.8,0.424,False,True,False,False
SIG1910,SEC044,Signalling,63.5,8.6,2025-09-05 06:00,2025-09-24 22:00,2025-09-24,298.4,0.347,False,True,False,True
SIG1912,SEC075,Signalling,58.8,4.2,2025-09-13 06:00,2025-10-13 22:00,2025-10-13,84.0,0.2,False,True,False,True
SIG1913,SEC068,Signalling,82.8,11.5,2025-05-04 06:00,2025-05-12 22:00,2025-05-12,351.9,0.306,False,True,False,False
SIG1915,SEC008,Signalling,62.7,9.3,2025-01-17 06:00,2025-02-16 22:00,2025-02-16,423.2,0.455,False,False,False,True
SIG1916,SEC010,Signalling,84.4,3.9,2025-06-24 06:00,2025-07-06 22:00,2025-07-06,182.5,0.468,False,False,False,True
SIG1918,SEC044,Signalling,81.9,7.8,2025-08-23 06:00,2025-09-07 22:00,2025-09-07,270.7,0.347,False,True,False,True
SIG1919,SEC015,Signalling,63.2,3.1,2025-01-25 06:00,2025-02-21 22:00,2025-02-21,139.5,0.45,False,False,False,False
SIG1920,SEC070,Signalling,59.7,10.4,2025-11-12 06:00,2025-12-10 22:00,2025-12-10,237.1,0.228,False,True,False,True
SIG1922,SEC061,Signalling,60.5,11.3,2025-05-06 06:00,2025-05-29 22:00,2025-05-29,232.8,0.206,False,False,False,False
SIG1926,SEC073,Signalling,81.6,4.9,2025-01-23 06:00,2025-01-30 22:00,2025-01-30,101.9,0.208,False,True,False,True
SIG1930,SEC014,Signalling,66.0,11.2,2025-12-13 06:00,2025-12-28 22:00,2025-12-28,508.5,0.454,False,True,False,True
SIG1931,SEC020,Signalling,63.1,5.6,2025-06-16 06:00,2025-07-09 22:00,2025-07-09,215.0,0.384,False,True,False,False
SIG1932,SEC044,Signalling,96.4,5.1,2025-01-11 06:00,2025-01-17 22:00,2025-01-17,177.0,0.347,False,True,False,False
SIG1934,SEC058,Signalling,95.7,2.9,2025-09-06 06:00,2025-09-10 22:00,2025-09-10,79.2,0.273,False,False,False,True
SIG1936,SEC021,Signalling,65.5,8.2,2025-11-30 06:00,2025-12-16 22:00,2025-12-16,357.5,0.436,False,True,False,True
SIG1939,SEC064,Signalling,62.0,12.0,2025-10-23 06:00,2025-11-11 22:00,2025-11-11,294.0,0.245,False,False,False,True
SIG1941,SEC074,Signalling,94.5,9.2,2025-03-23 06:00,2025-03-30 22:00,2025-03-30,220.8,0.24,False,False,False,True
SIG1944,SEC031,Signalling,83.4,11.8,2025-07-01 06:00,2025-07-13 22:00,2025-07-13,477.9,0.405,False,True,False,True
SIG1947,SEC031,Signalling,38.4,3.8,2025-12-14 06:00,2026-02-09 22:00,2026-02-09,153.9,0.405,False,False,False,True
SIG1948,SEC052,Signalling,61.3,1.7,2025-07-29 06:00,2025-08-17 22:00,2025-08-17,34.0,0.2,False,True,False,True
SIG1949,SEC001,Signalling,98.2,1.8,2025-06-26 06:00,2025-06-29 22:00,2025-06-29,76.7,0.426,False,True,False,False
SIG1950,SEC005,Signalling,67.1,10.8,2025-08-27 06:00,2025-09-11 22:00,2025-09-11,570.2,0.528,False,True,False,True
SIG1951,SEC042,Signalling,43.4,3.8,2025-05-25 06:00,2025-06-21 22:00,2025-06-21,110.6,0.291,False,True,False,True
SIG1952,SEC033,Signalling,98.8,8.2,2025-09-05 06:00,2025-09-10 22:00,2025-09-10,403.4,0.492,False,False,False,True
SIG1955,SEC051,Signalling,80.5,3.4,2025-07-31 06:00,2025-08-15 22:00,2025-08-15,87.7,0.258,False,False,False,False
SIG1960,SEC070,Signalling,59.3,6.0,2025-11-14 06:00,2025-12-14 22:00,2025-12-14,136.8,0.228,False,False,False,False
SIG1965,SEC040,Signalling,37.3,11.9,2025-06-22 06:00,2025-08-12 22:00,2025-08-12,288.0,0.242,False,True,False,True
SIG1966,SEC032,Signalling,39.8,5.5,2025-12-09 06:00,2026-01-25 22:00,2026-01-25,192.0,0.349,False,False,False,True
SIG1967,SEC045,Signalling,42.5,1.9,2025-10-13 06:00,2025-11-12 22:00,2025-11-12,53.2,0.28,False,False,False,False
SIG1969,SEC055,Signalling,39.1,5.2,2025-04-02 06:00,2025-05-13 22:00,2025-05-13,109.7,0.211,False,False,False,True
SIG1972,SEC036,Signalling,65.0,9.6,2025-08-20 06:00,2025-09-13 22:00,2025-09-13,500.2,0.521,False,True,False,True
SIG1976,SEC012,Signalling,62.3,8.7,2025-10-03 06:00,2025-10-31 22:00,2025-10-31,351.5,0.404,False,True,False,True
SIG1977,SEC046,Signalling,61.0,5.2,2025-05-09 06:00,2025-06-03 22:00,2025-06-03,140.4,0.27,False,False,False,True
SIG1979,SEC062,Signalling,35.3,1.1,2025-10-31 06:00,2025-12-27 22:00,2025-12-27,22.0,0.2,False,True,False,True
SIG1980,SEC019,Signalling,35.9,9.3,2025-02-17 06:00,2025-03-29 22:00,2025-03-29,453.8,0.488,False,True,False,True
SIG1981,SEC002,Signalling,96.9,10.0,2025-04-08 06:00,2025-04-11 22:00,2025-04-11,341.0,0.341,False,True,False,True
SIG1992,SEC064,Signalling,95.5,5.2,2025-10-20 06:00,2025-10-23 22:00,2025-10-23,127.4,0.245,False,False,False,True
SIG1993,SEC011,Signalling,63.5,4.8,2025-04-12 06:00,2025-05-10 22:00,2025-05-10,232.3,0.484,False,True,False,False
SIG1995,SEC009,Signalling,43.5,10.0,2025-09-20 06:00,2025-10-25 22:00,2025-10-25,418.0,0.418,False,True,False,True
SIG1996,SEC017,Signalling,64.0,2.1,2025-01-02 06:00,2025-01-21 22:00,2025-01-21,80.6,0.384,False,True,False,True
SIG1997,SEC021,Signalling,62.8,10.5,2025-12-05 06:00,2026-01-02 22:00,2026-01-02,457.8,0.436,False,True,False,False
SIG1998,SEC021,Signalling,85.0,11.8,2025-05-26 06:00,2025-06-02 22:00,2025-06-02,514.5,0.436,False,False,False,True
SIG2003,SEC013,Signalling,84.9,4.2,2025-03-09 06:00,2025-03-19 22:00,2025-03-19,199.5,0.475,False,True,False,True
SIG2004,SEC050,Signalling,24.1,7.7,2025-11-27 06:00,2026-02-09 22:00,2026-02-09,154.0,0.2,False,False,False,True
SIG2006,SEC021,Signalling,63.7,9.7,2025-04-14 06:00,2025-05-08 22:00,2025-05-08,422.9,0.436,False,True,False,True
SIG2007,SEC036,Signalling,36.2,4.4,2025-02-17 06:00,2025-03-30 22:00,2025-03-30,229.2,0.521,False,False,False,True
SIG2011,SEC024,Signalling,83.5,4.8,2025-06-14 06:00,2025-06-26 22:00,2025-06-26,198.2,0.413,False,False,False,True
SIG2013,SEC022,Signalling,64.6,7.1,2025-03-02 06:00,2025-03-19 22:00,2025-03-19,276.9,0.39,False,True,False,True
SIG2015,SEC029,Signalling,65.3,6.3,2025-12-03 06:00,2025-12-25 22:00,2025-12-25,322.6,0.512,False,True,False,True
SIG2018,SEC024,Signalling,41.9,1.1,2025-07-01 06:00,2025-08-12 22:00,2025-08-12,45.4,0.413,False,True,False,True
SIG2019,SEC004,Signalling,62.4,3.8,2025-07-23 06:00,2025-08-22 22:00,2025-08-22,165.3,0.435,False,False,False,True
SIG2021,SEC021,Signalling,41.8,5.8,2025-10-31 06:00,2025-12-14 22:00,2025-12-14,252.9,0.436,False,True,False,True
SIG2022,SEC047,Signalling,80.2,2.8,2025-01-13 06:00,2025-01-26 22:00,2025-01-26,57.1,0.204,False,False,False,False
SIG2023,SEC046,Signalling,61.0,1.3,2025-08-28 06:00,2025-09-22 22:00,2025-09-22,35.1,0.27,False,True,False,False
SIG2024,SEC075,Signalling,37.3,1.2,2025-05-22 06:00,2025-07-09 22:00,2025-07-09,24.0,0.2,False,True,False,False
SIG2025,SEC006,Signalling,85.5,4.9,2025-06-16 06:00,2025-06-25 22:00,2025-06-25,245.5,0.501,False,True,False,True
SIG2028,SEC075,Signalling,61.7,1.9,2025-08-31 06:00,2025-09-17 22:00,2025-09-17,38.0,0.2,False,False,False,True
SIG2030,SEC056,Signalling,81.2,9.6,2025-02-14 06:00,2025-02-28 22:00,2025-02-28,273.6,0.285,False,True,False,True
SIG2032,SEC016,Signalling,64.4,5.6,2025-11-15 06:00,2025-12-05 22:00,2025-12-05,237.4,0.424,False,True,False,True
SIG2037,SEC071,Signalling,60.1,3.9,2025-03-23 06:00,2025-04-18 22:00,2025-04-18,86.6,0.222,False,True,False,True
SIG2039,SEC071,Signalling,37.4,8.8,2025-03-09 06:00,2025-04-27 22:00,2025-04-27,195.4,0.222,False,False,False,True
SIG2041,SEC061,Signalling,30.8,5.7,2025-11-18 06:00,2026-01-01 22:00,2026-01-01,117.4,0.206,False,True,False,True
SIG2042,SEC031,Signalling,62.8,1.8,2025-09-28 06:00,2025-10-24 22:00,2025-10-24,72.9,0.405,False,True,False,True
SIG2043,SEC062,Signalling,62.4,10.4,2025-04-27 06:00,2025-05-11 22:00,2025-05-11,208.0,0.2,False,True,False,True
SIG2046,SEC030,Signalling,84.1,9.4,2025-03-28 06:00,2025-04-06 22:00,2025-04-06,384.5,0.409,False,True,False,True
SIG2047,SEC039,Signalling,64.3,10.3,2025-02-19 06:00,2025-03-07 22:00,2025-03-07,369.8,0.359,False,False,False,True
SIG2049,SEC048,Signalling,63.1,4.9,2025-10-21 06:00,2025-11-07 22:00,2025-11-07,143.6,0.293,False,True,False,True
SIG2051,SEC009,Signalling,41.7,6.8,2025-01-31 06:00,2025-03-15 22:00,2025-03-15,284.2,0.418,False,True,False,True
SIG2053,SEC053,Signalling,81.8,8.0,2025-10-21 06:00,2025-10-30 22:00,2025-10-30,200.0,0.25,False,True,False,True
SIG2054,SEC057,Signalling,81.9,4.9,2025-05-06 06:00,2025-05-21 22:00,2025-05-21,170.0,0.347,False,False,False,False
SIG2057,SEC038,Signalling,64.4,3.3,2025-05-10 06:00,2025-05-29 22:00,2025-05-29,135.6,0.411,False,True,False,True
SIG2061,SEC025,Signalling,98.2,7.1,2025-12-06 06:00,2025-12-13 22:00,2025-12-13,342.2,0.482,False,False,False,True
SIG2062,SEC052,Signalling,60.4,3.8,2025-10-09 06:00,2025-11-01 22:00,2025-11-01,76.0,0.2,False,True,False,True
SIG2063,SEC004,Signalling,83.2,3.9,2025-11-22 06:00,2025-12-07 22:00,2025-12-07,169.6,0.435,False,True,False,True
SIG2066,SEC073,Signalling,81.3,9.0,2025-12-16 06:00,2025-12-24 22:00,2025-12-24,187.2,0.208,False,True,False,True
SIG2067,SEC058,Signalling,81.0,8.5,2025-12-03 06:00,2025-12-17 22:00,2025-12-17,232.0,0.273,False,True,False,True
SIG2068,SEC036,Signalling,65.0,11.9,2025-08-18 06:00,2025-09-11 22:00,2025-09-11,620.0,0.521,False,True,False,True
SIG2069,SEC073,Signalling,94.5,4.3,2025-11-14 06:00,2025-11-19 22:00,2025-11-19,89.4,0.208,False,True,False,True
SIG2070,SEC063,Signalling,41.2,5.1,2025-02-17 06:00,2025-03-20 22:00,2025-03-20,103.5,0.203,False,False,False,True
SIG2071,SEC055,Signalling,61.4,3.3,2025-06-04 06:00,2025-06-23 22:00,2025-06-23,69.6,0.211,False,False,False,True
SIG2072,SEC017,Signalling,26.6,10.3,2025-07-24 06:00,2025-10-07 22:00,2025-10-07,395.5,0.384,False,True,False,True
SIG2073,SEC011,Signalling,46.5,10.7,2025-02-07 06:00,2025-03-05 22:00,2025-03-05,517.9,0.484,False,True,False,True
SIG2077,SEC014,Signalling,31.6,7.1,2025-05-04 06:00,2025-06-30 22:00,2025-06-30,322.3,0.454,False,True,False,True
SIG2079,SEC023,Signalling,84.4,3.3,2025-03-12 06:00,2025-03-23 22:00,2025-03-23,149.5,0.453,False,True,False,True
SIG2082,SEC075,Signalling,39.3,2.1,2025-03-02 06:00,2025-04-10 22:00,2025-04-10,42.0,0.2,False,True,False,False
SIG2087,SEC066,Signalling,60.6,7.0,2025-04-13 06:00,2025-05-10 22:00,2025-05-10,189.0,0.27,False,False,False,True
SIG2088,SEC052,Signalling,40.7,3.5,2025-04-18 06:00,2025-05-21 22:00,2025-05-21,70.0,0.2,False,False,False,True
SIG2089,SEC018,Signalling,84.7,10.9,2025-06-14 06:00,2025-06-21 22:00,2025-06-21,453.4,0.416,False,False,False,True
SIG2090,SEC059,Signalling,27.0,10.4,2025-09-30 06:00,2025-11-30 22:00,2025-11-30,209.0,0.201,False,True,False,False
SIG2092,SEC046,Signalling,37.7,11.0,2025-09-25 06:00,2025-11-15 22:00,2025-11-15,297.0,0.27,False,False,False,True
SIG2094,SEC050,Signalling,79.9,9.5,2025-03-22 06:00,2025-04-05 22:00,2025-04-05,190.0,0.2,False,False,False,False
SIG2096,SEC024,Signalling,62.5,10.8,2025-04-08 06:00,2025-05-06 22:00,2025-05-06,446.0,0.413,False,True,False,True
SIG2100,SEC019,Signalling,84.2,7.1,2025-11-25 06:00,2025-12-09 22:00,2025-12-09,346.5,0.488,False,True,False,True
SIG2101,SEC055,Signalling,41.3,11.7,2025-07-24 06:00,2025-08-24 22:00,2025-08-24,246.9,0.211,False,True,False,True
SIG2102,SEC012,Signalling,31.8,4.7,2025-10-02 06:00,2025-11-24 22:00,2025-11-24,189.9,0.404,False,False,False,True
SIG2103,SEC006,Signalling,99.1,7.1,2025-09-24 06:00,2025-09-28 22:00,2025-09-28,355.7,0.501,False,False,False,True
SIG2104,SEC036,Signalling,64.1,4.4,2025-02-24 06:00,2025-03-24 22:00,2025-03-24,229.2,0.521,False,True,False,True
SIG2107,SEC051,Signalling,35.5,5.7,2025-07-21 06:00,2025-09-19 22:00,2025-09-19,147.1,0.258,False,True,False,True
SIG2108,SEC027,Signalling,63.4,7.8,2025-03-07 06:00,2025-03-27 22:00,2025-03-27,278.5,0.357,False,False,False,True
SIG2109,SEC075,Signalling,41.8,2.9,2025-03-29 06:00,2025-04-26 22:00,2025-04-26,58.0,0.2,False,True,False,True
SIG2110,SEC004,Signalling,34.5,5.1,2025-04-18 06:00,2025-05-31 22:00,2025-05-31,221.8,0.435,False,True,False,False
SIG2111,SEC018,Signalling,45.2,5.1,2025-03-22 06:00,2025-04-18 22:00,2025-04-18,212.2,0.416,False,True,False,True
SIG2112,SEC019,Signalling,98.5,9.5,2025-01-10 06:00,2025-01-16 22:00,2025-01-16,463.6,0.488,False,True,False,False
SIG2116,SEC009,Signalling,31.5,11.8,2025-03-13 06:00,2025-05-07 22:00,2025-05-07,493.2,0.418,False,False,False,True
SIG2119,SEC032,Signalling,44.0,5.7,2025-09-05 06:00,2025-10-03 22:00,2025-10-03,198.9,0.349,False,True,False,True
SIG2121,SEC063,Signalling,24.8,5.1,2025-07-05 06:00,2025-09-14 22:00,2025-09-14,103.5,0.203,False,True,False,True
SIG2122,SEC073,Signalling,60.1,2.9,2025-09-25 06:00,2025-10-20 22:00,2025-10-20,60.3,0.208,False,True,False,True
SIG2123,SEC073,Signalling,22.2,3.9,2025-03-30 06:00,2025-06-21 22:00,2025-06-21,81.1,0.208,False,True,False,True
SIG2124,SEC005,Signalling,40.9,3.4,2025-09-28 06:00,2025-11-21 22:00,2025-11-21,179.5,0.528,False,True,False,True
SIG2125,SEC023,Signalling,64.4,7.2,2025-12-10 06:00,2026-01-01 22:00,2026-01-01,326.2,0.453,False,False,False,False
SIG2126,SEC044,Signalling,61.7,11.0,2025-11-03 06:00,2025-11-30 22:00,2025-11-30,381.7,0.347,False,True,False,True
SIG2130,SEC004,Signalling,84.5,5.4,2025-01-31 06:00,2025-02-09 22:00,2025-02-09,234.9,0.435,False,True,False,True
SIG2132,SEC020,Signalling,25.9,1.2,2025-12-14 06:00,2026-03-02 22:00,2026-03-02,46.1,0.384,False,True,False,False
SIG2133,SEC019,Signalling,66.0,5.1,2025-10-24 06:00,2025-11-10 22:00,2025-11-10,248.9,0.488,False,False,False,True
SIG2134,SEC005,Signalling,64.2,1.9,2025-05-27 06:00,2025-06-24 22:00,2025-06-24,100.3,0.528,False,False,False,True
SIG2137,SEC061,Signalling,60.0,1.5,2025-03-17 06:00,2025-04-11 22:00,2025-04-11,30.9,0.206,False,True,False,True
SIG2141,SEC001,Signalling,65.1,6.4,2025-05-01 06:00,2025-05-18 22:00,2025-05-18,272.6,0.426,False,False,False,False
SIG2142,SEC058,Signalling,82.1,2.4,2025-02-25 06:00,2025-03-06 22:00,2025-03-06,65.5,0.273,False,False,False,True
SIG2145,SEC056,Signalling,42.2,1.0,2025-01-14 06:00,2025-02-15 22:00,2025-02-15,28.5,0.285,False,False,False,True
SIG2146,SEC003,Signalling,66.8,9.7,2025-11-27 06:00,2025-12-11 22:00,2025-12-11,477.2,0.492,False,True,False,True
SIG2149,SEC015,Signalling,44.6,8.8,2025-09-27 06:00,2025-10-29 22:00,2025-10-29,396.0,0.45,False,False,False,True
SIG2152,SEC041,Signalling,79.8,11.7,2025-06-24 06:00,2025-07-09 22:00,2025-07-09,245.7,0.21,False,True,False,True
SIG2153,SEC032,Signalling,81.9,8.3,2025-06-06 06:00,2025-06-21 22:00,2025-06-21,289.7,0.349,False,True,False,True
SIG2154,SEC010,Signalling,63.3,11.2,2025-09-27 06:00,2025-10-25 22:00,2025-10-25,524.2,0.468,False,True,False,True
SIG2156,SEC071,Signalling,94.3,11.0,2025-03-26 06:00,2025-04-02 22:00,2025-04-02,244.2,0.222,False,False,False,True
SIG2159,SEC007,Signalling,65.8,2.0,2025-09-23 06:00,2025-10-10 22:00,2025-10-10,94.8,0.474,False,True,False,False
SIG2161,SEC041,Signalling,59.0,8.0,2025-11-24 06:00,2025-12-24 22:00,2025-12-24,168.0,0.21,False,False,False,True
SIG2162,SEC074,Signalling,62.5,3.6,2025-02-03 06:00,2025-02-19 22:00,2025-02-19,86.4,0.24,False,True,False,True
SIG2171,SEC009,Signalling,33.5,1.6,2025-04-26 06:00,2025-06-11 22:00,2025-06-11,66.9,0.418,False,False,False,True
SIG2172,SEC057,Signalling,96.4,4.5,2025-06-06 06:00,2025-06-12 22:00,2025-06-12,156.1,0.347,False,True,False,True
SIG2176,SEC033,Signalling,28.2,9.9,2025-04-18 06:00,2025-07-02 22:00,2025-07-02,487.1,0.492,False,False,False,False
SIG2177,SEC024,Signalling,62.7,7.0,2025-01-17 06:00,2025-02-13 22:00,2025-02-13,289.1,0.413,False,False,False,False
SIG2182,SEC048,Signalling,62.5,7.0,2025-11-03 06:00,2025-11-23 22:00,2025-11-23,205.1,0.293,False,False,False,True
SIG2185,SEC050,Signalling,60.2,8.3,2025-03-04 06:00,2025-03-28 22:00,2025-03-28,166.0,0.2,False,True,False,True
SIG2187,SEC053,Signalling,94.9,7.8,2025-06-10 06:00,2025-06-16 22:00,2025-06-16,195.0,0.25,False,False,False,True
SIG2188,SEC023,Signalling,32.5,7.9,2025-11-05 06:00,2025-12-28 22:00,2025-12-28,357.9,0.453,False,False,False,True
SIG2189,SEC060,Signalling,62.2,7.8,2025-12-14 06:00,2025-12-29 22:00,2025-12-29,156.0,0.2,False,False,False,True
SIG2199,SEC039,Signalling,62.3,6.4,2025-10-08 06:00,2025-11-02 22:00,2025-11-02,229.8,0.359,False,True,False,False
SIG2200,SEC013,Signalling,84.7,1.1,2025-07-25 06:00,2025-08-05 22:00,2025-08-05,52.3,0.475,False,False,False,True
SIG2201,SEC051,Signalling,62.1,2.8,2025-02-13 06:00,2025-03-04 22:00,2025-03-04,72.2,0.258,False,True,False,True
SIG2204,SEC008,Signalling,34.1,7.1,2025-10-09 06:00,2025-11-24 22:00,2025-11-24,323.0,0.455,False,True,False,True
SIG2205,SEC008,Signalling,45.4,8.5,2025-12-19 06:00,2026-01-17 22:00,2026-01-17,386.8,0.455,False,True,False,True
SIG2208,SEC024,Signalling,83.8,2.6,2025-10-31 06:00,2025-11-11 22:00,2025-11-11,107.4,0.413,False,True,False,False
SIG2211,SEC057,Signalling,40.2,10.4,2025-03-01 06:00,2025-04-15 22:00,2025-04-15,360.9,0.347,False,True,False,True
SIG2212,SEC040,Signalling,59.9,7.3,2025-11-15 06:00,2025-12-13 22:00,2025-12-13,176.7,0.242,False,True,False,True
SIG2215,SEC021,Signalling,38.2,11.7,2025-12-04 06:00,2026-02-02 22:00,2026-02-02,510.1,0.436,False,False,False,True
SIG2216,SEC068,Signalling,43.1,4.3,2025-06-13 06:00,2025-07-12 22:00,2025-07-12,131.6,0.306,False,False,False,False
SIG2223,SEC060,Signalling,79.7,8.4,2025-08-09 06:00,2025-08-24 22:00,2025-08-24,168.0,0.2,False,True,False,True
SIG2224,SEC024,Signalling,27.3,5.8,2025-05-10 06:00,2025-07-23 22:00,2025-07-23,239.5,0.413,False,True,False,True
SIG2225,SEC059,Signalling,59.5,2.5,2025-01-10 06:00,2025-02-06 22:00,2025-02-06,50.2,0.201,False,True,False,True
SIG2228,SEC024,Signalling,64.9,3.4,2025-10-26 06:00,2025-11-12 22:00,2025-11-12,140.4,0.413,False,True,False,False
SIG2229,SEC075,Signalling,39.3,8.5,2025-08-09 06:00,2025-09-17 22:00,2025-09-17,170.0,0.2,False,False,False,True
SIG2233,SEC067,Signalling,81.2,4.4,2025-08-10 06:00,2025-08-22 22:00,2025-08-22,113.5,0.258,False,False,False,True
SIG2238,SEC038,Signalling,83.1,11.5,2025-12-09 06:00,2025-12-23 22:00,2025-12-23,472.6,0.411,False,True,False,False
SIG2241,SEC044,Signalling,96.4,2.3,2025-04-02 06:00,2025-04-08 22:00,2025-04-08,79.8,0.347,False,False,False,False
SIG2242,SEC064,Signalling,94.6,11.3,2025-08-13 06:00,2025-08-20 22:00,2025-08-20,276.8,0.245,False,False,False,True
SIG2245,SEC018,Signalling,83.8,2.3,2025-04-18 06:00,2025-04-29 22:00,2025-04-29,95.7,0.416,False,False,False,True
SIG2246,SEC061,Signalling,25.3,8.9,2025-09-14 06:00,2025-11-22 22:00,2025-11-22,183.3,0.206,False,False,False,True
SIG2248,SEC074,Signalling,80.5,4.4,2025-12-19 06:00,2026-01-02 22:00,2026-01-02,105.6,0.24,False,False,False,True
SIG2249,SEC010,Signalling,85.2,9.6,2025-06-13 06:00,2025-06-21 22:00,2025-06-21,449.3,0.468,False,True,False,False
SIG2251,SEC004,Signalling,26.7,9.7,2025-10-22 06:00,2026-01-08 22:00,2026-01-08,422.0,0.435,False,False,False,True
SIG2252,SEC035,Signalling,85.0,6.7,2025-02-12 06:00,2025-02-22 22:00,2025-02-22,322.9,0.482,False,False,False,True
SIG2253,SEC001,Signalling,62.9,1.8,2025-08-12 06:00,2025-09-08 22:00,2025-09-08,76.7,0.426,False,False,False,True
SIG2255,SEC001,Signalling,83.3,7.4,2025-12-10 06:00,2025-12-24 22:00,2025-12-24,315.2,0.426,False,False,False,True
SIG2263,SEC020,Signalling,97.4,1.6,2025-10-09 06:00,2025-10-13 22:00,2025-10-13,61.4,0.384,False,True,False,True
SIG2264,SEC042,Signalling,30.5,9.0,2025-02-28 06:00,2025-04-20 22:00,2025-04-20,261.9,0.291,False,True,False,True
SIG2265,SEC045,Signalling,63.1,8.6,2025-11-11 06:00,2025-11-27 22:00,2025-11-27,240.8,0.28,False,False,False,True
SIG2270,SEC042,Signalling,43.4,11.3,2025-08-09 06:00,2025-09-05 22:00,2025-09-05,328.8,0.291,False,False,False,True
SIG2271,SEC045,Signalling,62.5,11.8,2025-04-10 06:00,2025-04-29 22:00,2025-04-29,330.4,0.28,False,True,False,True
SIG2277,SEC067,Signalling,80.5,4.7,2025-02-06 06:00,2025-02-21 22:00,2025-02-21,121.3,0.258,False,True,False,True
SIG2278,SEC025,Signalling,40.0,6.4,2025-10-19 06:00,2025-12-13 22:00,2025-12-13,308.5,0.482,False,True,False,True
SIG2281,SEC062,Signalling,21.2,3.8,2025-01-26 06:00,2025-04-23 22:00,2025-04-23,76.0,0.2,False,True,False,False
SIG2283,SEC024,Signalling,63.4,3.6,2025-10-30 06:00,2025-11-23 22:00,2025-11-23,148.7,0.413,False,False,False,True
SIG2287,SEC006,Signalling,98.5,1.9,2025-04-07 06:00,2025-04-14 22:00,2025-04-14,95.2,0.501,False,True,False,True
SIG2289,SEC064,Signalling,80.6,4.1,2025-04-23 06:00,2025-05-07 22:00,2025-05-07,100.4,0.245,False,True,False,False
SIG2292,SEC059,Signalling,59.3,1.5,2025-04-06 06:00,2025-05-04 22:00,2025-05-04,30.2,0.201,False,True,False,False
SIG2293,SEC010,Signalling,84.4,4.7,2025-03-09 06:00,2025-03-21 22:00,2025-03-21,220.0,0.468,False,True,False,True
SIG2294,SEC035,Signalling,33.4,8.0,2025-12-09 06:00,2026-01-29 22:00,2026-01-29,385.6,0.482,False,True,False,True
SIG2296,SEC075,Signalling,61.7,3.2,2025-02-16 06:00,2025-03-05 22:00,2025-03-05,64.0,0.2,False,False,False,True
SIG2297,SEC018,Signalling,65.2,5.5,2025-11-21 06:00,2025-12-07 22:00,2025-12-07,228.8,0.416,False,False,False,True
SIG2299,SEC031,Signalling,83.9,2.5,2025-04-14 06:00,2025-04-24 22:00,2025-04-24,101.2,0.405,False,True,False,True
SIG2301,SEC055,Signalling,59.9,7.2,2025-04-24 06:00,2025-05-20 22:00,2025-05-20,151.9,0.211,False,False,False,True
SIG2303,SEC038,Signalling,97.8,10.0,2025-04-04 06:00,2025-04-08 22:00,2025-04-08,411.0,0.411,False,True,False,True
SIG2304,SEC010,Signalling,66.4,6.8,2025-06-16 06:00,2025-06-30 22:00,2025-06-30,318.2,0.468,False,True,False,True
SIG2309,SEC022,Signalling,64.1,7.8,2025-02-04 06:00,2025-02-23 22:00,2025-02-23,304.2,0.39,False,False,False,True
SIG2311,SEC051,Signalling,23.4,8.3,2025-06-19 06:00,2025-09-08 22:00,2025-09-08,214.1,0.258,False,False,False,True
SIG2313,SEC002,Signalling,37.2,9.6,2025-05-16 06:00,2025-07-13 22:00,2025-07-13,327.4,0.341,False,True,False,False
SIG2316,SEC043,Signalling,63.8,3.8,2025-04-29 06:00,2025-05-15 22:00,2025-05-15,124.3,0.327,False,True,False,False
SIG2321,SEC020,Signalling,23.9,4.8,2025-06-14 06:00,2025-09-09 22:00,2025-09-09,184.3,0.384,False,True,False,True
SIG2322,SEC048,Signalling,82.6,6.7,2025-02-28 06:00,2025-03-08 22:00,2025-03-08,196.3,0.293,False,True,False,True
SIG2324,SEC048,Signalling,60.9,5.8,2025-03-09 06:00,2025-04-05 22:00,2025-04-05,169.9,0.293,False,True,False,True
SIG2325,SEC052,Signalling,61.1,3.6,2025-10-11 06:00,2025-10-31 22:00,2025-10-31,72.0,0.2,False,True,False,True
SIG2326,SEC002,Signalling,81.8,1.5,2025-01-11 06:00,2025-01-26 22:00,2025-01-26,51.2,0.341,False,False,False,False
SIG2327,SEC039,Signalling,61.7,6.3,2025-09-26 06:00,2025-10-24 22:00,2025-10-24,226.2,0.359,False,False,False,False
SIG2330,SEC029,Signalling,36.3,7.8,2025-02-01 06:00,2025-03-13 22:00,2025-03-13,399.4,0.512,False,False,False,True
SIG2334,SEC033,Signalling,46.2,10.4,2025-07-24 06:00,2025-08-21 22:00,2025-08-21,511.7,0.492,False,True,False,True
SIG2337,SEC054,Signalling,94.8,11.2,2025-10-11 06:00,2025-10-16 22:00,2025-10-16,254.2,0.227,False,False,False,True
SIG2343,SEC068,Signalling,82.4,9.1,2025-12-01 06:00,2025-12-11 22:00,2025-12-11,278.5,0.306,False,True,False,True
SIG2345,SEC055,Signalling,80.9,7.0,2025-09-23 06:00,2025-10-03 22:00,2025-10-03,147.7,0.211,False,False,False,False
SIG2350,SEC075,Signalling,79.9,6.1,2025-04-17 06:00,2025-05-01 22:00,2025-05-01,122.0,0.2,False,True,False,True
SIG2351,SEC039,Signalling,83.8,11.1,2025-11-11 06:00,2025-11-18 22:00,2025-11-18,398.5,0.359,False,False,False,True
SIG2353,SEC055,Signalling,60.3,11.2,2025-02-27 06:00,2025-03-23 22:00,2025-03-23,236.3,0.211,False,True,False,True
SIG2354,SEC058,Signalling,80.8,12.0,2025-07-23 06:00,2025-08-07 22:00,2025-08-07,327.6,0.273,False,True,False,True
SIG2359,SEC059,Signalling,30.3,10.6,2025-02-14 06:00,2025-04-01 22:00,2025-04-01,213.1,0.201,False,False,False,True
SIG2360,SEC005,Signalling,99.3,12.0,2025-05-21 06:00,2025-05-26 22:00,2025-05-26,633.6,0.528,False,False,False,True
SIG2362,SEC062,Signalling,79.7,5.6,2025-06-10 06:00,2025-06-25 22:00,2025-06-25,112.0,0.2,False,False,False,True
SIG2363,SEC046,Signalling,62.3,6.7,2025-06-06 06:00,2025-06-25 22:00,2025-06-25,180.9,0.27,False,True,False,True
SIG2365,SEC070,Signalling,41.8,1.2,2025-04-11 06:00,2025-05-11 22:00,2025-05-11,27.4,0.228,False,False,False,True
SIG2366,SEC056,Signalling,81.4,8.5,2025-03-28 06:00,2025-04-10 22:00,2025-04-10,242.2,0.285,False,True,False,True
SIG2369,SEC064,Signalling,42.5,11.7,2025-03-11 06:00,2025-04-08 22:00,2025-04-08,286.6,0.245,False,True,False,True
SIG2371,SEC062,Signalling,94.8,2.9,2025-02-02 06:00,2025-02-05 22:00,2025-02-05,58.0,0.2,False,True,False,True
SIG2372,SEC075,Signalling,34.9,6.5,2025-07-04 06:00,2025-09-01 22:00,2025-09-01,130.0,0.2,False,True,False,False
SIG2374,SEC027,Signalling,64.1,8.2,2025-01-06 06:00,2025-01-23 22:00,2025-01-23,292.7,0.357,False,False,False,False
SIG2375,SEC037,Signalling,65.5,1.8,2025-01-16 06:00,2025-02-05 22:00,2025-02-05,89.6,0.498,False,True,False,True
SIG2381,SEC028,Signalling,46.8,8.5,2025-11-24 06:00,2025-12-21 22:00,2025-12-21,441.2,0.519,False,True,False,True
SIG2383,SEC027,Signalling,96.7,2.9,2025-06-16 06:00,2025-06-21 22:00,2025-06-21,103.5,0.357,False,True,False,True
SIG2385,SEC008,Signalling,65.8,4.1,2025-10-15 06:00,2025-10-31 22:00,2025-10-31,186.5,0.455,False,True,False,False
SIG2386,SEC020,Signalling,82.4,6.9,2025-08-28 06:00,2025-09-12 22:00,2025-09-12,265.0,0.384,False,True,False,True
SIG2389,SEC026,Signalling,66.9,11.0,2025-10-20 06:00,2025-11-04 22:00,2025-11-04,567.6,0.516,False,False,False,True
SIG2390,SEC008,Signalling,65.1,2.1,2025-06-21 06:00,2025-07-10 22:00,2025-07-10,95.6,0.455,False,True,False,True
SIG2393,SEC060,Signalling,59.5,9.2,2025-03-11 06:00,2025-04-07 22:00,2025-04-07,184.0,0.2,False,True,False,False
SIG2395,SEC045,Signalling,27.3,11.2,2025-05-07 06:00,2025-07-11 22:00,2025-07-11,313.6,0.28,False,True,False,True
SIG2396,SEC051,Signalling,38.6,8.2,2025-12-20 06:00,2026-02-04 22:00,2026-02-04,211.6,0.258,False,False,False,True
SIG2397,SEC018,Signalling,65.2,4.1,2025-03-24 06:00,2025-04-09 22:00,2025-04-09,170.6,0.416,False,False,False,True
SIG2402,SEC073,Signalling,94.1,6.2,2025-01-13 06:00,2025-01-20 22:00,2025-01-20,129.0,0.208,False,False,False,False
SIG2404,SEC032,Signalling,63.5,5.6,2025-06-17 06:00,2025-07-06 22:00,2025-07-06,195.4,0.349,False,True,False,True
SIG2406,SEC074,Signalling,60.3,7.0,2025-11-28 06:00,2025-12-24 22:00,2025-12-24,168.0,0.24,False,True,False,True
SIG2407,SEC008,Signalling,63.1,6.2,2025-06-23 06:00,2025-07-21 22:00,2025-07-21,282.1,0.455,False,True,False,True
SIG2408,SEC005,Signalling,67.1,11.3,2025-04-22 06:00,2025-05-07 22:00,2025-05-07,596.6,0.528,False,False,False,True
SIG2411,SEC021,Signalling,38.4,8.9,2025-03-12 06:00,2025-05-10 22:00,2025-05-10,388.0,0.436,False,True,False,True
SIG2413,SEC067,Signalling,40.4,8.0,2025-02-15 06:00,2025-03-25 22:00,2025-03-25,206.4,0.258,False,False,False,False
SIG2417,SEC028,Signalling,47.2,6.6,2025-02-09 06:00,2025-03-06 22:00,2025-03-06,342.5,0.519,False,False,False,True
SIG2418,SEC040,Signalling,95.0,6.9,2025-02-20 06:00,2025-02-25 22:00,2025-02-25,167.0,0.242,False,True,False,True
SIG2419,SEC046,Signalling,59.9,3.8,2025-03-27 06:00,2025-04-26 22:00,2025-04-26,102.6,0.27,False,True,False,True
SIG2421,SEC038,Signalling,97.8,9.1,2025-07-08 06:00,2025-07-12 22:00,2025-07-12,374.0,0.411,False,True,False,False
SIG2424,SEC019,Signalling,45.9,4.8,2025-01-03 06:00,2025-02-01 22:00,2025-02-01,234.2,0.488,False,True,False,True
SIG2425,SEC019,Signalling,65.6,7.1,2025-03-29 06:00,2025-04-17 22:00,2025-04-17,346.5,0.488,False,True,False,True
SIG2432,SEC040,Signalling,60.1,6.3,2025-05-19 06:00,2025-06-15 22:00,2025-06-15,152.5,0.242,False,True,False,True
SIG2436,SEC030,Signalling,64.4,1.1,2025-06-17 06:00,2025-07-06 22:00,2025-07-06,45.0,0.409,False,True,False,True
SIG2437,SEC005,Signalling,64.6,5.7,2025-10-20 06:00,2025-11-15 22:00,2025-11-15,301.0,0.528,False,True,False,True
SIG2441,SEC027,Signalling,82.9,1.1,2025-01-01 06:00,2025-01-12 22:00,2025-01-12,39.3,0.357,False,True,False,True
SIG2442,SEC052,Signalling,41.6,10.3,2025-05-23 06:00,2025-06-21 22:00,2025-06-21,206.0,0.2,False,True,False,True
SIG2444,SEC038,Signalling,83.9,4.6,2025-09-25 06:00,2025-10-05 22:00,2025-10-05,189.1,0.411,False,True,False,True
SIG2446,SEC027,Signalling,37.0,4.5,2025-10-25 06:00,2025-12-24 22:00,2025-12-24,160.6,0.357,False,False,False,True
SIG2447,SEC003,Signalling,84.5,7.7,2025-05-03 06:00,2025-05-16 22:00,2025-05-16,378.8,0.492,False,True,False,True
SIG2448,SEC070,Signalling,60.6,7.4,2025-04-13 06:00,2025-05-07 22:00,2025-05-07,168.7,0.228,False,True,False,True
SIG2450,SEC015,Signalling,38.9,1.9,2025-01-18 06:00,2025-03-17 22:00,2025-03-17,85.5,0.45,False,True,False,True
SIG2451,SEC045,Signalling,40.5,3.7,2025-11-15 06:00,2025-12-24 22:00,2025-12-24,103.6,0.28,False,True,False,True
SIG2452,SEC070,Signalling,42.2,2.1,2025-12-10 06:00,2026-01-07 22:00,2026-01-07,47.9,0.228,False,True,False,False
SIG2453,SEC052,Signalling,81.0,7.2,2025-03-10 06:00,2025-03-19 22:00,2025-03-19,144.0,0.2,False,False,False,True
SIG2455,SEC073,Signalling,39.7,3.7,2025-11-29 06:00,2026-01-06 22:00,2026-01-06,77.0,0.208,False,True,False,True
SIG2460,SEC062,Signalling,60.8,2.2,2025-02-28 06:00,2025-03-21 22:00,2025-03-21,44.0,0.2,False,False,False,True
SIG2464,SEC056,Signalling,61.7,2.5,2025-06-03 06:00,2025-06-26 22:00,2025-06-26,71.2,0.285,False,True,False,False
SIG2465,SEC022,Signalling,64.4,1.9,2025-07-14 06:00,2025-08-01 22:00,2025-08-01,74.1,0.39,False,True,False,True
SIG2466,SEC057,Signalling,63.5,7.3,2025-04-17 06:00,2025-05-06 22:00,2025-05-06,253.3,0.347,False,False,False,False
SIG2468,SEC056,Signalling,81.4,1.6,2025-09-26 06:00,2025-10-09 22:00,2025-10-09,45.6,0.285,False,True,False,True
SIG2469,SEC072,Signalling,27.8,8.7,2025-10-27 06:00,2025-12-26 22:00,2025-12-26,208.8,0.24,False,True,False,True
SIG2471,SEC037,Signalling,64.9,11.1,2025-06-08 06:00,2025-07-01 22:00,2025-07-01,552.8,0.498,False,True,False,True
SIG2472,SEC027,Signalling,82.5,4.2,2025-08-07 06:00,2025-08-20 22:00,2025-08-20,149.9,0.357,False,True,False,True
SIG2473,SEC029,Signalling,41.6,5.6,2025-03-31 06:00,2025-05-20 22:00,2025-05-20,286.7,0.512,False,False,False,True
SIG2474,SEC050,Signalling,39.3,8.0,2025-06-18 06:00,2025-07-27 22:00,2025-07-27,160.0,0.2,False,False,False,True
SIG2475,SEC024,Signalling,84.6,8.9,2025-10-07 06:00,2025-10-14 22:00,2025-10-14,367.6,0.413,False,True,False,True
SIG2480,SEC011,Signalling,39.1,11.7,2025-05-10 06:00,2025-07-08 22:00,2025-07-08,566.3,0.484,False,True,False,True
SIG2481,SEC065,Signalling,61.5,1.3,2025-03-22 06:00,2025-04-15 22:00,2025-04-15,37.3,0.287,False,True,False,True
SIG2482,SEC050,Signalling,59.3,2.4,2025-05-13 06:00,2025-06-10 22:00,2025-06-10,48.0,0.2,False,False,False,True
SIG2483,SEC070,Signalling,59.9,7.6,2025-03-22 06:00,2025-04-18 22:00,2025-04-18,173.3,0.228,False,True,False,True
SIG2484,SEC072,Signalling,39.5,8.6,2025-10-27 06:00,2025-12-07 22:00,2025-12-07,206.4,0.24,False,True,False,True
SIG2485,SEC028,Signalling,86.0,10.5,2025-01-11 06:00,2025-01-19 22:00,2025-01-19,544.9,0.519,False,False,False,False
SIG2486,SEC035,Signalling,85.0,10.5,2025-11-18 06:00,2025-11-28 22:00,2025-11-28,506.1,0.482,False,False,False,True
SIG2487,SEC024,Signalling,62.7,4.9,2025-02-25 06:00,2025-03-24 22:00,2025-03-24,202.4,0.413,False,True,False,True
SIG2488,SEC045,Signalling,39.0,9.5,2025-07-02 06:00,2025-08-17 22:00,2025-08-17,266.0,0.28,False,True,False,True
SIG2489,SEC048,Signalling,63.8,5.6,2025-06-07 06:00,2025-06-21 22:00,2025-06-21,164.1,0.293,False,False,False,True
SIG2492,SEC067,Signalling,81.4,1.2,2025-05-15 06:00,2025-05-26 22:00,2025-05-26,31.0,0.258,False,False,False,False
SIG2493,SEC033,Signalling,98.8,6.1,2025-02-23 06:00,2025-02-28 22:00,2025-02-28,300.1,0.492,False,False,False,False
SIG2495,SEC035,Signalling,85.2,11.7,2025-11-18 06:00,2025-11-27 22:00,2025-11-27,563.9,0.482,False,True,False,True
SIG2497,SEC046,Signalling,95.9,10.7,2025-03-07 06:00,2025-03-10 22:00,2025-03-10,288.9,0.27,False,True,False,True
SIG2498,SEC040,Signalling,21.1,7.0,2025-05-19 06:00,2025-08-17 22:00,2025-08-17,169.4,0.242,False,True,False,True
SIG2500,SEC027,Signalling,97.2,1.2,2025-04-10 06:00,2025-04-13 22:00,2025-04-13,42.8,0.357,False,False,False,True
SIG2503,SEC023,Signalling,63.7,5.4,2025-06-28 06:00,2025-07-23 22:00,2025-07-23,244.6,0.453,False,False,False,True
SIG2507,SEC064,Signalling,60.2,10.4,2025-01-09 06:00,2025-02-05 22:00,2025-02-05,254.8,0.245,False,False,False,False
SIG2509,SEC029,Signalling,99.5,4.6,2025-02-15 06:00,2025-02-18 22:00,2025-02-18,235.5,0.512,False,True,False,True
SIG2510,SEC036,Signalling,35.8,8.3,2025-11-06 06:00,2025-12-19 22:00,2025-12-19,432.4,0.521,False,True,False,True
SIG2513,SEC003,Signalling,65.7,5.3,2025-06-02 06:00,2025-06-21 22:00,2025-06-21,260.8,0.492,False,False,False,True
SIG2517,SEC057,Signalling,83.0,1.4,2025-02-02 06:00,2025-02-12 22:00,2025-02-12,48.6,0.347,False,True,False,False
SIG2518,SEC035,Signalling,65.5,6.1,2025-10-08 06:00,2025-10-27 22:00,2025-10-27,294.0,0.482,False,True,False,True
SIG2520,SEC033,Signalling,64.5,11.8,2025-11-11 06:00,2025-12-05 22:00,2025-12-05,580.6,0.492,False,False,False,True
SIG2523,SEC018,Signalling,39.0,9.7,2025-11-29 06:00,2026-01-23 22:00,2026-01-23,403.5,0.416,False,False,False,True
SIG2525,SEC011,Signalling,41.4,8.8,2025-08-30 06:00,2025-10-18 22:00,2025-10-18,425.9,0.484,False,True,False,True
SIG2528,SEC020,Signalling,40.5,10.1,2025-07-05 06:00,2025-08-20 22:00,2025-08-20,387.8,0.384,False,False,False,True
SIG2530,SEC062,Signalling,27.6,2.6,2025-03-18 06:00,2025-05-15 22:00,2025-05-15,52.0,0.2,False,True,False,True
SIG2531,SEC005,Signalling,85.0,10.6,2025-07-12 06:00,2025-07-25 22:00,2025-07-25,559.7,0.528,False,True,False,True
SIG2533,SEC001,Signalling,65.3,6.3,2025-04-03 06:00,2025-04-19 22:00,2025-04-19,268.4,0.426,False,False,False,True
SIG2534,SEC055,Signalling,95.0,7.9,2025-11-06 06:00,2025-11-09 22:00,2025-11-09,166.7,0.211,False,False,False,True
SIG2535,SEC057,Signalling,38.2,6.2,2025-09-03 06:00,2025-10-27 22:00,2025-10-27,215.1,0.347,False,True,False,True
SIG2536,SEC070,Signalling,81.9,3.3,2025-01-01 06:00,2025-01-08 22:00,2025-01-08,75.2,0.228,False,False,False,False
SIG2541,SEC068,Signalling,39.1,6.5,2025-08-13 06:00,2025-09-29 22:00,2025-09-29,198.9,0.306,False,True,False,True
SIG2543,SEC032,Signalling,61.3,4.6,2025-09-17 06:00,2025-10-16 22:00,2025-10-16,160.5,0.349,False,True,False,True
SIG2547,SEC030,Signalling,98.0,7.0,2025-09-25 06:00,2025-09-28 22:00,2025-09-28,286.3,0.409,False,True,False,True
SIG2549,SEC073,Signalling,41.5,10.5,2025-11-16 06:00,2025-12-16 22:00,2025-12-16,218.4,0.208,False,True,False,True
SIG2552,SEC023,Signalling,98.0,4.5,2025-02-05 06:00,2025-02-11 22:00,2025-02-11,203.9,0.453,False,True,False,True
SIG2553,SEC002,Signalling,63.8,2.6,2025-02-05 06:00,2025-02-22 22:00,2025-02-22,88.7,0.341,False,True,False,True
SIG2554,SEC055,Signalling,61.4,4.3,2025-09-24 06:00,2025-10-13 22:00,2025-10-13,90.7,0.211,False,True,False,True
SIG2557,SEC011,Signalling,64.9,4.9,2025-05-01 06:00,2025-05-23 22:00,2025-05-23,237.2,0.484,False,True,False,True
SIG2558,SEC018,Signalling,45.2,1.8,2025-12-01 06:00,2025-12-28 22:00,2025-12-28,74.9,0.416,False,True,False,True
SIG2559,SEC014,Signalling,33.0,8.0,2025-06-07 06:00,2025-07-28 22:00,2025-07-28,363.2,0.454,False,True,False,True
SIG2560,SEC037,Signalling,63.3,6.1,2025-05-01 06:00,2025-05-31 22:00,2025-05-31,303.8,0.498,False,False,False,True
SIG2562,SEC016,Signalling,97.5,10.6,2025-01-26 06:00,2025-02-01 22:00,2025-02-01,449.4,0.424,False,True,False,False
SIG2563,SEC060,Signalling,80.3,2.3,2025-08-09 06:00,2025-08-21 22:00,2025-08-21,46.0,0.2,False,True,False,False
SIG2564,SEC058,Signalling,82.1,2.4,2025-06-02 06:00,2025-06-11 22:00,2025-06-11,65.5,0.273,False,True,False,True
SIG2565,SEC033,Signalling,35.5,5.6,2025-03-21 06:00,2025-05-02 22:00,2025-05-02,275.5,0.492,False,False,False,True
SIG2570,SEC061,Signalling,60.3,6.4,2025-04-09 06:00,2025-05-03 22:00,2025-05-03,131.8,0.206,False,False,False,False
SIG2571,SEC044,Signalling,40.0,6.0,2025-08-30 06:00,2025-10-15 22:00,2025-10-15,208.2,0.347,False,False,False,True
SIG2573,SEC045,Signalling,63.4,11.7,2025-11-04 06:00,2025-11-19 22:00,2025-11-19,327.6,0.28,False,False,False,True
SIG2574,SEC014,Signalling,41.4,12.0,2025-06-20 06:00,2025-08-06 22:00,2025-08-06,544.8,0.454,False,True,False,True
SIG2579,SEC004,Signalling,64.6,4.7,2025-06-06 06:00,2025-06-26 22:00,2025-06-26,204.5,0.435,False,True,False,True
SIG2581,SEC058,Signalling,60.2,4.0,2025-03-06 06:00,2025-04-04 22:00,2025-04-04,109.2,0.273,False,False,False,True
SIG2583,SEC017,Signalling,83.8,11.0,2025-07-21 06:00,2025-07-30 22:00,2025-07-30,422.4,0.384,False,True,False,False
SIG2586,SEC022,Signalling,31.1,11.9,2025-09-01 06:00,2025-10-26 22:00,2025-10-26,464.1,0.39,False,True,False,True
SIG2588,SEC013,Signalling,43.9,6.7,2025-06-01 06:00,2025-07-08 22:00,2025-07-08,318.2,0.475,False,True,False,True
SIG2592,SEC003,Signalling,85.2,2.1,2025-04-14 06:00,2025-04-24 22:00,2025-04-24,103.3,0.492,False,False,False,True
SIG2595,SEC071,Signalling,35.7,11.0,2025-10-24 06:00,2025-12-20 22:00,2025-12-20,244.2,0.222,False,True,False,True
SIG2597,SEC061,Signalling,35.6,5.0,2025-05-02 06:00,2025-06-27 22:00,2025-06-27,103.0,0.206,False,False,False,True
SIG2599,SEC025,Signalling,63.5,8.6,2025-06-25 06:00,2025-07-23 22:00,2025-07-23,414.5,0.482,False,True,False,True
SIG2601,SEC035,Signalling,31.6,11.1,2025-11-24 06:00,2026-01-22 22:00,2026-01-22,535.0,0.482,False,False,False,False
SIG2604,SEC053,Signalling,37.6,9.9,2025-02-28 06:00,2025-04-19 22:00,2025-04-19,247.5,0.25,False,True,False,True
SIG2605,SEC043,Signalling,30.2,8.1,2025-11-26 06:00,2026-01-20 22:00,2026-01-20,264.9,0.327,False,True,False,False
SIG2606,SEC033,Signalling,39.0,4.6,2025-06-30 06:00,2025-08-29 22:00,2025-08-29,226.3,0.492,False,True,False,False
SIG2610,SEC063,Signalling,27.0,8.9,2025-10-31 06:00,2025-12-31 22:00,2025-12-31,180.7,0.203,False,False,False,False
SIG2612,SEC029,Signalling,64.6,10.9,2025-10-10 06:00,2025-11-04 22:00,2025-11-04,558.1,0.512,False,False,False,True
SIG2615,SEC041,Signalling,80.7,5.6,2025-06-08 06:00,2025-06-19 22:00,2025-06-19,117.6,0.21,False,True,False,True
SIG2617,SEC008,Signalling,44.3,5.0,2025-04-19 06:00,2025-05-23 22:00,2025-05-23,227.5,0.455,False,False,False,True
SIG2621,SEC018,Signalling,40.6,5.2,2025-08-05 06:00,2025-09-22 22:00,2025-09-22,216.3,0.416,False,True,False,True
SIG2624,SEC038,Signalling,84.6,8.8,2025-02-08 06:00,2025-02-15 22:00,2025-02-15,361.7,0.411,False,True,False,False
SIG2627,SEC016,Signalling,39.1,3.6,2025-10-23 06:00,2025-12-17 22:00,2025-12-17,152.6,0.424,False,True,False,True
SIG2628,SEC010,Signalling,66.0,7.2,2025-03-09 06:00,2025-03-25 22:00,2025-03-25,337.0,0.468,False,True,False,True
SIG2633,SEC012,Signalling,39.7,6.2,2025-11-05 06:00,2025-12-26 22:00,2025-12-26,250.5,0.404,False,False,False,True
SIG2634,SEC003,Signalling,63.4,6.8,2025-07-13 06:00,2025-08-11 22:00,2025-08-11,334.6,0.492,False,True,False,True
SIG2635,SEC047,Signalling,94.9,7.2,2025-11-19 06:00,2025-11-22 22:00,2025-11-22,146.9,0.204,False,True,False,True
SIG2639,SEC074,Signalling,61.9,10.9,2025-10-31 06:00,2025-11-19 22:00,2025-11-19,261.6,0.24,False,True,False,True
SIG2641,SEC043,Signalling,33.5,5.0,2025-04-29 06:00,2025-06-08 22:00,2025-06-08,163.5,0.327,False,False,False,True
SIG2642,SEC010,Signalling,65.3,10.9,2025-09-06 06:00,2025-09-25 22:00,2025-09-25,510.1,0.468,False,False,False,True
SIG2643,SEC061,Signalling,62.5,7.3,2025-06-22 06:00,2025-07-06 22:00,2025-07-06,150.4,0.206,False,False,False,True
SIG2644,SEC002,Signalling,64.3,11.0,2025-02-21 06:00,2025-03-08 22:00,2025-03-08,375.1,0.341,False,False,False,True
SIG2645,SEC012,Signalling,82.9,1.8,2025-04-08 06:00,2025-04-22 22:00,2025-04-22,72.7,0.404,False,True,False,True
SIG2646,SEC054,Signalling,62.6,4.2,2025-07-16 06:00,2025-07-31 22:00,2025-07-31,95.3,0.227,False,False,False,True
SIG2647,SEC035,Signalling,84.8,4.0,2025-04-26 06:00,2025-05-07 22:00,2025-05-07,192.8,0.482,False,True,False,True
SIG2649,SEC017,Signalling,27.3,11.4,2025-08-02 06:00,2025-10-13 22:00,2025-10-13,437.8,0.384,False,False,False,True
SIG2654,SEC008,Signalling,39.4,6.6,2025-03-29 06:00,2025-05-24 22:00,2025-05-24,300.3,0.455,False,True,False,False
SIG2655,SEC045,Signalling,62.9,6.4,2025-10-08 06:00,2025-10-25 22:00,2025-10-25,179.2,0.28,False,True,False,True
SIG2659,SEC034,Signalling,63.6,7.9,2025-01-01 06:00,2025-01-19 22:00,2025-01-19,267.8,0.339,False,False,False,False
SIG2660,SEC044,Signalling,32.9,4.1,2025-11-30 06:00,2026-01-13 22:00,2026-01-13,142.3,0.347,False,True,False,False
SIG2661,SEC003,Signalling,44.6,11.9,2025-05-07 06:00,2025-06-11 22:00,2025-06-11,585.5,0.492,False,False,False,True
SIG2662,SEC022,Signalling,39.3,2.2,2025-11-23 06:00,2026-01-14 22:00,2026-01-14,85.8,0.39,False,True,False,True
SIG2663,SEC042,Signalling,61.1,6.5,2025-12-09 06:00,2026-01-04 22:00,2026-01-04,189.1,0.291,False,False,False,False
SIG2664,SEC023,Signalling,40.7,2.4,2025-08-10 06:00,2025-09-29 22:00,2025-09-29,108.7,0.453,False,False,False,True
SIG2666,SEC061,Signalling,27.7,4.4,2025-11-14 06:00,2026-01-11 22:00,2026-01-11,90.6,0.206,False,True,False,True
SIG2667,SEC054,Signalling,41.5,3.2,2025-11-12 06:00,2025-12-13 22:00,2025-12-13,72.6,0.227,False,True,False,True
SIG2670,SEC060,Signalling,59.7,8.7,2025-11-10 06:00,2025-12-06 22:00,2025-12-06,174.0,0.2,False,True,False,True
SIG2676,SEC041,Signalling,35.5,11.4,2025-08-07 06:00,2025-10-03 22:00,2025-10-03,239.4,0.21,False,True,False,True
SIG2679,SEC007,Signalling,45.2,2.7,2025-05-17 06:00,2025-06-17 22:00,2025-06-17,128.0,0.474,False,False,False,True
SIG2680,SEC051,Signalling,94.8,10.8,2025-03-01 06:00,2025-03-08 22:00,2025-03-08,278.6,0.258,False,True,False,True
SIG2682,SEC050,Signalling,60.2,4.5,2025-06-26 06:00,2025-07-20 22:00,2025-07-20,90.0,0.2,False,True,False,True
SIG2683,SEC055,Signalling,27.8,6.7,2025-01-21 06:00,2025-03-20 22:00,2025-03-20,141.4,0.211,False,False,False,True
SIG2685,SEC044,Signalling,63.0,10.2,2025-02-03 06:00,2025-02-24 22:00,2025-02-24,353.9,0.347,False,True,False,True
SIG2687,SEC035,Signalling,98.6,7.3,2025-05-12 06:00,2025-05-17 22:00,2025-05-17,351.9,0.482,False,True,False,True
SIG2690,SEC055,Signalling,62.1,5.9,2025-11-09 06:00,2025-11-25 22:00,2025-11-25,124.5,0.211,False,False,False,True
SIG2691,SEC013,Signalling,42.1,2.6,2025-01-12 06:00,2025-02-26 22:00,2025-02-26,123.5,0.475,False,False,False,True
SIG2693,SEC027,Signalling,62.1,3.3,2025-09-27 06:00,2025-10-23 22:00,2025-10-23,117.8,0.357,False,False,False,True
SIG2694,SEC045,Signalling,38.3,11.2,2025-11-08 06:00,2025-12-27 22:00,2025-12-27,313.6,0.28,False,True,False,False
SIG2695,SEC045,Signalling,81.8,4.6,2025-10-09 06:00,2025-10-20 22:00,2025-10-20,128.8,0.28,False,False,False,True
SIG2699,SEC068,Signalling,28.5,2.4,2025-02-03 06:00,2025-04-05 22:00,2025-04-05,73.4,0.306,False,True,False,True
SIG2700,SEC046,Signalling,95.4,11.0,2025-07-07 06:00,2025-07-12 22:00,2025-07-12,297.0,0.27,False,True,False,True
SIG2701,SEC023,Signalling,64.9,10.5,2025-04-19 06:00,2025-05-09 22:00,2025-05-09,475.6,0.453,False,False,False,True
SIG2702,SEC025,Signalling,65.1,6.1,2025-03-16 06:00,2025-04-06 22:00,2025-04-06,294.0,0.482,False,True,False,True
SIG2708,SEC040,Signalling,30.5,11.6,2025-10-19 06:00,2025-12-06 22:00,2025-12-06,280.7,0.242,False,False,False,False
SIG2709,SEC026,Signalling,66.7,1.9,2025-05-30 06:00,2025-06-15 22:00,2025-06-15,98.0,0.516,False,False,False,False
SIG2710,SEC011,Signalling,34.5,11.4,2025-12-05 06:00,2026-01-20 22:00,2026-01-20,551.8,0.484,False,True,False,True
SIG2712,SEC001,Signalling,27.4,10.2,2025-09-02 06:00,2025-11-15 22:00,2025-11-15,434.5,0.426,False,False,False,True
SIG2715,SEC037,Signalling,66.0,1.9,2025-02-10 06:00,2025-02-28 22:00,2025-02-28,94.6,0.498,False,True,False,True
SIG2718,SEC027,Signalling,63.2,5.9,2025-05-07 06:00,2025-05-28 22:00,2025-05-28,210.6,0.357,False,True,False,True
SIG2719,SEC003,Signalling,98.3,9.5,2025-07-02 06:00,2025-07-09 22:00,2025-07-09,467.4,0.492,False,True,False,True
SIG2720,SEC069,Signalling,38.2,9.6,2025-09-28 06:00,2025-11-11 22:00,2025-11-11,192.0,0.2,False,True,False,True
SIG2721,SEC073,Signalling,37.7,1.4,2025-03-19 06:00,2025-05-05 22:00,2025-05-05,29.1,0.208,False,True,False,True
SIG2723,SEC045,Signalling,95.1,2.6,2025-06-17 06:00,2025-06-24 22:00,2025-06-24,72.8,0.28,False,False,False,False
SIG2725,SEC033,Signalling,26.4,9.7,2025-05-21 06:00,2025-08-12 22:00,2025-08-12,477.2,0.492,False,False,False,True
SIG2728,SEC015,Signalling,98.1,11.2,2025-01-30 06:00,2025-02-04 22:00,2025-02-04,504.0,0.45,False,False,False,False
SIG2732,SEC008,Signalling,64.2,7.7,2025-12-01 06:00,2025-12-24 22:00,2025-12-24,350.4,0.455,False,True,False,True
SIG2733,SEC053,Signalling,94.9,4.3,2025-10-07 06:00,2025-10-13 22:00,2025-10-13,107.5,0.25,False,True,False,True
SIG2734,SEC040,Signalling,94.6,1.6,2025-11-28 06:00,2025-12-05 22:00,2025-12-05,38.7,0.242,False,False,False,False
SIG2735,SEC011,Signalling,65.8,7.3,2025-06-21 06:00,2025-07-09 22:00,2025-07-09,353.3,0.484,False,True,False,True
SIG2736,SEC064,Signalling,38.9,9.4,2025-01-15 06:00,2025-02-28 22:00,2025-02-28,230.3,0.245,False,False,False,True
SIG2739,SEC068,Signalling,82.6,3.2,2025-04-26 06:00,2025-05-05 22:00,2025-05-05,97.9,0.306,False,True,False,False
SIG2741,SEC020,Signalling,63.6,10.9,2025-07-11 06:00,2025-08-01 22:00,2025-08-01,418.6,0.384,False,True,False,True
SIG2743,SEC006,Signalling,63.6,9.9,2025-03-22 06:00,2025-04-20 22:00,2025-04-20,496.0,0.501,False,False,False,True
SIG2744,SEC020,Signalling,82.4,1.4,2025-10-28 06:00,2025-11-12 22:00,2025-11-12,53.8,0.384,False,True,False,False
SIG2745,SEC056,Signalling,43.5,10.9,2025-07-25 06:00,2025-08-20 22:00,2025-08-20,310.6,0.285,False,True,False,False
SIG2750,SEC021,Signalling,84.5,5.7,2025-02-23 06:00,2025-03-04 22:00,2025-03-04,248.5,0.436,False,True,False,True
SIG2751,SEC075,Signalling,81.4,3.9,2025-10-05 06:00,2025-10-12 22:00,2025-10-12,78.0,0.2,False,False,False,True
SIG2757,SEC009,Signalling,32.2,3.2,2025-11-04 06:00,2025-12-26 22:00,2025-12-26,133.8,0.418,False,False,False,True
SIG2762,SEC040,Signalling,61.7,9.3,2025-01-24 06:00,2025-02-13 22:00,2025-02-13,225.1,0.242,False,False,False,True
SIG2764,SEC049,Signalling,61.7,3.6,2025-06-08 06:00,2025-07-04 22:00,2025-07-04,118.4,0.329,False,True,False,True
SIG2767,SEC001,Signalling,38.7,4.6,2025-06-20 06:00,2025-08-16 22:00,2025-08-16,196.0,0.426,False,False,False,True
SIG2771,SEC025,Signalling,27.0,3.3,2025-04-24 06:00,2025-07-13 22:00,2025-07-13,159.1,0.482,False,True,False,True
SIG2773,SEC033,Signalling,99.0,1.3,2025-10-08 06:00,2025-10-12 22:00,2025-10-12,64.0,0.492,False,True,False,True
SIG2774,SEC051,Signalling,61.3,8.2,2025-02-14 06:00,2025-03-09 22:00,2025-03-09,211.6,0.258,False,False,False,True
SIG2777,SEC004,Signalling,41.5,10.4,2025-01-21 06:00,2025-03-07 22:00,2025-03-07,452.4,0.435,False,True,False,True
SIG2778,SEC062,Signalling,81.0,4.5,2025-11-05 06:00,2025-11-14 22:00,2025-11-14,90.0,0.2,False,True,False,True
SIG2782,SEC010,Signalling,66.4,6.6,2025-05-19 06:00,2025-06-02 22:00,2025-06-02,308.9,0.468,False,True,False,False
SIG2783,SEC044,Signalling,40.0,9.0,2025-07-24 06:00,2025-09-08 22:00,2025-09-08,312.3,0.347,False,False,False,True
SIG2784,SEC072,Signalling,60.5,9.5,2025-08-20 06:00,2025-09-14 22:00,2025-09-14,228.0,0.24,False,False,False,False
SIG2786,SEC069,Signalling,93.9,3.3,2025-08-24 06:00,2025-08-31 22:00,2025-08-31,66.0,0.2,False,True,False,True
SIG2787,SEC010,Signalling,65.7,7.0,2025-04-24 06:00,2025-05-11 22:00,2025-05-11,327.6,0.468,False,True,False,True
SIG2788,SEC035,Signalling,44.0,5.0,2025-06-09 06:00,2025-07-16 22:00,2025-07-16,241.0,0.482,False,True,False,True
SIG2789,SEC053,Signalling,62.2,10.2,2025-08-29 06:00,2025-09-16 22:00,2025-09-16,255.0,0.25,False,False,False,True
SIG2790,SEC046,Signalling,61.2,1.7,2025-09-07 06:00,2025-10-01 22:00,2025-10-01,45.9,0.27,False,False,False,False
SIG2791,SEC053,Signalling,38.8,3.9,2025-03-28 06:00,2025-05-12 22:00,2025-05-12,97.5,0.25,False,False,False,False
SIG2792,SEC006,Signalling,85.3,2.1,2025-04-13 06:00,2025-04-23 22:00,2025-04-23,105.2,0.501,False,False,False,True
SIG2794,SEC072,Signalling,61.7,5.1,2025-07-26 06:00,2025-08-15 22:00,2025-08-15,122.4,0.24,False,False,False,True
SIG2795,SEC013,Signalling,34.8,1.6,2025-11-06 06:00,2025-12-20 22:00,2025-12-20,76.0,0.475,False,True,False,True
SIG2797,SEC052,Signalling,37.3,9.7,2025-06-27 06:00,2025-08-14 22:00,2025-08-14,194.0,0.2,False,False,False,False
SIG2800,SEC056,Signalling,62.8,7.0,2025-11-04 06:00,2025-11-22 22:00,2025-11-22,199.5,0.285,False,False,False,True
SIG2805,SEC011,Signalling,34.3,5.1,2025-12-14 06:00,2026-01-30 22:00,2026-01-30,246.8,0.484,False,True,False,False
SIG2808,SEC055,Signalling,40.2,7.0,2025-04-20 06:00,2025-05-26 22:00,2025-05-26,147.7,0.211,False,True,False,True
SIG2809,SEC006,Signalling,99.3,2.8,2025-12-08 06:00,2025-12-11 22:00,2025-12-11,140.3,0.501,False,True,False,False
SIG2811,SEC025,Signalling,46.0,1.7,2025-06-06 06:00,2025-07-04 22:00,2025-07-04,81.9,0.482,False,True,False,True
SIG2817,SEC043,Signalling,25.1,11.6,2025-11-24 06:00,2026-02-10 22:00,2026-02-10,379.3,0.327,False,False,False,False
SIG2818,SEC046,Signalling,38.6,7.2,2025-11-15 06:00,2026-01-01 22:00,2026-01-01,194.4,0.27,False,True,False,True
SIG2821,SEC027,Signalling,83.4,10.6,2025-04-03 06:00,2025-04-12 22:00,2025-04-12,378.4,0.357,False,True,False,True
SIG2823,SEC069,Signalling,80.8,7.8,2025-09-12 06:00,2025-09-22 22:00,2025-09-22,156.0,0.2,False,True,False,False
SIG2824,SEC039,Signalling,63.9,10.1,2025-11-23 06:00,2025-12-11 22:00,2025-12-11,362.6,0.359,False,True,False,True
SIG2826,SEC035,Signalling,98.8,6.4,2025-08-10 06:00,2025-08-14 22:00,2025-08-14,308.5,0.482,False,True,False,False
SIG2827,SEC061,Signalling,39.0,7.0,2025-05-29 06:00,2025-07-09 22:00,2025-07-09,144.2,0.206,False,True,False,True
SIG2829,SEC069,Signalling,60.6,1.4,2025-09-26 06:00,2025-10-18 22:00,2025-10-18,28.0,0.2,False,False,False,True
SIG2831,SEC029,Signalling,85.7,6.9,2025-05-20 06:00,2025-05-29 22:00,2025-05-29,353.3,0.512,False,True,False,True
SIG2834,SEC033,Signalling,64.1,11.1,2025-05-30 06:00,2025-06-25 22:00,2025-06-25,546.1,0.492,False,False,False,True
SIG2835,SEC056,Signalling,81.6,5.6,2025-12-19 06:00,2025-12-31 22:00,2025-12-31,159.6,0.285,False,True,False,False
SIG2838,SEC043,Signalling,82.2,6.2,2025-10-20 06:00,2025-11-01 22:00,2025-11-01,202.7,0.327,False,False,False,True
SIG2841,SEC065,Signalling,82.5,1.4,2025-04-18 06:00,2025-04-26 22:00,2025-04-26,40.2,0.287,False,True,False,True
SIG2842,SEC066,Signalling,60.3,6.8,2025-07-14 06:00,2025-08-11 22:00,2025-08-11,183.6,0.27,False,True,False,True
SIG2845,SEC072,Signalling,61.7,8.0,2025-05-23 06:00,2025-06-12 22:00,2025-06-12,192.0,0.24,False,False,False,True
SIG2846,SEC014,Signalling,64.2,11.9,2025-10-30 06:00,2025-11-22 22:00,2025-11-22,540.3,0.454,False,True,False,False
SIG2847,SEC074,Signalling,61.2,9.4,2025-04-19 06:00,2025-05-11 22:00,2025-05-11,225.6,0.24,False,True,False,True
SIG2848,SEC072,Signalling,31.1,9.9,2025-02-21 06:00,2025-04-07 22:00,2025-04-07,237.6,0.24,False,False,False,True
SIG2850,SEC059,Signalling,61.7,8.7,2025-12-01 06:00,2025-12-18 22:00,2025-12-18,174.9,0.201,False,True,False,True
SIG2851,SEC032,Signalling,83.0,1.2,2025-08-19 06:00,2025-08-29 22:00,2025-08-29,41.9,0.349,False,False,False,False
SIG2852,SEC012,Signalling,62.6,1.8,2025-04-06 06:00,2025-05-03 22:00,2025-05-03,72.7,0.404,False,False,False,True
SIG2853,SEC048,Signalling,62.5,5.3,2025-06-15 06:00,2025-07-05 22:00,2025-07-05,155.3,0.293,False,True,False,True
SIG2854,SEC047,Signalling,62.4,6.5,2025-02-02 06:00,2025-02-16 22:00,2025-02-16,132.6,0.204,False,True,False,True
SIG2855,SEC027,Signalling,62.7,9.9,2025-01-06 06:00,2025-01-29 22:00,2025-01-29,353.4,0.357,False,True,False,False
SIG2856,SEC014,Signalling,84.1,5.4,2025-03-15 06:00,2025-03-27 22:00,2025-03-27,245.2,0.454,False,True,False,True
SIG2857,SEC051,Signalling,24.3,2.6,2025-11-26 06:00,2026-02-11 22:00,2026-02-11,67.1,0.258,False,False,False,True
SIG2858,SEC027,Signalling,96.7,3.6,2025-03-13 06:00,2025-03-18 22:00,2025-03-18,128.5,0.357,False,True,False,True
SIG2862,SEC029,Signalling,63.7,2.2,2025-09-20 06:00,2025-10-19 22:00,2025-10-19,112.6,0.512,False,False,False,True
SIG2864,SEC063,Signalling,94.0,8.0,2025-02-10 06:00,2025-02-17 22:00,2025-02-17,162.4,0.203,False,True,False,False
SIG2865,SEC032,Signalling,64.0,4.7,2025-02-01 06:00,2025-02-18 22:00,2025-02-18,164.0,0.349,False,True,False,False
SIG2870,SEC027,Signalling,97.2,3.8,2025-11-15 06:00,2025-11-18 22:00,2025-11-18,135.7,0.357,False,True,False,False
SIG2872,SEC066,Signalling,63.0,7.5,2025-05-09 06:00,2025-05-25 22:00,2025-05-25,202.5,0.27,False,True,False,True
SIG2873,SEC023,Signalling,97.7,10.0,2025-11-21 06:00,2025-11-28 22:00,2025-11-28,453.0,0.453,False,False,False,True
SIG2879,SEC024,Signalling,64.9,4.2,2025-03-08 06:00,2025-03-25 22:00,2025-03-25,173.5,0.413,False,True,False,True
SIG2881,SEC004,Signalling,97.5,10.2,2025-01-31 06:00,2025-02-07 22:00,2025-02-07,443.7,0.435,False,False,False,True
SIG2883,SEC042,Signalling,63.5,1.5,2025-06-25 06:00,2025-07-10 22:00,2025-07-10,43.6,0.291,False,True,False,True
SIG2884,SEC011,Signalling,84.8,1.3,2025-06-26 06:00,2025-07-07 22:00,2025-07-07,62.9,0.484,False,True,False,True
SIG2886,SEC053,Signalling,59.6,4.9,2025-04-26 06:00,2025-05-26 22:00,2025-05-26,122.5,0.25,False,False,False,True
SIG2887,SEC025,Signalling,43.6,11.5,2025-09-16 06:00,2025-10-25 22:00,2025-10-25,554.3,0.482,False,True,False,True
SIG2889,SEC033,Signalling,39.5,10.2,2025-05-03 06:00,2025-06-30 22:00,2025-06-30,501.8,0.492,False,True,False,False
SIG2893,SEC070,Signalling,59.7,10.2,2025-01-06 06:00,2025-02-03 22:00,2025-02-03,232.6,0.228,False,True,False,True
SIG2895,SEC042,Signalling,62.0,10.4,2025-12-14 06:00,2026-01-05 22:00,2026-01-05,302.6,0.291,False,False,False,False
SIG2899,SEC070,Signalling,60.8,11.4,2025-12-01 06:00,2025-12-24 22:00,2025-12-24,259.9,0.228,False,True,False,False
SIG2901,SEC073,Signalling,80.5,3.5,2025-02-06 06:00,2025-02-18 22:00,2025-02-18,72.8,0.208,False,False,False,True
SIG2902,SEC053,Signalling,37.4,1.3,2025-08-16 06:00,2025-10-06 22:00,2025-10-06,32.5,0.25,False,True,False,True
SIG2905,SEC031,Signalling,83.2,10.5,2025-05-12 06:00,2025-05-25 22:00,2025-05-25,425.2,0.405,False,False,False,True
SIG2906,SEC040,Signalling,40.0,7.4,2025-01-15 06:00,2025-02-23 22:00,2025-02-23,179.1,0.242,False,True,False,True
SIG2908,SEC001,Signalling,43.4,6.1,2025-05-28 06:00,2025-07-03 22:00,2025-07-03,259.9,0.426,False,False,False,False
SIG2915,SEC046,Signalling,39.5,7.7,2025-09-21 06:00,2025-11-03 22:00,2025-11-03,207.9,0.27,False,True,False,False
SIG2916,SEC042,Signalling,30.1,7.0,2025-08-28 06:00,2025-10-20 22:00,2025-10-20,203.7,0.291,False,True,False,True
SIG2918,SEC015,Signalling,39.8,8.3,2025-01-17 06:00,2025-03-12 22:00,2025-03-12,373.5,0.45,False,False,False,True
SIG2920,SEC071,Signalling,94.3,7.4,2025-07-29 06:00,2025-08-05 22:00,2025-08-05,164.3,0.222,False,True,False,True
SIG2922,SEC028,Signalling,66.7,4.4,2025-03-26 06:00,2025-04-11 22:00,2025-04-11,228.4,0.519,False,False,False,True
SIG2924,SEC064,Signalling,27.4,3.2,2025-01-22 06:00,2025-03-25 22:00,2025-03-25,78.4,0.245,False,True,False,True
SIG2925,SEC021,Signalling,64.8,11.5,2025-01-17 06:00,2025-02-05 22:00,2025-02-05,501.4,0.436,False,False,False,True
SIG2927,SEC034,Signalling,41.4,5.3,2025-08-26 06:00,2025-10-04 22:00,2025-10-04,179.7,0.339,False,True,False,True
SIG2928,SEC052,Signalling,81.0,9.3,2025-07-25 06:00,2025-08-03 22:00,2025-08-03,186.0,0.2,False,False,False,True
SIG2929,SEC045,Signalling,62.7,6.8,2025-11-28 06:00,2025-12-16 22:00,2025-12-16,190.4,0.28,False,True,False,True
SIG2930,SEC021,Signalling,43.8,1.9,2025-08-31 06:00,2025-10-05 22:00,2025-10-05,82.8,0.436,False,False,False,True
SIG2931,SEC041,Signalling,61.4,3.4,2025-11-25 06:00,2025-12-14 22:00,2025-12-14,71.4,0.21,False,False,False,False
SIG2933,SEC069,Signalling,24.5,8.6,2025-01-30 06:00,2025-04-12 22:00,2025-04-12,172.0,0.2,False,True,False,False
SIG2934,SEC045,Signalling,81.5,6.6,2025-05-10 06:00,2025-05-22 22:00,2025-05-22,184.8,0.28,False,False,False,True
SIG2935,SEC068,Signalling,96.4,6.5,2025-05-28 06:00,2025-05-31 22:00,2025-05-31,198.9,0.306,False,False,False,True
SIG2937,SEC013,Signalling,84.2,5.0,2025-04-24 06:00,2025-05-07 22:00,2025-05-07,237.5,0.475,False,True,False,False
SIG2938,SEC010,Signalling,42.7,11.0,2025-11-23 06:00,2026-01-04 22:00,2026-01-04,514.8,0.468,False,False,False,True
SIG2939,SEC044,Signalling,61.3,6.7,2025-05-14 06:00,2025-06-12 22:00,2025-06-12,232.5,0.347,False,False,False,True
SIG2940,SEC041,Signalling,59.2,11.7,2025-05-29 06:00,2025-06-27 22:00,2025-06-27,245.7,0.21,False,True,False,False
SIG2941,SEC048,Signalling,95.6,2.8,2025-04-18 06:00,2025-04-24 22:00,2025-04-24,82.0,0.293,False,True,False,True
SIG2944,SEC048,Signalling,81.3,2.8,2025-12-05 06:00,2025-12-19 22:00,2025-12-19,82.0,0.293,False,True,False,True
SIG2945,SEC004,Signalling,27.4,6.4,2025-09-12 06:00,2025-11-26 22:00,2025-11-26,278.4,0.435,False,False,False,True
SIG2947,SEC049,Signalling,23.3,5.1,2025-08-03 06:00,2025-10-28 22:00,2025-10-28,167.8,0.329,False,False,False,True
SIG2948,SEC025,Signalling,84.1,8.5,2025-10-30 06:00,2025-11-13 22:00,2025-11-13,409.7,0.482,False,True,False,True
SIG2950,SEC069,Signalling,60.2,4.6,2025-04-17 06:00,2025-05-11 22:00,2025-05-11,92.0,0.2,False,False,False,True
SIG2956,SEC008,Signalling,65.5,3.3,2025-01-31 06:00,2025-02-17 22:00,2025-02-17,150.2,0.455,False,True,False,True
SIG2957,SEC071,Signalling,39.2,4.0,2025-11-11 06:00,2025-12-22 22:00,2025-12-22,88.8,0.222,False,False,False,True
SIG2958,SEC002,Signalling,42.8,5.4,2025-06-17 06:00,2025-07-20 22:00,2025-07-20,184.1,0.341,False,False,False,False
SIG2962,SEC036,Signalling,45.7,10.2,2025-12-06 06:00,2026-01-07 22:00,2026-01-07,531.4,0.521,False,True,False,False
SIG2964,SEC017,Signalling,83.5,5.2,2025-06-24 06:00,2025-07-04 22:00,2025-07-04,199.7,0.384,False,True,False,True
SIG2965,SEC059,Signalling,38.7,4.9,2025-02-24 06:00,2025-04-07 22:00,2025-04-07,98.5,0.201,False,False,False,True
SIG2969,SEC002,Signalling,82.7,9.7,2025-06-30 06:00,2025-07-11 22:00,2025-07-11,330.8,0.341,False,False,False,False
SIG2970,SEC038,Signalling,98.0,11.2,2025-07-05 06:00,2025-07-08 22:00,2025-07-08,460.3,0.411,False,True,False,False
SIG2974,SEC068,Signalling,81.9,2.7,2025-09-26 06:00,2025-10-08 22:00,2025-10-08,82.6,0.306,False,True,False,True
SIG2975,SEC029,Signalling,44.7,5.9,2025-08-10 06:00,2025-09-15 22:00,2025-09-15,302.1,0.512,False,True,False,True
SIG2978,SEC069,Signalling,35.8,9.5,2025-12-15 06:00,2026-02-08 22:00,2026-02-08,190.0,0.2,False,True,False,False
SIG2979,SEC074,Signalling,60.1,1.4,2025-06-15 06:00,2025-07-12 22:00,2025-07-12,33.6,0.24,False,True,False,False
SIG2981,SEC005,Signalling,45.8,1.6,2025-01-07 06:00,2025-02-08 22:00,2025-02-08,84.5,0.528,False,True,False,True
SIG2984,SEC026,Signalling,85.1,9.2,2025-06-14 06:00,2025-06-26 22:00,2025-06-26,474.7,0.516,False,False,False,False
SIG2993,SEC026,Signalling,39.6,3.6,2025-08-31 06:00,2025-10-29 22:00,2025-10-29,185.8,0.516,False,True,False,True
SIG2994,SEC006,Signalling,43.2,2.4,2025-04-27 06:00,2025-06-08 22:00,2025-06-08,120.2,0.501,False,True,False,True
SIG2998,SEC054,Signalling,80.1,1.3,2025-04-19 06:00,2025-05-04 22:00,2025-05-04,29.5,0.227,False,False,False,True
SIG2999,SEC001,Signalling,83.1,2.7,2025-11-22 06:00,2025-12-07 22:00,2025-12-07,115.0,0.426,False,True,False,False
SIG3000,SEC009,Signalling,39.9,6.5,2025-05-01 06:00,2025-06-21 22:00,2025-06-21,271.7,0.418,False,False,False,False
