block_id,section_id,start_time,end_time,duration_hours,task_count,task_ids,departments,resource_requirements
BLK00001,SEC001,2025-01-05 00:31,2025-01-05 16:45,16.23,2,SIG0279;TRC0238,Signalling;Traction,signal
BLK00002,SEC001,2025-01-07 06:00,2025-01-07 15:00,9.0,1,SIG0634,Signalling,none
BLK00003,SEC001,2025-02-10 06:00,2025-02-10 20:59,14.98,2,ENG0544;SIG0584,Engineering;Signalling,track
BLK00004,SEC001,2025-04-03 06:00,2025-04-03 21:59,15.98,2,ENG1440;SIG2533,Engineering;Signalling,track
BLK00005,SEC001,2025-05-01 06:00,2025-05-01 12:30,6.5,1,SIG2141,Signalling,none
BLK00006,SEC001,2025-05-19 06:00,2025-05-19 18:00,12.0,1,ENG2924,Engineering,track
BLK00007,SEC001,2025-05-25 06:00,2025-05-26 03:59,21.98,3,SIG1279;TRC2813;TRC2950,Signalling;Traction,power;signal
BLK00008,SEC001,2025-06-09 06:00,2025-06-09 14:45,8.75,1,SIG0989,Signalling,none
BLK00009,SEC001,2025-06-12 06:00,2025-06-12 15:30,9.5,1,TRC2478,Traction,none
BLK00010,SEC001,2025-06-20 06:00,2025-06-20 10:45,4.75,1,SIG2767,Signalling,none
BLK00011,SEC001,2025-07-18 06:00,2025-07-18 16:45,10.75,1,ENG0522,Engineering,track
BLK00012,SEC001,2025-07-21 06:00,2025-07-21 08:30,2.5,1,ENG3536,Engineering,track
BLK00013,SEC001,2025-08-04 06:00,2025-08-04 08:15,2.25,1,SIG0260,Signalling,none
BLK00014,SEC001,2025-08-09 06:00,2025-08-09 17:15,11.25,1,SIG0268,Signalling,signal
BLK00015,SEC001,2025-08-23 14:29,2025-08-23 16:29,2.0,1,SIG2253,Signalling,none
BLK00016,SEC001,2025-09-02 06:00,2025-09-02 16:15,10.25,1,SIG2712,Signalling,none
BLK00017,SEC001,2025-09-05 06:00,2025-09-05 17:14,11.23,2,ENG0393;SIG1281,Engineering;Signalling,track
BLK00018,SEC001,2025-09-09 06:00,2025-09-09 08:30,2.5,1,SIG0710,Signalling,signal
BLK00019,SEC001,2025-09-12 06:00,2025-09-12 16:45,10.75,2,TRC1830;ENG1887,Engineering;Traction,track
BLK00020,SEC001,2025-09-19 06:00,2025-09-19 15:30,9.5,1,ENG0394,Engineering,track
BLK00021,SEC001,2025-09-20 06:00,2025-09-20 14:30,8.5,1,ENG3192,Engineering,track
BLK00022,SEC001,2025-10-05 06:00,2025-10-05 18:00,12.0,1,TRC0491,Traction,none
BLK00023,SEC001,2025-11-12 06:00,2025-11-12 09:45,3.75,1,ENG0603,Engineering,track
BLK00024,SEC001,2025-11-18 00:16,2025-11-18 12:45,12.48,2,TRC0444;TRC2671,Traction,none
BLK00025,SEC001,2025-11-22 06:00,2025-11-22 08:45,2.75,1,SIG2999,Signalling,signal
BLK00026,SEC001,2025-12-10 06:00,2025-12-10 13:30,7.5,1,SIG2255,Signalling,none
BLK00027,SEC002,2025-01-07 06:00,2025-01-07 07:15,1.25,1,TRC1240,Traction,none
BLK00028,SEC002,2025-01-11 06:00,2025-01-11 07:30,1.5,1,SIG2326,Signalling,none
BLK00029,SEC002,2025-02-04 22:47,2025-02-05 08:45,9.97,3,TRC0598;TRC2828;SIG2553,Signalling;Traction,power;signal
BLK00030,SEC002,2025-02-20 06:00,2025-02-20 12:00,6.0,1,ENG0917,Engineering,track
BLK00031,SEC002,2025-02-21 06:00,2025-02-21 17:00,11.0,1,SIG2644,Signalling,none
BLK00032,SEC002,2025-02-25 06:00,2025-02-25 10:30,4.5,1,SIG1844,Signalling,signal
BLK00033,SEC002,2025-02-27 06:00,2025-02-27 10:30,4.5,1,ENG0850,Engineering,track
BLK00034,SEC002,2025-03-31 06:00,2025-03-31 12:15,6.25,1,ENG0841,Engineering,track
BLK00035,SEC002,2025-04-08 06:00,2025-04-08 16:00,10.0,1,SIG1981,Signalling,signal
BLK00036,SEC002,2025-05-04 06:00,2025-05-04 14:15,8.25,1,SIG1661,Signalling,signal
BLK00037,SEC002,2025-05-26 06:00,2025-05-26 14:30,8.5,1,ENG0234,Engineering,track
BLK00038,SEC002,2025-05-29 06:00,2025-05-29 11:15,5.25,1,SIG0067,Signalling,none
BLK00039,SEC002,2025-06-05 06:00,2025-06-05 10:30,4.5,1,TRC0276,Traction,power
BLK00040,SEC002,2025-06-17 06:00,2025-06-17 17:30,11.5,1,SIG1843,Signalling,signal
BLK00041,SEC002,2025-06-26 06:00,2025-06-26 17:00,11.0,1,ENG0074,Engineering,track
BLK00042,SEC002,2025-06-30 06:00,2025-06-30 15:45,9.75,1,SIG2969,Signalling,none
BLK00043,SEC002,2025-07-09 06:00,2025-07-09 17:30,11.5,1,SIG0772,Signalling,signal
BLK00044,SEC002,2025-07-11 06:00,2025-07-11 15:30,9.5,1,ENG0034,Engineering,track
BLK00045,SEC002,2025-07-21 06:00,2025-07-21 13:30,7.5,1,TRC0127,Traction,none
BLK00046,SEC002,2025-07-27 06:00,2025-07-27 07:30,1.5,1,ENG3704,Engineering,track
BLK00047,SEC002,2025-08-04 06:00,2025-08-04 15:30,9.5,1,TRC1244,Traction,power
BLK00048,SEC002,2025-08-16 06:00,2025-08-16 16:45,10.75,1,TRC1247,Traction,none
BLK00049,SEC002,2025-09-11 06:00,2025-09-11 10:30,4.5,1,ENG2925,Engineering,track
BLK00050,SEC002,2025-09-19 04:45,2025-09-19 18:29,13.73,3,TRC1350;ENG1625;TRC2326,Engineering;Traction,power;track
BLK00051,SEC002,2025-10-05 06:00,2025-10-05 11:45,5.75,1,ENG2366,Engineering,track
BLK00052,SEC002,2025-10-06 06:00,2025-10-06 14:45,8.75,1,SIG1261,Signalling,signal
BLK00053,SEC002,2025-10-12 06:00,2025-10-12 15:30,9.5,1,ENG2653,Engineering,track
BLK00054,SEC002,2025-10-25 06:00,2025-10-25 09:45,3.75,1,ENG1552,Engineering,track
BLK00055,SEC002,2025-11-06 06:00,2025-11-06 16:45,10.75,1,ENG0669,Engineering,track
BLK00056,SEC002,2025-12-20 06:00,2025-12-20 07:30,1.5,1,SIG1703,Signalling,signal
BLK00057,SEC003,2025-02-23 06:00,2025-02-23 07:30,1.5,1,TRC0918,Traction,power
BLK00058,SEC003,2025-02-24 06:00,2025-02-24 17:45,11.75,1,TRC1419,Traction,power
BLK00059,SEC003,2025-02-25 06:00,2025-02-25 12:30,6.5,1,ENG0934,Engineering,track
BLK00060,SEC003,2025-03-14 06:00,2025-03-14 14:15,8.25,1,ENG2588,Engineering,track
BLK00061,SEC003,2025-03-25 06:00,2025-03-25 13:00,7.0,2,SIG1260;TRC2541,Signalling;Traction,signal
BLK00062,SEC003,2025-04-09 06:00,2025-04-09 17:30,11.5,2,TRC1873;SIG1497,Signalling;Traction,power
BLK00063,SEC003,2025-04-14 06:00,2025-04-14 08:15,2.25,1,SIG2592,Signalling,none
BLK00064,SEC003,2025-05-04 11:44,2025-05-04 19:29,7.75,1,SIG2447,Signalling,signal
BLK00065,SEC003,2025-05-06 06:00,2025-05-06 14:30,8.5,1,ENG3160,Engineering,track
BLK00066,SEC003,2025-05-06 20:46,2025-05-07 18:00,21.23,2,SIG1085;SIG2661,Signalling,none
BLK00067,SEC003,2025-05-10 06:00,2025-05-10 08:30,2.5,1,SIG0106,Signalling,none
BLK00068,SEC003,2025-05-15 06:00,2025-05-15 13:45,7.75,1,TRC0316,Traction,power
BLK00069,SEC003,2025-05-24 06:00,2025-05-24 17:45,11.75,1,TRC0066,Traction,power
BLK00070,SEC003,2025-06-02 06:00,2025-06-02 11:30,5.5,1,SIG2513,Signalling,none
BLK00071,SEC003,2025-06-17 06:00,2025-06-17 11:30,5.5,1,ENG0007,Engineering,track
BLK00072,SEC003,2025-06-18 06:00,2025-06-18 17:00,11.0,1,ENG0378,Engineering,track
BLK00073,SEC003,2025-06-26 06:00,2025-06-26 15:45,9.75,1,ENG2277,Engineering,track
BLK00074,SEC003,2025-07-02 06:00,2025-07-02 15:30,9.5,1,SIG2719,Signalling,signal
BLK00075,SEC003,2025-07-13 06:00,2025-07-13 13:00,7.0,1,SIG2634,Signalling,signal
BLK00076,SEC003,2025-08-02 06:00,2025-08-02 17:00,11.0,2,TRC2884;SIG1456,Signalling;Traction,power
BLK00077,SEC003,2025-08-07 06:00,2025-08-07 14:15,8.25,1,SIG0837,Signalling,signal
BLK00078,SEC003,2025-08-14 19:31,2025-08-15 12:45,17.23,2,ENG2404;TRC2588,Engineering;Traction,power;track
BLK00079,SEC003,2025-09-01 06:00,2025-09-01 10:00,4.0,1,ENG0511,Engineering,track
BLK00080,SEC003,2025-09-06 06:00,2025-09-06 12:00,6.0,1,ENG1753,Engineering,track
BLK00081,SEC003,2025-09-17 06:00,2025-09-17 15:30,9.5,1,SIG1897,Signalling,none
BLK00082,SEC003,2025-09-20 06:00,2025-09-20 07:45,1.75,1,ENG1696,Engineering,track
BLK00083,SEC003,2025-10-11 06:00,2025-10-11 12:45,6.75,1,ENG3441,Engineering,track
BLK00084,SEC003,2025-10-29 06:00,2025-10-29 08:45,2.75,1,SIG0910,Signalling,signal
BLK00085,SEC003,2025-11-18 06:00,2025-11-18 12:15,6.25,1,SIG1474,Signalling,signal
BLK00086,SEC003,2025-11-26 06:00,2025-11-26 11:45,5.75,1,ENG2520,Engineering,track
BLK00087,SEC003,2025-12-05 06:00,2025-12-05 08:30,2.5,1,SIG0536,Signalling,none
BLK00088,SEC004,2025-01-12 06:00,2025-01-12 13:30,7.5,1,ENG0190,Engineering,track
BLK00089,SEC004,2025-01-17 06:00,2025-01-17 15:00,9.0,1,ENG2617,Engineering,track
BLK00090,SEC004,2025-01-21 06:00,2025-01-21 16:30,10.5,1,SIG2777,Signalling,signal
BLK00091,SEC004,2025-01-31 06:00,2025-01-31 18:14,12.23,2,SIG2130;ENG1279,Engineering;Signalling,signal;track
BLK00092,SEC004,2025-02-03 06:00,2025-02-03 16:15,10.25,1,ENG0219,Engineering,track
BLK00093,SEC004,2025-02-05 06:00,2025-02-05 15:00,9.0,1,TRC2803,Traction,power
BLK00094,SEC004,2025-02-06 06:00,2025-02-06 17:15,11.25,1,TRC1760,Traction,none
BLK00095,SEC004,2025-02-10 06:00,2025-02-10 16:45,10.75,1,SIG0988,Signalling,none
BLK00096,SEC004,2025-02-28 06:00,2025-02-28 11:30,5.5,1,TRC2435,Traction,power
BLK00097,SEC004,2025-03-01 06:00,2025-03-01 17:30,11.5,1,SIG0774,Signalling,signal
BLK00098,SEC004,2025-03-10 06:00,2025-03-10 15:30,9.5,1,TRC0575,Traction,power
BLK00099,SEC004,2025-03-22 06:00,2025-03-22 14:15,8.25,1,ENG1389,Engineering,track
BLK00100,SEC004,2025-05-25 06:00,2025-05-25 11:15,5.25,1,ENG2624,Engineering,track
BLK00101,SEC004,2025-06-06 06:00,2025-06-06 15:00,9.0,1,ENG1366,Engineering,track
BLK00102,SEC004,2025-06-18 06:00,2025-06-18 08:45,2.75,1,TRC2687,Traction,none
BLK00103,SEC004,2025-06-20 06:00,2025-06-20 15:45,9.75,1,ENG3655,Engineering,track
BLK00104,SEC004,2025-07-22 06:00,2025-07-22 17:30,11.5,1,ENG3703,Engineering,track
BLK00105,SEC004,2025-09-14 06:00,2025-09-14 21:44,15.73,5,ENG3773;SIG0692;SIG0784;SIG1081;SIG2945,Engineering;Signalling,signal;track
BLK00106,SEC004,2025-09-28 06:00,2025-09-28 08:00,2.0,1,TRC0787,Traction,none
BLK00107,SEC004,2025-10-04 06:00,2025-10-04 16:00,10.0,1,ENG0706,Engineering,track
BLK00108,SEC004,2025-10-15 06:00,2025-10-15 15:30,9.5,1,ENG0558,Engineering,track
BLK00109,SEC004,2025-10-18 06:00,2025-10-18 14:30,8.5,1,ENG1354,Engineering,track
BLK00110,SEC004,2025-10-22 06:00,2025-10-22 15:45,9.75,1,SIG2251,Signalling,none
BLK00111,SEC004,2025-10-28 06:00,2025-10-28 10:45,4.75,1,ENG0922,Engineering,track
BLK00112,SEC004,2025-10-29 06:00,2025-10-29 09:30,3.5,1,ENG3738,Engineering,track
BLK00113,SEC004,2025-10-31 06:00,2025-10-31 16:30,10.5,1,ENG0276,Engineering,track
BLK00114,SEC004,2025-11-03 06:00,2025-11-03 09:45,3.75,1,TRC2621,Traction,power
BLK00115,SEC004,2025-11-04 06:00,2025-11-04 17:45,11.75,1,SIG1011,Signalling,none
BLK00116,SEC004,2025-11-19 06:00,2025-11-19 14:30,8.5,1,SIG0034,Signalling,signal
BLK00117,SEC004,2025-12-16 06:00,2025-12-16 08:30,2.5,1,ENG2332,Engineering,track
BLK00118,SEC005,2025-02-04 06:00,2025-02-04 09:45,3.75,1,ENG0582,Engineering,track
BLK00119,SEC005,2025-04-05 05:15,2025-04-05 12:29,7.23,2,SIG1531;TRC2802,Signalling;Traction,power;signal
BLK00120,SEC005,2025-04-07 06:00,2025-04-07 10:45,4.75,1,SIG0118,Signalling,signal
BLK00121,SEC005,2025-04-14 06:00,2025-04-14 08:30,2.5,1,ENG1578,Engineering,track
BLK00122,SEC005,2025-05-04 06:00,2025-05-04 10:30,4.5,1,SIG1678,Signalling,signal
BLK00123,SEC005,2025-05-27 06:00,2025-05-27 08:00,2.0,1,SIG2134,Signalling,none
BLK00124,SEC005,2025-06-09 06:00,2025-06-09 14:00,8.0,1,ENG2158,Engineering,track
BLK00125,SEC005,2025-06-29 06:00,2025-06-29 07:15,1.25,1,ENG0338,Engineering,track
BLK00126,SEC005,2025-07-06 06:00,2025-07-06 10:45,4.75,1,ENG1071,Engineering,track
BLK00127,SEC005,2025-07-11 23:31,2025-07-12 16:45,17.23,2,TRC0573;SIG2531,Signalling;Traction,power;signal
BLK00128,SEC005,2025-08-29 06:00,2025-08-29 10:00,4.0,1,SIG1754,Signalling,signal
BLK00129,SEC005,2025-09-02 06:00,2025-09-02 17:15,11.25,1,ENG2804,Engineering,track
BLK00130,SEC005,2025-09-10 06:00,2025-09-10 15:15,9.25,1,ENG0954,Engineering,track
BLK00131,SEC005,2025-09-19 06:00,2025-09-19 09:30,3.5,1,TRC1009,Traction,power
BLK00132,SEC005,2025-09-28 06:00,2025-09-28 09:30,3.5,1,SIG2124,Signalling,signal
BLK00133,SEC005,2025-10-16 06:00,2025-10-16 15:00,9.0,1,TRC0267,Traction,power
BLK00134,SEC005,2025-10-29 06:00,2025-10-29 14:00,8.0,1,TRC0555,Traction,none
BLK00135,SEC005,2025-11-14 06:00,2025-11-14 12:00,6.0,1,TRC0928,Traction,power
BLK00136,SEC006,2025-01-06 06:00,2025-01-06 15:15,9.25,1,ENG2711,Engineering,track
BLK00137,SEC006,2025-01-25 06:00,2025-01-25 13:30,7.5,1,SIG0496,Signalling,signal
BLK00138,SEC006,2025-01-26 06:00,2025-01-26 15:30,9.5,1,SIG0140,Signalling,none
BLK00139,SEC006,2025-01-27 06:00,2025-01-27 07:30,1.5,1,ENG0425,Engineering,track
BLK00140,SEC006,2025-02-03 22:31,2025-02-04 14:15,15.73,2,TRC2901;ENG0295,Engineering;Traction,power;track
BLK00141,SEC006,2025-02-06 06:00,2025-02-06 10:00,4.0,1,ENG3922,Engineering,track
BLK00142,SEC006,2025-02-12 06:00,2025-02-12 07:45,1.75,1,SIG1822,Signalling,none
BLK00143,SEC006,2025-02-16 06:00,2025-02-16 17:45,11.75,1,ENG3541,Engineering,track
BLK00144,SEC006,2025-02-27 06:00,2025-02-27 15:30,9.5,1,TRC1103,Traction,power
BLK00145,SEC006,2025-03-14 06:00,2025-03-14 17:00,11.0,2,SIG1366;ENG1274,Engineering;Signalling,signal;track
BLK00146,SEC006,2025-03-25 06:00,2025-03-25 10:30,4.5,1,TRC0744,Traction,none
BLK00147,SEC006,2025-03-27 06:00,2025-03-27 15:45,9.75,1,ENG3606,Engineering,track
BLK00148,SEC006,2025-04-07 06:00,2025-04-07 08:00,2.0,1,SIG2287,Signalling,signal
BLK00149,SEC006,2025-04-13 06:00,2025-04-13 08:15,2.25,1,SIG2792,Signalling,none
BLK00150,SEC006,2025-05-14 06:00,2025-05-14 09:00,3.0,1,ENG0301,Engineering,track
BLK00151,SEC006,2025-06-01 06:00,2025-06-01 13:45,7.75,1,TRC2911,Traction,none
BLK00152,SEC006,2025-06-16 06:00,2025-06-16 17:29,11.48,2,SIG2025;TRC2379,Signalling;Traction,signal
BLK00153,SEC006,2025-06-18 06:00,2025-06-18 19:29,13.48,3,ENG1969;TRC0230;TRC0322,Engineering;Traction,power;track
BLK00154,SEC006,2025-06-19 06:00,2025-06-19 13:00,7.0,1,SIG1132,Signalling,none
BLK00155,SEC006,2025-06-26 06:00,2025-06-26 13:45,7.75,1,SIG0068,Signalling,signal
BLK00156,SEC006,2025-06-28 06:00,2025-06-28 10:00,4.0,1,ENG2957,Engineering,track
BLK00157,SEC006,2025-07-01 06:00,2025-07-01 12:15,6.25,1,SIG0214,Signalling,none
BLK00158,SEC006,2025-09-02 06:00,2025-09-02 17:30,11.5,1,ENG0607,Engineering,track
BLK00159,SEC006,2025-09-13 06:00,2025-09-13 17:45,11.75,1,ENG1110,Engineering,track
BLK00160,SEC006,2025-09-21 06:00,2025-09-21 14:30,8.5,1,SIG0814,Signalling,signal
BLK00161,SEC006,2025-10-15 06:00,2025-10-15 11:30,5.5,1,SIG0013,Signalling,none
BLK00162,SEC006,2025-10-20 06:00,2025-10-20 13:00,7.0,1,TRC0668,Traction,power
BLK00163,SEC006,2025-11-09 06:00,2025-11-09 07:15,1.25,1,ENG1079,Engineering,track
BLK00164,SEC006,2025-11-10 06:00,2025-11-10 08:30,2.5,1,ENG1890,Engineering,track
BLK00165,SEC006,2025-12-15 01:59,2025-12-15 11:29,9.5,2,SIG1245;TRC1021,Signalling;Traction,none
BLK00166,SEC007,2025-01-08 06:00,2025-01-08 14:30,8.5,1,SIG1713,Signalling,none
BLK00167,SEC007,2025-01-30 16:00,2025-01-31 00:14,8.23,2,TRC0967;SIG1155,Signalling;Traction,signal
BLK00168,SEC007,2025-02-18 06:00,2025-02-18 12:15,6.25,1,ENG2963,Engineering,track
BLK00169,SEC007,2025-03-06 06:00,2025-03-06 10:00,4.0,1,ENG1498,Engineering,track
BLK00170,SEC007,2025-05-22 06:00,2025-05-22 13:00,7.0,1,ENG1382,Engineering,track
BLK00171,SEC007,2025-06-02 03:16,2025-06-02 14:00,10.73,2,SIG2679;SIG1289,Signalling,signal
BLK00172,SEC007,2025-06-21 06:00,2025-06-21 12:30,6.5,1,ENG1310,Engineering,track
BLK00173,SEC007,2025-06-22 06:00,2025-06-22 10:30,4.5,1,TRC1644,Traction,power
BLK00174,SEC007,2025-06-27 06:00,2025-06-27 14:45,8.75,1,ENG2137,Engineering,track
BLK00175,SEC007,2025-07-07 06:00,2025-07-07 17:30,11.5,1,TRC0224,Traction,none
BLK00176,SEC007,2025-07-18 06:00,2025-07-18 15:30,9.5,1,ENG2935,Engineering,track
BLK00177,SEC007,2025-07-27 06:00,2025-07-27 11:00,5.0,1,ENG2648,Engineering,track
BLK00178,SEC007,2025-09-19 06:00,2025-09-19 08:30,2.5,1,TRC2709,Traction,power
BLK00179,SEC007,2025-09-26 06:00,2025-09-26 08:45,2.75,1,ENG1152,Engineering,track
BLK00180,SEC007,2025-10-09 06:00,2025-10-09 16:45,10.75,1,SIG0951,Signalling,signal
BLK00181,SEC007,2025-10-29 06:00,2025-10-29 13:30,7.5,1,SIG0876,Signalling,none
BLK00182,SEC007,2025-11-13 06:00,2025-11-13 09:00,3.0,1,ENG2620,Engineering,track
BLK00183,SEC007,2025-11-21 06:00,2025-11-21 09:00,3.0,1,SIG0161,Signalling,signal
BLK00184,SEC007,2025-12-17 06:00,2025-12-17 15:00,9.0,2,TRC1202;SIG1045,Signalling;Traction,none
BLK00185,SEC008,2025-01-04 06:00,2025-01-04 09:00,3.0,1,TRC1957,Traction,power
BLK00186,SEC008,2025-01-09 15:44,2025-01-10 02:14,10.5,1,SIG0178,Signalling,signal
BLK00187,SEC008,2025-01-14 06:00,2025-01-14 09:15,3.25,1,TRC0660,Traction,power
BLK00188,SEC008,2025-01-17 06:00,2025-01-18 01:14,19.23,2,SIG1915;ENG2674,Engineering;Signalling,track
BLK00189,SEC008,2025-01-27 06:00,2025-01-27 17:00,11.0,1,TRC2791,Traction,power
BLK00190,SEC008,2025-01-28 06:00,2025-01-28 11:30,5.5,1,SIG1193,Signalling,none
BLK00191,SEC008,2025-01-30 06:00,2025-01-30 08:45,2.75,1,TRC2981,Traction,none
BLK00192,SEC008,2025-01-31 06:00,2025-01-31 09:30,3.5,1,SIG2956,Signalling,signal
BLK00193,SEC008,2025-02-07 06:00,2025-02-07 14:30,8.5,1,ENG2194,Engineering,track
BLK00194,SEC008,2025-02-08 06:00,2025-02-08 16:30,10.5,1,TRC1766,Traction,power
BLK00195,SEC008,2025-02-20 06:00,2025-02-20 07:15,1.25,1,ENG3171,Engineering,track
BLK00196,SEC008,2025-03-02 06:00,2025-03-02 11:30,5.5,1,ENG2482,Engineering,track
BLK00197,SEC008,2025-03-17 06:00,2025-03-17 16:00,10.0,1,ENG0838,Engineering,track
BLK00198,SEC008,2025-03-20 06:00,2025-03-20 08:00,2.0,1,ENG1329,Engineering,track
BLK00199,SEC008,2025-04-04 06:00,2025-04-04 10:45,4.75,1,ENG1207,Engineering,track
BLK00200,SEC008,2025-04-19 06:00,2025-04-19 11:00,5.0,1,SIG2617,Signalling,none
BLK00201,SEC008,2025-04-26 06:00,2025-04-26 09:45,3.75,1,TRC0372,Traction,none
BLK00202,SEC008,2025-05-16 06:00,2025-05-16 10:15,4.25,1,ENG0352,Engineering,track
BLK00203,SEC008,2025-05-19 06:00,2025-05-19 16:45,10.75,1,TRC0544,Traction,none
BLK00204,SEC008,2025-06-01 06:00,2025-06-01 15:15,9.25,1,ENG1248,Engineering,track
BLK00205,SEC008,2025-06-05 06:00,2025-06-05 15:45,9.75,1,TRC2888,Traction,power
BLK00206,SEC008,2025-06-06 06:00,2025-06-06 15:00,9.0,1,TRC1841,Traction,power
BLK00207,SEC008,2025-06-09 06:00,2025-06-09 17:30,11.5,1,SIG0744,Signalling,signal
BLK00208,SEC008,2025-06-13 06:00,2025-06-13 09:15,3.25,1,TRC2838,Traction,none
BLK00209,SEC008,2025-06-22 06:00,2025-06-22 08:15,2.25,1,SIG1522,Signalling,signal
BLK00210,SEC008,2025-06-30 06:00,2025-06-30 16:15,10.25,1,TRC2598,Traction,none
BLK00211,SEC008,2025-07-06 06:00,2025-07-06 10:00,4.0,1,ENG3886,Engineering,track
BLK00212,SEC008,2025-07-29 06:00,2025-07-29 13:00,7.0,1,TRC0185,Traction,none
BLK00213,SEC008,2025-08-19 06:00,2025-08-19 17:15,11.25,1,ENG2444,Engineering,track
BLK00214,SEC008,2025-08-23 06:00,2025-08-23 15:30,9.5,1,ENG2178,Engineering,track
BLK00215,SEC008,2025-09-16 06:00,2025-09-16 13:30,7.5,2,TRC2660;TRC0864,Traction,none
BLK00216,SEC008,2025-10-08 21:01,2025-10-09 13:15,16.23,2,ENG0263;SIG2204,Engineering;Signalling,signal;track
BLK00217,SEC008,2025-10-15 06:00,2025-10-15 10:15,4.25,1,SIG2385,Signalling,signal
BLK00218,SEC008,2025-10-23 06:00,2025-10-23 14:30,8.5,1,SIG1272,Signalling,none
BLK00219,SEC008,2025-11-09 06:00,2025-11-09 17:15,11.25,1,ENG3162,Engineering,track
BLK00220,SEC008,2025-11-10 06:00,2025-11-10 15:45,9.75,1,ENG1691,Engineering,track
BLK00221,SEC008,2025-11-25 06:00,2025-11-25 10:00,4.0,1,TRC2586,Traction,power
BLK00222,SEC008,2025-12-19 06:00,2025-12-19 14:30,8.5,1,SIG2205,Signalling,signal
BLK00223,SEC009,2025-01-29 06:00,2025-01-29 20:14,14.23,2,TRC0576;SIG0275,Signalling;Traction,power
BLK00224,SEC009,2025-02-05 06:00,2025-02-05 14:00,8.0,1,ENG1598,Engineering,track
BLK00225,SEC009,2025-02-21 06:00,2025-02-21 11:30,5.5,1,TRC1347,Traction,power
BLK00226,SEC009,2025-02-24 06:00,2025-02-24 15:00,9.0,1,ENG0962,Engineering,track
BLK00227,SEC009,2025-03-02 06:00,2025-03-02 11:30,5.5,1,ENG2768,Engineering,track
BLK00228,SEC009,2025-03-07 06:00,2025-03-07 10:00,4.0,1,SIG1219,Signalling,none
BLK00229,SEC009,2025-03-25 06:00,2025-03-25 17:15,11.25,1,SIG0596,Signalling,signal
BLK00230,SEC009,2025-03-27 06:00,2025-03-27 14:45,8.75,1,SIG0329,Signalling,signal
BLK00231,SEC009,2025-04-21 09:59,2025-04-21 15:14,5.25,1,SIG1699,Signalling,none
BLK00232,SEC009,2025-04-26 06:00,2025-04-26 08:30,2.5,2,TRC0239;SIG2171,Signalling;Traction,none
BLK00233,SEC009,2025-05-01 06:00,2025-05-01 12:30,6.5,1,SIG3000,Signalling,none
BLK00234,SEC009,2025-05-13 06:00,2025-05-13 14:15,8.25,1,SIG0179,Signalling,signal
BLK00235,SEC009,2025-06-18 06:00,2025-06-18 11:30,5.5,1,SIG1902,Signalling,signal
BLK00236,SEC009,2025-07-07 06:00,2025-07-07 09:45,3.75,1,ENG0322,Engineering,track
BLK00237,SEC009,2025-07-18 06:00,2025-07-18 16:45,10.75,1,ENG0995,Engineering,track
BLK00238,SEC009,2025-07-25 06:00,2025-07-25 16:00,10.0,1,ENG1911,Engineering,track
BLK00239,SEC009,2025-08-08 06:00,2025-08-08 11:30,5.5,1,SIG1135,Signalling,signal
BLK00240,SEC009,2025-09-04 06:00,2025-09-04 09:15,3.25,1,ENG2203,Engineering,track
BLK00241,SEC009,2025-09-12 06:00,2025-09-12 14:00,8.0,1,ENG3981,Engineering,track
BLK00242,SEC009,2025-09-13 06:00,2025-09-13 13:15,7.25,1,ENG2352,Engineering,track
BLK00243,SEC009,2025-10-03 06:00,2025-10-03 12:45,6.75,1,ENG2894,Engineering,track
BLK00244,SEC009,2025-10-11 17:44,2025-10-12 11:58,18.23,2,SIG1995;SIG0458,Signalling,signal
BLK00245,SEC009,2025-10-18 06:00,2025-10-18 07:30,1.5,1,ENG2272,Engineering,track
BLK00246,SEC009,2025-11-04 06:00,2025-11-04 09:15,3.25,1,SIG2757,Signalling,none
BLK00247,SEC009,2025-11-05 06:00,2025-11-05 16:30,10.5,1,ENG2973,Engineering,track
BLK00248,SEC009,2025-11-09 06:00,2025-11-10 01:14,19.23,2,ENG0662;TRC2689,Engineering;Traction,track
BLK00249,SEC009,2025-11-10 06:00,2025-11-10 07:15,1.25,1,SIG0590,Signalling,none
BLK00250,SEC009,2025-11-11 06:00,2025-11-11 14:30,8.5,1,TRC1876,Traction,power
BLK00251,SEC009,2025-11-24 06:00,2025-11-24 16:15,10.25,1,TRC0995,Traction,none
BLK00252,SEC010,2025-02-09 18:45,2025-02-10 04:29,9.73,3,SIG0664;ENG1643;TRC1495,Engineering;Signalling;Traction,power;signal;track
BLK00253,SEC010,2025-02-21 06:00,2025-02-21 11:30,5.5,1,SIG1668,Signalling,none
BLK00254,SEC010,2025-02-22 06:00,2025-02-22 12:45,6.75,1,ENG2163,Engineering,track
BLK00255,SEC010,2025-02-26 06:00,2025-02-26 15:00,9.0,1,ENG1275,Engineering,track
BLK00256,SEC010,2025-03-02 06:00,2025-03-02 10:45,4.75,1,SIG1282,Signalling,signal
BLK00257,SEC010,2025-03-07 06:00,2025-03-07 08:00,2.0,1,SIG0805,Signalling,signal
BLK00258,SEC010,2025-03-14 06:00,2025-03-14 11:45,5.75,1,TRC0922,Traction,power
BLK00259,SEC010,2025-04-11 06:00,2025-04-11 09:15,3.25,2,ENG0309;TRC0797,Engineering;Traction,power;track
BLK00260,SEC010,2025-04-18 06:00,2025-04-18 17:30,11.5,1,ENG1024,Engineering,track
BLK00261,SEC010,2025-06-10 06:00,2025-06-10 10:30,4.5,1,SIG0101,Signalling,signal
BLK00262,SEC010,2025-06-13 06:00,2025-06-13 15:45,9.75,1,SIG2249,Signalling,signal
BLK00263,SEC010,2025-06-16 06:00,2025-06-16 21:59,15.98,2,SIG2304;ENG3137,Engineering;Signalling,signal;track
BLK00264,SEC010,2025-06-24 06:00,2025-06-24 10:00,4.0,1,SIG1916,Signalling,none
BLK00265,SEC010,2025-06-29 06:00,2025-06-29 12:45,6.75,1,SIG0317,Signalling,signal
BLK00266,SEC010,2025-07-25 06:00,2025-07-25 09:15,3.25,1,ENG0648,Engineering,track
BLK00267,SEC010,2025-08-06 06:00,2025-08-06 09:30,3.5,1,TRC1414,Traction,none
BLK00268,SEC010,2025-08-07 06:00,2025-08-07 10:15,4.25,1,SIG1424,Signalling,none
BLK00269,SEC010,2025-08-10 06:00,2025-08-10 12:15,6.25,1,SIG0396,Signalling,signal
BLK00270,SEC010,2025-08-15 06:00,2025-08-15 17:00,11.0,2,TRC1178;TRC0357,Traction,power
BLK00271,SEC010,2025-08-19 06:00,2025-08-19 10:00,4.0,1,TRC0703,Traction,power
BLK00272,SEC010,2025-09-03 06:00,2025-09-03 18:00,12.0,1,ENG1244,Engineering,track
BLK00273,SEC010,2025-09-17 06:00,2025-09-17 17:00,11.0,1,ENG0877,Engineering,track
BLK00274,SEC010,2025-10-07 06:00,2025-10-07 12:45,6.75,1,ENG0134,Engineering,track
BLK00275,SEC010,2025-10-12 06:00,2025-10-12 10:15,4.25,1,ENG3681,Engineering,track
BLK00276,SEC010,2025-11-01 06:00,2025-11-01 10:15,4.25,1,SIG1410,Signalling,none
BLK00277,SEC010,2025-12-17 08:32,2025-12-18 12:45,28.22,3,SIG2938;TRC1688;TRC1818,Signalling;Traction,power
BLK00278,SEC011,2025-01-05 06:00,2025-01-05 10:15,4.25,1,ENG1160,Engineering,track
BLK00279,SEC011,2025-01-11 06:00,2025-01-11 09:45,3.75,1,ENG1204,Engineering,track
BLK00280,SEC011,2025-01-27 06:00,2025-01-27 12:45,6.75,1,ENG2236,Engineering,track
BLK00281,SEC011,2025-02-20 19:16,2025-02-21 09:15,13.98,2,SIG2073;ENG3180,Engineering;Signalling,signal;track
BLK00282,SEC011,2025-02-28 06:00,2025-02-28 11:30,5.5,1,ENG1614,Engineering,track
BLK00283,SEC011,2025-03-15 06:00,2025-03-15 07:45,1.75,1,TRC1796,Traction,none
BLK00284,SEC011,2025-03-17 06:00,2025-03-17 10:30,4.5,1,SIG0489,Signalling,signal
BLK00285,SEC011,2025-03-19 06:00,2025-03-19 13:00,7.0,1,ENG2939,Engineering,track
BLK00286,SEC011,2025-03-20 06:00,2025-03-20 16:30,10.5,1,SIG0804,Signalling,signal
BLK00287,SEC011,2025-03-21 06:00,2025-03-21 14:30,8.5,1,SIG1605,Signalling,signal
BLK00288,SEC011,2025-05-08 06:00,2025-05-08 12:00,6.0,1,ENG2556,Engineering,track
BLK00289,SEC011,2025-05-10 06:00,2025-05-10 17:45,11.75,1,SIG2480,Signalling,signal
BLK00290,SEC011,2025-05-20 06:00,2025-05-20 15:30,9.5,1,ENG0065,Engineering,track
BLK00291,SEC011,2025-05-28 06:00,2025-05-28 07:45,1.75,1,ENG1898,Engineering,track
BLK00292,SEC011,2025-06-07 06:00,2025-06-07 08:00,2.0,1,TRC2447,Traction,power
BLK00293,SEC011,2025-06-19 06:00,2025-06-19 14:45,8.75,1,TRC0882,Traction,power
BLK00294,SEC011,2025-06-21 06:00,2025-06-21 13:30,7.5,1,SIG2735,Signalling,signal
BLK00295,SEC011,2025-06-22 06:00,2025-06-22 17:00,11.0,1,ENG2372,Engineering,track
BLK00296,SEC011,2025-06-23 06:00,2025-06-23 14:00,8.0,1,TRC0259,Traction,power
BLK00297,SEC011,2025-07-02 06:00,2025-07-02 10:30,4.5,1,SIG0426,Signalling,signal
BLK00298,SEC011,2025-07-25 06:00,2025-07-25 10:00,4.0,1,TRC1131,Traction,power
BLK00299,SEC011,2025-08-01 06:00,2025-08-01 15:45,9.75,1,ENG3540,Engineering,track
BLK00300,SEC011,2025-08-14 06:00,2025-08-14 15:00,9.0,1,ENG0153,Engineering,track
BLK00301,SEC011,2025-08-17 06:00,2025-08-17 13:00,7.0,1,ENG2698,Engineering,track
BLK00302,SEC011,2025-08-19 06:00,2025-08-19 16:00,10.0,1,ENG0523,Engineering,track
BLK00303,SEC011,2025-08-24 06:00,2025-08-24 15:15,9.25,1,ENG0789,Engineering,track
BLK00304,SEC011,2025-10-01 06:00,2025-10-01 11:15,5.25,1,ENG0408,Engineering,track
BLK00305,SEC011,2025-10-03 06:00,2025-10-03 12:15,6.25,1,ENG2192,Engineering,track
BLK00306,SEC011,2025-11-10 06:00,2025-11-10 16:30,10.5,1,ENG0104,Engineering,track
BLK00307,SEC012,2025-02-04 06:00,2025-02-04 13:15,7.25,1,TRC0277,Traction,power
BLK00308,SEC012,2025-02-12 06:00,2025-02-12 14:45,8.75,1,TRC1754,Traction,power
BLK00309,SEC012,2025-02-19 06:00,2025-02-19 10:00,4.0,1,TRC1434,Traction,power
BLK00310,SEC012,2025-02-25 04:46,2025-02-25 09:30,4.73,2,SIG0583;TRC0881,Signalling;Traction,power;signal
BLK00311,SEC012,2025-04-06 06:00,2025-04-06 09:14,3.23,2,SIG2852;TRC1336,Signalling;Traction,none
BLK00312,SEC012,2025-04-16 06:00,2025-04-16 15:44,9.73,2,SIG0762;SIG2645,Signalling,signal
BLK00313,SEC012,2025-04-20 06:00,2025-04-20 11:30,5.5,1,ENG2965,Engineering,track
BLK00314,SEC012,2025-04-28 06:00,2025-04-28 17:00,11.0,1,TRC0856,Traction,none
BLK00315,SEC012,2025-05-02 06:00,2025-05-02 09:30,3.5,1,SIG0186,Signalling,none
BLK00316,SEC012,2025-05-04 06:00,2025-05-04 11:15,5.25,1,TRC0619,Traction,none
BLK00317,SEC012,2025-06-22 06:00,2025-06-22 08:45,2.75,1,ENG0790,Engineering,track
BLK00318,SEC012,2025-07-02 06:00,2025-07-02 08:30,2.5,1,TRC2362,Traction,power
BLK00319,SEC012,2025-07-06 06:00,2025-07-06 09:45,3.75,1,SIG0117,Signalling,signal
BLK00320,SEC012,2025-07-07 06:00,2025-07-07 07:45,1.75,1,TRC0522,Traction,none
BLK00321,SEC012,2025-07-18 06:00,2025-07-18 13:00,7.0,1,ENG2883,Engineering,track
BLK00322,SEC012,2025-07-23 06:00,2025-07-23 08:00,2.0,1,SIG1014,Signalling,none
BLK00323,SEC012,2025-08-05 06:00,2025-08-05 10:30,4.5,1,SIG0245,Signalling,signal
BLK00324,SEC012,2025-08-29 06:00,2025-08-29 11:30,5.5,1,ENG2891,Engineering,track
BLK00325,SEC012,2025-09-17 06:00,2025-09-17 12:15,6.25,1,TRC2626,Traction,none
BLK00326,SEC012,2025-09-21 17:59,2025-09-22 05:29,11.5,1,TRC1872,Traction,none
BLK00327,SEC012,2025-09-29 06:00,2025-09-29 08:45,2.75,1,ENG3054,Engineering,track
BLK00328,SEC012,2025-10-02 06:00,2025-10-02 10:45,4.75,1,SIG2102,Signalling,none
BLK00329,SEC012,2025-10-03 06:00,2025-10-03 14:45,8.75,1,SIG1976,Signalling,signal
BLK00330,SEC012,2025-10-04 06:00,2025-10-04 10:45,4.75,1,ENG1715,Engineering,track
BLK00331,SEC012,2025-11-03 21:01,2025-11-04 16:00,18.98,2,ENG2966;TRC2669,Engineering;Traction,track
BLK00332,SEC012,2025-11-14 23:46,2025-11-15 12:15,12.48,2,SIG2633;TRC0113,Signalling;Traction,power
BLK00333,SEC012,2025-12-20 06:00,2025-12-20 14:00,8.0,1,TRC2219,Traction,power
BLK00334,SEC013,2025-01-13 06:00,2025-01-13 09:59,3.98,2,TRC1050;SIG2691,Signalling;Traction,power
BLK00335,SEC013,2025-01-17 06:00,2025-01-17 09:00,3.0,1,ENG2850,Engineering,track
BLK00336,SEC013,2025-01-22 06:00,2025-01-22 15:30,9.5,1,TRC2273,Traction,power
BLK00337,SEC013,2025-01-27 06:00,2025-01-27 10:30,4.5,1,ENG2153,Engineering,track
BLK00338,SEC013,2025-01-29 06:00,2025-01-29 07:30,1.5,1,ENG1052,Engineering,track
BLK00339,SEC013,2025-02-18 06:00,2025-02-18 07:45,1.75,1,ENG1927,Engineering,track
BLK00340,SEC013,2025-02-24 06:00,2025-02-24 15:30,9.5,1,TRC2393,Traction,power
BLK00341,SEC013,2025-03-09 06:00,2025-03-09 10:15,4.25,1,SIG2003,Signalling,signal
BLK00342,SEC013,2025-04-20 06:00,2025-04-20 22:29,16.48,2,ENG2887;TRC2816,Engineering;Traction,track
BLK00343,SEC013,2025-04-25 06:00,2025-04-25 17:45,11.75,1,TRC2492,Traction,none
BLK00344,SEC013,2025-05-12 06:00,2025-05-12 11:30,5.5,1,ENG1828,Engineering,track
BLK00345,SEC013,2025-05-16 06:00,2025-05-16 13:15,7.25,1,TRC0312,Traction,none
BLK00346,SEC013,2025-05-29 06:00,2025-05-29 17:44,11.73,2,ENG0660;SIG1088,Engineering;Signalling,track
BLK00347,SEC013,2025-05-31 06:00,2025-05-31 12:45,6.75,1,TRC1725,Traction,power
BLK00348,SEC013,2025-06-01 06:00,2025-06-01 12:45,6.75,1,SIG2588,Signalling,signal
BLK00349,SEC013,2025-06-02 06:00,2025-06-02 13:30,7.5,1,ENG1360,Engineering,track
BLK00350,SEC013,2025-06-03 06:00,2025-06-03 10:00,4.0,1,ENG2365,Engineering,track
BLK00351,SEC013,2025-06-19 06:00,2025-06-19 10:15,4.25,1,ENG0896,Engineering,track
BLK00352,SEC013,2025-07-01 06:00,2025-07-01 12:30,6.5,1,TRC0946,Traction,none
BLK00353,SEC013,2025-07-11 06:00,2025-07-11 09:45,3.75,1,ENG1258,Engineering,track
BLK00354,SEC013,2025-07-16 06:00,2025-07-16 16:00,10.0,1,TRC0551,Traction,none
BLK00355,SEC013,2025-07-18 06:00,2025-07-18 13:30,7.5,1,ENG0439,Engineering,track
BLK00356,SEC013,2025-07-25 06:00,2025-07-25 07:15,1.25,1,SIG2200,Signalling,none
BLK00357,SEC013,2025-08-02 06:00,2025-08-02 08:30,2.5,1,ENG1283,Engineering,track
BLK00358,SEC013,2025-08-16 06:00,2025-08-16 13:30,7.5,1,ENG1063,Engineering,track
BLK00359,SEC013,2025-08-23 06:00,2025-08-23 07:30,1.5,1,ENG2486,Engineering,track
BLK00360,SEC013,2025-09-04 06:00,2025-09-04 10:30,4.5,1,SIG0755,Signalling,none
BLK00361,SEC013,2025-09-06 06:00,2025-09-06 17:30,11.5,1,SIG0304,Signalling,none
BLK00362,SEC013,2025-09-14 06:00,2025-09-14 19:29,13.48,3,SIG0203;TRC0209;TRC2563,Signalling;Traction,signal
BLK00363,SEC013,2025-09-15 06:00,2025-09-15 11:30,5.5,1,TRC1799,Traction,power
BLK00364,SEC013,2025-10-02 03:16,2025-10-02 14:45,11.48,2,SIG1395;ENG2281,Engineering;Signalling,track
BLK00365,SEC013,2025-10-04 06:00,2025-10-04 15:30,9.5,1,TRC2319,Traction,none
BLK00366,SEC013,2025-10-25 06:00,2025-10-25 09:15,3.25,1,ENG3068,Engineering,track
BLK00367,SEC013,2025-10-31 06:00,2025-10-31 14:15,8.25,1,ENG3388,Engineering,track
BLK00368,SEC013,2025-11-07 06:00,2025-11-07 14:00,8.0,1,ENG1983,Engineering,track
BLK00369,SEC013,2025-11-23 06:00,2025-11-23 13:30,7.5,1,TRC0884,Traction,none
BLK00370,SEC013,2025-11-28 06:00,2025-11-28 16:15,10.25,1,ENG2834,Engineering,track
BLK00371,SEC013,2025-12-01 06:00,2025-12-01 16:15,10.25,1,ENG3293,Engineering,track
BLK00372,SEC013,2025-12-20 06:00,2025-12-20 14:15,8.25,1,TRC0208,Traction,none
BLK00373,SEC014,2025-01-09 06:00,2025-01-09 08:30,2.5,1,TRC2321,Traction,power
BLK00374,SEC014,2025-02-14 21:59,2025-02-15 05:13,7.23,2,SIG1204;TRC2297,Signalling;Traction,signal
BLK00375,SEC014,2025-02-17 06:00,2025-02-17 08:00,2.0,1,ENG0129,Engineering,track
BLK00376,SEC014,2025-03-15 06:00,2025-03-15 11:30,5.5,1,SIG2856,Signalling,signal
BLK00377,SEC014,2025-03-31 06:00,2025-03-31 14:45,8.75,1,ENG3195,Engineering,track
BLK00378,SEC014,2025-04-15 06:00,2025-04-15 17:30,11.5,1,TRC0731,Traction,none
BLK00379,SEC014,2025-04-16 06:00,2025-04-16 08:00,2.0,1,TRC1699,Traction,none
BLK00380,SEC014,2025-05-04 06:00,2025-05-04 13:15,7.25,2,TRC0137;SIG2077,Signalling;Traction,power;signal
BLK00381,SEC014,2025-05-20 06:00,2025-05-20 10:15,4.25,1,TRC1354,Traction,power
BLK00382,SEC014,2025-05-21 06:00,2025-05-21 12:15,6.25,1,ENG0931,Engineering,track
BLK00383,SEC014,2025-05-27 06:00,2025-05-27 14:15,8.25,1,SIG0386,Signalling,signal
BLK00384,SEC014,2025-06-07 06:00,2025-06-07 14:00,8.0,1,SIG2559,Signalling,signal
BLK00385,SEC014,2025-06-08 06:00,2025-06-08 17:00,11.0,1,ENG2797,Engineering,track
BLK00386,SEC014,2025-06-13 06:00,2025-06-13 14:15,8.25,1,ENG0933,Engineering,track
BLK00387,SEC014,2025-07-17 06:00,2025-07-17 17:30,11.5,1,SIG0752,Signalling,none
BLK00388,SEC014,2025-07-29 06:00,2025-07-29 11:45,5.75,1,TRC1031,Traction,power
BLK00389,SEC014,2025-08-06 06:00,2025-08-06 09:45,3.75,1,ENG3438,Engineering,track
BLK00390,SEC014,2025-08-15 06:00,2025-08-15 14:00,8.0,1,ENG1838,Engineering,track
BLK00391,SEC014,2025-08-19 06:00,2025-08-19 15:00,9.0,1,TRC0755,Traction,power
BLK00392,SEC014,2025-08-20 06:00,2025-08-20 16:15,10.25,1,ENG2671,Engineering,track
BLK00393,SEC014,2025-08-26 06:00,2025-08-26 17:45,11.75,1,TRC0745,Traction,power
BLK00394,SEC014,2025-09-07 06:00,2025-09-07 12:30,6.5,2,TRC2577;TRC2607,Traction,power
BLK00395,SEC014,2025-09-21 06:00,2025-09-21 15:00,9.0,1,ENG2993,Engineering,track
BLK00396,SEC014,2025-09-26 06:00,2025-09-26 09:00,3.0,1,TRC0645,Traction,power
BLK00397,SEC014,2025-10-08 06:00,2025-10-08 19:14,13.23,3,TRC0160;TRC0839;SIG1175,Signalling;Traction,power
BLK00398,SEC014,2025-10-17 06:00,2025-10-17 08:15,2.25,1,SIG0320,Signalling,none
BLK00399,SEC014,2025-10-21 06:00,2025-10-21 11:15,5.25,1,SIG1578,Signalling,signal
BLK00400,SEC014,2025-10-30 06:00,2025-10-30 18:00,12.0,1,SIG2846,Signalling,signal
BLK00401,SEC014,2025-11-08 06:00,2025-11-08 08:15,2.25,1,ENG2660,Engineering,track
BLK00402,SEC014,2025-11-13 06:00,2025-11-13 07:30,1.5,1,ENG1415,Engineering,track
BLK00403,SEC014,2025-11-21 06:00,2025-11-21 15:45,9.75,1,TRC2437,Traction,power
BLK00404,SEC014,2025-11-25 06:00,2025-11-25 09:00,3.0,1,SIG0028,Signalling,none
BLK00405,SEC014,2025-12-02 06:00,2025-12-02 17:00,11.0,1,TRC2782,Traction,power
BLK00406,SEC015,2025-01-17 06:00,2025-01-18 00:29,18.48,2,SIG2918;TRC2354,Signalling;Traction,power
BLK00407,SEC015,2025-01-30 06:00,2025-01-30 17:15,11.25,1,SIG2728,Signalling,none
BLK00408,SEC015,2025-03-18 06:00,2025-03-18 12:45,6.75,1,TRC2629,Traction,power
BLK00409,SEC015,2025-05-07 06:00,2025-05-07 16:15,10.25,1,ENG3367,Engineering,track
BLK00410,SEC015,2025-06-04 06:00,2025-06-04 09:30,3.5,1,TRC1837,Traction,none
BLK00411,SEC015,2025-06-06 06:00,2025-06-06 12:30,6.5,1,ENG1018,Engineering,track
BLK00412,SEC015,2025-06-11 06:00,2025-06-11 13:15,7.25,1,ENG0023,Engineering,track
BLK00413,SEC015,2025-06-17 06:00,2025-06-17 13:45,7.75,1,TRC2642,Traction,none
BLK00414,SEC015,2025-07-13 06:00,2025-07-13 13:30,7.5,1,SIG0223,Signalling,none
BLK00415,SEC015,2025-07-29 06:00,2025-07-29 09:30,3.5,1,TRC2156,Traction,none
BLK00416,SEC015,2025-08-10 06:00,2025-08-10 13:00,7.0,1,SIG0854,Signalling,signal
BLK00417,SEC015,2025-08-12 06:00,2025-08-12 12:00,6.0,1,ENG3080,Engineering,track
BLK00418,SEC015,2025-08-30 06:00,2025-08-30 14:30,8.5,1,SIG0362,Signalling,signal
BLK00419,SEC015,2025-09-02 06:00,2025-09-02 12:45,6.75,1,TRC0414,Traction,power
BLK00420,SEC015,2025-09-05 06:00,2025-09-05 08:30,2.5,1,TRC1854,Traction,none
BLK00421,SEC015,2025-09-19 06:00,2025-09-19 10:30,4.5,1,SIG0981,Signalling,none
BLK00422,SEC015,2025-09-20 06:00,2025-09-20 07:15,1.25,1,TRC0921,Traction,none
BLK00423,SEC015,2025-09-27 06:00,2025-09-27 15:00,9.0,1,SIG2149,Signalling,none
BLK00424,SEC015,2025-09-28 06:00,2025-09-28 11:15,5.25,1,SIG0425,Signalling,none
BLK00425,SEC015,2025-10-03 06:00,2025-10-03 11:45,5.75,1,ENG1681,Engineering,track
BLK00426,SEC015,2025-10-06 06:00,2025-10-06 08:15,2.25,1,TRC0147,Traction,none
BLK00427,SEC015,2025-10-11 06:00,2025-10-11 15:30,9.5,1,ENG1016,Engineering,track
BLK00428,SEC015,2025-10-17 06:00,2025-10-17 08:00,2.0,1,TRC0067,Traction,power
BLK00429,SEC015,2025-10-19 06:00,2025-10-19 15:29,9.48,2,TRC0183;SIG0867,Signalling;Traction,none
BLK00430,SEC015,2025-11-02 20:01,2025-11-03 12:45,16.73,2,SIG0126;ENG2380,Engineering;Signalling,track
BLK00431,SEC015,2025-11-05 06:00,2025-11-05 17:15,11.25,1,TRC2453,Traction,power
BLK00432,SEC015,2025-11-14 06:00,2025-11-14 15:30,9.5,1,SIG1511,Signalling,signal
BLK00433,SEC015,2025-11-25 06:00,2025-11-25 13:30,7.5,1,TRC0484,Traction,power
BLK00434,SEC015,2025-12-17 06:00,2025-12-17 11:00,5.0,1,SIG1102,Signalling,signal
BLK00435,SEC016,2025-01-13 06:00,2025-01-13 13:30,7.5,1,SIG0427,Signalling,signal
BLK00436,SEC016,2025-02-26 06:00,2025-02-26 15:00,9.0,1,SIG0738,Signalling,none
BLK00437,SEC016,2025-04-02 06:00,2025-04-02 11:00,5.0,1,SIG1288,Signalling,none
BLK00438,SEC016,2025-04-16 06:00,2025-04-16 08:30,2.5,1,SIG1908,Signalling,signal
BLK00439,SEC016,2025-05-02 00:00,2025-05-02 02:45,2.75,1,TRC0608,Traction,power
BLK00440,SEC016,2025-05-18 06:00,2025-05-18 13:15,7.25,1,ENG3779,Engineering,track
BLK00441,SEC016,2025-05-28 06:00,2025-05-28 09:00,3.0,1,ENG3040,Engineering,track
BLK00442,SEC016,2025-06-04 06:00,2025-06-04 14:30,8.5,1,ENG0171,Engineering,track
BLK00443,SEC016,2025-07-22 18:46,2025-07-23 12:00,17.23,2,ENG1948;SIG1832,Engineering;Signalling,track
BLK00444,SEC016,2025-08-27 06:00,2025-08-27 15:45,9.75,1,SIG1146,Signalling,signal
BLK00445,SEC016,2025-09-08 06:00,2025-09-08 12:00,6.0,1,ENG1043,Engineering,track
BLK00446,SEC016,2025-09-23 06:00,2025-09-23 13:00,7.0,1,ENG2990,Engineering,track
BLK00447,SEC016,2025-10-06 06:00,2025-10-06 15:30,9.5,1,ENG1346,Engineering,track
BLK00448,SEC016,2025-10-10 06:00,2025-10-10 09:15,3.25,1,SIG0450,Signalling,signal
BLK00449,SEC016,2025-10-17 06:00,2025-10-17 15:30,9.5,1,ENG2494,Engineering,track
BLK00450,SEC016,2025-10-19 06:00,2025-10-19 23:29,17.48,2,ENG2543;TRC2639,Engineering;Traction,power;track
BLK00451,SEC016,2025-11-28 06:00,2025-11-28 13:15,7.25,1,TRC2405,Traction,power
BLK00452,SEC016,2025-12-09 06:00,2025-12-09 09:30,3.5,1,SIG0250,Signalling,none
BLK00453,SEC016,2025-12-14 06:00,2025-12-14 09:30,3.5,1,TRC1122,Traction,none
BLK00454,SEC016,2025-12-18 06:00,2025-12-18 11:30,5.5,1,SIG0959,Signalling,signal
BLK00455,SEC017,2025-01-09 06:00,2025-01-09 12:30,6.5,1,SIG1639,Signalling,none
BLK00456,SEC017,2025-03-09 06:00,2025-03-09 14:30,8.5,1,SIG0811,Signalling,none
BLK00457,SEC017,2025-03-16 06:00,2025-03-16 12:30,6.5,1,ENG1735,Engineering,track
BLK00458,SEC017,2025-03-22 06:00,2025-03-22 16:45,10.75,1,TRC2020,Traction,power
BLK00459,SEC017,2025-03-24 06:00,2025-03-24 17:00,11.0,1,ENG3406,Engineering,track
BLK00460,SEC017,2025-04-15 06:00,2025-04-15 08:45,2.75,1,ENG1281,Engineering,track
BLK00461,SEC017,2025-05-03 06:00,2025-05-03 12:30,6.5,1,TRC2974,Traction,power
BLK00462,SEC017,2025-05-12 06:00,2025-05-12 16:44,10.73,2,ENG0944;TRC2181,Engineering;Traction,track
BLK00463,SEC017,2025-06-05 06:00,2025-06-05 12:00,6.0,1,ENG1404,Engineering,track
BLK00464,SEC017,2025-06-24 06:00,2025-06-24 11:15,5.25,1,SIG2964,Signalling,signal
BLK00465,SEC017,2025-07-03 06:00,2025-07-03 13:00,7.0,1,SIG0853,Signalling,none
BLK00466,SEC017,2025-07-21 06:00,2025-07-21 17:00,11.0,1,SIG2583,Signalling,signal
BLK00467,SEC017,2025-08-02 06:00,2025-08-02 17:30,11.5,1,SIG2649,Signalling,none
BLK00468,SEC017,2025-09-04 06:00,2025-09-04 12:30,6.5,1,ENG2841,Engineering,track
BLK00469,SEC017,2025-09-24 02:45,2025-09-24 14:14,11.48,3,TRC2022;ENG1739;SIG1630,Engineering;Signalling;Traction,power;signal;track
BLK00470,SEC017,2025-10-04 06:00,2025-10-04 11:30,5.5,1,ENG0475,Engineering,track
BLK00471,SEC017,2025-10-13 06:00,2025-10-13 14:30,8.5,1,ENG1505,Engineering,track
BLK00472,SEC017,2025-10-14 06:00,2025-10-14 15:45,9.75,1,ENG0049,Engineering,track
BLK00473,SEC017,2025-11-10 06:00,2025-11-10 12:30,6.5,1,ENG2785,Engineering,track
BLK00474,SEC017,2025-11-14 11:59,2025-11-14 14:29,2.5,1,SIG0031,Signalling,signal
BLK00475,SEC017,2025-12-19 06:00,2025-12-19 13:15,7.25,1,SIG1698,Signalling,none
BLK00476,SEC018,2025-01-28 09:59,2025-01-28 18:14,8.25,2,TRC1696;TRC1070,Traction,power
BLK00477,SEC018,2025-01-31 06:00,2025-01-31 17:45,11.75,1,ENG0879,Engineering,track
BLK00478,SEC018,2025-02-18 06:00,2025-02-18 08:15,2.25,1,ENG0254,Engineering,track
BLK00479,SEC018,2025-03-20 10:29,2025-03-20 21:29,11.0,1,ENG3661,Engineering,track
BLK00480,SEC018,2025-03-22 06:00,2025-03-22 11:15,5.25,1,SIG2111,Signalling,signal
BLK00481,SEC018,2025-03-24 06:00,2025-03-24 10:15,4.25,1,SIG2397,Signalling,none
BLK00482,SEC018,2025-04-08 06:00,2025-04-08 10:30,4.5,1,TRC1737,Traction,none
BLK00483,SEC018,2025-05-18 06:00,2025-05-18 08:00,2.0,1,TRC2684,Traction,none
BLK00484,SEC018,2025-05-29 06:00,2025-05-29 08:15,2.25,1,ENG3286,Engineering,track
BLK00485,SEC018,2025-06-12 06:00,2025-06-12 23:59,17.98,2,ENG1000;SIG0440,Engineering;Signalling,signal;track
BLK00486,SEC018,2025-07-02 06:00,2025-07-02 07:45,1.75,1,ENG0855,Engineering,track
BLK00487,SEC018,2025-07-16 06:00,2025-07-16 11:15,5.25,1,SIG1125,Signalling,signal
BLK00488,SEC018,2025-08-12 06:00,2025-08-12 10:30,4.5,1,SIG1588,Signalling,none
BLK00489,SEC018,2025-08-30 23:01,2025-08-31 15:45,16.73,2,SIG0817;ENG2271,Engineering;Signalling,track
BLK00490,SEC018,2025-09-05 06:00,2025-09-05 16:00,10.0,1,TRC1683,Traction,power
BLK00491,SEC018,2025-09-12 06:00,2025-09-12 13:00,7.0,1,SIG0422,Signalling,none
BLK00492,SEC018,2025-11-05 06:00,2025-11-05 11:30,5.5,1,TRC2781,Traction,power
BLK00493,SEC018,2025-12-01 06:00,2025-12-01 19:29,13.48,3,ENG2182;SIG2297;SIG2523,Engineering;Signalling,track
BLK00494,SEC019,2025-01-03 06:00,2025-01-03 11:00,5.0,1,SIG2424,Signalling,signal
BLK00495,SEC019,2025-01-10 06:00,2025-01-10 15:30,9.5,1,SIG2112,Signalling,signal
BLK00496,SEC019,2025-01-19 06:00,2025-01-19 08:15,2.25,1,TRC0402,Traction,power
BLK00497,SEC019,2025-02-08 06:00,2025-02-08 14:45,8.75,1,ENG3557,Engineering,track
BLK00498,SEC019,2025-02-15 06:00,2025-02-15 10:15,4.25,1,ENG3920,Engineering,track
BLK00499,SEC019,2025-02-17 15:29,2025-02-18 11:58,20.48,2,TRC2957;SIG1980,Signalling;Traction,power;signal
BLK00500,SEC019,2025-02-19 06:00,2025-02-19 13:00,7.0,1,ENG1884,Engineering,track
BLK00501,SEC019,2025-03-24 06:00,2025-03-24 13:00,7.0,1,ENG1433,Engineering,track
BLK00502,SEC019,2025-03-26 06:00,2025-03-26 11:30,5.5,1,SIG0305,Signalling,signal
BLK00503,SEC019,2025-05-05 06:00,2025-05-05 11:45,5.75,1,ENG2414,Engineering,track
BLK00504,SEC019,2025-05-12 06:00,2025-05-12 16:30,10.5,1,TRC0061,Traction,power
BLK00505,SEC019,2025-05-15 06:00,2025-05-15 13:00,7.0,1,ENG1233,Engineering,track
BLK00506,SEC019,2025-05-28 06:00,2025-05-28 12:00,6.0,1,ENG1066,Engineering,track
BLK00507,SEC019,2025-06-01 06:00,2025-06-01 12:29,6.48,2,TRC2855;SIG0486,Signalling;Traction,power;signal
BLK00508,SEC019,2025-06-19 06:00,2025-06-19 11:15,5.25,1,SIG1021,Signalling,signal
BLK00509,SEC019,2025-07-11 21:01,2025-07-12 10:45,13.73,2,TRC1905;ENG1474,Engineering;Traction,power;track
BLK00510,SEC019,2025-07-29 06:00,2025-07-29 08:00,2.0,1,ENG0293,Engineering,track
BLK00511,SEC019,2025-07-31 06:00,2025-07-31 11:30,5.5,1,ENG0070,Engineering,track
BLK00512,SEC019,2025-08-03 06:00,2025-08-03 08:00,2.0,1,ENG2428,Engineering,track
BLK00513,SEC019,2025-08-08 06:00,2025-08-08 17:00,11.0,1,SIG1787,Signalling,signal
BLK00514,SEC019,2025-08-12 06:00,2025-08-12 10:30,4.5,1,SIG1316,Signalling,signal
BLK00515,SEC019,2025-09-01 06:00,2025-09-01 15:45,9.75,1,TRC1456,Traction,power
BLK00516,SEC019,2025-09-13 06:00,2025-09-13 16:15,10.25,1,ENG2110,Engineering,track
BLK00517,SEC019,2025-09-22 06:00,2025-09-22 12:15,6.25,1,ENG2922,Engineering,track
BLK00518,SEC019,2025-09-23 06:00,2025-09-23 13:45,7.75,1,ENG2947,Engineering,track
BLK00519,SEC019,2025-10-01 06:00,2025-10-01 10:00,4.0,1,TRC1512,Traction,power
BLK00520,SEC019,2025-10-05 06:00,2025-10-05 16:00,10.0,1,TRC1088,Traction,power
BLK00521,SEC019,2025-10-24 06:00,2025-10-24 11:15,5.25,1,SIG2133,Signalling,none
BLK00522,SEC019,2025-11-08 23:46,2025-11-09 16:45,16.98,2,SIG0021;SIG0509,Signalling,signal
BLK00523,SEC019,2025-11-23 06:00,2025-11-23 07:30,1.5,1,ENG2358,Engineering,track
BLK00524,SEC019,2025-12-06 14:14,2025-12-06 16:14,2.0,1,TRC0785,Traction,none
BLK00525,SEC020,2025-01-10 06:00,2025-01-10 13:15,7.25,1,ENG3761,Engineering,track
BLK00526,SEC020,2025-01-17 06:00,2025-01-17 12:00,6.0,1,TRC1959,Traction,none
BLK00527,SEC020,2025-02-17 06:00,2025-02-17 15:00,9.0,1,TRC1365,Traction,none
BLK00528,SEC020,2025-03-20 17:46,2025-03-21 03:00,9.23,2,ENG1832;SIG0262,Engineering;Signalling,track
BLK00529,SEC020,2025-03-29 06:00,2025-03-29 13:15,7.25,1,TRC1882,Traction,none
BLK00530,SEC020,2025-04-05 06:00,2025-04-05 14:30,8.5,1,ENG3211,Engineering,track
BLK00531,SEC020,2025-04-13 06:00,2025-04-13 12:15,6.25,1,ENG0806,Engineering,track
BLK00532,SEC020,2025-05-02 06:00,2025-05-02 16:00,10.0,1,TRC0911,Traction,none
BLK00533,SEC020,2025-05-16 06:00,2025-05-16 10:15,4.25,1,TRC0859,Traction,power
BLK00534,SEC020,2025-07-11 06:00,2025-07-11 17:00,11.0,1,SIG2741,Signalling,signal
BLK00535,SEC020,2025-07-14 06:00,2025-07-14 07:15,1.25,1,ENG2302,Engineering,track
BLK00536,SEC020,2025-08-11 06:00,2025-08-11 11:15,5.25,1,ENG1792,Engineering,track
BLK00537,SEC020,2025-08-12 06:00,2025-08-12 12:30,6.5,1,ENG2440,Engineering,track
BLK00538,SEC020,2025-08-13 19:46,2025-08-14 07:45,11.98,2,SIG2528;ENG3587,Engineering;Signalling,track
BLK00539,SEC020,2025-08-28 06:00,2025-08-28 13:00,7.0,1,SIG2386,Signalling,signal
BLK00540,SEC020,2025-09-02 06:00,2025-09-02 16:30,10.5,1,ENG1034,Engineering,track
BLK00541,SEC020,2025-09-03 06:00,2025-09-03 13:00,7.0,1,ENG3056,Engineering,track
BLK00542,SEC020,2025-09-10 06:00,2025-09-10 12:00,6.0,1,ENG0627,Engineering,track
BLK00543,SEC020,2025-09-21 06:00,2025-09-21 13:30,7.5,1,ENG0319,Engineering,track
BLK00544,SEC020,2025-10-01 06:00,2025-10-01 16:45,10.75,1,ENG0305,Engineering,track
BLK00545,SEC020,2025-10-04 06:00,2025-10-04 13:15,7.25,1,TRC0330,Traction,none
BLK00546,SEC020,2025-10-08 19:01,2025-10-09 14:14,19.22,3,TRC1219;SIG2263;ENG3174,Engineering;Signalling;Traction,signal;track
BLK00547,SEC020,2025-10-12 06:00,2025-10-12 12:30,6.5,1,SIG1596,Signalling,none
BLK00548,SEC020,2025-10-20 06:00,2025-10-20 13:30,7.5,1,TRC0419,Traction,none
BLK00549,SEC020,2025-11-02 06:00,2025-11-02 15:15,9.25,1,TRC0107,Traction,power
BLK00550,SEC020,2025-12-21 06:00,2025-12-21 15:45,9.75,1,TRC0308,Traction,none
BLK00551,SEC021,2025-01-21 06:00,2025-01-21 17:15,11.25,1,ENG0224,Engineering,track
BLK00552,SEC021,2025-02-05 06:00,2025-02-05 14:59,8.98,2,TRC2252;ENG0805,Engineering;Traction,power;track
BLK00553,SEC021,2025-02-10 06:00,2025-02-10 08:15,2.25,1,TRC0542,Traction,power
BLK00554,SEC021,2025-02-23 06:00,2025-02-23 11:45,5.75,1,SIG2750,Signalling,signal
BLK00555,SEC021,2025-03-03 06:00,2025-03-03 09:30,3.5,1,SIG1029,Signalling,none
BLK00556,SEC021,2025-04-03 06:00,2025-04-03 17:00,11.0,1,TRC1783,Traction,none
BLK00557,SEC021,2025-05-03 04:46,2025-05-03 16:30,11.73,3,SIG1502;ENG2135;TRC0968,Engineering;Signalling;Traction,track
BLK00558,SEC021,2025-05-26 06:00,2025-05-26 18:00,12.0,1,SIG1998,Signalling,none
BLK00559,SEC021,2025-06-06 06:00,2025-06-06 13:00,7.0,1,TRC0195,Traction,power
BLK00560,SEC021,2025-06-30 06:00,2025-06-30 15:30,9.5,1,TRC2524,Traction,none
BLK00561,SEC021,2025-07-07 06:00,2025-07-07 13:30,7.5,1,ENG0496,Engineering,track
BLK00562,SEC021,2025-07-11 01:47,2025-07-11 17:16,15.48,2,TRC1921;SIG0935,Signalling;Traction,signal
BLK00563,SEC021,2025-08-01 06:00,2025-08-01 14:44,8.73,3,ENG0768;SIG1866;TRC1931,Engineering;Signalling;Traction,track
BLK00564,SEC021,2025-08-28 06:00,2025-08-28 17:00,11.0,1,ENG0793,Engineering,track
BLK00565,SEC021,2025-08-31 06:00,2025-08-31 08:00,2.0,1,SIG2930,Signalling,none
BLK00566,SEC021,2025-10-01 00:46,2025-10-01 09:45,8.98,2,SIG0614;TRC2444,Signalling;Traction,power;signal
BLK00567,SEC021,2025-10-14 06:00,2025-10-14 14:15,8.25,1,ENG0124,Engineering,track
BLK00568,SEC021,2025-10-18 06:00,2025-10-18 16:45,10.75,1,ENG3013,Engineering,track
BLK00569,SEC021,2025-10-31 06:00,2025-10-31 12:00,6.0,1,SIG2021,Signalling,signal
BLK00570,SEC021,2025-11-06 06:00,2025-11-06 12:45,6.75,1,ENG1191,Engineering,track
BLK00571,SEC021,2025-11-08 12:14,2025-11-08 19:59,7.75,1,TRC0100,Traction,power
BLK00572,SEC021,2025-11-11 06:00,2025-11-11 12:00,6.0,1,SIG1121,Signalling,signal
BLK00573,SEC021,2025-11-18 11:59,2025-11-18 16:44,4.75,1,TRC1887,Traction,none
BLK00574,SEC021,2025-11-19 06:00,2025-11-19 17:45,11.75,1,TRC1487,Traction,power
BLK00575,SEC021,2025-12-04 06:00,2025-12-04 17:45,11.75,1,SIG2215,Signalling,none
BLK00576,SEC021,2025-12-09 06:00,2025-12-09 12:45,6.75,1,TRC1294,Traction,none
BLK00577,SEC022,2025-01-02 06:00,2025-01-02 16:45,10.75,1,ENG2796,Engineering,track
BLK00578,SEC022,2025-01-03 06:00,2025-01-03 18:00,12.0,1,TRC1606,Traction,none
BLK00579,SEC022,2025-01-03 06:00,2025-01-03 17:00,11.0,1,TRC2856,Traction,power
BLK00580,SEC022,2025-01-04 06:00,2025-01-04 07:30,1.5,1,SIG1480,Signalling,signal
BLK00581,SEC022,2025-01-22 06:00,2025-01-22 11:45,5.75,1,TRC1602,Traction,power
BLK00582,SEC022,2025-02-04 06:00,2025-02-04 14:00,8.0,1,SIG2309,Signalling,none
BLK00583,SEC022,2025-02-20 06:00,2025-02-20 17:45,11.75,1,ENG0827,Engineering,track
BLK00584,SEC022,2025-03-02 06:00,2025-03-02 17:00,11.0,2,SIG2013;TRC1123,Signalling;Traction,signal
BLK00585,SEC022,2025-03-15 06:00,2025-03-15 16:30,10.5,1,ENG3552,Engineering,track
BLK00586,SEC022,2025-03-25 06:00,2025-03-25 08:45,2.75,1,SIG0456,Signalling,none
BLK00587,SEC022,2025-04-14 06:00,2025-04-14 12:30,6.5,1,ENG1225,Engineering,track
BLK00588,SEC022,2025-05-02 06:00,2025-05-02 15:45,9.75,1,ENG3270,Engineering,track
BLK00589,SEC022,2025-05-05 06:00,2025-05-05 17:45,11.75,1,TRC0840,Traction,power
BLK00590,SEC022,2025-05-17 06:00,2025-05-17 13:15,7.25,1,TRC2111,Traction,none
BLK00591,SEC022,2025-05-20 06:00,2025-05-20 09:00,3.0,1,TRC2073,Traction,power
BLK00592,SEC022,2025-06-05 06:00,2025-06-05 10:15,4.25,1,TRC2820,Traction,power
BLK00593,SEC022,2025-06-28 06:00,2025-06-28 09:00,3.0,1,ENG0117,Engineering,track
BLK00594,SEC022,2025-07-10 06:00,2025-07-10 08:30,2.5,1,ENG1853,Engineering,track
BLK00595,SEC022,2025-07-22 06:00,2025-07-22 14:45,8.75,1,ENG3227,Engineering,track
BLK00596,SEC022,2025-08-02 06:00,2025-08-02 09:00,3.0,1,ENG0127,Engineering,track
BLK00597,SEC022,2025-08-03 06:00,2025-08-03 15:15,9.25,1,TRC0203,Traction,power
BLK00598,SEC022,2025-08-05 06:00,2025-08-05 12:45,6.75,1,ENG2490,Engineering,track
BLK00599,SEC022,2025-08-15 06:00,2025-08-15 12:15,6.25,1,TRC0851,Traction,power
BLK00600,SEC022,2025-08-16 06:00,2025-08-16 16:00,10.0,1,TRC2653,Traction,power
BLK00601,SEC022,2025-09-09 06:00,2025-09-09 14:30,8.5,1,ENG3618,Engineering,track
BLK00602,SEC022,2025-09-23 06:00,2025-09-23 13:00,7.0,1,ENG0730,Engineering,track
BLK00603,SEC022,2025-09-29 06:00,2025-09-29 09:30,3.5,1,TRC0700,Traction,power
BLK00604,SEC022,2025-09-29 18:01,2025-09-30 08:30,14.48,2,SIG2586;TRC1974,Signalling;Traction,signal
BLK00605,SEC022,2025-11-03 06:00,2025-11-03 16:30,10.5,1,ENG3340,Engineering,track
BLK00606,SEC022,2025-12-05 06:00,2025-12-05 17:15,11.25,1,ENG3571,Engineering,track
BLK00607,SEC022,2025-12-06 06:00,2025-12-06 17:45,11.75,1,TRC0070,Traction,none
BLK00608,SEC023,2025-02-04 14:59,2025-02-05 01:43,10.73,2,SIG1348;TRC0858,Signalling;Traction,power
BLK00609,SEC023,2025-02-08 06:00,2025-02-08 12:00,6.0,1,TRC2135,Traction,none
BLK00610,SEC023,2025-02-22 06:00,2025-02-22 14:00,8.0,1,SIG1103,Signalling,none
BLK00611,SEC023,2025-02-23 06:00,2025-02-23 23:14,17.23,2,TRC1439;TRC2576,Traction,none
BLK00612,SEC023,2025-03-11 22:01,2025-03-12 09:30,11.48,3,TRC0677;SIG0732;SIG2079,Signalling;Traction,power;signal
BLK00613,SEC023,2025-03-23 06:00,2025-03-23 14:30,8.5,1,TRC2592,Traction,power
BLK00614,SEC023,2025-04-11 06:00,2025-04-11 14:30,8.5,1,SIG1363,Signalling,none
BLK00615,SEC023,2025-04-21 06:00,2025-04-21 15:00,9.0,1,TRC2995,Traction,none
BLK00616,SEC023,2025-04-23 06:00,2025-04-23 14:15,8.25,1,TRC0240,Traction,none
BLK00617,SEC023,2025-05-02 03:01,2025-05-02 08:00,4.98,2,TRC0806;ENG1682,Engineering;Traction,track
BLK00618,SEC023,2025-05-07 06:00,2025-05-07 08:45,2.75,1,ENG2555,Engineering,track
BLK00619,SEC023,2025-06-19 06:00,2025-06-19 14:00,8.0,1,ENG3615,Engineering,track
BLK00620,SEC023,2025-06-21 06:00,2025-06-21 21:29,15.48,2,ENG2405;SIG0820,Engineering;Signalling,track
BLK00621,SEC023,2025-06-28 06:00,2025-06-28 11:30,5.5,1,SIG2503,Signalling,none
BLK00622,SEC023,2025-07-01 06:00,2025-07-01 12:45,6.75,1,TRC0403,Traction,none
BLK00623,SEC023,2025-07-10 06:00,2025-07-10 10:30,4.5,1,ENG0244,Engineering,track
BLK00624,SEC023,2025-07-24 01:01,2025-07-24 16:30,15.48,2,TRC0722;TRC1408,Traction,power
BLK00625,SEC023,2025-07-31 06:00,2025-07-31 17:15,11.25,1,TRC0141,Traction,power
BLK00626,SEC023,2025-08-07 06:00,2025-08-07 12:00,6.0,1,TRC0380,Traction,none
BLK00627,SEC023,2025-08-25 06:00,2025-08-25 11:30,5.5,1,TRC1832,Traction,none
BLK00628,SEC023,2025-08-27 06:00,2025-08-27 12:30,6.5,1,ENG2451,Engineering,track
BLK00629,SEC023,2025-08-29 06:00,2025-08-29 13:45,7.75,1,TRC2886,Traction,none
BLK00630,SEC023,2025-09-10 06:00,2025-09-10 13:45,7.75,1,ENG2826,Engineering,track
BLK00631,SEC023,2025-09-15 06:00,2025-09-15 14:30,8.5,1,SIG1747,Signalling,signal
BLK00632,SEC023,2025-09-20 06:00,2025-09-20 10:00,4.0,1,TRC1748,Traction,none
BLK00633,SEC023,2025-09-27 06:00,2025-09-27 10:00,4.0,1,SIG1816,Signalling,none
BLK00634,SEC023,2025-10-09 06:00,2025-10-09 16:30,10.5,1,ENG0010,Engineering,track
BLK00635,SEC023,2025-10-17 06:00,2025-10-17 17:30,11.5,1,ENG3117,Engineering,track
BLK00636,SEC023,2025-11-05 06:00,2025-11-05 14:00,8.0,1,SIG2188,Signalling,none
BLK00637,SEC023,2025-11-21 06:00,2025-11-21 16:00,10.0,1,SIG2873,Signalling,none
BLK00638,SEC023,2025-11-24 06:00,2025-11-24 08:15,2.25,1,TRC0959,Traction,power
BLK00639,SEC023,2025-12-10 06:00,2025-12-10 13:15,7.25,1,SIG2125,Signalling,none
BLK00640,SEC024,2025-01-17 06:00,2025-01-17 13:00,7.0,1,SIG2177,Signalling,none
BLK00641,SEC024,2025-01-28 06:00,2025-01-28 15:58,9.97,3,ENG3092;TRC1631;TRC1386,Engineering;Traction,power;track
BLK00642,SEC024,2025-02-12 06:00,2025-02-12 18:00,12.0,1,TRC2693,Traction,none
BLK00643,SEC024,2025-03-04 06:00,2025-03-04 16:15,10.25,1,TRC0399,Traction,none
BLK00644,SEC024,2025-03-27 06:00,2025-03-27 14:00,8.0,1,SIG1779,Signalling,none
BLK00645,SEC024,2025-04-09 00:46,2025-04-09 16:30,15.73,2,SIG0399;ENG2855,Engineering;Signalling,track
BLK00646,SEC024,2025-05-10 06:00,2025-05-10 12:00,6.0,1,SIG2224,Signalling,signal
BLK00647,SEC024,2025-05-29 06:00,2025-05-29 09:45,3.75,1,SIG0487,Signalling,none
BLK00648,SEC024,2025-06-06 06:00,2025-06-06 11:00,5.0,1,ENG2844,Engineering,track
BLK00649,SEC024,2025-06-09 06:00,2025-06-09 13:30,7.5,1,ENG1010,Engineering,track
BLK00650,SEC024,2025-07-01 06:00,2025-07-01 07:15,1.25,1,SIG2018,Signalling,signal
BLK00651,SEC024,2025-07-21 06:00,2025-07-21 12:45,6.75,1,TRC2648,Traction,power
BLK00652,SEC024,2025-07-24 06:00,2025-07-24 07:00,1.0,1,ENG1975,Engineering,track
BLK00653,SEC024,2025-07-28 06:00,2025-07-28 11:45,5.75,1,TRC0990,Traction,none
BLK00654,SEC024,2025-08-13 06:00,2025-08-13 10:15,4.25,1,ENG1720,Engineering,track
BLK00655,SEC024,2025-08-29 06:00,2025-08-29 11:30,5.5,1,TRC0650,Traction,none
BLK00656,SEC024,2025-09-06 06:00,2025-09-06 17:00,11.0,1,ENG0681,Engineering,track
BLK00657,SEC024,2025-09-10 06:00,2025-09-10 08:15,2.25,1,SIG0519,Signalling,signal
BLK00658,SEC024,2025-09-20 06:00,2025-09-20 16:30,10.5,2,ENG3140;TRC2284,Engineering;Traction,power;track
BLK00659,SEC024,2025-09-22 06:00,2025-09-22 14:00,8.0,1,TRC0980,Traction,none
BLK00660,SEC024,2025-09-28 06:00,2025-09-28 17:00,11.0,1,ENG0166,Engineering,track
BLK00661,SEC024,2025-10-02 06:00,2025-10-02 17:15,11.25,1,TRC2266,Traction,none
BLK00662,SEC024,2025-10-26 06:00,2025-10-26 09:30,3.5,1,SIG2228,Signalling,signal
BLK00663,SEC024,2025-10-30 06:00,2025-10-30 09:45,3.75,1,SIG2283,Signalling,none
BLK00664,SEC024,2025-11-03 06:00,2025-11-03 15:45,9.75,2,SIG0639;SIG0088,Signalling,signal
BLK00665,SEC024,2025-11-11 06:00,2025-11-11 11:45,5.75,1,TRC1239,Traction,power
BLK00666,SEC024,2025-12-08 06:00,2025-12-08 15:30,9.5,1,SIG0653,Signalling,none
BLK00667,SEC024,2025-12-20 06:00,2025-12-20 15:30,9.5,1,ENG2387,Engineering,track
BLK00668,SEC025,2025-01-19 06:00,2025-01-19 21:59,15.98,2,TRC1973;ENG1985,Engineering;Traction,power;track
BLK00669,SEC025,2025-03-06 06:00,2025-03-06 14:00,8.0,1,ENG2388,Engineering,track
BLK00670,SEC025,2025-03-16 06:00,2025-03-16 12:15,6.25,1,SIG2702,Signalling,signal
BLK00671,SEC025,2025-05-11 15:29,2025-05-11 19:59,4.5,1,TRC1429,Traction,none
BLK00672,SEC025,2025-05-14 00:31,2025-05-14 17:15,16.73,2,TRC1642;TRC0034,Traction,power
BLK00673,SEC025,2025-06-16 04:16,2025-06-16 18:00,13.73,2,SIG2811;TRC0459,Signalling;Traction,power;signal
BLK00674,SEC025,2025-06-25 06:00,2025-06-25 14:45,8.75,1,SIG2599,Signalling,signal
BLK00675,SEC025,2025-06-30 06:00,2025-06-30 15:30,9.5,1,ENG3022,Engineering,track
BLK00676,SEC025,2025-07-09 06:00,2025-07-09 11:45,5.75,1,TRC0338,Traction,power
BLK00677,SEC025,2025-07-16 06:00,2025-07-16 15:00,9.0,1,SIG1077,Signalling,signal
BLK00678,SEC025,2025-07-30 06:00,2025-07-30 16:30,10.5,1,TRC1831,Traction,none
BLK00679,SEC025,2025-07-31 06:00,2025-07-31 10:45,4.75,1,TRC0363,Traction,power
BLK00680,SEC025,2025-08-09 06:00,2025-08-09 08:00,2.0,1,TRC0050,Traction,power
BLK00681,SEC025,2025-09-01 06:00,2025-09-01 15:30,9.5,1,TRC0306,Traction,power
BLK00682,SEC025,2025-09-14 06:00,2025-09-14 16:15,10.25,1,ENG3593,Engineering,track
BLK00683,SEC025,2025-09-15 06:00,2025-09-15 08:00,2.0,1,ENG1999,Engineering,track
BLK00684,SEC025,2025-10-03 06:00,2025-10-03 13:45,7.75,1,ENG3735,Engineering,track
BLK00685,SEC025,2025-10-22 06:00,2025-10-22 17:00,11.0,1,ENG1067,Engineering,track
BLK00686,SEC025,2025-10-30 06:00,2025-10-31 01:14,19.23,2,SIG2948;TRC2949,Signalling;Traction,signal
BLK00687,SEC025,2025-11-04 00:46,2025-11-04 12:00,11.23,3,TRC1763;TRC2909;TRC0339,Traction,power
BLK00688,SEC025,2025-11-05 06:00,2025-11-05 12:30,6.5,1,TRC1170,Traction,power
BLK00689,SEC025,2025-11-15 06:00,2025-11-15 11:30,5.5,1,SIG1243,Signalling,none
BLK00690,SEC025,2025-12-06 06:00,2025-12-06 13:15,7.25,1,SIG2061,Signalling,none
BLK00691,SEC026,2025-01-13 06:00,2025-01-13 16:30,10.5,1,ENG3083,Engineering,track
BLK00692,SEC026,2025-01-16 06:00,2025-01-16 07:30,1.5,1,TRC0955,Traction,none
BLK00693,SEC026,2025-01-26 06:00,2025-01-26 10:45,4.75,1,SIG1731,Signalling,none
BLK00694,SEC026,2025-02-19 22:31,2025-02-20 09:00,10.48,2,ENG0406;TRC1805,Engineering;Traction,power;track
BLK00695,SEC026,2025-03-07 06:00,2025-03-07 09:00,3.0,1,TRC2698,Traction,power
BLK00696,SEC026,2025-03-16 06:00,2025-03-16 15:00,9.0,1,ENG3973,Engineering,track
BLK00697,SEC026,2025-04-22 15:00,2025-04-22 23:29,8.48,3,SIG0398;TRC1911;SIG1833,Signalling;Traction,power;signal
BLK00698,SEC026,2025-05-02 06:00,2025-05-02 13:00,7.0,1,TRC1988,Traction,none
BLK00699,SEC026,2025-05-23 06:00,2025-05-23 17:30,11.5,1,TRC1878,Traction,none
BLK00700,SEC026,2025-05-25 06:00,2025-05-25 13:45,7.75,2,SIG1053;ENG1622,Engineering;Signalling,signal;track
BLK00701,SEC026,2025-05-30 06:00,2025-05-30 08:00,2.0,1,SIG2709,Signalling,none
BLK00702,SEC026,2025-06-14 06:00,2025-06-14 15:15,9.25,1,SIG2984,Signalling,none
BLK00703,SEC026,2025-06-27 06:00,2025-06-27 17:15,11.25,1,TRC2460,Traction,none
BLK00704,SEC026,2025-07-16 23:46,2025-07-17 11:30,11.73,2,TRC0533;TRC0604,Traction,none
BLK00705,SEC026,2025-08-11 06:00,2025-08-11 18:00,12.0,2,TRC2190;TRC0038,Traction,power
BLK00706,SEC026,2025-08-17 06:00,2025-08-17 08:15,2.25,1,ENG3460,Engineering,track
BLK00707,SEC026,2025-08-22 06:00,2025-08-22 12:45,6.75,1,ENG2541,Engineering,track
BLK00708,SEC026,2025-08-31 06:00,2025-08-31 09:45,3.75,1,SIG2993,Signalling,signal
BLK00709,SEC026,2025-09-19 06:00,2025-09-19 15:45,9.75,1,ENG3941,Engineering,track
BLK00710,SEC026,2025-10-11 06:00,2025-10-11 13:15,7.25,1,ENG2487,Engineering,track
BLK00711,SEC026,2025-10-20 06:00,2025-10-20 17:00,11.0,1,SIG2389,Signalling,none
BLK00712,SEC026,2025-10-25 06:00,2025-10-25 09:30,3.5,1,ENG2515,Engineering,track
BLK00713,SEC026,2025-10-31 06:00,2025-10-31 11:45,5.75,1,SIG0133,Signalling,signal
BLK00714,SEC026,2025-11-12 06:00,2025-11-12 16:00,10.0,1,ENG2528,Engineering,track
BLK00715,SEC026,2025-11-23 06:00,2025-11-23 11:00,5.0,1,ENG1973,Engineering,track
BLK00716,SEC027,2025-01-03 06:00,2025-01-03 08:45,2.75,1,TRC2445,Traction,none
BLK00717,SEC027,2025-01-06 06:00,2025-01-06 14:15,8.25,1,SIG2374,Signalling,none
BLK00718,SEC027,2025-01-31 06:00,2025-01-31 16:15,10.25,1,TRC2232,Traction,power
BLK00719,SEC027,2025-02-01 06:00,2025-02-01 14:00,8.0,1,SIG0942,Signalling,none
BLK00720,SEC027,2025-03-02 06:00,2025-03-02 10:15,4.25,1,TRC2231,Traction,power
BLK00721,SEC027,2025-03-05 06:00,2025-03-05 12:30,6.5,1,ENG3565,Engineering,track
BLK00722,SEC027,2025-03-07 06:00,2025-03-07 14:00,8.0,1,SIG2108,Signalling,none
BLK00723,SEC027,2025-03-17 02:16,2025-03-17 18:00,15.73,2,SIG2858;TRC2743,Signalling;Traction,signal
BLK00724,SEC027,2025-03-20 06:00,2025-03-20 07:30,1.5,1,ENG3283,Engineering,track
BLK00725,SEC027,2025-03-22 06:00,2025-03-22 15:45,9.75,1,ENG1420,Engineering,track
BLK00726,SEC027,2025-03-31 06:00,2025-03-31 08:30,2.5,1,SIG0412,Signalling,signal
BLK00727,SEC027,2025-04-03 06:00,2025-04-03 16:45,10.75,1,SIG2821,Signalling,signal
BLK00728,SEC027,2025-05-06 06:00,2025-05-06 11:00,5.0,1,TRC2041,Traction,power
BLK00729,SEC027,2025-05-09 06:00,2025-05-09 12:15,6.25,1,ENG1645,Engineering,track
BLK00730,SEC027,2025-05-28 06:00,2025-05-28 16:30,10.5,2,TRC1630;SIG0206,Signalling;Traction,power;signal
BLK00731,SEC027,2025-05-31 06:00,2025-05-31 07:30,1.5,1,TRC0914,Traction,power
BLK00732,SEC027,2025-06-09 06:00,2025-06-09 07:45,1.75,1,TRC1440,Traction,none
BLK00733,SEC027,2025-06-28 06:00,2025-06-28 17:30,11.5,1,SIG1131,Signalling,none
BLK00734,SEC027,2025-06-29 06:00,2025-06-29 07:45,1.75,1,SIG1484,Signalling,none
BLK00735,SEC027,2025-07-05 06:00,2025-07-05 10:30,4.5,1,TRC2233,Traction,power
BLK00736,SEC027,2025-08-06 06:00,2025-08-06 12:45,6.75,1,ENG0867,Engineering,track
BLK00737,SEC027,2025-08-07 06:00,2025-08-07 10:15,4.25,1,SIG2472,Signalling,signal
BLK00738,SEC027,2025-08-27 06:00,2025-08-27 08:15,2.25,1,SIG0808,Signalling,signal
BLK00739,SEC027,2025-09-02 19:01,2025-09-03 14:30,19.48,2,SIG0109;SIG0338,Signalling,signal
BLK00740,SEC027,2025-09-08 06:00,2025-09-08 14:30,8.5,1,ENG2088,Engineering,track
BLK00741,SEC027,2025-09-26 18:31,2025-09-27 09:30,14.98,2,TRC2695;SIG2693,Signalling;Traction,power
BLK00742,SEC027,2025-10-25 06:00,2025-10-25 10:30,4.5,1,SIG2446,Signalling,none
BLK00743,SEC027,2025-11-22 06:00,2025-11-22 16:15,10.25,1,SIG0954,Signalling,none
BLK00744,SEC028,2025-01-26 06:00,2025-01-26 15:30,9.5,1,ENG0135,Engineering,track
BLK00745,SEC028,2025-02-09 15:16,2025-02-10 00:28,9.2,4,ENG3477;SIG0296;SIG2417;TRC2810,Engineering;Signalling;Traction,power;signal;track
BLK00746,SEC028,2025-02-15 06:00,2025-02-15 10:45,4.75,1,TRC2726,Traction,none
BLK00747,SEC028,2025-03-04 06:00,2025-03-04 09:30,3.5,1,ENG3488,Engineering,track
BLK00748,SEC028,2025-03-06 06:00,2025-03-06 09:30,3.5,1,ENG2843,Engineering,track
BLK00749,SEC028,2025-03-22 06:00,2025-03-22 10:30,4.5,1,ENG2463,Engineering,track
BLK00750,SEC028,2025-03-26 06:00,2025-03-26 10:30,4.5,1,SIG2922,Signalling,none
BLK00751,SEC028,2025-04-04 06:00,2025-04-04 16:45,10.75,1,TRC0099,Traction,power
BLK00752,SEC028,2025-04-24 06:00,2025-04-24 11:15,5.25,1,SIG0718,Signalling,none
BLK00753,SEC028,2025-04-30 06:00,2025-04-30 07:30,1.5,1,SIG1080,Signalling,none
BLK00754,SEC028,2025-05-20 06:00,2025-05-20 13:30,7.5,1,ENG2299,Engineering,track
BLK00755,SEC028,2025-05-22 06:00,2025-05-22 17:00,11.0,2,ENG1588;TRC2545,Engineering;Traction,power;track
BLK00756,SEC028,2025-05-29 06:00,2025-05-29 17:15,11.25,1,ENG3368,Engineering,track
BLK00757,SEC028,2025-06-08 06:00,2025-06-08 11:30,5.5,1,SIG0864,Signalling,signal
BLK00758,SEC028,2025-06-12 06:00,2025-06-12 08:30,2.5,1,TRC1231,Traction,none
BLK00759,SEC028,2025-06-15 06:00,2025-06-15 10:15,4.25,1,ENG0680,Engineering,track
BLK00760,SEC028,2025-06-25 06:00,2025-06-25 10:30,4.5,1,ENG2974,Engineering,track
BLK00761,SEC028,2025-07-02 04:46,2025-07-02 08:00,3.23,2,ENG0508;SIG0655,Engineering;Signalling,signal;track
BLK00762,SEC028,2025-07-22 21:16,2025-07-23 09:30,12.23,2,TRC0243;ENG2477,Engineering;Traction,track
BLK00763,SEC028,2025-07-31 06:00,2025-07-31 11:45,5.75,1,SIG0786,Signalling,signal
BLK00764,SEC028,2025-08-16 06:00,2025-08-16 11:45,5.75,1,TRC0532,Traction,power
BLK00765,SEC028,2025-09-03 06:00,2025-09-03 16:30,10.5,1,TRC2173,Traction,none
BLK00766,SEC028,2025-09-06 06:00,2025-09-06 12:15,6.25,1,TRC0105,Traction,none
BLK00767,SEC028,2025-09-16 06:00,2025-09-16 20:59,14.98,3,ENG3781;SIG1824;TRC0406,Engineering;Signalling;Traction,track
BLK00768,SEC028,2025-09-22 06:00,2025-09-22 08:30,2.5,1,ENG3829,Engineering,track
BLK00769,SEC028,2025-09-26 06:00,2025-09-26 14:30,8.5,1,TRC2745,Traction,power
BLK00770,SEC028,2025-09-28 06:00,2025-09-28 08:15,2.25,1,TRC0951,Traction,power
BLK00771,SEC028,2025-10-01 06:00,2025-10-01 11:00,5.0,1,ENG2592,Engineering,track
BLK00772,SEC028,2025-10-24 06:00,2025-10-24 07:30,1.5,1,TRC2716,Traction,none
BLK00773,SEC028,2025-11-02 06:00,2025-11-02 07:30,1.5,1,ENG2470,Engineering,track
BLK00774,SEC029,2025-01-19 06:00,2025-01-19 07:45,1.75,1,ENG0564,Engineering,track
BLK00775,SEC029,2025-01-25 06:00,2025-01-25 13:00,7.0,1,ENG1778,Engineering,track
BLK00776,SEC029,2025-01-29 06:00,2025-01-29 13:00,7.0,1,ENG2928,Engineering,track
BLK00777,SEC029,2025-02-01 06:00,2025-02-01 14:00,8.0,1,SIG2330,Signalling,none
BLK00778,SEC029,2025-02-07 06:00,2025-02-07 10:00,4.0,1,ENG3542,Engineering,track
BLK00779,SEC029,2025-02-09 06:00,2025-02-09 18:00,12.0,1,SIG0002,Signalling,none
BLK00780,SEC029,2025-02-15 06:00,2025-02-15 10:45,4.75,1,SIG2509,Signalling,signal
BLK00781,SEC029,2025-03-29 06:00,2025-03-29 08:45,2.75,1,ENG3476,Engineering,track
BLK00782,SEC029,2025-05-02 10:59,2025-05-02 16:44,5.75,1,SIG2473,Signalling,none
BLK00783,SEC029,2025-05-08 06:00,2025-05-08 12:30,6.5,1,SIG1017,Signalling,none
BLK00784,SEC029,2025-05-11 06:00,2025-05-11 14:15,8.25,1,ENG2655,Engineering,track
BLK00785,SEC029,2025-05-14 06:00,2025-05-14 13:45,7.75,1,TRC1255,Traction,power
BLK00786,SEC029,2025-05-20 06:00,2025-05-20 13:00,7.0,1,SIG2831,Signalling,signal
BLK00787,SEC029,2025-05-23 06:00,2025-05-23 15:30,9.5,1,TRC2580,Traction,none
BLK00788,SEC029,2025-05-27 06:00,2025-05-27 09:15,3.25,1,ENG2195,Engineering,track
BLK00789,SEC029,2025-06-02 06:00,2025-06-02 15:59,9.98,3,SIG1236;TRC1371;TRC0278,Signalling;Traction,signal
BLK00790,SEC029,2025-06-05 06:00,2025-06-05 15:30,9.5,1,TRC0760,Traction,none
BLK00791,SEC029,2025-06-09 06:00,2025-06-09 16:15,10.25,1,ENG2623,Engineering,track
BLK00792,SEC029,2025-06-25 06:00,2025-06-25 16:00,10.0,1,SIG1094,Signalling,signal
BLK00793,SEC029,2025-07-03 06:00,2025-07-03 16:15,10.25,2,ENG2321;TRC2151,Engineering;Traction,power;track
BLK00794,SEC029,2025-08-04 06:00,2025-08-04 17:30,11.5,1,TRC0001,Traction,none
BLK00795,SEC029,2025-08-05 06:00,2025-08-05 14:45,8.75,1,TRC1249,Traction,none
BLK00796,SEC029,2025-09-08 13:29,2025-09-08 17:44,4.25,1,SIG0842,Signalling,none
BLK00797,SEC029,2025-09-11 06:00,2025-09-11 12:00,6.0,1,SIG1007,Signalling,none
BLK00798,SEC029,2025-09-17 06:00,2025-09-17 08:00,2.0,1,TRC2678,Traction,none
BLK00799,SEC029,2025-09-20 06:00,2025-09-20 17:00,11.0,1,TRC1828,Traction,none
BLK00800,SEC029,2025-09-21 14:45,2025-09-22 00:14,9.48,2,ENG1596;SIG2862,Engineering;Signalling,track
BLK00801,SEC029,2025-09-27 06:00,2025-09-27 11:15,5.25,1,TRC1971,Traction,power
BLK00802,SEC029,2025-10-16 06:00,2025-10-16 13:15,7.25,1,SIG1084,Signalling,none
BLK00803,SEC029,2025-10-20 19:01,2025-10-21 17:15,22.23,2,SIG2612;ENG1418,Engineering;Signalling,track
BLK00804,SEC030,2025-01-17 06:00,2025-01-17 12:15,6.25,1,SIG1726,Signalling,signal
BLK00805,SEC030,2025-01-20 16:29,2025-01-21 03:14,10.75,1,SIG0001,Signalling,none
BLK00806,SEC030,2025-02-04 06:00,2025-02-04 10:00,4.0,1,TRC0779,Traction,power
BLK00807,SEC030,2025-02-10 19:01,2025-02-11 14:00,18.98,3,SIG0137;SIG1865;ENG2700,Engineering;Signalling,signal;track
BLK00808,SEC030,2025-02-12 06:00,2025-02-12 13:00,7.0,1,ENG1210,Engineering,track
BLK00809,SEC030,2025-02-18 06:00,2025-02-18 11:00,5.0,1,ENG3724,Engineering,track
BLK00810,SEC030,2025-02-23 06:00,2025-02-23 08:00,2.0,1,TRC2448,Traction,power
BLK00811,SEC030,2025-03-07 06:00,2025-03-07 11:00,5.0,1,SIG1060,Signalling,none
BLK00812,SEC030,2025-03-18 06:00,2025-03-18 08:30,2.5,1,SIG0027,Signalling,none
BLK00813,SEC030,2025-03-27 06:00,2025-03-27 16:30,10.5,1,ENG0181,Engineering,track
BLK00814,SEC030,2025-04-08 06:00,2025-04-08 17:45,11.75,1,SIG0500,Signalling,none
BLK00815,SEC030,2025-04-12 06:00,2025-04-12 11:45,5.75,1,SIG1677,Signalling,none
BLK00816,SEC030,2025-05-04 06:00,2025-05-04 09:45,3.75,1,ENG1772,Engineering,track
BLK00817,SEC030,2025-05-05 06:00,2025-05-05 14:45,8.75,1,SIG0763,Signalling,signal
BLK00818,SEC030,2025-05-15 06:00,2025-05-15 17:15,11.25,1,ENG3241,Engineering,track
BLK00819,SEC030,2025-05-25 06:00,2025-05-25 14:30,8.5,1,TRC1475,Traction,power
BLK00820,SEC030,2025-05-28 06:00,2025-05-28 08:15,2.25,1,ENG1634,Engineering,track
BLK00821,SEC030,2025-06-07 06:00,2025-06-07 16:30,10.5,1,SIG1271,Signalling,signal
BLK00822,SEC030,2025-06-17 06:00,2025-06-17 07:15,1.25,1,SIG2436,Signalling,signal
BLK00823,SEC030,2025-06-18 06:00,2025-06-18 13:15,7.25,1,SIG0253,Signalling,none
BLK00824,SEC030,2025-06-29 06:00,2025-06-29 17:00,11.0,1,TRC1004,Traction,power
BLK00825,SEC030,2025-07-07 06:00,2025-07-07 16:29,10.48,2,TRC2304;SIG0252,Signalling;Traction,power
BLK00826,SEC030,2025-07-19 06:00,2025-07-19 08:15,2.25,1,ENG3728,Engineering,track
BLK00827,SEC030,2025-07-22 06:00,2025-07-22 12:00,6.0,1,SIG0202,Signalling,signal
BLK00828,SEC030,2025-08-20 06:00,2025-08-20 08:00,2.0,1,SIG1514,Signalling,signal
BLK00829,SEC030,2025-09-06 06:00,2025-09-06 12:00,6.0,1,SIG1856,Signalling,none
BLK00830,SEC030,2025-09-19 06:00,2025-09-19 14:00,8.0,1,ENG0863,Engineering,track
BLK00831,SEC030,2025-09-21 06:00,2025-09-21 16:00,10.0,1,ENG1041,Engineering,track
BLK00832,SEC030,2025-09-26 06:00,2025-09-26 08:00,2.0,1,ENG1763,Engineering,track
BLK00833,SEC030,2025-09-30 06:00,2025-09-30 14:30,8.5,2,SIG1460;ENG3036,Engineering;Signalling,signal;track
BLK00834,SEC030,2025-10-03 06:00,2025-10-03 10:15,4.25,1,TRC1615,Traction,power
BLK00835,SEC030,2025-10-16 06:00,2025-10-16 16:30,10.5,1,ENG0864,Engineering,track
BLK00836,SEC030,2025-10-21 06:00,2025-10-21 15:00,9.0,1,TRC2853,Traction,power
BLK00837,SEC030,2025-10-26 06:00,2025-10-26 07:15,1.25,1,TRC0058,Traction,power
BLK00838,SEC030,2025-11-06 06:00,2025-11-06 15:00,9.0,1,ENG0270,Engineering,track
BLK00839,SEC030,2025-11-15 06:00,2025-11-15 16:00,10.0,1,SIG0448,Signalling,signal
BLK00840,SEC030,2025-11-25 06:00,2025-11-25 09:30,3.5,1,ENG1903,Engineering,track
BLK00841,SEC031,2025-01-03 06:00,2025-01-03 07:45,1.75,1,TRC1751,Traction,power
BLK00842,SEC031,2025-01-16 06:00,2025-01-16 11:45,5.75,1,SIG0665,Signalling,none
BLK00843,SEC031,2025-01-20 06:00,2025-01-20 17:30,11.5,1,ENG1512,Engineering,track
BLK00844,SEC031,2025-01-27 22:01,2025-01-28 09:30,11.48,2,TRC1648;SIG1313,Signalling;Traction,signal
BLK00845,SEC031,2025-02-15 06:00,2025-02-15 18:00,12.0,1,SIG0360,Signalling,none
BLK00846,SEC031,2025-02-19 06:00,2025-02-19 14:30,8.5,1,SIG1773,Signalling,signal
BLK00847,SEC031,2025-03-13 07:59,2025-03-13 17:14,9.25,2,TRC0729;SIG1075,Signalling;Traction,none
BLK00848,SEC031,2025-03-27 06:00,2025-03-27 13:00,7.0,1,SIG1124,Signalling,signal
BLK00849,SEC031,2025-04-04 06:00,2025-04-04 18:29,12.48,3,SIG1311;TRC2096;ENG1947,Engineering;Signalling;Traction,power;track
BLK00850,SEC031,2025-04-08 06:00,2025-04-08 17:00,11.0,1,TRC1513,Traction,none
BLK00851,SEC031,2025-05-03 06:00,2025-05-03 09:00,3.0,1,TRC0714,Traction,power
BLK00852,SEC031,2025-05-12 06:00,2025-05-12 16:30,10.5,1,SIG2905,Signalling,none
BLK00853,SEC031,2025-05-15 06:00,2025-05-15 12:00,6.0,1,ENG0553,Engineering,track
BLK00854,SEC031,2025-05-25 06:00,2025-05-25 14:30,8.5,1,TRC0815,Traction,none
BLK00855,SEC031,2025-06-09 06:00,2025-06-09 15:00,9.0,1,SIG1457,Signalling,signal
BLK00856,SEC031,2025-06-13 06:00,2025-06-13 14:30,8.5,1,ENG1309,Engineering,track
BLK00857,SEC031,2025-06-15 06:00,2025-06-15 15:15,9.25,1,ENG2946,Engineering,track
BLK00858,SEC031,2025-06-21 06:00,2025-06-21 10:45,4.75,1,ENG1179,Engineering,track
BLK00859,SEC031,2025-07-01 06:00,2025-07-01 18:00,12.0,1,SIG1944,Signalling,signal
BLK00860,SEC031,2025-07-03 06:00,2025-07-03 12:15,6.25,1,ENG3259,Engineering,track
BLK00861,SEC031,2025-08-07 06:00,2025-08-07 13:15,7.25,2,TRC2754;ENG3409,Engineering;Traction,track
BLK00862,SEC031,2025-08-12 06:00,2025-08-12 16:45,10.75,1,ENG1718,Engineering,track
BLK00863,SEC031,2025-08-23 06:00,2025-08-23 16:30,10.5,1,ENG1628,Engineering,track
BLK00864,SEC031,2025-08-24 06:00,2025-08-24 10:15,4.25,1,ENG2350,Engineering,track
BLK00865,SEC031,2025-08-31 06:00,2025-08-31 16:45,10.75,1,SIG0589,Signalling,signal
BLK00866,SEC031,2025-09-07 01:16,2025-09-07 17:15,15.98,2,TRC0187;SIG0695,Signalling;Traction,power
BLK00867,SEC031,2025-09-28 06:00,2025-09-28 08:00,2.0,1,SIG2042,Signalling,signal
BLK00868,SEC031,2025-10-23 06:00,2025-10-23 09:45,3.75,1,TRC1266,Traction,power
BLK00869,SEC031,2025-10-24 06:00,2025-10-24 14:45,8.75,1,TRC1466,Traction,power
BLK00870,SEC031,2025-11-06 06:00,2025-11-06 12:00,6.0,1,ENG1385,Engineering,track
BLK00871,SEC031,2025-11-14 06:00,2025-11-14 15:45,9.75,1,TRC2147,Traction,none
BLK00872,SEC031,2025-11-22 06:00,2025-11-23 00:14,18.23,2,TRC1843;TRC2962,Traction,none
BLK00873,SEC031,2025-11-25 06:00,2025-11-25 09:00,3.0,1,TRC0326,Traction,none
BLK00874,SEC031,2025-11-27 06:00,2025-11-27 10:45,4.75,1,SIG0676,Signalling,signal
BLK00875,SEC031,2025-12-05 06:00,2025-12-05 16:00,10.0,1,ENG1224,Engineering,track
BLK00876,SEC031,2025-12-10 06:00,2025-12-10 16:00,10.0,1,TRC1381,Traction,none
BLK00877,SEC031,2025-12-14 06:00,2025-12-14 10:00,4.0,1,SIG1947,Signalling,none
BLK00878,SEC032,2025-01-11 06:00,2025-01-11 13:15,7.25,1,SIG0585,Signalling,signal
BLK00879,SEC032,2025-01-14 06:00,2025-01-14 13:00,7.0,1,SIG1044,Signalling,signal
BLK00880,SEC032,2025-01-21 06:00,2025-01-21 17:45,11.75,1,ENG1527,Engineering,track
BLK00881,SEC032,2025-01-24 06:00,2025-01-24 13:45,7.75,1,SIG1753,Signalling,none
BLK00882,SEC032,2025-02-15 06:00,2025-02-15 15:00,9.0,1,TRC1947,Traction,power
BLK00883,SEC032,2025-03-04 06:00,2025-03-04 12:00,6.0,1,ENG2875,Engineering,track
BLK00884,SEC032,2025-03-08 06:00,2025-03-08 12:15,6.25,1,ENG1740,Engineering,track
BLK00885,SEC032,2025-04-16 06:00,2025-04-16 17:15,11.25,1,ENG0196,Engineering,track
BLK00886,SEC032,2025-05-15 06:00,2025-05-15 14:00,8.0,1,SIG0342,Signalling,signal
BLK00887,SEC032,2025-05-23 06:00,2025-05-23 12:44,6.73,2,SIG0520;TRC2221,Signalling;Traction,none
BLK00888,SEC032,2025-06-06 06:00,2025-06-06 14:30,8.5,1,SIG2153,Signalling,signal
BLK00889,SEC032,2025-06-15 06:00,2025-06-15 13:15,7.25,1,TRC2657,Traction,power
BLK00890,SEC032,2025-06-28 06:00,2025-06-28 09:30,3.5,1,TRC1691,Traction,power
BLK00891,SEC032,2025-07-07 06:00,2025-07-07 16:30,10.5,1,ENG1417,Engineering,track
BLK00892,SEC032,2025-07-31 06:00,2025-07-31 12:00,6.0,1,TRC0304,Traction,power
BLK00893,SEC032,2025-08-19 06:00,2025-08-19 07:15,1.25,1,TRC2175,Traction,power
BLK00894,SEC032,2025-08-23 09:59,2025-08-23 21:14,11.25,1,ENG2503,Engineering,track
BLK00895,SEC032,2025-09-05 06:00,2025-09-05 11:45,5.75,1,SIG2119,Signalling,signal
BLK00896,SEC032,2025-09-07 06:00,2025-09-07 10:30,4.5,1,SIG1049,Signalling,none
BLK00897,SEC032,2025-09-17 06:00,2025-09-17 14:44,8.73,2,SIG2543;SIG0901,Signalling,signal
BLK00898,SEC032,2025-09-29 06:00,2025-09-29 15:00,9.0,1,TRC2558,Traction,power
BLK00899,SEC032,2025-10-07 06:00,2025-10-07 11:00,5.0,1,ENG2318,Engineering,track
BLK00900,SEC032,2025-10-11 06:00,2025-10-11 15:45,9.75,1,SIG1205,Signalling,signal
BLK00901,SEC032,2025-11-13 06:00,2025-11-13 14:30,8.5,1,SIG0874,Signalling,signal
BLK00902,SEC032,2025-11-16 06:00,2025-11-16 21:29,15.48,2,ENG0161;TRC2958,Engineering;Traction,track
BLK00903,SEC032,2025-11-27 06:00,2025-11-27 11:30,5.5,1,ENG3556,Engineering,track
BLK00904,SEC032,2025-12-09 06:00,2025-12-09 11:30,5.5,1,SIG1966,Signalling,none
BLK00905,SEC032,2025-12-18 06:00,2025-12-18 09:00,3.0,1,TRC2633,Traction,none
BLK00906,SEC033,2025-01-22 06:00,2025-01-22 17:00,11.0,1,ENG3264,Engineering,track
BLK00907,SEC033,2025-02-23 06:00,2025-02-23 12:15,6.25,1,SIG2493,Signalling,none
BLK00908,SEC033,2025-03-09 06:00,2025-03-09 08:15,2.25,1,ENG2992,Engineering,track
BLK00909,SEC033,2025-03-20 06:00,2025-03-20 08:30,2.5,1,ENG2301,Engineering,track
BLK00910,SEC033,2025-03-21 06:00,2025-03-21 11:45,5.75,2,SIG2565;SIG0171,Signalling,none
BLK00911,SEC033,2025-04-20 20:01,2025-04-21 09:00,12.98,2,TRC0023;TRC2843,Traction,none
BLK00912,SEC033,2025-05-03 06:00,2025-05-03 16:15,10.25,1,SIG2889,Signalling,signal
BLK00913,SEC033,2025-05-29 06:00,2025-05-29 23:44,17.73,2,SIG1026;SIG2725,Signalling,signal
BLK00914,SEC033,2025-06-26 06:00,2025-06-26 11:00,5.0,1,SIG0717,Signalling,signal
BLK00915,SEC033,2025-06-30 06:00,2025-06-30 19:14,13.23,2,ENG0530;TRC0175,Engineering;Traction,track
BLK00916,SEC033,2025-07-07 06:00,2025-07-07 12:45,6.75,2,ENG1135;SIG0879,Engineering;Signalling,signal;track
BLK00917,SEC033,2025-07-10 06:00,2025-07-10 16:00,10.0,1,TRC0643,Traction,power
BLK00918,SEC033,2025-07-15 06:00,2025-07-15 11:30,5.5,1,ENG0230,Engineering,track
BLK00919,SEC033,2025-07-21 06:00,2025-07-21 16:45,10.75,1,TRC2986,Traction,power
BLK00920,SEC033,2025-07-24 06:00,2025-07-24 16:30,10.5,1,SIG2334,Signalling,signal
BLK00921,SEC033,2025-07-26 06:00,2025-07-26 14:00,8.0,1,SIG0131,Signalling,none
BLK00922,SEC033,2025-07-29 06:00,2025-07-29 14:30,8.5,1,ENG0264,Engineering,track
BLK00923,SEC033,2025-08-12 06:00,2025-08-12 08:45,2.75,1,TRC0975,Traction,power
BLK00924,SEC033,2025-08-15 06:00,2025-08-15 10:00,4.0,1,ENG3907,Engineering,track
BLK00925,SEC033,2025-08-30 06:00,2025-08-30 10:15,4.25,1,ENG0194,Engineering,track
BLK00926,SEC033,2025-08-31 06:00,2025-08-31 12:00,6.0,1,TRC2007,Traction,power
BLK00927,SEC033,2025-09-30 06:00,2025-09-30 13:15,7.25,1,TRC2601,Traction,power
BLK00928,SEC033,2025-10-02 06:00,2025-10-02 07:45,1.75,1,ENG1925,Engineering,track
BLK00929,SEC033,2025-10-07 06:00,2025-10-07 07:45,1.75,1,TRC0418,Traction,power
BLK00930,SEC033,2025-10-10 04:31,2025-10-10 16:30,11.98,3,SIG2773;TRC2778;SIG1322,Signalling;Traction,power;signal
BLK00931,SEC033,2025-10-27 06:00,2025-10-27 16:45,10.75,2,TRC1308;ENG0165,Engineering;Traction,power;track
BLK00932,SEC033,2025-11-03 06:00,2025-11-03 10:30,4.5,1,SIG1347,Signalling,signal
BLK00933,SEC033,2025-11-06 06:00,2025-11-06 12:45,6.75,1,TRC0769,Traction,none
BLK00934,SEC033,2025-11-11 06:00,2025-11-11 18:00,12.0,1,SIG2520,Signalling,none
BLK00935,SEC033,2025-11-19 06:00,2025-11-19 07:15,1.25,1,ENG3986,Engineering,track
BLK00936,SEC033,2025-12-04 06:00,2025-12-04 07:45,1.75,1,TRC0202,Traction,none
BLK00937,SEC033,2025-12-05 06:00,2025-12-05 11:00,5.0,1,ENG0163,Engineering,track
BLK00938,SEC033,2025-12-18 06:00,2025-12-18 16:00,10.0,1,TRC1795,Traction,power
BLK00939,SEC034,2025-02-23 16:59,2025-02-24 12:43,19.73,2,TRC0699;SIG0061,Signalling;Traction,none
BLK00940,SEC034,2025-03-05 06:00,2025-03-05 11:00,5.0,1,TRC0125,Traction,none
BLK00941,SEC034,2025-03-16 06:00,2025-03-16 17:00,11.0,1,SIG0054,Signalling,none
BLK00942,SEC034,2025-04-04 06:00,2025-04-04 15:00,9.0,1,TRC1196,Traction,none
BLK00943,SEC034,2025-04-21 06:00,2025-04-21 14:00,8.0,1,SIG1892,Signalling,none
BLK00944,SEC034,2025-05-03 06:00,2025-05-03 10:30,4.5,1,TRC0369,Traction,none
BLK00945,SEC034,2025-05-10 06:00,2025-05-10 16:30,10.5,1,SIG0047,Signalling,none
BLK00946,SEC034,2025-05-30 06:00,2025-05-30 09:30,3.5,1,ENG0243,Engineering,track
BLK00947,SEC034,2025-06-05 06:00,2025-06-05 17:45,11.75,1,ENG1176,Engineering,track
BLK00948,SEC034,2025-06-10 06:00,2025-06-10 07:15,1.25,1,SIG0076,Signalling,signal
BLK00949,SEC034,2025-06-25 06:00,2025-06-25 10:00,4.0,1,ENG2646,Engineering,track
BLK00950,SEC034,2025-08-02 06:00,2025-08-02 11:00,5.0,1,ENG0355,Engineering,track
BLK00951,SEC034,2025-08-09 13:14,2025-08-09 23:29,10.25,1,TRC2749,Traction,none
BLK00952,SEC034,2025-08-14 06:00,2025-08-14 16:15,10.25,1,SIG1891,Signalling,signal
BLK00953,SEC034,2025-08-19 06:00,2025-08-19 07:30,1.5,1,ENG3456,Engineering,track
BLK00954,SEC034,2025-08-26 06:00,2025-08-26 11:30,5.5,1,SIG2927,Signalling,signal
BLK00955,SEC034,2025-10-03 06:00,2025-10-03 17:30,11.5,1,ENG0437,Engineering,track
BLK00956,SEC034,2025-10-05 06:00,2025-10-05 13:15,7.25,1,ENG1617,Engineering,track
BLK00957,SEC034,2025-10-25 06:00,2025-10-25 15:00,9.0,1,TRC1154,Traction,none
BLK00958,SEC034,2025-11-08 06:00,2025-11-08 11:00,5.0,1,ENG1906,Engineering,track
BLK00959,SEC034,2025-11-19 06:00,2025-11-19 16:30,10.5,1,SIG0897,Signalling,none
BLK00960,SEC034,2025-11-26 06:00,2025-11-26 17:30,11.5,1,TRC1955,Traction,none
BLK00961,SEC035,2025-01-19 10:29,2025-01-19 19:29,9.0,1,TRC1260,Traction,none
BLK00962,SEC035,2025-01-28 06:00,2025-01-28 08:15,2.25,1,ENG3772,Engineering,track
BLK00963,SEC035,2025-02-08 06:00,2025-02-08 18:00,12.0,1,ENG3848,Engineering,track
BLK00964,SEC035,2025-02-22 15:15,2025-02-23 17:58,26.72,5,SIG2252;TRC2794;TRC0501;TRC1895;SIG1048,Signalling;Traction,power;signal
BLK00965,SEC035,2025-04-06 06:00,2025-04-06 15:30,9.5,1,TRC0687,Traction,power
BLK00966,SEC035,2025-05-03 06:00,2025-05-03 10:15,4.25,1,TRC1113,Traction,power
BLK00967,SEC035,2025-05-25 06:00,2025-05-25 16:15,10.25,1,ENG1473,Engineering,track
BLK00968,SEC035,2025-06-01 06:00,2025-06-01 15:30,9.5,1,TRC2747,Traction,power
BLK00969,SEC035,2025-06-09 06:00,2025-06-09 11:00,5.0,1,SIG2788,Signalling,signal
BLK00970,SEC035,2025-07-14 06:00,2025-07-14 16:30,10.5,1,ENG0137,Engineering,track
BLK00971,SEC035,2025-08-10 06:00,2025-08-10 12:30,6.5,1,SIG2826,Signalling,signal
BLK00972,SEC035,2025-09-17 06:00,2025-09-17 16:00,10.0,1,ENG0894,Engineering,track
BLK00973,SEC035,2025-10-12 06:00,2025-10-12 12:00,6.0,1,TRC0838,Traction,power
BLK00974,SEC035,2025-10-14 06:00,2025-10-14 07:15,1.25,1,ENG0420,Engineering,track
BLK00975,SEC035,2025-10-17 06:00,2025-10-17 16:30,10.5,1,TRC0625,Traction,power
BLK00976,SEC035,2025-10-19 06:00,2025-10-19 18:00,12.0,1,TRC1964,Traction,none
BLK00977,SEC035,2025-11-08 22:46,2025-11-09 11:30,12.73,2,ENG1427;TRC0810,Engineering;Traction,power;track
BLK00978,SEC035,2025-11-18 06:00,2025-11-18 17:45,11.75,2,SIG2495;SIG2486,Signalling,signal
BLK00979,SEC035,2025-11-24 06:00,2025-11-24 17:15,11.25,1,SIG2601,Signalling,none
BLK00980,SEC035,2025-12-04 06:00,2025-12-04 11:30,5.5,1,TRC0846,Traction,none
BLK00981,SEC036,2025-01-14 06:00,2025-01-14 13:00,7.0,1,TRC1773,Traction,power
BLK00982,SEC036,2025-03-12 06:00,2025-03-12 17:30,11.5,1,ENG3971,Engineering,track
BLK00983,SEC036,2025-03-22 06:00,2025-03-22 16:45,10.75,1,TRC2139,Traction,none
BLK00984,SEC036,2025-03-23 06:00,2025-03-23 15:30,9.5,1,TRC0138,Traction,none
BLK00985,SEC036,2025-03-27 06:00,2025-03-27 16:15,10.25,2,TRC0502;SIG0271,Signalling;Traction,power;signal
BLK00986,SEC036,2025-04-01 06:00,2025-04-01 08:15,2.25,1,ENG0778,Engineering,track
BLK00987,SEC036,2025-04-06 06:00,2025-04-06 15:00,9.0,1,TRC2904,Traction,none
BLK00988,SEC036,2025-05-24 06:00,2025-05-24 16:00,10.0,1,ENG3374,Engineering,track
BLK00989,SEC036,2025-05-25 06:00,2025-05-25 17:15,11.25,1,TRC0876,Traction,none
BLK00990,SEC036,2025-06-06 06:00,2025-06-06 17:45,11.75,1,TRC1452,Traction,power
BLK00991,SEC036,2025-06-07 06:00,2025-06-07 13:30,7.5,1,ENG1664,Engineering,track
BLK00992,SEC036,2025-06-14 06:00,2025-06-14 08:30,2.5,1,SIG1860,Signalling,signal
BLK00993,SEC036,2025-06-28 06:00,2025-06-28 13:00,7.0,1,TRC1503,Traction,none
BLK00994,SEC036,2025-07-01 06:00,2025-07-01 10:30,4.5,1,ENG3287,Engineering,track
BLK00995,SEC036,2025-07-20 06:00,2025-07-20 15:15,9.25,1,SIG1527,Signalling,none
BLK00996,SEC036,2025-07-26 06:00,2025-07-26 07:30,1.5,1,ENG2606,Engineering,track
BLK00997,SEC036,2025-08-03 06:00,2025-08-03 10:30,4.5,1,ENG1086,Engineering,track
BLK00998,SEC036,2025-08-06 06:00,2025-08-06 13:45,7.75,1,SIG0888,Signalling,none
BLK00999,SEC036,2025-08-18 06:00,2025-08-18 18:00,12.0,2,SIG2068;ENG2629,Engineering;Signalling,signal;track
BLK01000,SEC036,2025-09-16 23:31,2025-09-17 12:15,12.73,3,TRC1270;ENG3759;TRC2196,Engineering;Traction,power;track
BLK01001,SEC036,2025-10-20 06:00,2025-10-20 16:30,10.5,1,ENG3544,Engineering,track
BLK01002,SEC036,2025-10-30 06:00,2025-10-30 15:00,9.0,1,ENG1693,Engineering,track
BLK01003,SEC036,2025-11-18 06:00,2025-11-18 09:15,3.25,1,ENG2190,Engineering,track
BLK01004,SEC036,2025-11-27 06:00,2025-11-27 15:00,9.0,1,SIG1355,Signalling,none
BLK01005,SEC036,2025-12-16 06:00,2025-12-16 16:45,10.75,1,SIG1582,Signalling,signal
BLK01006,SEC037,2025-01-11 06:00,2025-01-11 11:30,5.5,1,TRC0603,Traction,none
BLK01007,SEC037,2025-01-16 06:00,2025-01-16 08:00,2.0,1,SIG2375,Signalling,signal
BLK01008,SEC037,2025-01-21 06:00,2025-01-21 09:15,3.25,1,SIG0429,Signalling,none
BLK01009,SEC037,2025-02-10 06:00,2025-02-10 08:00,2.0,1,SIG2715,Signalling,signal
BLK01010,SEC037,2025-03-03 06:00,2025-03-03 09:00,3.0,1,TRC1714,Traction,none
BLK01011,SEC037,2025-03-17 06:00,2025-03-17 12:00,6.0,1,ENG3310,Engineering,track
BLK01012,SEC037,2025-03-20 02:16,2025-03-20 13:30,11.23,2,TRC2480;SIG1037,Signalling;Traction,signal
BLK01013,SEC037,2025-05-01 06:00,2025-05-01 12:15,6.25,1,SIG2560,Signalling,none
BLK01014,SEC037,2025-05-10 06:00,2025-05-10 17:30,11.5,1,TRC0723,Traction,none
BLK01015,SEC037,2025-05-12 06:00,2025-05-12 10:15,4.25,1,ENG1209,Engineering,track
BLK01016,SEC037,2025-05-17 06:00,2025-05-17 08:15,2.25,1,TRC1054,Traction,none
BLK01017,SEC037,2025-06-18 06:00,2025-06-18 09:15,3.25,1,TRC0285,Traction,none
BLK01018,SEC037,2025-06-26 06:00,2025-06-26 10:00,4.0,1,ENG2506,Engineering,track
BLK01019,SEC037,2025-07-13 06:00,2025-07-13 13:00,7.0,1,TRC1501,Traction,none
BLK01020,SEC037,2025-07-27 06:00,2025-07-27 12:45,6.75,1,SIG0859,Signalling,none
BLK01021,SEC037,2025-07-31 06:00,2025-07-31 08:45,2.75,1,ENG0216,Engineering,track
BLK01022,SEC037,2025-08-13 06:00,2025-08-13 09:45,3.75,1,ENG2024,Engineering,track
BLK01023,SEC037,2025-08-16 06:00,2025-08-16 13:00,7.0,1,TRC1549,Traction,none
BLK01024,SEC037,2025-08-18 06:00,2025-08-18 15:15,9.25,1,TRC2122,Traction,power
BLK01025,SEC037,2025-09-03 06:00,2025-09-03 07:15,1.25,1,ENG1752,Engineering,track
BLK01026,SEC037,2025-09-05 06:00,2025-09-05 10:15,4.25,1,TRC0041,Traction,power
BLK01027,SEC037,2025-09-24 06:00,2025-09-24 07:15,1.25,1,ENG3063,Engineering,track
BLK01028,SEC037,2025-10-08 06:00,2025-10-08 16:15,10.25,1,ENG2415,Engineering,track
BLK01029,SEC037,2025-10-23 06:00,2025-10-23 10:00,4.0,1,SIG0894,Signalling,signal
BLK01030,SEC037,2025-10-27 06:00,2025-10-27 14:15,8.25,1,ENG0131,Engineering,track
BLK01031,SEC037,2025-11-24 06:00,2025-11-24 14:00,8.0,1,ENG1039,Engineering,track
BLK01032,SEC037,2025-12-11 06:00,2025-12-11 09:30,3.5,1,TRC2378,Traction,none
BLK01033,SEC038,2025-01-21 04:15,2025-01-21 16:00,11.75,2,ENG1771;TRC0273,Engineering;Traction,power;track
BLK01034,SEC038,2025-02-11 10:14,2025-02-11 14:44,4.5,1,TRC2532,Traction,none
BLK01035,SEC038,2025-04-02 06:00,2025-04-02 07:45,1.75,1,ENG0463,Engineering,track
BLK01036,SEC038,2025-05-10 06:00,2025-05-10 09:30,3.5,1,SIG2057,Signalling,signal
BLK01037,SEC038,2025-05-16 06:00,2025-05-16 15:45,9.75,1,SIG0702,Signalling,signal
BLK01038,SEC038,2025-07-05 06:00,2025-07-05 17:15,11.25,1,SIG2970,Signalling,signal
BLK01039,SEC038,2025-07-10 06:00,2025-07-10 17:00,11.0,1,ENG3431,Engineering,track
BLK01040,SEC038,2025-07-12 06:00,2025-07-12 12:30,6.5,1,ENG0093,Engineering,track
BLK01041,SEC038,2025-07-31 06:00,2025-07-31 17:00,11.0,1,TRC0026,Traction,power
BLK01042,SEC038,2025-08-08 06:00,2025-08-08 08:15,2.25,1,SIG1418,Signalling,signal
BLK01043,SEC038,2025-08-20 06:00,2025-08-20 15:00,9.0,1,SIG1318,Signalling,none
BLK01044,SEC038,2025-08-25 06:00,2025-08-25 16:45,10.75,1,TRC1802,Traction,power
BLK01045,SEC038,2025-09-06 06:00,2025-09-06 14:00,8.0,1,ENG1096,Engineering,track
BLK01046,SEC038,2025-09-08 06:00,2025-09-08 09:15,3.25,1,ENG1636,Engineering,track
BLK01047,SEC038,2025-09-25 06:00,2025-09-25 10:45,4.75,1,SIG2444,Signalling,signal
BLK01048,SEC038,2025-10-04 06:00,2025-10-04 15:00,9.0,1,ENG1871,Engineering,track
BLK01049,SEC038,2025-10-29 06:00,2025-10-29 14:45,8.75,1,ENG1004,Engineering,track
BLK01050,SEC038,2025-11-12 06:00,2025-11-12 12:15,6.25,1,ENG2545,Engineering,track
BLK01051,SEC039,2025-01-15 10:27,2025-01-15 14:04,3.62,2,SIG0174;TRC0017,Signalling;Traction,power;signal
BLK01052,SEC039,2025-02-12 06:00,2025-02-12 23:14,17.23,2,TRC2975;SIG1545,Signalling;Traction,power;signal
BLK01053,SEC039,2025-03-01 06:00,2025-03-01 17:45,11.75,1,SIG1264,Signalling,none
BLK01054,SEC039,2025-03-03 21:46,2025-03-04 09:30,11.73,2,TRC1634;TRC0732,Traction,power
BLK01055,SEC039,2025-03-12 06:00,2025-03-12 09:30,3.5,1,SIG1082,Signalling,none
BLK01056,SEC039,2025-05-25 06:00,2025-05-25 14:30,8.5,1,ENG1900,Engineering,track
BLK01057,SEC039,2025-05-28 06:00,2025-05-28 14:00,8.0,1,ENG1703,Engineering,track
BLK01058,SEC039,2025-08-05 06:00,2025-08-05 11:45,5.75,1,TRC1530,Traction,power
BLK01059,SEC039,2025-09-16 06:00,2025-09-16 08:00,2.0,1,SIG0294,Signalling,none
BLK01060,SEC039,2025-09-26 06:00,2025-09-26 12:30,6.5,1,SIG2327,Signalling,none
BLK01061,SEC039,2025-10-03 06:00,2025-10-03 16:00,10.0,1,TRC1536,Traction,power
BLK01062,SEC039,2025-10-08 06:00,2025-10-08 12:30,6.5,1,SIG2199,Signalling,signal
BLK01063,SEC039,2025-11-12 16:17,2025-11-13 09:00,16.72,3,SIG2351;TRC0106;SIG0432,Signalling;Traction,power;signal
BLK01064,SEC039,2025-11-24 06:00,2025-11-24 08:00,2.0,1,TRC1423,Traction,none
BLK01065,SEC039,2025-11-27 06:00,2025-11-27 13:15,7.25,1,TRC1286,Traction,none
BLK01066,SEC040,2025-01-07 06:00,2025-01-07 18:00,12.0,1,SIG1140,Signalling,signal
BLK01067,SEC040,2025-01-09 06:00,2025-01-09 14:00,8.0,1,SIG1368,Signalling,signal
BLK01068,SEC040,2025-01-24 06:00,2025-01-24 16:30,10.5,1,SIG0078,Signalling,none
BLK01069,SEC040,2025-01-30 06:00,2025-01-30 10:15,4.25,1,ENG2105,Engineering,track
BLK01070,SEC040,2025-02-10 06:00,2025-02-10 13:00,7.0,1,ENG2770,Engineering,track
BLK01071,SEC040,2025-04-25 06:00,2025-04-25 15:00,9.0,1,TRC2071,Traction,none
BLK01072,SEC040,2025-04-27 06:00,2025-04-27 17:45,11.75,1,SIG0631,Signalling,none
BLK01073,SEC040,2025-05-15 06:00,2025-05-15 09:15,3.25,1,SIG0577,Signalling,none
BLK01074,SEC040,2025-05-19 06:00,2025-05-19 13:00,7.0,1,SIG2498,Signalling,signal
BLK01075,SEC040,2025-05-20 06:00,2025-05-20 08:30,2.5,1,SIG1339,Signalling,signal
BLK01076,SEC040,2025-06-08 06:00,2025-06-08 07:15,1.25,1,ENG1200,Engineering,track
BLK01077,SEC040,2025-06-15 06:00,2025-06-15 16:45,10.75,1,SIG1554,Signalling,signal
BLK01078,SEC040,2025-06-21 06:00,2025-06-21 16:30,10.5,1,SIG0333,Signalling,signal
BLK01079,SEC040,2025-06-22 06:00,2025-06-22 18:00,12.0,1,SIG1965,Signalling,signal
BLK01080,SEC040,2025-07-06 06:00,2025-07-06 15:30,9.5,1,ENG0077,Engineering,track
BLK01081,SEC040,2025-07-10 06:00,2025-07-10 15:15,9.25,1,TRC1142,Traction,power
BLK01082,SEC040,2025-07-18 06:00,2025-07-18 16:30,10.5,1,ENG1615,Engineering,track
BLK01083,SEC040,2025-07-30 06:00,2025-07-30 13:00,7.0,1,ENG0169,Engineering,track
BLK01084,SEC040,2025-08-20 00:31,2025-08-20 13:45,13.23,2,TRC1792;TRC1870,Traction,power
BLK01085,SEC040,2025-08-21 06:00,2025-08-21 17:30,11.5,1,ENG0313,Engineering,track
BLK01086,SEC040,2025-08-23 06:00,2025-08-23 16:00,10.0,1,TRC1570,Traction,none
BLK01087,SEC040,2025-08-31 06:00,2025-08-31 11:00,5.0,1,ENG3943,Engineering,track
BLK01088,SEC040,2025-09-13 06:00,2025-09-13 14:15,8.25,1,SIG1354,Signalling,none
BLK01089,SEC040,2025-09-16 06:00,2025-09-16 09:00,3.0,1,SIG1309,Signalling,signal
BLK01090,SEC040,2025-09-24 06:00,2025-09-24 14:00,8.0,1,ENG1500,Engineering,track
BLK01091,SEC040,2025-10-10 06:00,2025-10-10 15:30,9.5,1,TRC0309,Traction,none
BLK01092,SEC040,2025-11-03 06:00,2025-11-03 09:15,3.25,1,ENG3199,Engineering,track
BLK01093,SEC040,2025-11-18 06:00,2025-11-18 16:00,10.0,1,TRC2407,Traction,power
BLK01094,SEC040,2025-11-28 06:00,2025-11-28 07:45,1.75,1,SIG2734,Signalling,none
BLK01095,SEC040,2025-12-07 06:00,2025-12-07 10:00,4.0,1,TRC2546,Traction,none
BLK01096,SEC040,2025-12-21 06:00,2025-12-21 09:15,3.25,1,TRC0977,Traction,none
BLK01097,SEC041,2025-01-16 06:00,2025-01-16 13:00,7.0,1,TRC1659,Traction,power
BLK01098,SEC041,2025-01-18 06:00,2025-01-18 17:00,11.0,1,SIG0258,Signalling,none
BLK01099,SEC041,2025-01-19 06:00,2025-01-19 10:00,4.0,1,ENG1621,Engineering,track
BLK01100,SEC041,2025-01-28 06:00,2025-01-28 12:00,6.0,1,TRC0213,Traction,power
BLK01101,SEC041,2025-02-03 06:00,2025-02-03 16:00,10.0,1,TRC1144,Traction,power
BLK01102,SEC041,2025-02-28 06:00,2025-02-28 17:00,11.0,1,TRC0736,Traction,none
BLK01103,SEC041,2025-03-03 06:00,2025-03-03 15:00,9.0,1,ENG0911,Engineering,track
BLK01104,SEC041,2025-04-02 06:00,2025-04-02 16:45,10.75,1,ENG0239,Engineering,track
BLK01105,SEC041,2025-05-04 06:00,2025-05-04 12:15,6.25,1,TRC2438,Traction,power
BLK01106,SEC041,2025-05-29 06:00,2025-05-29 17:45,11.75,1,SIG2940,Signalling,signal
BLK01107,SEC041,2025-06-08 11:44,2025-06-08 18:59,7.25,1,ENG1532,Engineering,track
BLK01108,SEC041,2025-06-22 06:00,2025-06-22 07:30,1.5,1,TRC1637,Traction,power
BLK01109,SEC041,2025-06-26 06:00,2025-06-26 07:30,1.5,1,ENG2784,Engineering,track
BLK01110,SEC041,2025-07-11 06:00,2025-07-11 10:30,4.5,1,SIG0102,Signalling,none
BLK01111,SEC041,2025-07-17 06:00,2025-07-17 08:15,2.25,1,TRC0210,Traction,power
BLK01112,SEC041,2025-07-20 06:00,2025-07-20 18:00,12.0,1,TRC2560,Traction,none
BLK01113,SEC041,2025-08-14 06:00,2025-08-14 09:45,3.75,1,TRC0159,Traction,power
BLK01114,SEC041,2025-08-25 06:00,2025-08-25 10:00,4.0,1,ENG1313,Engineering,track
BLK01115,SEC041,2025-09-12 06:00,2025-09-12 23:14,17.23,2,TRC0506;SIG2676,Signalling;Traction,signal
BLK01116,SEC041,2025-09-25 06:00,2025-09-25 09:45,3.75,1,TRC0670,Traction,none
BLK01117,SEC041,2025-09-28 06:00,2025-09-28 14:15,8.25,1,ENG0676,Engineering,track
BLK01118,SEC041,2025-10-11 06:00,2025-10-11 18:00,12.0,1,ENG2991,Engineering,track
BLK01119,SEC041,2025-10-16 06:00,2025-10-16 07:45,1.75,1,SIG0261,Signalling,signal
BLK01120,SEC041,2025-11-24 06:00,2025-11-24 14:00,8.0,1,SIG2161,Signalling,none
BLK01121,SEC041,2025-11-27 06:00,2025-11-27 10:15,4.25,1,TRC1467,Traction,none
BLK01122,SEC042,2025-01-20 06:00,2025-01-20 16:30,10.5,1,ENG3503,Engineering,track
BLK01123,SEC042,2025-01-23 06:00,2025-01-23 18:59,12.98,2,ENG3249;TRC0721,Engineering;Traction,track
BLK01124,SEC042,2025-02-21 06:00,2025-02-21 16:45,10.75,1,ENG1535,Engineering,track
BLK01125,SEC042,2025-02-28 06:00,2025-02-28 15:00,9.0,1,SIG2264,Signalling,signal
BLK01126,SEC042,2025-03-03 06:00,2025-03-03 10:45,4.75,1,ENG0947,Engineering,track
BLK01127,SEC042,2025-03-04 06:00,2025-03-04 11:15,5.25,1,ENG1464,Engineering,track
BLK01128,SEC042,2025-04-13 06:00,2025-04-13 17:15,11.25,1,ENG2802,Engineering,track
BLK01129,SEC042,2025-05-05 06:00,2025-05-05 16:30,10.5,1,ENG3304,Engineering,track
BLK01130,SEC042,2025-05-07 06:00,2025-05-07 11:00,5.0,1,SIG1073,Signalling,signal
BLK01131,SEC042,2025-06-03 06:00,2025-06-03 15:30,9.5,1,SIG1542,Signalling,none
BLK01132,SEC042,2025-06-10 00:46,2025-06-10 12:00,11.23,2,SIG1043;SIG0482,Signalling,signal
BLK01133,SEC042,2025-06-12 06:00,2025-06-12 15:30,9.5,1,ENG3067,Engineering,track
BLK01134,SEC042,2025-06-25 06:00,2025-06-25 07:30,1.5,1,SIG2883,Signalling,signal
BLK01135,SEC042,2025-08-01 06:00,2025-08-01 17:30,11.5,1,TRC2106,Traction,power
BLK01136,SEC042,2025-08-17 18:31,2025-08-18 10:00,15.48,2,SIG2270;ENG1358,Engineering;Signalling,track
BLK01137,SEC042,2025-08-25 06:00,2025-08-25 16:15,10.25,1,ENG0183,Engineering,track
BLK01138,SEC042,2025-09-01 06:00,2025-09-01 15:00,9.0,1,ENG3134,Engineering,track
BLK01139,SEC042,2025-09-15 04:16,2025-09-15 16:45,12.48,2,ENG1217;SIG1296,Engineering;Signalling,track
BLK01140,SEC042,2025-10-18 21:01,2025-10-19 13:00,15.98,2,SIG0696;ENG0349,Engineering;Signalling,track
BLK01141,SEC042,2025-11-04 06:00,2025-11-04 12:00,6.0,1,ENG3599,Engineering,track
BLK01142,SEC042,2025-12-09 06:00,2025-12-09 12:30,6.5,1,SIG2663,Signalling,none
BLK01143,SEC042,2025-12-12 06:00,2025-12-12 15:00,9.0,1,TRC1603,Traction,none
BLK01144,SEC042,2025-12-14 06:00,2025-12-14 16:30,10.5,1,SIG2895,Signalling,none
BLK01145,SEC043,2025-01-20 06:00,2025-01-20 08:45,2.75,1,ENG1031,Engineering,track
BLK01146,SEC043,2025-01-26 06:00,2025-01-26 09:45,3.75,1,SIG0742,Signalling,none
BLK01147,SEC043,2025-02-05 06:00,2025-02-05 08:15,2.25,1,ENG0939,Engineering,track
BLK01148,SEC043,2025-02-06 06:00,2025-02-06 09:15,3.25,1,ENG1235,Engineering,track
BLK01149,SEC043,2025-02-07 06:00,2025-02-07 15:30,9.5,1,TRC1264,Traction,power
BLK01150,SEC043,2025-03-17 06:00,2025-03-17 07:30,1.5,1,TRC1465,Traction,power
BLK01151,SEC043,2025-03-25 06:00,2025-03-25 14:45,8.75,1,SIG0748,Signalling,signal
BLK01152,SEC043,2025-04-09 19:16,2025-04-10 15:00,19.73,2,SIG1690;ENG3912,Engineering;Signalling,signal;track
BLK01153,SEC043,2025-05-18 06:00,2025-05-18 17:15,11.25,1,ENG3101,Engineering,track
BLK01154,SEC043,2025-05-19 06:00,2025-05-19 11:30,5.5,1,ENG1471,Engineering,track
BLK01155,SEC043,2025-06-10 06:00,2025-06-10 09:00,3.0,1,TRC1933,Traction,power
BLK01156,SEC043,2025-06-15 06:00,2025-06-15 16:15,10.25,1,SIG1068,Signalling,signal
BLK01157,SEC043,2025-06-29 06:00,2025-06-29 11:30,5.5,1,ENG2615,Engineering,track
BLK01158,SEC043,2025-06-30 06:00,2025-06-30 16:45,10.75,1,TRC1117,Traction,power
BLK01159,SEC043,2025-07-08 06:00,2025-07-08 14:00,8.0,1,SIG1551,Signalling,signal
BLK01160,SEC043,2025-07-13 06:00,2025-07-13 13:00,7.0,1,ENG1196,Engineering,track
BLK01161,SEC043,2025-07-18 06:00,2025-07-18 13:00,7.0,1,ENG3845,Engineering,track
BLK01162,SEC043,2025-07-19 06:00,2025-07-19 14:00,8.0,1,SIG0638,Signalling,none
BLK01163,SEC043,2025-07-20 06:00,2025-07-20 11:45,5.75,1,TRC0059,Traction,power
BLK01164,SEC043,2025-07-23 06:00,2025-07-23 17:45,11.75,1,ENG3381,Engineering,track
BLK01165,SEC043,2025-07-26 06:00,2025-07-26 11:00,5.0,1,ENG0164,Engineering,track
BLK01166,SEC043,2025-08-03 06:00,2025-08-03 09:00,3.0,1,ENG2311,Engineering,track
BLK01167,SEC043,2025-08-13 06:00,2025-08-13 15:30,9.5,1,ENG3423,Engineering,track
BLK01168,SEC043,2025-09-27 06:00,2025-09-27 10:00,4.0,1,ENG2090,Engineering,track
BLK01169,SEC043,2025-10-06 06:00,2025-10-06 08:30,2.5,1,SIG0528,Signalling,signal
BLK01170,SEC043,2025-10-09 06:00,2025-10-09 17:30,11.5,1,ENG3079,Engineering,track
BLK01171,SEC043,2025-10-20 06:00,2025-10-20 12:15,6.25,1,SIG2838,Signalling,none
BLK01172,SEC043,2025-11-06 06:00,2025-11-06 14:30,8.5,1,ENG0534,Engineering,track
BLK01173,SEC043,2025-11-08 22:16,2025-11-09 14:00,15.73,2,TRC1547;SIG1099,Signalling;Traction,power
BLK01174,SEC043,2025-11-24 06:00,2025-11-24 17:45,11.75,1,SIG2817,Signalling,none
BLK01175,SEC043,2025-12-17 02:01,2025-12-17 13:15,11.23,3,SIG1640;ENG0988;TRC2223,Engineering;Signalling;Traction,track
BLK01176,SEC043,2025-12-18 06:00,2025-12-18 16:45,10.75,1,TRC0808,Traction,power
BLK01177,SEC044,2025-01-04 06:00,2025-01-04 07:30,1.5,1,ENG3844,Engineering,track
BLK01178,SEC044,2025-01-11 06:00,2025-01-11 11:15,5.25,1,SIG1932,Signalling,signal
BLK01179,SEC044,2025-01-12 06:00,2025-01-12 08:15,2.25,1,TRC1928,Traction,none
BLK01180,SEC044,2025-01-27 06:00,2025-01-27 07:30,1.5,1,SIG0175,Signalling,signal
BLK01181,SEC044,2025-02-03 06:00,2025-02-03 16:15,10.25,1,SIG2685,Signalling,signal
BLK01182,SEC044,2025-02-08 06:00,2025-02-08 07:30,1.5,1,TRC2990,Traction,none
BLK01183,SEC044,2025-03-03 06:00,2025-03-03 10:45,4.75,1,ENG0644,Engineering,track
BLK01184,SEC044,2025-03-12 06:00,2025-03-12 18:00,12.0,1,ENG3410,Engineering,track
BLK01185,SEC044,2025-04-13 06:00,2025-04-13 17:30,11.5,1,SIG0855,Signalling,none
BLK01186,SEC044,2025-05-14 06:00,2025-05-14 12:45,6.75,2,SIG2939;TRC2323,Signalling;Traction,power
BLK01187,SEC044,2025-05-16 06:00,2025-05-16 12:45,6.75,1,SIG1633,Signalling,none
BLK01188,SEC044,2025-05-23 06:00,2025-05-23 17:15,11.25,1,ENG1517,Engineering,track
BLK01189,SEC044,2025-05-30 04:01,2025-05-30 15:30,11.48,2,SIG1022;ENG0724,Engineering;Signalling,signal;track
BLK01190,SEC044,2025-06-15 06:00,2025-06-15 09:30,3.5,1,TRC2148,Traction,power
BLK01191,SEC044,2025-06-24 06:00,2025-06-24 12:00,6.0,1,SIG0998,Signalling,none
BLK01192,SEC044,2025-06-27 06:00,2025-06-27 09:15,3.25,1,ENG2020,Engineering,track
BLK01193,SEC044,2025-07-05 06:00,2025-07-05 08:15,2.25,1,ENG0443,Engineering,track
BLK01194,SEC044,2025-07-12 06:00,2025-07-12 07:30,1.5,1,ENG2189,Engineering,track
BLK01195,SEC044,2025-07-18 06:00,2025-07-18 12:00,6.0,1,ENG3377,Engineering,track
BLK01196,SEC044,2025-07-20 06:00,2025-07-20 15:30,9.5,1,TRC2954,Traction,none
BLK01197,SEC044,2025-07-28 06:00,2025-07-28 18:59,12.98,2,TRC1134;SIG2783,Signalling;Traction,power
BLK01198,SEC044,2025-08-08 06:00,2025-08-08 07:30,1.5,1,ENG1510,Engineering,track
BLK01199,SEC044,2025-08-10 06:00,2025-08-10 10:00,4.0,1,SIG0922,Signalling,signal
BLK01200,SEC044,2025-08-30 06:00,2025-08-30 12:00,6.0,1,SIG2571,Signalling,none
BLK01201,SEC044,2025-09-06 21:16,2025-09-07 13:00,15.73,2,SIG1910;ENG2170,Engineering;Signalling,signal;track
BLK01202,SEC044,2025-09-11 06:00,2025-09-11 11:30,5.5,1,SIG1233,Signalling,none
BLK01203,SEC044,2025-09-17 06:00,2025-09-17 14:45,8.75,1,ENG3611,Engineering,track
BLK01204,SEC044,2025-09-24 06:00,2025-09-24 12:15,6.25,1,TRC1318,Traction,power
BLK01205,SEC044,2025-09-27 06:00,2025-09-27 15:15,9.25,1,ENG0094,Engineering,track
BLK01206,SEC044,2025-09-30 06:00,2025-09-30 12:00,6.0,1,ENG1818,Engineering,track
BLK01207,SEC044,2025-10-18 06:00,2025-10-18 18:00,12.0,1,TRC2547,Traction,power
BLK01208,SEC044,2025-10-21 06:00,2025-10-21 10:00,4.0,1,TRC1012,Traction,power
BLK01209,SEC044,2025-11-03 06:00,2025-11-03 17:00,11.0,1,SIG2126,Signalling,signal
BLK01210,SEC044,2025-11-08 06:00,2025-11-08 13:00,7.0,1,ENG3692,Engineering,track
BLK01211,SEC044,2025-11-14 06:00,2025-11-14 12:00,6.0,1,TRC1586,Traction,power
BLK01212,SEC044,2025-11-30 06:00,2025-11-30 11:30,5.5,1,TRC0420,Traction,power
BLK01213,SEC045,2025-01-17 06:00,2025-01-17 14:30,8.5,1,TRC0594,Traction,none
BLK01214,SEC045,2025-02-16 06:00,2025-02-16 08:00,2.0,1,TRC2045,Traction,none
BLK01215,SEC045,2025-02-22 06:00,2025-02-22 10:45,4.75,1,TRC0075,Traction,power
BLK01216,SEC045,2025-03-09 06:00,2025-03-09 16:00,10.0,1,TRC1285,Traction,none
BLK01217,SEC045,2025-04-10 06:00,2025-04-10 18:00,12.0,1,SIG2271,Signalling,signal
BLK01218,SEC045,2025-05-24 06:00,2025-05-24 07:30,1.5,1,ENG3863,Engineering,track
BLK01219,SEC045,2025-06-03 18:46,2025-06-04 17:00,22.23,2,SIG2395;ENG0770,Engineering;Signalling,signal;track
BLK01220,SEC045,2025-06-15 06:00,2025-06-15 08:15,2.25,1,TRC2431,Traction,none
BLK01221,SEC045,2025-06-17 06:00,2025-06-17 08:45,2.75,1,SIG2723,Signalling,none
BLK01222,SEC045,2025-07-07 06:00,2025-07-07 08:45,2.75,1,ENG3713,Engineering,track
BLK01223,SEC045,2025-07-16 06:00,2025-07-16 16:15,10.25,1,TRC1571,Traction,power
BLK01224,SEC045,2025-07-23 06:00,2025-07-23 15:30,9.5,1,ENG0884,Engineering,track
BLK01225,SEC045,2025-08-08 06:00,2025-08-08 09:30,3.5,1,SIG1846,Signalling,signal
BLK01226,SEC045,2025-08-11 06:00,2025-08-11 13:45,7.75,1,ENG3111,Engineering,track
BLK01227,SEC045,2025-08-26 06:00,2025-08-26 09:00,3.0,1,ENG0025,Engineering,track
BLK01228,SEC045,2025-09-12 06:00,2025-09-12 11:30,5.5,1,TRC1898,Traction,power
BLK01229,SEC045,2025-09-18 06:00,2025-09-18 17:00,11.0,1,TRC1736,Traction,none
BLK01230,SEC045,2025-09-22 06:00,2025-09-22 11:00,5.0,1,TRC1938,Traction,power
BLK01231,SEC045,2025-10-13 06:00,2025-10-13 08:00,2.0,1,SIG1967,Signalling,none
BLK01232,SEC045,2025-10-17 21:59,2025-10-18 03:14,5.25,1,ENG0233,Engineering,track
BLK01233,SEC045,2025-10-20 17:15,2025-10-21 04:29,11.23,2,SIG2695;SIG2655,Signalling,signal
BLK01234,SEC045,2025-11-12 06:00,2025-11-12 21:29,15.48,4,TRC0665;SIG2573;SIG1650;SIG0688,Signalling;Traction,power
BLK01235,SEC045,2025-11-18 06:00,2025-11-18 11:45,5.75,1,TRC0696,Traction,power
BLK01236,SEC045,2025-11-25 21:16,2025-11-26 09:45,12.48,2,SIG2265;SIG0863,Signalling,none
BLK01237,SEC045,2025-11-29 06:00,2025-11-29 13:45,7.75,1,ENG0952,Engineering,track
BLK01238,SEC046,2025-01-20 06:00,2025-01-20 11:15,5.25,1,ENG2037,Engineering,track
BLK01239,SEC046,2025-01-31 06:00,2025-01-31 16:00,10.0,1,SIG1224,Signalling,signal
BLK01240,SEC046,2025-02-13 21:31,2025-02-14 14:45,17.23,2,SIG0758;ENG1879,Engineering;Signalling,signal;track
BLK01241,SEC046,2025-03-07 06:00,2025-03-07 16:45,10.75,1,SIG2497,Signalling,signal
BLK01242,SEC046,2025-03-16 06:00,2025-03-16 14:00,8.0,1,ENG2391,Engineering,track
BLK01243,SEC046,2025-03-27 06:00,2025-03-27 10:00,4.0,1,SIG2419,Signalling,signal
BLK01244,SEC046,2025-03-30 21:31,2025-03-31 12:00,14.48,2,TRC0310;ENG1899,Engineering;Traction,power;track
BLK01245,SEC046,2025-04-17 06:00,2025-04-17 07:30,1.5,1,SIG0809,Signalling,none
BLK01246,SEC046,2025-05-09 06:00,2025-05-09 11:15,5.25,1,SIG1977,Signalling,none
BLK01247,SEC046,2025-05-13 06:00,2025-05-13 09:15,3.25,1,SIG0431,Signalling,none
BLK01248,SEC046,2025-05-14 06:00,2025-05-14 09:30,3.5,1,ENG3146,Engineering,track
BLK01249,SEC046,2025-06-06 06:00,2025-06-06 12:45,6.75,1,SIG2363,Signalling,signal
BLK01250,SEC046,2025-06-09 06:00,2025-06-09 15:15,9.25,1,TRC1460,Traction,power
BLK01251,SEC046,2025-06-23 06:00,2025-06-23 14:00,8.0,1,TRC2164,Traction,none
BLK01252,SEC046,2025-07-10 06:00,2025-07-10 08:00,2.0,1,TRC1845,Traction,power
BLK01253,SEC046,2025-07-27 06:00,2025-07-27 13:45,7.75,1,TRC1849,Traction,power
BLK01254,SEC046,2025-07-28 06:00,2025-07-28 17:00,11.0,1,TRC2943,Traction,power
BLK01255,SEC046,2025-08-15 06:00,2025-08-15 09:45,3.75,1,SIG1292,Signalling,signal
BLK01256,SEC046,2025-08-28 06:00,2025-08-28 07:30,1.5,1,SIG2023,Signalling,signal
BLK01257,SEC046,2025-10-26 06:00,2025-10-26 10:00,4.0,1,TRC2752,Traction,power
BLK01258,SEC046,2025-11-03 06:00,2025-11-03 09:00,3.0,1,TRC1017,Traction,none
BLK01259,SEC046,2025-11-15 13:14,2025-11-15 18:44,5.5,1,TRC2873,Traction,none
BLK01260,SEC046,2025-11-17 06:00,2025-11-17 09:45,3.75,1,TRC1610,Traction,power
BLK01261,SEC046,2025-12-08 06:00,2025-12-08 11:30,5.5,1,SIG0524,Signalling,none
BLK01262,SEC047,2025-01-06 06:00,2025-01-06 10:30,4.5,1,ENG0720,Engineering,track
BLK01263,SEC047,2025-01-13 06:00,2025-01-13 09:00,3.0,1,SIG2022,Signalling,none
BLK01264,SEC047,2025-01-22 06:00,2025-01-22 12:30,6.5,1,ENG3939,Engineering,track
BLK01265,SEC047,2025-01-24 06:00,2025-01-24 22:59,16.98,2,TRC1562;TRC1985,Traction,power
BLK01266,SEC047,2025-01-29 06:00,2025-01-29 14:15,8.25,1,TRC0629,Traction,none
BLK01267,SEC047,2025-01-30 06:00,2025-01-30 13:45,7.75,1,ENG1045,Engineering,track
BLK01268,SEC047,2025-02-12 06:00,2025-02-12 15:00,9.0,1,SIG0234,Signalling,none
BLK01269,SEC047,2025-02-14 06:00,2025-02-14 14:30,8.5,1,TRC1177,Traction,power
BLK01270,SEC047,2025-02-16 06:00,2025-02-16 10:15,4.25,1,ENG1437,Engineering,track
BLK01271,SEC047,2025-02-22 06:00,2025-02-22 13:00,7.0,1,SIG1608,Signalling,signal
BLK01272,SEC047,2025-02-23 06:00,2025-02-23 11:15,5.25,1,TRC1516,Traction,power
BLK01273,SEC047,2025-03-11 06:00,2025-03-11 16:45,10.75,1,TRC1053,Traction,none
BLK01274,SEC047,2025-05-16 19:31,2025-05-17 15:15,19.73,3,SIG1477;TRC0724;ENG2642,Engineering;Signalling;Traction,power;track
BLK01275,SEC047,2025-06-13 06:00,2025-06-13 12:45,6.75,1,ENG1813,Engineering,track
BLK01276,SEC047,2025-06-16 04:16,2025-06-16 13:45,9.48,2,TRC1697;ENG2023,Engineering;Traction,power;track
BLK01277,SEC047,2025-07-11 06:00,2025-07-11 14:30,8.5,1,SIG0626,Signalling,signal
BLK01278,SEC047,2025-07-25 06:00,2025-07-25 15:00,9.0,1,SIG0900,Signalling,signal
BLK01279,SEC047,2025-08-07 06:00,2025-08-07 10:15,4.25,1,ENG2958,Engineering,track
BLK01280,SEC047,2025-08-19 06:00,2025-08-19 14:00,8.0,1,TRC2515,Traction,power
BLK01281,SEC047,2025-09-06 06:00,2025-09-06 13:00,7.0,1,SIG1143,Signalling,none
BLK01282,SEC047,2025-09-09 06:00,2025-09-09 17:30,11.5,1,ENG2892,Engineering,track
BLK01283,SEC047,2025-10-03 06:00,2025-10-03 07:15,1.25,1,ENG0143,Engineering,track
BLK01284,SEC047,2025-10-04 06:00,2025-10-04 11:15,5.25,1,ENG2857,Engineering,track
BLK01285,SEC047,2025-10-11 06:00,2025-10-11 19:14,13.23,2,TRC1304;SIG0478,Signalling;Traction,none
BLK01286,SEC047,2025-10-24 06:00,2025-10-24 10:45,4.75,1,ENG1142,Engineering,track
BLK01287,SEC047,2025-11-10 06:00,2025-11-10 11:29,5.48,3,TRC2262;TRC1894;SIG1828,Signalling;Traction,power
BLK01288,SEC047,2025-11-19 06:00,2025-11-19 13:15,7.25,1,SIG2635,Signalling,signal
BLK01289,SEC047,2025-11-24 06:00,2025-11-24 11:00,5.0,1,ENG2045,Engineering,track
BLK01290,SEC047,2025-12-04 00:16,2025-12-04 08:45,8.48,2,SIG0625;ENG0745,Engineering;Signalling,track
BLK01291,SEC047,2025-12-19 06:00,2025-12-19 17:00,11.0,1,ENG1265,Engineering,track
BLK01292,SEC048,2025-01-23 06:00,2025-01-23 13:45,7.75,1,SIG0921,Signalling,none
BLK01293,SEC048,2025-02-26 06:00,2025-02-26 08:45,2.75,1,ENG2697,Engineering,track
BLK01294,SEC048,2025-03-03 17:59,2025-03-04 00:44,6.75,1,SIG2322,Signalling,signal
BLK01295,SEC048,2025-03-09 06:00,2025-03-09 12:00,6.0,1,SIG2324,Signalling,signal
BLK01296,SEC048,2025-03-22 01:01,2025-03-22 16:30,15.48,2,ENG3480;TRC0241,Engineering;Traction,power;track
BLK01297,SEC048,2025-04-08 06:00,2025-04-08 13:30,7.5,1,ENG2339,Engineering,track
BLK01298,SEC048,2025-04-13 06:00,2025-04-13 11:30,5.5,1,TRC0374,Traction,power
BLK01299,SEC048,2025-04-18 06:00,2025-04-18 09:00,3.0,1,SIG2941,Signalling,signal
BLK01300,SEC048,2025-05-02 06:00,2025-05-02 07:30,1.5,1,TRC0890,Traction,none
BLK01301,SEC048,2025-05-08 06:00,2025-05-08 10:30,4.5,1,SIG0323,Signalling,signal
BLK01302,SEC048,2025-05-12 06:00,2025-05-12 17:00,11.0,1,SIG1725,Signalling,none
BLK01303,SEC048,2025-05-17 06:00,2025-05-17 17:45,11.75,1,TRC2291,Traction,power
BLK01304,SEC048,2025-05-27 06:00,2025-05-27 14:00,8.0,1,ENG2818,Engineering,track
BLK01305,SEC048,2025-06-07 06:00,2025-06-07 11:45,5.75,1,SIG2489,Signalling,none
BLK01306,SEC048,2025-06-15 06:00,2025-06-15 11:30,5.5,1,SIG2853,Signalling,signal
BLK01307,SEC048,2025-06-30 06:00,2025-06-30 10:00,4.0,1,ENG3999,Engineering,track
BLK01308,SEC048,2025-07-24 06:00,2025-07-24 13:00,7.0,1,TRC0173,Traction,power
BLK01309,SEC048,2025-07-30 06:00,2025-07-30 17:45,11.75,1,TRC0439,Traction,power
BLK01310,SEC048,2025-08-18 06:00,2025-08-18 16:00,10.0,1,SIG0081,Signalling,signal
BLK01311,SEC048,2025-09-05 06:00,2025-09-05 11:30,5.5,1,TRC2390,Traction,power
BLK01312,SEC048,2025-09-07 06:00,2025-09-07 13:30,7.5,1,SIG0684,Signalling,signal
BLK01313,SEC048,2025-10-29 13:15,2025-10-30 02:59,13.73,2,ENG1188;SIG2049,Engineering;Signalling,signal;track
BLK01314,SEC048,2025-11-03 01:01,2025-11-03 13:00,11.98,2,ENG1183;SIG2182,Engineering;Signalling,track
BLK01315,SEC048,2025-11-17 06:00,2025-11-17 08:00,2.0,1,ENG2975,Engineering,track
BLK01316,SEC049,2025-01-13 06:00,2025-01-13 12:00,6.0,1,ENG1314,Engineering,track
BLK01317,SEC049,2025-01-16 06:00,2025-01-17 00:59,18.98,2,SIG1064;TRC1673,Signalling;Traction,power;signal
BLK01318,SEC049,2025-01-18 06:00,2025-01-18 14:15,8.25,1,TRC2902,Traction,none
BLK01319,SEC049,2025-02-17 06:00,2025-02-17 13:30,7.5,1,ENG2374,Engineering,track
BLK01320,SEC049,2025-02-21 06:00,2025-02-21 13:45,7.75,1,SIG0562,Signalling,signal
BLK01321,SEC049,2025-02-25 06:00,2025-02-25 13:15,7.25,1,ENG3225,Engineering,track
BLK01322,SEC049,2025-03-12 06:00,2025-03-12 14:45,8.75,1,TRC1284,Traction,power
BLK01323,SEC049,2025-04-09 06:00,2025-04-09 18:00,12.0,1,TRC2682,Traction,power
BLK01324,SEC049,2025-06-08 09:44,2025-06-08 11:14,1.5,1,ENG2100,Engineering,track
BLK01325,SEC049,2025-07-11 06:00,2025-07-11 09:45,3.75,1,ENG2643,Engineering,track
BLK01326,SEC049,2025-07-21 06:00,2025-07-21 18:00,12.0,1,SIG1399,Signalling,signal
BLK01327,SEC049,2025-07-23 06:00,2025-07-23 16:15,10.25,1,TRC2299,Traction,power
BLK01328,SEC049,2025-07-26 06:00,2025-07-26 16:30,10.5,1,ENG0719,Engineering,track
BLK01329,SEC049,2025-07-29 06:00,2025-07-29 14:00,8.0,1,SIG0355,Signalling,signal
BLK01330,SEC049,2025-08-03 06:00,2025-08-03 11:15,5.25,1,SIG2947,Signalling,none
BLK01331,SEC049,2025-08-08 06:00,2025-08-08 13:15,7.25,1,TRC0272,Traction,power
BLK01332,SEC049,2025-08-22 06:00,2025-08-22 12:30,6.5,1,SIG0977,Signalling,none
BLK01333,SEC049,2025-08-25 06:00,2025-08-25 14:00,8.0,1,SIG0416,Signalling,signal
BLK01334,SEC049,2025-08-28 06:00,2025-08-28 11:45,5.75,1,ENG2129,Engineering,track
BLK01335,SEC049,2025-09-13 06:00,2025-09-13 08:45,2.75,1,ENG1475,Engineering,track
BLK01336,SEC049,2025-09-21 06:00,2025-09-21 11:30,5.5,1,ENG0543,Engineering,track
BLK01337,SEC049,2025-09-30 06:00,2025-09-30 09:45,3.75,1,TRC0122,Traction,none
BLK01338,SEC049,2025-10-07 06:00,2025-10-07 09:30,3.5,1,ENG2285,Engineering,track
BLK01339,SEC049,2025-11-09 06:00,2025-11-09 09:30,3.5,1,TRC1960,Traction,none
BLK01340,SEC049,2025-11-16 06:00,2025-11-16 17:30,11.5,1,SIG1827,Signalling,signal
BLK01341,SEC049,2025-12-03 06:00,2025-12-03 11:00,5.0,1,ENG3602,Engineering,track
BLK01342,SEC049,2025-12-20 06:00,2025-12-20 13:00,7.0,1,TRC0392,Traction,power
BLK01343,SEC050,2025-01-04 06:00,2025-01-04 11:00,5.0,1,ENG2364,Engineering,track
BLK01344,SEC050,2025-02-01 06:00,2025-02-01 09:15,3.25,1,ENG3247,Engineering,track
BLK01345,SEC050,2025-03-04 06:00,2025-03-04 14:30,8.5,1,SIG2185,Signalling,signal
BLK01346,SEC050,2025-03-13 06:00,2025-03-13 16:45,10.75,1,ENG3069,Engineering,track
BLK01347,SEC050,2025-05-01 06:00,2025-05-01 13:45,7.75,1,TRC2129,Traction,none
BLK01348,SEC050,2025-05-05 06:00,2025-05-05 07:30,1.5,1,ENG1075,Engineering,track
BLK01349,SEC050,2025-05-06 06:00,2025-05-06 16:29,10.48,2,ENG2250;TRC2436,Engineering;Traction,track
BLK01350,SEC050,2025-05-08 06:00,2025-05-08 11:15,5.25,1,SIG0563,Signalling,none
BLK01351,SEC050,2025-05-13 06:00,2025-05-13 08:30,2.5,1,SIG2482,Signalling,none
BLK01352,SEC050,2025-05-19 06:00,2025-05-19 16:00,10.0,1,ENG1103,Engineering,track
BLK01353,SEC050,2025-06-14 06:00,2025-06-14 15:15,9.25,1,ENG1272,Engineering,track
BLK01354,SEC050,2025-06-18 06:00,2025-06-18 14:00,8.0,1,SIG2474,Signalling,none
BLK01355,SEC050,2025-06-26 06:00,2025-06-26 10:30,4.5,1,SIG2682,Signalling,signal
BLK01356,SEC050,2025-08-01 06:00,2025-08-01 13:00,7.0,1,SIG1360,Signalling,none
BLK01357,SEC050,2025-08-13 06:00,2025-08-13 12:30,6.5,1,TRC0421,Traction,none
BLK01358,SEC050,2025-08-17 06:00,2025-08-17 16:30,10.5,1,SIG1100,Signalling,none
BLK01359,SEC050,2025-08-18 06:00,2025-08-18 10:30,4.5,1,ENG3654,Engineering,track
BLK01360,SEC050,2025-08-23 06:00,2025-08-23 08:30,2.5,1,ENG0871,Engineering,track
BLK01361,SEC050,2025-09-20 01:46,2025-09-20 08:30,6.73,2,TRC2654;SIG0455,Signalling;Traction,power;signal
BLK01362,SEC050,2025-10-03 06:00,2025-10-03 11:00,5.0,1,ENG1633,Engineering,track
BLK01363,SEC050,2025-10-08 06:00,2025-10-08 15:30,9.5,1,SIG0158,Signalling,signal
BLK01364,SEC050,2025-10-16 06:00,2025-10-16 09:45,3.75,1,TRC0498,Traction,none
BLK01365,SEC050,2025-11-14 23:01,2025-11-15 18:00,18.98,3,ENG1399;SIG1097;SIG1601,Engineering;Signalling,track
BLK01366,SEC050,2025-11-26 22:46,2025-11-27 13:45,14.98,2,SIG0707;SIG2004,Signalling,signal
BLK01367,SEC051,2025-01-23 06:00,2025-01-23 12:30,6.5,1,ENG1683,Engineering,track
BLK01368,SEC051,2025-01-24 06:00,2025-01-24 07:15,1.25,1,SIG1739,Signalling,none
BLK01369,SEC051,2025-02-14 06:00,2025-02-14 14:15,8.25,1,SIG2774,Signalling,none
BLK01370,SEC051,2025-03-01 06:00,2025-03-01 17:00,11.0,1,SIG2680,Signalling,signal
BLK01371,SEC051,2025-03-06 06:00,2025-03-06 11:00,5.0,1,ENG1506,Engineering,track
BLK01372,SEC051,2025-03-09 06:00,2025-03-09 07:30,1.5,1,TRC2552,Traction,power
BLK01373,SEC051,2025-03-23 06:00,2025-03-23 17:15,11.25,1,TRC2696,Traction,none
BLK01374,SEC051,2025-03-31 06:00,2025-03-31 11:30,5.5,1,TRC2914,Traction,none
BLK01375,SEC051,2025-04-08 06:00,2025-04-08 12:00,6.0,1,SIG0952,Signalling,signal
BLK01376,SEC051,2025-05-12 06:00,2025-05-12 17:15,11.25,1,SIG1762,Signalling,signal
BLK01377,SEC051,2025-05-25 06:00,2025-05-25 08:30,2.5,1,ENG1944,Engineering,track
BLK01378,SEC051,2025-06-19 06:00,2025-06-19 14:30,8.5,1,SIG2311,Signalling,none
BLK01379,SEC051,2025-07-14 06:00,2025-07-14 13:30,7.5,1,TRC2422,Traction,none
BLK01380,SEC051,2025-08-14 06:00,2025-08-14 11:00,5.0,1,TRC0592,Traction,power
BLK01381,SEC051,2025-08-28 06:00,2025-08-28 16:30,10.5,1,ENG3834,Engineering,track
BLK01382,SEC051,2025-09-05 06:00,2025-09-05 11:00,5.0,1,TRC0901,Traction,power
BLK01383,SEC051,2025-10-02 06:00,2025-10-02 07:30,1.5,1,ENG2846,Engineering,track
BLK01384,SEC051,2025-10-10 06:00,2025-10-10 17:14,11.23,2,ENG3659;SIG0339,Engineering;Signalling,track
BLK01385,SEC051,2025-10-15 06:00,2025-10-15 08:30,2.5,1,TRC2269,Traction,power
BLK01386,SEC051,2025-10-19 06:00,2025-10-19 13:15,7.25,1,ENG2046,Engineering,track
BLK01387,SEC051,2025-10-29 06:00,2025-10-29 08:00,2.0,1,TRC2399,Traction,none
BLK01388,SEC051,2025-11-15 06:00,2025-11-15 14:00,8.0,1,ENG1686,Engineering,track
BLK01389,SEC051,2025-11-26 06:00,2025-11-26 08:45,2.75,1,SIG2857,Signalling,none
BLK01390,SEC051,2025-11-28 01:31,2025-11-28 10:45,9.23,2,SIG0110;ENG3250,Engineering;Signalling,track
BLK01391,SEC051,2025-11-30 06:00,2025-11-30 13:15,7.25,1,SIG1199,Signalling,none
BLK01392,SEC051,2025-12-16 06:00,2025-12-16 12:15,6.25,1,ENG3831,Engineering,track
BLK01393,SEC051,2025-12-20 06:00,2025-12-20 14:15,8.25,1,SIG2396,Signalling,none
BLK01394,SEC052,2025-01-17 06:00,2025-01-17 16:15,10.25,2,ENG2471;TRC0003,Engineering;Traction,power;track
BLK01395,SEC052,2025-01-20 06:00,2025-01-20 14:15,8.25,1,ENG1350,Engineering,track
BLK01396,SEC052,2025-01-30 06:00,2025-01-30 09:30,3.5,1,ENG0097,Engineering,track
BLK01397,SEC052,2025-02-09 06:00,2025-02-09 12:00,6.0,1,TRC1500,Traction,power
BLK01398,SEC052,2025-02-22 06:00,2025-02-22 08:00,2.0,1,ENG2123,Engineering,track
BLK01399,SEC052,2025-03-03 06:00,2025-03-03 09:00,3.0,2,SIG1319;TRC2899,Signalling;Traction,power;signal
BLK01400,SEC052,2025-03-10 06:00,2025-03-10 13:15,7.25,2,TRC1049;SIG2453,Signalling;Traction,none
BLK01401,SEC052,2025-03-11 06:00,2025-03-11 17:15,11.25,1,SIG1241,Signalling,none
BLK01402,SEC052,2025-04-18 06:00,2025-04-18 09:30,3.5,1,SIG2088,Signalling,none
BLK01403,SEC052,2025-05-06 06:00,2025-05-06 15:30,9.5,1,ENG2551,Engineering,track
BLK01404,SEC052,2025-05-20 06:00,2025-05-20 10:15,4.25,1,TRC2848,Traction,none
BLK01405,SEC052,2025-05-29 06:00,2025-05-29 15:00,9.0,1,SIG1806,Signalling,signal
BLK01406,SEC052,2025-05-30 06:00,2025-05-30 15:30,9.5,1,ENG0430,Engineering,track
BLK01407,SEC052,2025-06-08 06:00,2025-06-08 07:30,1.5,1,TRC0367,Traction,power
BLK01408,SEC052,2025-06-10 06:00,2025-06-10 12:30,6.5,1,TRC0483,Traction,none
BLK01409,SEC052,2025-06-20 23:01,2025-06-21 17:00,17.98,2,TRC1857;SIG0276,Signalling;Traction,signal
BLK01410,SEC052,2025-06-27 06:00,2025-06-27 17:15,11.25,2,ENG2694;SIG2797,Engineering;Signalling,track
BLK01411,SEC052,2025-07-09 06:00,2025-07-09 14:15,8.25,1,TRC0790,Traction,power
BLK01412,SEC052,2025-07-12 06:00,2025-07-12 16:15,10.25,1,TRC1605,Traction,power
BLK01413,SEC052,2025-07-22 06:00,2025-07-22 10:30,4.5,1,TRC2127,Traction,none
BLK01414,SEC052,2025-08-03 12:30,2025-08-03 23:44,11.23,2,SIG2928;SIG1948,Signalling,signal
BLK01415,SEC052,2025-08-18 06:00,2025-08-18 07:45,1.75,1,SIG0871,Signalling,signal
BLK01416,SEC052,2025-09-16 06:00,2025-09-16 12:15,6.25,1,ENG1767,Engineering,track
BLK01417,SEC052,2025-09-23 06:00,2025-09-23 14:45,8.75,1,SIG0581,Signalling,none
BLK01418,SEC052,2025-09-30 06:00,2025-09-30 08:30,2.5,1,TRC2677,Traction,power
BLK01419,SEC052,2025-10-06 06:00,2025-10-06 09:45,3.75,1,TRC0383,Traction,power
BLK01420,SEC052,2025-10-09 06:00,2025-10-09 10:00,4.0,1,SIG2062,Signalling,signal
BLK01421,SEC052,2025-10-11 06:00,2025-10-11 09:45,3.75,1,SIG2325,Signalling,signal
BLK01422,SEC052,2025-11-01 06:00,2025-11-01 14:15,8.25,1,TRC0313,Traction,power
BLK01423,SEC052,2025-11-30 06:00,2025-11-30 12:30,6.5,1,SIG0792,Signalling,signal
BLK01424,SEC052,2025-12-12 06:00,2025-12-12 08:30,2.5,1,SIG0353,Signalling,none
BLK01425,SEC053,2025-01-05 06:00,2025-01-05 14:15,8.25,1,SIG0089,Signalling,signal
BLK01426,SEC053,2025-02-28 06:00,2025-02-28 21:14,15.23,2,SIG2604;TRC2673,Signalling;Traction,signal
BLK01427,SEC053,2025-03-03 06:00,2025-03-03 17:45,11.75,1,ENG1132,Engineering,track
BLK01428,SEC053,2025-03-28 06:00,2025-03-28 10:00,4.0,1,SIG2791,Signalling,none
BLK01429,SEC053,2025-05-11 01:01,2025-05-11 07:15,6.23,2,SIG2886;ENG1315,Engineering;Signalling,track
BLK01430,SEC053,2025-05-27 06:00,2025-05-27 17:15,11.25,1,ENG0685,Engineering,track
BLK01431,SEC053,2025-05-28 06:00,2025-05-28 08:30,2.5,1,SIG1615,Signalling,none
BLK01432,SEC053,2025-06-10 06:00,2025-06-10 14:00,8.0,1,SIG2187,Signalling,none
BLK01433,SEC053,2025-06-27 06:00,2025-06-27 20:59,14.98,2,ENG2890;TRC2487,Engineering;Traction,power;track
BLK01434,SEC053,2025-07-12 06:00,2025-07-12 15:45,9.75,1,ENG3521,Engineering,track
BLK01435,SEC053,2025-08-03 06:00,2025-08-03 07:30,1.5,1,TRC1780,Traction,none
BLK01436,SEC053,2025-08-11 06:00,2025-08-11 14:00,8.0,1,SIG0096,Signalling,signal
BLK01437,SEC053,2025-08-28 06:00,2025-08-28 11:00,5.0,1,TRC2018,Traction,none
BLK01438,SEC053,2025-09-02 06:00,2025-09-02 19:14,13.23,2,ENG2510;SIG0292,Engineering;Signalling,track
BLK01439,SEC053,2025-09-06 06:00,2025-09-06 13:45,7.75,1,ENG2601,Engineering,track
BLK01440,SEC053,2025-09-27 06:00,2025-09-27 12:15,6.25,1,ENG3116,Engineering,track
BLK01441,SEC053,2025-10-07 06:00,2025-10-07 10:30,4.5,1,SIG2733,Signalling,signal
BLK01442,SEC053,2025-10-21 03:01,2025-10-21 14:00,10.98,2,TRC1349;SIG2053,Signalling;Traction,signal
BLK01443,SEC053,2025-10-24 06:00,2025-10-24 17:30,11.5,1,TRC1626,Traction,none
BLK01444,SEC053,2025-11-09 06:00,2025-11-09 11:00,5.0,1,ENG2547,Engineering,track
BLK01445,SEC053,2025-11-19 06:00,2025-11-19 12:30,6.5,1,TRC2656,Traction,none
BLK01446,SEC053,2025-12-21 06:00,2025-12-21 16:00,10.0,1,SIG1267,Signalling,signal
BLK01447,SEC054,2025-01-09 06:00,2025-01-09 14:00,8.0,1,ENG2499,Engineering,track
BLK01448,SEC054,2025-01-29 06:00,2025-01-29 13:45,7.75,1,SIG1136,Signalling,signal
BLK01449,SEC054,2025-02-13 06:00,2025-02-13 12:00,6.0,1,SIG1510,Signalling,signal
BLK01450,SEC054,2025-02-19 06:00,2025-02-19 11:00,5.0,1,ENG1285,Engineering,track
BLK01451,SEC054,2025-02-21 06:00,2025-02-21 14:15,8.25,1,ENG0688,Engineering,track
BLK01452,SEC054,2025-02-26 06:00,2025-02-26 16:45,10.75,1,ENG1400,Engineering,track
BLK01453,SEC054,2025-03-09 06:00,2025-03-09 09:45,3.75,1,TRC1089,Traction,power
BLK01454,SEC054,2025-03-16 06:00,2025-03-16 15:00,9.0,1,ENG0350,Engineering,track
BLK01455,SEC054,2025-03-24 06:00,2025-03-24 13:30,7.5,1,ENG3322,Engineering,track
BLK01456,SEC054,2025-03-25 06:00,2025-03-25 10:45,4.75,1,ENG0503,Engineering,track
BLK01457,SEC054,2025-04-06 06:00,2025-04-06 08:30,2.5,1,TRC2157,Traction,power
BLK01458,SEC054,2025-04-19 06:00,2025-04-19 07:30,1.5,1,SIG2998,Signalling,none
BLK01459,SEC054,2025-05-04 06:00,2025-05-04 11:00,5.0,1,ENG0697,Engineering,track
BLK01460,SEC054,2025-06-02 06:00,2025-06-02 14:45,8.75,1,ENG1551,Engineering,track
BLK01461,SEC054,2025-07-04 06:00,2025-07-04 08:00,2.0,1,SIG1340,Signalling,signal
BLK01462,SEC054,2025-07-20 06:00,2025-07-20 08:30,2.5,1,ENG1319,Engineering,track
BLK01463,SEC054,2025-07-30 01:46,2025-07-30 07:30,5.73,3,SIG2646;SIG1440;TRC0800,Signalling;Traction,power
BLK01464,SEC054,2025-08-11 06:00,2025-08-11 16:00,10.0,1,SIG1541,Signalling,signal
BLK01465,SEC054,2025-09-08 06:00,2025-09-08 11:00,5.0,1,ENG1894,Engineering,track
BLK01466,SEC054,2025-09-23 06:00,2025-09-23 22:59,16.98,2,ENG2068;SIG0495,Engineering;Signalling,signal;track
BLK01467,SEC054,2025-09-24 06:00,2025-09-24 17:45,11.75,1,ENG1938,Engineering,track
BLK01468,SEC054,2025-09-28 06:00,2025-09-28 10:30,4.5,1,ENG2056,Engineering,track
BLK01469,SEC054,2025-10-12 06:00,2025-10-12 16:45,10.75,1,TRC0247,Traction,power
BLK01470,SEC054,2025-10-22 06:00,2025-10-22 07:15,1.25,1,ENG3862,Engineering,track
BLK01471,SEC054,2025-10-29 06:00,2025-10-29 14:15,8.25,1,SIG1328,Signalling,signal
BLK01472,SEC054,2025-11-19 06:00,2025-11-19 16:30,10.5,1,TRC1848,Traction,none
BLK01473,SEC054,2025-12-20 06:00,2025-12-20 12:45,6.75,1,ENG3271,Engineering,track
BLK01474,SEC055,2025-01-27 06:00,2025-01-27 15:44,9.73,2,ENG3936;SIG2683,Engineering;Signalling,track
BLK01475,SEC055,2025-02-03 06:00,2025-02-03 11:30,5.5,1,TRC2675,Traction,power
BLK01476,SEC055,2025-02-08 06:00,2025-02-08 11:30,5.5,1,TRC0256,Traction,power
BLK01477,SEC055,2025-02-11 06:00,2025-02-11 15:30,9.5,1,TRC2267,Traction,power
BLK01478,SEC055,2025-02-21 06:00,2025-02-21 09:30,3.5,1,ENG2081,Engineering,track
BLK01479,SEC055,2025-02-23 06:00,2025-02-23 13:45,7.75,1,ENG0940,Engineering,track
BLK01480,SEC055,2025-02-27 06:00,2025-02-27 17:15,11.25,1,SIG2353,Signalling,signal
BLK01481,SEC055,2025-03-01 06:00,2025-03-01 10:30,4.5,1,TRC0513,Traction,none
BLK01482,SEC055,2025-03-03 06:00,2025-03-03 09:00,3.0,1,ENG2213,Engineering,track
BLK01483,SEC055,2025-03-15 12:44,2025-03-15 21:44,9.0,1,SIG1513,Signalling,none
BLK01484,SEC055,2025-04-01 06:00,2025-04-01 07:30,1.5,1,TRC1038,Traction,none
BLK01485,SEC055,2025-04-05 06:00,2025-04-05 14:45,8.75,1,TRC0778,Traction,none
BLK01486,SEC055,2025-04-11 06:00,2025-04-11 17:00,11.0,1,SIG0920,Signalling,none
BLK01487,SEC055,2025-04-24 06:00,2025-04-24 13:15,7.25,1,SIG2301,Signalling,none
BLK01488,SEC055,2025-05-24 06:00,2025-05-24 12:15,6.25,1,TRC0274,Traction,power
BLK01489,SEC055,2025-06-03 06:00,2025-06-03 07:15,1.25,1,TRC1622,Traction,none
BLK01490,SEC055,2025-06-04 06:00,2025-06-04 09:30,3.5,1,SIG2071,Signalling,none
BLK01491,SEC055,2025-06-10 06:00,2025-06-10 12:45,6.75,1,ENG3378,Engineering,track
BLK01492,SEC055,2025-07-12 06:00,2025-07-12 13:45,7.75,1,TRC1311,Traction,power
BLK01493,SEC055,2025-07-28 06:00,2025-07-28 08:45,2.75,1,TRC0709,Traction,none
BLK01494,SEC055,2025-08-22 06:00,2025-08-22 08:15,2.25,1,ENG2319,Engineering,track
BLK01495,SEC055,2025-08-30 06:00,2025-08-30 13:00,7.0,1,SIG1280,Signalling,none
BLK01496,SEC055,2025-09-15 06:00,2025-09-15 09:00,3.0,1,ENG3842,Engineering,track
BLK01497,SEC055,2025-09-24 06:00,2025-09-24 15:45,9.75,2,ENG1997;SIG2554,Engineering;Signalling,signal;track
BLK01498,SEC055,2025-10-05 06:00,2025-10-05 13:00,7.0,1,SIG1512,Signalling,signal
BLK01499,SEC055,2025-10-28 06:00,2025-10-28 11:15,5.25,1,ENG3560,Engineering,track
BLK01500,SEC055,2025-11-06 06:00,2025-11-06 14:00,8.0,1,SIG2534,Signalling,none
BLK01501,SEC055,2025-11-09 06:00,2025-11-09 12:00,6.0,1,SIG2690,Signalling,none
BLK01502,SEC055,2025-11-13 06:00,2025-11-13 14:30,8.5,1,TRC2976,Traction,power
BLK01503,SEC055,2025-11-28 06:00,2025-11-28 07:45,1.75,1,ENG3214,Engineering,track
BLK01504,SEC056,2025-01-03 06:00,2025-01-03 07:15,1.25,1,ENG1216,Engineering,track
BLK01505,SEC056,2025-01-07 06:00,2025-01-07 17:15,11.25,1,ENG3263,Engineering,track
BLK01506,SEC056,2025-01-18 06:59,2025-01-18 16:59,10.0,2,SIG2145;TRC1716,Signalling;Traction,none
BLK01507,SEC056,2025-01-30 07:44,2025-01-30 16:14,8.5,2,TRC2715;SIG0884,Signalling;Traction,signal
BLK01508,SEC056,2025-01-30 23:31,2025-01-31 09:30,9.98,2,TRC0002;ENG3071,Engineering;Traction,track
BLK01509,SEC056,2025-02-14 06:00,2025-02-14 14:45,8.75,1,TRC0963,Traction,power
BLK01510,SEC056,2025-02-20 06:00,2025-02-20 08:45,2.75,1,ENG0776,Engineering,track
BLK01511,SEC056,2025-02-21 06:00,2025-02-21 09:45,3.75,1,ENG1952,Engineering,track
BLK01512,SEC056,2025-02-23 06:00,2025-02-23 08:45,2.75,1,ENG1534,Engineering,track
BLK01513,SEC056,2025-03-04 06:00,2025-03-04 09:45,3.75,1,TRC1519,Traction,power
BLK01514,SEC056,2025-03-05 06:00,2025-03-05 18:00,12.0,1,ENG3321,Engineering,track
BLK01515,SEC056,2025-03-06 06:00,2025-03-06 18:00,12.0,1,ENG1873,Engineering,track
BLK01516,SEC056,2025-03-13 06:00,2025-03-13 14:15,8.25,1,TRC1382,Traction,power
BLK01517,SEC056,2025-03-17 06:00,2025-03-17 12:15,6.25,1,TRC0519,Traction,none
BLK01518,SEC056,2025-03-28 06:00,2025-03-28 07:15,1.25,1,TRC2473,Traction,power
BLK01519,SEC056,2025-04-11 06:00,2025-04-11 17:30,11.5,1,SIG0941,Signalling,none
BLK01520,SEC056,2025-04-28 06:00,2025-04-28 15:30,9.5,1,TRC1359,Traction,none
BLK01521,SEC056,2025-07-12 06:00,2025-07-12 16:30,10.5,1,TRC0582,Traction,power
BLK01522,SEC056,2025-07-16 06:00,2025-07-16 12:45,6.75,1,ENG2683,Engineering,track
BLK01523,SEC056,2025-07-22 06:00,2025-07-22 11:00,5.0,1,SIG1176,Signalling,none
BLK01524,SEC056,2025-07-25 06:00,2025-07-25 17:00,11.0,1,SIG2745,Signalling,signal
BLK01525,SEC056,2025-08-01 06:00,2025-08-01 11:30,5.5,1,SIG1590,Signalling,none
BLK01526,SEC056,2025-08-12 06:00,2025-08-12 12:30,6.5,1,SIG0822,Signalling,none
BLK01527,SEC056,2025-08-17 04:31,2025-08-17 13:30,8.98,2,TRC1090;SIG1674,Signalling;Traction,signal
BLK01528,SEC056,2025-08-18 06:00,2025-08-18 12:00,6.0,1,SIG0745,Signalling,signal
BLK01529,SEC056,2025-09-26 02:31,2025-09-26 07:45,5.23,2,ENG0494;SIG2468,Engineering;Signalling,signal;track
BLK01530,SEC056,2025-11-13 11:29,2025-11-13 18:29,7.0,1,SIG2800,Signalling,none
BLK01531,SEC056,2025-11-18 06:00,2025-11-18 13:45,7.75,1,ENG1287,Engineering,track
BLK01532,SEC056,2025-11-21 06:00,2025-11-21 10:45,4.75,1,TRC1827,Traction,none
BLK01533,SEC056,2025-11-22 06:00,2025-11-22 15:15,9.25,1,TRC0231,Traction,none
BLK01534,SEC056,2025-12-19 06:00,2025-12-19 11:45,5.75,1,SIG2835,Signalling,signal
BLK01535,SEC057,2025-01-11 06:00,2025-01-11 17:00,11.0,1,ENG0566,Engineering,track
BLK01536,SEC057,2025-02-12 06:00,2025-02-12 21:59,15.98,2,TRC0734;ENG0590,Engineering;Traction,power;track
BLK01537,SEC057,2025-03-01 06:00,2025-03-01 16:30,10.5,1,SIG2211,Signalling,signal
BLK01538,SEC057,2025-03-16 06:00,2025-03-16 14:30,8.5,1,SIG0402,Signalling,signal
BLK01539,SEC057,2025-04-01 06:00,2025-04-01 15:45,9.75,1,TRC0761,Traction,none
BLK01540,SEC057,2025-04-15 06:00,2025-04-15 09:15,3.25,1,SIG1717,Signalling,none
BLK01541,SEC057,2025-04-17 06:00,2025-04-17 13:30,7.5,1,SIG2466,Signalling,none
BLK01542,SEC057,2025-05-06 06:00,2025-05-06 11:00,5.0,1,SIG2054,Signalling,none
BLK01543,SEC057,2025-06-06 06:00,2025-06-06 10:30,4.5,1,SIG2172,Signalling,signal
BLK01544,SEC057,2025-06-16 06:00,2025-06-16 09:30,3.5,1,TRC1611,Traction,power
BLK01545,SEC057,2025-06-18 06:00,2025-06-18 13:15,7.25,1,TRC1309,Traction,none
BLK01546,SEC057,2025-07-26 06:00,2025-07-26 13:30,7.5,1,TRC2458,Traction,power
BLK01547,SEC057,2025-08-01 06:00,2025-08-01 17:30,11.5,2,TRC1360;TRC1678,Traction,power
BLK01548,SEC057,2025-08-30 06:00,2025-08-30 14:14,8.23,2,ENG2278;TRC2637,Engineering;Traction,track
BLK01549,SEC057,2025-09-01 06:00,2025-09-01 08:45,2.75,1,ENG1804,Engineering,track
BLK01550,SEC057,2025-09-03 06:00,2025-09-03 12:15,6.25,1,SIG2535,Signalling,signal
BLK01551,SEC057,2025-10-02 06:00,2025-10-02 09:30,3.5,1,SIG1572,Signalling,none
BLK01552,SEC057,2025-10-14 06:00,2025-10-14 11:15,5.25,1,TRC1010,Traction,none
BLK01553,SEC057,2025-11-11 23:01,2025-11-12 17:15,18.23,2,TRC0979;ENG1303,Engineering;Traction,power;track
BLK01554,SEC057,2025-11-29 06:00,2025-11-29 15:30,9.5,1,SIG0156,Signalling,none
BLK01555,SEC058,2025-01-24 17:44,2025-01-25 02:59,9.25,2,SIG0803;TRC2411,Signalling;Traction,power;signal
BLK01556,SEC058,2025-01-28 06:00,2025-01-28 09:45,3.75,1,ENG2688,Engineering,track
BLK01557,SEC058,2025-02-14 06:00,2025-02-14 12:15,6.25,1,ENG0785,Engineering,track
BLK01558,SEC058,2025-02-18 06:00,2025-02-18 07:15,1.25,1,ENG0019,Engineering,track
BLK01559,SEC058,2025-02-25 06:00,2025-02-25 22:30,16.5,2,ENG3219;ENG2244,Engineering,track
BLK01560,SEC058,2025-03-01 06:00,2025-03-01 15:30,9.5,1,ENG1252,Engineering,track
BLK01561,SEC058,2025-03-06 06:00,2025-03-06 10:00,4.0,1,SIG2581,Signalling,none
BLK01562,SEC058,2025-04-23 17:14,2025-04-23 18:44,1.5,1,TRC1726,Traction,none
BLK01563,SEC058,2025-05-15 04:46,2025-05-15 13:00,8.23,2,TRC2795;ENG3154,Engineering;Traction,track
BLK01564,SEC058,2025-06-02 06:00,2025-06-02 08:30,2.5,1,SIG2564,Signalling,signal
BLK01565,SEC058,2025-06-12 06:00,2025-06-12 07:30,1.5,1,TRC0015,Traction,power
BLK01566,SEC058,2025-06-18 06:00,2025-06-18 10:00,4.0,1,SIG1163,Signalling,none
BLK01567,SEC058,2025-06-26 06:00,2025-06-26 16:15,10.25,1,SIG0713,Signalling,signal
BLK01568,SEC058,2025-07-21 10:44,2025-07-21 22:14,11.5,2,TRC1541;SIG0492,Signalling;Traction,power
BLK01569,SEC058,2025-07-23 06:00,2025-07-23 18:00,12.0,1,SIG2354,Signalling,signal
BLK01570,SEC058,2025-08-13 06:00,2025-08-13 14:45,8.75,1,ENG0188,Engineering,track
BLK01571,SEC058,2025-09-02 06:00,2025-09-02 13:30,7.5,1,ENG3805,Engineering,track
BLK01572,SEC058,2025-09-06 06:00,2025-09-06 09:00,3.0,1,SIG1934,Signalling,none
BLK01573,SEC058,2025-09-16 06:00,2025-09-16 22:29,16.48,2,SIG1142;TRC2427,Signalling;Traction,power
BLK01574,SEC058,2025-09-18 06:00,2025-09-18 10:30,4.5,1,TRC1375,Traction,none
BLK01575,SEC058,2025-10-03 06:00,2025-10-03 10:15,4.25,1,SIG0022,Signalling,none
BLK01576,SEC058,2025-10-29 06:00,2025-10-29 10:15,4.25,1,ENG0749,Engineering,track
BLK01577,SEC058,2025-11-17 06:00,2025-11-17 13:30,7.5,1,TRC1195,Traction,power
BLK01578,SEC058,2025-11-24 06:00,2025-11-24 17:30,11.5,1,ENG0051,Engineering,track
BLK01579,SEC058,2025-12-18 06:00,2025-12-18 16:00,10.0,1,SIG1174,Signalling,none
BLK01580,SEC059,2025-01-03 06:00,2025-01-03 07:30,1.5,1,TRC2593,Traction,power
BLK01581,SEC059,2025-01-05 06:00,2025-01-05 17:30,11.5,1,SIG1166,Signalling,signal
BLK01582,SEC059,2025-01-07 06:00,2025-01-07 10:00,4.0,1,SIG0365,Signalling,signal
BLK01583,SEC059,2025-01-10 06:00,2025-01-10 08:30,2.5,1,SIG2225,Signalling,signal
BLK01584,SEC059,2025-02-07 06:00,2025-02-07 12:15,6.25,1,ENG0452,Engineering,track
BLK01585,SEC059,2025-02-08 06:00,2025-02-08 18:00,12.0,1,TRC0749,Traction,power
BLK01586,SEC059,2025-02-14 06:00,2025-02-14 16:45,10.75,1,SIG2359,Signalling,none
BLK01587,SEC059,2025-02-23 19:31,2025-02-24 11:00,15.48,2,SIG0169;SIG2965,Signalling,none
BLK01588,SEC059,2025-02-25 06:00,2025-02-25 15:30,9.5,1,SIG1877,Signalling,none
BLK01589,SEC059,2025-03-17 06:00,2025-03-17 17:00,11.0,1,ENG2577,Engineering,track
BLK01590,SEC059,2025-04-21 06:00,2025-04-21 18:00,12.0,1,ENG0852,Engineering,track
BLK01591,SEC059,2025-05-01 06:00,2025-05-01 17:30,11.5,1,SIG0510,Signalling,none
BLK01592,SEC059,2025-05-12 06:00,2025-05-12 10:45,4.75,1,TRC2086,Traction,power
BLK01593,SEC059,2025-05-15 06:00,2025-05-15 15:30,9.5,1,TRC0504,Traction,power
BLK01594,SEC059,2025-06-03 06:00,2025-06-03 13:15,7.25,1,TRC2455,Traction,power
BLK01595,SEC059,2025-06-24 06:00,2025-06-24 13:30,7.5,1,TRC1779,Traction,none
BLK01596,SEC059,2025-06-26 06:00,2025-06-26 07:30,1.5,1,ENG2439,Engineering,track
BLK01597,SEC059,2025-08-04 06:00,2025-08-04 14:00,8.0,1,TRC2765,Traction,none
BLK01598,SEC059,2025-09-23 06:00,2025-09-23 10:30,4.5,1,ENG3458,Engineering,track
BLK01599,SEC059,2025-09-28 06:00,2025-09-28 09:15,3.25,1,TRC0752,Traction,power
BLK01600,SEC059,2025-09-30 06:00,2025-09-30 16:30,10.5,1,SIG2090,Signalling,signal
BLK01601,SEC059,2025-10-27 06:00,2025-10-27 17:45,11.75,1,TRC1290,Traction,power
BLK01602,SEC059,2025-12-19 06:00,2025-12-19 14:00,8.0,1,ENG2907,Engineering,track
BLK01603,SEC060,2025-01-04 06:00,2025-01-04 09:15,3.25,1,SIG1583,Signalling,none
BLK01604,SEC060,2025-01-09 06:00,2025-01-09 14:00,8.0,1,SIG1907,Signalling,signal
BLK01605,SEC060,2025-02-09 06:00,2025-02-09 15:30,9.5,1,SIG0916,Signalling,signal
BLK01606,SEC060,2025-03-11 06:00,2025-03-11 15:15,9.25,1,SIG2393,Signalling,signal
BLK01607,SEC060,2025-03-19 06:00,2025-03-19 11:45,5.75,1,SIG0300,Signalling,none
BLK01608,SEC060,2025-03-19 06:00,2025-03-19 15:45,9.75,1,SIG0023,Signalling,signal
BLK01609,SEC060,2025-05-04 06:00,2025-05-04 12:30,6.5,1,ENG3980,Engineering,track
BLK01610,SEC060,2025-05-06 06:00,2025-05-06 08:45,2.75,1,TRC1476,Traction,power
BLK01611,SEC060,2025-05-29 06:00,2025-05-29 13:00,7.0,1,TRC1473,Traction,power
BLK01612,SEC060,2025-06-01 06:00,2025-06-01 15:30,9.5,1,SIG0679,Signalling,signal
BLK01613,SEC060,2025-06-08 06:00,2025-06-08 16:00,10.0,1,ENG3914,Engineering,track
BLK01614,SEC060,2025-07-03 06:00,2025-07-03 08:15,2.25,1,TRC0260,Traction,power
BLK01615,SEC060,2025-07-15 06:00,2025-07-15 07:30,1.5,1,ENG0837,Engineering,track
BLK01616,SEC060,2025-08-07 06:00,2025-08-07 09:45,3.75,1,ENG0273,Engineering,track
BLK01617,SEC060,2025-08-09 06:00,2025-08-09 08:30,2.5,1,SIG2563,Signalling,signal
BLK01618,SEC060,2025-08-29 06:00,2025-08-29 11:00,5.0,1,ENG1423,Engineering,track
BLK01619,SEC060,2025-09-02 06:00,2025-09-02 17:00,11.0,1,TRC0953,Traction,none
BLK01620,SEC060,2025-09-21 06:00,2025-09-21 09:00,3.0,1,SIG1901,Signalling,signal
BLK01621,SEC060,2025-09-29 06:00,2025-09-29 08:15,2.25,1,SIG0210,Signalling,none
BLK01622,SEC060,2025-10-26 06:00,2025-10-26 15:45,9.75,1,ENG0834,Engineering,track
BLK01623,SEC060,2025-11-10 06:00,2025-11-10 14:45,8.75,1,SIG2670,Signalling,signal
BLK01624,SEC060,2025-11-11 06:00,2025-11-11 16:30,10.5,1,ENG0081,Engineering,track
BLK01625,SEC060,2025-12-15 01:59,2025-12-15 10:29,8.5,2,SIG1548;SIG2189,Signalling,none
BLK01626,SEC061,2025-01-09 06:00,2025-01-09 14:30,8.5,1,ENG3076,Engineering,track
BLK01627,SEC061,2025-01-18 06:00,2025-01-18 11:30,5.5,1,ENG3612,Engineering,track
BLK01628,SEC061,2025-02-06 06:00,2025-02-06 11:00,5.0,1,ENG3009,Engineering,track
BLK01629,SEC061,2025-02-15 06:00,2025-02-15 16:45,10.75,1,SIG0770,Signalling,none
BLK01630,SEC061,2025-02-20 06:00,2025-02-20 19:28,13.47,3,ENG0095;TRC1039;TRC2050,Engineering;Traction,power;track
BLK01631,SEC061,2025-03-03 06:00,2025-03-03 12:45,6.75,1,ENG3523,Engineering,track
BLK01632,SEC061,2025-03-08 06:00,2025-03-08 17:45,11.75,1,ENG2789,Engineering,track
BLK01633,SEC061,2025-03-13 06:00,2025-03-13 08:30,2.5,1,TRC0499,Traction,power
BLK01634,SEC061,2025-03-20 06:00,2025-03-20 16:15,10.25,1,ENG3115,Engineering,track
BLK01635,SEC061,2025-04-09 06:00,2025-04-09 12:30,6.5,1,SIG2570,Signalling,none
BLK01636,SEC061,2025-04-11 19:46,2025-04-12 16:45,20.98,2,SIG1127;ENG1986,Engineering;Signalling,track
BLK01637,SEC061,2025-06-02 06:00,2025-06-02 08:45,2.75,1,TRC1146,Traction,power
BLK01638,SEC061,2025-06-22 06:00,2025-06-22 13:30,7.5,1,SIG2643,Signalling,none
BLK01639,SEC061,2025-06-23 20:47,2025-06-24 09:00,12.22,4,SIG2597;SIG2827;TRC1081;ENG3030,Engineering;Signalling;Traction,signal;track
BLK01640,SEC061,2025-08-10 06:00,2025-08-10 16:30,10.5,1,TRC1352,Traction,none
BLK01641,SEC061,2025-08-13 06:00,2025-08-13 17:00,11.0,1,ENG2223,Engineering,track
BLK01642,SEC061,2025-08-19 06:00,2025-08-19 16:30,10.5,1,TRC2881,Traction,power
BLK01643,SEC061,2025-09-14 06:00,2025-09-14 16:00,10.0,2,ENG2253;SIG2246,Engineering;Signalling,track
BLK01644,SEC061,2025-09-30 06:00,2025-09-30 13:30,7.5,1,SIG1392,Signalling,none
BLK01645,SEC061,2025-10-14 06:00,2025-10-14 07:30,1.5,1,ENG3715,Engineering,track
BLK01646,SEC061,2025-10-26 06:00,2025-10-26 17:00,11.0,1,SIG1356,Signalling,none
BLK01647,SEC061,2025-10-30 06:00,2025-10-30 13:45,7.75,1,SIG0615,Signalling,none
BLK01648,SEC061,2025-12-12 06:00,2025-12-12 09:15,3.25,1,SIG1770,Signalling,none
BLK01649,SEC061,2025-12-18 06:00,2025-12-18 17:45,11.75,1,TRC1220,Traction,none
BLK01650,SEC062,2025-01-08 06:00,2025-01-08 17:45,11.75,1,ENG0750,Engineering,track
BLK01651,SEC062,2025-02-03 06:00,2025-02-03 08:15,2.25,1,SIG1208,Signalling,none
BLK01652,SEC062,2025-02-08 06:00,2025-02-08 17:45,11.75,1,ENG0943,Engineering,track
BLK01653,SEC062,2025-02-13 06:00,2025-02-13 15:30,9.5,1,ENG3075,Engineering,track
BLK01654,SEC062,2025-02-24 06:00,2025-02-24 13:00,7.0,1,ENG1040,Engineering,track
BLK01655,SEC062,2025-02-28 06:00,2025-02-28 08:15,2.25,1,SIG2460,Signalling,none
BLK01656,SEC062,2025-03-04 10:14,2025-03-04 20:29,10.25,1,SIG0280,Signalling,none
BLK01657,SEC062,2025-03-06 06:00,2025-03-06 11:45,5.75,1,TRC0053,Traction,power
BLK01658,SEC062,2025-05-03 06:00,2025-05-03 17:30,11.5,1,ENG1267,Engineering,track
BLK01659,SEC062,2025-05-09 06:00,2025-05-09 12:45,6.75,1,TRC1364,Traction,power
BLK01660,SEC062,2025-05-28 06:00,2025-05-28 14:00,8.0,1,SIG1814,Signalling,signal
BLK01661,SEC062,2025-06-05 06:00,2025-06-05 13:30,7.5,1,SIG0535,Signalling,none
BLK01662,SEC062,2025-06-12 06:00,2025-06-12 08:15,2.25,1,ENG1323,Engineering,track
BLK01663,SEC062,2025-06-21 06:00,2025-06-21 12:15,6.25,1,ENG1042,Engineering,track
BLK01664,SEC062,2025-06-23 06:00,2025-06-23 14:00,8.0,1,TRC2907,Traction,power
BLK01665,SEC062,2025-07-06 06:00,2025-07-06 14:30,8.5,1,TRC2706,Traction,power
BLK01666,SEC062,2025-07-17 06:00,2025-07-17 15:30,9.5,1,ENG1020,Engineering,track
BLK01667,SEC062,2025-07-25 06:00,2025-07-25 07:30,1.5,1,SIG0944,Signalling,signal
BLK01668,SEC062,2025-08-13 06:00,2025-08-13 09:30,3.5,1,ENG1324,Engineering,track
BLK01669,SEC062,2025-08-18 06:00,2025-08-18 10:00,4.0,1,ENG1005,Engineering,track
BLK01670,SEC062,2025-08-23 06:00,2025-08-23 12:30,6.5,1,TRC2302,Traction,power
BLK01671,SEC062,2025-09-01 06:00,2025-09-01 17:45,11.75,2,ENG3677;SIG0212,Engineering;Signalling,signal;track
BLK01672,SEC062,2025-09-12 06:00,2025-09-12 16:30,10.5,1,TRC0919,Traction,power
BLK01673,SEC062,2025-09-27 06:00,2025-09-27 09:15,3.25,1,ENG2403,Engineering,track
BLK01674,SEC062,2025-10-07 06:00,2025-10-07 08:00,2.0,1,SIG0040,Signalling,signal
BLK01675,SEC062,2025-10-31 06:00,2025-10-31 10:45,4.75,1,ENG2162,Engineering,track
BLK01676,SEC062,2025-11-15 06:00,2025-11-15 17:00,11.0,1,TRC0476,Traction,power
BLK01677,SEC062,2025-12-19 06:00,2025-12-19 11:30,5.5,1,TRC1594,Traction,power
BLK01678,SEC063,2025-02-08 06:00,2025-02-08 17:30,11.5,1,ENG1545,Engineering,track
BLK01679,SEC063,2025-02-14 06:00,2025-02-14 16:00,10.0,1,TRC1490,Traction,power
BLK01680,SEC063,2025-02-17 06:00,2025-02-17 11:15,5.25,1,SIG2070,Signalling,none
BLK01681,SEC063,2025-03-02 06:00,2025-03-02 08:15,2.25,1,SIG1834,Signalling,none
BLK01682,SEC063,2025-03-10 06:00,2025-03-10 14:00,8.0,1,SIG1875,Signalling,signal
BLK01683,SEC063,2025-03-25 06:00,2025-03-25 15:00,9.0,1,ENG0453,Engineering,track
BLK01684,SEC063,2025-03-28 06:00,2025-03-28 12:30,6.5,1,ENG3331,Engineering,track
BLK01685,SEC063,2025-03-29 05:01,2025-03-29 09:15,4.23,2,TRC1999;ENG1798,Engineering;Traction,power;track
BLK01686,SEC063,2025-04-15 06:00,2025-04-15 10:30,4.5,1,SIG1555,Signalling,none
BLK01687,SEC063,2025-05-05 06:00,2025-05-05 14:15,8.25,1,TRC2982,Traction,power
BLK01688,SEC063,2025-05-30 06:00,2025-05-30 10:15,4.25,1,SIG1042,Signalling,signal
BLK01689,SEC063,2025-06-22 06:00,2025-06-22 23:14,17.23,3,TRC2201;SIG1622;TRC0422,Signalling;Traction,power
BLK01690,SEC063,2025-07-05 06:00,2025-07-05 20:14,14.23,2,SIG2121;ENG2607,Engineering;Signalling,signal;track
BLK01691,SEC063,2025-07-22 06:00,2025-07-22 08:45,2.75,1,TRC0553,Traction,none
BLK01692,SEC063,2025-07-29 06:00,2025-07-29 11:15,5.25,1,ENG2274,Engineering,track
BLK01693,SEC063,2025-08-04 06:00,2025-08-04 16:45,10.75,1,ENG0971,Engineering,track
BLK01694,SEC063,2025-08-26 06:00,2025-08-26 14:45,8.75,1,ENG1770,Engineering,track
BLK01695,SEC063,2025-08-30 06:00,2025-08-30 11:00,5.0,1,TRC2466,Traction,power
BLK01696,SEC063,2025-09-15 06:00,2025-09-15 16:00,10.0,1,SIG1623,Signalling,signal
BLK01697,SEC063,2025-09-17 06:00,2025-09-17 14:00,8.0,1,ENG1759,Engineering,track
BLK01698,SEC063,2025-10-11 06:00,2025-10-11 09:30,3.5,1,ENG3427,Engineering,track
BLK01699,SEC063,2025-10-20 06:00,2025-10-20 08:30,2.5,1,TRC2442,Traction,power
BLK01700,SEC063,2025-11-12 06:00,2025-11-12 13:15,7.25,1,ENG0996,Engineering,track
BLK01701,SEC063,2025-12-03 06:00,2025-12-03 13:30,7.5,1,SIG1223,Signalling,none
BLK01702,SEC064,2025-01-06 06:00,2025-01-06 07:30,1.5,1,TRC0227,Traction,power
BLK01703,SEC064,2025-01-09 06:00,2025-01-09 16:30,10.5,1,SIG2507,Signalling,none
BLK01704,SEC064,2025-01-22 06:00,2025-01-22 21:14,15.23,2,ENG0611;SIG2736,Engineering;Signalling,track
BLK01705,SEC064,2025-01-24 06:00,2025-01-24 15:15,9.25,1,ENG1106,Engineering,track
BLK01706,SEC064,2025-02-12 06:00,2025-02-12 14:15,8.25,1,ENG2737,Engineering,track
BLK01707,SEC064,2025-02-14 02:46,2025-02-14 11:15,8.48,2,SIG2924;TRC2451,Signalling;Traction,signal
BLK01708,SEC064,2025-05-30 06:00,2025-05-30 10:00,4.0,1,TRC2932,Traction,power
BLK01709,SEC064,2025-06-03 06:00,2025-06-03 15:00,9.0,1,SIG0204,Signalling,signal
BLK01710,SEC064,2025-06-12 06:00,2025-06-12 18:44,12.73,2,ENG1138;SIG0856,Engineering;Signalling,track
BLK01711,SEC064,2025-06-24 06:00,2025-06-24 16:45,10.75,1,ENG1560,Engineering,track
BLK01712,SEC064,2025-08-10 06:00,2025-08-10 15:00,9.0,1,TRC0237,Traction,power
BLK01713,SEC064,2025-09-09 22:02,2025-09-10 11:30,13.47,3,ENG3961;TRC1723;SIG1071,Engineering;Signalling;Traction,track
BLK01714,SEC064,2025-09-10 17:13,2025-09-10 21:13,4.0,1,TRC2069,Traction,none
BLK01715,SEC064,2025-09-11 06:00,2025-09-11 08:00,2.0,1,TRC0961,Traction,none
BLK01716,SEC064,2025-09-17 06:00,2025-09-17 14:30,8.5,1,ENG1592,Engineering,track
BLK01717,SEC064,2025-10-01 06:00,2025-10-01 15:30,9.5,1,ENG2331,Engineering,track
BLK01718,SEC064,2025-10-02 06:00,2025-10-02 07:45,1.75,1,SIG0141,Signalling,signal
BLK01719,SEC064,2025-10-12 06:00,2025-10-12 15:15,9.25,1,TRC0178,Traction,power
BLK01720,SEC064,2025-10-20 06:00,2025-10-20 11:15,5.25,1,SIG1992,Signalling,none
BLK01721,SEC064,2025-11-01 06:00,2025-11-01 12:30,6.5,1,ENG2062,Engineering,track
BLK01722,SEC065,2025-01-16 06:00,2025-01-16 13:30,7.5,1,ENG2554,Engineering,track
BLK01723,SEC065,2025-02-22 06:00,2025-02-22 07:30,1.5,1,ENG1470,Engineering,track
BLK01724,SEC065,2025-02-23 06:00,2025-02-23 09:45,3.75,1,TRC0996,Traction,none
BLK01725,SEC065,2025-03-12 06:00,2025-03-12 12:45,6.75,1,ENG2177,Engineering,track
BLK01726,SEC065,2025-03-20 06:00,2025-03-20 16:45,10.75,1,ENG2616,Engineering,track
BLK01727,SEC065,2025-03-25 06:00,2025-03-25 15:15,9.25,1,SIG1835,Signalling,none
BLK01728,SEC065,2025-04-18 06:00,2025-04-18 07:30,1.5,1,SIG2841,Signalling,signal
BLK01729,SEC065,2025-05-04 06:00,2025-05-04 15:45,9.75,1,SIG0341,Signalling,none
BLK01730,SEC065,2025-05-25 06:00,2025-05-25 11:15,5.25,1,ENG0327,Engineering,track
BLK01731,SEC065,2025-05-26 06:00,2025-05-26 08:00,2.0,1,ENG0140,Engineering,track
BLK01732,SEC065,2025-06-16 06:00,2025-06-16 15:30,9.5,1,TRC1105,Traction,none
BLK01733,SEC065,2025-06-21 06:00,2025-06-21 10:30,4.5,1,TRC0998,Traction,power
BLK01734,SEC065,2025-07-08 22:01,2025-07-09 13:30,15.48,2,ENG3405;TRC1553,Engineering;Traction,power;track
BLK01735,SEC065,2025-07-14 06:00,2025-07-14 07:15,1.25,1,SIG0974,Signalling,none
BLK01736,SEC065,2025-08-31 06:00,2025-08-31 07:45,1.75,1,TRC0680,Traction,power
BLK01737,SEC065,2025-09-27 06:00,2025-09-27 09:30,3.5,1,TRC0606,Traction,power
BLK01738,SEC065,2025-10-24 06:00,2025-10-24 08:30,2.5,1,ENG3604,Engineering,track
BLK01739,SEC065,2025-11-04 06:00,2025-11-04 09:15,3.25,1,ENG1442,Engineering,track
BLK01740,SEC065,2025-12-15 06:00,2025-12-15 10:00,4.0,1,TRC0244,Traction,none
BLK01741,SEC065,2025-12-16 06:00,2025-12-16 12:00,6.0,1,ENG0953,Engineering,track
BLK01742,SEC066,2025-01-09 06:00,2025-01-09 10:30,4.5,1,ENG2706,Engineering,track
BLK01743,SEC066,2025-01-10 06:00,2025-01-10 16:30,10.5,1,SIG1111,Signalling,signal
BLK01744,SEC066,2025-01-18 06:00,2025-01-18 13:00,7.0,1,ENG0032,Engineering,track
BLK01745,SEC066,2025-01-20 06:00,2025-01-20 13:45,7.75,1,TRC2107,Traction,none
BLK01746,SEC066,2025-03-19 06:00,2025-03-19 17:30,11.5,1,ENG2139,Engineering,track
BLK01747,SEC066,2025-04-13 06:00,2025-04-13 13:00,7.0,1,SIG2087,Signalling,none
BLK01748,SEC066,2025-04-24 06:00,2025-04-24 12:45,6.75,1,TRC2823,Traction,none
BLK01749,SEC066,2025-04-29 06:00,2025-04-29 14:30,8.5,1,SIG0306,Signalling,none
BLK01750,SEC066,2025-05-09 06:00,2025-05-09 13:30,7.5,1,SIG2872,Signalling,signal
BLK01751,SEC066,2025-05-26 06:00,2025-05-26 16:15,10.25,1,SIG1837,Signalling,none
BLK01752,SEC066,2025-06-02 06:00,2025-06-02 15:00,9.0,1,SIG0071,Signalling,signal
BLK01753,SEC066,2025-07-02 06:00,2025-07-02 10:15,4.25,1,TRC2635,Traction,none
BLK01754,SEC066,2025-07-07 06:00,2025-07-07 08:00,2.0,1,TRC2858,Traction,none
BLK01755,SEC066,2025-07-14 06:00,2025-07-14 13:00,7.0,2,ENG1783;SIG2842,Engineering;Signalling,signal;track
BLK01756,SEC066,2025-08-03 06:00,2025-08-03 08:00,2.0,1,SIG0119,Signalling,none
BLK01757,SEC066,2025-08-30 06:00,2025-08-30 11:45,5.75,1,SIG1577,Signalling,signal
BLK01758,SEC066,2025-09-10 06:00,2025-09-10 12:15,6.25,2,TRC1032;ENG2028,Engineering;Traction,power;track
BLK01759,SEC066,2025-09-26 06:00,2025-09-26 10:30,4.5,1,SIG0228,Signalling,none
BLK01760,SEC066,2025-10-04 06:00,2025-10-04 15:15,9.25,1,SIG0299,Signalling,signal
BLK01761,SEC066,2025-10-18 06:00,2025-10-18 14:30,8.5,1,TRC1265,Traction,none
BLK01762,SEC066,2025-11-02 06:00,2025-11-02 15:45,9.75,1,TRC2053,Traction,none
BLK01763,SEC066,2025-11-21 06:00,2025-11-21 11:45,5.75,1,TRC1509,Traction,power
BLK01764,SEC066,2025-11-23 06:00,2025-11-23 07:45,1.75,1,SIG0219,Signalling,signal
BLK01765,SEC066,2025-11-25 06:00,2025-11-25 11:15,5.25,1,SIG0469,Signalling,signal
BLK01766,SEC066,2025-11-29 06:00,2025-11-29 08:15,2.25,1,TRC2631,Traction,none
BLK01767,SEC067,2025-01-03 06:00,2025-01-03 09:00,3.0,1,ENG2885,Engineering,track
BLK01768,SEC067,2025-01-13 06:00,2025-01-13 13:30,7.5,1,SIG0882,Signalling,signal
BLK01769,SEC067,2025-01-15 06:00,2025-01-15 15:30,9.5,1,ENG3680,Engineering,track
BLK01770,SEC067,2025-01-27 06:00,2025-01-27 14:00,8.0,1,SIG1790,Signalling,none
BLK01771,SEC067,2025-02-14 06:00,2025-02-14 14:00,8.0,1,TRC1324,Traction,power
BLK01772,SEC067,2025-02-15 06:00,2025-02-15 14:00,8.0,1,SIG2413,Signalling,none
BLK01773,SEC067,2025-02-23 06:00,2025-02-23 09:30,3.5,1,TRC2868,Traction,power
BLK01774,SEC067,2025-03-24 06:00,2025-03-24 13:00,7.0,1,TRC0971,Traction,power
BLK01775,SEC067,2025-04-13 06:00,2025-04-13 16:15,10.25,1,ENG0115,Engineering,track
BLK01776,SEC067,2025-05-04 06:00,2025-05-04 11:00,5.0,1,TRC0082,Traction,none
BLK01777,SEC067,2025-05-08 06:00,2025-05-08 07:15,1.25,1,SIG1433,Signalling,signal
BLK01778,SEC067,2025-05-19 06:00,2025-05-19 08:30,2.5,1,SIG1684,Signalling,none
BLK01779,SEC067,2025-05-23 06:00,2025-05-23 09:00,3.0,1,SIG1681,Signalling,signal
BLK01780,SEC067,2025-06-04 06:00,2025-06-04 13:45,7.75,1,TRC1321,Traction,power
BLK01781,SEC067,2025-07-02 06:00,2025-07-02 16:30,10.5,1,ENG1881,Engineering,track
BLK01782,SEC067,2025-07-30 06:00,2025-07-30 17:45,11.75,1,TRC2462,Traction,power
BLK01783,SEC067,2025-08-09 19:01,2025-08-10 10:30,15.48,2,ENG1824;SIG2233,Engineering;Signalling,track
BLK01784,SEC067,2025-08-26 06:00,2025-08-26 10:15,4.25,1,ENG1557,Engineering,track
BLK01785,SEC067,2025-09-06 06:00,2025-09-06 12:45,6.75,1,TRC2038,Traction,power
BLK01786,SEC067,2025-09-26 06:00,2025-09-26 14:00,8.0,1,ENG1253,Engineering,track
BLK01787,SEC067,2025-11-01 06:00,2025-11-01 08:30,2.5,1,ENG2398,Engineering,track
BLK01788,SEC067,2025-11-14 06:00,2025-11-14 17:00,11.0,1,SIG0094,Signalling,none
BLK01789,SEC068,2025-01-10 06:00,2025-01-10 13:44,7.73,2,SIG1089;ENG3307,Engineering;Signalling,signal;track
BLK01790,SEC068,2025-01-24 06:00,2025-01-24 08:45,2.75,1,TRC2736,Traction,none
BLK01791,SEC068,2025-02-03 06:00,2025-02-03 08:30,2.5,1,SIG2699,Signalling,signal
BLK01792,SEC068,2025-02-04 06:00,2025-02-04 10:45,4.75,1,TRC2204,Traction,none
BLK01793,SEC068,2025-02-18 06:00,2025-02-18 16:00,10.0,1,SIG1503,Signalling,signal
BLK01794,SEC068,2025-03-31 06:00,2025-03-31 12:00,6.0,1,TRC1232,Traction,none
BLK01795,SEC068,2025-05-04 06:00,2025-05-04 17:30,11.5,1,SIG1913,Signalling,signal
BLK01796,SEC068,2025-05-24 06:00,2025-05-24 12:15,6.25,1,TRC0385,Traction,power
BLK01797,SEC068,2025-05-28 06:00,2025-05-28 12:30,6.5,1,SIG2935,Signalling,none
BLK01798,SEC068,2025-06-19 06:00,2025-06-19 15:00,9.0,1,ENG3616,Engineering,track
BLK01799,SEC068,2025-08-02 06:00,2025-08-02 13:00,7.0,1,SIG1815,Signalling,signal
BLK01800,SEC068,2025-08-05 06:00,2025-08-05 12:30,6.5,1,ENG3085,Engineering,track
BLK01801,SEC068,2025-08-13 06:00,2025-08-13 12:30,6.5,1,SIG2541,Signalling,signal
BLK01802,SEC068,2025-08-22 21:16,2025-08-23 13:45,16.48,2,TRC1143;SIG1617,Signalling;Traction,power;signal
BLK01803,SEC068,2025-09-02 06:00,2025-09-02 09:30,3.5,1,ENG1193,Engineering,track
BLK01804,SEC068,2025-09-06 06:00,2025-09-06 10:30,4.5,1,ENG2699,Engineering,track
BLK01805,SEC068,2025-10-08 06:00,2025-10-08 12:15,6.25,1,TRC2376,Traction,none
BLK01806,SEC068,2025-10-18 21:01,2025-10-19 14:00,16.98,2,TRC1019;SIG1217,Signalling;Traction,power
BLK01807,SEC068,2025-10-31 06:00,2025-10-31 11:00,5.0,1,TRC0225,Traction,power
BLK01808,SEC068,2025-11-19 06:00,2025-11-19 17:15,11.25,1,TRC0261,Traction,power
BLK01809,SEC068,2025-12-01 06:00,2025-12-01 15:15,9.25,1,SIG2343,Signalling,signal
BLK01810,SEC068,2025-12-07 06:00,2025-12-07 14:30,8.5,1,TRC1730,Traction,none
BLK01811,SEC069,2025-01-08 06:00,2025-01-08 13:30,7.5,1,TRC1418,Traction,power
BLK01812,SEC069,2025-01-15 06:00,2025-01-15 17:15,11.25,1,TRC0564,Traction,none
BLK01813,SEC069,2025-01-30 06:00,2025-01-30 14:45,8.75,1,SIG2933,Signalling,signal
BLK01814,SEC069,2025-02-24 09:59,2025-02-24 20:44,10.75,2,TRC0481;ENG0336,Engineering;Traction,track
BLK01815,SEC069,2025-04-17 06:00,2025-04-17 10:45,4.75,1,SIG2950,Signalling,none
BLK01816,SEC069,2025-05-06 06:00,2025-05-06 08:30,2.5,1,SIG0181,Signalling,none
BLK01817,SEC069,2025-05-09 06:00,2025-05-09 13:00,7.0,1,TRC0786,Traction,power
BLK01818,SEC069,2025-05-13 06:00,2025-05-13 15:30,9.5,2,ENG3047;TRC2787,Engineering;Traction,track
BLK01819,SEC069,2025-05-24 06:00,2025-05-24 16:15,10.25,1,ENG2450,Engineering,track
BLK01820,SEC069,2025-07-14 06:00,2025-07-14 12:15,6.25,1,TRC1702,Traction,power
BLK01821,SEC069,2025-08-12 06:00,2025-08-12 14:30,8.5,1,ENG0413,Engineering,track
BLK01822,SEC069,2025-08-24 06:00,2025-08-24 09:30,3.5,1,SIG2786,Signalling,signal
BLK01823,SEC069,2025-09-10 02:46,2025-09-10 07:30,4.73,2,ENG1165;SIG0248,Engineering;Signalling,signal;track
BLK01824,SEC069,2025-09-12 06:00,2025-09-12 14:00,8.0,1,SIG2823,Signalling,signal
BLK01825,SEC069,2025-09-26 06:00,2025-09-26 07:30,1.5,1,SIG2829,Signalling,none
BLK01826,SEC070,2025-01-06 06:00,2025-01-07 03:44,21.73,2,SIG2893;SIG1301,Signalling,signal
BLK01827,SEC070,2025-01-14 06:00,2025-01-14 11:30,5.5,1,ENG2522,Engineering,track
BLK01828,SEC070,2025-01-24 06:00,2025-01-24 09:15,3.25,1,SIG1006,Signalling,signal
BLK01829,SEC070,2025-01-24 20:46,2025-01-25 17:30,20.73,2,TRC0292;SIG1034,Signalling;Traction,power;signal
BLK01830,SEC070,2025-01-27 06:00,2025-01-27 16:30,10.5,1,ENG3469,Engineering,track
BLK01831,SEC070,2025-03-14 06:00,2025-03-14 10:00,4.0,1,TRC0518,Traction,power
BLK01832,SEC070,2025-03-22 06:00,2025-03-22 13:45,7.75,1,SIG2483,Signalling,signal
BLK01833,SEC070,2025-03-25 06:00,2025-03-25 14:30,8.5,1,ENG2411,Engineering,track
BLK01834,SEC070,2025-04-10 06:00,2025-04-10 14:00,8.0,1,ENG2777,Engineering,track
BLK01835,SEC070,2025-05-08 06:00,2025-05-08 17:45,11.75,2,SIG1473;ENG0970,Engineering;Signalling,signal;track
BLK01836,SEC070,2025-05-29 06:00,2025-05-29 16:30,10.5,1,SIG0395,Signalling,signal
BLK01837,SEC070,2025-06-29 06:00,2025-06-29 08:30,2.5,1,TRC2484,Traction,power
BLK01838,SEC070,2025-06-30 06:00,2025-06-30 14:30,8.5,1,TRC0154,Traction,power
BLK01839,SEC070,2025-07-08 06:00,2025-07-08 08:30,2.5,1,TRC1989,Traction,none
BLK01840,SEC070,2025-07-15 06:00,2025-07-15 20:14,14.23,2,TRC1652;SIG0263,Signalling;Traction,power;signal
BLK01841,SEC070,2025-07-16 06:00,2025-07-16 08:00,2.0,1,ENG0238,Engineering,track
BLK01842,SEC070,2025-07-19 06:00,2025-07-19 17:45,11.75,1,TRC1384,Traction,power
BLK01843,SEC070,2025-09-08 06:00,2025-09-08 17:30,11.5,1,ENG2370,Engineering,track
BLK01844,SEC070,2025-10-04 06:00,2025-10-04 17:30,11.5,1,ENG3748,Engineering,track
BLK01845,SEC070,2025-10-05 06:00,2025-10-05 12:30,6.5,1,TRC0929,Traction,power
BLK01846,SEC070,2025-10-08 06:00,2025-10-08 09:30,3.5,1,TRC1341,Traction,power
BLK01847,SEC070,2025-10-10 06:00,2025-10-10 12:45,6.75,1,TRC2254,Traction,power
BLK01848,SEC070,2025-10-11 06:00,2025-10-11 17:30,11.5,1,ENG0628,Engineering,track
BLK01849,SEC070,2025-11-11 06:00,2025-11-11 12:00,6.0,1,SIG0411,Signalling,none
BLK01850,SEC070,2025-11-12 06:00,2025-11-12 16:30,10.5,1,SIG1920,Signalling,signal
BLK01851,SEC071,2025-01-26 06:00,2025-01-26 16:59,10.98,2,SIG1831;ENG0742,Engineering;Signalling,signal;track
BLK01852,SEC071,2025-02-11 06:00,2025-02-11 09:00,3.0,1,TRC0282,Traction,none
BLK01853,SEC071,2025-02-12 06:00,2025-02-12 17:00,11.0,1,TRC1076,Traction,none
BLK01854,SEC071,2025-02-21 06:00,2025-02-21 16:45,10.75,1,SIG1263,Signalling,none
BLK01855,SEC071,2025-03-23 06:00,2025-03-23 10:00,4.0,1,SIG2037,Signalling,signal
BLK01856,SEC071,2025-03-23 21:01,2025-03-24 15:00,17.98,2,SIG2039;ENG2691,Engineering;Signalling,track
BLK01857,SEC071,2025-03-26 06:00,2025-03-26 17:00,11.0,1,SIG2156,Signalling,none
BLK01858,SEC071,2025-03-31 06:00,2025-03-31 16:30,10.5,1,ENG0370,Engineering,track
BLK01859,SEC071,2025-04-14 06:00,2025-04-14 12:45,6.75,1,SIG0574,Signalling,none
BLK01860,SEC071,2025-05-07 06:00,2025-05-07 16:15,10.25,1,TRC1587,Traction,power
BLK01861,SEC071,2025-05-13 06:00,2025-05-13 16:30,10.5,1,ENG1021,Engineering,track
BLK01862,SEC071,2025-06-17 06:00,2025-06-17 17:30,11.5,1,TRC2611,Traction,none
BLK01863,SEC071,2025-06-19 06:00,2025-06-19 16:30,10.5,1,ENG1677,Engineering,track
BLK01864,SEC071,2025-06-26 06:00,2025-06-26 09:30,3.5,1,ENG0491,Engineering,track
BLK01865,SEC071,2025-06-27 06:00,2025-06-27 18:14,12.23,2,ENG0382;TRC0245,Engineering;Traction,track
BLK01866,SEC071,2025-07-07 06:00,2025-07-07 09:15,3.25,1,TRC1147,Traction,power
BLK01867,SEC071,2025-07-08 06:00,2025-07-08 16:00,10.0,1,SIG1808,Signalling,none
BLK01868,SEC071,2025-07-19 06:00,2025-07-19 15:00,9.0,1,ENG1361,Engineering,track
BLK01869,SEC071,2025-08-06 06:00,2025-08-06 12:00,6.0,1,ENG1573,Engineering,track
BLK01870,SEC071,2025-08-10 06:00,2025-08-10 13:30,7.5,1,TRC0540,Traction,none
BLK01871,SEC071,2025-08-17 06:00,2025-08-17 15:45,9.75,1,TRC0417,Traction,none
BLK01872,SEC071,2025-08-30 06:00,2025-08-30 11:30,5.5,1,TRC1990,Traction,power
BLK01873,SEC071,2025-08-31 06:00,2025-08-31 09:00,3.0,1,ENG2951,Engineering,track
BLK01874,SEC071,2025-09-27 06:00,2025-09-27 17:30,11.5,1,TRC1987,Traction,power
BLK01875,SEC071,2025-10-21 06:00,2025-10-21 16:15,10.25,1,TRC2472,Traction,power
BLK01876,SEC071,2025-10-25 06:00,2025-10-25 09:45,3.75,1,ENG0296,Engineering,track
BLK01877,SEC071,2025-10-31 06:00,2025-10-31 10:30,4.5,1,SIG0991,Signalling,none
BLK01878,SEC071,2025-11-07 02:46,2025-11-07 14:30,11.73,2,TRC0176;ENG3857,Engineering;Traction,power;track
BLK01879,SEC071,2025-11-09 06:00,2025-11-09 11:45,5.75,1,SIG0407,Signalling,signal
BLK01880,SEC071,2025-12-18 06:00,2025-12-18 07:15,1.25,1,TRC2241,Traction,power
BLK01881,SEC072,2025-01-03 06:00,2025-01-03 17:15,11.25,1,ENG1562,Engineering,track
BLK01882,SEC072,2025-01-18 06:00,2025-01-18 09:00,3.0,1,ENG0701,Engineering,track
BLK01883,SEC072,2025-01-25 06:00,2025-01-25 14:15,8.25,1,ENG1513,Engineering,track
BLK01884,SEC072,2025-02-16 06:00,2025-02-16 14:30,8.5,1,SIG1367,Signalling,signal
BLK01885,SEC072,2025-02-21 06:00,2025-02-21 16:00,10.0,1,SIG2848,Signalling,none
BLK01886,SEC072,2025-02-25 06:00,2025-02-25 09:15,3.25,1,ENG0845,Engineering,track
BLK01887,SEC072,2025-03-24 06:00,2025-03-24 11:45,5.75,1,TRC0493,Traction,power
BLK01888,SEC072,2025-05-18 06:00,2025-05-18 14:15,8.25,1,TRC2712,Traction,power
BLK01889,SEC072,2025-05-19 06:00,2025-05-19 10:00,4.0,1,TRC0816,Traction,none
BLK01890,SEC072,2025-05-28 06:00,2025-05-28 14:00,8.0,1,TRC2891,Traction,power
BLK01891,SEC072,2025-05-29 06:00,2025-05-29 15:45,9.75,1,ENG1687,Engineering,track
BLK01892,SEC072,2025-05-31 02:46,2025-05-31 11:30,8.73,2,TRC1432;TRC0655,Traction,none
BLK01893,SEC072,2025-06-03 06:00,2025-06-03 11:45,5.75,1,TRC2155,Traction,none
BLK01894,SEC072,2025-07-19 06:00,2025-07-19 11:00,5.0,1,TRC1358,Traction,power
BLK01895,SEC072,2025-07-26 06:00,2025-07-26 11:15,5.25,1,SIG2794,Signalling,none
BLK01896,SEC072,2025-08-20 06:00,2025-08-20 15:30,9.5,1,SIG2784,Signalling,none
BLK01897,SEC072,2025-08-21 06:00,2025-08-21 16:30,10.5,1,TRC0764,Traction,none
BLK01898,SEC072,2025-08-27 06:00,2025-08-27 16:29,10.48,3,ENG3900;TRC2434;TRC2987,Engineering;Traction,power;track
BLK01899,SEC072,2025-09-17 06:00,2025-09-17 15:14,9.23,2,ENG0060;TRC1858,Engineering;Traction,track
BLK01900,SEC072,2025-09-24 06:00,2025-09-24 09:30,3.5,1,TRC2699,Traction,power
BLK01901,SEC072,2025-11-23 06:00,2025-11-23 07:30,1.5,1,TRC2927,Traction,none
BLK01902,SEC073,2025-01-08 06:00,2025-01-08 12:45,6.75,1,ENG3473,Engineering,track
BLK01903,SEC073,2025-01-13 06:00,2025-01-13 12:15,6.25,1,SIG2402,Signalling,none
BLK01904,SEC073,2025-01-23 06:00,2025-01-23 11:00,5.0,1,SIG1926,Signalling,signal
BLK01905,SEC073,2025-01-31 06:00,2025-01-31 08:00,2.0,1,TRC1522,Traction,power
BLK01906,SEC073,2025-02-06 06:00,2025-02-06 09:30,3.5,1,SIG2901,Signalling,none
BLK01907,SEC073,2025-03-10 06:00,2025-03-10 16:00,10.0,1,ENG1377,Engineering,track
BLK01908,SEC073,2025-04-04 06:00,2025-04-04 12:45,6.75,1,TRC0837,Traction,none
BLK01909,SEC073,2025-04-06 06:00,2025-04-06 08:15,2.25,1,ENG1288,Engineering,track
BLK01910,SEC073,2025-05-08 06:00,2025-05-08 07:30,1.5,1,TRC1042,Traction,power
BLK01911,SEC073,2025-05-13 06:00,2025-05-13 12:45,6.75,1,TRC0087,Traction,power
BLK01912,SEC073,2025-05-26 06:00,2025-05-26 16:30,10.5,1,ENG0141,Engineering,track
BLK01913,SEC073,2025-05-28 19:46,2025-05-29 07:15,11.48,2,SIG1464;SIG1505,Signalling,signal
BLK01914,SEC073,2025-06-13 06:00,2025-06-13 12:15,6.25,1,ENG0990,Engineering,track
BLK01915,SEC073,2025-06-16 06:00,2025-06-16 09:30,3.5,1,ENG1626,Engineering,track
BLK01916,SEC073,2025-07-01 06:00,2025-07-01 16:15,10.25,1,TRC0216,Traction,power
BLK01917,SEC073,2025-07-15 06:00,2025-07-15 13:30,7.5,1,TRC2347,Traction,power
BLK01918,SEC073,2025-08-13 06:00,2025-08-13 11:00,5.0,1,ENG2377,Engineering,track
BLK01919,SEC073,2025-08-15 06:00,2025-08-15 17:30,11.5,1,TRC2561,Traction,power
BLK01920,SEC073,2025-09-04 06:00,2025-09-04 15:15,9.25,1,ENG1378,Engineering,track
BLK01921,SEC073,2025-09-11 06:00,2025-09-11 09:00,3.0,1,ENG1388,Engineering,track
BLK01922,SEC073,2025-09-15 06:00,2025-09-15 17:00,11.0,1,ENG3851,Engineering,track
BLK01923,SEC073,2025-09-25 06:00,2025-09-25 09:00,3.0,1,SIG2122,Signalling,signal
BLK01924,SEC073,2025-10-12 06:00,2025-10-12 15:30,9.5,1,SIG0162,Signalling,none
BLK01925,SEC073,2025-11-02 06:00,2025-11-02 12:45,6.75,1,ENG0064,Engineering,track
BLK01926,SEC073,2025-11-09 06:00,2025-11-09 14:15,8.25,1,TRC2645,Traction,power
BLK01927,SEC073,2025-11-18 06:00,2025-11-18 15:00,9.0,1,SIG0668,Signalling,none
BLK01928,SEC073,2025-12-08 06:00,2025-12-08 09:45,3.75,1,ENG1849,Engineering,track
BLK01929,SEC074,2025-01-24 06:00,2025-01-24 12:15,6.25,1,SIG0995,Signalling,signal
BLK01930,SEC074,2025-02-01 06:00,2025-02-01 16:15,10.25,1,TRC1320,Traction,power
BLK01931,SEC074,2025-02-02 20:16,2025-02-03 09:45,13.48,2,TRC2082;SIG2162,Signalling;Traction,signal
BLK01932,SEC074,2025-02-04 06:00,2025-02-04 12:00,6.0,1,TRC2892,Traction,power
BLK01933,SEC074,2025-02-13 06:00,2025-02-13 11:00,5.0,1,TRC1223,Traction,none
BLK01934,SEC074,2025-03-24 06:00,2025-03-24 18:14,12.23,2,ENG1673;TRC0389,Engineering;Traction,track
BLK01935,SEC074,2025-03-24 23:12,2025-03-25 11:26,12.23,2,SIG0950;SIG1941,Signalling,none
BLK01936,SEC074,2025-05-01 06:00,2025-05-01 14:30,8.5,1,TRC1877,Traction,none
BLK01937,SEC074,2025-05-02 06:00,2025-05-02 11:00,5.0,1,ENG1219,Engineering,track
BLK01938,SEC074,2025-05-04 06:00,2025-05-04 07:30,1.5,1,SIG1120,Signalling,none
BLK01939,SEC074,2025-05-05 06:00,2025-05-05 10:00,4.0,1,ENG1411,Engineering,track
BLK01940,SEC074,2025-05-11 06:00,2025-05-11 16:30,10.5,1,ENG2000,Engineering,track
BLK01941,SEC074,2025-06-06 06:00,2025-06-06 09:00,3.0,1,ENG1095,Engineering,track
BLK01942,SEC074,2025-06-15 06:00,2025-06-15 07:30,1.5,1,SIG2979,Signalling,signal
BLK01943,SEC074,2025-07-08 06:00,2025-07-08 10:30,4.5,1,SIG0931,Signalling,none
BLK01944,SEC074,2025-08-02 06:00,2025-08-02 12:30,6.5,1,TRC1132,Traction,none
BLK01945,SEC074,2025-09-03 02:46,2025-09-03 12:45,9.98,2,ENG0073;SIG0056,Engineering;Signalling,signal;track
BLK01946,SEC074,2025-09-20 06:00,2025-09-20 10:45,4.75,1,ENG2196,Engineering,track
BLK01947,SEC074,2025-09-23 06:00,2025-09-23 08:15,2.25,1,ENG3325,Engineering,track
BLK01948,SEC074,2025-10-04 06:00,2025-10-04 13:00,7.0,1,TRC2862,Traction,none
BLK01949,SEC074,2025-10-23 06:00,2025-10-23 15:44,9.73,2,TRC0704;SIG0727,Signalling;Traction,power
BLK01950,SEC074,2025-10-26 06:00,2025-10-26 08:30,2.5,1,ENG3594,Engineering,track
BLK01951,SEC074,2025-10-30 18:16,2025-10-31 17:00,22.73,2,SIG0754;SIG2639,Signalling,signal
BLK01952,SEC074,2025-12-18 06:00,2025-12-18 11:00,5.0,1,ENG2320,Engineering,track
BLK01953,SEC074,2025-12-19 06:00,2025-12-19 10:30,4.5,1,SIG2248,Signalling,none
BLK01954,SEC075,2025-01-07 06:00,2025-01-07 09:15,3.25,1,TRC2005,Traction,none
BLK01955,SEC075,2025-01-16 06:00,2025-01-16 14:30,8.5,1,ENG1649,Engineering,track
BLK01956,SEC075,2025-01-26 06:00,2025-01-26 11:30,5.5,1,ENG0645,Engineering,track
BLK01957,SEC075,2025-02-22 02:46,2025-02-22 15:15,12.48,2,SIG2296;SIG0215,Signalling,signal
BLK01958,SEC075,2025-03-02 06:00,2025-03-02 08:15,2.25,1,SIG2082,Signalling,signal
BLK01959,SEC075,2025-03-08 06:00,2025-03-08 15:15,9.25,1,TRC1844,Traction,power
BLK01960,SEC075,2025-03-19 06:00,2025-03-19 10:30,4.5,1,ENG1862,Engineering,track
BLK01961,SEC075,2025-04-14 06:00,2025-04-14 11:30,5.5,1,TRC0362,Traction,power
BLK01962,SEC075,2025-04-15 14:29,2025-04-15 17:29,3.0,1,SIG2109,Signalling,signal
BLK01963,SEC075,2025-05-02 06:00,2025-05-02 14:15,8.25,1,ENG3517,Engineering,track
BLK01964,SEC075,2025-05-08 06:00,2025-05-08 10:30,4.5,1,TRC2652,Traction,power
BLK01965,SEC075,2025-05-17 06:00,2025-05-17 12:00,6.0,1,TRC0534,Traction,power
BLK01966,SEC075,2025-06-27 10:00,2025-06-28 06:14,20.23,2,TRC2324;TRC1583,Traction,power
BLK01967,SEC075,2025-06-29 06:00,2025-06-29 15:30,9.5,1,TRC1390,Traction,none
BLK01968,SEC075,2025-07-04 06:00,2025-07-04 12:30,6.5,1,SIG2372,Signalling,signal
BLK01969,SEC075,2025-08-08 06:00,2025-08-08 07:30,1.5,1,TRC0632,Traction,none
BLK01970,SEC075,2025-08-12 06:00,2025-08-12 14:15,8.25,1,ENG3272,Engineering,track
BLK01971,SEC075,2025-08-18 06:00,2025-08-19 00:59,18.98,2,SIG0790;SIG2229,Signalling,signal
BLK01972,SEC075,2025-08-22 06:00,2025-08-22 15:15,9.25,1,TRC0139,Traction,power
BLK01973,SEC075,2025-08-26 06:00,2025-08-26 16:00,10.0,1,TRC0198,Traction,power
BLK01974,SEC075,2025-09-08 06:00,2025-09-08 16:00,10.0,1,ENG2982,Engineering,track
BLK01975,SEC075,2025-09-15 06:00,2025-09-15 09:00,3.0,1,TRC0460,Traction,power
BLK01976,SEC075,2025-09-20 06:00,2025-09-20 14:15,8.25,1,TRC2115,Traction,none
BLK01977,SEC075,2025-09-24 06:00,2025-09-24 13:15,7.25,1,ENG2511,Engineering,track
BLK01978,SEC075,2025-09-28 06:00,2025-09-28 08:30,2.5,1,TRC0440,Traction,power
BLK01979,SEC075,2025-09-29 06:00,2025-09-29 16:00,10.0,1,ENG0098,Engineering,track
BLK01980,SEC075,2025-10-04 06:00,2025-10-04 16:30,10.5,1,ENG2136,Engineering,track
BLK01981,SEC075,2025-10-05 06:00,2025-10-05 10:00,4.0,1,SIG2751,Signalling,none
BLK01982,SEC075,2025-10-06 06:00,2025-10-06 15:45,9.75,1,ENG2644,Engineering,track
BLK01983,SEC075,2025-10-14 06:00,2025-10-14 08:45,2.75,1,SIG1888,Signalling,signal
BLK01984,SEC075,2025-10-19 06:00,2025-10-19 16:30,10.5,1,TRC1395,Traction,power
BLK01985,SEC075,2025-11-27 06:00,2025-11-27 10:00,4.0,1,TRC2697,Traction,power
BLK01986,SEC075,2025-12-08 06:00,2025-12-08 07:45,1.75,1,SIG1380,Signalling,none
BLK01987,SEC075,2025-12-18 06:00,2025-12-18 14:00,8.0,1,SIG0947,Signalling,signal
