block_id,task_id,section_id,department,start_time,end_time,duration_hours,predicted_priority_score,predicted_priority_class,train_conflict_cost,power_block_required,signal_block_required,track_block_required,status
BLK00071,ENG0007,SEC003,Engineering,2025-06-17 06:00,2025-06-17 11:30,5.4,99.0,CRITICAL,265.7,False,False,True,SCHEDULED
BLK00634,ENG0010,SEC023,Engineering,2025-10-09 06:00,2025-10-09 16:30,10.5,98.0,CRITICAL,475.6,False,False,True,SCHEDULED
BLK01558,ENG0019,SEC058,Engineering,2025-02-18 06:00,2025-02-18 07:15,1.2,62.2,HIGH,32.8,False,False,True,SCHEDULED
BLK00412,ENG0023,SEC015,Engineering,2025-06-11 06:00,2025-06-11 13:15,7.2,63.7,HIGH,324.0,False,False,True,SCHEDULED
BLK01227,ENG0025,SEC045,Engineering,2025-08-26 06:00,2025-08-26 09:00,3.0,62.3,HIGH,84.0,False,False,True,SCHEDULED
BLK01744,ENG0032,SEC066,Engineering,2025-01-18 06:00,2025-01-18 13:00,6.8,81.23,CRITICAL,183.6,False,False,True,SCHEDULED
BLK00044,ENG0034,SEC002,Engineering,2025-07-11 06:00,2025-07-11 15:30,9.3,25.32,LOW,317.1,False,False,True,SCHEDULED
BLK00472,ENG0049,SEC017,Engineering,2025-10-14 06:00,2025-10-14 15:45,9.6,64.14,HIGH,368.6,False,False,True,SCHEDULED
BLK01578,ENG0051,SEC058,Engineering,2025-11-24 06:00,2025-11-24 17:30,11.5,62.05,HIGH,314.0,False,False,True,SCHEDULED
BLK01899,ENG0060,SEC072,Engineering,2025-09-17 06:00,2025-09-17 07:30,1.4,61.19,HIGH,33.6,False,False,True,SCHEDULED
BLK01925,ENG0064,SEC073,Engineering,2025-11-02 06:00,2025-11-02 12:45,6.7,39.9,LOW,139.4,False,False,True,SCHEDULED
BLK00290,ENG0065,SEC011,Engineering,2025-05-20 06:00,2025-05-20 15:30,9.4,98.9,CRITICAL,455.0,False,False,True,SCHEDULED
BLK00511,ENG0070,SEC019,Engineering,2025-07-31 06:00,2025-07-31 11:30,5.5,44.97,MEDIUM,268.4,False,False,True,SCHEDULED
BLK01945,ENG0073,SEC074,Engineering,2025-09-03 02:46,2025-09-03 06:01,3.1,62.5,HIGH,74.4,False,False,True,SCHEDULED
BLK00041,ENG0074,SEC002,Engineering,2025-06-26 06:00,2025-06-26 17:00,11.0,31.01,LOW,375.1,False,False,True,SCHEDULED
BLK01080,ENG0077,SEC040,Engineering,2025-07-06 06:00,2025-07-06 15:30,9.5,61.63,HIGH,229.9,False,False,True,SCHEDULED
BLK01624,ENG0081,SEC060,Engineering,2025-11-11 06:00,2025-11-11 16:30,10.3,60.99,HIGH,206.0,False,False,True,SCHEDULED
BLK01040,ENG0093,SEC038,Engineering,2025-07-12 06:00,2025-07-12 12:30,6.3,43.59,MEDIUM,258.9,False,False,True,SCHEDULED
BLK01205,ENG0094,SEC044,Engineering,2025-09-27 06:00,2025-09-27 15:15,9.2,62.8,HIGH,319.2,False,False,True,SCHEDULED
BLK01630,ENG0095,SEC061,Engineering,2025-02-20 06:00,2025-02-20 10:00,4.0,28.4,LOW,82.4,False,False,True,SCHEDULED
BLK01396,ENG0097,SEC052,Engineering,2025-01-30 06:00,2025-01-30 09:30,3.4,80.73,CRITICAL,68.0,False,False,True,SCHEDULED
BLK01979,ENG0098,SEC075,Engineering,2025-09-29 06:00,2025-09-29 16:00,10.0,94.4,CRITICAL,200.0,False,False,True,SCHEDULED
BLK00306,ENG0104,SEC011,Engineering,2025-11-10 06:00,2025-11-10 16:30,10.3,84.93,CRITICAL,498.5,False,False,True,SCHEDULED
BLK01775,ENG0115,SEC067,Engineering,2025-04-13 06:00,2025-04-13 16:15,10.1,95.5,CRITICAL,260.6,False,False,True,SCHEDULED
BLK00593,ENG0117,SEC022,Engineering,2025-06-28 06:00,2025-06-28 09:00,2.9,84.1,CRITICAL,113.1,False,False,True,SCHEDULED
BLK00567,ENG0124,SEC021,Engineering,2025-10-14 06:00,2025-10-14 14:15,8.2,84.5,CRITICAL,357.5,False,False,True,SCHEDULED
BLK00596,ENG0127,SEC022,Engineering,2025-08-02 06:00,2025-08-02 09:00,2.9,64.4,HIGH,113.1,False,False,True,SCHEDULED
BLK00375,ENG0129,SEC014,Engineering,2025-02-17 06:00,2025-02-17 08:00,2.0,46.3,MEDIUM,90.8,False,False,True,SCHEDULED
BLK01030,ENG0131,SEC037,Engineering,2025-10-27 06:00,2025-10-27 14:15,8.2,63.7,HIGH,408.4,False,False,True,SCHEDULED
BLK00274,ENG0134,SEC010,Engineering,2025-10-07 06:00,2025-10-07 12:45,6.6,98.9,CRITICAL,308.9,False,False,True,SCHEDULED
BLK00744,ENG0135,SEC028,Engineering,2025-01-26 06:00,2025-01-26 15:30,9.4,99.4,CRITICAL,487.9,False,False,True,SCHEDULED
BLK00970,ENG0137,SEC035,Engineering,2025-07-14 06:00,2025-07-14 16:30,10.3,84.1,CRITICAL,496.5,False,False,True,SCHEDULED
BLK01731,ENG0140,SEC065,Engineering,2025-05-26 06:00,2025-05-26 08:00,1.9,60.99,HIGH,54.5,False,False,True,SCHEDULED
BLK01912,ENG0141,SEC073,Engineering,2025-05-26 06:00,2025-05-26 16:30,10.4,40.1,MEDIUM,216.3,False,False,True,SCHEDULED
BLK01283,ENG0143,SEC047,Engineering,2025-10-03 06:00,2025-10-03 07:15,1.1,62.0,HIGH,22.4,False,False,True,SCHEDULED
BLK00300,ENG0153,SEC011,Engineering,2025-08-14 06:00,2025-08-14 15:00,8.8,99.1,CRITICAL,425.9,False,False,True,SCHEDULED
BLK00902,ENG0161,SEC032,Engineering,2025-11-16 06:00,2025-11-16 13:45,7.6,96.2,CRITICAL,265.2,False,False,True,SCHEDULED
BLK00937,ENG0163,SEC033,Engineering,2025-12-05 06:00,2025-12-05 11:00,5.0,85.6,CRITICAL,246.0,False,False,True,SCHEDULED
BLK01165,ENG0164,SEC043,Engineering,2025-07-26 06:00,2025-07-26 11:00,5.0,61.6,HIGH,163.5,False,False,True,SCHEDULED
BLK00931,ENG0165,SEC033,Engineering,2025-10-27 06:00,2025-10-27 16:00,9.9,66.26,HIGH,487.1,False,False,True,SCHEDULED
BLK00660,ENG0166,SEC024,Engineering,2025-09-28 06:00,2025-09-28 17:00,10.9,38.5,LOW,450.2,False,False,True,SCHEDULED
BLK01083,ENG0169,SEC040,Engineering,2025-07-30 06:00,2025-07-30 13:00,7.0,62.12,HIGH,169.4,False,False,True,SCHEDULED
BLK00442,ENG0171,SEC016,Engineering,2025-06-04 06:00,2025-06-04 14:30,8.5,83.5,CRITICAL,360.4,False,False,True,SCHEDULED
BLK00813,ENG0181,SEC030,Engineering,2025-03-27 06:00,2025-03-27 16:30,10.5,64.7,HIGH,429.4,False,False,True,SCHEDULED
BLK01137,ENG0183,SEC042,Engineering,2025-08-25 06:00,2025-08-25 16:15,10.1,82.8,CRITICAL,293.9,False,False,True,SCHEDULED
BLK01570,ENG0188,SEC058,Engineering,2025-08-13 06:00,2025-08-13 14:45,8.7,62.2,HIGH,237.5,False,False,True,SCHEDULED
BLK00088,ENG0190,SEC004,Engineering,2025-01-12 06:00,2025-01-12 13:30,7.3,98.4,CRITICAL,317.6,False,False,True,SCHEDULED
BLK00925,ENG0194,SEC033,Engineering,2025-08-30 06:00,2025-08-30 10:15,4.2,66.1,HIGH,206.6,False,False,True,SCHEDULED
BLK00885,ENG0196,SEC032,Engineering,2025-04-16 06:00,2025-04-16 17:15,11.2,96.6,CRITICAL,390.9,False,False,True,SCHEDULED
BLK01021,ENG0216,SEC037,Engineering,2025-07-31 06:00,2025-07-31 08:45,2.6,64.0,HIGH,129.5,False,False,True,SCHEDULED
BLK00092,ENG0219,SEC004,Engineering,2025-02-03 06:00,2025-02-03 16:15,10.1,63.47,HIGH,439.4,False,False,True,SCHEDULED
BLK00551,ENG0224,SEC021,Engineering,2025-01-21 06:00,2025-01-21 17:15,11.1,83.2,CRITICAL,484.0,False,False,True,SCHEDULED
BLK00918,ENG0230,SEC033,Engineering,2025-07-15 06:00,2025-07-15 11:30,5.5,84.9,CRITICAL,270.6,False,False,True,SCHEDULED
BLK01232,ENG0233,SEC045,Engineering,2025-10-17 21:59,2025-10-18 03:14,5.1,81.1,CRITICAL,142.8,False,False,True,SCHEDULED
BLK00037,ENG0234,SEC002,Engineering,2025-05-26 06:00,2025-05-26 14:30,8.3,28.01,LOW,283.0,False,False,True,SCHEDULED
BLK01841,ENG0238,SEC070,Engineering,2025-07-16 06:00,2025-07-16 08:00,1.8,61.5,HIGH,41.0,False,False,True,SCHEDULED
BLK01104,ENG0239,SEC041,Engineering,2025-04-02 06:00,2025-04-02 16:45,10.7,94.8,CRITICAL,224.7,False,False,True,SCHEDULED
BLK00946,ENG0243,SEC034,Engineering,2025-05-30 06:00,2025-05-30 09:30,3.4,96.7,CRITICAL,115.3,False,False,True,SCHEDULED
BLK00623,ENG0244,SEC023,Engineering,2025-07-10 06:00,2025-07-10 10:30,4.3,97.7,CRITICAL,194.8,False,False,True,SCHEDULED
BLK00478,ENG0254,SEC018,Engineering,2025-02-18 06:00,2025-02-18 08:15,2.1,63.0,HIGH,87.4,False,False,True,SCHEDULED
BLK00216,ENG0263,SEC008,Engineering,2025-10-08 21:01,2025-10-09 06:01,8.9,64.91,HIGH,405.0,False,False,True,SCHEDULED
BLK00922,ENG0264,SEC033,Engineering,2025-07-29 06:00,2025-07-29 14:30,8.3,98.33,CRITICAL,408.4,False,False,True,SCHEDULED
BLK00838,ENG0270,SEC030,Engineering,2025-11-06 06:00,2025-11-06 15:00,8.9,84.4,CRITICAL,364.0,False,False,True,SCHEDULED
BLK01616,ENG0273,SEC060,Engineering,2025-08-07 06:00,2025-08-07 09:45,3.6,39.8,LOW,72.0,False,False,True,SCHEDULED
BLK00113,ENG0276,SEC004,Engineering,2025-10-31 06:00,2025-10-31 16:30,10.5,97.7,CRITICAL,456.8,False,False,True,SCHEDULED
BLK00510,ENG0293,SEC019,Engineering,2025-07-29 06:00,2025-07-29 08:00,2.0,40.14,MEDIUM,97.6,False,False,True,SCHEDULED
BLK00140,ENG0295,SEC006,Engineering,2025-02-04 06:00,2025-02-04 14:15,8.1,85.7,CRITICAL,405.8,False,False,True,SCHEDULED
BLK01876,ENG0296,SEC071,Engineering,2025-10-25 06:00,2025-10-25 09:45,3.7,80.0,CRITICAL,82.1,False,False,True,SCHEDULED
BLK00150,ENG0301,SEC006,Engineering,2025-05-14 06:00,2025-05-14 09:00,2.9,32.1,LOW,145.3,False,False,True,SCHEDULED
BLK00544,ENG0305,SEC020,Engineering,2025-10-01 06:00,2025-10-01 16:45,10.7,38.6,LOW,410.9,False,False,True,SCHEDULED
BLK00259,ENG0309,SEC010,Engineering,2025-04-11 06:00,2025-04-11 09:15,3.1,65.34,HIGH,145.1,False,False,True,SCHEDULED
BLK01085,ENG0313,SEC040,Engineering,2025-08-21 06:00,2025-08-21 17:30,11.5,62.8,HIGH,278.3,False,False,True,SCHEDULED
BLK00543,ENG0319,SEC020,Engineering,2025-09-21 06:00,2025-09-21 13:30,7.4,64.19,HIGH,284.2,False,False,True,SCHEDULED
BLK00236,ENG0322,SEC009,Engineering,2025-07-07 06:00,2025-07-07 09:45,3.6,43.31,MEDIUM,150.5,False,False,True,SCHEDULED
BLK01730,ENG0327,SEC065,Engineering,2025-05-25 06:00,2025-05-25 11:15,5.2,62.8,HIGH,149.2,False,False,True,SCHEDULED
BLK01814,ENG0336,SEC069,Engineering,2025-02-24 09:59,2025-02-24 11:29,1.5,61.51,HIGH,30.0,False,False,True,SCHEDULED
BLK00125,ENG0338,SEC005,Engineering,2025-06-29 06:00,2025-06-29 07:15,1.1,99.16,CRITICAL,58.1,False,False,True,SCHEDULED
BLK01140,ENG0349,SEC042,Engineering,2025-10-19 06:00,2025-10-19 13:00,7.0,95.5,CRITICAL,203.7,False,False,True,SCHEDULED
BLK01454,ENG0350,SEC054,Engineering,2025-03-16 06:00,2025-03-16 15:00,9.0,80.71,CRITICAL,204.3,False,False,True,SCHEDULED
BLK00202,ENG0352,SEC008,Engineering,2025-05-16 06:00,2025-05-16 10:15,4.1,63.8,HIGH,186.5,False,False,True,SCHEDULED
BLK00950,ENG0355,SEC034,Engineering,2025-08-02 06:00,2025-08-02 11:00,4.8,81.61,CRITICAL,162.7,False,False,True,SCHEDULED
BLK01858,ENG0370,SEC071,Engineering,2025-03-31 06:00,2025-03-31 16:30,10.5,94.3,CRITICAL,233.1,False,False,True,SCHEDULED
BLK00072,ENG0378,SEC003,Engineering,2025-06-18 06:00,2025-06-18 17:00,11.0,25.8,LOW,541.2,False,False,True,SCHEDULED
BLK01865,ENG0382,SEC071,Engineering,2025-06-27 06:00,2025-06-27 15:30,9.4,60.47,HIGH,208.7,False,False,True,SCHEDULED
BLK00017,ENG0393,SEC001,Engineering,2025-09-05 06:00,2025-09-05 08:00,1.8,64.2,HIGH,76.7,False,False,True,SCHEDULED
BLK00020,ENG0394,SEC001,Engineering,2025-09-19 06:00,2025-09-19 15:30,9.4,63.93,HIGH,400.4,False,False,True,SCHEDULED
BLK00694,ENG0406,SEC026,Engineering,2025-02-19 22:31,2025-02-20 06:01,7.5,85.7,CRITICAL,387.0,False,False,True,SCHEDULED
BLK00304,ENG0408,SEC011,Engineering,2025-10-01 06:00,2025-10-01 11:15,5.1,84.8,CRITICAL,246.8,False,False,True,SCHEDULED
BLK01821,ENG0413,SEC069,Engineering,2025-08-12 06:00,2025-08-12 14:30,8.4,26.9,LOW,168.0,False,False,True,SCHEDULED
BLK00974,ENG0420,SEC035,Engineering,2025-10-14 06:00,2025-10-14 07:15,1.1,65.7,HIGH,53.0,False,False,True,SCHEDULED
BLK00139,ENG0425,SEC006,Engineering,2025-01-27 06:00,2025-01-27 07:30,1.3,30.8,LOW,65.1,False,False,True,SCHEDULED
BLK01406,ENG0430,SEC052,Engineering,2025-05-30 06:00,2025-05-30 15:30,9.5,93.94,CRITICAL,190.0,False,False,True,SCHEDULED
BLK00955,ENG0437,SEC034,Engineering,2025-10-03 06:00,2025-10-03 17:30,11.3,82.4,CRITICAL,383.1,False,False,True,SCHEDULED
BLK00355,ENG0439,SEC013,Engineering,2025-07-18 06:00,2025-07-18 13:30,7.3,65.2,HIGH,346.8,False,False,True,SCHEDULED
BLK01193,ENG0443,SEC044,Engineering,2025-07-05 06:00,2025-07-05 08:15,2.2,96.1,CRITICAL,76.3,False,False,True,SCHEDULED
BLK01584,ENG0452,SEC059,Engineering,2025-02-07 06:00,2025-02-07 12:15,6.1,94.4,CRITICAL,122.6,False,False,True,SCHEDULED
BLK01683,ENG0453,SEC063,Engineering,2025-03-25 06:00,2025-03-25 15:00,9.0,80.8,CRITICAL,182.7,False,False,True,SCHEDULED
BLK01035,ENG0463,SEC038,Engineering,2025-04-02 06:00,2025-04-02 07:45,1.7,83.01,CRITICAL,69.9,False,False,True,SCHEDULED
BLK00470,ENG0475,SEC017,Engineering,2025-10-04 06:00,2025-10-04 11:30,5.5,83.01,CRITICAL,211.2,False,False,True,SCHEDULED
BLK01864,ENG0491,SEC071,Engineering,2025-06-26 06:00,2025-06-26 09:30,3.5,94.9,CRITICAL,77.7,False,False,True,SCHEDULED
BLK01529,ENG0494,SEC056,Engineering,2025-09-26 02:31,2025-09-26 06:01,3.5,38.4,LOW,99.7,False,False,True,SCHEDULED
BLK00561,ENG0496,SEC021,Engineering,2025-07-07 06:00,2025-07-07 13:30,7.4,42.2,MEDIUM,322.6,False,False,True,SCHEDULED
BLK01456,ENG0503,SEC054,Engineering,2025-03-25 06:00,2025-03-25 10:45,4.6,60.3,HIGH,104.4,False,False,True,SCHEDULED
BLK00761,ENG0508,SEC028,Engineering,2025-07-02 04:46,2025-07-02 06:01,1.2,67.2,HIGH,62.3,False,False,True,SCHEDULED
BLK00079,ENG0511,SEC003,Engineering,2025-09-01 06:00,2025-09-01 10:00,4.0,85.49,CRITICAL,196.8,False,False,True,SCHEDULED
BLK00011,ENG0522,SEC001,Engineering,2025-07-18 06:00,2025-07-18 16:45,10.7,83.3,CRITICAL,455.8,False,False,True,SCHEDULED
BLK00302,ENG0523,SEC011,Engineering,2025-08-19 06:00,2025-08-19 16:00,9.8,44.3,MEDIUM,474.3,False,False,True,SCHEDULED
BLK00915,ENG0530,SEC033,Engineering,2025-06-30 06:00,2025-06-30 10:30,4.4,66.29,HIGH,216.5,False,False,True,SCHEDULED
BLK01172,ENG0534,SEC043,Engineering,2025-11-06 06:00,2025-11-06 14:30,8.5,63.66,HIGH,278.0,False,False,True,SCHEDULED
BLK01336,ENG0543,SEC049,Engineering,2025-09-21 06:00,2025-09-21 11:30,5.4,62.1,HIGH,177.7,False,False,True,SCHEDULED
BLK00003,ENG0544,SEC001,Engineering,2025-02-10 06:00,2025-02-10 09:00,2.9,38.64,LOW,123.5,False,False,True,SCHEDULED
BLK00853,ENG0553,SEC031,Engineering,2025-05-15 06:00,2025-05-15 12:00,5.9,64.1,HIGH,239.0,False,False,True,SCHEDULED
BLK00108,ENG0558,SEC004,Engineering,2025-10-15 06:00,2025-10-15 15:30,9.3,97.9,CRITICAL,404.6,False,False,True,SCHEDULED
BLK00774,ENG0564,SEC029,Engineering,2025-01-19 06:00,2025-01-19 07:45,1.7,46.52,MEDIUM,87.0,False,False,True,SCHEDULED
BLK01535,ENG0566,SEC057,Engineering,2025-01-11 06:00,2025-01-11 17:00,11.0,40.9,MEDIUM,381.7,False,False,True,SCHEDULED
BLK00118,ENG0582,SEC005,Engineering,2025-02-04 06:00,2025-02-04 09:45,3.6,65.8,HIGH,190.1,False,False,True,SCHEDULED
BLK01536,ENG0590,SEC057,Engineering,2025-02-12 13:29,2025-02-12 21:59,8.3,44.6,MEDIUM,288.0,False,False,True,SCHEDULED
BLK00023,ENG0603,SEC001,Engineering,2025-11-12 06:00,2025-11-12 09:45,3.7,84.8,CRITICAL,157.6,False,False,True,SCHEDULED
BLK00158,ENG0607,SEC006,Engineering,2025-09-02 06:00,2025-09-02 17:30,11.3,47.0,MEDIUM,566.1,False,False,True,SCHEDULED
BLK01704,ENG0611,SEC064,Engineering,2025-01-22 06:00,2025-01-22 11:45,5.6,27.8,LOW,137.2,False,False,True,SCHEDULED
BLK00542,ENG0627,SEC020,Engineering,2025-09-10 06:00,2025-09-10 12:00,6.0,83.3,CRITICAL,230.4,False,False,True,SCHEDULED
BLK01848,ENG0628,SEC070,Engineering,2025-10-11 06:00,2025-10-11 17:30,11.3,80.8,CRITICAL,257.6,False,False,True,SCHEDULED
BLK01183,ENG0644,SEC044,Engineering,2025-03-03 06:00,2025-03-03 10:45,4.6,96.1,CRITICAL,159.6,False,False,True,SCHEDULED
BLK01956,ENG0645,SEC075,Engineering,2025-01-26 06:00,2025-01-26 11:30,5.4,39.1,LOW,108.0,False,False,True,SCHEDULED
BLK00266,ENG0648,SEC010,Engineering,2025-07-25 06:00,2025-07-25 09:15,3.2,83.7,CRITICAL,149.8,False,False,True,SCHEDULED
BLK00346,ENG0660,SEC013,Engineering,2025-05-29 06:00,2025-05-29 10:30,4.5,44.3,MEDIUM,213.8,False,False,True,SCHEDULED
BLK00248,ENG0662,SEC009,Engineering,2025-11-09 06:00,2025-11-09 16:30,10.3,63.0,HIGH,430.5,False,False,True,SCHEDULED
BLK00055,ENG0669,SEC002,Engineering,2025-11-06 06:00,2025-11-06 16:45,10.7,82.89,CRITICAL,364.9,False,False,True,SCHEDULED
BLK01117,ENG0676,SEC041,Engineering,2025-09-28 06:00,2025-09-28 14:15,8.1,60.13,HIGH,170.1,False,False,True,SCHEDULED
BLK00759,ENG0680,SEC028,Engineering,2025-06-15 06:00,2025-06-15 10:15,4.2,99.0,CRITICAL,218.0,False,False,True,SCHEDULED
BLK00656,ENG0681,SEC024,Engineering,2025-09-06 06:00,2025-09-06 17:00,11.0,25.5,LOW,454.3,False,False,True,SCHEDULED
BLK01430,ENG0685,SEC053,Engineering,2025-05-27 06:00,2025-05-27 17:15,11.2,59.8,MEDIUM,280.0,False,False,True,SCHEDULED
BLK01451,ENG0688,SEC054,Engineering,2025-02-21 06:00,2025-02-21 14:15,8.2,81.8,CRITICAL,186.1,False,False,True,SCHEDULED
BLK01459,ENG0697,SEC054,Engineering,2025-05-04 06:00,2025-05-04 11:00,4.9,94.6,CRITICAL,111.2,False,False,True,SCHEDULED
BLK01882,ENG0701,SEC072,Engineering,2025-01-18 06:00,2025-01-18 09:00,2.9,39.38,LOW,69.6,False,False,True,SCHEDULED
BLK00107,ENG0706,SEC004,Engineering,2025-10-04 06:00,2025-10-04 16:00,9.8,65.4,HIGH,426.3,False,False,True,SCHEDULED
BLK01328,ENG0719,SEC049,Engineering,2025-07-26 06:00,2025-07-26 16:30,10.3,40.51,MEDIUM,338.9,False,False,True,SCHEDULED
BLK01262,ENG0720,SEC047,Engineering,2025-01-06 06:00,2025-01-06 10:30,4.4,94.2,CRITICAL,89.8,False,False,True,SCHEDULED
BLK01189,ENG0724,SEC044,Engineering,2025-05-30 06:00,2025-05-30 15:30,9.4,62.4,HIGH,326.2,False,False,True,SCHEDULED
BLK00602,ENG0730,SEC022,Engineering,2025-09-23 06:00,2025-09-23 13:00,6.9,38.8,LOW,269.1,False,False,True,SCHEDULED
BLK01851,ENG0742,SEC071,Engineering,2025-01-26 08:59,2025-01-26 16:59,7.8,37.0,LOW,173.2,False,False,True,SCHEDULED
BLK01290,ENG0745,SEC047,Engineering,2025-12-04 06:00,2025-12-04 08:45,2.6,94.31,CRITICAL,53.0,False,False,True,SCHEDULED
BLK01576,ENG0749,SEC058,Engineering,2025-10-29 06:00,2025-10-29 10:15,4.2,61.36,HIGH,114.7,False,False,True,SCHEDULED
BLK01650,ENG0750,SEC062,Engineering,2025-01-08 06:00,2025-01-08 17:45,11.6,60.57,HIGH,232.0,False,False,True,SCHEDULED
BLK00563,ENG0768,SEC021,Engineering,2025-08-01 06:00,2025-08-01 10:30,4.4,65.9,HIGH,191.8,False,False,True,SCHEDULED
BLK01219,ENG0770,SEC045,Engineering,2025-06-04 06:00,2025-06-04 17:00,11.0,25.0,LOW,308.0,False,False,True,SCHEDULED
BLK01510,ENG0776,SEC056,Engineering,2025-02-20 06:00,2025-02-20 08:45,2.7,38.4,LOW,76.9,False,False,True,SCHEDULED
BLK00986,ENG0778,SEC036,Engineering,2025-04-01 06:00,2025-04-01 08:15,2.2,85.04,CRITICAL,114.6,False,False,True,SCHEDULED
BLK01557,ENG0785,SEC058,Engineering,2025-02-14 06:00,2025-02-14 12:15,6.1,36.4,LOW,166.5,False,False,True,SCHEDULED
BLK00303,ENG0789,SEC011,Engineering,2025-08-24 06:00,2025-08-24 15:15,9.2,85.3,CRITICAL,445.3,False,False,True,SCHEDULED
BLK00317,ENG0790,SEC012,Engineering,2025-06-22 06:00,2025-06-22 08:45,2.6,64.09,HIGH,105.0,False,False,True,SCHEDULED
BLK00564,ENG0793,SEC021,Engineering,2025-08-28 06:00,2025-08-28 17:00,11.0,62.4,HIGH,479.6,False,False,True,SCHEDULED
BLK00552,ENG0805,SEC021,Engineering,2025-02-05 08:44,2025-02-05 14:59,6.2,41.8,MEDIUM,270.3,False,False,True,SCHEDULED
BLK00531,ENG0806,SEC020,Engineering,2025-04-13 06:00,2025-04-13 12:15,6.2,82.6,CRITICAL,238.1,False,False,True,SCHEDULED
BLK00583,ENG0827,SEC022,Engineering,2025-02-20 06:00,2025-02-20 17:45,11.6,63.9,HIGH,452.4,False,False,True,SCHEDULED
BLK01622,ENG0834,SEC060,Engineering,2025-10-26 06:00,2025-10-26 15:45,9.6,59.06,MEDIUM,192.0,False,False,True,SCHEDULED
BLK01615,ENG0837,SEC060,Engineering,2025-07-15 06:00,2025-07-15 07:30,1.3,36.2,LOW,26.0,False,False,True,SCHEDULED
BLK00197,ENG0838,SEC008,Engineering,2025-03-17 06:00,2025-03-17 16:00,9.9,64.94,HIGH,450.4,False,False,True,SCHEDULED
BLK00034,ENG0841,SEC002,Engineering,2025-03-31 06:00,2025-03-31 12:15,6.2,96.9,CRITICAL,211.4,False,False,True,SCHEDULED
BLK01886,ENG0845,SEC072,Engineering,2025-02-25 06:00,2025-02-25 09:15,3.1,94.8,CRITICAL,74.4,False,False,True,SCHEDULED
BLK00033,ENG0850,SEC002,Engineering,2025-02-27 06:00,2025-02-27 10:30,4.4,96.3,CRITICAL,150.0,False,False,True,SCHEDULED
BLK01590,ENG0852,SEC059,Engineering,2025-04-21 06:00,2025-04-21 18:00,11.8,94.8,CRITICAL,237.2,False,False,True,SCHEDULED
BLK00486,ENG0855,SEC018,Engineering,2025-07-02 06:00,2025-07-02 07:45,1.6,65.0,HIGH,66.6,False,False,True,SCHEDULED
BLK00830,ENG0863,SEC030,Engineering,2025-09-19 06:00,2025-09-19 14:00,8.0,62.01,HIGH,327.2,False,False,True,SCHEDULED
BLK00835,ENG0864,SEC030,Engineering,2025-10-16 06:00,2025-10-16 16:30,10.3,83.5,CRITICAL,421.3,False,False,True,SCHEDULED
BLK00736,ENG0867,SEC027,Engineering,2025-08-06 06:00,2025-08-06 12:45,6.6,28.72,LOW,235.6,False,False,True,SCHEDULED
BLK01360,ENG0871,SEC050,Engineering,2025-08-23 06:00,2025-08-23 08:30,2.3,41.8,MEDIUM,46.0,False,False,True,SCHEDULED
BLK00273,ENG0877,SEC010,Engineering,2025-09-17 06:00,2025-09-17 17:00,11.0,66.4,HIGH,514.8,False,False,True,SCHEDULED
BLK00477,ENG0879,SEC018,Engineering,2025-01-31 06:00,2025-01-31 17:45,11.6,41.9,MEDIUM,482.6,False,False,True,SCHEDULED
BLK01224,ENG0884,SEC045,Engineering,2025-07-23 06:00,2025-07-23 15:30,9.4,81.8,CRITICAL,263.2,False,False,True,SCHEDULED
BLK00972,ENG0894,SEC035,Engineering,2025-09-17 06:00,2025-09-17 16:00,9.8,66.2,HIGH,472.4,False,False,True,SCHEDULED
BLK00351,ENG0896,SEC013,Engineering,2025-06-19 06:00,2025-06-19 10:15,4.2,99.0,CRITICAL,199.5,False,False,True,SCHEDULED
BLK01103,ENG0911,SEC041,Engineering,2025-03-03 06:00,2025-03-03 15:00,8.8,39.7,LOW,184.8,False,False,True,SCHEDULED
BLK00030,ENG0917,SEC002,Engineering,2025-02-20 06:00,2025-02-20 12:00,6.0,40.6,MEDIUM,204.6,False,False,True,SCHEDULED
BLK00111,ENG0922,SEC004,Engineering,2025-10-28 06:00,2025-10-28 10:45,4.7,42.59,MEDIUM,204.5,False,False,True,SCHEDULED
BLK00382,ENG0931,SEC014,Engineering,2025-05-21 06:00,2025-05-21 12:15,6.2,32.5,LOW,281.5,False,False,True,SCHEDULED
BLK00386,ENG0933,SEC014,Engineering,2025-06-13 06:00,2025-06-13 14:15,8.1,98.26,CRITICAL,367.7,False,False,True,SCHEDULED
BLK00059,ENG0934,SEC003,Engineering,2025-02-25 06:00,2025-02-25 12:30,6.5,63.4,HIGH,319.8,False,False,True,SCHEDULED
BLK01147,ENG0939,SEC043,Engineering,2025-02-05 06:00,2025-02-05 08:15,2.1,62.5,HIGH,68.7,False,False,True,SCHEDULED
BLK01479,ENG0940,SEC055,Engineering,2025-02-23 06:00,2025-02-23 13:45,7.7,81.2,CRITICAL,162.5,False,False,True,SCHEDULED
BLK01652,ENG0943,SEC062,Engineering,2025-02-08 06:00,2025-02-08 17:45,11.6,39.3,LOW,232.0,False,False,True,SCHEDULED
BLK00462,ENG0944,SEC017,Engineering,2025-05-12 06:00,2025-05-12 07:30,1.3,37.9,LOW,49.9,False,False,True,SCHEDULED
BLK01126,ENG0947,SEC042,Engineering,2025-03-03 06:00,2025-03-03 10:45,4.6,95.5,CRITICAL,133.9,False,False,True,SCHEDULED
BLK01237,ENG0952,SEC045,Engineering,2025-11-29 06:00,2025-11-29 13:45,7.7,96.0,CRITICAL,215.6,False,False,True,SCHEDULED
BLK01741,ENG0953,SEC065,Engineering,2025-12-16 06:00,2025-12-16 12:00,6.0,62.51,HIGH,172.2,False,False,True,SCHEDULED
BLK00130,ENG0954,SEC005,Engineering,2025-09-10 06:00,2025-09-10 15:15,9.1,36.5,LOW,480.5,False,False,True,SCHEDULED
BLK00226,ENG0962,SEC009,Engineering,2025-02-24 06:00,2025-02-24 15:00,8.8,63.2,HIGH,367.8,False,False,True,SCHEDULED
BLK01835,ENG0970,SEC070,Engineering,2025-05-08 06:00,2025-05-08 08:15,2.1,81.0,CRITICAL,47.9,False,False,True,SCHEDULED
BLK01693,ENG0971,SEC063,Engineering,2025-08-04 06:00,2025-08-04 16:45,10.6,42.39,MEDIUM,215.2,False,False,True,SCHEDULED
BLK01175,ENG0988,SEC043,Engineering,2025-12-17 06:00,2025-12-17 13:15,7.1,44.3,MEDIUM,232.2,False,False,True,SCHEDULED
BLK01914,ENG0990,SEC073,Engineering,2025-06-13 06:00,2025-06-13 12:15,6.2,61.0,HIGH,129.0,False,False,True,SCHEDULED
BLK00237,ENG0995,SEC009,Engineering,2025-07-18 06:00,2025-07-18 16:45,10.7,44.45,MEDIUM,447.3,False,False,True,SCHEDULED
BLK01700,ENG0996,SEC063,Engineering,2025-11-12 06:00,2025-11-12 13:15,7.2,60.2,HIGH,146.2,False,False,True,SCHEDULED
BLK00485,ENG1000,SEC018,Engineering,2025-06-12 06:00,2025-06-12 14:30,8.5,82.9,CRITICAL,353.6,False,False,True,SCHEDULED
BLK01049,ENG1004,SEC038,Engineering,2025-10-29 06:00,2025-10-29 14:45,8.6,40.9,MEDIUM,353.5,False,False,True,SCHEDULED
BLK01669,ENG1005,SEC062,Engineering,2025-08-18 06:00,2025-08-18 10:00,3.8,35.1,LOW,76.0,False,False,True,SCHEDULED
BLK00649,ENG1010,SEC024,Engineering,2025-06-09 06:00,2025-06-09 13:30,7.5,64.69,HIGH,309.8,False,False,True,SCHEDULED
BLK00427,ENG1016,SEC015,Engineering,2025-10-11 06:00,2025-10-11 15:30,9.4,64.8,HIGH,423.0,False,False,True,SCHEDULED
BLK00411,ENG1018,SEC015,Engineering,2025-06-06 06:00,2025-06-06 12:30,6.5,65.6,HIGH,292.5,False,False,True,SCHEDULED
BLK01666,ENG1020,SEC062,Engineering,2025-07-17 06:00,2025-07-17 15:30,9.5,20.7,LOW,190.0,False,False,True,SCHEDULED
BLK01861,ENG1021,SEC071,Engineering,2025-05-13 06:00,2025-05-13 16:30,10.3,81.58,CRITICAL,228.7,False,False,True,SCHEDULED
BLK00260,ENG1024,SEC010,Engineering,2025-04-18 06:00,2025-04-18 17:30,11.4,98.0,CRITICAL,533.5,False,False,True,SCHEDULED
BLK01145,ENG1031,SEC043,Engineering,2025-01-20 06:00,2025-01-20 08:45,2.6,63.6,HIGH,85.0,False,False,True,SCHEDULED
BLK00540,ENG1034,SEC020,Engineering,2025-09-02 06:00,2025-09-02 16:30,10.5,65.1,HIGH,403.2,False,False,True,SCHEDULED
BLK01031,ENG1039,SEC037,Engineering,2025-11-24 06:00,2025-11-24 14:00,8.0,85.15,CRITICAL,398.4,False,False,True,SCHEDULED
BLK01654,ENG1040,SEC062,Engineering,2025-02-24 06:00,2025-02-24 13:00,6.8,36.89,LOW,136.0,False,False,True,SCHEDULED
BLK00831,ENG1041,SEC030,Engineering,2025-09-21 06:00,2025-09-21 16:00,9.9,83.2,CRITICAL,404.9,False,False,True,SCHEDULED
BLK01663,ENG1042,SEC062,Engineering,2025-06-21 06:00,2025-06-21 12:15,6.2,59.5,MEDIUM,124.0,False,False,True,SCHEDULED
BLK00445,ENG1043,SEC016,Engineering,2025-09-08 06:00,2025-09-08 12:00,5.9,62.5,HIGH,250.2,False,False,True,SCHEDULED
BLK01267,ENG1045,SEC047,Engineering,2025-01-30 06:00,2025-01-30 13:45,7.6,60.2,HIGH,155.0,False,False,True,SCHEDULED
BLK00338,ENG1052,SEC013,Engineering,2025-01-29 06:00,2025-01-29 07:30,1.4,44.8,MEDIUM,66.5,False,False,True,SCHEDULED
BLK00358,ENG1063,SEC013,Engineering,2025-08-16 06:00,2025-08-16 13:30,7.4,84.5,CRITICAL,351.5,False,False,True,SCHEDULED
BLK00506,ENG1066,SEC019,Engineering,2025-05-28 06:00,2025-05-28 12:00,5.8,66.0,HIGH,283.0,False,False,True,SCHEDULED
BLK00685,ENG1067,SEC025,Engineering,2025-10-22 06:00,2025-10-22 17:00,10.8,84.8,CRITICAL,520.6,False,False,True,SCHEDULED
BLK00126,ENG1071,SEC005,Engineering,2025-07-06 06:00,2025-07-06 10:45,4.7,66.4,HIGH,248.2,False,False,True,SCHEDULED
BLK01348,ENG1075,SEC050,Engineering,2025-05-05 06:00,2025-05-05 07:30,1.3,37.88,LOW,26.0,False,False,True,SCHEDULED
BLK00163,ENG1079,SEC006,Engineering,2025-11-09 06:00,2025-11-09 07:15,1.1,85.68,CRITICAL,55.1,False,False,True,SCHEDULED
BLK00997,ENG1086,SEC036,Engineering,2025-08-03 06:00,2025-08-03 10:30,4.3,98.8,CRITICAL,224.0,False,False,True,SCHEDULED
BLK01941,ENG1095,SEC074,Engineering,2025-06-06 06:00,2025-06-06 09:00,2.8,60.3,HIGH,67.2,False,False,True,SCHEDULED
BLK01045,ENG1096,SEC038,Engineering,2025-09-06 06:00,2025-09-06 14:00,8.0,62.55,HIGH,328.8,False,False,True,SCHEDULED
BLK01352,ENG1103,SEC050,Engineering,2025-05-19 06:00,2025-05-19 16:00,10.0,62.2,HIGH,200.0,False,False,True,SCHEDULED
BLK01705,ENG1106,SEC064,Engineering,2025-01-24 06:00,2025-01-24 15:15,9.2,61.7,HIGH,225.4,False,False,True,SCHEDULED
BLK00159,ENG1110,SEC006,Engineering,2025-09-13 06:00,2025-09-13 17:45,11.6,46.46,MEDIUM,581.2,False,False,True,SCHEDULED
BLK01427,ENG1132,SEC053,Engineering,2025-03-03 06:00,2025-03-03 17:45,11.6,80.6,CRITICAL,290.0,False,False,True,SCHEDULED
BLK00916,ENG1135,SEC033,Engineering,2025-07-07 06:00,2025-07-07 10:45,4.6,66.1,HIGH,226.3,False,False,True,SCHEDULED
BLK01710,ENG1138,SEC064,Engineering,2025-06-12 06:00,2025-06-12 12:30,6.4,60.2,HIGH,156.8,False,False,True,SCHEDULED
BLK01286,ENG1142,SEC047,Engineering,2025-10-24 06:00,2025-10-24 10:45,4.7,38.3,LOW,95.9,False,False,True,SCHEDULED
BLK00179,ENG1152,SEC007,Engineering,2025-09-26 06:00,2025-09-26 08:45,2.6,35.7,LOW,123.2,False,False,True,SCHEDULED
BLK00278,ENG1160,SEC011,Engineering,2025-01-05 06:00,2025-01-05 10:15,4.2,64.6,HIGH,203.3,False,False,True,SCHEDULED
BLK01823,ENG1165,SEC069,Engineering,2025-09-10 02:46,2025-09-10 06:01,3.1,21.4,LOW,62.0,False,False,True,SCHEDULED
BLK00947,ENG1176,SEC034,Engineering,2025-06-05 06:00,2025-06-05 17:45,11.7,63.9,HIGH,396.6,False,False,True,SCHEDULED
BLK00858,ENG1179,SEC031,Engineering,2025-06-21 06:00,2025-06-21 10:45,4.7,64.6,HIGH,190.4,False,False,True,SCHEDULED
BLK01314,ENG1183,SEC048,Engineering,2025-11-03 01:01,2025-11-03 06:01,4.9,40.5,MEDIUM,143.6,False,False,True,SCHEDULED
BLK01313,ENG1188,SEC048,Engineering,2025-10-29 13:15,2025-10-29 22:00,8.6,62.9,HIGH,252.0,False,False,True,SCHEDULED
BLK00570,ENG1191,SEC021,Engineering,2025-11-06 06:00,2025-11-06 12:45,6.6,97.74,CRITICAL,287.8,False,False,True,SCHEDULED
BLK01803,ENG1193,SEC068,Engineering,2025-09-02 06:00,2025-09-02 09:30,3.5,60.6,HIGH,107.1,False,False,True,SCHEDULED
BLK01160,ENG1196,SEC043,Engineering,2025-07-13 06:00,2025-07-13 13:00,7.0,61.75,HIGH,228.9,False,False,True,SCHEDULED
BLK01076,ENG1200,SEC040,Engineering,2025-06-08 06:00,2025-06-08 07:15,1.1,62.51,HIGH,26.6,False,False,True,SCHEDULED
BLK00279,ENG1204,SEC011,Engineering,2025-01-11 06:00,2025-01-11 09:45,3.7,84.4,CRITICAL,179.1,False,False,True,SCHEDULED
BLK00199,ENG1207,SEC008,Engineering,2025-04-04 06:00,2025-04-04 10:45,4.7,63.5,HIGH,213.8,False,False,True,SCHEDULED
BLK01015,ENG1209,SEC037,Engineering,2025-05-12 06:00,2025-05-12 10:15,4.2,40.13,MEDIUM,209.2,False,False,True,SCHEDULED
BLK00808,ENG1210,SEC030,Engineering,2025-02-12 06:00,2025-02-12 13:00,6.9,64.2,HIGH,282.2,False,False,True,SCHEDULED
BLK01504,ENG1216,SEC056,Engineering,2025-01-03 06:00,2025-01-03 07:15,1.2,95.2,CRITICAL,34.2,False,False,True,SCHEDULED
BLK01139,ENG1217,SEC042,Engineering,2025-09-15 04:16,2025-09-15 06:01,1.6,81.9,CRITICAL,46.6,False,False,True,SCHEDULED
BLK01937,ENG1219,SEC074,Engineering,2025-05-02 06:00,2025-05-02 11:00,4.8,80.91,CRITICAL,115.2,False,False,True,SCHEDULED
BLK00875,ENG1224,SEC031,Engineering,2025-12-05 06:00,2025-12-05 16:00,9.8,84.3,CRITICAL,396.9,False,False,True,SCHEDULED
BLK00587,ENG1225,SEC022,Engineering,2025-04-14 06:00,2025-04-14 12:30,6.4,97.31,CRITICAL,249.6,False,False,True,SCHEDULED
BLK00505,ENG1233,SEC019,Engineering,2025-05-15 06:00,2025-05-15 13:00,7.0,28.2,LOW,341.6,False,False,True,SCHEDULED
BLK01148,ENG1235,SEC043,Engineering,2025-02-06 06:00,2025-02-06 09:15,3.1,37.0,LOW,101.4,False,False,True,SCHEDULED
BLK00272,ENG1244,SEC010,Engineering,2025-09-03 06:00,2025-09-03 18:00,11.9,64.9,HIGH,556.9,False,False,True,SCHEDULED
BLK00204,ENG1248,SEC008,Engineering,2025-06-01 06:00,2025-06-01 15:15,9.2,65.52,HIGH,418.6,False,False,True,SCHEDULED
BLK01560,ENG1252,SEC058,Engineering,2025-03-01 06:00,2025-03-01 15:30,9.3,61.0,HIGH,253.9,False,False,True,SCHEDULED
BLK01786,ENG1253,SEC067,Engineering,2025-09-26 06:00,2025-09-26 14:00,7.9,23.8,LOW,203.8,False,False,True,SCHEDULED
BLK00353,ENG1258,SEC013,Engineering,2025-07-11 06:00,2025-07-11 09:45,3.6,98.3,CRITICAL,171.0,False,False,True,SCHEDULED
BLK01291,ENG1265,SEC047,Engineering,2025-12-19 06:00,2025-12-19 17:00,11.0,81.5,CRITICAL,224.4,False,False,True,SCHEDULED
BLK01658,ENG1267,SEC062,Engineering,2025-05-03 06:00,2025-05-03 17:30,11.5,62.2,HIGH,230.0,False,False,True,SCHEDULED
BLK01353,ENG1272,SEC050,Engineering,2025-06-14 06:00,2025-06-14 15:15,9.2,59.3,MEDIUM,184.0,False,False,True,SCHEDULED
BLK00145,ENG1274,SEC006,Engineering,2025-03-14 06:00,2025-03-14 17:00,10.8,98.5,CRITICAL,541.1,False,False,True,SCHEDULED
BLK00255,ENG1275,SEC010,Engineering,2025-02-26 06:00,2025-02-26 15:00,8.8,62.9,HIGH,411.8,False,False,True,SCHEDULED
BLK00091,ENG1279,SEC004,Engineering,2025-01-31 11:29,2025-01-31 18:14,6.7,83.69,CRITICAL,291.4,False,False,True,SCHEDULED
BLK00460,ENG1281,SEC017,Engineering,2025-04-15 06:00,2025-04-15 08:45,2.7,64.7,HIGH,103.7,False,False,True,SCHEDULED
BLK00357,ENG1283,SEC013,Engineering,2025-08-02 06:00,2025-08-02 08:30,2.4,43.88,MEDIUM,114.0,False,False,True,SCHEDULED
BLK01450,ENG1285,SEC054,Engineering,2025-02-19 06:00,2025-02-19 11:00,5.0,94.6,CRITICAL,113.5,False,False,True,SCHEDULED
BLK01531,ENG1287,SEC056,Engineering,2025-11-18 06:00,2025-11-18 13:45,7.6,61.0,HIGH,216.6,False,False,True,SCHEDULED
BLK01909,ENG1288,SEC073,Engineering,2025-04-06 06:00,2025-04-06 08:15,2.2,61.53,HIGH,45.8,False,False,True,SCHEDULED
BLK01553,ENG1303,SEC057,Engineering,2025-11-12 06:00,2025-11-12 17:15,11.1,63.7,HIGH,385.2,False,False,True,SCHEDULED
BLK00856,ENG1309,SEC031,Engineering,2025-06-13 06:00,2025-06-13 14:30,8.4,64.4,HIGH,340.2,False,False,True,SCHEDULED
BLK00172,ENG1310,SEC007,Engineering,2025-06-21 06:00,2025-06-21 12:30,6.5,84.9,CRITICAL,308.1,False,False,True,SCHEDULED
BLK01114,ENG1313,SEC041,Engineering,2025-08-25 06:00,2025-08-25 10:00,3.8,35.9,LOW,79.8,False,False,True,SCHEDULED
BLK01316,ENG1314,SEC049,Engineering,2025-01-13 06:00,2025-01-13 12:00,5.8,81.99,CRITICAL,190.8,False,False,True,SCHEDULED
BLK01429,ENG1315,SEC053,Engineering,2025-05-11 06:00,2025-05-11 07:15,1.2,62.44,HIGH,30.0,False,False,True,SCHEDULED
BLK01462,ENG1319,SEC054,Engineering,2025-07-20 06:00,2025-07-20 08:30,2.5,37.12,LOW,56.8,False,False,True,SCHEDULED
BLK01662,ENG1323,SEC062,Engineering,2025-06-12 06:00,2025-06-12 08:15,2.2,79.85,HIGH,44.0,False,False,True,SCHEDULED
BLK01668,ENG1324,SEC062,Engineering,2025-08-13 06:00,2025-08-13 09:30,3.4,24.57,LOW,68.0,False,False,True,SCHEDULED
BLK00198,ENG1329,SEC008,Engineering,2025-03-20 06:00,2025-03-20 08:00,1.8,64.25,HIGH,81.9,False,False,True,SCHEDULED
BLK00447,ENG1346,SEC016,Engineering,2025-10-06 06:00,2025-10-06 15:30,9.5,97.76,CRITICAL,402.8,False,False,True,SCHEDULED
BLK01395,ENG1350,SEC052,Engineering,2025-01-20 06:00,2025-01-20 14:15,8.2,60.72,HIGH,164.0,False,False,True,SCHEDULED
BLK00109,ENG1354,SEC004,Engineering,2025-10-18 06:00,2025-10-18 14:30,8.3,41.1,MEDIUM,361.0,False,False,True,SCHEDULED
BLK01136,ENG1358,SEC042,Engineering,2025-08-18 06:00,2025-08-18 10:00,4.0,95.5,CRITICAL,116.4,False,False,True,SCHEDULED
BLK00349,ENG1360,SEC013,Engineering,2025-06-02 06:00,2025-06-02 13:30,7.5,65.6,HIGH,356.2,False,False,True,SCHEDULED
BLK01868,ENG1361,SEC071,Engineering,2025-07-19 06:00,2025-07-19 15:00,8.8,80.19,CRITICAL,195.4,False,False,True,SCHEDULED
BLK00101,ENG1366,SEC004,Engineering,2025-06-06 06:00,2025-06-06 15:00,8.9,97.7,CRITICAL,387.2,False,False,True,SCHEDULED
BLK01907,ENG1377,SEC073,Engineering,2025-03-10 06:00,2025-03-10 16:00,10.0,60.1,HIGH,208.0,False,False,True,SCHEDULED
BLK01920,ENG1378,SEC073,Engineering,2025-09-04 06:00,2025-09-04 15:15,9.1,79.8,HIGH,189.3,False,False,True,SCHEDULED
BLK00170,ENG1382,SEC007,Engineering,2025-05-22 06:00,2025-05-22 13:00,6.9,84.9,CRITICAL,327.1,False,False,True,SCHEDULED
BLK00870,ENG1385,SEC031,Engineering,2025-11-06 06:00,2025-11-06 12:00,5.8,97.2,CRITICAL,234.9,False,False,True,SCHEDULED
BLK01921,ENG1388,SEC073,Engineering,2025-09-11 06:00,2025-09-11 09:00,2.8,94.7,CRITICAL,58.2,False,False,True,SCHEDULED
BLK00099,ENG1389,SEC004,Engineering,2025-03-22 06:00,2025-03-22 14:15,8.1,64.6,HIGH,352.3,False,False,True,SCHEDULED
BLK01365,ENG1399,SEC050,Engineering,2025-11-14 23:01,2025-11-15 06:01,7.0,60.8,HIGH,140.0,False,False,True,SCHEDULED
BLK01452,ENG1400,SEC054,Engineering,2025-02-26 06:00,2025-02-26 16:45,10.7,61.5,HIGH,242.9,False,False,True,SCHEDULED
BLK00463,ENG1404,SEC017,Engineering,2025-06-05 06:00,2025-06-05 12:00,6.0,64.9,HIGH,230.4,False,False,True,SCHEDULED
BLK01939,ENG1411,SEC074,Engineering,2025-05-05 06:00,2025-05-05 10:00,3.8,95.2,CRITICAL,91.2,False,False,True,SCHEDULED
BLK00402,ENG1415,SEC014,Engineering,2025-11-13 06:00,2025-11-13 07:30,1.4,63.41,HIGH,63.6,False,False,True,SCHEDULED
BLK00891,ENG1417,SEC032,Engineering,2025-07-07 06:00,2025-07-07 16:30,10.4,82.02,CRITICAL,363.0,False,False,True,SCHEDULED
BLK00803,ENG1418,SEC029,Engineering,2025-10-21 06:00,2025-10-21 17:15,11.1,63.59,HIGH,568.3,False,False,True,SCHEDULED
BLK00725,ENG1420,SEC027,Engineering,2025-03-22 06:00,2025-03-22 15:45,9.7,61.95,HIGH,346.3,False,False,True,SCHEDULED
BLK01618,ENG1423,SEC060,Engineering,2025-08-29 06:00,2025-08-29 11:00,5.0,41.6,MEDIUM,100.0,False,False,True,SCHEDULED
BLK00977,ENG1427,SEC035,Engineering,2025-11-08 22:46,2025-11-09 06:01,7.1,45.89,MEDIUM,342.2,False,False,True,SCHEDULED
BLK00501,ENG1433,SEC019,Engineering,2025-03-24 06:00,2025-03-24 13:00,6.8,65.74,HIGH,331.8,False,False,True,SCHEDULED
BLK01270,ENG1437,SEC047,Engineering,2025-02-16 06:00,2025-02-16 10:15,4.1,36.9,LOW,83.6,False,False,True,SCHEDULED
BLK00004,ENG1440,SEC001,Engineering,2025-04-03 06:00,2025-04-03 18:00,11.8,63.8,HIGH,502.7,False,False,True,SCHEDULED
BLK01739,ENG1442,SEC065,Engineering,2025-11-04 06:00,2025-11-04 09:15,3.2,82.3,CRITICAL,91.8,False,False,True,SCHEDULED
BLK01127,ENG1464,SEC042,Engineering,2025-03-04 06:00,2025-03-04 11:15,5.1,95.8,CRITICAL,148.4,False,False,True,SCHEDULED
BLK01723,ENG1470,SEC065,Engineering,2025-02-22 06:00,2025-02-22 07:30,1.4,96.1,CRITICAL,40.2,False,False,True,SCHEDULED
BLK01154,ENG1471,SEC043,Engineering,2025-05-19 06:00,2025-05-19 11:30,5.3,61.49,HIGH,173.3,False,False,True,SCHEDULED
BLK00967,ENG1473,SEC035,Engineering,2025-05-25 06:00,2025-05-25 16:15,10.1,84.29,CRITICAL,486.8,False,False,True,SCHEDULED
BLK00509,ENG1474,SEC019,Engineering,2025-07-12 06:00,2025-07-12 10:45,4.7,64.9,HIGH,229.4,False,False,True,SCHEDULED
BLK01335,ENG1475,SEC049,Engineering,2025-09-13 06:00,2025-09-13 08:45,2.6,30.2,LOW,85.5,False,False,True,SCHEDULED
BLK00169,ENG1498,SEC007,Engineering,2025-03-06 06:00,2025-03-06 10:00,4.0,64.9,HIGH,189.6,False,False,True,SCHEDULED
BLK01090,ENG1500,SEC040,Engineering,2025-09-24 06:00,2025-09-24 14:00,7.9,62.8,HIGH,191.2,False,False,True,SCHEDULED
BLK00471,ENG1505,SEC017,Engineering,2025-10-13 06:00,2025-10-13 14:30,8.5,62.5,HIGH,326.4,False,False,True,SCHEDULED
BLK01371,ENG1506,SEC051,Engineering,2025-03-06 06:00,2025-03-06 11:00,5.0,41.1,MEDIUM,129.0,False,False,True,SCHEDULED
BLK01198,ENG1510,SEC044,Engineering,2025-08-08 06:00,2025-08-08 07:30,1.3,38.54,LOW,45.1,False,False,True,SCHEDULED
BLK00843,ENG1512,SEC031,Engineering,2025-01-20 06:00,2025-01-20 17:30,11.5,61.9,HIGH,465.8,False,False,True,SCHEDULED
BLK01883,ENG1513,SEC072,Engineering,2025-01-25 06:00,2025-01-25 14:15,8.2,59.81,MEDIUM,196.8,False,False,True,SCHEDULED
BLK01188,ENG1517,SEC044,Engineering,2025-05-23 06:00,2025-05-23 17:15,11.2,82.56,CRITICAL,388.6,False,False,True,SCHEDULED
BLK00880,ENG1527,SEC032,Engineering,2025-01-21 06:00,2025-01-21 17:45,11.7,64.4,HIGH,408.3,False,False,True,SCHEDULED
BLK01107,ENG1532,SEC041,Engineering,2025-06-08 11:44,2025-06-08 18:59,7.2,80.0,CRITICAL,151.2,False,False,True,SCHEDULED
BLK01512,ENG1534,SEC056,Engineering,2025-02-23 06:00,2025-02-23 08:45,2.6,43.04,MEDIUM,74.1,False,False,True,SCHEDULED
BLK01124,ENG1535,SEC042,Engineering,2025-02-21 06:00,2025-02-21 16:45,10.7,36.0,LOW,311.4,False,False,True,SCHEDULED
BLK01678,ENG1545,SEC063,Engineering,2025-02-08 06:00,2025-02-08 17:30,11.5,36.37,LOW,233.4,False,False,True,SCHEDULED
BLK01460,ENG1551,SEC054,Engineering,2025-06-02 06:00,2025-06-02 14:45,8.7,80.7,CRITICAL,197.5,False,False,True,SCHEDULED
BLK00054,ENG1552,SEC002,Engineering,2025-10-25 06:00,2025-10-25 09:45,3.6,82.9,CRITICAL,122.8,False,False,True,SCHEDULED
BLK01784,ENG1557,SEC067,Engineering,2025-08-26 06:00,2025-08-26 10:15,4.1,81.9,CRITICAL,105.8,False,False,True,SCHEDULED
BLK01711,ENG1560,SEC064,Engineering,2025-06-24 06:00,2025-06-24 16:45,10.7,95.15,CRITICAL,262.2,False,False,True,SCHEDULED
BLK01881,ENG1562,SEC072,Engineering,2025-01-03 06:00,2025-01-03 17:15,11.2,38.7,LOW,268.8,False,False,True,SCHEDULED
BLK01869,ENG1573,SEC071,Engineering,2025-08-06 06:00,2025-08-06 12:00,5.8,62.3,HIGH,128.8,False,False,True,SCHEDULED
BLK00121,ENG1578,SEC005,Engineering,2025-04-14 06:00,2025-04-14 08:30,2.4,99.1,CRITICAL,126.7,False,False,True,SCHEDULED
BLK00755,ENG1588,SEC028,Engineering,2025-05-22 06:00,2025-05-22 17:00,11.0,39.7,LOW,570.9,False,False,True,SCHEDULED
BLK01716,ENG1592,SEC064,Engineering,2025-09-17 06:00,2025-09-17 14:30,8.4,40.9,MEDIUM,205.8,False,False,True,SCHEDULED
BLK00800,ENG1596,SEC029,Engineering,2025-09-21 14:45,2025-09-21 22:00,7.2,84.32,CRITICAL,368.6,False,False,True,SCHEDULED
BLK00224,ENG1598,SEC009,Engineering,2025-02-05 06:00,2025-02-05 14:00,7.8,41.1,MEDIUM,326.0,False,False,True,SCHEDULED
BLK00282,ENG1614,SEC011,Engineering,2025-02-28 06:00,2025-02-28 11:30,5.5,66.0,HIGH,266.2,False,False,True,SCHEDULED
BLK01082,ENG1615,SEC040,Engineering,2025-07-18 06:00,2025-07-18 16:30,10.5,38.4,LOW,254.1,False,False,True,SCHEDULED
BLK00956,ENG1617,SEC034,Engineering,2025-10-05 06:00,2025-10-05 13:15,7.2,42.11,MEDIUM,244.1,False,False,True,SCHEDULED
BLK01099,ENG1621,SEC041,Engineering,2025-01-19 06:00,2025-01-19 10:00,4.0,27.8,LOW,84.0,False,False,True,SCHEDULED
BLK00700,ENG1622,SEC026,Engineering,2025-05-25 06:00,2025-05-25 13:45,7.6,86.2,CRITICAL,392.2,False,False,True,SCHEDULED
BLK00050,ENG1625,SEC002,Engineering,2025-09-19 06:00,2025-09-19 15:00,8.9,96.16,CRITICAL,303.5,False,False,True,SCHEDULED
BLK01915,ENG1626,SEC073,Engineering,2025-06-16 06:00,2025-06-16 09:30,3.5,39.0,LOW,72.8,False,False,True,SCHEDULED
BLK00863,ENG1628,SEC031,Engineering,2025-08-23 06:00,2025-08-23 16:30,10.5,32.2,LOW,425.2,False,False,True,SCHEDULED
BLK01362,ENG1633,SEC050,Engineering,2025-10-03 06:00,2025-10-03 11:00,4.8,35.3,LOW,96.0,False,False,True,SCHEDULED
BLK00820,ENG1634,SEC030,Engineering,2025-05-28 06:00,2025-05-28 08:15,2.2,83.7,CRITICAL,90.0,False,False,True,SCHEDULED
BLK01046,ENG1636,SEC038,Engineering,2025-09-08 06:00,2025-09-08 09:15,3.1,83.5,CRITICAL,127.4,False,False,True,SCHEDULED
BLK00252,ENG1643,SEC010,Engineering,2025-02-09 21:59,2025-02-10 02:29,4.5,43.05,MEDIUM,210.6,False,False,True,SCHEDULED
BLK00729,ENG1645,SEC027,Engineering,2025-05-09 06:00,2025-05-09 12:15,6.1,96.5,CRITICAL,217.8,False,False,True,SCHEDULED
BLK01955,ENG1649,SEC075,Engineering,2025-01-16 06:00,2025-01-16 14:30,8.5,80.1,CRITICAL,170.0,False,False,True,SCHEDULED
BLK00991,ENG1664,SEC036,Engineering,2025-06-07 06:00,2025-06-07 13:30,7.4,65.2,HIGH,385.5,False,False,True,SCHEDULED
BLK01934,ENG1673,SEC074,Engineering,2025-03-24 06:00,2025-03-24 17:00,11.0,81.59,CRITICAL,264.0,False,False,True,SCHEDULED
BLK01863,ENG1677,SEC071,Engineering,2025-06-19 06:00,2025-06-19 16:30,10.5,81.6,CRITICAL,233.1,False,False,True,SCHEDULED
BLK00425,ENG1681,SEC015,Engineering,2025-10-03 06:00,2025-10-03 11:45,5.7,65.7,HIGH,256.5,False,False,True,SCHEDULED
BLK00617,ENG1682,SEC023,Engineering,2025-05-02 06:00,2025-05-02 08:00,1.8,45.4,MEDIUM,81.5,False,False,True,SCHEDULED
BLK01367,ENG1683,SEC051,Engineering,2025-01-23 06:00,2025-01-23 12:30,6.5,39.5,LOW,167.7,False,False,True,SCHEDULED
BLK01388,ENG1686,SEC051,Engineering,2025-11-15 06:00,2025-11-15 14:00,8.0,42.4,MEDIUM,206.4,False,False,True,SCHEDULED
BLK01891,ENG1687,SEC072,Engineering,2025-05-29 06:00,2025-05-29 15:45,9.7,94.8,CRITICAL,232.8,False,False,True,SCHEDULED
BLK00220,ENG1691,SEC008,Engineering,2025-11-10 06:00,2025-11-10 15:45,9.7,65.1,HIGH,441.4,False,False,True,SCHEDULED
BLK01002,ENG1693,SEC036,Engineering,2025-10-30 06:00,2025-10-30 15:00,8.8,43.96,MEDIUM,458.5,False,False,True,SCHEDULED
BLK00082,ENG1696,SEC003,Engineering,2025-09-20 06:00,2025-09-20 07:45,1.6,43.0,MEDIUM,78.7,False,False,True,SCHEDULED
BLK01057,ENG1703,SEC039,Engineering,2025-05-28 06:00,2025-05-28 14:00,7.8,28.09,LOW,280.0,False,False,True,SCHEDULED
BLK00330,ENG1715,SEC012,Engineering,2025-10-04 06:00,2025-10-04 10:45,4.7,97.9,CRITICAL,189.9,False,False,True,SCHEDULED
BLK00862,ENG1718,SEC031,Engineering,2025-08-12 06:00,2025-08-12 16:45,10.7,25.8,LOW,433.4,False,False,True,SCHEDULED
BLK00654,ENG1720,SEC024,Engineering,2025-08-13 06:00,2025-08-13 10:15,4.1,64.9,HIGH,169.3,False,False,True,SCHEDULED
BLK00457,ENG1735,SEC017,Engineering,2025-03-16 06:00,2025-03-16 12:30,6.4,42.5,MEDIUM,245.8,False,False,True,SCHEDULED
BLK00469,ENG1739,SEC017,Engineering,2025-09-24 06:00,2025-09-24 12:45,6.6,38.3,LOW,253.4,False,False,True,SCHEDULED
BLK00884,ENG1740,SEC032,Engineering,2025-03-08 06:00,2025-03-08 12:15,6.1,83.61,CRITICAL,212.9,False,False,True,SCHEDULED
BLK01025,ENG1752,SEC037,Engineering,2025-09-03 06:00,2025-09-03 07:15,1.1,64.6,HIGH,54.8,False,False,True,SCHEDULED
BLK00080,ENG1753,SEC003,Engineering,2025-09-06 06:00,2025-09-06 12:00,6.0,65.9,HIGH,295.2,False,False,True,SCHEDULED
BLK01697,ENG1759,SEC063,Engineering,2025-09-17 06:00,2025-09-17 14:00,7.9,61.43,HIGH,160.4,False,False,True,SCHEDULED
BLK00832,ENG1763,SEC030,Engineering,2025-09-26 06:00,2025-09-26 08:00,1.9,27.6,LOW,77.7,False,False,True,SCHEDULED
BLK01416,ENG1767,SEC052,Engineering,2025-09-16 06:00,2025-09-16 12:15,6.2,60.8,HIGH,124.0,False,False,True,SCHEDULED
BLK01694,ENG1770,SEC063,Engineering,2025-08-26 06:00,2025-08-26 14:45,8.6,62.2,HIGH,174.6,False,False,True,SCHEDULED
BLK01033,ENG1771,SEC038,Engineering,2025-01-21 04:15,2025-01-21 16:00,11.6,44.93,MEDIUM,476.8,False,False,True,SCHEDULED
BLK00816,ENG1772,SEC030,Engineering,2025-05-04 06:00,2025-05-04 09:45,3.7,23.9,LOW,151.3,False,False,True,SCHEDULED
BLK00775,ENG1778,SEC029,Engineering,2025-01-25 06:00,2025-01-25 13:00,6.9,99.1,CRITICAL,353.3,False,False,True,SCHEDULED
BLK01755,ENG1783,SEC066,Engineering,2025-07-14 06:00,2025-07-14 07:15,1.2,61.9,HIGH,32.4,False,False,True,SCHEDULED
BLK00536,ENG1792,SEC020,Engineering,2025-08-11 06:00,2025-08-11 11:15,5.2,83.67,CRITICAL,199.7,False,False,True,SCHEDULED
BLK01685,ENG1798,SEC063,Engineering,2025-03-29 06:00,2025-03-29 09:15,3.1,81.5,CRITICAL,62.9,False,False,True,SCHEDULED
BLK01549,ENG1804,SEC057,Engineering,2025-09-01 06:00,2025-09-01 08:45,2.7,63.58,HIGH,93.7,False,False,True,SCHEDULED
BLK01275,ENG1813,SEC047,Engineering,2025-06-13 06:00,2025-06-13 12:45,6.7,62.2,HIGH,136.7,False,False,True,SCHEDULED
BLK01206,ENG1818,SEC044,Engineering,2025-09-30 06:00,2025-09-30 12:00,5.8,82.54,CRITICAL,201.3,False,False,True,SCHEDULED
BLK01783,ENG1824,SEC067,Engineering,2025-08-09 19:01,2025-08-10 06:01,11.0,81.0,CRITICAL,283.8,False,False,True,SCHEDULED
BLK00344,ENG1828,SEC013,Engineering,2025-05-12 06:00,2025-05-12 11:30,5.4,84.7,CRITICAL,256.5,False,False,True,SCHEDULED
BLK00528,ENG1832,SEC020,Engineering,2025-03-20 17:46,2025-03-21 01:01,7.2,63.1,HIGH,276.5,False,False,True,SCHEDULED
BLK00390,ENG1838,SEC014,Engineering,2025-08-15 06:00,2025-08-15 14:00,7.8,40.9,MEDIUM,354.1,False,False,True,SCHEDULED
BLK01928,ENG1849,SEC073,Engineering,2025-12-08 06:00,2025-12-08 09:45,3.6,94.3,CRITICAL,74.9,False,False,True,SCHEDULED
BLK00594,ENG1853,SEC022,Engineering,2025-07-10 06:00,2025-07-10 08:30,2.5,26.5,LOW,97.5,False,False,True,SCHEDULED
BLK01960,ENG1862,SEC075,Engineering,2025-03-19 06:00,2025-03-19 10:30,4.5,80.1,CRITICAL,90.0,False,False,True,SCHEDULED
BLK01048,ENG1871,SEC038,Engineering,2025-10-04 06:00,2025-10-04 15:00,8.8,44.5,MEDIUM,361.7,False,False,True,SCHEDULED
BLK01515,ENG1873,SEC056,Engineering,2025-03-06 06:00,2025-03-06 18:00,11.9,62.6,HIGH,339.2,False,False,True,SCHEDULED
BLK01240,ENG1879,SEC046,Engineering,2025-02-14 06:00,2025-02-14 14:45,8.6,81.2,CRITICAL,232.2,False,False,True,SCHEDULED
BLK01781,ENG1881,SEC067,Engineering,2025-07-02 06:00,2025-07-02 16:30,10.5,42.83,MEDIUM,270.9,False,False,True,SCHEDULED
BLK00500,ENG1884,SEC019,Engineering,2025-02-19 06:00,2025-02-19 13:00,6.9,31.3,LOW,336.7,False,False,True,SCHEDULED
BLK00019,ENG1887,SEC001,Engineering,2025-09-12 06:00,2025-09-12 16:45,10.7,40.82,MEDIUM,455.8,False,False,True,SCHEDULED
BLK00164,ENG1890,SEC006,Engineering,2025-11-10 06:00,2025-11-10 08:30,2.5,85.7,CRITICAL,125.2,False,False,True,SCHEDULED
BLK01465,ENG1894,SEC054,Engineering,2025-09-08 06:00,2025-09-08 11:00,4.9,61.9,HIGH,111.2,False,False,True,SCHEDULED
BLK00291,ENG1898,SEC011,Engineering,2025-05-28 06:00,2025-05-28 07:45,1.7,85.56,CRITICAL,82.3,False,False,True,SCHEDULED
BLK01244,ENG1899,SEC046,Engineering,2025-03-31 06:00,2025-03-31 12:00,5.8,60.28,HIGH,156.6,False,False,True,SCHEDULED
BLK01056,ENG1900,SEC039,Engineering,2025-05-25 06:00,2025-05-25 14:30,8.3,38.2,LOW,298.0,False,False,True,SCHEDULED
BLK00840,ENG1903,SEC030,Engineering,2025-11-25 06:00,2025-11-25 09:30,3.4,82.8,CRITICAL,139.1,False,False,True,SCHEDULED
BLK00958,ENG1906,SEC034,Engineering,2025-11-08 06:00,2025-11-08 11:00,4.8,62.7,HIGH,162.7,False,False,True,SCHEDULED
BLK00238,ENG1911,SEC009,Engineering,2025-07-25 06:00,2025-07-25 16:00,9.9,41.69,MEDIUM,413.8,False,False,True,SCHEDULED
BLK00928,ENG1925,SEC033,Engineering,2025-10-02 06:00,2025-10-02 07:45,1.6,84.7,CRITICAL,78.7,False,False,True,SCHEDULED
BLK00339,ENG1927,SEC013,Engineering,2025-02-18 06:00,2025-02-18 07:45,1.7,63.8,HIGH,80.8,False,False,True,SCHEDULED
BLK01467,ENG1938,SEC054,Engineering,2025-09-24 06:00,2025-09-24 17:45,11.7,37.34,LOW,265.6,False,False,True,SCHEDULED
BLK01377,ENG1944,SEC051,Engineering,2025-05-25 06:00,2025-05-25 08:30,2.4,41.09,MEDIUM,61.9,False,False,True,SCHEDULED
BLK00849,ENG1947,SEC031,Engineering,2025-04-04 09:29,2025-04-04 13:59,4.3,83.9,CRITICAL,174.2,False,False,True,SCHEDULED
BLK00443,ENG1948,SEC016,Engineering,2025-07-22 18:46,2025-07-23 06:01,11.2,64.42,HIGH,474.9,False,False,True,SCHEDULED
BLK01511,ENG1952,SEC056,Engineering,2025-02-21 06:00,2025-02-21 09:45,3.7,61.9,HIGH,105.4,False,False,True,SCHEDULED
BLK00153,ENG1969,SEC006,Engineering,2025-06-18 06:00,2025-06-18 13:45,7.6,66.9,HIGH,380.8,False,False,True,SCHEDULED
BLK00715,ENG1973,SEC026,Engineering,2025-11-23 06:00,2025-11-23 11:00,4.8,98.7,CRITICAL,247.7,False,False,True,SCHEDULED
BLK00652,ENG1975,SEC024,Engineering,2025-07-24 06:00,2025-07-24 07:00,1.0,32.1,LOW,41.3,False,False,True,SCHEDULED
BLK00368,ENG1983,SEC013,Engineering,2025-11-07 06:00,2025-11-07 14:00,8.0,84.66,CRITICAL,380.0,False,False,True,SCHEDULED
BLK00668,ENG1985,SEC025,Engineering,2025-01-19 10:59,2025-01-19 21:59,10.9,63.1,HIGH,525.4,False,False,True,SCHEDULED
BLK01636,ENG1986,SEC061,Engineering,2025-04-12 06:00,2025-04-12 16:45,10.6,94.5,CRITICAL,218.4,False,False,True,SCHEDULED
BLK01497,ENG1997,SEC055,Engineering,2025-09-24 06:00,2025-09-24 15:45,9.7,30.0,LOW,204.7,False,False,True,SCHEDULED
BLK00683,ENG1999,SEC025,Engineering,2025-09-15 06:00,2025-09-15 08:00,2.0,85.5,CRITICAL,96.4,False,False,True,SCHEDULED
BLK01940,ENG2000,SEC074,Engineering,2025-05-11 06:00,2025-05-11 16:30,10.3,60.3,HIGH,247.2,False,False,True,SCHEDULED
BLK01192,ENG2020,SEC044,Engineering,2025-06-27 06:00,2025-06-27 09:15,3.2,96.8,CRITICAL,111.0,False,False,True,SCHEDULED
BLK01276,ENG2023,SEC047,Engineering,2025-06-16 06:00,2025-06-16 13:45,7.7,42.08,MEDIUM,157.1,False,False,True,SCHEDULED
BLK01022,ENG2024,SEC037,Engineering,2025-08-13 06:00,2025-08-13 09:45,3.6,43.8,MEDIUM,179.3,False,False,True,SCHEDULED
BLK01758,ENG2028,SEC066,Engineering,2025-09-10 06:00,2025-09-10 12:15,6.2,25.1,LOW,167.4,False,False,True,SCHEDULED
BLK01238,ENG2037,SEC046,Engineering,2025-01-20 06:00,2025-01-20 11:15,5.1,38.3,LOW,137.7,False,False,True,SCHEDULED
BLK01289,ENG2045,SEC047,Engineering,2025-11-24 06:00,2025-11-24 11:00,5.0,62.0,HIGH,102.0,False,False,True,SCHEDULED
BLK01386,ENG2046,SEC051,Engineering,2025-10-19 06:00,2025-10-19 13:15,7.2,37.99,LOW,185.8,False,False,True,SCHEDULED
BLK01468,ENG2056,SEC054,Engineering,2025-09-28 06:00,2025-09-28 10:30,4.5,94.89,CRITICAL,102.1,False,False,True,SCHEDULED
BLK01721,ENG2062,SEC064,Engineering,2025-11-01 06:00,2025-11-01 12:30,6.3,41.8,MEDIUM,154.4,False,False,True,SCHEDULED
BLK01466,ENG2068,SEC054,Engineering,2025-09-23 06:00,2025-09-23 12:30,6.4,60.2,HIGH,145.3,False,False,True,SCHEDULED
BLK01478,ENG2081,SEC055,Engineering,2025-02-21 06:00,2025-02-21 09:30,3.3,94.3,CRITICAL,69.6,False,False,True,SCHEDULED
BLK00740,ENG2088,SEC027,Engineering,2025-09-08 06:00,2025-09-08 14:30,8.5,83.59,CRITICAL,303.4,False,False,True,SCHEDULED
BLK01168,ENG2090,SEC043,Engineering,2025-09-27 06:00,2025-09-27 10:00,3.9,62.16,HIGH,127.5,False,False,True,SCHEDULED
BLK01324,ENG2100,SEC049,Engineering,2025-06-08 09:44,2025-06-08 11:14,1.4,61.9,HIGH,46.1,False,False,True,SCHEDULED
BLK01069,ENG2105,SEC040,Engineering,2025-01-30 06:00,2025-01-30 10:15,4.1,80.5,CRITICAL,99.2,False,False,True,SCHEDULED
BLK00516,ENG2110,SEC019,Engineering,2025-09-13 06:00,2025-09-13 16:15,10.1,45.82,MEDIUM,492.9,False,False,True,SCHEDULED
BLK01398,ENG2123,SEC052,Engineering,2025-02-22 06:00,2025-02-22 08:00,1.8,42.5,MEDIUM,36.0,False,False,True,SCHEDULED
BLK01334,ENG2129,SEC049,Engineering,2025-08-28 06:00,2025-08-28 11:45,5.6,82.83,CRITICAL,184.2,False,False,True,SCHEDULED
BLK00557,ENG2135,SEC021,Engineering,2025-05-03 06:00,2025-05-03 13:00,6.8,64.8,HIGH,296.5,False,False,True,SCHEDULED
BLK01980,ENG2136,SEC075,Engineering,2025-10-04 06:00,2025-10-04 16:30,10.3,37.3,LOW,206.0,False,False,True,SCHEDULED
BLK00174,ENG2137,SEC007,Engineering,2025-06-27 06:00,2025-06-27 14:45,8.7,84.9,CRITICAL,412.4,False,False,True,SCHEDULED
BLK01746,ENG2139,SEC066,Engineering,2025-03-19 06:00,2025-03-19 17:30,11.4,95.27,CRITICAL,307.8,False,False,True,SCHEDULED
BLK00337,ENG2153,SEC013,Engineering,2025-01-27 06:00,2025-01-27 10:30,4.4,28.7,LOW,209.0,False,False,True,SCHEDULED
BLK00124,ENG2158,SEC005,Engineering,2025-06-09 06:00,2025-06-09 14:00,7.8,66.23,HIGH,411.8,False,False,True,SCHEDULED
BLK01675,ENG2162,SEC062,Engineering,2025-10-31 06:00,2025-10-31 10:45,4.6,81.2,CRITICAL,92.0,False,False,True,SCHEDULED
BLK00254,ENG2163,SEC010,Engineering,2025-02-22 06:00,2025-02-22 12:45,6.6,63.3,HIGH,308.9,False,False,True,SCHEDULED
BLK01201,ENG2170,SEC044,Engineering,2025-09-07 06:00,2025-09-07 13:00,6.9,37.8,LOW,239.4,False,False,True,SCHEDULED
BLK01725,ENG2177,SEC065,Engineering,2025-03-12 06:00,2025-03-12 12:45,6.6,40.9,MEDIUM,189.4,False,False,True,SCHEDULED
BLK00214,ENG2178,SEC008,Engineering,2025-08-23 06:00,2025-08-23 15:30,9.3,62.9,HIGH,423.2,False,False,True,SCHEDULED
BLK00493,ENG2182,SEC018,Engineering,2025-12-01 06:00,2025-12-01 09:45,3.7,98.1,CRITICAL,153.9,False,False,True,SCHEDULED
BLK01194,ENG2189,SEC044,Engineering,2025-07-12 06:00,2025-07-12 07:30,1.4,62.6,HIGH,48.6,False,False,True,SCHEDULED
BLK01003,ENG2190,SEC036,Engineering,2025-11-18 06:00,2025-11-18 09:15,3.1,86.24,CRITICAL,161.5,False,False,True,SCHEDULED
BLK00305,ENG2192,SEC011,Engineering,2025-10-03 06:00,2025-10-03 12:15,6.2,45.67,MEDIUM,300.1,False,False,True,SCHEDULED
BLK00193,ENG2194,SEC008,Engineering,2025-02-07 06:00,2025-02-07 14:30,8.4,97.99,CRITICAL,382.2,False,False,True,SCHEDULED
BLK00788,ENG2195,SEC029,Engineering,2025-05-27 06:00,2025-05-27 09:15,3.1,63.7,HIGH,158.7,False,False,True,SCHEDULED
BLK01946,ENG2196,SEC074,Engineering,2025-09-20 06:00,2025-09-20 10:45,4.6,36.8,LOW,110.4,False,False,True,SCHEDULED
BLK00240,ENG2203,SEC009,Engineering,2025-09-04 06:00,2025-09-04 09:15,3.1,83.8,CRITICAL,129.6,False,False,True,SCHEDULED
BLK01482,ENG2213,SEC055,Engineering,2025-03-03 06:00,2025-03-03 09:00,2.9,59.4,MEDIUM,61.2,False,False,True,SCHEDULED
BLK01641,ENG2223,SEC061,Engineering,2025-08-13 06:00,2025-08-13 17:00,10.9,41.0,MEDIUM,224.5,False,False,True,SCHEDULED
BLK00280,ENG2236,SEC011,Engineering,2025-01-27 06:00,2025-01-27 12:45,6.6,44.0,MEDIUM,319.4,False,False,True,SCHEDULED
BLK01559,ENG2244,SEC058,Engineering,2025-02-25 10:30,2025-02-25 22:30,12.0,63.0,HIGH,327.6,False,False,True,SCHEDULED
BLK01349,ENG2250,SEC050,Engineering,2025-05-06 06:00,2025-05-06 13:30,7.5,38.03,LOW,150.0,False,False,True,SCHEDULED
BLK01643,ENG2253,SEC061,Engineering,2025-09-14 06:00,2025-09-14 16:00,9.8,37.11,LOW,201.9,False,False,True,SCHEDULED
BLK00489,ENG2271,SEC018,Engineering,2025-08-31 06:00,2025-08-31 15:45,9.6,97.85,CRITICAL,399.4,False,False,True,SCHEDULED
BLK00245,ENG2272,SEC009,Engineering,2025-10-18 06:00,2025-10-18 07:30,1.5,84.7,CRITICAL,62.7,False,False,True,SCHEDULED
BLK01692,ENG2274,SEC063,Engineering,2025-07-29 06:00,2025-07-29 11:15,5.1,36.96,LOW,103.5,False,False,True,SCHEDULED
BLK00073,ENG2277,SEC003,Engineering,2025-06-26 06:00,2025-06-26 15:45,9.6,64.8,HIGH,472.3,False,False,True,SCHEDULED
BLK01548,ENG2278,SEC057,Engineering,2025-08-30 06:00,2025-08-30 11:30,5.5,96.1,CRITICAL,190.8,False,False,True,SCHEDULED
BLK00364,ENG2281,SEC013,Engineering,2025-10-02 06:00,2025-10-02 14:45,8.7,98.3,CRITICAL,413.2,False,False,True,SCHEDULED
BLK01338,ENG2285,SEC049,Engineering,2025-10-07 06:00,2025-10-07 09:30,3.4,96.1,CRITICAL,111.9,False,False,True,SCHEDULED
BLK00754,ENG2299,SEC028,Engineering,2025-05-20 06:00,2025-05-20 13:30,7.5,34.4,LOW,389.2,False,False,True,SCHEDULED
BLK00909,ENG2301,SEC033,Engineering,2025-03-20 06:00,2025-03-20 08:30,2.4,63.4,HIGH,118.1,False,False,True,SCHEDULED
BLK00535,ENG2302,SEC020,Engineering,2025-07-14 06:00,2025-07-14 07:15,1.1,42.44,MEDIUM,42.2,False,False,True,SCHEDULED
BLK01166,ENG2311,SEC043,Engineering,2025-08-03 06:00,2025-08-03 09:00,2.9,39.0,LOW,94.8,False,False,True,SCHEDULED
BLK00899,ENG2318,SEC032,Engineering,2025-10-07 06:00,2025-10-07 11:00,4.9,36.9,LOW,171.0,False,False,True,SCHEDULED
BLK01494,ENG2319,SEC055,Engineering,2025-08-22 06:00,2025-08-22 08:15,2.2,60.3,HIGH,46.4,False,False,True,SCHEDULED
BLK01952,ENG2320,SEC074,Engineering,2025-12-18 06:00,2025-12-18 11:00,4.9,42.73,MEDIUM,117.6,False,False,True,SCHEDULED
BLK00793,ENG2321,SEC029,Engineering,2025-07-03 06:00,2025-07-03 12:00,5.8,42.5,MEDIUM,297.0,False,False,True,SCHEDULED
BLK01717,ENG2331,SEC064,Engineering,2025-10-01 06:00,2025-10-01 15:30,9.4,40.5,MEDIUM,230.3,False,False,True,SCHEDULED
BLK00117,ENG2332,SEC004,Engineering,2025-12-16 06:00,2025-12-16 08:30,2.4,62.6,HIGH,104.4,False,False,True,SCHEDULED
BLK01297,ENG2339,SEC048,Engineering,2025-04-08 06:00,2025-04-08 13:30,7.4,82.6,CRITICAL,216.8,False,False,True,SCHEDULED
BLK00864,ENG2350,SEC031,Engineering,2025-08-24 06:00,2025-08-24 10:15,4.1,83.6,CRITICAL,166.0,False,False,True,SCHEDULED
BLK00242,ENG2352,SEC009,Engineering,2025-09-13 06:00,2025-09-13 13:15,7.2,25.3,LOW,301.0,False,False,True,SCHEDULED
BLK00523,ENG2358,SEC019,Engineering,2025-11-23 06:00,2025-11-23 07:30,1.3,84.0,CRITICAL,63.4,False,False,True,SCHEDULED
BLK01343,ENG2364,SEC050,Engineering,2025-01-04 06:00,2025-01-04 11:00,4.9,81.4,CRITICAL,98.0,False,False,True,SCHEDULED
BLK00350,ENG2365,SEC013,Engineering,2025-06-03 06:00,2025-06-03 10:00,3.8,63.2,HIGH,180.5,False,False,True,SCHEDULED
BLK00051,ENG2366,SEC002,Engineering,2025-10-05 06:00,2025-10-05 11:45,5.7,61.4,HIGH,194.4,False,False,True,SCHEDULED
BLK01843,ENG2370,SEC070,Engineering,2025-09-08 06:00,2025-09-08 17:30,11.4,80.11,CRITICAL,259.9,False,False,True,SCHEDULED
BLK00295,ENG2372,SEC011,Engineering,2025-06-22 06:00,2025-06-22 17:00,10.8,65.1,HIGH,522.7,False,False,True,SCHEDULED
BLK01319,ENG2374,SEC049,Engineering,2025-02-17 06:00,2025-02-17 13:30,7.5,28.29,LOW,246.8,False,False,True,SCHEDULED
BLK01918,ENG2377,SEC073,Engineering,2025-08-13 06:00,2025-08-13 11:00,4.9,61.0,HIGH,101.9,False,False,True,SCHEDULED
BLK00430,ENG2380,SEC015,Engineering,2025-11-03 06:00,2025-11-03 12:45,6.7,83.6,CRITICAL,301.5,False,False,True,SCHEDULED
BLK00667,ENG2387,SEC024,Engineering,2025-12-20 06:00,2025-12-20 15:30,9.4,83.3,CRITICAL,388.2,False,False,True,SCHEDULED
BLK00669,ENG2388,SEC025,Engineering,2025-03-06 06:00,2025-03-06 14:00,7.8,65.5,HIGH,376.0,False,False,True,SCHEDULED
BLK01242,ENG2391,SEC046,Engineering,2025-03-16 06:00,2025-03-16 14:00,8.0,61.9,HIGH,216.0,False,False,True,SCHEDULED
BLK01787,ENG2398,SEC067,Engineering,2025-11-01 06:00,2025-11-01 08:30,2.4,95.5,CRITICAL,61.9,False,False,True,SCHEDULED
BLK01673,ENG2403,SEC062,Engineering,2025-09-27 06:00,2025-09-27 09:15,3.1,81.4,CRITICAL,62.0,False,False,True,SCHEDULED
BLK00078,ENG2404,SEC003,Engineering,2025-08-14 19:31,2025-08-15 06:01,10.4,84.9,CRITICAL,511.7,False,False,True,SCHEDULED
BLK00620,ENG2405,SEC023,Engineering,2025-06-21 06:00,2025-06-21 16:15,10.2,83.5,CRITICAL,462.1,False,False,True,SCHEDULED
BLK01833,ENG2411,SEC070,Engineering,2025-03-25 06:00,2025-03-25 14:30,8.3,81.0,CRITICAL,189.2,False,False,True,SCHEDULED
BLK00503,ENG2414,SEC019,Engineering,2025-05-05 06:00,2025-05-05 11:45,5.6,85.16,CRITICAL,273.3,False,False,True,SCHEDULED
BLK01028,ENG2415,SEC037,Engineering,2025-10-08 06:00,2025-10-08 16:15,10.2,34.3,LOW,508.0,False,False,True,SCHEDULED
BLK00512,ENG2428,SEC019,Engineering,2025-08-03 06:00,2025-08-03 08:00,1.8,45.9,MEDIUM,87.8,False,False,True,SCHEDULED
BLK01596,ENG2439,SEC059,Engineering,2025-06-26 06:00,2025-06-26 07:30,1.5,40.7,MEDIUM,30.2,False,False,True,SCHEDULED
BLK00537,ENG2440,SEC020,Engineering,2025-08-12 06:00,2025-08-12 12:30,6.3,64.6,HIGH,241.9,False,False,True,SCHEDULED
BLK00213,ENG2444,SEC008,Engineering,2025-08-19 06:00,2025-08-19 17:15,11.2,84.2,CRITICAL,509.6,False,False,True,SCHEDULED
BLK01819,ENG2450,SEC069,Engineering,2025-05-24 06:00,2025-05-24 16:15,10.1,29.8,LOW,202.0,False,False,True,SCHEDULED
BLK00628,ENG2451,SEC023,Engineering,2025-08-27 06:00,2025-08-27 12:30,6.4,40.5,MEDIUM,289.9,False,False,True,SCHEDULED
BLK00749,ENG2463,SEC028,Engineering,2025-03-22 06:00,2025-03-22 10:30,4.4,66.5,HIGH,228.4,False,False,True,SCHEDULED
BLK00773,ENG2470,SEC028,Engineering,2025-11-02 06:00,2025-11-02 07:30,1.3,84.9,CRITICAL,67.5,False,False,True,SCHEDULED
BLK01394,ENG2471,SEC052,Engineering,2025-01-17 06:00,2025-01-17 16:15,10.2,80.96,CRITICAL,204.0,False,False,True,SCHEDULED
BLK00762,ENG2477,SEC028,Engineering,2025-07-23 06:00,2025-07-23 09:30,3.4,44.99,MEDIUM,176.5,False,False,True,SCHEDULED
BLK00196,ENG2482,SEC008,Engineering,2025-03-02 06:00,2025-03-02 11:30,5.3,63.8,HIGH,241.2,False,False,True,SCHEDULED
BLK00359,ENG2486,SEC013,Engineering,2025-08-23 06:00,2025-08-23 07:30,1.3,63.71,HIGH,61.8,False,False,True,SCHEDULED
BLK00710,ENG2487,SEC026,Engineering,2025-10-11 06:00,2025-10-11 13:15,7.2,65.44,HIGH,371.5,False,False,True,SCHEDULED
BLK00598,ENG2490,SEC022,Engineering,2025-08-05 06:00,2025-08-05 12:45,6.6,63.0,HIGH,257.4,False,False,True,SCHEDULED
BLK00449,ENG2494,SEC016,Engineering,2025-10-17 06:00,2025-10-17 15:30,9.4,62.6,HIGH,398.6,False,False,True,SCHEDULED
BLK01447,ENG2499,SEC054,Engineering,2025-01-09 06:00,2025-01-09 14:00,7.9,61.41,HIGH,179.3,False,False,True,SCHEDULED
BLK00894,ENG2503,SEC032,Engineering,2025-08-23 09:59,2025-08-23 21:14,11.2,62.4,HIGH,390.9,False,False,True,SCHEDULED
BLK01018,ENG2506,SEC037,Engineering,2025-06-26 06:00,2025-06-26 10:00,3.8,44.5,MEDIUM,189.2,False,False,True,SCHEDULED
BLK01438,ENG2510,SEC053,Engineering,2025-09-02 06:00,2025-09-02 15:30,9.4,62.2,HIGH,235.0,False,False,True,SCHEDULED
BLK01977,ENG2511,SEC075,Engineering,2025-09-24 06:00,2025-09-24 13:15,7.1,38.96,LOW,142.0,False,False,True,SCHEDULED
BLK00712,ENG2515,SEC026,Engineering,2025-10-25 06:00,2025-10-25 09:30,3.5,86.0,CRITICAL,180.6,False,False,True,SCHEDULED
BLK00086,ENG2520,SEC003,Engineering,2025-11-26 06:00,2025-11-26 11:45,5.6,85.07,CRITICAL,275.5,False,False,True,SCHEDULED
BLK01827,ENG2522,SEC070,Engineering,2025-01-14 06:00,2025-01-14 11:30,5.4,94.6,CRITICAL,123.1,False,False,True,SCHEDULED
BLK00714,ENG2528,SEC026,Engineering,2025-11-12 06:00,2025-11-12 16:00,9.9,99.59,CRITICAL,510.8,False,False,True,SCHEDULED
BLK00707,ENG2541,SEC026,Engineering,2025-08-22 06:00,2025-08-22 12:45,6.7,85.12,CRITICAL,345.7,False,False,True,SCHEDULED
BLK00450,ENG2543,SEC016,Engineering,2025-10-19 06:00,2025-10-19 16:30,10.3,45.26,MEDIUM,436.7,False,False,True,SCHEDULED
BLK01050,ENG2545,SEC038,Engineering,2025-11-12 06:00,2025-11-12 12:15,6.2,64.0,HIGH,254.8,False,False,True,SCHEDULED
BLK01444,ENG2547,SEC053,Engineering,2025-11-09 06:00,2025-11-09 11:00,4.9,80.6,CRITICAL,122.5,False,False,True,SCHEDULED
BLK01403,ENG2551,SEC052,Engineering,2025-05-06 06:00,2025-05-06 15:30,9.3,80.1,CRITICAL,186.0,False,False,True,SCHEDULED
BLK01722,ENG2554,SEC065,Engineering,2025-01-16 06:00,2025-01-16 13:30,7.5,60.1,HIGH,215.2,False,False,True,SCHEDULED
BLK00618,ENG2555,SEC023,Engineering,2025-05-07 06:00,2025-05-07 08:45,2.7,64.58,HIGH,122.3,False,False,True,SCHEDULED
BLK00288,ENG2556,SEC011,Engineering,2025-05-08 06:00,2025-05-08 12:00,5.9,31.4,LOW,285.6,False,False,True,SCHEDULED
BLK01589,ENG2577,SEC059,Engineering,2025-03-17 06:00,2025-03-17 17:00,11.0,81.2,CRITICAL,221.1,False,False,True,SCHEDULED
BLK00060,ENG2588,SEC003,Engineering,2025-03-14 06:00,2025-03-14 14:15,8.2,42.4,MEDIUM,403.4,False,False,True,SCHEDULED
BLK00771,ENG2592,SEC028,Engineering,2025-10-01 06:00,2025-10-01 11:00,4.8,64.3,HIGH,249.1,False,False,True,SCHEDULED
BLK01439,ENG2601,SEC053,Engineering,2025-09-06 06:00,2025-09-06 13:45,7.7,41.6,MEDIUM,192.5,False,False,True,SCHEDULED
BLK00996,ENG2606,SEC036,Engineering,2025-07-26 06:00,2025-07-26 07:30,1.5,66.8,HIGH,78.2,False,False,True,SCHEDULED
BLK01690,ENG2607,SEC063,Engineering,2025-07-05 11:14,2025-07-05 20:14,9.0,58.9,MEDIUM,182.7,False,False,True,SCHEDULED
BLK01157,ENG2615,SEC043,Engineering,2025-06-29 06:00,2025-06-29 11:30,5.4,95.93,CRITICAL,176.6,False,False,True,SCHEDULED
BLK01726,ENG2616,SEC065,Engineering,2025-03-20 06:00,2025-03-20 16:45,10.7,95.87,CRITICAL,307.1,False,False,True,SCHEDULED
BLK00089,ENG2617,SEC004,Engineering,2025-01-17 06:00,2025-01-17 15:00,8.9,44.9,MEDIUM,387.2,False,False,True,SCHEDULED
BLK00182,ENG2620,SEC007,Engineering,2025-11-13 06:00,2025-11-13 09:00,3.0,98.02,CRITICAL,142.2,False,False,True,SCHEDULED
BLK00791,ENG2623,SEC029,Engineering,2025-06-09 06:00,2025-06-09 16:15,10.2,42.9,MEDIUM,522.2,False,False,True,SCHEDULED
BLK00100,ENG2624,SEC004,Engineering,2025-05-25 06:00,2025-05-25 11:15,5.1,64.98,HIGH,221.8,False,False,True,SCHEDULED
BLK00999,ENG2629,SEC036,Engineering,2025-08-18 06:00,2025-08-18 16:30,10.4,42.4,MEDIUM,541.8,False,False,True,SCHEDULED
BLK01274,ENG2642,SEC047,Engineering,2025-05-17 06:00,2025-05-17 15:15,9.1,94.9,CRITICAL,185.6,False,False,True,SCHEDULED
BLK01325,ENG2643,SEC049,Engineering,2025-07-11 06:00,2025-07-11 09:45,3.6,40.2,MEDIUM,118.4,False,False,True,SCHEDULED
BLK01982,ENG2644,SEC075,Engineering,2025-10-06 06:00,2025-10-06 15:45,9.6,36.0,LOW,192.0,False,False,True,SCHEDULED
BLK00949,ENG2646,SEC034,Engineering,2025-06-25 06:00,2025-06-25 10:00,3.9,40.3,MEDIUM,132.2,False,False,True,SCHEDULED
BLK00177,ENG2648,SEC007,Engineering,2025-07-27 06:00,2025-07-27 11:00,5.0,85.1,CRITICAL,237.0,False,False,True,SCHEDULED
BLK00053,ENG2653,SEC002,Engineering,2025-10-12 06:00,2025-10-12 15:30,9.3,30.8,LOW,317.1,False,False,True,SCHEDULED
BLK00784,ENG2655,SEC029,Engineering,2025-05-11 06:00,2025-05-11 14:15,8.2,43.3,MEDIUM,419.8,False,False,True,SCHEDULED
BLK00401,ENG2660,SEC014,Engineering,2025-11-08 06:00,2025-11-08 08:15,2.1,64.2,HIGH,95.3,False,False,True,SCHEDULED
BLK00392,ENG2671,SEC014,Engineering,2025-08-20 06:00,2025-08-20 16:15,10.2,44.5,MEDIUM,463.1,False,False,True,SCHEDULED
BLK00188,ENG2674,SEC008,Engineering,2025-01-17 15:29,2025-01-18 01:14,9.6,64.2,HIGH,436.8,False,False,True,SCHEDULED
BLK01522,ENG2683,SEC056,Engineering,2025-07-16 06:00,2025-07-16 12:45,6.6,60.7,HIGH,188.1,False,False,True,SCHEDULED
BLK01556,ENG2688,SEC058,Engineering,2025-01-28 06:00,2025-01-28 09:45,3.6,81.4,CRITICAL,98.3,False,False,True,SCHEDULED
BLK01856,ENG2691,SEC071,Engineering,2025-03-24 06:00,2025-03-24 15:00,9.0,80.9,CRITICAL,199.8,False,False,True,SCHEDULED
BLK01410,ENG2694,SEC052,Engineering,2025-06-27 06:00,2025-06-27 17:15,11.2,23.4,LOW,224.0,False,False,True,SCHEDULED
BLK01293,ENG2697,SEC048,Engineering,2025-02-26 06:00,2025-02-26 08:45,2.7,96.0,CRITICAL,79.1,False,False,True,SCHEDULED
BLK00301,ENG2698,SEC011,Engineering,2025-08-17 06:00,2025-08-17 13:00,6.8,64.81,HIGH,329.1,False,False,True,SCHEDULED
BLK01804,ENG2699,SEC068,Engineering,2025-09-06 06:00,2025-09-06 10:30,4.3,60.74,HIGH,131.6,False,False,True,SCHEDULED
BLK00807,ENG2700,SEC030,Engineering,2025-02-11 06:00,2025-02-11 12:30,6.3,84.11,CRITICAL,257.7,False,False,True,SCHEDULED
BLK01742,ENG2706,SEC066,Engineering,2025-01-09 06:00,2025-01-09 10:30,4.4,80.9,CRITICAL,118.8,False,False,True,SCHEDULED
BLK00136,ENG2711,SEC006,Engineering,2025-01-06 06:00,2025-01-06 15:15,9.2,63.8,HIGH,460.9,False,False,True,SCHEDULED
BLK01706,ENG2737,SEC064,Engineering,2025-02-12 06:00,2025-02-12 14:15,8.2,36.7,LOW,200.9,False,False,True,SCHEDULED
BLK00227,ENG2768,SEC009,Engineering,2025-03-02 06:00,2025-03-02 11:30,5.5,98.1,CRITICAL,229.9,False,False,True,SCHEDULED
BLK01070,ENG2770,SEC040,Engineering,2025-02-10 06:00,2025-02-10 13:00,7.0,61.87,HIGH,169.4,False,False,True,SCHEDULED
BLK01834,ENG2777,SEC070,Engineering,2025-04-10 06:00,2025-04-10 14:00,7.9,94.4,CRITICAL,180.1,False,False,True,SCHEDULED
BLK01109,ENG2784,SEC041,Engineering,2025-06-26 06:00,2025-06-26 07:30,1.3,28.0,LOW,27.3,False,False,True,SCHEDULED
BLK00473,ENG2785,SEC017,Engineering,2025-11-10 06:00,2025-11-10 12:30,6.3,63.6,HIGH,241.9,False,False,True,SCHEDULED
BLK01632,ENG2789,SEC061,Engineering,2025-03-08 06:00,2025-03-08 17:45,11.6,58.9,MEDIUM,239.0,False,False,True,SCHEDULED
BLK00577,ENG2796,SEC022,Engineering,2025-01-02 06:00,2025-01-02 16:45,10.7,38.2,LOW,417.3,False,False,True,SCHEDULED
BLK00385,ENG2797,SEC014,Engineering,2025-06-08 06:00,2025-06-08 17:00,10.9,97.8,CRITICAL,494.9,False,False,True,SCHEDULED
BLK01128,ENG2802,SEC042,Engineering,2025-04-13 06:00,2025-04-13 17:15,11.2,82.4,CRITICAL,325.9,False,False,True,SCHEDULED
BLK00129,ENG2804,SEC005,Engineering,2025-09-02 06:00,2025-09-02 17:15,11.2,39.8,LOW,591.4,False,False,True,SCHEDULED
BLK01304,ENG2818,SEC048,Engineering,2025-05-27 06:00,2025-05-27 14:00,7.9,62.2,HIGH,231.5,False,False,True,SCHEDULED
BLK00630,ENG2826,SEC023,Engineering,2025-09-10 06:00,2025-09-10 13:45,7.7,35.4,LOW,348.8,False,False,True,SCHEDULED
BLK00370,ENG2834,SEC013,Engineering,2025-11-28 06:00,2025-11-28 16:15,10.1,98.68,CRITICAL,479.8,False,False,True,SCHEDULED
BLK00468,ENG2841,SEC017,Engineering,2025-09-04 06:00,2025-09-04 12:30,6.4,40.52,MEDIUM,245.8,False,False,True,SCHEDULED
BLK00748,ENG2843,SEC028,Engineering,2025-03-06 06:00,2025-03-06 09:30,3.5,98.7,CRITICAL,181.6,False,False,True,SCHEDULED
BLK00648,ENG2844,SEC024,Engineering,2025-06-06 06:00,2025-06-06 11:00,5.0,31.0,LOW,206.5,False,False,True,SCHEDULED
BLK01383,ENG2846,SEC051,Engineering,2025-10-02 06:00,2025-10-02 07:30,1.5,82.3,CRITICAL,38.7,False,False,True,SCHEDULED
BLK00335,ENG2850,SEC013,Engineering,2025-01-17 06:00,2025-01-17 09:00,3.0,63.6,HIGH,142.5,False,False,True,SCHEDULED
BLK00645,ENG2855,SEC024,Engineering,2025-04-09 06:00,2025-04-09 16:30,10.3,97.1,CRITICAL,425.4,False,False,True,SCHEDULED
BLK01284,ENG2857,SEC047,Engineering,2025-10-04 06:00,2025-10-04 11:15,5.1,35.6,LOW,104.0,False,False,True,SCHEDULED
BLK00883,ENG2875,SEC032,Engineering,2025-03-04 06:00,2025-03-04 12:00,5.8,81.86,CRITICAL,202.4,False,False,True,SCHEDULED
BLK00321,ENG2883,SEC012,Engineering,2025-07-18 06:00,2025-07-18 13:00,7.0,63.38,HIGH,282.8,False,False,True,SCHEDULED
BLK01767,ENG2885,SEC067,Engineering,2025-01-03 06:00,2025-01-03 09:00,2.9,60.44,HIGH,74.8,False,False,True,SCHEDULED
BLK00342,ENG2887,SEC013,Engineering,2025-04-20 06:00,2025-04-20 18:00,11.9,98.46,CRITICAL,565.2,False,False,True,SCHEDULED
BLK01433,ENG2890,SEC053,Engineering,2025-06-27 06:00,2025-06-27 17:00,10.8,60.98,HIGH,270.0,False,False,True,SCHEDULED
BLK00324,ENG2891,SEC012,Engineering,2025-08-29 06:00,2025-08-29 11:30,5.3,61.9,HIGH,214.1,False,False,True,SCHEDULED
BLK01282,ENG2892,SEC047,Engineering,2025-09-09 06:00,2025-09-09 17:30,11.4,24.3,LOW,232.6,False,False,True,SCHEDULED
BLK00243,ENG2894,SEC009,Engineering,2025-10-03 06:00,2025-10-03 12:45,6.6,97.7,CRITICAL,275.9,False,False,True,SCHEDULED
BLK01602,ENG2907,SEC059,Engineering,2025-12-19 06:00,2025-12-19 14:00,7.8,36.54,LOW,156.8,False,False,True,SCHEDULED
BLK00517,ENG2922,SEC019,Engineering,2025-09-22 06:00,2025-09-22 12:15,6.1,42.1,MEDIUM,297.7,False,False,True,SCHEDULED
BLK00006,ENG2924,SEC001,Engineering,2025-05-19 06:00,2025-05-19 18:00,11.9,24.3,LOW,506.9,False,False,True,SCHEDULED
BLK00049,ENG2925,SEC002,Engineering,2025-09-11 06:00,2025-09-11 10:30,4.4,83.1,CRITICAL,150.0,False,False,True,SCHEDULED
BLK00776,ENG2928,SEC029,Engineering,2025-01-29 06:00,2025-01-29 13:00,6.9,43.93,MEDIUM,353.3,False,False,True,SCHEDULED
BLK00176,ENG2935,SEC007,Engineering,2025-07-18 06:00,2025-07-18 15:30,9.3,35.3,LOW,440.8,False,False,True,SCHEDULED
BLK00285,ENG2939,SEC011,Engineering,2025-03-19 06:00,2025-03-19 13:00,6.9,85.5,CRITICAL,334.0,False,False,True,SCHEDULED
BLK00857,ENG2946,SEC031,Engineering,2025-06-15 06:00,2025-06-15 15:15,9.2,38.58,LOW,372.6,False,False,True,SCHEDULED
BLK00518,ENG2947,SEC019,Engineering,2025-09-23 06:00,2025-09-23 13:45,7.7,27.5,LOW,375.8,False,False,True,SCHEDULED
BLK01873,ENG2951,SEC071,Engineering,2025-08-31 06:00,2025-08-31 09:00,3.0,61.8,HIGH,66.6,False,False,True,SCHEDULED
BLK00156,ENG2957,SEC006,Engineering,2025-06-28 06:00,2025-06-28 10:00,3.8,28.47,LOW,190.4,False,False,True,SCHEDULED
BLK01279,ENG2958,SEC047,Engineering,2025-08-07 06:00,2025-08-07 10:15,4.2,81.34,CRITICAL,85.7,False,False,True,SCHEDULED
BLK00168,ENG2963,SEC007,Engineering,2025-02-18 06:00,2025-02-18 12:15,6.1,38.81,LOW,289.1,False,False,True,SCHEDULED
BLK00313,ENG2965,SEC012,Engineering,2025-04-20 06:00,2025-04-20 11:30,5.5,84.3,CRITICAL,222.2,False,False,True,SCHEDULED
BLK00331,ENG2966,SEC012,Engineering,2025-11-03 21:01,2025-11-04 06:01,9.0,62.8,HIGH,363.6,False,False,True,SCHEDULED
BLK00247,ENG2973,SEC009,Engineering,2025-11-05 06:00,2025-11-05 16:30,10.4,65.4,HIGH,434.7,False,False,True,SCHEDULED
BLK00760,ENG2974,SEC028,Engineering,2025-06-25 06:00,2025-06-25 10:30,4.4,85.1,CRITICAL,228.4,False,False,True,SCHEDULED
BLK01315,ENG2975,SEC048,Engineering,2025-11-17 06:00,2025-11-17 08:00,1.8,82.4,CRITICAL,52.7,False,False,True,SCHEDULED
BLK01974,ENG2982,SEC075,Engineering,2025-09-08 06:00,2025-09-08 16:00,9.9,40.2,MEDIUM,198.0,False,False,True,SCHEDULED
BLK00446,ENG2990,SEC016,Engineering,2025-09-23 06:00,2025-09-23 13:00,6.8,63.3,HIGH,288.3,False,False,True,SCHEDULED
BLK01118,ENG2991,SEC041,Engineering,2025-10-11 06:00,2025-10-11 18:00,11.8,80.3,CRITICAL,247.8,False,False,True,SCHEDULED
BLK00908,ENG2992,SEC033,Engineering,2025-03-09 06:00,2025-03-09 08:15,2.1,63.99,HIGH,103.3,False,False,True,SCHEDULED
BLK00395,ENG2993,SEC014,Engineering,2025-09-21 06:00,2025-09-21 15:00,8.8,65.1,HIGH,399.5,False,False,True,SCHEDULED
BLK01628,ENG3009,SEC061,Engineering,2025-02-06 06:00,2025-02-06 11:00,4.9,59.1,MEDIUM,100.9,False,False,True,SCHEDULED
BLK00568,ENG3013,SEC021,Engineering,2025-10-18 06:00,2025-10-18 16:45,10.6,64.3,HIGH,462.2,False,False,True,SCHEDULED
BLK00675,ENG3022,SEC025,Engineering,2025-06-30 06:00,2025-06-30 15:30,9.5,64.4,HIGH,457.9,False,False,True,SCHEDULED
BLK01639,ENG3030,SEC061,Engineering,2025-06-24 06:00,2025-06-24 09:00,2.8,60.9,HIGH,57.7,False,False,True,SCHEDULED
BLK00833,ENG3036,SEC030,Engineering,2025-09-30 06:00,2025-09-30 12:15,6.2,40.9,MEDIUM,253.6,False,False,True,SCHEDULED
BLK00441,ENG3040,SEC016,Engineering,2025-05-28 06:00,2025-05-28 09:00,2.9,83.24,CRITICAL,123.0,False,False,True,SCHEDULED
BLK01818,ENG3047,SEC069,Engineering,2025-05-13 06:00,2025-05-13 14:15,8.1,59.3,MEDIUM,162.0,False,False,True,SCHEDULED
BLK00327,ENG3054,SEC012,Engineering,2025-09-29 06:00,2025-09-29 08:45,2.7,62.9,HIGH,109.1,False,False,True,SCHEDULED
BLK00541,ENG3056,SEC020,Engineering,2025-09-03 06:00,2025-09-03 13:00,7.0,64.14,HIGH,268.8,False,False,True,SCHEDULED
BLK01027,ENG3063,SEC037,Engineering,2025-09-24 06:00,2025-09-24 07:15,1.1,35.4,LOW,54.8,False,False,True,SCHEDULED
BLK01133,ENG3067,SEC042,Engineering,2025-06-12 06:00,2025-06-12 15:30,9.3,29.4,LOW,270.6,False,False,True,SCHEDULED
BLK00366,ENG3068,SEC013,Engineering,2025-10-25 06:00,2025-10-25 09:15,3.1,64.7,HIGH,147.2,False,False,True,SCHEDULED
BLK01346,ENG3069,SEC050,Engineering,2025-03-13 06:00,2025-03-13 16:45,10.6,80.1,CRITICAL,212.0,False,False,True,SCHEDULED
BLK01508,ENG3071,SEC056,Engineering,2025-01-31 06:00,2025-01-31 09:30,3.3,62.52,HIGH,94.0,False,False,True,SCHEDULED
BLK01653,ENG3075,SEC062,Engineering,2025-02-13 06:00,2025-02-13 15:30,9.4,61.5,HIGH,188.0,False,False,True,SCHEDULED
BLK01626,ENG3076,SEC061,Engineering,2025-01-09 06:00,2025-01-09 14:30,8.4,80.4,CRITICAL,173.0,False,False,True,SCHEDULED
BLK01170,ENG3079,SEC043,Engineering,2025-10-09 06:00,2025-10-09 17:30,11.5,62.97,HIGH,376.0,False,False,True,SCHEDULED
BLK00417,ENG3080,SEC015,Engineering,2025-08-12 06:00,2025-08-12 12:00,5.9,84.3,CRITICAL,265.5,False,False,True,SCHEDULED
BLK00691,ENG3083,SEC026,Engineering,2025-01-13 06:00,2025-01-13 16:30,10.3,65.66,HIGH,531.5,False,False,True,SCHEDULED
BLK01800,ENG3085,SEC068,Engineering,2025-08-05 06:00,2025-08-05 12:30,6.3,82.6,CRITICAL,192.8,False,False,True,SCHEDULED
BLK00641,ENG3092,SEC024,Engineering,2025-01-28 06:00,2025-01-28 07:30,1.5,62.36,HIGH,62.0,False,False,True,SCHEDULED
BLK01153,ENG3101,SEC043,Engineering,2025-05-18 06:00,2025-05-18 17:15,11.1,38.26,LOW,363.0,False,False,True,SCHEDULED
BLK01226,ENG3111,SEC045,Engineering,2025-08-11 06:00,2025-08-11 13:45,7.6,95.88,CRITICAL,212.8,False,False,True,SCHEDULED
BLK01634,ENG3115,SEC061,Engineering,2025-03-20 06:00,2025-03-20 16:15,10.1,80.0,CRITICAL,208.1,False,False,True,SCHEDULED
BLK01440,ENG3116,SEC053,Engineering,2025-09-27 06:00,2025-09-27 12:15,6.1,94.7,CRITICAL,152.5,False,False,True,SCHEDULED
BLK00635,ENG3117,SEC023,Engineering,2025-10-17 06:00,2025-10-17 17:30,11.5,98.4,CRITICAL,521.0,False,False,True,SCHEDULED
BLK01138,ENG3134,SEC042,Engineering,2025-09-01 06:00,2025-09-01 15:00,9.0,42.25,MEDIUM,261.9,False,False,True,SCHEDULED
BLK00263,ENG3137,SEC010,Engineering,2025-06-16 12:59,2025-06-16 21:59,8.9,63.5,HIGH,416.5,False,False,True,SCHEDULED
BLK00658,ENG3140,SEC024,Engineering,2025-09-20 06:00,2025-09-20 16:30,10.5,62.76,HIGH,433.6,False,False,True,SCHEDULED
BLK01248,ENG3146,SEC046,Engineering,2025-05-14 06:00,2025-05-14 09:30,3.5,62.1,HIGH,94.5,False,False,True,SCHEDULED
BLK01563,ENG3154,SEC058,Engineering,2025-05-15 06:00,2025-05-15 13:00,7.0,82.1,CRITICAL,191.1,False,False,True,SCHEDULED
BLK00065,ENG3160,SEC003,Engineering,2025-05-06 06:00,2025-05-06 14:30,8.5,25.1,LOW,418.2,False,False,True,SCHEDULED
BLK00219,ENG3162,SEC008,Engineering,2025-11-09 06:00,2025-11-09 17:15,11.2,83.5,CRITICAL,509.6,False,False,True,SCHEDULED
BLK00195,ENG3171,SEC008,Engineering,2025-02-20 06:00,2025-02-20 07:15,1.2,45.8,MEDIUM,54.6,False,False,True,SCHEDULED
BLK00546,ENG3174,SEC020,Engineering,2025-10-09 07:44,2025-10-09 14:14,6.5,63.6,HIGH,249.6,False,False,True,SCHEDULED
BLK00281,ENG3180,SEC011,Engineering,2025-02-21 06:00,2025-02-21 09:15,3.1,32.1,LOW,150.0,False,False,True,SCHEDULED
BLK00021,ENG3192,SEC001,Engineering,2025-09-20 06:00,2025-09-20 14:30,8.4,64.4,HIGH,357.8,False,False,True,SCHEDULED
BLK00377,ENG3195,SEC014,Engineering,2025-03-31 06:00,2025-03-31 14:45,8.7,45.74,MEDIUM,395.0,False,False,True,SCHEDULED
BLK01092,ENG3199,SEC040,Engineering,2025-11-03 06:00,2025-11-03 09:15,3.2,81.9,CRITICAL,77.4,False,False,True,SCHEDULED
BLK00530,ENG3211,SEC020,Engineering,2025-04-05 06:00,2025-04-05 14:30,8.3,83.96,CRITICAL,318.7,False,False,True,SCHEDULED
BLK01503,ENG3214,SEC055,Engineering,2025-11-28 06:00,2025-11-28 07:45,1.6,95.0,CRITICAL,33.8,False,False,True,SCHEDULED
BLK01559,ENG3219,SEC058,Engineering,2025-02-25 06:00,2025-02-25 10:30,4.3,95.5,CRITICAL,117.4,False,False,True,SCHEDULED
BLK01321,ENG3225,SEC049,Engineering,2025-02-25 06:00,2025-02-25 13:15,7.1,37.0,LOW,233.6,False,False,True,SCHEDULED
BLK00595,ENG3227,SEC022,Engineering,2025-07-22 06:00,2025-07-22 14:45,8.7,63.7,HIGH,339.3,False,False,True,SCHEDULED
BLK00818,ENG3241,SEC030,Engineering,2025-05-15 06:00,2025-05-15 17:15,11.2,84.6,CRITICAL,458.1,False,False,True,SCHEDULED
BLK01344,ENG3247,SEC050,Engineering,2025-02-01 06:00,2025-02-01 09:15,3.1,79.9,HIGH,62.0,False,False,True,SCHEDULED
BLK01123,ENG3249,SEC042,Engineering,2025-01-23 06:00,2025-01-23 15:15,9.1,81.0,CRITICAL,264.8,False,False,True,SCHEDULED
BLK01390,ENG3250,SEC051,Engineering,2025-11-28 06:00,2025-11-28 10:45,4.7,81.4,CRITICAL,121.3,False,False,True,SCHEDULED
BLK00860,ENG3259,SEC031,Engineering,2025-07-03 06:00,2025-07-03 12:15,6.2,63.9,HIGH,251.1,False,False,True,SCHEDULED
BLK01505,ENG3263,SEC056,Engineering,2025-01-07 06:00,2025-01-07 17:15,11.2,63.2,HIGH,319.2,False,False,True,SCHEDULED
BLK00906,ENG3264,SEC033,Engineering,2025-01-22 06:00,2025-01-22 17:00,10.8,84.67,CRITICAL,531.4,False,False,True,SCHEDULED
BLK00588,ENG3270,SEC022,Engineering,2025-05-02 06:00,2025-05-02 15:45,9.6,43.5,MEDIUM,374.4,False,False,True,SCHEDULED
BLK01473,ENG3271,SEC054,Engineering,2025-12-20 06:00,2025-12-20 12:45,6.6,81.6,CRITICAL,149.8,False,False,True,SCHEDULED
BLK01970,ENG3272,SEC075,Engineering,2025-08-12 06:00,2025-08-12 14:15,8.1,58.8,MEDIUM,162.0,False,False,True,SCHEDULED
BLK00724,ENG3283,SEC027,Engineering,2025-03-20 06:00,2025-03-20 07:30,1.5,83.27,CRITICAL,53.6,False,False,True,SCHEDULED
BLK00484,ENG3286,SEC018,Engineering,2025-05-29 06:00,2025-05-29 08:15,2.2,40.8,MEDIUM,91.5,False,False,True,SCHEDULED
BLK00994,ENG3287,SEC036,Engineering,2025-07-01 06:00,2025-07-01 10:30,4.5,39.9,LOW,234.4,False,False,True,SCHEDULED
BLK00371,ENG3293,SEC013,Engineering,2025-12-01 06:00,2025-12-01 16:15,10.2,98.7,CRITICAL,484.5,False,False,True,SCHEDULED
BLK01129,ENG3304,SEC042,Engineering,2025-05-05 06:00,2025-05-05 16:30,10.3,60.2,HIGH,299.7,False,False,True,SCHEDULED
BLK01789,ENG3307,SEC068,Engineering,2025-01-10 09:59,2025-01-10 13:44,3.7,61.1,HIGH,113.2,False,False,True,SCHEDULED
BLK01011,ENG3310,SEC037,Engineering,2025-03-17 06:00,2025-03-17 12:00,5.8,65.1,HIGH,288.8,False,False,True,SCHEDULED
BLK01514,ENG3321,SEC056,Engineering,2025-03-05 06:00,2025-03-05 18:00,11.9,31.92,LOW,339.2,False,False,True,SCHEDULED
BLK01455,ENG3322,SEC054,Engineering,2025-03-24 06:00,2025-03-24 13:30,7.3,59.5,MEDIUM,165.7,False,False,True,SCHEDULED
BLK01947,ENG3325,SEC074,Engineering,2025-09-23 06:00,2025-09-23 08:15,2.1,80.7,CRITICAL,50.4,False,False,True,SCHEDULED
BLK01684,ENG3331,SEC063,Engineering,2025-03-28 06:00,2025-03-28 12:30,6.3,59.8,MEDIUM,127.9,False,False,True,SCHEDULED
BLK00605,ENG3340,SEC022,Engineering,2025-11-03 06:00,2025-11-03 16:30,10.5,42.8,MEDIUM,409.5,False,False,True,SCHEDULED
BLK00409,ENG3367,SEC015,Engineering,2025-05-07 06:00,2025-05-07 16:15,10.2,45.3,MEDIUM,459.0,False,False,True,SCHEDULED
BLK00756,ENG3368,SEC028,Engineering,2025-05-29 06:00,2025-05-29 17:15,11.2,65.2,HIGH,581.3,False,False,True,SCHEDULED
BLK00988,ENG3374,SEC036,Engineering,2025-05-24 06:00,2025-05-24 16:00,9.8,46.6,MEDIUM,510.6,False,False,True,SCHEDULED
BLK01195,ENG3377,SEC044,Engineering,2025-07-18 06:00,2025-07-18 12:00,5.8,39.3,LOW,201.3,False,False,True,SCHEDULED
BLK01491,ENG3378,SEC055,Engineering,2025-06-10 06:00,2025-06-10 12:45,6.7,81.6,CRITICAL,141.4,False,False,True,SCHEDULED
BLK01164,ENG3381,SEC043,Engineering,2025-07-23 06:00,2025-07-23 17:45,11.7,39.9,LOW,382.6,False,False,True,SCHEDULED
BLK00367,ENG3388,SEC013,Engineering,2025-10-31 06:00,2025-10-31 14:15,8.1,85.28,CRITICAL,384.8,False,False,True,SCHEDULED
BLK01734,ENG3405,SEC065,Engineering,2025-07-08 22:01,2025-07-09 06:01,8.0,39.26,LOW,229.6,False,False,True,SCHEDULED
BLK00459,ENG3406,SEC017,Engineering,2025-03-24 06:00,2025-03-24 17:00,11.0,97.1,CRITICAL,422.4,False,False,True,SCHEDULED
BLK00861,ENG3409,SEC031,Engineering,2025-08-07 06:00,2025-08-07 13:15,7.2,65.0,HIGH,291.6,False,False,True,SCHEDULED
BLK01184,ENG3410,SEC044,Engineering,2025-03-12 06:00,2025-03-12 18:00,11.9,83.0,CRITICAL,412.9,False,False,True,SCHEDULED
BLK01167,ENG3423,SEC043,Engineering,2025-08-13 06:00,2025-08-13 15:30,9.5,62.8,HIGH,310.7,False,False,True,SCHEDULED
BLK01698,ENG3427,SEC063,Engineering,2025-10-11 06:00,2025-10-11 09:30,3.5,79.7,HIGH,71.0,False,False,True,SCHEDULED
BLK01039,ENG3431,SEC038,Engineering,2025-07-10 06:00,2025-07-10 17:00,10.9,83.1,CRITICAL,448.0,False,False,True,SCHEDULED
BLK00389,ENG3438,SEC014,Engineering,2025-08-06 06:00,2025-08-06 09:45,3.6,62.6,HIGH,163.4,False,False,True,SCHEDULED
BLK00083,ENG3441,SEC003,Engineering,2025-10-11 06:00,2025-10-11 12:45,6.7,85.8,CRITICAL,329.6,False,False,True,SCHEDULED
BLK00953,ENG3456,SEC034,Engineering,2025-08-19 06:00,2025-08-19 07:30,1.5,32.31,LOW,50.9,False,False,True,SCHEDULED
BLK01598,ENG3458,SEC059,Engineering,2025-09-23 06:00,2025-09-23 10:30,4.5,60.29,HIGH,90.4,False,False,True,SCHEDULED
BLK00706,ENG3460,SEC026,Engineering,2025-08-17 06:00,2025-08-17 08:15,2.2,46.5,MEDIUM,113.5,False,False,True,SCHEDULED
BLK01830,ENG3469,SEC070,Engineering,2025-01-27 06:00,2025-01-27 16:30,10.4,61.7,HIGH,237.1,False,False,True,SCHEDULED
BLK01902,ENG3473,SEC073,Engineering,2025-01-08 06:00,2025-01-08 12:45,6.6,59.4,MEDIUM,137.3,False,False,True,SCHEDULED
BLK00781,ENG3476,SEC029,Engineering,2025-03-29 06:00,2025-03-29 08:45,2.6,98.6,CRITICAL,133.1,False,False,True,SCHEDULED
BLK00745,ENG3477,SEC028,Engineering,2025-02-09 15:16,2025-02-09 17:01,1.7,99.0,CRITICAL,88.2,False,False,True,SCHEDULED
BLK01296,ENG3480,SEC048,Engineering,2025-03-22 01:01,2025-03-22 06:01,4.9,63.8,HIGH,143.6,False,False,True,SCHEDULED
BLK00747,ENG3488,SEC028,Engineering,2025-03-04 06:00,2025-03-04 09:30,3.4,64.21,HIGH,176.5,False,False,True,SCHEDULED
BLK01122,ENG3503,SEC042,Engineering,2025-01-20 06:00,2025-01-20 16:30,10.5,60.2,HIGH,305.5,False,False,True,SCHEDULED
BLK01963,ENG3517,SEC075,Engineering,2025-05-02 06:00,2025-05-02 14:15,8.2,81.4,CRITICAL,164.0,False,False,True,SCHEDULED
BLK01434,ENG3521,SEC053,Engineering,2025-07-12 06:00,2025-07-12 15:45,9.6,95.32,CRITICAL,240.0,False,False,True,SCHEDULED
BLK01631,ENG3523,SEC061,Engineering,2025-03-03 06:00,2025-03-03 12:45,6.7,94.08,CRITICAL,138.0,False,False,True,SCHEDULED
BLK00012,ENG3536,SEC001,Engineering,2025-07-21 06:00,2025-07-21 08:30,2.3,40.31,MEDIUM,98.0,False,False,True,SCHEDULED
BLK00299,ENG3540,SEC011,Engineering,2025-08-01 06:00,2025-08-01 15:45,9.6,38.9,LOW,464.6,False,False,True,SCHEDULED
BLK00143,ENG3541,SEC006,Engineering,2025-02-16 06:00,2025-02-16 17:45,11.7,34.73,LOW,586.2,False,False,True,SCHEDULED
BLK00778,ENG3542,SEC029,Engineering,2025-02-07 06:00,2025-02-07 10:00,3.8,27.91,LOW,194.6,False,False,True,SCHEDULED
BLK01001,ENG3544,SEC036,Engineering,2025-10-20 06:00,2025-10-20 16:30,10.3,64.54,HIGH,536.6,False,False,True,SCHEDULED
BLK00585,ENG3552,SEC022,Engineering,2025-03-15 06:00,2025-03-15 16:30,10.5,83.2,CRITICAL,409.5,False,False,True,SCHEDULED
BLK00903,ENG3556,SEC032,Engineering,2025-11-27 06:00,2025-11-27 11:30,5.5,82.55,CRITICAL,192.0,False,False,True,SCHEDULED
BLK00497,ENG3557,SEC019,Engineering,2025-02-08 06:00,2025-02-08 14:45,8.6,63.4,HIGH,419.7,False,False,True,SCHEDULED
BLK01499,ENG3560,SEC055,Engineering,2025-10-28 06:00,2025-10-28 11:15,5.2,62.6,HIGH,109.7,False,False,True,SCHEDULED
BLK00721,ENG3565,SEC027,Engineering,2025-03-05 06:00,2025-03-05 12:30,6.5,61.6,HIGH,232.0,False,False,True,SCHEDULED
BLK00606,ENG3571,SEC022,Engineering,2025-12-05 06:00,2025-12-05 17:15,11.2,84.19,CRITICAL,436.8,False,False,True,SCHEDULED
BLK00538,ENG3587,SEC020,Engineering,2025-08-14 06:00,2025-08-14 07:45,1.7,43.2,MEDIUM,65.3,False,False,True,SCHEDULED
BLK00682,ENG3593,SEC025,Engineering,2025-09-14 06:00,2025-09-14 16:15,10.1,42.7,MEDIUM,486.8,False,False,True,SCHEDULED
BLK01950,ENG3594,SEC074,Engineering,2025-10-26 06:00,2025-10-26 08:30,2.5,38.6,LOW,60.0,False,False,True,SCHEDULED
BLK01141,ENG3599,SEC042,Engineering,2025-11-04 06:00,2025-11-04 12:00,6.0,82.1,CRITICAL,174.6,False,False,True,SCHEDULED
BLK01341,ENG3602,SEC049,Engineering,2025-12-03 06:00,2025-12-03 11:00,5.0,83.2,CRITICAL,164.5,False,False,True,SCHEDULED
BLK01738,ENG3604,SEC065,Engineering,2025-10-24 06:00,2025-10-24 08:30,2.5,62.4,HIGH,71.8,False,False,True,SCHEDULED
BLK00147,ENG3606,SEC006,Engineering,2025-03-27 06:00,2025-03-27 15:45,9.7,85.48,CRITICAL,486.0,False,False,True,SCHEDULED
BLK01203,ENG3611,SEC044,Engineering,2025-09-17 06:00,2025-09-17 14:45,8.7,96.1,CRITICAL,301.9,False,False,True,SCHEDULED
BLK01627,ENG3612,SEC061,Engineering,2025-01-18 06:00,2025-01-18 11:30,5.3,94.0,CRITICAL,109.2,False,False,True,SCHEDULED
BLK00619,ENG3615,SEC023,Engineering,2025-06-19 06:00,2025-06-19 14:00,7.8,98.19,CRITICAL,353.3,False,False,True,SCHEDULED
BLK01798,ENG3616,SEC068,Engineering,2025-06-19 06:00,2025-06-19 15:00,8.9,82.3,CRITICAL,272.3,False,False,True,SCHEDULED
BLK00601,ENG3618,SEC022,Engineering,2025-09-09 06:00,2025-09-09 14:30,8.3,96.8,CRITICAL,323.7,False,False,True,SCHEDULED
BLK01359,ENG3654,SEC050,Engineering,2025-08-18 06:00,2025-08-18 10:30,4.3,80.5,CRITICAL,86.0,False,False,True,SCHEDULED
BLK00103,ENG3655,SEC004,Engineering,2025-06-20 06:00,2025-06-20 15:45,9.7,63.5,HIGH,422.0,False,False,True,SCHEDULED
BLK01384,ENG3659,SEC051,Engineering,2025-10-10 06:00,2025-10-10 14:30,8.3,62.1,HIGH,214.1,False,False,True,SCHEDULED
BLK00479,ENG3661,SEC018,Engineering,2025-03-20 10:29,2025-03-20 21:29,11.0,62.1,HIGH,457.6,False,False,True,SCHEDULED
BLK01671,ENG3677,SEC062,Engineering,2025-09-01 06:00,2025-09-01 17:45,11.7,59.7,MEDIUM,234.0,False,False,True,SCHEDULED
BLK01769,ENG3680,SEC067,Engineering,2025-01-15 06:00,2025-01-15 15:30,9.3,80.8,CRITICAL,239.9,False,False,True,SCHEDULED
BLK00275,ENG3681,SEC010,Engineering,2025-10-12 06:00,2025-10-12 10:15,4.1,64.08,HIGH,191.9,False,False,True,SCHEDULED
BLK01210,ENG3692,SEC044,Engineering,2025-11-08 06:00,2025-11-08 13:00,7.0,82.8,CRITICAL,242.9,False,False,True,SCHEDULED
BLK00104,ENG3703,SEC004,Engineering,2025-07-22 06:00,2025-07-22 17:30,11.5,44.4,MEDIUM,500.2,False,False,True,SCHEDULED
BLK00046,ENG3704,SEC002,Engineering,2025-07-27 06:00,2025-07-27 07:30,1.3,63.09,HIGH,44.3,False,False,True,SCHEDULED
BLK01222,ENG3713,SEC045,Engineering,2025-07-07 06:00,2025-07-07 08:45,2.7,81.5,CRITICAL,75.6,False,False,True,SCHEDULED
BLK01645,ENG3715,SEC061,Engineering,2025-10-14 06:00,2025-10-14 07:30,1.3,37.6,LOW,26.8,False,False,True,SCHEDULED
BLK00809,ENG3724,SEC030,Engineering,2025-02-18 06:00,2025-02-18 11:00,5.0,97.12,CRITICAL,204.5,False,False,True,SCHEDULED
BLK00826,ENG3728,SEC030,Engineering,2025-07-19 06:00,2025-07-19 08:15,2.2,64.0,HIGH,90.0,False,False,True,SCHEDULED
BLK00684,ENG3735,SEC025,Engineering,2025-10-03 06:00,2025-10-03 13:45,7.6,42.7,MEDIUM,366.3,False,False,True,SCHEDULED
BLK00112,ENG3738,SEC004,Engineering,2025-10-29 06:00,2025-10-29 09:30,3.3,44.4,MEDIUM,143.5,False,False,True,SCHEDULED
BLK01844,ENG3748,SEC070,Engineering,2025-10-04 06:00,2025-10-04 17:30,11.3,81.6,CRITICAL,257.6,False,False,True,SCHEDULED
BLK01000,ENG3759,SEC036,Engineering,2025-09-17 00:01,2025-09-17 06:01,5.9,86.0,CRITICAL,307.4,False,False,True,SCHEDULED
BLK00525,ENG3761,SEC020,Engineering,2025-01-10 06:00,2025-01-10 13:15,7.1,62.9,HIGH,272.6,False,False,True,SCHEDULED
BLK00962,ENG3772,SEC035,Engineering,2025-01-28 06:00,2025-01-28 08:15,2.1,98.83,CRITICAL,101.2,False,False,True,SCHEDULED
BLK00105,ENG3773,SEC004,Engineering,2025-09-14 06:00,2025-09-14 15:15,9.1,97.57,CRITICAL,395.8,False,False,True,SCHEDULED
BLK00440,ENG3779,SEC016,Engineering,2025-05-18 06:00,2025-05-18 13:15,7.1,30.3,LOW,301.0,False,False,True,SCHEDULED
BLK00767,ENG3781,SEC028,Engineering,2025-09-16 06:00,2025-09-16 11:30,5.4,98.65,CRITICAL,280.3,False,False,True,SCHEDULED
BLK01571,ENG3805,SEC058,Engineering,2025-09-02 06:00,2025-09-02 13:30,7.4,82.3,CRITICAL,202.0,False,False,True,SCHEDULED
BLK00768,ENG3829,SEC028,Engineering,2025-09-22 06:00,2025-09-22 08:30,2.3,36.4,LOW,119.4,False,False,True,SCHEDULED
BLK01392,ENG3831,SEC051,Engineering,2025-12-16 06:00,2025-12-16 12:15,6.1,36.4,LOW,157.4,False,False,True,SCHEDULED
BLK01381,ENG3834,SEC051,Engineering,2025-08-28 06:00,2025-08-28 16:30,10.3,62.95,HIGH,265.7,False,False,True,SCHEDULED
BLK01496,ENG3842,SEC055,Engineering,2025-09-15 06:00,2025-09-15 09:00,2.9,59.0,MEDIUM,61.2,False,False,True,SCHEDULED
BLK01177,ENG3844,SEC044,Engineering,2025-01-04 06:00,2025-01-04 07:30,1.5,97.0,CRITICAL,52.0,False,False,True,SCHEDULED
BLK01161,ENG3845,SEC043,Engineering,2025-07-18 06:00,2025-07-18 13:00,6.8,38.57,LOW,222.4,False,False,True,SCHEDULED
BLK00963,ENG3848,SEC035,Engineering,2025-02-08 06:00,2025-02-08 18:00,11.9,63.5,HIGH,573.6,False,False,True,SCHEDULED
BLK01922,ENG3851,SEC073,Engineering,2025-09-15 06:00,2025-09-15 17:00,10.9,80.01,CRITICAL,226.7,False,False,True,SCHEDULED
BLK01878,ENG3857,SEC071,Engineering,2025-11-07 06:00,2025-11-07 14:30,8.5,40.1,MEDIUM,188.7,False,False,True,SCHEDULED
BLK01470,ENG3862,SEC054,Engineering,2025-10-22 06:00,2025-10-22 07:15,1.2,61.2,HIGH,27.2,False,False,True,SCHEDULED
BLK01218,ENG3863,SEC045,Engineering,2025-05-24 06:00,2025-05-24 07:30,1.5,81.5,CRITICAL,42.0,False,False,True,SCHEDULED
BLK00211,ENG3886,SEC008,Engineering,2025-07-06 06:00,2025-07-06 10:00,3.8,39.75,LOW,172.9,False,False,True,SCHEDULED
BLK01898,ENG3900,SEC072,Engineering,2025-08-27 06:00,2025-08-27 09:45,3.6,38.4,LOW,86.4,False,False,True,SCHEDULED
BLK00924,ENG3907,SEC033,Engineering,2025-08-15 06:00,2025-08-15 10:00,3.8,98.8,CRITICAL,187.0,False,False,True,SCHEDULED
BLK01152,ENG3912,SEC043,Engineering,2025-04-10 06:00,2025-04-10 15:00,8.8,81.6,CRITICAL,287.8,False,False,True,SCHEDULED
BLK01613,ENG3914,SEC060,Engineering,2025-06-08 06:00,2025-06-08 16:00,10.0,61.7,HIGH,200.0,False,False,True,SCHEDULED
BLK00498,ENG3920,SEC019,Engineering,2025-02-15 06:00,2025-02-15 10:15,4.2,84.69,CRITICAL,205.0,False,False,True,SCHEDULED
BLK00141,ENG3922,SEC006,Engineering,2025-02-06 06:00,2025-02-06 10:00,3.8,45.44,MEDIUM,190.4,False,False,True,SCHEDULED
BLK01474,ENG3936,SEC055,Engineering,2025-01-27 06:00,2025-01-27 09:00,2.9,35.3,LOW,61.2,False,False,True,SCHEDULED
BLK01264,ENG3939,SEC047,Engineering,2025-01-22 06:00,2025-01-22 12:30,6.3,39.4,LOW,128.5,False,False,True,SCHEDULED
BLK00709,ENG3941,SEC026,Engineering,2025-09-19 06:00,2025-09-19 15:45,9.7,29.0,LOW,500.5,False,False,True,SCHEDULED
BLK01087,ENG3943,SEC040,Engineering,2025-08-31 06:00,2025-08-31 11:00,5.0,81.2,CRITICAL,121.0,False,False,True,SCHEDULED
BLK01713,ENG3961,SEC064,Engineering,2025-09-09 22:02,2025-09-10 00:17,2.2,38.51,LOW,53.9,False,False,True,SCHEDULED
BLK00982,ENG3971,SEC036,Engineering,2025-03-12 06:00,2025-03-12 17:30,11.4,86.3,CRITICAL,593.9,False,False,True,SCHEDULED
BLK00696,ENG3973,SEC026,Engineering,2025-03-16 06:00,2025-03-16 15:00,8.8,46.1,MEDIUM,454.1,False,False,True,SCHEDULED
BLK01609,ENG3980,SEC060,Engineering,2025-05-04 06:00,2025-05-04 12:30,6.5,36.52,LOW,130.0,False,False,True,SCHEDULED
BLK00241,ENG3981,SEC009,Engineering,2025-09-12 06:00,2025-09-12 14:00,7.9,62.3,HIGH,330.2,False,False,True,SCHEDULED
BLK00935,ENG3986,SEC033,Engineering,2025-11-19 06:00,2025-11-19 07:15,1.1,85.4,CRITICAL,54.1,False,False,True,SCHEDULED
BLK01307,ENG3999,SEC048,Engineering,2025-06-30 06:00,2025-06-30 10:00,3.9,82.2,CRITICAL,114.3,False,False,True,SCHEDULED
BLK00794,TRC0001,SEC029,Traction,2025-08-04 06:00,2025-08-04 17:30,11.4,85.5,CRITICAL,583.7,False,False,False,SCHEDULED
BLK01508,TRC0002,SEC056,Traction,2025-01-30 23:31,2025-01-31 06:01,6.4,61.17,HIGH,182.4,False,False,False,SCHEDULED
BLK01394,TRC0003,SEC052,Traction,2025-01-17 06:00,2025-01-17 11:00,4.8,60.71,HIGH,96.0,True,False,False,SCHEDULED
BLK01565,TRC0015,SEC058,Traction,2025-06-12 06:00,2025-06-12 07:30,1.5,61.5,HIGH,41.0,True,False,False,SCHEDULED
BLK01051,TRC0017,SEC039,Traction,2025-01-15 11:34,2025-01-15 14:04,2.5,96.38,CRITICAL,89.8,True,False,False,SCHEDULED
BLK00911,TRC0023,SEC033,Traction,2025-04-20 20:01,2025-04-21 06:01,10.0,33.6,LOW,492.0,False,False,False,SCHEDULED
BLK01041,TRC0026,SEC038,Traction,2025-07-31 06:00,2025-07-31 17:00,11.0,31.7,LOW,452.1,True,False,False,SCHEDULED
BLK00672,TRC0034,SEC025,Traction,2025-05-14 06:00,2025-05-14 17:15,11.2,84.1,CRITICAL,539.8,True,False,False,SCHEDULED
BLK00705,TRC0038,SEC026,Traction,2025-08-11 06:00,2025-08-11 13:00,6.8,65.1,HIGH,350.9,True,False,False,SCHEDULED
BLK01026,TRC0041,SEC037,Traction,2025-09-05 06:00,2025-09-05 10:15,4.2,64.9,HIGH,209.2,True,False,False,SCHEDULED
BLK00680,TRC0050,SEC025,Traction,2025-08-09 06:00,2025-08-09 08:00,1.9,45.77,MEDIUM,91.6,True,False,False,SCHEDULED
BLK01657,TRC0053,SEC062,Traction,2025-03-06 06:00,2025-03-06 11:45,5.7,59.97,MEDIUM,114.0,True,False,False,SCHEDULED
BLK00837,TRC0058,SEC030,Traction,2025-10-26 06:00,2025-10-26 07:15,1.1,34.3,LOW,45.0,True,False,False,SCHEDULED
BLK01163,TRC0059,SEC043,Traction,2025-07-20 06:00,2025-07-20 11:45,5.7,83.02,CRITICAL,186.4,True,False,False,SCHEDULED
BLK00504,TRC0061,SEC019,Traction,2025-05-12 06:00,2025-05-12 16:30,10.3,85.1,CRITICAL,502.6,True,False,False,SCHEDULED
BLK00069,TRC0066,SEC003,Traction,2025-05-24 06:00,2025-05-24 17:45,11.6,98.79,CRITICAL,570.7,True,False,False,SCHEDULED
BLK00428,TRC0067,SEC015,Traction,2025-10-17 06:00,2025-10-17 08:00,1.8,41.8,MEDIUM,81.0,True,False,False,SCHEDULED
BLK00607,TRC0070,SEC022,Traction,2025-12-06 06:00,2025-12-06 17:45,11.6,64.8,HIGH,452.4,False,False,False,SCHEDULED
BLK01215,TRC0075,SEC045,Traction,2025-02-22 06:00,2025-02-22 10:45,4.7,60.3,HIGH,131.6,True,False,False,SCHEDULED
BLK01776,TRC0082,SEC067,Traction,2025-05-04 06:00,2025-05-04 11:00,5.0,80.67,CRITICAL,129.0,False,False,False,SCHEDULED
BLK01911,TRC0087,SEC073,Traction,2025-05-13 06:00,2025-05-13 12:45,6.7,61.8,HIGH,139.4,True,False,False,SCHEDULED
BLK00751,TRC0099,SEC028,Traction,2025-04-04 06:00,2025-04-04 16:45,10.7,64.81,HIGH,555.3,True,False,False,SCHEDULED
BLK00571,TRC0100,SEC021,Traction,2025-11-08 12:14,2025-11-08 19:59,7.6,64.68,HIGH,331.4,True,False,False,SCHEDULED
BLK00766,TRC0105,SEC028,Traction,2025-09-06 06:00,2025-09-06 12:15,6.2,99.2,CRITICAL,321.8,False,False,False,SCHEDULED
BLK01063,TRC0106,SEC039,Traction,2025-11-13 03:31,2025-11-13 06:01,2.5,62.8,HIGH,89.8,True,False,False,SCHEDULED
BLK00549,TRC0107,SEC020,Traction,2025-11-02 06:00,2025-11-02 15:15,9.2,42.8,MEDIUM,353.3,True,False,False,SCHEDULED
BLK00332,TRC0113,SEC012,Traction,2025-11-15 06:00,2025-11-15 12:15,6.2,62.93,HIGH,250.5,True,False,False,SCHEDULED
BLK01337,TRC0122,SEC049,Traction,2025-09-30 06:00,2025-09-30 09:45,3.6,60.8,HIGH,118.4,False,False,False,SCHEDULED
BLK00940,TRC0125,SEC034,Traction,2025-03-05 06:00,2025-03-05 11:00,4.9,61.1,HIGH,166.1,False,False,False,SCHEDULED
BLK00045,TRC0127,SEC002,Traction,2025-07-21 06:00,2025-07-21 13:30,7.4,82.9,CRITICAL,252.3,False,False,False,SCHEDULED
BLK00380,TRC0137,SEC014,Traction,2025-05-04 06:00,2025-05-04 09:45,3.7,64.9,HIGH,168.0,True,False,False,SCHEDULED
BLK00984,TRC0138,SEC036,Traction,2025-03-23 06:00,2025-03-23 15:30,9.3,99.2,CRITICAL,484.5,False,False,False,SCHEDULED
BLK01972,TRC0139,SEC075,Traction,2025-08-22 06:00,2025-08-22 15:15,9.2,39.8,LOW,184.0,True,False,False,SCHEDULED
BLK00625,TRC0141,SEC023,Traction,2025-07-31 06:00,2025-07-31 17:15,11.2,65.2,HIGH,507.4,True,False,False,SCHEDULED
BLK00426,TRC0147,SEC015,Traction,2025-10-06 06:00,2025-10-06 08:15,2.1,63.2,HIGH,94.5,False,False,False,SCHEDULED
BLK01838,TRC0154,SEC070,Traction,2025-06-30 06:00,2025-06-30 14:30,8.4,81.0,CRITICAL,191.5,True,False,False,SCHEDULED
BLK01113,TRC0159,SEC041,Traction,2025-08-14 06:00,2025-08-14 09:45,3.7,61.9,HIGH,77.7,True,False,False,SCHEDULED
BLK00397,TRC0160,SEC014,Traction,2025-10-08 06:00,2025-10-08 09:30,3.5,62.9,HIGH,158.9,True,False,False,SCHEDULED
BLK01308,TRC0173,SEC048,Traction,2025-07-24 06:00,2025-07-24 13:00,6.9,63.3,HIGH,202.2,True,False,False,SCHEDULED
BLK00915,TRC0175,SEC033,Traction,2025-06-30 10:29,2025-06-30 19:14,8.7,63.47,HIGH,428.0,False,False,False,SCHEDULED
BLK01878,TRC0176,SEC071,Traction,2025-11-07 02:46,2025-11-07 06:01,3.2,37.69,LOW,71.0,True,False,False,SCHEDULED
BLK01719,TRC0178,SEC064,Traction,2025-10-12 06:00,2025-10-12 15:15,9.2,94.6,CRITICAL,225.4,True,False,False,SCHEDULED
BLK00429,TRC0183,SEC015,Traction,2025-10-19 06:00,2025-10-19 11:45,5.6,39.3,LOW,252.0,False,False,False,SCHEDULED
BLK00212,TRC0185,SEC008,Traction,2025-07-29 06:00,2025-07-29 13:00,6.8,41.2,MEDIUM,309.4,False,False,False,SCHEDULED
BLK00866,TRC0187,SEC031,Traction,2025-09-07 01:16,2025-09-07 06:01,4.7,26.9,LOW,190.4,True,False,False,SCHEDULED
BLK00559,TRC0195,SEC021,Traction,2025-06-06 06:00,2025-06-06 13:00,7.0,83.87,CRITICAL,305.2,True,False,False,SCHEDULED
BLK01973,TRC0198,SEC075,Traction,2025-08-26 06:00,2025-08-26 16:00,9.9,61.5,HIGH,198.0,True,False,False,SCHEDULED
BLK00936,TRC0202,SEC033,Traction,2025-12-04 06:00,2025-12-04 07:45,1.7,44.89,MEDIUM,83.6,False,False,False,SCHEDULED
BLK00597,TRC0203,SEC022,Traction,2025-08-03 06:00,2025-08-03 15:15,9.2,25.53,LOW,358.8,True,False,False,SCHEDULED
BLK00372,TRC0208,SEC013,Traction,2025-12-20 06:00,2025-12-20 14:15,8.1,84.7,CRITICAL,384.8,False,False,False,SCHEDULED
BLK00362,TRC0209,SEC013,Traction,2025-09-14 10:29,2025-09-14 19:29,9.0,65.6,HIGH,427.5,False,False,False,SCHEDULED
BLK01111,TRC0210,SEC041,Traction,2025-07-17 06:00,2025-07-17 08:15,2.1,62.5,HIGH,44.1,True,False,False,SCHEDULED
BLK01100,TRC0213,SEC041,Traction,2025-01-28 06:00,2025-01-28 12:00,5.9,79.8,HIGH,123.9,True,False,False,SCHEDULED
BLK01916,TRC0216,SEC073,Traction,2025-07-01 06:00,2025-07-01 16:15,10.2,62.5,HIGH,212.2,True,False,False,SCHEDULED
BLK00175,TRC0224,SEC007,Traction,2025-07-07 06:00,2025-07-07 17:30,11.3,84.4,CRITICAL,535.6,False,False,False,SCHEDULED
BLK01807,TRC0225,SEC068,Traction,2025-10-31 06:00,2025-10-31 11:00,4.9,41.45,MEDIUM,149.9,True,False,False,SCHEDULED
BLK01702,TRC0227,SEC064,Traction,2025-01-06 06:00,2025-01-06 07:30,1.5,62.4,HIGH,36.8,True,False,False,SCHEDULED
BLK00153,TRC0230,SEC006,Traction,2025-06-18 13:44,2025-06-18 18:44,5.0,85.24,CRITICAL,250.5,False,False,False,SCHEDULED
BLK01533,TRC0231,SEC056,Traction,2025-11-22 06:00,2025-11-22 15:15,9.2,60.46,HIGH,262.2,False,False,False,SCHEDULED
BLK01712,TRC0237,SEC064,Traction,2025-08-10 06:00,2025-08-10 15:00,8.8,59.7,MEDIUM,215.6,True,False,False,SCHEDULED
BLK00001,TRC0238,SEC001,Traction,2025-01-05 06:00,2025-01-05 16:45,10.6,83.18,CRITICAL,451.6,False,False,False,SCHEDULED
BLK00232,TRC0239,SEC009,Traction,2025-04-26 06:00,2025-04-26 08:30,2.4,42.75,MEDIUM,100.3,False,False,False,SCHEDULED
BLK00616,TRC0240,SEC023,Traction,2025-04-23 06:00,2025-04-23 14:15,8.2,42.05,MEDIUM,371.5,False,False,False,SCHEDULED
BLK01296,TRC0241,SEC048,Traction,2025-03-22 06:00,2025-03-22 16:30,10.5,43.8,MEDIUM,307.6,True,False,False,SCHEDULED
BLK00762,TRC0243,SEC028,Traction,2025-07-22 21:16,2025-07-23 06:01,8.7,64.3,HIGH,451.5,False,False,False,SCHEDULED
BLK01740,TRC0244,SEC065,Traction,2025-12-15 06:00,2025-12-15 10:00,4.0,62.1,HIGH,114.8,False,False,False,SCHEDULED
BLK01865,TRC0245,SEC071,Traction,2025-06-27 15:29,2025-06-27 18:14,2.6,39.2,LOW,57.7,False,False,False,SCHEDULED
BLK01469,TRC0247,SEC054,Traction,2025-10-12 06:00,2025-10-12 16:45,10.6,35.7,LOW,240.6,True,False,False,SCHEDULED
BLK01476,TRC0256,SEC055,Traction,2025-02-08 06:00,2025-02-08 11:30,5.4,94.3,CRITICAL,113.9,True,False,False,SCHEDULED
BLK00296,TRC0259,SEC011,Traction,2025-06-23 06:00,2025-06-23 14:00,8.0,42.9,MEDIUM,387.2,True,False,False,SCHEDULED
BLK01614,TRC0260,SEC060,Traction,2025-07-03 06:00,2025-07-03 08:15,2.1,80.3,CRITICAL,42.0,True,False,False,SCHEDULED
BLK01808,TRC0261,SEC068,Traction,2025-11-19 06:00,2025-11-19 17:15,11.1,63.8,HIGH,339.7,True,False,False,SCHEDULED
BLK00133,TRC0267,SEC005,Traction,2025-10-16 06:00,2025-10-16 15:00,8.9,84.8,CRITICAL,469.9,True,False,False,SCHEDULED
BLK01331,TRC0272,SEC049,Traction,2025-08-08 06:00,2025-08-08 13:15,7.1,30.48,LOW,233.6,True,False,False,SCHEDULED
BLK01033,TRC0273,SEC038,Traction,2025-01-21 06:31,2025-01-21 12:01,5.4,83.9,CRITICAL,221.9,True,False,False,SCHEDULED
BLK01488,TRC0274,SEC055,Traction,2025-05-24 06:00,2025-05-24 12:15,6.2,94.46,CRITICAL,130.8,True,False,False,SCHEDULED
BLK00039,TRC0276,SEC002,Traction,2025-06-05 06:00,2025-06-05 10:30,4.3,63.94,HIGH,146.6,True,False,False,SCHEDULED
BLK00307,TRC0277,SEC012,Traction,2025-02-04 06:00,2025-02-04 13:15,7.1,64.8,HIGH,286.8,True,False,False,SCHEDULED
BLK00789,TRC0278,SEC029,Traction,2025-06-02 08:44,2025-06-02 15:59,7.1,64.68,HIGH,363.5,False,False,False,SCHEDULED
BLK01852,TRC0282,SEC071,Traction,2025-02-11 06:00,2025-02-11 09:00,2.8,61.6,HIGH,62.2,False,False,False,SCHEDULED
BLK01017,TRC0285,SEC037,Traction,2025-06-18 06:00,2025-06-18 09:15,3.2,31.5,LOW,159.4,False,False,False,SCHEDULED
BLK01829,TRC0292,SEC070,Traction,2025-01-24 20:46,2025-01-25 06:01,9.2,61.98,HIGH,209.8,True,False,False,SCHEDULED
BLK00892,TRC0304,SEC032,Traction,2025-07-31 06:00,2025-07-31 12:00,5.9,42.0,MEDIUM,205.9,True,False,False,SCHEDULED
BLK00681,TRC0306,SEC025,Traction,2025-09-01 06:00,2025-09-01 15:30,9.4,46.7,MEDIUM,453.1,True,False,False,SCHEDULED
BLK00550,TRC0308,SEC020,Traction,2025-12-21 06:00,2025-12-21 15:45,9.7,63.8,HIGH,372.5,False,False,False,SCHEDULED
BLK01091,TRC0309,SEC040,Traction,2025-10-10 06:00,2025-10-10 15:30,9.5,32.0,LOW,229.9,False,False,False,SCHEDULED
BLK01244,TRC0310,SEC046,Traction,2025-03-30 21:31,2025-03-31 06:01,8.3,81.6,CRITICAL,224.1,True,False,False,SCHEDULED
BLK00345,TRC0312,SEC013,Traction,2025-05-16 06:00,2025-05-16 13:15,7.1,83.8,CRITICAL,337.2,False,False,False,SCHEDULED
BLK01422,TRC0313,SEC052,Traction,2025-11-01 06:00,2025-11-01 14:15,8.2,94.2,CRITICAL,164.0,True,False,False,SCHEDULED
BLK00068,TRC0316,SEC003,Traction,2025-05-15 06:00,2025-05-15 13:45,7.6,65.2,HIGH,373.9,True,False,False,SCHEDULED
BLK00153,TRC0322,SEC006,Traction,2025-06-18 13:44,2025-06-18 19:29,5.6,31.5,LOW,280.6,True,False,False,SCHEDULED
BLK00873,TRC0326,SEC031,Traction,2025-11-25 06:00,2025-11-25 09:00,2.8,38.4,LOW,113.4,False,False,False,SCHEDULED
BLK00545,TRC0330,SEC020,Traction,2025-10-04 06:00,2025-10-04 13:15,7.1,83.52,CRITICAL,272.6,False,False,False,SCHEDULED
BLK00676,TRC0338,SEC025,Traction,2025-07-09 06:00,2025-07-09 11:45,5.7,27.27,LOW,274.7,True,False,False,SCHEDULED
BLK00687,TRC0339,SEC025,Traction,2025-11-04 06:00,2025-11-04 12:00,5.8,41.25,MEDIUM,279.6,False,False,False,SCHEDULED
BLK00270,TRC0357,SEC010,Traction,2025-08-15 06:00,2025-08-15 09:45,3.6,83.9,CRITICAL,168.5,True,False,False,SCHEDULED
BLK01961,TRC0362,SEC075,Traction,2025-04-14 06:00,2025-04-14 11:30,5.4,94.2,CRITICAL,108.0,True,False,False,SCHEDULED
BLK00679,TRC0363,SEC025,Traction,2025-07-31 06:00,2025-07-31 10:45,4.6,64.07,HIGH,221.7,True,False,False,SCHEDULED
BLK01407,TRC0367,SEC052,Traction,2025-06-08 06:00,2025-06-08 07:30,1.3,62.4,HIGH,26.0,True,False,False,SCHEDULED
BLK00944,TRC0369,SEC034,Traction,2025-05-03 06:00,2025-05-03 10:30,4.3,38.08,LOW,145.8,False,False,False,SCHEDULED
BLK00201,TRC0372,SEC008,Traction,2025-04-26 06:00,2025-04-26 09:45,3.7,41.2,MEDIUM,168.4,False,False,False,SCHEDULED
BLK01298,TRC0374,SEC048,Traction,2025-04-13 06:00,2025-04-13 11:30,5.4,82.35,CRITICAL,158.2,True,False,False,SCHEDULED
BLK00626,TRC0380,SEC023,Traction,2025-08-07 06:00,2025-08-07 12:00,5.9,63.69,HIGH,267.3,False,False,False,SCHEDULED
BLK01419,TRC0383,SEC052,Traction,2025-10-06 06:00,2025-10-06 09:45,3.6,81.14,CRITICAL,72.0,True,False,False,SCHEDULED
BLK01796,TRC0385,SEC068,Traction,2025-05-24 06:00,2025-05-24 12:15,6.1,61.8,HIGH,186.7,True,False,False,SCHEDULED
BLK01934,TRC0389,SEC074,Traction,2025-03-24 16:59,2025-03-24 18:14,1.2,37.5,LOW,28.8,False,False,False,SCHEDULED
BLK01342,TRC0392,SEC049,Traction,2025-12-20 06:00,2025-12-20 13:00,6.9,62.8,HIGH,227.0,True,False,False,SCHEDULED
BLK00643,TRC0399,SEC024,Traction,2025-03-04 06:00,2025-03-04 16:15,10.1,63.71,HIGH,417.1,False,False,False,SCHEDULED
BLK00496,TRC0402,SEC019,Traction,2025-01-19 06:00,2025-01-19 08:15,2.1,66.5,HIGH,102.5,True,False,False,SCHEDULED
BLK00622,TRC0403,SEC023,Traction,2025-07-01 06:00,2025-07-01 12:45,6.7,85.0,CRITICAL,303.5,False,False,False,SCHEDULED
BLK00767,TRC0406,SEC028,Traction,2025-09-16 11:29,2025-09-16 20:59,9.3,42.6,MEDIUM,482.7,False,False,False,SCHEDULED
BLK00419,TRC0414,SEC015,Traction,2025-09-02 06:00,2025-09-02 12:45,6.6,39.8,LOW,297.0,True,False,False,SCHEDULED
BLK01871,TRC0417,SEC071,Traction,2025-08-17 06:00,2025-08-17 15:45,9.7,80.0,CRITICAL,215.3,False,False,False,SCHEDULED
BLK00929,TRC0418,SEC033,Traction,2025-10-07 06:00,2025-10-07 07:45,1.6,39.0,LOW,78.7,True,False,False,SCHEDULED
BLK00548,TRC0419,SEC020,Traction,2025-10-20 06:00,2025-10-20 13:30,7.5,42.45,MEDIUM,288.0,False,False,False,SCHEDULED
BLK01212,TRC0420,SEC044,Traction,2025-11-30 06:00,2025-11-30 11:30,5.5,96.9,CRITICAL,190.8,True,False,False,SCHEDULED
BLK01357,TRC0421,SEC050,Traction,2025-08-13 06:00,2025-08-13 12:30,6.5,39.6,LOW,130.0,False,False,False,SCHEDULED
BLK01689,TRC0422,SEC063,Traction,2025-06-22 13:44,2025-06-22 23:14,9.4,59.5,MEDIUM,190.8,False,False,False,SCHEDULED
BLK01309,TRC0439,SEC048,Traction,2025-07-30 06:00,2025-07-30 17:45,11.6,61.32,HIGH,339.9,True,False,False,SCHEDULED
BLK01978,TRC0440,SEC075,Traction,2025-09-28 06:00,2025-09-28 08:30,2.4,42.0,MEDIUM,48.0,True,False,False,SCHEDULED
BLK00024,TRC0444,SEC001,Traction,2025-11-18 00:16,2025-11-18 06:01,5.7,84.6,CRITICAL,242.8,False,False,False,SCHEDULED
BLK00673,TRC0459,SEC025,Traction,2025-06-16 06:00,2025-06-16 18:00,11.9,64.4,HIGH,573.6,True,False,False,SCHEDULED
BLK01975,TRC0460,SEC075,Traction,2025-09-15 06:00,2025-09-15 09:00,2.9,58.81,MEDIUM,58.0,True,False,False,SCHEDULED
BLK01676,TRC0476,SEC062,Traction,2025-11-15 06:00,2025-11-15 17:00,10.9,79.69,HIGH,218.0,True,False,False,SCHEDULED
BLK01814,TRC0481,SEC069,Traction,2025-02-24 09:59,2025-02-24 20:44,10.6,31.6,LOW,212.0,False,False,False,SCHEDULED
BLK01408,TRC0483,SEC052,Traction,2025-06-10 06:00,2025-06-10 12:30,6.4,94.8,CRITICAL,128.0,False,False,False,SCHEDULED
BLK00433,TRC0484,SEC015,Traction,2025-11-25 06:00,2025-11-25 13:30,7.3,83.9,CRITICAL,328.5,True,False,False,SCHEDULED
BLK00022,TRC0491,SEC001,Traction,2025-10-05 06:00,2025-10-05 18:00,11.9,97.3,CRITICAL,506.9,False,False,False,SCHEDULED
BLK01887,TRC0493,SEC072,Traction,2025-03-24 06:00,2025-03-24 11:45,5.7,81.8,CRITICAL,136.8,True,False,False,SCHEDULED
BLK01364,TRC0498,SEC050,Traction,2025-10-16 06:00,2025-10-16 09:45,3.6,80.3,CRITICAL,72.0,False,False,False,SCHEDULED
BLK01633,TRC0499,SEC061,Traction,2025-03-13 06:00,2025-03-13 08:30,2.3,38.5,LOW,47.4,True,False,False,SCHEDULED
BLK00964,TRC0501,SEC035,Traction,2025-02-22 21:59,2025-02-22 23:14,1.2,40.5,MEDIUM,57.8,False,False,False,SCHEDULED
BLK00985,TRC0502,SEC036,Traction,2025-03-27 06:00,2025-03-27 16:15,10.2,63.6,HIGH,531.4,True,False,False,SCHEDULED
BLK01593,TRC0504,SEC059,Traction,2025-05-15 06:00,2025-05-15 15:30,9.5,79.7,HIGH,191.0,True,False,False,SCHEDULED
BLK01115,TRC0506,SEC041,Traction,2025-09-12 06:00,2025-09-12 11:45,5.6,62.3,HIGH,117.6,False,False,False,SCHEDULED
BLK01481,TRC0513,SEC055,Traction,2025-03-01 06:00,2025-03-01 10:30,4.3,39.3,LOW,90.7,False,False,False,SCHEDULED
BLK01831,TRC0518,SEC070,Traction,2025-03-14 06:00,2025-03-14 10:00,4.0,94.8,CRITICAL,91.2,True,False,False,SCHEDULED
BLK01517,TRC0519,SEC056,Traction,2025-03-17 06:00,2025-03-17 12:15,6.1,39.58,LOW,173.8,False,False,False,SCHEDULED
BLK00320,TRC0522,SEC012,Traction,2025-07-07 06:00,2025-07-07 07:45,1.6,63.84,HIGH,64.6,False,False,False,SCHEDULED
BLK00764,TRC0532,SEC028,Traction,2025-08-16 06:00,2025-08-16 11:45,5.7,84.9,CRITICAL,295.8,True,False,False,SCHEDULED
BLK00704,TRC0533,SEC026,Traction,2025-07-16 23:46,2025-07-17 06:01,6.1,65.8,HIGH,314.8,False,False,False,SCHEDULED
BLK01965,TRC0534,SEC075,Traction,2025-05-17 06:00,2025-05-17 12:00,5.8,80.6,CRITICAL,116.0,True,False,False,SCHEDULED
BLK01870,TRC0540,SEC071,Traction,2025-08-10 06:00,2025-08-10 13:30,7.3,61.68,HIGH,162.1,False,False,False,SCHEDULED
BLK00553,TRC0542,SEC021,Traction,2025-02-10 06:00,2025-02-10 08:15,2.2,62.64,HIGH,95.9,True,False,False,SCHEDULED
BLK00203,TRC0544,SEC008,Traction,2025-05-19 06:00,2025-05-19 16:45,10.7,45.2,MEDIUM,486.8,False,False,False,SCHEDULED
BLK00354,TRC0551,SEC013,Traction,2025-07-16 06:00,2025-07-16 16:00,10.0,84.2,CRITICAL,475.0,False,False,False,SCHEDULED
BLK01691,TRC0553,SEC063,Traction,2025-07-22 06:00,2025-07-22 08:45,2.6,80.6,CRITICAL,52.8,False,False,False,SCHEDULED
BLK00134,TRC0555,SEC005,Traction,2025-10-29 06:00,2025-10-29 14:00,7.8,64.65,HIGH,411.8,False,False,False,SCHEDULED
BLK01812,TRC0564,SEC069,Traction,2025-01-15 06:00,2025-01-15 17:15,11.1,94.6,CRITICAL,222.0,False,False,False,SCHEDULED
BLK00127,TRC0573,SEC005,Traction,2025-07-11 23:31,2025-07-12 06:01,6.3,39.8,LOW,332.6,True,False,False,SCHEDULED
BLK00098,TRC0575,SEC004,Traction,2025-03-10 06:00,2025-03-10 15:30,9.4,40.97,MEDIUM,408.9,True,False,False,SCHEDULED
BLK00223,TRC0576,SEC009,Traction,2025-01-29 06:00,2025-01-29 12:30,6.4,44.95,MEDIUM,267.5,True,False,False,SCHEDULED
BLK01521,TRC0582,SEC056,Traction,2025-07-12 06:00,2025-07-12 16:30,10.4,62.3,HIGH,296.4,True,False,False,SCHEDULED
BLK01380,TRC0592,SEC051,Traction,2025-08-14 06:00,2025-08-14 11:00,4.9,40.9,MEDIUM,126.4,True,False,False,SCHEDULED
BLK01213,TRC0594,SEC045,Traction,2025-01-17 06:00,2025-01-17 14:30,8.5,96.0,CRITICAL,238.0,False,False,False,SCHEDULED
BLK00029,TRC0598,SEC002,Traction,2025-02-04 22:47,2025-02-05 01:02,2.1,44.45,MEDIUM,71.6,False,False,False,SCHEDULED
BLK01006,TRC0603,SEC037,Traction,2025-01-11 06:00,2025-01-11 11:30,5.5,85.5,CRITICAL,273.9,False,False,False,SCHEDULED
BLK00704,TRC0604,SEC026,Traction,2025-07-17 06:00,2025-07-17 11:30,5.4,47.2,MEDIUM,278.6,False,False,False,SCHEDULED
BLK01737,TRC0606,SEC065,Traction,2025-09-27 06:00,2025-09-27 09:30,3.3,38.2,LOW,94.7,True,False,False,SCHEDULED
BLK00439,TRC0608,SEC016,Traction,2025-05-02 00:00,2025-05-02 02:45,2.7,39.79,LOW,114.5,True,False,False,SCHEDULED
BLK00316,TRC0619,SEC012,Traction,2025-05-04 06:00,2025-05-04 11:15,5.2,84.1,CRITICAL,210.1,False,False,False,SCHEDULED
BLK00975,TRC0625,SEC035,Traction,2025-10-17 06:00,2025-10-17 16:30,10.3,64.4,HIGH,496.5,True,False,False,SCHEDULED
BLK01266,TRC0629,SEC047,Traction,2025-01-29 06:00,2025-01-29 14:15,8.2,60.9,HIGH,167.3,False,False,False,SCHEDULED
BLK01969,TRC0632,SEC075,Traction,2025-08-08 06:00,2025-08-08 07:30,1.5,94.16,CRITICAL,30.0,False,False,False,SCHEDULED
BLK00917,TRC0643,SEC033,Traction,2025-07-10 06:00,2025-07-10 16:00,9.9,99.2,CRITICAL,487.1,True,False,False,SCHEDULED
BLK00396,TRC0645,SEC014,Traction,2025-09-26 06:00,2025-09-26 09:00,2.9,64.0,HIGH,131.7,True,False,False,SCHEDULED
BLK00655,TRC0650,SEC024,Traction,2025-08-29 06:00,2025-08-29 11:30,5.3,82.8,CRITICAL,218.9,False,False,False,SCHEDULED
BLK01892,TRC0655,SEC072,Traction,2025-05-31 06:00,2025-05-31 11:30,5.4,61.2,HIGH,129.6,False,False,False,SCHEDULED
BLK00187,TRC0660,SEC008,Traction,2025-01-14 06:00,2025-01-14 09:15,3.2,42.7,MEDIUM,145.6,True,False,False,SCHEDULED
BLK01234,TRC0665,SEC045,Traction,2025-11-12 06:00,2025-11-12 09:30,3.5,81.3,CRITICAL,98.0,True,False,False,SCHEDULED
BLK00162,TRC0668,SEC006,Traction,2025-10-20 06:00,2025-10-20 13:00,6.8,85.78,CRITICAL,340.7,True,False,False,SCHEDULED
BLK01116,TRC0670,SEC041,Traction,2025-09-25 06:00,2025-09-25 09:45,3.7,39.5,LOW,77.7,False,False,False,SCHEDULED
BLK00612,TRC0677,SEC023,Traction,2025-03-11 22:01,2025-03-12 06:01,8.0,42.2,MEDIUM,362.4,True,False,False,SCHEDULED
BLK01736,TRC0680,SEC065,Traction,2025-08-31 06:00,2025-08-31 07:45,1.7,30.9,LOW,48.8,True,False,False,SCHEDULED
BLK00965,TRC0687,SEC035,Traction,2025-04-06 06:00,2025-04-06 15:30,9.5,65.99,HIGH,457.9,True,False,False,SCHEDULED
BLK01235,TRC0696,SEC045,Traction,2025-11-18 06:00,2025-11-18 11:45,5.7,62.47,HIGH,159.6,True,False,False,SCHEDULED
BLK00939,TRC0699,SEC034,Traction,2025-02-23 16:59,2025-02-24 01:44,8.7,25.1,LOW,294.9,False,False,False,SCHEDULED
BLK00603,TRC0700,SEC022,Traction,2025-09-29 06:00,2025-09-29 09:30,3.5,97.7,CRITICAL,136.5,True,False,False,SCHEDULED
BLK00271,TRC0703,SEC010,Traction,2025-08-19 06:00,2025-08-19 10:00,3.8,66.2,HIGH,177.8,True,False,False,SCHEDULED
BLK01949,TRC0704,SEC074,Traction,2025-10-23 06:00,2025-10-23 11:00,4.9,81.2,CRITICAL,117.6,True,False,False,SCHEDULED
BLK01493,TRC0709,SEC055,Traction,2025-07-28 06:00,2025-07-28 08:45,2.6,36.24,LOW,54.9,False,False,False,SCHEDULED
BLK00851,TRC0714,SEC031,Traction,2025-05-03 06:00,2025-05-03 09:00,2.9,97.9,CRITICAL,117.4,True,False,False,SCHEDULED
BLK01123,TRC0721,SEC042,Traction,2025-01-23 15:14,2025-01-23 18:59,3.6,61.5,HIGH,104.8,False,False,False,SCHEDULED
BLK00624,TRC0722,SEC023,Traction,2025-07-24 01:01,2025-07-24 06:01,5.0,98.06,CRITICAL,226.5,True,False,False,SCHEDULED
BLK01014,TRC0723,SEC037,Traction,2025-05-10 06:00,2025-05-10 17:30,11.5,65.5,HIGH,572.7,False,False,False,SCHEDULED
BLK01274,TRC0724,SEC047,Traction,2025-05-16 23:31,2025-05-17 06:01,6.3,80.6,CRITICAL,128.5,True,False,False,SCHEDULED
BLK00847,TRC0729,SEC031,Traction,2025-03-13 07:59,2025-03-13 09:59,1.9,38.2,LOW,77.0,False,False,False,SCHEDULED
BLK00378,TRC0731,SEC014,Traction,2025-04-15 06:00,2025-04-15 17:30,11.5,39.8,LOW,522.1,False,False,False,SCHEDULED
BLK01054,TRC0732,SEC039,Traction,2025-03-04 06:00,2025-03-04 09:30,3.4,63.12,HIGH,122.1,False,False,False,SCHEDULED
BLK01536,TRC0734,SEC057,Traction,2025-02-12 06:00,2025-02-12 13:30,7.5,61.5,HIGH,260.2,True,False,False,SCHEDULED
BLK01102,TRC0736,SEC041,Traction,2025-02-28 06:00,2025-02-28 17:00,10.8,35.0,LOW,226.8,False,False,False,SCHEDULED
BLK00146,TRC0744,SEC006,Traction,2025-03-25 06:00,2025-03-25 10:30,4.4,84.8,CRITICAL,220.4,False,False,False,SCHEDULED
BLK00393,TRC0745,SEC014,Traction,2025-08-26 06:00,2025-08-26 17:45,11.7,66.2,HIGH,531.2,True,False,False,SCHEDULED
BLK01585,TRC0749,SEC059,Traction,2025-02-08 06:00,2025-02-08 18:00,11.9,61.5,HIGH,239.2,True,False,False,SCHEDULED
BLK01599,TRC0752,SEC059,Traction,2025-09-28 06:00,2025-09-28 09:15,3.1,79.85,HIGH,62.3,True,False,False,SCHEDULED
BLK00391,TRC0755,SEC014,Traction,2025-08-19 06:00,2025-08-19 15:00,8.8,84.1,CRITICAL,399.5,True,False,False,SCHEDULED
BLK00790,TRC0760,SEC029,Traction,2025-06-05 06:00,2025-06-05 15:30,9.4,64.17,HIGH,481.3,False,False,False,SCHEDULED
BLK01539,TRC0761,SEC057,Traction,2025-04-01 06:00,2025-04-01 15:45,9.7,82.5,CRITICAL,336.6,False,False,False,SCHEDULED
BLK01897,TRC0764,SEC072,Traction,2025-08-21 06:00,2025-08-21 16:30,10.4,80.3,CRITICAL,249.6,False,False,False,SCHEDULED
BLK00933,TRC0769,SEC033,Traction,2025-11-06 06:00,2025-11-06 12:45,6.6,41.48,MEDIUM,324.7,False,False,False,SCHEDULED
BLK01485,TRC0778,SEC055,Traction,2025-04-05 06:00,2025-04-05 14:45,8.6,62.3,HIGH,181.5,False,False,False,SCHEDULED
BLK00806,TRC0779,SEC030,Traction,2025-02-04 06:00,2025-02-04 10:00,3.9,34.7,LOW,159.5,True,False,False,SCHEDULED
BLK00524,TRC0785,SEC019,Traction,2025-12-06 14:14,2025-12-06 16:14,1.8,64.7,HIGH,87.8,False,False,False,SCHEDULED
BLK01817,TRC0786,SEC069,Traction,2025-05-09 06:00,2025-05-09 13:00,6.9,80.8,CRITICAL,138.0,True,False,False,SCHEDULED
BLK00106,TRC0787,SEC004,Traction,2025-09-28 06:00,2025-09-28 08:00,1.8,44.4,MEDIUM,78.3,False,False,False,SCHEDULED
BLK01411,TRC0790,SEC052,Traction,2025-07-09 06:00,2025-07-09 14:15,8.1,80.6,CRITICAL,162.0,True,False,False,SCHEDULED
BLK00259,TRC0797,SEC010,Traction,2025-04-11 06:00,2025-04-11 07:15,1.1,98.9,CRITICAL,51.5,True,False,False,SCHEDULED
BLK01463,TRC0800,SEC054,Traction,2025-07-30 06:00,2025-07-30 07:30,1.5,36.0,LOW,34.0,True,False,False,SCHEDULED
BLK00617,TRC0806,SEC023,Traction,2025-05-02 03:01,2025-05-02 06:01,3.0,62.6,HIGH,135.9,False,False,False,SCHEDULED
BLK01176,TRC0808,SEC043,Traction,2025-12-18 06:00,2025-12-18 16:45,10.6,82.0,CRITICAL,346.6,True,False,False,SCHEDULED
BLK00977,TRC0810,SEC035,Traction,2025-11-09 06:00,2025-11-09 11:30,5.3,64.8,HIGH,255.5,True,False,False,SCHEDULED
BLK00854,TRC0815,SEC031,Traction,2025-05-25 06:00,2025-05-25 14:30,8.3,64.6,HIGH,336.2,False,False,False,SCHEDULED
BLK01889,TRC0816,SEC072,Traction,2025-05-19 06:00,2025-05-19 10:00,4.0,62.8,HIGH,96.0,False,False,False,SCHEDULED
BLK01908,TRC0837,SEC073,Traction,2025-04-04 06:00,2025-04-04 12:45,6.6,40.69,MEDIUM,137.3,False,False,False,SCHEDULED
BLK00973,TRC0838,SEC035,Traction,2025-10-12 06:00,2025-10-12 12:00,5.8,39.3,LOW,279.6,True,False,False,SCHEDULED
BLK00397,TRC0839,SEC014,Traction,2025-10-08 06:00,2025-10-08 11:30,5.3,65.1,HIGH,240.6,False,False,False,SCHEDULED
BLK00589,TRC0840,SEC022,Traction,2025-05-05 06:00,2025-05-05 17:45,11.6,65.0,HIGH,452.4,True,False,False,SCHEDULED
BLK00980,TRC0846,SEC035,Traction,2025-12-04 06:00,2025-12-04 11:30,5.4,31.4,LOW,260.3,False,False,False,SCHEDULED
BLK00599,TRC0851,SEC022,Traction,2025-08-15 06:00,2025-08-15 12:15,6.1,39.5,LOW,237.9,True,False,False,SCHEDULED
BLK00314,TRC0856,SEC012,Traction,2025-04-28 06:00,2025-04-28 17:00,10.9,61.9,HIGH,440.4,False,False,False,SCHEDULED
BLK00608,TRC0858,SEC023,Traction,2025-02-04 18:13,2025-02-05 01:43,7.3,63.11,HIGH,330.7,True,False,False,SCHEDULED
BLK00533,TRC0859,SEC020,Traction,2025-05-16 06:00,2025-05-16 10:15,4.2,62.9,HIGH,161.3,True,False,False,SCHEDULED
BLK00215,TRC0864,SEC008,Traction,2025-09-16 06:00,2025-09-16 13:30,7.3,98.0,CRITICAL,332.2,False,False,False,SCHEDULED
BLK00989,TRC0876,SEC036,Traction,2025-05-25 06:00,2025-05-25 17:15,11.1,40.4,MEDIUM,578.3,False,False,False,SCHEDULED
BLK00310,TRC0881,SEC012,Traction,2025-02-25 06:00,2025-02-25 09:30,3.5,43.41,MEDIUM,141.4,True,False,False,SCHEDULED
BLK00293,TRC0882,SEC011,Traction,2025-06-19 06:00,2025-06-19 14:45,8.7,62.88,HIGH,421.1,True,False,False,SCHEDULED
BLK00369,TRC0884,SEC013,Traction,2025-11-23 06:00,2025-11-23 13:30,7.4,65.57,HIGH,351.5,False,False,False,SCHEDULED
BLK01300,TRC0890,SEC048,Traction,2025-05-02 06:00,2025-05-02 07:30,1.5,82.68,CRITICAL,43.9,False,False,False,SCHEDULED
BLK01382,TRC0901,SEC051,Traction,2025-09-05 06:00,2025-09-05 11:00,5.0,60.78,HIGH,129.0,True,False,False,SCHEDULED
BLK00532,TRC0911,SEC020,Traction,2025-05-02 06:00,2025-05-02 16:00,9.8,64.3,HIGH,376.3,False,False,False,SCHEDULED
BLK00731,TRC0914,SEC027,Traction,2025-05-31 06:00,2025-05-31 07:30,1.4,42.6,MEDIUM,50.0,True,False,False,SCHEDULED
BLK00057,TRC0918,SEC003,Traction,2025-02-23 06:00,2025-02-23 07:30,1.5,65.7,HIGH,73.8,True,False,False,SCHEDULED
BLK01672,TRC0919,SEC062,Traction,2025-09-12 06:00,2025-09-12 16:30,10.3,80.34,CRITICAL,206.0,True,False,False,SCHEDULED
BLK00422,TRC0921,SEC015,Traction,2025-09-20 06:00,2025-09-20 07:15,1.1,85.2,CRITICAL,49.5,False,False,False,SCHEDULED
BLK00258,TRC0922,SEC010,Traction,2025-03-14 06:00,2025-03-14 11:45,5.7,43.8,MEDIUM,266.8,True,False,False,SCHEDULED
BLK00135,TRC0928,SEC005,Traction,2025-11-14 06:00,2025-11-14 12:00,5.9,85.3,CRITICAL,311.5,True,False,False,SCHEDULED
BLK01845,TRC0929,SEC070,Traction,2025-10-05 06:00,2025-10-05 12:30,6.5,80.1,CRITICAL,148.2,True,False,False,SCHEDULED
BLK00352,TRC0946,SEC013,Traction,2025-07-01 06:00,2025-07-01 12:30,6.3,43.7,MEDIUM,299.2,False,False,False,SCHEDULED
BLK00770,TRC0951,SEC028,Traction,2025-09-28 06:00,2025-09-28 08:15,2.2,85.77,CRITICAL,114.2,True,False,False,SCHEDULED
BLK01619,TRC0953,SEC060,Traction,2025-09-02 06:00,2025-09-02 17:00,10.9,36.2,LOW,218.0,False,False,False,SCHEDULED
BLK00692,TRC0955,SEC026,Traction,2025-01-16 06:00,2025-01-16 07:30,1.3,65.4,HIGH,67.1,False,False,False,SCHEDULED
BLK00638,TRC0959,SEC023,Traction,2025-11-24 06:00,2025-11-24 08:15,2.1,85.2,CRITICAL,95.1,True,False,False,SCHEDULED
BLK01715,TRC0961,SEC064,Traction,2025-09-11 06:00,2025-09-11 08:00,1.9,94.61,CRITICAL,46.6,False,False,False,SCHEDULED
BLK01509,TRC0963,SEC056,Traction,2025-02-14 06:00,2025-02-14 14:45,8.6,37.9,LOW,245.1,True,False,False,SCHEDULED
BLK00167,TRC0967,SEC007,Traction,2025-01-30 16:00,2025-01-30 22:00,5.9,64.1,HIGH,279.7,False,False,False,SCHEDULED
BLK00557,TRC0968,SEC021,Traction,2025-05-03 06:00,2025-05-03 16:30,10.3,62.6,HIGH,449.1,False,False,False,SCHEDULED
BLK01774,TRC0971,SEC067,Traction,2025-03-24 06:00,2025-03-24 13:00,6.9,81.4,CRITICAL,178.0,True,False,False,SCHEDULED
BLK00923,TRC0975,SEC033,Traction,2025-08-12 06:00,2025-08-12 08:45,2.6,63.22,HIGH,127.9,True,False,False,SCHEDULED
BLK01096,TRC0977,SEC040,Traction,2025-12-21 06:00,2025-12-21 09:15,3.2,94.6,CRITICAL,77.4,False,False,False,SCHEDULED
BLK01553,TRC0979,SEC057,Traction,2025-11-11 23:01,2025-11-12 06:01,6.9,61.84,HIGH,239.4,True,False,False,SCHEDULED
BLK00659,TRC0980,SEC024,Traction,2025-09-22 06:00,2025-09-22 14:00,8.0,64.0,HIGH,330.4,False,False,False,SCHEDULED
BLK00653,TRC0990,SEC024,Traction,2025-07-28 06:00,2025-07-28 11:45,5.6,27.51,LOW,231.3,False,False,False,SCHEDULED
BLK00251,TRC0995,SEC009,Traction,2025-11-24 06:00,2025-11-24 16:15,10.1,97.9,CRITICAL,422.2,False,False,False,SCHEDULED
BLK01724,TRC0996,SEC065,Traction,2025-02-23 06:00,2025-02-23 09:45,3.7,61.1,HIGH,106.2,False,False,False,SCHEDULED
BLK01733,TRC0998,SEC065,Traction,2025-06-21 06:00,2025-06-21 10:30,4.5,60.1,HIGH,129.2,True,False,False,SCHEDULED
BLK00824,TRC1004,SEC030,Traction,2025-06-29 06:00,2025-06-29 17:00,11.0,39.1,LOW,449.9,True,False,False,SCHEDULED
BLK00131,TRC1009,SEC005,Traction,2025-09-19 06:00,2025-09-19 09:30,3.4,44.3,MEDIUM,179.5,True,False,False,SCHEDULED
BLK01552,TRC1010,SEC057,Traction,2025-10-14 06:00,2025-10-14 11:15,5.2,61.93,HIGH,180.4,False,False,False,SCHEDULED
BLK01208,TRC1012,SEC044,Traction,2025-10-21 06:00,2025-10-21 10:00,4.0,64.4,HIGH,138.8,True,False,False,SCHEDULED
BLK01258,TRC1017,SEC046,Traction,2025-11-03 06:00,2025-11-03 09:00,2.8,43.5,MEDIUM,75.6,False,False,False,SCHEDULED
BLK01806,TRC1019,SEC068,Traction,2025-10-18 21:01,2025-10-19 06:01,8.8,61.28,HIGH,269.3,True,False,False,SCHEDULED
BLK00165,TRC1021,SEC006,Traction,2025-12-15 01:59,2025-12-15 11:29,9.4,65.8,HIGH,470.9,False,False,False,SCHEDULED
BLK00388,TRC1031,SEC014,Traction,2025-07-29 06:00,2025-07-29 11:45,5.7,98.2,CRITICAL,258.8,True,False,False,SCHEDULED
BLK01758,TRC1032,SEC066,Traction,2025-09-10 06:00,2025-09-10 09:30,3.4,80.7,CRITICAL,91.8,True,False,False,SCHEDULED
BLK01484,TRC1038,SEC055,Traction,2025-04-01 06:00,2025-04-01 07:30,1.4,81.6,CRITICAL,29.5,False,False,False,SCHEDULED
BLK01630,TRC1039,SEC061,Traction,2025-02-20 09:59,2025-02-20 16:14,6.1,80.0,CRITICAL,125.7,True,False,False,SCHEDULED
BLK01910,TRC1042,SEC073,Traction,2025-05-08 06:00,2025-05-08 07:30,1.3,80.9,CRITICAL,27.0,True,False,False,SCHEDULED
BLK01400,TRC1049,SEC052,Traction,2025-03-10 06:00,2025-03-10 10:00,4.0,24.63,LOW,80.0,False,False,False,SCHEDULED
BLK00334,TRC1050,SEC013,Traction,2025-01-13 06:00,2025-01-13 07:15,1.1,63.55,HIGH,52.3,True,False,False,SCHEDULED
BLK01273,TRC1053,SEC047,Traction,2025-03-11 06:00,2025-03-11 16:45,10.7,61.1,HIGH,218.3,False,False,False,SCHEDULED
BLK01016,TRC1054,SEC037,Traction,2025-05-17 06:00,2025-05-17 08:15,2.2,98.59,CRITICAL,109.6,False,False,False,SCHEDULED
BLK00476,TRC1070,SEC018,Traction,2025-01-28 09:59,2025-01-28 15:14,5.2,41.0,MEDIUM,216.3,True,False,False,SCHEDULED
BLK01853,TRC1076,SEC071,Traction,2025-02-12 06:00,2025-02-12 17:00,10.9,36.8,LOW,242.0,False,False,False,SCHEDULED
BLK01639,TRC1081,SEC061,Traction,2025-06-24 01:46,2025-06-24 06:01,4.1,40.1,MEDIUM,84.5,False,False,False,SCHEDULED
BLK00520,TRC1088,SEC019,Traction,2025-10-05 06:00,2025-10-05 16:00,9.8,84.2,CRITICAL,478.2,True,False,False,SCHEDULED
BLK01453,TRC1089,SEC054,Traction,2025-03-09 06:00,2025-03-09 09:45,3.6,59.7,MEDIUM,81.7,True,False,False,SCHEDULED
BLK01527,TRC1090,SEC056,Traction,2025-08-17 04:31,2025-08-17 06:01,1.4,26.9,LOW,39.9,False,False,False,SCHEDULED
BLK00144,TRC1103,SEC006,Traction,2025-02-27 06:00,2025-02-27 15:30,9.5,85.7,CRITICAL,476.0,True,False,False,SCHEDULED
BLK01732,TRC1105,SEC065,Traction,2025-06-16 06:00,2025-06-16 15:30,9.5,24.9,LOW,272.6,False,False,False,SCHEDULED
BLK00966,TRC1113,SEC035,Traction,2025-05-03 06:00,2025-05-03 10:15,4.1,98.2,CRITICAL,197.6,True,False,False,SCHEDULED
BLK01158,TRC1117,SEC043,Traction,2025-06-30 06:00,2025-06-30 16:45,10.7,31.5,LOW,349.9,True,False,False,SCHEDULED
BLK00453,TRC1122,SEC016,Traction,2025-12-14 06:00,2025-12-14 09:30,3.3,26.96,LOW,139.9,False,False,False,SCHEDULED
BLK00584,TRC1123,SEC022,Traction,2025-03-02 06:00,2025-03-02 17:00,11.0,65.0,HIGH,429.0,False,False,False,SCHEDULED
BLK00298,TRC1131,SEC011,Traction,2025-07-25 06:00,2025-07-25 10:00,3.9,43.64,MEDIUM,188.8,True,False,False,SCHEDULED
BLK01944,TRC1132,SEC074,Traction,2025-08-02 06:00,2025-08-02 12:30,6.3,59.7,MEDIUM,151.2,False,False,False,SCHEDULED
BLK01197,TRC1134,SEC044,Traction,2025-07-28 06:00,2025-07-28 10:00,3.8,96.25,CRITICAL,131.9,True,False,False,SCHEDULED
BLK01081,TRC1142,SEC040,Traction,2025-07-10 06:00,2025-07-10 15:15,9.2,81.9,CRITICAL,222.6,True,False,False,SCHEDULED
BLK01802,TRC1143,SEC068,Traction,2025-08-22 21:16,2025-08-23 06:01,8.7,24.5,LOW,266.2,True,False,False,SCHEDULED
BLK01101,TRC1144,SEC041,Traction,2025-02-03 06:00,2025-02-03 16:00,10.0,94.5,CRITICAL,210.0,True,False,False,SCHEDULED
BLK01637,TRC1146,SEC061,Traction,2025-06-02 06:00,2025-06-02 08:45,2.7,24.6,LOW,55.6,True,False,False,SCHEDULED
BLK01866,TRC1147,SEC071,Traction,2025-07-07 06:00,2025-07-07 09:15,3.1,62.3,HIGH,68.8,True,False,False,SCHEDULED
BLK00957,TRC1154,SEC034,Traction,2025-10-25 06:00,2025-10-25 15:00,8.8,61.57,HIGH,298.3,False,False,False,SCHEDULED
BLK00688,TRC1170,SEC025,Traction,2025-11-05 06:00,2025-11-05 12:30,6.3,65.21,HIGH,303.7,True,False,False,SCHEDULED
BLK01269,TRC1177,SEC047,Traction,2025-02-14 06:00,2025-02-14 14:30,8.4,94.4,CRITICAL,171.4,True,False,False,SCHEDULED
BLK00270,TRC1178,SEC010,Traction,2025-08-15 06:00,2025-08-15 17:00,10.8,64.0,HIGH,505.4,False,False,False,SCHEDULED
BLK01577,TRC1195,SEC058,Traction,2025-11-17 06:00,2025-11-17 13:30,7.5,95.3,CRITICAL,204.8,True,False,False,SCHEDULED
BLK00942,TRC1196,SEC034,Traction,2025-04-04 06:00,2025-04-04 15:00,9.0,63.8,HIGH,305.1,False,False,False,SCHEDULED
BLK00184,TRC1202,SEC007,Traction,2025-12-17 06:00,2025-12-17 15:00,9.0,64.5,HIGH,426.6,False,False,False,SCHEDULED
BLK00546,TRC1219,SEC020,Traction,2025-10-08 19:01,2025-10-09 06:01,10.8,23.5,LOW,414.7,False,False,False,SCHEDULED
BLK01649,TRC1220,SEC061,Traction,2025-12-18 06:00,2025-12-18 17:45,11.6,39.6,LOW,239.0,False,False,False,SCHEDULED
BLK01933,TRC1223,SEC074,Traction,2025-02-13 06:00,2025-02-13 11:00,4.8,62.79,HIGH,115.2,False,False,False,SCHEDULED
BLK00758,TRC1231,SEC028,Traction,2025-06-12 06:00,2025-06-12 08:30,2.3,85.3,CRITICAL,119.4,False,False,False,SCHEDULED
BLK01794,TRC1232,SEC068,Traction,2025-03-31 06:00,2025-03-31 12:00,6.0,95.79,CRITICAL,183.6,False,False,False,SCHEDULED
BLK00665,TRC1239,SEC024,Traction,2025-11-11 06:00,2025-11-11 11:45,5.7,83.1,CRITICAL,235.4,True,False,False,SCHEDULED
BLK00027,TRC1240,SEC002,Traction,2025-01-07 06:00,2025-01-07 07:15,1.1,83.1,CRITICAL,37.5,False,False,False,SCHEDULED
BLK00047,TRC1244,SEC002,Traction,2025-08-04 06:00,2025-08-04 15:30,9.5,83.3,CRITICAL,324.0,True,False,False,SCHEDULED
BLK00048,TRC1247,SEC002,Traction,2025-08-16 06:00,2025-08-16 16:45,10.7,32.05,LOW,364.9,False,False,False,SCHEDULED
BLK00795,TRC1249,SEC029,Traction,2025-08-05 06:00,2025-08-05 14:45,8.7,65.5,HIGH,445.4,False,False,False,SCHEDULED
BLK00785,TRC1255,SEC029,Traction,2025-05-14 06:00,2025-05-14 13:45,7.7,84.3,CRITICAL,394.2,True,False,False,SCHEDULED
BLK00961,TRC1260,SEC035,Traction,2025-01-19 10:29,2025-01-19 19:29,8.8,42.5,MEDIUM,424.2,False,False,False,SCHEDULED
BLK01149,TRC1264,SEC043,Traction,2025-02-07 06:00,2025-02-07 15:30,9.3,64.09,HIGH,304.1,True,False,False,SCHEDULED
BLK01761,TRC1265,SEC066,Traction,2025-10-18 06:00,2025-10-18 14:30,8.4,60.1,HIGH,226.8,False,False,False,SCHEDULED
BLK00868,TRC1266,SEC031,Traction,2025-10-23 06:00,2025-10-23 09:45,3.7,62.94,HIGH,149.8,True,False,False,SCHEDULED
BLK01000,TRC1270,SEC036,Traction,2025-09-16 23:31,2025-09-17 06:01,6.3,63.67,HIGH,328.2,False,False,False,SCHEDULED
BLK01322,TRC1284,SEC049,Traction,2025-03-12 06:00,2025-03-12 14:45,8.7,82.0,CRITICAL,286.2,True,False,False,SCHEDULED
BLK01216,TRC1285,SEC045,Traction,2025-03-09 06:00,2025-03-09 16:00,10.0,60.95,HIGH,280.0,False,False,False,SCHEDULED
BLK01065,TRC1286,SEC039,Traction,2025-11-27 06:00,2025-11-27 13:15,7.1,62.3,HIGH,254.9,False,False,False,SCHEDULED
BLK01601,TRC1290,SEC059,Traction,2025-10-27 06:00,2025-10-27 17:45,11.6,80.52,CRITICAL,233.2,True,False,False,SCHEDULED
BLK00576,TRC1294,SEC021,Traction,2025-12-09 06:00,2025-12-09 12:45,6.7,84.1,CRITICAL,292.1,False,False,False,SCHEDULED
BLK01285,TRC1304,SEC047,Traction,2025-10-11 06:00,2025-10-11 15:15,9.2,61.26,HIGH,187.7,False,False,False,SCHEDULED
BLK00931,TRC1308,SEC033,Traction,2025-10-27 06:00,2025-10-27 16:45,10.7,84.7,CRITICAL,526.4,True,False,False,SCHEDULED
BLK01545,TRC1309,SEC057,Traction,2025-06-18 06:00,2025-06-18 13:15,7.2,83.2,CRITICAL,249.8,False,False,False,SCHEDULED
BLK01492,TRC1311,SEC055,Traction,2025-07-12 06:00,2025-07-12 13:45,7.7,38.6,LOW,162.5,True,False,False,SCHEDULED
BLK01204,TRC1318,SEC044,Traction,2025-09-24 06:00,2025-09-24 12:15,6.1,64.1,HIGH,211.7,True,False,False,SCHEDULED
BLK01930,TRC1320,SEC074,Traction,2025-02-01 06:00,2025-02-01 16:15,10.2,80.9,CRITICAL,244.8,True,False,False,SCHEDULED
BLK01780,TRC1321,SEC067,Traction,2025-06-04 06:00,2025-06-04 13:45,7.6,81.0,CRITICAL,196.1,True,False,False,SCHEDULED
BLK01771,TRC1324,SEC067,Traction,2025-02-14 06:00,2025-02-14 14:00,7.9,81.91,CRITICAL,203.8,True,False,False,SCHEDULED
BLK00311,TRC1336,SEC012,Traction,2025-04-06 07:59,2025-04-06 09:14,1.2,26.7,LOW,48.5,False,False,False,SCHEDULED
BLK01846,TRC1341,SEC070,Traction,2025-10-08 06:00,2025-10-08 09:30,3.3,61.89,HIGH,75.2,True,False,False,SCHEDULED
BLK00225,TRC1347,SEC009,Traction,2025-02-21 06:00,2025-02-21 11:30,5.5,62.3,HIGH,229.9,True,False,False,SCHEDULED
BLK01442,TRC1349,SEC053,Traction,2025-10-21 03:01,2025-10-21 06:01,3.0,37.9,LOW,75.0,False,False,False,SCHEDULED
BLK00050,TRC1350,SEC002,Traction,2025-09-19 04:45,2025-09-19 15:00,10.2,64.5,HIGH,347.8,True,False,False,SCHEDULED
BLK01640,TRC1352,SEC061,Traction,2025-08-10 06:00,2025-08-10 16:30,10.3,94.72,CRITICAL,212.2,False,False,False,SCHEDULED
BLK00381,TRC1354,SEC014,Traction,2025-05-20 06:00,2025-05-20 10:15,4.2,63.5,HIGH,190.7,True,False,False,SCHEDULED
BLK01894,TRC1358,SEC072,Traction,2025-07-19 06:00,2025-07-19 11:00,4.9,38.6,LOW,117.6,True,False,False,SCHEDULED
BLK01520,TRC1359,SEC056,Traction,2025-04-28 06:00,2025-04-28 15:30,9.4,96.05,CRITICAL,267.9,False,False,False,SCHEDULED
BLK01547,TRC1360,SEC057,Traction,2025-08-01 06:00,2025-08-01 17:15,11.1,63.38,HIGH,385.2,False,False,False,SCHEDULED
BLK01659,TRC1364,SEC062,Traction,2025-05-09 06:00,2025-05-09 12:45,6.6,39.89,LOW,132.0,True,False,False,SCHEDULED
BLK00527,TRC1365,SEC020,Traction,2025-02-17 06:00,2025-02-17 15:00,9.0,63.17,HIGH,345.6,False,False,False,SCHEDULED
BLK00789,TRC1371,SEC029,Traction,2025-06-02 06:00,2025-06-02 08:45,2.7,43.3,MEDIUM,138.2,False,False,False,SCHEDULED
BLK01574,TRC1375,SEC058,Traction,2025-09-18 06:00,2025-09-18 10:30,4.4,61.3,HIGH,120.1,False,False,False,SCHEDULED
BLK00876,TRC1381,SEC031,Traction,2025-12-10 06:00,2025-12-10 16:00,9.8,64.1,HIGH,396.9,False,False,False,SCHEDULED
BLK01516,TRC1382,SEC056,Traction,2025-03-13 06:00,2025-03-13 14:15,8.2,95.41,CRITICAL,233.7,True,False,False,SCHEDULED
BLK01842,TRC1384,SEC070,Traction,2025-07-19 06:00,2025-07-19 17:45,11.7,95.0,CRITICAL,266.8,True,False,False,SCHEDULED
BLK00641,TRC1386,SEC024,Traction,2025-01-28 08:58,2025-01-28 15:58,6.8,38.78,LOW,280.8,False,False,False,SCHEDULED
BLK01967,TRC1390,SEC075,Traction,2025-06-29 06:00,2025-06-29 15:30,9.4,41.8,MEDIUM,188.0,False,False,False,SCHEDULED
BLK01984,TRC1395,SEC075,Traction,2025-10-19 06:00,2025-10-19 16:30,10.4,37.1,LOW,208.0,True,False,False,SCHEDULED
BLK00624,TRC1408,SEC023,Traction,2025-07-24 06:00,2025-07-24 16:30,10.5,84.5,CRITICAL,475.6,False,False,False,SCHEDULED
BLK00267,TRC1414,SEC010,Traction,2025-08-06 06:00,2025-08-06 09:30,3.4,85.0,CRITICAL,159.1,False,False,False,SCHEDULED
BLK01811,TRC1418,SEC069,Traction,2025-01-08 06:00,2025-01-08 13:30,7.3,60.4,HIGH,146.0,True,False,False,SCHEDULED
BLK00058,TRC1419,SEC003,Traction,2025-02-24 06:00,2025-02-24 17:45,11.7,65.2,HIGH,575.6,True,False,False,SCHEDULED
BLK01064,TRC1423,SEC039,Traction,2025-11-24 06:00,2025-11-24 08:00,2.0,26.9,LOW,71.8,False,False,False,SCHEDULED
BLK00671,TRC1429,SEC025,Traction,2025-05-11 15:29,2025-05-11 19:59,4.5,32.1,LOW,216.9,False,False,False,SCHEDULED
BLK01892,TRC1432,SEC072,Traction,2025-05-31 02:46,2025-05-31 06:01,3.1,60.61,HIGH,74.4,False,False,False,SCHEDULED
BLK00309,TRC1434,SEC012,Traction,2025-02-19 06:00,2025-02-19 10:00,3.9,37.7,LOW,157.6,True,False,False,SCHEDULED
BLK00611,TRC1439,SEC023,Traction,2025-02-23 06:00,2025-02-23 15:15,9.1,64.68,HIGH,412.2,False,False,False,SCHEDULED
BLK00732,TRC1440,SEC027,Traction,2025-06-09 06:00,2025-06-09 07:45,1.6,41.5,MEDIUM,57.1,False,False,False,SCHEDULED
BLK00990,TRC1452,SEC036,Traction,2025-06-06 06:00,2025-06-06 17:45,11.6,66.5,HIGH,604.4,True,False,False,SCHEDULED
BLK00515,TRC1456,SEC019,Traction,2025-09-01 06:00,2025-09-01 15:45,9.7,30.2,LOW,473.4,True,False,False,SCHEDULED
BLK01250,TRC1460,SEC046,Traction,2025-06-09 06:00,2025-06-09 15:15,9.1,62.78,HIGH,245.7,True,False,False,SCHEDULED
BLK01150,TRC1465,SEC043,Traction,2025-03-17 06:00,2025-03-17 07:30,1.3,83.1,CRITICAL,42.5,True,False,False,SCHEDULED
BLK00869,TRC1466,SEC031,Traction,2025-10-24 06:00,2025-10-24 14:45,8.6,34.7,LOW,348.3,True,False,False,SCHEDULED
BLK01121,TRC1467,SEC041,Traction,2025-11-27 06:00,2025-11-27 10:15,4.1,59.62,MEDIUM,86.1,False,False,False,SCHEDULED
BLK01611,TRC1473,SEC060,Traction,2025-05-29 06:00,2025-05-29 13:00,6.9,41.6,MEDIUM,138.0,True,False,False,SCHEDULED
BLK00819,TRC1475,SEC030,Traction,2025-05-25 06:00,2025-05-25 14:30,8.5,62.83,HIGH,347.6,True,False,False,SCHEDULED
BLK01610,TRC1476,SEC060,Traction,2025-05-06 06:00,2025-05-06 08:45,2.6,81.2,CRITICAL,52.0,True,False,False,SCHEDULED
BLK00574,TRC1487,SEC021,Traction,2025-11-19 06:00,2025-11-19 17:45,11.7,65.9,HIGH,510.1,True,False,False,SCHEDULED
BLK01679,TRC1490,SEC063,Traction,2025-02-14 06:00,2025-02-14 16:00,9.8,60.23,HIGH,198.9,True,False,False,SCHEDULED
BLK00252,TRC1495,SEC010,Traction,2025-02-09 21:59,2025-02-10 04:29,6.5,63.3,HIGH,304.2,True,False,False,SCHEDULED
BLK01397,TRC1500,SEC052,Traction,2025-02-09 06:00,2025-02-09 12:00,5.9,61.5,HIGH,118.0,True,False,False,SCHEDULED
BLK01019,TRC1501,SEC037,Traction,2025-07-13 06:00,2025-07-13 13:00,6.9,29.49,LOW,343.6,False,False,False,SCHEDULED
BLK00993,TRC1503,SEC036,Traction,2025-06-28 06:00,2025-06-28 13:00,6.8,65.06,HIGH,354.3,False,False,False,SCHEDULED
BLK01763,TRC1509,SEC066,Traction,2025-11-21 06:00,2025-11-21 11:45,5.6,62.1,HIGH,151.2,True,False,False,SCHEDULED
BLK00519,TRC1512,SEC019,Traction,2025-10-01 06:00,2025-10-01 10:00,3.8,40.1,MEDIUM,185.4,True,False,False,SCHEDULED
BLK00850,TRC1513,SEC031,Traction,2025-04-08 06:00,2025-04-08 17:00,11.0,39.5,LOW,445.5,False,False,False,SCHEDULED
BLK01272,TRC1516,SEC047,Traction,2025-02-23 06:00,2025-02-23 11:15,5.1,61.67,HIGH,104.0,True,False,False,SCHEDULED
BLK01513,TRC1519,SEC056,Traction,2025-03-04 06:00,2025-03-04 09:45,3.6,37.7,LOW,102.6,True,False,False,SCHEDULED
BLK01905,TRC1522,SEC073,Traction,2025-01-31 06:00,2025-01-31 08:00,1.9,94.69,CRITICAL,39.5,True,False,False,SCHEDULED
BLK01058,TRC1530,SEC039,Traction,2025-08-05 06:00,2025-08-05 11:45,5.7,40.58,MEDIUM,204.6,True,False,False,SCHEDULED
BLK01061,TRC1536,SEC039,Traction,2025-10-03 06:00,2025-10-03 16:00,10.0,38.8,LOW,359.0,True,False,False,SCHEDULED
BLK01568,TRC1541,SEC058,Traction,2025-07-21 10:44,2025-07-21 22:14,11.5,59.9,MEDIUM,314.0,True,False,False,SCHEDULED
BLK01173,TRC1547,SEC043,Traction,2025-11-08 22:16,2025-11-09 06:01,7.6,64.3,HIGH,248.5,True,False,False,SCHEDULED
BLK01023,TRC1549,SEC037,Traction,2025-08-16 06:00,2025-08-16 13:00,6.9,64.0,HIGH,343.6,False,False,False,SCHEDULED
BLK01734,TRC1553,SEC065,Traction,2025-07-09 06:00,2025-07-09 13:30,7.5,61.51,HIGH,215.2,True,False,False,SCHEDULED
BLK01265,TRC1562,SEC047,Traction,2025-01-24 06:00,2025-01-24 15:00,9.0,24.34,LOW,183.6,True,False,False,SCHEDULED
BLK01086,TRC1570,SEC040,Traction,2025-08-23 06:00,2025-08-23 16:00,9.8,62.98,HIGH,237.2,False,False,False,SCHEDULED
BLK01223,TRC1571,SEC045,Traction,2025-07-16 06:00,2025-07-16 16:15,10.2,95.82,CRITICAL,285.6,True,False,False,SCHEDULED
BLK01966,TRC1583,SEC075,Traction,2025-06-27 21:59,2025-06-28 06:14,8.2,35.3,LOW,164.0,True,False,False,SCHEDULED
BLK01211,TRC1586,SEC044,Traction,2025-11-14 06:00,2025-11-14 12:00,6.0,81.9,CRITICAL,208.2,True,False,False,SCHEDULED
BLK01860,TRC1587,SEC071,Traction,2025-05-07 06:00,2025-05-07 16:15,10.2,42.8,MEDIUM,226.4,True,False,False,SCHEDULED
BLK01677,TRC1594,SEC062,Traction,2025-12-19 06:00,2025-12-19 11:30,5.5,94.79,CRITICAL,110.0,True,False,False,SCHEDULED
BLK00581,TRC1602,SEC022,Traction,2025-01-22 06:00,2025-01-22 11:45,5.7,43.7,MEDIUM,222.3,True,False,False,SCHEDULED
BLK01143,TRC1603,SEC042,Traction,2025-12-12 06:00,2025-12-12 15:00,8.9,42.0,MEDIUM,259.0,False,False,False,SCHEDULED
BLK01412,TRC1605,SEC052,Traction,2025-07-12 06:00,2025-07-12 16:15,10.2,61.9,HIGH,204.0,True,False,False,SCHEDULED
BLK00578,TRC1606,SEC022,Traction,2025-01-03 06:00,2025-01-03 18:00,11.8,82.47,CRITICAL,460.2,False,False,False,SCHEDULED
BLK01260,TRC1610,SEC046,Traction,2025-11-17 06:00,2025-11-17 09:45,3.7,95.28,CRITICAL,99.9,True,False,False,SCHEDULED
BLK01544,TRC1611,SEC057,Traction,2025-06-16 06:00,2025-06-16 09:30,3.3,38.72,LOW,114.5,True,False,False,SCHEDULED
BLK00834,TRC1615,SEC030,Traction,2025-10-03 06:00,2025-10-03 10:15,4.1,41.4,MEDIUM,167.7,True,False,False,SCHEDULED
BLK01489,TRC1622,SEC055,Traction,2025-06-03 06:00,2025-06-03 07:15,1.1,24.0,LOW,23.2,False,False,False,SCHEDULED
BLK01443,TRC1626,SEC053,Traction,2025-10-24 06:00,2025-10-24 17:30,11.5,27.5,LOW,287.5,False,False,False,SCHEDULED
BLK00730,TRC1630,SEC027,Traction,2025-05-28 06:00,2025-05-28 07:30,1.4,62.5,HIGH,50.0,True,False,False,SCHEDULED
BLK00641,TRC1631,SEC024,Traction,2025-01-28 07:29,2025-01-28 08:59,1.3,33.3,LOW,53.7,True,False,False,SCHEDULED
BLK01054,TRC1634,SEC039,Traction,2025-03-03 21:46,2025-03-04 06:01,8.1,64.8,HIGH,290.8,True,False,False,SCHEDULED
BLK01108,TRC1637,SEC041,Traction,2025-06-22 06:00,2025-06-22 07:30,1.3,42.4,MEDIUM,27.3,True,False,False,SCHEDULED
BLK00672,TRC1642,SEC025,Traction,2025-05-14 00:31,2025-05-14 06:01,5.3,31.78,LOW,255.5,False,False,False,SCHEDULED
BLK00173,TRC1644,SEC007,Traction,2025-06-22 06:00,2025-06-22 10:30,4.4,41.9,MEDIUM,208.6,True,False,False,SCHEDULED
BLK00844,TRC1648,SEC031,Traction,2025-01-27 22:01,2025-01-28 06:01,7.8,43.1,MEDIUM,315.9,False,False,False,SCHEDULED
BLK01840,TRC1652,SEC070,Traction,2025-07-15 06:00,2025-07-15 10:45,4.7,60.97,HIGH,107.2,True,False,False,SCHEDULED
BLK01097,TRC1659,SEC041,Traction,2025-01-16 06:00,2025-01-16 13:00,6.9,80.5,CRITICAL,144.9,True,False,False,SCHEDULED
BLK01317,TRC1673,SEC049,Traction,2025-01-16 17:59,2025-01-17 00:59,7.0,63.2,HIGH,230.3,True,False,False,SCHEDULED
BLK01547,TRC1678,SEC057,Traction,2025-08-01 06:00,2025-08-01 17:30,11.3,96.4,CRITICAL,392.1,True,False,False,SCHEDULED
BLK00490,TRC1683,SEC018,Traction,2025-09-05 06:00,2025-09-05 16:00,9.9,64.3,HIGH,411.8,True,False,False,SCHEDULED
BLK00277,TRC1688,SEC010,Traction,2025-12-17 19:31,2025-12-18 06:01,10.5,35.2,LOW,491.4,False,False,False,SCHEDULED
BLK00890,TRC1691,SEC032,Traction,2025-06-28 06:00,2025-06-28 09:30,3.5,42.51,MEDIUM,122.2,True,False,False,SCHEDULED
BLK00476,TRC1696,SEC018,Traction,2025-01-28 09:59,2025-01-28 18:14,8.2,62.11,HIGH,341.1,False,False,False,SCHEDULED
BLK01276,TRC1697,SEC047,Traction,2025-06-16 04:16,2025-06-16 06:01,1.6,25.9,LOW,32.6,True,False,False,SCHEDULED
BLK00379,TRC1699,SEC014,Traction,2025-04-16 06:00,2025-04-16 08:00,1.9,97.8,CRITICAL,86.3,False,False,False,SCHEDULED
BLK01820,TRC1702,SEC069,Traction,2025-07-14 06:00,2025-07-14 12:15,6.2,81.0,CRITICAL,124.0,True,False,False,SCHEDULED
BLK01010,TRC1714,SEC037,Traction,2025-03-03 06:00,2025-03-03 09:00,3.0,64.4,HIGH,149.4,False,False,False,SCHEDULED
BLK01506,TRC1716,SEC056,Traction,2025-01-18 06:59,2025-01-18 16:59,9.8,32.7,LOW,279.3,False,False,False,SCHEDULED
BLK01713,TRC1723,SEC064,Traction,2025-09-10 00:16,2025-09-10 06:01,5.6,95.1,CRITICAL,137.2,False,False,False,SCHEDULED
BLK00347,TRC1725,SEC013,Traction,2025-05-31 06:00,2025-05-31 12:45,6.6,63.2,HIGH,313.5,True,False,False,SCHEDULED
BLK01562,TRC1726,SEC058,Traction,2025-04-23 17:14,2025-04-23 18:44,1.4,26.3,LOW,38.2,False,False,False,SCHEDULED
BLK01810,TRC1730,SEC068,Traction,2025-12-07 06:00,2025-12-07 14:30,8.3,83.0,CRITICAL,254.0,False,False,False,SCHEDULED
BLK01229,TRC1736,SEC045,Traction,2025-09-18 06:00,2025-09-18 17:00,11.0,61.66,HIGH,308.0,False,False,False,SCHEDULED
BLK00482,TRC1737,SEC018,Traction,2025-04-08 06:00,2025-04-08 10:30,4.3,65.02,HIGH,178.9,False,False,False,SCHEDULED
BLK00632,TRC1748,SEC023,Traction,2025-09-20 06:00,2025-09-20 10:00,3.9,44.0,MEDIUM,176.7,False,False,False,SCHEDULED
BLK00841,TRC1751,SEC031,Traction,2025-01-03 06:00,2025-01-03 07:45,1.6,63.5,HIGH,64.8,True,False,False,SCHEDULED
BLK00308,TRC1754,SEC012,Traction,2025-02-12 06:00,2025-02-12 14:45,8.6,43.5,MEDIUM,347.4,True,False,False,SCHEDULED
BLK00094,TRC1760,SEC004,Traction,2025-02-06 06:00,2025-02-06 17:15,11.2,43.7,MEDIUM,487.2,False,False,False,SCHEDULED
BLK00687,TRC1763,SEC025,Traction,2025-11-04 00:46,2025-11-04 06:01,5.2,84.6,CRITICAL,250.6,True,False,False,SCHEDULED
BLK00194,TRC1766,SEC008,Traction,2025-02-08 06:00,2025-02-08 16:30,10.3,27.9,LOW,468.6,True,False,False,SCHEDULED
BLK00981,TRC1773,SEC036,Traction,2025-01-14 06:00,2025-01-14 13:00,7.0,44.6,MEDIUM,364.7,True,False,False,SCHEDULED
BLK01595,TRC1779,SEC059,Traction,2025-06-24 06:00,2025-06-24 13:30,7.3,81.0,CRITICAL,146.7,False,False,False,SCHEDULED
BLK01435,TRC1780,SEC053,Traction,2025-08-03 06:00,2025-08-03 07:30,1.5,82.0,CRITICAL,37.5,False,False,False,SCHEDULED
BLK00556,TRC1783,SEC021,Traction,2025-04-03 06:00,2025-04-03 17:00,10.8,62.8,HIGH,470.9,False,False,False,SCHEDULED
BLK01084,TRC1792,SEC040,Traction,2025-08-20 00:31,2025-08-20 06:01,5.4,95.2,CRITICAL,130.7,True,False,False,SCHEDULED
BLK00938,TRC1795,SEC033,Traction,2025-12-18 06:00,2025-12-18 16:00,10.0,64.69,HIGH,492.0,True,False,False,SCHEDULED
BLK00283,TRC1796,SEC011,Traction,2025-03-15 06:00,2025-03-15 07:45,1.6,42.41,MEDIUM,77.4,False,False,False,SCHEDULED
BLK00363,TRC1799,SEC013,Traction,2025-09-15 06:00,2025-09-15 11:30,5.3,84.76,CRITICAL,251.8,True,False,False,SCHEDULED
BLK01044,TRC1802,SEC038,Traction,2025-08-25 06:00,2025-08-25 16:45,10.7,83.1,CRITICAL,439.8,True,False,False,SCHEDULED
BLK00694,TRC1805,SEC026,Traction,2025-02-20 06:00,2025-02-20 09:00,2.9,41.4,MEDIUM,149.6,True,False,False,SCHEDULED
BLK00277,TRC1818,SEC010,Traction,2025-12-18 06:00,2025-12-18 12:45,6.7,38.7,LOW,313.6,True,False,False,SCHEDULED
BLK01532,TRC1827,SEC056,Traction,2025-11-21 06:00,2025-11-21 10:45,4.7,60.69,HIGH,134.0,False,False,False,SCHEDULED
BLK00799,TRC1828,SEC029,Traction,2025-09-20 06:00,2025-09-20 17:00,11.0,84.3,CRITICAL,563.2,False,False,False,SCHEDULED
BLK00019,TRC1830,SEC001,Traction,2025-09-12 06:00,2025-09-12 07:30,1.3,63.1,HIGH,55.4,False,False,False,SCHEDULED
BLK00678,TRC1831,SEC025,Traction,2025-07-30 06:00,2025-07-30 16:30,10.5,41.8,MEDIUM,506.1,False,False,False,SCHEDULED
BLK00627,TRC1832,SEC023,Traction,2025-08-25 06:00,2025-08-25 11:30,5.4,65.1,HIGH,244.6,False,False,False,SCHEDULED
BLK00410,TRC1837,SEC015,Traction,2025-06-04 06:00,2025-06-04 09:30,3.5,43.5,MEDIUM,157.5,False,False,False,SCHEDULED
BLK00206,TRC1841,SEC008,Traction,2025-06-06 06:00,2025-06-06 15:00,9.0,31.4,LOW,409.5,True,False,False,SCHEDULED
BLK00872,TRC1843,SEC031,Traction,2025-11-22 06:00,2025-11-22 12:45,6.7,28.7,LOW,271.4,False,False,False,SCHEDULED
BLK01959,TRC1844,SEC075,Traction,2025-03-08 06:00,2025-03-08 15:15,9.1,38.39,LOW,182.0,True,False,False,SCHEDULED
BLK01252,TRC1845,SEC046,Traction,2025-07-10 06:00,2025-07-10 08:00,2.0,61.0,HIGH,54.0,True,False,False,SCHEDULED
BLK01472,TRC1848,SEC054,Traction,2025-11-19 06:00,2025-11-19 16:30,10.5,60.1,HIGH,238.4,False,False,False,SCHEDULED
BLK01253,TRC1849,SEC046,Traction,2025-07-27 06:00,2025-07-27 13:45,7.7,24.2,LOW,207.9,True,False,False,SCHEDULED
BLK00420,TRC1854,SEC015,Traction,2025-09-05 06:00,2025-09-05 08:30,2.3,84.55,CRITICAL,103.5,False,False,False,SCHEDULED
BLK01409,TRC1857,SEC052,Traction,2025-06-20 23:01,2025-06-21 06:01,7.0,61.1,HIGH,140.0,False,False,False,SCHEDULED
BLK01899,TRC1858,SEC072,Traction,2025-09-17 07:29,2025-09-17 15:14,7.7,62.5,HIGH,184.8,False,False,False,SCHEDULED
BLK01084,TRC1870,SEC040,Traction,2025-08-20 06:00,2025-08-20 13:45,7.7,62.1,HIGH,186.3,False,False,False,SCHEDULED
BLK00326,TRC1872,SEC012,Traction,2025-09-21 17:59,2025-09-22 05:29,11.3,41.3,MEDIUM,456.5,False,False,False,SCHEDULED
BLK00062,TRC1873,SEC003,Traction,2025-04-09 06:00,2025-04-09 07:30,1.3,85.42,CRITICAL,64.0,True,False,False,SCHEDULED
BLK00250,TRC1876,SEC009,Traction,2025-11-11 06:00,2025-11-11 14:30,8.5,63.9,HIGH,355.3,True,False,False,SCHEDULED
BLK01936,TRC1877,SEC074,Traction,2025-05-01 06:00,2025-05-01 14:30,8.3,61.2,HIGH,199.2,False,False,False,SCHEDULED
BLK00699,TRC1878,SEC026,Traction,2025-05-23 06:00,2025-05-23 17:30,11.5,34.1,LOW,593.4,False,False,False,SCHEDULED
BLK00529,TRC1882,SEC020,Traction,2025-03-29 06:00,2025-03-29 13:15,7.2,26.1,LOW,276.5,False,False,False,SCHEDULED
BLK00573,TRC1887,SEC021,Traction,2025-11-18 11:59,2025-11-18 16:44,4.7,83.2,CRITICAL,204.9,False,False,False,SCHEDULED
BLK01287,TRC1894,SEC047,Traction,2025-11-10 06:00,2025-11-10 10:00,3.9,94.0,CRITICAL,79.6,False,False,False,SCHEDULED
BLK00964,TRC1895,SEC035,Traction,2025-02-23 06:00,2025-02-23 08:00,1.8,36.12,LOW,86.8,False,False,False,SCHEDULED
BLK01228,TRC1898,SEC045,Traction,2025-09-12 06:00,2025-09-12 11:30,5.5,82.6,CRITICAL,154.0,True,False,False,SCHEDULED
BLK00509,TRC1905,SEC019,Traction,2025-07-11 21:01,2025-07-12 06:01,8.8,43.2,MEDIUM,429.4,True,False,False,SCHEDULED
BLK00697,TRC1911,SEC026,Traction,2025-04-22 20:45,2025-04-22 22:00,1.2,98.86,CRITICAL,61.9,True,False,False,SCHEDULED
BLK00562,TRC1921,SEC021,Traction,2025-07-11 01:47,2025-07-11 10:17,8.4,65.03,HIGH,366.2,False,False,False,SCHEDULED
BLK01179,TRC1928,SEC044,Traction,2025-01-12 06:00,2025-01-12 08:15,2.2,61.57,HIGH,76.3,False,False,False,SCHEDULED
BLK00563,TRC1931,SEC021,Traction,2025-08-01 10:29,2025-08-01 13:14,2.7,62.4,HIGH,117.7,False,False,False,SCHEDULED
BLK01155,TRC1933,SEC043,Traction,2025-06-10 06:00,2025-06-10 09:00,2.8,62.5,HIGH,91.6,True,False,False,SCHEDULED
BLK01230,TRC1938,SEC045,Traction,2025-09-22 06:00,2025-09-22 11:00,4.8,81.5,CRITICAL,134.4,True,False,False,SCHEDULED
BLK00882,TRC1947,SEC032,Traction,2025-02-15 06:00,2025-02-15 15:00,9.0,81.9,CRITICAL,314.1,True,False,False,SCHEDULED
BLK00960,TRC1955,SEC034,Traction,2025-11-26 06:00,2025-11-26 17:30,11.5,39.91,LOW,389.9,False,False,False,SCHEDULED
BLK00185,TRC1957,SEC008,Traction,2025-01-04 06:00,2025-01-04 09:00,2.8,29.4,LOW,127.4,True,False,False,SCHEDULED
BLK00526,TRC1959,SEC020,Traction,2025-01-17 06:00,2025-01-17 12:00,6.0,97.1,CRITICAL,230.4,False,False,False,SCHEDULED
BLK01339,TRC1960,SEC049,Traction,2025-11-09 06:00,2025-11-09 09:30,3.5,82.5,CRITICAL,115.2,False,False,False,SCHEDULED
BLK00976,TRC1964,SEC035,Traction,2025-10-19 06:00,2025-10-19 18:00,11.9,98.35,CRITICAL,573.6,False,False,False,SCHEDULED
BLK00801,TRC1971,SEC029,Traction,2025-09-27 06:00,2025-09-27 11:15,5.1,65.46,HIGH,261.1,True,False,False,SCHEDULED
BLK00668,TRC1973,SEC025,Traction,2025-01-19 06:00,2025-01-19 13:15,7.1,63.3,HIGH,342.2,True,False,False,SCHEDULED
BLK00604,TRC1974,SEC022,Traction,2025-09-30 06:00,2025-09-30 08:30,2.4,83.2,CRITICAL,93.6,False,False,False,SCHEDULED
BLK01265,TRC1985,SEC047,Traction,2025-01-24 14:59,2025-01-24 22:59,8.0,40.9,MEDIUM,163.2,False,False,False,SCHEDULED
BLK01874,TRC1987,SEC071,Traction,2025-09-27 06:00,2025-09-27 17:30,11.4,81.1,CRITICAL,253.1,True,False,False,SCHEDULED
BLK00698,TRC1988,SEC026,Traction,2025-05-02 06:00,2025-05-02 13:00,7.0,63.8,HIGH,361.2,False,False,False,SCHEDULED
BLK01839,TRC1989,SEC070,Traction,2025-07-08 06:00,2025-07-08 08:30,2.4,36.6,LOW,54.7,False,False,False,SCHEDULED
BLK01872,TRC1990,SEC071,Traction,2025-08-30 06:00,2025-08-30 11:30,5.5,80.0,HIGH,122.1,True,False,False,SCHEDULED
BLK01685,TRC1999,SEC063,Traction,2025-03-29 05:01,2025-03-29 06:01,1.0,60.33,HIGH,20.3,True,False,False,SCHEDULED
BLK01954,TRC2005,SEC075,Traction,2025-01-07 06:00,2025-01-07 09:15,3.2,32.62,LOW,64.0,False,False,False,SCHEDULED
BLK00926,TRC2007,SEC033,Traction,2025-08-31 06:00,2025-08-31 12:00,5.8,41.73,MEDIUM,285.4,True,False,False,SCHEDULED
BLK01437,TRC2018,SEC053,Traction,2025-08-28 06:00,2025-08-28 11:00,5.0,62.5,HIGH,125.0,False,False,False,SCHEDULED
BLK00458,TRC2020,SEC017,Traction,2025-03-22 06:00,2025-03-22 16:45,10.7,96.7,CRITICAL,410.9,True,False,False,SCHEDULED
BLK00469,TRC2022,SEC017,Traction,2025-09-24 02:45,2025-09-24 12:45,10.0,62.18,HIGH,384.0,True,False,False,SCHEDULED
BLK01785,TRC2038,SEC067,Traction,2025-09-06 06:00,2025-09-06 12:45,6.6,37.3,LOW,170.3,True,False,False,SCHEDULED
BLK00728,TRC2041,SEC027,Traction,2025-05-06 06:00,2025-05-06 11:00,5.0,23.3,LOW,178.5,True,False,False,SCHEDULED
BLK01214,TRC2045,SEC045,Traction,2025-02-16 06:00,2025-02-16 08:00,1.9,61.8,HIGH,53.2,False,False,False,SCHEDULED
BLK01630,TRC2050,SEC061,Traction,2025-02-20 16:13,2025-02-20 19:28,3.2,38.5,LOW,65.9,False,False,False,SCHEDULED
BLK01762,TRC2053,SEC066,Traction,2025-11-02 06:00,2025-11-02 15:45,9.6,60.1,HIGH,259.2,False,False,False,SCHEDULED
BLK01714,TRC2069,SEC064,Traction,2025-09-10 17:13,2025-09-10 21:13,4.0,40.5,MEDIUM,98.0,False,False,False,SCHEDULED
BLK01071,TRC2071,SEC040,Traction,2025-04-25 06:00,2025-04-25 15:00,9.0,61.68,HIGH,217.8,False,False,False,SCHEDULED
BLK00591,TRC2073,SEC022,Traction,2025-05-20 06:00,2025-05-20 09:00,3.0,27.23,LOW,117.0,True,False,False,SCHEDULED
BLK01931,TRC2082,SEC074,Traction,2025-02-02 20:16,2025-02-03 06:01,9.6,60.84,HIGH,230.4,False,False,False,SCHEDULED
BLK01592,TRC2086,SEC059,Traction,2025-05-12 06:00,2025-05-12 10:45,4.7,40.49,MEDIUM,94.5,True,False,False,SCHEDULED
BLK00849,TRC2096,SEC031,Traction,2025-04-04 09:29,2025-04-04 18:29,8.9,38.2,LOW,360.4,True,False,False,SCHEDULED
BLK01135,TRC2106,SEC042,Traction,2025-08-01 06:00,2025-08-01 17:30,11.3,82.4,CRITICAL,328.8,True,False,False,SCHEDULED
BLK01745,TRC2107,SEC066,Traction,2025-01-20 06:00,2025-01-20 13:45,7.7,62.8,HIGH,207.9,False,False,False,SCHEDULED
BLK00590,TRC2111,SEC022,Traction,2025-05-17 06:00,2025-05-17 13:15,7.1,82.7,CRITICAL,276.9,False,False,False,SCHEDULED
BLK01976,TRC2115,SEC075,Traction,2025-09-20 06:00,2025-09-20 14:15,8.1,59.9,MEDIUM,162.0,False,False,False,SCHEDULED
BLK01024,TRC2122,SEC037,Traction,2025-08-18 06:00,2025-08-18 15:15,9.1,63.3,HIGH,453.2,True,False,False,SCHEDULED
BLK01413,TRC2127,SEC052,Traction,2025-07-22 06:00,2025-07-22 10:30,4.5,41.41,MEDIUM,90.0,False,False,False,SCHEDULED
BLK01347,TRC2129,SEC050,Traction,2025-05-01 06:00,2025-05-01 13:45,7.6,38.49,LOW,152.0,False,False,False,SCHEDULED
BLK00609,TRC2135,SEC023,Traction,2025-02-08 06:00,2025-02-08 12:00,6.0,26.71,LOW,271.8,False,False,False,SCHEDULED
BLK00983,TRC2139,SEC036,Traction,2025-03-22 06:00,2025-03-22 16:45,10.7,29.1,LOW,557.5,False,False,False,SCHEDULED
BLK00871,TRC2147,SEC031,Traction,2025-11-14 06:00,2025-11-14 15:45,9.7,64.4,HIGH,392.8,False,False,False,SCHEDULED
BLK01190,TRC2148,SEC044,Traction,2025-06-15 06:00,2025-06-15 09:30,3.5,82.92,CRITICAL,121.4,True,False,False,SCHEDULED
BLK00793,TRC2151,SEC029,Traction,2025-07-03 06:00,2025-07-03 16:15,10.2,67.1,HIGH,522.2,True,False,False,SCHEDULED
BLK01893,TRC2155,SEC072,Traction,2025-06-03 06:00,2025-06-03 11:45,5.6,37.7,LOW,134.4,False,False,False,SCHEDULED
BLK00415,TRC2156,SEC015,Traction,2025-07-29 06:00,2025-07-29 09:30,3.3,28.5,LOW,148.5,False,False,False,SCHEDULED
BLK01457,TRC2157,SEC054,Traction,2025-04-06 06:00,2025-04-06 08:30,2.5,61.5,HIGH,56.8,True,False,False,SCHEDULED
BLK01251,TRC2164,SEC046,Traction,2025-06-23 06:00,2025-06-23 14:00,7.8,61.36,HIGH,210.6,False,False,False,SCHEDULED
BLK00765,TRC2173,SEC028,Traction,2025-09-03 06:00,2025-09-03 16:30,10.4,66.7,HIGH,539.8,False,False,False,SCHEDULED
BLK00893,TRC2175,SEC032,Traction,2025-08-19 06:00,2025-08-19 07:15,1.2,40.5,MEDIUM,41.9,True,False,False,SCHEDULED
BLK00462,TRC2181,SEC017,Traction,2025-05-12 07:29,2025-05-12 16:44,9.2,33.82,LOW,353.3,False,False,False,SCHEDULED
BLK00705,TRC2190,SEC026,Traction,2025-08-11 06:00,2025-08-11 18:00,11.9,34.4,LOW,614.0,False,False,False,SCHEDULED
BLK01000,TRC2196,SEC036,Traction,2025-09-17 06:00,2025-09-17 12:15,6.1,99.4,CRITICAL,317.8,True,False,False,SCHEDULED
BLK01689,TRC2201,SEC063,Traction,2025-06-22 06:00,2025-06-22 13:45,7.6,80.58,CRITICAL,154.3,True,False,False,SCHEDULED
BLK01792,TRC2204,SEC068,Traction,2025-02-04 06:00,2025-02-04 10:45,4.6,81.3,CRITICAL,140.8,False,False,False,SCHEDULED
BLK00333,TRC2219,SEC012,Traction,2025-12-20 06:00,2025-12-20 14:00,8.0,97.7,CRITICAL,323.2,True,False,False,SCHEDULED
BLK00887,TRC2221,SEC032,Traction,2025-05-23 10:44,2025-05-23 12:44,1.9,33.86,LOW,66.3,False,False,False,SCHEDULED
BLK01175,TRC2223,SEC043,Traction,2025-12-17 06:00,2025-12-17 08:00,2.0,63.8,HIGH,65.4,False,False,False,SCHEDULED
BLK00720,TRC2231,SEC027,Traction,2025-03-02 06:00,2025-03-02 10:15,4.2,96.7,CRITICAL,149.9,True,False,False,SCHEDULED
BLK00718,TRC2232,SEC027,Traction,2025-01-31 06:00,2025-01-31 16:15,10.1,32.31,LOW,360.6,True,False,False,SCHEDULED
BLK00735,TRC2233,SEC027,Traction,2025-07-05 06:00,2025-07-05 10:30,4.3,39.0,LOW,153.5,True,False,False,SCHEDULED
BLK01880,TRC2241,SEC071,Traction,2025-12-18 06:00,2025-12-18 07:15,1.1,60.75,HIGH,24.4,True,False,False,SCHEDULED
BLK00552,TRC2252,SEC021,Traction,2025-02-05 06:00,2025-02-05 08:45,2.7,65.7,HIGH,117.7,True,False,False,SCHEDULED
BLK01847,TRC2254,SEC070,Traction,2025-10-10 06:00,2025-10-10 12:45,6.6,59.5,MEDIUM,150.5,True,False,False,SCHEDULED
BLK01287,TRC2262,SEC047,Traction,2025-11-10 06:00,2025-11-10 10:45,4.6,42.53,MEDIUM,93.8,True,False,False,SCHEDULED
BLK00661,TRC2266,SEC024,Traction,2025-10-02 06:00,2025-10-02 17:15,11.2,84.4,CRITICAL,462.6,False,False,False,SCHEDULED
BLK01477,TRC2267,SEC055,Traction,2025-02-11 06:00,2025-02-11 15:30,9.4,61.77,HIGH,198.3,True,False,False,SCHEDULED
BLK01385,TRC2269,SEC051,Traction,2025-10-15 06:00,2025-10-15 08:30,2.4,81.2,CRITICAL,61.9,True,False,False,SCHEDULED
BLK00336,TRC2273,SEC013,Traction,2025-01-22 06:00,2025-01-22 15:30,9.5,41.0,MEDIUM,451.2,True,False,False,SCHEDULED
BLK00658,TRC2284,SEC024,Traction,2025-09-20 06:00,2025-09-20 12:30,6.4,64.29,HIGH,264.3,True,False,False,SCHEDULED
BLK01303,TRC2291,SEC048,Traction,2025-05-17 06:00,2025-05-17 17:45,11.7,63.6,HIGH,342.8,True,False,False,SCHEDULED
BLK00374,TRC2297,SEC014,Traction,2025-02-15 01:43,2025-02-15 05:13,3.5,40.5,MEDIUM,158.9,False,False,False,SCHEDULED
BLK01327,TRC2299,SEC049,Traction,2025-07-23 06:00,2025-07-23 16:15,10.1,61.2,HIGH,332.3,True,False,False,SCHEDULED
BLK01670,TRC2302,SEC062,Traction,2025-08-23 06:00,2025-08-23 12:30,6.5,37.6,LOW,130.0,True,False,False,SCHEDULED
BLK00825,TRC2304,SEC030,Traction,2025-07-07 06:00,2025-07-07 07:00,1.0,97.5,CRITICAL,40.9,True,False,False,SCHEDULED
BLK00365,TRC2319,SEC013,Traction,2025-10-04 06:00,2025-10-04 15:30,9.4,43.2,MEDIUM,446.5,False,False,False,SCHEDULED
BLK00373,TRC2321,SEC014,Traction,2025-01-09 06:00,2025-01-09 08:30,2.4,85.3,CRITICAL,109.0,True,False,False,SCHEDULED
BLK01186,TRC2323,SEC044,Traction,2025-05-14 06:00,2025-05-14 11:45,5.7,63.22,HIGH,197.8,True,False,False,SCHEDULED
BLK01966,TRC2324,SEC075,Traction,2025-06-27 10:00,2025-06-27 22:00,11.9,79.76,HIGH,238.0,False,False,False,SCHEDULED
BLK00050,TRC2326,SEC002,Traction,2025-09-19 14:59,2025-09-19 18:29,3.4,38.35,LOW,115.9,False,False,False,SCHEDULED
BLK01917,TRC2347,SEC073,Traction,2025-07-15 06:00,2025-07-15 13:30,7.4,94.1,CRITICAL,153.9,True,False,False,SCHEDULED
BLK00406,TRC2354,SEC015,Traction,2025-01-17 14:29,2025-01-18 00:29,9.8,39.51,LOW,441.0,True,False,False,SCHEDULED
BLK00318,TRC2362,SEC012,Traction,2025-07-02 06:00,2025-07-02 08:30,2.3,42.4,MEDIUM,92.9,True,False,False,SCHEDULED
BLK01805,TRC2376,SEC068,Traction,2025-10-08 06:00,2025-10-08 12:15,6.1,62.4,HIGH,186.7,False,False,False,SCHEDULED
BLK01032,TRC2378,SEC037,Traction,2025-12-11 06:00,2025-12-11 09:30,3.4,84.6,CRITICAL,169.3,False,False,False,SCHEDULED
BLK00152,TRC2379,SEC006,Traction,2025-06-16 09:29,2025-06-16 17:29,8.0,64.2,HIGH,400.8,False,False,False,SCHEDULED
BLK01311,TRC2390,SEC048,Traction,2025-09-05 06:00,2025-09-05 11:30,5.3,95.6,CRITICAL,155.3,True,False,False,SCHEDULED
BLK00340,TRC2393,SEC013,Traction,2025-02-24 06:00,2025-02-24 15:30,9.3,98.53,CRITICAL,441.8,True,False,False,SCHEDULED
BLK01387,TRC2399,SEC051,Traction,2025-10-29 06:00,2025-10-29 08:00,1.9,60.1,HIGH,49.0,False,False,False,SCHEDULED
BLK00451,TRC2405,SEC016,Traction,2025-11-28 06:00,2025-11-28 13:15,7.1,83.5,CRITICAL,301.0,True,False,False,SCHEDULED
BLK01093,TRC2407,SEC040,Traction,2025-11-18 06:00,2025-11-18 16:00,9.8,95.2,CRITICAL,237.2,True,False,False,SCHEDULED
BLK01555,TRC2411,SEC058,Traction,2025-01-24 17:44,2025-01-25 02:59,9.2,61.21,HIGH,251.2,True,False,False,SCHEDULED
BLK01379,TRC2422,SEC051,Traction,2025-07-14 06:00,2025-07-14 13:30,7.3,36.2,LOW,188.3,False,False,False,SCHEDULED
BLK01573,TRC2427,SEC058,Traction,2025-09-16 12:44,2025-09-16 22:29,9.7,61.74,HIGH,264.8,True,False,False,SCHEDULED
BLK01220,TRC2431,SEC045,Traction,2025-06-15 06:00,2025-06-15 08:15,2.1,62.3,HIGH,58.8,False,False,False,SCHEDULED
BLK01898,TRC2434,SEC072,Traction,2025-08-27 08:15,2025-08-27 09:45,1.5,41.3,MEDIUM,36.0,True,False,False,SCHEDULED
BLK00096,TRC2435,SEC004,Traction,2025-02-28 06:00,2025-02-28 11:30,5.3,64.41,HIGH,230.6,True,False,False,SCHEDULED
BLK01349,TRC2436,SEC050,Traction,2025-05-06 13:29,2025-05-06 16:29,2.9,39.8,LOW,58.0,False,False,False,SCHEDULED
BLK00403,TRC2437,SEC014,Traction,2025-11-21 06:00,2025-11-21 15:45,9.6,64.51,HIGH,435.8,True,False,False,SCHEDULED
BLK01105,TRC2438,SEC041,Traction,2025-05-04 06:00,2025-05-04 12:15,6.2,61.96,HIGH,130.2,True,False,False,SCHEDULED
BLK01699,TRC2442,SEC063,Traction,2025-10-20 06:00,2025-10-20 08:30,2.5,62.2,HIGH,50.8,True,False,False,SCHEDULED
BLK00566,TRC2444,SEC021,Traction,2025-10-01 06:00,2025-10-01 09:45,3.7,63.69,HIGH,161.3,True,False,False,SCHEDULED
BLK00716,TRC2445,SEC027,Traction,2025-01-03 06:00,2025-01-03 08:45,2.7,83.1,CRITICAL,96.4,False,False,False,SCHEDULED
BLK00292,TRC2447,SEC011,Traction,2025-06-07 06:00,2025-06-07 08:00,2.0,98.2,CRITICAL,96.8,True,False,False,SCHEDULED
BLK00810,TRC2448,SEC030,Traction,2025-02-23 06:00,2025-02-23 08:00,1.9,38.7,LOW,77.7,True,False,False,SCHEDULED
BLK01707,TRC2451,SEC064,Traction,2025-02-14 06:00,2025-02-14 11:15,5.1,62.4,HIGH,125.0,False,False,False,SCHEDULED
BLK00431,TRC2453,SEC015,Traction,2025-11-05 06:00,2025-11-05 17:15,11.2,45.8,MEDIUM,504.0,True,False,False,SCHEDULED
BLK01594,TRC2455,SEC059,Traction,2025-06-03 06:00,2025-06-03 13:15,7.1,61.85,HIGH,142.7,True,False,False,SCHEDULED
BLK01546,TRC2458,SEC057,Traction,2025-07-26 06:00,2025-07-26 13:30,7.4,96.1,CRITICAL,256.8,True,False,False,SCHEDULED
BLK00703,TRC2460,SEC026,Traction,2025-06-27 06:00,2025-06-27 17:15,11.2,84.6,CRITICAL,577.9,False,False,False,SCHEDULED
BLK01782,TRC2462,SEC067,Traction,2025-07-30 06:00,2025-07-30 17:45,11.7,40.9,MEDIUM,301.9,True,False,False,SCHEDULED
BLK01695,TRC2466,SEC063,Traction,2025-08-30 06:00,2025-08-30 11:00,4.8,60.7,HIGH,97.4,True,False,False,SCHEDULED
BLK01875,TRC2472,SEC071,Traction,2025-10-21 06:00,2025-10-21 16:15,10.1,38.1,LOW,224.2,True,False,False,SCHEDULED
BLK01518,TRC2473,SEC056,Traction,2025-03-28 06:00,2025-03-28 07:15,1.1,61.3,HIGH,31.4,True,False,False,SCHEDULED
BLK00009,TRC2478,SEC001,Traction,2025-06-12 06:00,2025-06-12 15:30,9.4,32.3,LOW,400.4,False,False,False,SCHEDULED
BLK01012,TRC2480,SEC037,Traction,2025-03-20 02:16,2025-03-20 06:01,3.7,84.6,CRITICAL,184.3,False,False,False,SCHEDULED
BLK01837,TRC2484,SEC070,Traction,2025-06-29 06:00,2025-06-29 08:30,2.5,29.98,LOW,57.0,True,False,False,SCHEDULED
BLK01433,TRC2487,SEC053,Traction,2025-06-27 16:59,2025-06-27 20:59,3.8,61.01,HIGH,95.0,True,False,False,SCHEDULED
BLK00343,TRC2492,SEC013,Traction,2025-04-25 06:00,2025-04-25 17:45,11.6,63.8,HIGH,551.0,False,False,False,SCHEDULED
BLK01280,TRC2515,SEC047,Traction,2025-08-19 06:00,2025-08-19 14:00,7.9,94.4,CRITICAL,161.2,True,False,False,SCHEDULED
BLK00560,TRC2524,SEC021,Traction,2025-06-30 06:00,2025-06-30 15:30,9.5,38.2,LOW,414.2,False,False,False,SCHEDULED
BLK01034,TRC2532,SEC038,Traction,2025-02-11 10:14,2025-02-11 14:44,4.5,44.96,MEDIUM,185.0,False,False,False,SCHEDULED
BLK00061,TRC2541,SEC003,Traction,2025-03-25 06:00,2025-03-25 13:00,6.9,85.6,CRITICAL,339.5,False,False,False,SCHEDULED
BLK00755,TRC2545,SEC028,Traction,2025-05-22 06:00,2025-05-22 12:00,5.9,30.2,LOW,306.2,True,False,False,SCHEDULED
BLK01095,TRC2546,SEC040,Traction,2025-12-07 06:00,2025-12-07 10:00,4.0,80.7,CRITICAL,96.8,False,False,False,SCHEDULED
BLK01207,TRC2547,SEC044,Traction,2025-10-18 06:00,2025-10-18 18:00,11.8,41.5,MEDIUM,409.5,True,False,False,SCHEDULED
BLK01372,TRC2552,SEC051,Traction,2025-03-09 06:00,2025-03-09 07:30,1.4,33.16,LOW,36.1,True,False,False,SCHEDULED
BLK00898,TRC2558,SEC032,Traction,2025-09-29 06:00,2025-09-29 15:00,9.0,82.6,CRITICAL,314.1,True,False,False,SCHEDULED
BLK01112,TRC2560,SEC041,Traction,2025-07-20 06:00,2025-07-20 18:00,11.9,61.9,HIGH,249.9,False,False,False,SCHEDULED
BLK01919,TRC2561,SEC073,Traction,2025-08-15 06:00,2025-08-15 17:30,11.3,37.5,LOW,235.0,True,False,False,SCHEDULED
BLK00362,TRC2563,SEC013,Traction,2025-09-14 10:29,2025-09-14 12:14,1.6,66.1,HIGH,76.0,False,False,False,SCHEDULED
BLK00611,TRC2576,SEC023,Traction,2025-02-23 15:14,2025-02-23 23:14,7.9,46.2,MEDIUM,357.9,False,False,False,SCHEDULED
BLK00394,TRC2577,SEC014,Traction,2025-09-07 06:00,2025-09-07 10:30,4.5,84.4,CRITICAL,204.3,False,False,False,SCHEDULED
BLK00787,TRC2580,SEC029,Traction,2025-05-23 06:00,2025-05-23 15:30,9.3,28.1,LOW,476.2,False,False,False,SCHEDULED
BLK00221,TRC2586,SEC008,Traction,2025-11-25 06:00,2025-11-25 10:00,4.0,66.0,HIGH,182.0,True,False,False,SCHEDULED
BLK00078,TRC2588,SEC003,Traction,2025-08-15 06:00,2025-08-15 12:45,6.7,64.5,HIGH,329.6,True,False,False,SCHEDULED
BLK00613,TRC2592,SEC023,Traction,2025-03-23 06:00,2025-03-23 14:30,8.5,64.2,HIGH,385.0,True,False,False,SCHEDULED
BLK01580,TRC2593,SEC059,Traction,2025-01-03 06:00,2025-01-03 07:30,1.3,79.9,HIGH,26.1,True,False,False,SCHEDULED
BLK00210,TRC2598,SEC008,Traction,2025-06-30 06:00,2025-06-30 16:15,10.1,62.7,HIGH,459.6,False,False,False,SCHEDULED
BLK00927,TRC2601,SEC033,Traction,2025-09-30 06:00,2025-09-30 13:15,7.2,66.1,HIGH,354.2,True,False,False,SCHEDULED
BLK00394,TRC2607,SEC014,Traction,2025-09-07 06:00,2025-09-07 12:30,6.3,42.3,MEDIUM,286.0,True,False,False,SCHEDULED
BLK01862,TRC2611,SEC071,Traction,2025-06-17 06:00,2025-06-17 17:30,11.4,94.9,CRITICAL,253.1,False,False,False,SCHEDULED
BLK00114,TRC2621,SEC004,Traction,2025-11-03 06:00,2025-11-03 09:45,3.6,64.38,HIGH,156.6,True,False,False,SCHEDULED
BLK00325,TRC2626,SEC012,Traction,2025-09-17 06:00,2025-09-17 12:15,6.2,41.5,MEDIUM,250.5,False,False,False,SCHEDULED
BLK00408,TRC2629,SEC015,Traction,2025-03-18 06:00,2025-03-18 12:45,6.7,85.0,CRITICAL,301.5,True,False,False,SCHEDULED
BLK01766,TRC2631,SEC066,Traction,2025-11-29 06:00,2025-11-29 08:15,2.1,62.08,HIGH,56.7,False,False,False,SCHEDULED
BLK00905,TRC2633,SEC032,Traction,2025-12-18 06:00,2025-12-18 09:00,3.0,82.58,CRITICAL,104.7,False,False,False,SCHEDULED
BLK01753,TRC2635,SEC066,Traction,2025-07-02 06:00,2025-07-02 10:15,4.1,60.97,HIGH,110.7,False,False,False,SCHEDULED
BLK01548,TRC2637,SEC057,Traction,2025-08-30 11:29,2025-08-30 14:14,2.7,83.6,CRITICAL,93.7,False,False,False,SCHEDULED
BLK00450,TRC2639,SEC016,Traction,2025-10-19 16:29,2025-10-19 23:29,6.8,34.3,LOW,288.3,True,False,False,SCHEDULED
BLK00413,TRC2642,SEC015,Traction,2025-06-17 06:00,2025-06-17 13:45,7.6,63.45,HIGH,342.0,False,False,False,SCHEDULED
BLK01926,TRC2645,SEC073,Traction,2025-11-09 06:00,2025-11-09 14:15,8.1,94.3,CRITICAL,168.5,True,False,False,SCHEDULED
BLK00651,TRC2648,SEC024,Traction,2025-07-21 06:00,2025-07-21 12:45,6.7,62.36,HIGH,276.7,True,False,False,SCHEDULED
BLK01964,TRC2652,SEC075,Traction,2025-05-08 06:00,2025-05-08 10:30,4.5,80.11,CRITICAL,90.0,True,False,False,SCHEDULED
BLK00600,TRC2653,SEC022,Traction,2025-08-16 06:00,2025-08-16 16:00,10.0,64.4,HIGH,390.0,True,False,False,SCHEDULED
BLK01361,TRC2654,SEC050,Traction,2025-09-20 01:46,2025-09-20 06:01,4.1,80.8,CRITICAL,82.0,True,False,False,SCHEDULED
BLK01445,TRC2656,SEC053,Traction,2025-11-19 06:00,2025-11-19 12:30,6.5,82.0,CRITICAL,162.5,False,False,False,SCHEDULED
BLK00889,TRC2657,SEC032,Traction,2025-06-15 06:00,2025-06-15 13:15,7.1,64.2,HIGH,247.8,True,False,False,SCHEDULED
BLK00215,TRC2660,SEC008,Traction,2025-09-16 06:00,2025-09-16 10:30,4.4,31.0,LOW,200.2,False,False,False,SCHEDULED
BLK00331,TRC2669,SEC012,Traction,2025-11-04 06:00,2025-11-04 16:00,9.9,44.4,MEDIUM,400.0,False,False,False,SCHEDULED
BLK00024,TRC2671,SEC001,Traction,2025-11-18 06:00,2025-11-18 12:45,6.6,97.88,CRITICAL,281.2,False,False,False,SCHEDULED
BLK01426,TRC2673,SEC053,Traction,2025-02-28 15:59,2025-02-28 21:14,5.1,38.22,LOW,127.5,False,False,False,SCHEDULED
BLK01475,TRC2675,SEC055,Traction,2025-02-03 06:00,2025-02-03 11:30,5.3,59.9,MEDIUM,111.8,True,False,False,SCHEDULED
BLK01418,TRC2677,SEC052,Traction,2025-09-30 06:00,2025-09-30 08:30,2.5,80.1,CRITICAL,50.0,True,False,False,SCHEDULED
BLK00798,TRC2678,SEC029,Traction,2025-09-17 06:00,2025-09-17 08:00,1.9,99.5,CRITICAL,97.3,False,False,False,SCHEDULED
BLK01323,TRC2682,SEC049,Traction,2025-04-09 06:00,2025-04-09 18:00,12.0,83.27,CRITICAL,394.8,True,False,False,SCHEDULED
BLK00483,TRC2684,SEC018,Traction,2025-05-18 06:00,2025-05-18 08:00,1.8,63.4,HIGH,74.9,False,False,False,SCHEDULED
BLK00102,TRC2687,SEC004,Traction,2025-06-18 06:00,2025-06-18 08:45,2.7,64.6,HIGH,117.4,False,False,False,SCHEDULED
BLK00248,TRC2689,SEC009,Traction,2025-11-09 16:29,2025-11-10 01:14,8.7,41.43,MEDIUM,363.7,False,False,False,SCHEDULED
BLK00642,TRC2693,SEC024,Traction,2025-02-12 06:00,2025-02-12 18:00,11.8,40.3,MEDIUM,487.3,False,False,False,SCHEDULED
BLK00741,TRC2695,SEC027,Traction,2025-09-26 18:31,2025-09-27 06:01,11.5,61.2,HIGH,410.6,True,False,False,SCHEDULED
BLK01373,TRC2696,SEC051,Traction,2025-03-23 06:00,2025-03-23 17:15,11.2,36.9,LOW,289.0,False,False,False,SCHEDULED
BLK01985,TRC2697,SEC075,Traction,2025-11-27 06:00,2025-11-27 10:00,3.9,79.9,HIGH,78.0,True,False,False,SCHEDULED
BLK00695,TRC2698,SEC026,Traction,2025-03-07 06:00,2025-03-07 09:00,2.8,85.1,CRITICAL,144.5,True,False,False,SCHEDULED
BLK01900,TRC2699,SEC072,Traction,2025-09-24 06:00,2025-09-24 09:30,3.5,25.79,LOW,84.0,True,False,False,SCHEDULED
BLK01665,TRC2706,SEC062,Traction,2025-07-06 06:00,2025-07-06 14:30,8.5,59.9,MEDIUM,170.0,True,False,False,SCHEDULED
BLK00178,TRC2709,SEC007,Traction,2025-09-19 06:00,2025-09-19 08:30,2.4,26.4,LOW,113.8,True,False,False,SCHEDULED
BLK01888,TRC2712,SEC072,Traction,2025-05-18 06:00,2025-05-18 14:15,8.1,95.27,CRITICAL,194.4,True,False,False,SCHEDULED
BLK01507,TRC2715,SEC056,Traction,2025-01-30 07:44,2025-01-30 13:29,5.7,95.2,CRITICAL,162.4,False,False,False,SCHEDULED
BLK00772,TRC2716,SEC028,Traction,2025-10-24 06:00,2025-10-24 07:30,1.3,41.5,MEDIUM,67.5,False,False,False,SCHEDULED
BLK00746,TRC2726,SEC028,Traction,2025-02-15 06:00,2025-02-15 10:45,4.6,36.0,LOW,238.7,False,False,False,SCHEDULED
BLK01790,TRC2736,SEC068,Traction,2025-01-24 06:00,2025-01-24 08:45,2.6,81.3,CRITICAL,79.6,False,False,False,SCHEDULED
BLK00723,TRC2743,SEC027,Traction,2025-03-17 06:00,2025-03-17 18:00,11.8,82.9,CRITICAL,421.3,False,False,False,SCHEDULED
BLK00769,TRC2745,SEC028,Traction,2025-09-26 06:00,2025-09-26 14:30,8.5,39.71,LOW,441.2,True,False,False,SCHEDULED
BLK00968,TRC2747,SEC035,Traction,2025-06-01 06:00,2025-06-01 15:30,9.4,41.58,MEDIUM,453.1,True,False,False,SCHEDULED
BLK00951,TRC2749,SEC034,Traction,2025-08-09 13:14,2025-08-09 23:29,10.2,40.5,MEDIUM,345.8,False,False,False,SCHEDULED
BLK01257,TRC2752,SEC046,Traction,2025-10-26 06:00,2025-10-26 10:00,4.0,61.1,HIGH,108.0,True,False,False,SCHEDULED
BLK00861,TRC2754,SEC031,Traction,2025-08-07 06:00,2025-08-07 09:15,3.1,62.47,HIGH,125.6,False,False,False,SCHEDULED
BLK01597,TRC2765,SEC059,Traction,2025-08-04 06:00,2025-08-04 14:00,7.9,27.8,LOW,158.8,False,False,False,SCHEDULED
BLK00930,TRC2778,SEC033,Traction,2025-10-10 06:00,2025-10-10 16:30,10.5,39.9,LOW,516.6,True,False,False,SCHEDULED
BLK00492,TRC2781,SEC018,Traction,2025-11-05 06:00,2025-11-05 11:30,5.3,82.9,CRITICAL,220.5,True,False,False,SCHEDULED
BLK00405,TRC2782,SEC014,Traction,2025-12-02 06:00,2025-12-02 17:00,10.9,98.4,CRITICAL,494.9,True,False,False,SCHEDULED
BLK01818,TRC2787,SEC069,Traction,2025-05-13 06:00,2025-05-13 15:30,9.4,34.7,LOW,188.0,False,False,False,SCHEDULED
BLK00189,TRC2791,SEC008,Traction,2025-01-27 06:00,2025-01-27 17:00,10.9,84.74,CRITICAL,496.0,True,False,False,SCHEDULED
BLK00964,TRC2794,SEC035,Traction,2025-02-22 21:59,2025-02-23 06:29,8.3,66.4,HIGH,400.1,True,False,False,SCHEDULED
BLK01563,TRC2795,SEC058,Traction,2025-05-15 04:46,2025-05-15 06:01,1.1,61.51,HIGH,30.0,False,False,False,SCHEDULED
BLK00119,TRC2802,SEC005,Traction,2025-04-05 09:29,2025-04-05 12:29,2.8,84.8,CRITICAL,147.8,True,False,False,SCHEDULED
BLK00093,TRC2803,SEC004,Traction,2025-02-05 06:00,2025-02-05 15:00,8.9,65.17,HIGH,387.2,True,False,False,SCHEDULED
BLK00745,TRC2810,SEC028,Traction,2025-02-09 21:59,2025-02-09 23:44,1.7,40.8,MEDIUM,88.2,True,False,False,SCHEDULED
BLK00007,TRC2813,SEC001,Traction,2025-05-25 16:59,2025-05-25 21:59,4.8,39.4,LOW,204.5,False,False,False,SCHEDULED
BLK00342,TRC2816,SEC013,Traction,2025-04-20 17:59,2025-04-20 22:29,4.5,42.6,MEDIUM,213.8,False,False,False,SCHEDULED
BLK00592,TRC2820,SEC022,Traction,2025-06-05 06:00,2025-06-05 10:15,4.1,84.3,CRITICAL,159.9,True,False,False,SCHEDULED
BLK01748,TRC2823,SEC066,Traction,2025-04-24 06:00,2025-04-24 12:45,6.7,35.7,LOW,180.9,False,False,False,SCHEDULED
BLK00029,TRC2828,SEC002,Traction,2025-02-05 01:01,2025-02-05 06:01,5.0,38.35,LOW,170.5,True,False,False,SCHEDULED
BLK00208,TRC2838,SEC008,Traction,2025-06-13 06:00,2025-06-13 09:15,3.2,98.4,CRITICAL,145.6,False,False,False,SCHEDULED
BLK00911,TRC2843,SEC033,Traction,2025-04-21 06:00,2025-04-21 09:00,3.0,45.0,MEDIUM,147.6,False,False,False,SCHEDULED
BLK01404,TRC2848,SEC052,Traction,2025-05-20 06:00,2025-05-20 10:15,4.1,40.55,MEDIUM,82.0,False,False,False,SCHEDULED
BLK00836,TRC2853,SEC030,Traction,2025-10-21 06:00,2025-10-21 15:00,8.9,84.4,CRITICAL,364.0,True,False,False,SCHEDULED
BLK00507,TRC2855,SEC019,Traction,2025-06-01 06:00,2025-06-01 09:00,2.9,46.8,MEDIUM,141.5,True,False,False,SCHEDULED
BLK00579,TRC2856,SEC022,Traction,2025-01-03 06:00,2025-01-03 17:00,10.9,83.78,CRITICAL,425.1,True,False,False,SCHEDULED
BLK01754,TRC2858,SEC066,Traction,2025-07-07 06:00,2025-07-07 08:00,1.8,95.0,CRITICAL,48.6,False,False,False,SCHEDULED
BLK01948,TRC2862,SEC074,Traction,2025-10-04 06:00,2025-10-04 13:00,6.8,42.51,MEDIUM,163.2,False,False,False,SCHEDULED
BLK01773,TRC2868,SEC067,Traction,2025-02-23 06:00,2025-02-23 09:30,3.5,35.5,LOW,90.3,True,False,False,SCHEDULED
BLK01259,TRC2873,SEC046,Traction,2025-11-15 13:14,2025-11-15 18:44,5.5,27.3,LOW,148.5,False,False,False,SCHEDULED
BLK01642,TRC2881,SEC061,Traction,2025-08-19 06:00,2025-08-19 16:30,10.4,59.1,MEDIUM,214.2,True,False,False,SCHEDULED
BLK00076,TRC2884,SEC003,Traction,2025-08-02 06:00,2025-08-02 14:30,8.4,27.1,LOW,413.3,True,False,False,SCHEDULED
BLK00629,TRC2886,SEC023,Traction,2025-08-29 06:00,2025-08-29 13:45,7.6,66.0,HIGH,344.3,False,False,False,SCHEDULED
BLK00205,TRC2888,SEC008,Traction,2025-06-05 06:00,2025-06-05 15:45,9.7,65.5,HIGH,441.4,True,False,False,SCHEDULED
BLK01890,TRC2891,SEC072,Traction,2025-05-28 06:00,2025-05-28 14:00,8.0,82.0,CRITICAL,192.0,True,False,False,SCHEDULED
BLK01932,TRC2892,SEC074,Traction,2025-02-04 06:00,2025-02-04 12:00,6.0,62.3,HIGH,144.0,True,False,False,SCHEDULED
BLK01399,TRC2899,SEC052,Traction,2025-03-03 06:00,2025-03-03 09:00,2.8,94.4,CRITICAL,56.0,True,False,False,SCHEDULED
BLK00140,TRC2901,SEC006,Traction,2025-02-03 22:31,2025-02-04 06:01,7.3,65.29,HIGH,365.7,True,False,False,SCHEDULED
BLK01318,TRC2902,SEC049,Traction,2025-01-18 06:00,2025-01-18 14:15,8.1,61.28,HIGH,266.5,False,False,False,SCHEDULED
BLK00987,TRC2904,SEC036,Traction,2025-04-06 06:00,2025-04-06 15:00,8.8,99.2,CRITICAL,458.5,False,False,False,SCHEDULED
BLK01664,TRC2907,SEC062,Traction,2025-06-23 06:00,2025-06-23 14:00,7.8,80.98,CRITICAL,156.0,True,False,False,SCHEDULED
BLK00687,TRC2909,SEC025,Traction,2025-11-04 06:00,2025-11-04 08:30,2.4,38.9,LOW,115.7,False,False,False,SCHEDULED
BLK00151,TRC2911,SEC006,Traction,2025-06-01 06:00,2025-06-01 13:45,7.7,85.3,CRITICAL,385.8,False,False,False,SCHEDULED
BLK01374,TRC2914,SEC051,Traction,2025-03-31 06:00,2025-03-31 11:30,5.5,36.65,LOW,141.9,False,False,False,SCHEDULED
BLK01901,TRC2927,SEC072,Traction,2025-11-23 06:00,2025-11-23 07:30,1.4,59.4,MEDIUM,33.6,False,False,False,SCHEDULED
BLK01708,TRC2932,SEC064,Traction,2025-05-30 06:00,2025-05-30 10:00,3.8,28.7,LOW,93.1,True,False,False,SCHEDULED
BLK01254,TRC2943,SEC046,Traction,2025-07-28 06:00,2025-07-28 17:00,10.8,61.7,HIGH,291.6,True,False,False,SCHEDULED
BLK00686,TRC2949,SEC025,Traction,2025-10-30 14:29,2025-10-31 01:14,10.6,83.9,CRITICAL,510.9,False,False,False,SCHEDULED
BLK00007,TRC2950,SEC001,Traction,2025-05-25 16:59,2025-05-26 03:59,10.8,63.6,HIGH,460.1,True,False,False,SCHEDULED
BLK01196,TRC2954,SEC044,Traction,2025-07-20 06:00,2025-07-20 15:30,9.5,63.3,HIGH,329.6,False,False,False,SCHEDULED
BLK00499,TRC2957,SEC019,Traction,2025-02-17 15:29,2025-02-18 02:29,10.9,43.0,MEDIUM,531.9,True,False,False,SCHEDULED
BLK00902,TRC2958,SEC032,Traction,2025-11-16 13:44,2025-11-16 21:29,7.7,23.0,LOW,268.7,False,False,False,SCHEDULED
BLK00872,TRC2962,SEC031,Traction,2025-11-22 12:44,2025-11-23 00:14,11.4,39.3,LOW,461.7,False,False,False,SCHEDULED
BLK00461,TRC2974,SEC017,Traction,2025-05-03 06:00,2025-05-03 12:30,6.5,62.0,HIGH,249.6,True,False,False,SCHEDULED
BLK01052,TRC2975,SEC039,Traction,2025-02-12 06:00,2025-02-12 12:15,6.2,63.49,HIGH,222.6,True,False,False,SCHEDULED
BLK01502,TRC2976,SEC055,Traction,2025-11-13 06:00,2025-11-13 14:30,8.5,42.53,MEDIUM,179.4,True,False,False,SCHEDULED
BLK00191,TRC2981,SEC008,Traction,2025-01-30 06:00,2025-01-30 08:45,2.7,46.0,MEDIUM,122.8,False,False,False,SCHEDULED
BLK01687,TRC2982,SEC063,Traction,2025-05-05 06:00,2025-05-05 14:15,8.1,61.1,HIGH,164.4,True,False,False,SCHEDULED
BLK00919,TRC2986,SEC033,Traction,2025-07-21 06:00,2025-07-21 16:45,10.7,65.4,HIGH,526.4,True,False,False,SCHEDULED
BLK01898,TRC2987,SEC072,Traction,2025-08-27 09:44,2025-08-27 16:29,6.7,36.6,LOW,160.8,False,False,False,SCHEDULED
BLK01182,TRC2990,SEC044,Traction,2025-02-08 06:00,2025-02-08 07:30,1.4,62.92,HIGH,48.6,False,False,False,SCHEDULED
BLK00615,TRC2995,SEC023,Traction,2025-04-21 06:00,2025-04-21 15:00,8.8,64.9,HIGH,398.6,False,False,False,SCHEDULED
BLK00805,SIG0001,SEC030,Signalling,2025-01-20 16:29,2025-01-21 03:14,10.7,43.41,MEDIUM,437.6,False,False,False,SCHEDULED
BLK00779,SIG0002,SEC029,Signalling,2025-02-09 06:00,2025-02-09 18:00,12.0,65.82,HIGH,614.4,False,False,False,SCHEDULED
BLK00161,SIG0013,SEC006,Signalling,2025-10-15 06:00,2025-10-15 11:30,5.5,39.8,LOW,275.6,False,False,False,SCHEDULED
BLK00522,SIG0021,SEC019,Signalling,2025-11-08 23:46,2025-11-09 06:01,6.2,46.1,MEDIUM,302.6,False,False,False,SCHEDULED
BLK01575,SIG0022,SEC058,Signalling,2025-10-03 06:00,2025-10-03 10:15,4.1,60.2,HIGH,111.9,False,False,False,SCHEDULED
BLK01608,SIG0023,SEC060,Signalling,2025-03-19 06:00,2025-03-19 15:45,9.7,58.8,MEDIUM,194.0,False,True,False,SCHEDULED
BLK00812,SIG0027,SEC030,Signalling,2025-03-18 06:00,2025-03-18 08:30,2.5,63.7,HIGH,102.2,False,False,False,SCHEDULED
BLK00404,SIG0028,SEC014,Signalling,2025-11-25 06:00,2025-11-25 09:00,3.0,64.4,HIGH,136.2,False,False,False,SCHEDULED
BLK00474,SIG0031,SEC017,Signalling,2025-11-14 11:59,2025-11-14 14:29,2.5,63.8,HIGH,96.0,False,True,False,SCHEDULED
BLK00116,SIG0034,SEC004,Signalling,2025-11-19 06:00,2025-11-19 14:30,8.3,84.3,CRITICAL,361.0,False,True,False,SCHEDULED
BLK01674,SIG0040,SEC062,Signalling,2025-10-07 06:00,2025-10-07 08:00,2.0,26.3,LOW,40.0,False,True,False,SCHEDULED
BLK00945,SIG0047,SEC034,Signalling,2025-05-10 06:00,2025-05-10 16:30,10.5,61.68,HIGH,356.0,False,False,False,SCHEDULED
BLK00941,SIG0054,SEC034,Signalling,2025-03-16 06:00,2025-03-16 17:00,10.8,44.26,MEDIUM,366.1,False,False,False,SCHEDULED
BLK01945,SIG0056,SEC074,Signalling,2025-09-03 06:00,2025-09-03 12:45,6.7,81.8,CRITICAL,160.8,False,True,False,SCHEDULED
BLK00939,SIG0061,SEC034,Signalling,2025-02-24 01:43,2025-02-24 12:43,10.8,43.0,MEDIUM,366.1,False,False,False,SCHEDULED
BLK00038,SIG0067,SEC002,Signalling,2025-05-29 06:00,2025-05-29 11:15,5.2,64.49,HIGH,177.3,False,False,False,SCHEDULED
BLK00155,SIG0068,SEC006,Signalling,2025-06-26 06:00,2025-06-26 13:45,7.6,84.4,CRITICAL,380.8,False,True,False,SCHEDULED
BLK01752,SIG0071,SEC066,Signalling,2025-06-02 06:00,2025-06-02 15:00,8.8,31.3,LOW,237.6,False,True,False,SCHEDULED
BLK00948,SIG0076,SEC034,Signalling,2025-06-10 06:00,2025-06-10 07:15,1.1,62.13,HIGH,37.3,False,True,False,SCHEDULED
BLK01068,SIG0078,SEC040,Signalling,2025-01-24 06:00,2025-01-24 16:30,10.3,80.41,CRITICAL,249.3,False,False,False,SCHEDULED
BLK01310,SIG0081,SEC048,Signalling,2025-08-18 06:00,2025-08-18 16:00,9.8,31.0,LOW,287.1,False,True,False,SCHEDULED
BLK00664,SIG0088,SEC024,Signalling,2025-11-03 13:45,2025-11-03 15:45,1.9,42.78,MEDIUM,78.5,False,True,False,SCHEDULED
BLK01425,SIG0089,SEC053,Signalling,2025-01-05 06:00,2025-01-05 14:15,8.1,81.81,CRITICAL,202.5,False,True,False,SCHEDULED
BLK01788,SIG0094,SEC067,Signalling,2025-11-14 06:00,2025-11-14 17:00,10.9,27.77,LOW,281.2,False,False,False,SCHEDULED
BLK01436,SIG0096,SEC053,Signalling,2025-08-11 06:00,2025-08-11 14:00,7.8,43.0,MEDIUM,195.0,False,True,False,SCHEDULED
BLK00261,SIG0101,SEC010,Signalling,2025-06-10 06:00,2025-06-10 10:30,4.4,62.9,HIGH,205.9,False,True,False,SCHEDULED
BLK01110,SIG0102,SEC041,Signalling,2025-07-11 06:00,2025-07-11 10:30,4.3,60.3,HIGH,90.3,False,False,False,SCHEDULED
BLK00067,SIG0106,SEC003,Signalling,2025-05-10 06:00,2025-05-10 08:30,2.5,43.5,MEDIUM,123.0,False,False,False,SCHEDULED
BLK00739,SIG0109,SEC027,Signalling,2025-09-02 19:01,2025-09-03 06:01,11.0,42.93,MEDIUM,392.7,False,False,False,SCHEDULED
BLK01390,SIG0110,SEC051,Signalling,2025-11-28 01:31,2025-11-28 06:01,4.5,39.5,LOW,116.1,False,False,False,SCHEDULED
BLK00319,SIG0117,SEC012,Signalling,2025-07-06 06:00,2025-07-06 09:45,3.6,83.82,CRITICAL,145.4,False,True,False,SCHEDULED
BLK00120,SIG0118,SEC005,Signalling,2025-04-07 06:00,2025-04-07 10:45,4.7,67.3,HIGH,248.2,False,True,False,SCHEDULED
BLK01756,SIG0119,SEC066,Signalling,2025-08-03 06:00,2025-08-03 08:00,2.0,42.57,MEDIUM,54.0,False,False,False,SCHEDULED
BLK00430,SIG0126,SEC015,Signalling,2025-11-02 20:01,2025-11-03 06:01,9.9,65.5,HIGH,445.5,False,False,False,SCHEDULED
BLK00921,SIG0131,SEC033,Signalling,2025-07-26 06:00,2025-07-26 14:00,7.8,84.3,CRITICAL,383.8,False,False,False,SCHEDULED
BLK00713,SIG0133,SEC026,Signalling,2025-10-31 06:00,2025-10-31 11:45,5.6,85.7,CRITICAL,289.0,False,True,False,SCHEDULED
BLK00807,SIG0137,SEC030,Signalling,2025-02-10 19:01,2025-02-11 06:01,10.9,44.19,MEDIUM,445.8,False,False,False,SCHEDULED
BLK00138,SIG0140,SEC006,Signalling,2025-01-26 06:00,2025-01-26 15:30,9.5,40.3,MEDIUM,476.0,False,False,False,SCHEDULED
BLK01718,SIG0141,SEC064,Signalling,2025-10-02 06:00,2025-10-02 07:45,1.7,95.1,CRITICAL,41.6,False,True,False,SCHEDULED
BLK01554,SIG0156,SEC057,Signalling,2025-11-29 06:00,2025-11-29 15:30,9.3,44.36,MEDIUM,322.7,False,False,False,SCHEDULED
BLK01363,SIG0158,SEC050,Signalling,2025-10-08 06:00,2025-10-08 15:30,9.5,36.7,LOW,190.0,False,True,False,SCHEDULED
BLK00183,SIG0161,SEC007,Signalling,2025-11-21 06:00,2025-11-21 09:00,2.8,98.7,CRITICAL,132.7,False,True,False,SCHEDULED
BLK01924,SIG0162,SEC073,Signalling,2025-10-12 06:00,2025-10-12 15:30,9.3,80.86,CRITICAL,193.4,False,False,False,SCHEDULED
BLK01587,SIG0169,SEC059,Signalling,2025-02-23 19:31,2025-02-24 06:01,10.5,80.08,CRITICAL,211.0,False,False,False,SCHEDULED
BLK00910,SIG0171,SEC033,Signalling,2025-03-21 06:00,2025-03-21 11:15,5.2,64.8,HIGH,255.8,False,False,False,SCHEDULED
BLK01051,SIG0174,SEC039,Signalling,2025-01-15 10:27,2025-01-15 13:57,3.3,64.34,HIGH,118.5,False,True,False,SCHEDULED
BLK01180,SIG0175,SEC044,Signalling,2025-01-27 06:00,2025-01-27 07:30,1.5,63.5,HIGH,52.0,False,True,False,SCHEDULED
BLK00186,SIG0178,SEC008,Signalling,2025-01-09 15:44,2025-01-10 02:14,10.5,65.8,HIGH,477.8,False,True,False,SCHEDULED
BLK00234,SIG0179,SEC009,Signalling,2025-05-13 06:00,2025-05-13 14:15,8.2,84.3,CRITICAL,342.8,False,True,False,SCHEDULED
BLK01816,SIG0181,SEC069,Signalling,2025-05-06 06:00,2025-05-06 08:30,2.4,59.71,MEDIUM,48.0,False,False,False,SCHEDULED
BLK00315,SIG0186,SEC012,Signalling,2025-05-02 06:00,2025-05-02 09:30,3.4,84.25,CRITICAL,137.4,False,False,False,SCHEDULED
BLK00827,SIG0202,SEC030,Signalling,2025-07-22 06:00,2025-07-22 12:00,5.9,63.03,HIGH,241.3,False,True,False,SCHEDULED
BLK00362,SIG0203,SEC013,Signalling,2025-09-14 06:00,2025-09-14 10:30,4.4,65.2,HIGH,209.0,False,True,False,SCHEDULED
BLK01709,SIG0204,SEC064,Signalling,2025-06-03 06:00,2025-06-03 15:00,9.0,81.23,CRITICAL,220.5,False,True,False,SCHEDULED
BLK00730,SIG0206,SEC027,Signalling,2025-05-28 06:00,2025-05-28 16:30,10.5,44.32,MEDIUM,374.8,False,True,False,SCHEDULED
BLK01621,SIG0210,SEC060,Signalling,2025-09-29 06:00,2025-09-29 08:15,2.1,79.7,HIGH,42.0,False,False,False,SCHEDULED
BLK01671,SIG0212,SEC062,Signalling,2025-09-01 06:00,2025-09-01 14:45,8.6,61.7,HIGH,172.0,False,True,False,SCHEDULED
BLK00157,SIG0214,SEC006,Signalling,2025-07-01 06:00,2025-07-01 12:15,6.1,66.2,HIGH,305.6,False,False,False,SCHEDULED
BLK01957,SIG0215,SEC075,Signalling,2025-02-22 06:00,2025-02-22 15:15,9.1,40.39,MEDIUM,182.0,False,True,False,SCHEDULED
BLK01764,SIG0219,SEC066,Signalling,2025-11-23 06:00,2025-11-23 07:45,1.7,82.0,CRITICAL,45.9,False,True,False,SCHEDULED
BLK00414,SIG0223,SEC015,Signalling,2025-07-13 06:00,2025-07-13 13:30,7.3,44.4,MEDIUM,328.5,False,False,False,SCHEDULED
BLK01759,SIG0228,SEC066,Signalling,2025-09-26 06:00,2025-09-26 10:30,4.3,80.9,CRITICAL,116.1,False,False,False,SCHEDULED
BLK01268,SIG0234,SEC047,Signalling,2025-02-12 06:00,2025-02-12 15:00,9.0,27.7,LOW,183.6,False,False,False,SCHEDULED
BLK00323,SIG0245,SEC012,Signalling,2025-08-05 06:00,2025-08-05 10:30,4.5,84.28,CRITICAL,181.8,False,True,False,SCHEDULED
BLK01823,SIG0248,SEC069,Signalling,2025-09-10 06:00,2025-09-10 07:30,1.5,38.9,LOW,30.0,False,True,False,SCHEDULED
BLK00452,SIG0250,SEC016,Signalling,2025-12-09 06:00,2025-12-09 09:30,3.5,64.0,HIGH,148.4,False,False,False,SCHEDULED
BLK00825,SIG0252,SEC030,Signalling,2025-07-07 06:59,2025-07-07 16:29,9.4,39.4,LOW,384.5,False,False,False,SCHEDULED
BLK00823,SIG0253,SEC030,Signalling,2025-06-18 06:00,2025-06-18 13:15,7.2,63.1,HIGH,294.5,False,False,False,SCHEDULED
BLK01098,SIG0258,SEC041,Signalling,2025-01-18 06:00,2025-01-18 17:00,11.0,94.5,CRITICAL,231.0,False,False,False,SCHEDULED
BLK00013,SIG0260,SEC001,Signalling,2025-08-04 06:00,2025-08-04 08:15,2.1,28.05,LOW,89.5,False,False,False,SCHEDULED
BLK01119,SIG0261,SEC041,Signalling,2025-10-16 06:00,2025-10-16 07:45,1.6,60.1,HIGH,33.6,False,True,False,SCHEDULED
BLK00528,SIG0262,SEC020,Signalling,2025-03-20 21:45,2025-03-21 03:00,5.1,82.37,CRITICAL,195.8,False,False,False,SCHEDULED
BLK01840,SIG0263,SEC070,Signalling,2025-07-15 10:44,2025-07-15 20:14,9.5,36.54,LOW,216.6,False,True,False,SCHEDULED
BLK00014,SIG0268,SEC001,Signalling,2025-08-09 06:00,2025-08-09 17:15,11.1,45.65,MEDIUM,472.9,False,True,False,SCHEDULED
BLK00985,SIG0271,SEC036,Signalling,2025-03-27 06:00,2025-03-27 13:30,7.5,85.8,CRITICAL,390.8,False,True,False,SCHEDULED
BLK00223,SIG0275,SEC009,Signalling,2025-01-29 12:29,2025-01-29 20:14,7.7,38.6,LOW,321.9,False,False,False,SCHEDULED
BLK01409,SIG0276,SEC052,Signalling,2025-06-21 06:00,2025-06-21 17:00,10.9,61.46,HIGH,218.0,False,True,False,SCHEDULED
BLK00001,SIG0279,SEC001,Signalling,2025-01-05 00:31,2025-01-05 06:01,5.3,65.1,HIGH,225.8,False,True,False,SCHEDULED
BLK01656,SIG0280,SEC062,Signalling,2025-03-04 10:14,2025-03-04 20:29,10.2,35.3,LOW,204.0,False,False,False,SCHEDULED
BLK01438,SIG0292,SEC053,Signalling,2025-09-02 15:29,2025-09-02 19:14,3.6,61.6,HIGH,90.0,False,False,False,SCHEDULED
BLK01059,SIG0294,SEC039,Signalling,2025-09-16 06:00,2025-09-16 08:00,1.9,39.3,LOW,68.2,False,False,False,SCHEDULED
BLK00745,SIG0296,SEC028,Signalling,2025-02-09 17:00,2025-02-09 22:00,4.8,45.7,MEDIUM,249.1,False,True,False,SCHEDULED
BLK01760,SIG0299,SEC066,Signalling,2025-10-04 06:00,2025-10-04 15:15,9.2,39.9,LOW,248.4,False,True,False,SCHEDULED
BLK01607,SIG0300,SEC060,Signalling,2025-03-19 06:00,2025-03-19 11:45,5.6,59.3,MEDIUM,112.0,False,False,False,SCHEDULED
BLK00361,SIG0304,SEC013,Signalling,2025-09-06 06:00,2025-09-06 17:30,11.4,64.5,HIGH,541.5,False,False,False,SCHEDULED
BLK00502,SIG0305,SEC019,Signalling,2025-03-26 06:00,2025-03-26 11:30,5.3,84.0,CRITICAL,258.6,False,True,False,SCHEDULED
BLK01749,SIG0306,SEC066,Signalling,2025-04-29 06:00,2025-04-29 14:30,8.3,42.21,MEDIUM,224.1,False,False,False,SCHEDULED
BLK00265,SIG0317,SEC010,Signalling,2025-06-29 06:00,2025-06-29 12:45,6.7,32.5,LOW,313.6,False,True,False,SCHEDULED
BLK00398,SIG0320,SEC014,Signalling,2025-10-17 06:00,2025-10-17 08:15,2.2,43.36,MEDIUM,99.9,False,False,False,SCHEDULED
BLK01301,SIG0323,SEC048,Signalling,2025-05-08 06:00,2025-05-08 10:30,4.4,39.2,LOW,128.9,False,True,False,SCHEDULED
BLK00230,SIG0329,SEC009,Signalling,2025-03-27 06:00,2025-03-27 14:45,8.7,84.5,CRITICAL,363.7,False,True,False,SCHEDULED
BLK01078,SIG0333,SEC040,Signalling,2025-06-21 06:00,2025-06-21 16:30,10.3,37.38,LOW,249.3,False,True,False,SCHEDULED
BLK00739,SIG0338,SEC027,Signalling,2025-09-03 06:00,2025-09-03 14:30,8.5,61.4,HIGH,303.4,False,True,False,SCHEDULED
BLK01384,SIG0339,SEC051,Signalling,2025-10-10 14:29,2025-10-10 17:14,2.6,41.8,MEDIUM,67.1,False,False,False,SCHEDULED
BLK01729,SIG0341,SEC065,Signalling,2025-05-04 06:00,2025-05-04 15:45,9.6,42.6,MEDIUM,275.5,False,False,False,SCHEDULED
BLK00886,SIG0342,SEC032,Signalling,2025-05-15 06:00,2025-05-15 14:00,8.0,43.29,MEDIUM,279.2,False,True,False,SCHEDULED
BLK01424,SIG0353,SEC052,Signalling,2025-12-12 06:00,2025-12-12 08:30,2.5,42.4,MEDIUM,50.0,False,False,False,SCHEDULED
BLK01329,SIG0355,SEC049,Signalling,2025-07-29 06:00,2025-07-29 14:00,7.9,26.0,LOW,259.9,False,True,False,SCHEDULED
BLK00845,SIG0360,SEC031,Signalling,2025-02-15 06:00,2025-02-15 18:00,11.8,64.8,HIGH,477.9,False,False,False,SCHEDULED
BLK00418,SIG0362,SEC015,Signalling,2025-08-30 06:00,2025-08-30 14:30,8.5,30.17,LOW,382.5,False,True,False,SCHEDULED
BLK01582,SIG0365,SEC059,Signalling,2025-01-07 06:00,2025-01-07 10:00,3.9,30.91,LOW,78.4,False,True,False,SCHEDULED
BLK00383,SIG0386,SEC014,Signalling,2025-05-27 06:00,2025-05-27 14:15,8.1,38.5,LOW,367.7,False,True,False,SCHEDULED
BLK01836,SIG0395,SEC070,Signalling,2025-05-29 06:00,2025-05-29 16:30,10.3,40.2,MEDIUM,234.8,False,True,False,SCHEDULED
BLK00269,SIG0396,SEC010,Signalling,2025-08-10 06:00,2025-08-10 12:15,6.2,25.4,LOW,290.2,False,True,False,SCHEDULED
BLK00697,SIG0398,SEC026,Signalling,2025-04-22 15:00,2025-04-22 22:00,6.8,63.6,HIGH,350.9,False,True,False,SCHEDULED
BLK00645,SIG0399,SEC024,Signalling,2025-04-09 00:46,2025-04-09 06:01,5.2,63.92,HIGH,214.8,False,False,False,SCHEDULED
BLK01538,SIG0402,SEC057,Signalling,2025-03-16 06:00,2025-03-16 14:30,8.3,62.86,HIGH,288.0,False,True,False,SCHEDULED
BLK01879,SIG0407,SEC071,Signalling,2025-11-09 06:00,2025-11-09 11:45,5.7,41.4,MEDIUM,126.5,False,True,False,SCHEDULED
BLK01849,SIG0411,SEC070,Signalling,2025-11-11 06:00,2025-11-11 12:00,5.8,80.1,CRITICAL,132.2,False,False,False,SCHEDULED
BLK00726,SIG0412,SEC027,Signalling,2025-03-31 06:00,2025-03-31 08:30,2.3,83.8,CRITICAL,82.1,False,True,False,SCHEDULED
BLK01333,SIG0416,SEC049,Signalling,2025-08-25 06:00,2025-08-25 14:00,7.9,82.84,CRITICAL,259.9,False,True,False,SCHEDULED
BLK00491,SIG0422,SEC018,Signalling,2025-09-12 06:00,2025-09-12 13:00,6.9,82.9,CRITICAL,287.0,False,False,False,SCHEDULED
BLK00424,SIG0425,SEC015,Signalling,2025-09-28 06:00,2025-09-28 11:15,5.2,84.8,CRITICAL,234.0,False,False,False,SCHEDULED
BLK00297,SIG0426,SEC011,Signalling,2025-07-02 06:00,2025-07-02 10:30,4.5,35.27,LOW,217.8,False,True,False,SCHEDULED
BLK00435,SIG0427,SEC016,Signalling,2025-01-13 06:00,2025-01-13 13:30,7.4,64.6,HIGH,313.8,False,True,False,SCHEDULED
BLK01008,SIG0429,SEC037,Signalling,2025-01-21 06:00,2025-01-21 09:15,3.1,28.18,LOW,154.4,False,False,False,SCHEDULED
BLK01247,SIG0431,SEC046,Signalling,2025-05-13 06:00,2025-05-13 09:15,3.1,25.42,LOW,83.7,False,False,False,SCHEDULED
BLK01063,SIG0432,SEC039,Signalling,2025-11-13 06:00,2025-11-13 09:00,2.9,63.4,HIGH,104.1,False,True,False,SCHEDULED
BLK00485,SIG0440,SEC018,Signalling,2025-06-12 14:29,2025-06-12 23:59,9.4,43.5,MEDIUM,391.0,False,True,False,SCHEDULED
BLK00839,SIG0448,SEC030,Signalling,2025-11-15 06:00,2025-11-15 16:00,9.9,62.39,HIGH,404.9,False,True,False,SCHEDULED
BLK00448,SIG0450,SEC016,Signalling,2025-10-10 06:00,2025-10-10 09:15,3.1,33.2,LOW,131.4,False,True,False,SCHEDULED
BLK01361,SIG0455,SEC050,Signalling,2025-09-20 06:00,2025-09-20 08:30,2.5,61.9,HIGH,50.0,False,True,False,SCHEDULED
BLK00586,SIG0456,SEC022,Signalling,2025-03-25 06:00,2025-03-25 08:45,2.7,82.5,CRITICAL,105.3,False,False,False,SCHEDULED
BLK00244,SIG0458,SEC009,Signalling,2025-10-12 03:43,2025-10-12 11:58,8.1,39.1,LOW,338.6,False,False,False,SCHEDULED
BLK01765,SIG0469,SEC066,Signalling,2025-11-25 06:00,2025-11-25 11:15,5.1,81.2,CRITICAL,137.7,False,True,False,SCHEDULED
BLK01285,SIG0478,SEC047,Signalling,2025-10-11 15:14,2025-10-11 19:14,3.9,60.31,HIGH,79.6,False,False,False,SCHEDULED
BLK01132,SIG0482,SEC042,Signalling,2025-06-10 06:00,2025-06-10 12:00,5.9,81.0,CRITICAL,171.7,False,False,False,SCHEDULED
BLK00507,SIG0486,SEC019,Signalling,2025-06-01 08:59,2025-06-01 12:29,3.5,63.62,HIGH,170.8,False,True,False,SCHEDULED
BLK00647,SIG0487,SEC024,Signalling,2025-05-29 06:00,2025-05-29 09:45,3.7,64.7,HIGH,152.8,False,False,False,SCHEDULED
BLK00284,SIG0489,SEC011,Signalling,2025-03-17 06:00,2025-03-17 10:30,4.5,85.17,CRITICAL,217.8,False,True,False,SCHEDULED
BLK01568,SIG0492,SEC058,Signalling,2025-07-21 10:44,2025-07-21 19:44,9.0,60.81,HIGH,245.7,False,False,False,SCHEDULED
BLK01466,SIG0495,SEC054,Signalling,2025-09-23 12:29,2025-09-23 22:59,10.4,61.5,HIGH,236.1,False,True,False,SCHEDULED
BLK00137,SIG0496,SEC006,Signalling,2025-01-25 06:00,2025-01-25 13:30,7.5,44.1,MEDIUM,375.8,False,True,False,SCHEDULED
BLK00814,SIG0500,SEC030,Signalling,2025-04-08 06:00,2025-04-08 17:45,11.7,63.17,HIGH,478.5,False,False,False,SCHEDULED
BLK00522,SIG0509,SEC019,Signalling,2025-11-09 06:00,2025-11-09 16:45,10.7,64.08,HIGH,522.2,False,True,False,SCHEDULED
BLK01591,SIG0510,SEC059,Signalling,2025-05-01 06:00,2025-05-01 17:30,11.5,59.3,MEDIUM,231.2,False,False,False,SCHEDULED
BLK00657,SIG0519,SEC024,Signalling,2025-09-10 06:00,2025-09-10 08:15,2.1,38.8,LOW,86.7,False,True,False,SCHEDULED
BLK00887,SIG0520,SEC032,Signalling,2025-05-23 06:00,2025-05-23 10:45,4.6,37.1,LOW,160.5,False,False,False,SCHEDULED
BLK01261,SIG0524,SEC046,Signalling,2025-12-08 06:00,2025-12-08 11:30,5.4,29.3,LOW,145.8,False,False,False,SCHEDULED
BLK01169,SIG0528,SEC043,Signalling,2025-10-06 06:00,2025-10-06 08:30,2.3,63.4,HIGH,75.2,False,True,False,SCHEDULED
BLK01661,SIG0535,SEC062,Signalling,2025-06-05 06:00,2025-06-05 13:30,7.3,61.7,HIGH,146.0,False,False,False,SCHEDULED
BLK00087,SIG0536,SEC003,Signalling,2025-12-05 06:00,2025-12-05 08:30,2.3,84.17,CRITICAL,113.2,False,False,False,SCHEDULED
BLK01320,SIG0562,SEC049,Signalling,2025-02-21 06:00,2025-02-21 13:45,7.7,40.6,MEDIUM,253.3,False,True,False,SCHEDULED
BLK01350,SIG0563,SEC050,Signalling,2025-05-08 06:00,2025-05-08 11:15,5.2,60.4,HIGH,104.0,False,False,False,SCHEDULED
BLK01859,SIG0574,SEC071,Signalling,2025-04-14 06:00,2025-04-14 12:45,6.6,81.06,CRITICAL,146.5,False,False,False,SCHEDULED
BLK01073,SIG0577,SEC040,Signalling,2025-05-15 06:00,2025-05-15 09:15,3.1,61.5,HIGH,75.0,False,False,False,SCHEDULED
BLK01417,SIG0581,SEC052,Signalling,2025-09-23 06:00,2025-09-23 14:45,8.7,25.6,LOW,174.0,False,False,False,SCHEDULED
BLK00310,SIG0583,SEC012,Signalling,2025-02-25 04:46,2025-02-25 06:01,1.1,83.2,CRITICAL,44.4,False,True,False,SCHEDULED
BLK00003,SIG0584,SEC001,Signalling,2025-02-10 08:59,2025-02-10 20:59,12.0,39.8,LOW,511.2,False,False,False,SCHEDULED
BLK00878,SIG0585,SEC032,Signalling,2025-01-11 06:00,2025-01-11 13:15,7.2,96.2,CRITICAL,251.3,False,True,False,SCHEDULED
BLK00865,SIG0589,SEC031,Signalling,2025-08-31 06:00,2025-08-31 16:45,10.7,62.4,HIGH,433.4,False,True,False,SCHEDULED
BLK00249,SIG0590,SEC009,Signalling,2025-11-10 06:00,2025-11-10 07:15,1.2,42.4,MEDIUM,50.2,False,False,False,SCHEDULED
BLK00229,SIG0596,SEC009,Signalling,2025-03-25 06:00,2025-03-25 17:15,11.2,45.7,MEDIUM,468.2,False,True,False,SCHEDULED
BLK00566,SIG0614,SEC021,Signalling,2025-10-01 00:46,2025-10-01 06:01,5.2,44.0,MEDIUM,226.7,False,True,False,SCHEDULED
BLK01647,SIG0615,SEC061,Signalling,2025-10-30 06:00,2025-10-30 13:45,7.7,41.53,MEDIUM,158.6,False,False,False,SCHEDULED
BLK01290,SIG0625,SEC047,Signalling,2025-12-04 00:16,2025-12-04 06:01,5.7,81.5,CRITICAL,116.3,False,False,False,SCHEDULED
BLK01277,SIG0626,SEC047,Signalling,2025-07-11 06:00,2025-07-11 14:30,8.5,61.37,HIGH,173.4,False,True,False,SCHEDULED
BLK01072,SIG0631,SEC040,Signalling,2025-04-27 06:00,2025-04-27 17:45,11.6,23.1,LOW,280.7,False,False,False,SCHEDULED
BLK00002,SIG0634,SEC001,Signalling,2025-01-07 06:00,2025-01-07 15:00,8.8,63.81,HIGH,374.9,False,False,False,SCHEDULED
BLK01162,SIG0638,SEC043,Signalling,2025-07-19 06:00,2025-07-19 14:00,7.8,41.2,MEDIUM,255.1,False,False,False,SCHEDULED
BLK00664,SIG0639,SEC024,Signalling,2025-11-03 06:00,2025-11-03 13:45,7.6,82.9,CRITICAL,313.9,False,True,False,SCHEDULED
BLK00666,SIG0653,SEC024,Signalling,2025-12-08 06:00,2025-12-08 15:30,9.5,63.1,HIGH,392.3,False,False,False,SCHEDULED
BLK00761,SIG0655,SEC028,Signalling,2025-07-02 06:00,2025-07-02 08:00,2.0,85.62,CRITICAL,103.8,False,True,False,SCHEDULED
BLK00252,SIG0664,SEC010,Signalling,2025-02-09 18:45,2025-02-09 22:00,3.1,85.2,CRITICAL,145.1,False,True,False,SCHEDULED
BLK00842,SIG0665,SEC031,Signalling,2025-01-16 06:00,2025-01-16 11:45,5.7,32.5,LOW,230.8,False,False,False,SCHEDULED
BLK01927,SIG0668,SEC073,Signalling,2025-11-18 06:00,2025-11-18 15:00,8.9,61.6,HIGH,185.1,False,False,False,SCHEDULED
BLK00874,SIG0676,SEC031,Signalling,2025-11-27 06:00,2025-11-27 10:45,4.7,83.2,CRITICAL,190.4,False,True,False,SCHEDULED
BLK01612,SIG0679,SEC060,Signalling,2025-06-01 06:00,2025-06-01 15:30,9.3,35.6,LOW,186.0,False,True,False,SCHEDULED
BLK01312,SIG0684,SEC048,Signalling,2025-09-07 06:00,2025-09-07 13:30,7.5,62.5,HIGH,219.7,False,True,False,SCHEDULED
BLK01234,SIG0688,SEC045,Signalling,2025-11-12 09:29,2025-11-12 21:29,12.0,39.0,LOW,336.0,False,False,False,SCHEDULED
BLK00105,SIG0692,SEC004,Signalling,2025-09-14 08:29,2025-09-14 18:44,10.1,63.37,HIGH,439.4,False,True,False,SCHEDULED
BLK00866,SIG0695,SEC031,Signalling,2025-09-07 06:00,2025-09-07 17:15,11.1,38.4,LOW,449.6,False,False,False,SCHEDULED
BLK01140,SIG0696,SEC042,Signalling,2025-10-18 21:01,2025-10-19 06:01,9.0,37.34,LOW,261.9,False,False,False,SCHEDULED
BLK01037,SIG0702,SEC038,Signalling,2025-05-16 06:00,2025-05-16 15:45,9.6,64.49,HIGH,394.6,False,True,False,SCHEDULED
BLK01366,SIG0707,SEC050,Signalling,2025-11-26 22:46,2025-11-27 06:01,7.1,61.3,HIGH,142.0,False,True,False,SCHEDULED
BLK00018,SIG0710,SEC001,Signalling,2025-09-09 06:00,2025-09-09 08:30,2.4,43.4,MEDIUM,102.2,False,True,False,SCHEDULED
BLK01567,SIG0713,SEC058,Signalling,2025-06-26 06:00,2025-06-26 16:15,10.2,62.8,HIGH,278.5,False,True,False,SCHEDULED
BLK00914,SIG0717,SEC033,Signalling,2025-06-26 06:00,2025-06-26 11:00,4.8,84.94,CRITICAL,236.2,False,True,False,SCHEDULED
BLK00752,SIG0718,SEC028,Signalling,2025-04-24 06:00,2025-04-24 11:15,5.1,34.0,LOW,264.7,False,False,False,SCHEDULED
BLK01949,SIG0727,SEC074,Signalling,2025-10-23 10:59,2025-10-23 15:44,4.6,59.7,MEDIUM,110.4,False,False,False,SCHEDULED
BLK00612,SIG0732,SEC023,Signalling,2025-03-12 06:00,2025-03-12 09:00,3.0,27.4,LOW,135.9,False,False,False,SCHEDULED
BLK00436,SIG0738,SEC016,Signalling,2025-02-26 06:00,2025-02-26 15:00,8.8,65.31,HIGH,373.1,False,False,False,SCHEDULED
BLK01146,SIG0742,SEC043,Signalling,2025-01-26 06:00,2025-01-26 09:45,3.7,42.3,MEDIUM,121.0,False,False,False,SCHEDULED
BLK00207,SIG0744,SEC008,Signalling,2025-06-09 06:00,2025-06-09 17:30,11.5,40.08,MEDIUM,523.2,False,True,False,SCHEDULED
BLK01528,SIG0745,SEC056,Signalling,2025-08-18 06:00,2025-08-18 12:00,6.0,61.98,HIGH,171.0,False,True,False,SCHEDULED
BLK01151,SIG0748,SEC043,Signalling,2025-03-25 06:00,2025-03-25 14:45,8.7,82.5,CRITICAL,284.5,False,True,False,SCHEDULED
BLK00387,SIG0752,SEC014,Signalling,2025-07-17 06:00,2025-07-17 17:30,11.4,83.5,CRITICAL,517.6,False,False,False,SCHEDULED
BLK01951,SIG0754,SEC074,Signalling,2025-10-30 18:16,2025-10-31 06:01,11.6,61.03,HIGH,278.4,False,False,False,SCHEDULED
BLK00360,SIG0755,SEC013,Signalling,2025-09-04 06:00,2025-09-04 10:30,4.3,26.8,LOW,204.2,False,False,False,SCHEDULED
BLK01240,SIG0758,SEC046,Signalling,2025-02-13 21:31,2025-02-14 06:01,8.5,61.4,HIGH,229.5,False,True,False,SCHEDULED
BLK00312,SIG0762,SEC012,Signalling,2025-04-16 06:00,2025-04-16 13:45,7.6,32.0,LOW,307.0,False,False,False,SCHEDULED
BLK00817,SIG0763,SEC030,Signalling,2025-05-05 06:00,2025-05-05 14:45,8.7,97.7,CRITICAL,355.8,False,True,False,SCHEDULED
BLK01629,SIG0770,SEC061,Signalling,2025-02-15 06:00,2025-02-15 16:45,10.6,62.5,HIGH,218.4,False,False,False,SCHEDULED
BLK00043,SIG0772,SEC002,Signalling,2025-07-09 06:00,2025-07-09 17:30,11.5,63.6,HIGH,392.2,False,True,False,SCHEDULED
BLK00097,SIG0774,SEC004,Signalling,2025-03-01 06:00,2025-03-01 17:30,11.4,98.1,CRITICAL,495.9,False,True,False,SCHEDULED
BLK00105,SIG0784,SEC004,Signalling,2025-09-14 15:14,2025-09-14 19:59,4.6,38.9,LOW,200.1,False,False,False,SCHEDULED
BLK00763,SIG0786,SEC028,Signalling,2025-07-31 06:00,2025-07-31 11:45,5.6,42.6,MEDIUM,290.6,False,True,False,SCHEDULED
BLK01971,SIG0790,SEC075,Signalling,2025-08-18 06:00,2025-08-18 16:30,10.4,94.4,CRITICAL,208.0,False,True,False,SCHEDULED
BLK01423,SIG0792,SEC052,Signalling,2025-11-30 06:00,2025-11-30 12:30,6.4,79.83,HIGH,128.0,False,True,False,SCHEDULED
BLK01555,SIG0803,SEC058,Signalling,2025-01-24 17:44,2025-01-24 23:14,5.5,62.8,HIGH,150.2,False,True,False,SCHEDULED
BLK00286,SIG0804,SEC011,Signalling,2025-03-20 06:00,2025-03-20 16:30,10.3,98.4,CRITICAL,498.5,False,True,False,SCHEDULED
BLK00257,SIG0805,SEC010,Signalling,2025-03-07 06:00,2025-03-07 08:00,2.0,63.1,HIGH,93.6,False,True,False,SCHEDULED
BLK00738,SIG0808,SEC027,Signalling,2025-08-27 06:00,2025-08-27 08:15,2.1,82.01,CRITICAL,75.0,False,True,False,SCHEDULED
BLK01245,SIG0809,SEC046,Signalling,2025-04-17 06:00,2025-04-17 07:30,1.3,61.9,HIGH,35.1,False,False,False,SCHEDULED
BLK00456,SIG0811,SEC017,Signalling,2025-03-09 06:00,2025-03-09 14:30,8.3,64.7,HIGH,318.7,False,False,False,SCHEDULED
BLK00160,SIG0814,SEC006,Signalling,2025-09-21 06:00,2025-09-21 14:30,8.4,66.89,HIGH,420.8,False,True,False,SCHEDULED
BLK00489,SIG0817,SEC018,Signalling,2025-08-30 23:01,2025-08-31 06:01,7.0,97.67,CRITICAL,291.2,False,False,False,SCHEDULED
BLK00620,SIG0820,SEC023,Signalling,2025-06-21 16:14,2025-06-21 21:29,5.2,64.4,HIGH,235.6,False,False,False,SCHEDULED
BLK01526,SIG0822,SEC056,Signalling,2025-08-12 06:00,2025-08-12 12:30,6.3,82.15,CRITICAL,179.5,False,False,False,SCHEDULED
BLK00077,SIG0837,SEC003,Signalling,2025-08-07 06:00,2025-08-07 14:15,8.2,84.3,CRITICAL,403.4,False,True,False,SCHEDULED
BLK00796,SIG0842,SEC029,Signalling,2025-09-08 13:29,2025-09-08 17:44,4.1,29.58,LOW,209.9,False,False,False,SCHEDULED
BLK00465,SIG0853,SEC017,Signalling,2025-07-03 06:00,2025-07-03 13:00,6.9,97.6,CRITICAL,265.0,False,False,False,SCHEDULED
BLK00416,SIG0854,SEC015,Signalling,2025-08-10 06:00,2025-08-10 13:00,6.8,84.66,CRITICAL,306.0,False,True,False,SCHEDULED
BLK01185,SIG0855,SEC044,Signalling,2025-04-13 06:00,2025-04-13 17:30,11.3,26.85,LOW,392.1,False,False,False,SCHEDULED
BLK01710,SIG0856,SEC064,Signalling,2025-06-12 12:29,2025-06-12 18:44,6.2,39.19,LOW,151.9,False,False,False,SCHEDULED
BLK01020,SIG0859,SEC037,Signalling,2025-07-27 06:00,2025-07-27 12:45,6.6,65.7,HIGH,328.7,False,False,False,SCHEDULED
BLK01236,SIG0863,SEC045,Signalling,2025-11-26 06:00,2025-11-26 09:45,3.7,63.4,HIGH,103.6,False,False,False,SCHEDULED
BLK00757,SIG0864,SEC028,Signalling,2025-06-08 06:00,2025-06-08 11:30,5.4,84.5,CRITICAL,280.3,False,True,False,SCHEDULED
BLK00429,SIG0867,SEC015,Signalling,2025-10-19 11:44,2025-10-19 15:29,3.6,83.9,CRITICAL,162.0,False,False,False,SCHEDULED
BLK01415,SIG0871,SEC052,Signalling,2025-08-18 06:00,2025-08-18 07:45,1.6,59.5,MEDIUM,32.0,False,True,False,SCHEDULED
BLK00901,SIG0874,SEC032,Signalling,2025-11-13 06:00,2025-11-13 14:30,8.5,43.8,MEDIUM,296.6,False,True,False,SCHEDULED
BLK00181,SIG0876,SEC007,Signalling,2025-10-29 06:00,2025-10-29 13:30,7.4,84.9,CRITICAL,350.8,False,False,False,SCHEDULED
BLK00916,SIG0879,SEC033,Signalling,2025-07-07 06:00,2025-07-07 12:45,6.6,65.0,HIGH,324.7,False,True,False,SCHEDULED
BLK01768,SIG0882,SEC067,Signalling,2025-01-13 06:00,2025-01-13 13:30,7.5,31.4,LOW,193.5,False,True,False,SCHEDULED
BLK01507,SIG0884,SEC056,Signalling,2025-01-30 07:44,2025-01-30 16:14,8.3,82.5,CRITICAL,236.6,False,True,False,SCHEDULED
BLK00998,SIG0888,SEC036,Signalling,2025-08-06 06:00,2025-08-06 13:45,7.6,85.83,CRITICAL,396.0,False,False,False,SCHEDULED
BLK01029,SIG0894,SEC037,Signalling,2025-10-23 06:00,2025-10-23 10:00,4.0,42.2,MEDIUM,199.2,False,True,False,SCHEDULED
BLK00959,SIG0897,SEC034,Signalling,2025-11-19 06:00,2025-11-19 16:30,10.4,96.0,CRITICAL,352.6,False,False,False,SCHEDULED
BLK01278,SIG0900,SEC047,Signalling,2025-07-25 06:00,2025-07-25 15:00,8.9,81.1,CRITICAL,181.6,False,True,False,SCHEDULED
BLK00897,SIG0901,SEC032,Signalling,2025-09-17 10:44,2025-09-17 14:44,4.0,28.3,LOW,139.6,False,False,False,SCHEDULED
BLK00084,SIG0910,SEC003,Signalling,2025-10-29 06:00,2025-10-29 08:45,2.6,65.0,HIGH,127.9,False,True,False,SCHEDULED
BLK01605,SIG0916,SEC060,Signalling,2025-02-09 06:00,2025-02-09 15:30,9.4,94.4,CRITICAL,188.0,False,True,False,SCHEDULED
BLK01486,SIG0920,SEC055,Signalling,2025-04-11 06:00,2025-04-11 17:00,10.8,59.9,MEDIUM,227.9,False,False,False,SCHEDULED
BLK01292,SIG0921,SEC048,Signalling,2025-01-23 06:00,2025-01-23 13:45,7.7,82.61,CRITICAL,225.6,False,False,False,SCHEDULED
BLK01199,SIG0922,SEC044,Signalling,2025-08-10 06:00,2025-08-10 10:00,3.8,96.7,CRITICAL,131.9,False,True,False,SCHEDULED
BLK01943,SIG0931,SEC074,Signalling,2025-07-08 06:00,2025-07-08 10:30,4.5,80.92,CRITICAL,108.0,False,False,False,SCHEDULED
BLK00562,SIG0935,SEC021,Signalling,2025-07-11 10:16,2025-07-11 17:16,6.8,45.24,MEDIUM,296.5,False,True,False,SCHEDULED
BLK01519,SIG0941,SEC056,Signalling,2025-04-11 06:00,2025-04-11 17:30,11.5,63.21,HIGH,327.7,False,False,False,SCHEDULED
BLK00719,SIG0942,SEC027,Signalling,2025-02-01 06:00,2025-02-01 14:00,8.0,64.1,HIGH,285.6,False,False,False,SCHEDULED
BLK01667,SIG0944,SEC062,Signalling,2025-07-25 06:00,2025-07-25 07:30,1.3,59.1,MEDIUM,26.0,False,True,False,SCHEDULED
BLK01987,SIG0947,SEC075,Signalling,2025-12-18 06:00,2025-12-18 14:00,8.0,39.1,LOW,160.0,False,True,False,SCHEDULED
BLK01935,SIG0950,SEC074,Signalling,2025-03-24 23:12,2025-03-25 02:12,2.8,60.82,HIGH,67.2,False,False,False,SCHEDULED
BLK00180,SIG0951,SEC007,Signalling,2025-10-09 06:00,2025-10-09 16:45,10.6,85.6,CRITICAL,502.4,False,True,False,SCHEDULED
BLK01375,SIG0952,SEC051,Signalling,2025-04-08 06:00,2025-04-08 12:00,5.9,81.2,CRITICAL,152.2,False,True,False,SCHEDULED
BLK00743,SIG0954,SEC027,Signalling,2025-11-22 06:00,2025-11-22 16:15,10.1,39.2,LOW,360.6,False,False,False,SCHEDULED
BLK00454,SIG0959,SEC016,Signalling,2025-12-18 06:00,2025-12-18 11:30,5.5,62.95,HIGH,233.2,False,True,False,SCHEDULED
BLK01735,SIG0974,SEC065,Signalling,2025-07-14 06:00,2025-07-14 07:15,1.1,38.0,LOW,31.6,False,False,False,SCHEDULED
BLK01332,SIG0977,SEC049,Signalling,2025-08-22 06:00,2025-08-22 12:30,6.5,62.28,HIGH,213.8,False,False,False,SCHEDULED
BLK00421,SIG0981,SEC015,Signalling,2025-09-19 06:00,2025-09-19 10:30,4.3,62.6,HIGH,193.5,False,False,False,SCHEDULED
BLK00095,SIG0988,SEC004,Signalling,2025-02-10 06:00,2025-02-10 16:45,10.6,63.0,HIGH,461.1,False,False,False,SCHEDULED
BLK00008,SIG0989,SEC001,Signalling,2025-06-09 06:00,2025-06-09 14:45,8.6,98.2,CRITICAL,366.4,False,False,False,SCHEDULED
BLK01877,SIG0991,SEC071,Signalling,2025-10-31 06:00,2025-10-31 10:30,4.4,27.5,LOW,97.7,False,False,False,SCHEDULED
BLK01929,SIG0995,SEC074,Signalling,2025-01-24 06:00,2025-01-24 12:15,6.2,61.2,HIGH,148.8,False,True,False,SCHEDULED
BLK01191,SIG0998,SEC044,Signalling,2025-06-24 06:00,2025-06-24 12:00,6.0,83.2,CRITICAL,208.2,False,False,False,SCHEDULED
BLK01828,SIG1006,SEC070,Signalling,2025-01-24 06:00,2025-01-24 09:15,3.2,26.5,LOW,73.0,False,True,False,SCHEDULED
BLK00797,SIG1007,SEC029,Signalling,2025-09-11 06:00,2025-09-11 12:00,6.0,65.5,HIGH,307.2,False,False,False,SCHEDULED
BLK00115,SIG1011,SEC004,Signalling,2025-11-04 06:00,2025-11-04 17:45,11.6,84.7,CRITICAL,504.6,False,False,False,SCHEDULED
BLK00322,SIG1014,SEC012,Signalling,2025-07-23 06:00,2025-07-23 08:00,2.0,40.57,MEDIUM,80.8,False,False,False,SCHEDULED
BLK00783,SIG1017,SEC029,Signalling,2025-05-08 06:00,2025-05-08 12:30,6.3,85.5,CRITICAL,322.6,False,False,False,SCHEDULED
BLK00508,SIG1021,SEC019,Signalling,2025-06-19 06:00,2025-06-19 11:15,5.1,30.92,LOW,248.9,False,True,False,SCHEDULED
BLK01189,SIG1022,SEC044,Signalling,2025-05-30 04:01,2025-05-30 06:01,2.0,63.0,HIGH,69.4,False,True,False,SCHEDULED
BLK00913,SIG1026,SEC033,Signalling,2025-05-29 06:00,2025-05-29 14:00,8.0,32.4,LOW,393.6,False,True,False,SCHEDULED
BLK00555,SIG1029,SEC021,Signalling,2025-03-03 06:00,2025-03-03 09:30,3.4,84.48,CRITICAL,148.2,False,False,False,SCHEDULED
BLK01829,SIG1034,SEC070,Signalling,2025-01-25 06:00,2025-01-25 17:30,11.4,41.3,MEDIUM,259.9,False,True,False,SCHEDULED
BLK01012,SIG1037,SEC037,Signalling,2025-03-20 06:00,2025-03-20 13:30,7.5,85.4,CRITICAL,373.5,False,True,False,SCHEDULED
BLK01688,SIG1042,SEC063,Signalling,2025-05-30 06:00,2025-05-30 10:15,4.2,94.7,CRITICAL,85.3,False,True,False,SCHEDULED
BLK01132,SIG1043,SEC042,Signalling,2025-06-10 00:46,2025-06-10 06:01,5.2,43.6,MEDIUM,151.3,False,True,False,SCHEDULED
BLK00879,SIG1044,SEC032,Signalling,2025-01-14 06:00,2025-01-14 13:00,6.8,96.17,CRITICAL,237.3,False,True,False,SCHEDULED
BLK00184,SIG1045,SEC007,Signalling,2025-12-17 06:00,2025-12-17 10:45,4.7,31.9,LOW,222.8,False,False,False,SCHEDULED
BLK00964,SIG1048,SEC035,Signalling,2025-02-23 06:28,2025-02-23 17:58,11.5,41.94,MEDIUM,554.3,False,True,False,SCHEDULED
BLK00896,SIG1049,SEC032,Signalling,2025-09-07 06:00,2025-09-07 10:30,4.4,64.6,HIGH,153.6,False,False,False,SCHEDULED
BLK00700,SIG1053,SEC026,Signalling,2025-05-25 06:00,2025-05-25 10:00,4.0,27.0,LOW,206.4,False,True,False,SCHEDULED
BLK00811,SIG1060,SEC030,Signalling,2025-03-07 06:00,2025-03-07 11:00,4.9,62.6,HIGH,200.4,False,False,False,SCHEDULED
BLK01317,SIG1064,SEC049,Signalling,2025-01-16 06:00,2025-01-16 18:00,11.9,63.0,HIGH,391.5,False,True,False,SCHEDULED
BLK01156,SIG1068,SEC043,Signalling,2025-06-15 06:00,2025-06-15 16:15,10.1,38.3,LOW,330.3,False,True,False,SCHEDULED
BLK01713,SIG1071,SEC064,Signalling,2025-09-10 06:00,2025-09-10 11:30,5.3,95.5,CRITICAL,129.8,False,False,False,SCHEDULED
BLK01130,SIG1073,SEC042,Signalling,2025-05-07 06:00,2025-05-07 11:00,4.8,43.47,MEDIUM,139.7,False,True,False,SCHEDULED
BLK00847,SIG1075,SEC031,Signalling,2025-03-13 07:59,2025-03-13 17:14,9.2,84.22,CRITICAL,372.6,False,False,False,SCHEDULED
BLK00677,SIG1077,SEC025,Signalling,2025-07-16 06:00,2025-07-16 15:00,9.0,98.86,CRITICAL,433.8,False,True,False,SCHEDULED
BLK00753,SIG1080,SEC028,Signalling,2025-04-30 06:00,2025-04-30 07:30,1.4,45.37,MEDIUM,72.7,False,False,False,SCHEDULED
BLK00105,SIG1081,SEC004,Signalling,2025-09-14 15:14,2025-09-14 17:44,2.4,83.38,CRITICAL,104.4,False,False,False,SCHEDULED
BLK01055,SIG1082,SEC039,Signalling,2025-03-12 06:00,2025-03-12 09:30,3.5,64.35,HIGH,125.6,False,False,False,SCHEDULED
BLK00802,SIG1084,SEC029,Signalling,2025-10-16 06:00,2025-10-16 13:15,7.2,64.2,HIGH,368.6,False,False,False,SCHEDULED
BLK00066,SIG1085,SEC003,Signalling,2025-05-06 20:46,2025-05-07 06:01,9.2,64.78,HIGH,452.6,False,False,False,SCHEDULED
BLK00346,SIG1088,SEC013,Signalling,2025-05-29 10:29,2025-05-29 17:44,7.2,64.1,HIGH,342.0,False,False,False,SCHEDULED
BLK01789,SIG1089,SEC068,Signalling,2025-01-10 06:00,2025-01-10 10:00,4.0,26.64,LOW,122.4,False,True,False,SCHEDULED
BLK00792,SIG1094,SEC029,Signalling,2025-06-25 06:00,2025-06-25 16:00,9.8,66.05,HIGH,501.8,False,True,False,SCHEDULED
BLK01365,SIG1097,SEC050,Signalling,2025-11-15 00:16,2025-11-15 06:01,5.7,39.3,LOW,114.0,False,False,False,SCHEDULED
BLK01173,SIG1099,SEC043,Signalling,2025-11-09 06:00,2025-11-09 14:00,8.0,82.9,CRITICAL,261.6,False,False,False,SCHEDULED
BLK01358,SIG1100,SEC050,Signalling,2025-08-17 06:00,2025-08-17 16:30,10.4,81.0,CRITICAL,208.0,False,False,False,SCHEDULED
BLK00434,SIG1102,SEC015,Signalling,2025-12-17 06:00,2025-12-17 11:00,4.8,84.8,CRITICAL,216.0,False,True,False,SCHEDULED
BLK00610,SIG1103,SEC023,Signalling,2025-02-22 06:00,2025-02-22 14:00,7.9,42.5,MEDIUM,357.9,False,False,False,SCHEDULED
BLK01743,SIG1111,SEC066,Signalling,2025-01-10 06:00,2025-01-10 16:30,10.5,37.7,LOW,283.5,False,True,False,SCHEDULED
BLK01938,SIG1120,SEC074,Signalling,2025-05-04 06:00,2025-05-04 07:30,1.4,81.32,CRITICAL,33.6,False,False,False,SCHEDULED
BLK00572,SIG1121,SEC021,Signalling,2025-11-11 06:00,2025-11-11 12:00,5.9,65.71,HIGH,257.2,False,True,False,SCHEDULED
BLK00848,SIG1124,SEC031,Signalling,2025-03-27 06:00,2025-03-27 13:00,7.0,63.5,HIGH,283.5,False,True,False,SCHEDULED
BLK00487,SIG1125,SEC018,Signalling,2025-07-16 06:00,2025-07-16 11:15,5.2,64.3,HIGH,216.3,False,True,False,SCHEDULED
BLK01636,SIG1127,SEC061,Signalling,2025-04-11 19:46,2025-04-12 06:01,10.2,60.49,HIGH,210.1,False,False,False,SCHEDULED
BLK00733,SIG1131,SEC027,Signalling,2025-06-28 06:00,2025-06-28 17:30,11.5,61.9,HIGH,410.6,False,False,False,SCHEDULED
BLK00154,SIG1132,SEC006,Signalling,2025-06-19 06:00,2025-06-19 13:00,7.0,46.4,MEDIUM,350.7,False,False,False,SCHEDULED
BLK00239,SIG1135,SEC009,Signalling,2025-08-08 06:00,2025-08-08 11:30,5.5,64.49,HIGH,229.9,False,True,False,SCHEDULED
BLK01448,SIG1136,SEC054,Signalling,2025-01-29 06:00,2025-01-29 13:45,7.6,59.7,MEDIUM,172.5,False,True,False,SCHEDULED
BLK01066,SIG1140,SEC040,Signalling,2025-01-07 06:00,2025-01-07 18:00,11.8,61.0,HIGH,285.6,False,True,False,SCHEDULED
BLK01573,SIG1142,SEC058,Signalling,2025-09-16 06:00,2025-09-16 12:45,6.6,82.5,CRITICAL,180.2,False,False,False,SCHEDULED
BLK01281,SIG1143,SEC047,Signalling,2025-09-06 06:00,2025-09-06 13:00,6.8,60.35,HIGH,138.7,False,False,False,SCHEDULED
BLK00444,SIG1146,SEC016,Signalling,2025-08-27 06:00,2025-08-27 15:45,9.7,45.8,MEDIUM,411.3,False,True,False,SCHEDULED
BLK00167,SIG1155,SEC007,Signalling,2025-01-30 21:59,2025-01-31 00:14,2.2,98.1,CRITICAL,104.3,False,True,False,SCHEDULED
BLK01566,SIG1163,SEC058,Signalling,2025-06-18 06:00,2025-06-18 10:00,3.8,95.9,CRITICAL,103.7,False,False,False,SCHEDULED
BLK01581,SIG1166,SEC059,Signalling,2025-01-05 06:00,2025-01-05 17:30,11.4,40.53,MEDIUM,229.1,False,True,False,SCHEDULED
BLK01579,SIG1174,SEC058,Signalling,2025-12-18 06:00,2025-12-18 16:00,9.8,81.0,CRITICAL,267.5,False,False,False,SCHEDULED
BLK00397,SIG1175,SEC014,Signalling,2025-10-08 09:29,2025-10-08 19:14,9.6,41.25,MEDIUM,435.8,False,False,False,SCHEDULED
BLK01523,SIG1176,SEC056,Signalling,2025-07-22 06:00,2025-07-22 11:00,5.0,21.8,LOW,142.5,False,False,False,SCHEDULED
BLK00190,SIG1193,SEC008,Signalling,2025-01-28 06:00,2025-01-28 11:30,5.3,65.22,HIGH,241.2,False,False,False,SCHEDULED
BLK01391,SIG1199,SEC051,Signalling,2025-11-30 06:00,2025-11-30 13:15,7.2,63.3,HIGH,185.8,False,False,False,SCHEDULED
BLK00374,SIG1204,SEC014,Signalling,2025-02-14 21:59,2025-02-15 01:44,3.6,44.0,MEDIUM,163.4,False,True,False,SCHEDULED
BLK00900,SIG1205,SEC032,Signalling,2025-10-11 06:00,2025-10-11 15:45,9.6,61.9,HIGH,335.0,False,True,False,SCHEDULED
BLK01651,SIG1208,SEC062,Signalling,2025-02-03 06:00,2025-02-03 08:15,2.1,61.74,HIGH,42.0,False,False,False,SCHEDULED
BLK01806,SIG1217,SEC068,Signalling,2025-10-19 06:00,2025-10-19 14:00,7.8,62.2,HIGH,238.7,False,False,False,SCHEDULED
BLK00228,SIG1219,SEC009,Signalling,2025-03-07 06:00,2025-03-07 10:00,4.0,84.25,CRITICAL,167.2,False,False,False,SCHEDULED
BLK01701,SIG1223,SEC063,Signalling,2025-12-03 06:00,2025-12-03 13:30,7.4,58.9,MEDIUM,150.2,False,False,False,SCHEDULED
BLK01239,SIG1224,SEC046,Signalling,2025-01-31 06:00,2025-01-31 16:00,9.8,81.8,CRITICAL,264.6,False,True,False,SCHEDULED
BLK01202,SIG1233,SEC044,Signalling,2025-09-11 06:00,2025-09-11 11:30,5.5,64.59,HIGH,190.8,False,False,False,SCHEDULED
BLK00789,SIG1236,SEC029,Signalling,2025-06-02 06:00,2025-06-02 08:45,2.6,33.66,LOW,133.1,False,True,False,SCHEDULED
BLK01401,SIG1241,SEC052,Signalling,2025-03-11 06:00,2025-03-11 17:15,11.2,81.0,CRITICAL,224.0,False,False,False,SCHEDULED
BLK00689,SIG1243,SEC025,Signalling,2025-11-15 06:00,2025-11-15 11:30,5.5,98.22,CRITICAL,265.1,False,False,False,SCHEDULED
BLK00165,SIG1245,SEC006,Signalling,2025-12-15 01:59,2025-12-15 10:59,8.9,84.07,CRITICAL,445.9,False,False,False,SCHEDULED
BLK00061,SIG1260,SEC003,Signalling,2025-03-25 06:00,2025-03-25 07:30,1.4,63.9,HIGH,68.9,False,True,False,SCHEDULED
BLK00052,SIG1261,SEC002,Signalling,2025-10-06 06:00,2025-10-06 14:45,8.6,32.55,LOW,293.3,False,True,False,SCHEDULED
BLK01854,SIG1263,SEC071,Signalling,2025-02-21 06:00,2025-02-21 16:45,10.6,60.15,HIGH,235.3,False,False,False,SCHEDULED
BLK01053,SIG1264,SEC039,Signalling,2025-03-01 06:00,2025-03-01 17:45,11.6,63.7,HIGH,416.4,False,False,False,SCHEDULED
BLK01446,SIG1267,SEC053,Signalling,2025-12-21 06:00,2025-12-21 16:00,9.8,36.05,LOW,245.0,False,True,False,SCHEDULED
BLK00821,SIG1271,SEC030,Signalling,2025-06-07 06:00,2025-06-07 16:30,10.3,65.5,HIGH,421.3,False,True,False,SCHEDULED
BLK00218,SIG1272,SEC008,Signalling,2025-10-23 06:00,2025-10-23 14:30,8.4,63.61,HIGH,382.2,False,False,False,SCHEDULED
BLK00007,SIG1279,SEC001,Signalling,2025-05-25 06:00,2025-05-25 17:00,10.9,27.6,LOW,464.3,False,True,False,SCHEDULED
BLK01495,SIG1280,SEC055,Signalling,2025-08-30 06:00,2025-08-30 13:00,6.9,60.36,HIGH,145.6,False,False,False,SCHEDULED
BLK00017,SIG1281,SEC001,Signalling,2025-09-05 07:59,2025-09-05 17:14,9.1,42.58,MEDIUM,387.7,False,False,False,SCHEDULED
BLK00256,SIG1282,SEC010,Signalling,2025-03-02 06:00,2025-03-02 10:45,4.6,85.15,CRITICAL,215.3,False,True,False,SCHEDULED
BLK00437,SIG1288,SEC016,Signalling,2025-04-02 06:00,2025-04-02 11:00,4.9,64.4,HIGH,207.8,False,False,False,SCHEDULED
BLK00171,SIG1289,SEC007,Signalling,2025-06-02 06:00,2025-06-02 14:00,7.9,64.3,HIGH,374.5,False,True,False,SCHEDULED
BLK01255,SIG1292,SEC046,Signalling,2025-08-15 06:00,2025-08-15 09:45,3.6,31.8,LOW,97.2,False,True,False,SCHEDULED
BLK01139,SIG1296,SEC042,Signalling,2025-09-15 06:00,2025-09-15 16:45,10.6,95.3,CRITICAL,308.5,False,False,False,SCHEDULED
BLK01826,SIG1301,SEC070,Signalling,2025-01-06 16:14,2025-01-07 03:44,11.4,28.5,LOW,259.9,False,False,False,SCHEDULED
BLK01089,SIG1309,SEC040,Signalling,2025-09-16 06:00,2025-09-16 09:00,2.9,59.5,MEDIUM,70.2,False,True,False,SCHEDULED
BLK00849,SIG1311,SEC031,Signalling,2025-04-04 06:00,2025-04-04 09:30,3.5,44.06,MEDIUM,141.8,False,False,False,SCHEDULED
BLK00844,SIG1313,SEC031,Signalling,2025-01-28 06:00,2025-01-28 09:30,3.4,97.0,CRITICAL,137.7,False,True,False,SCHEDULED
BLK00514,SIG1316,SEC019,Signalling,2025-08-12 06:00,2025-08-12 10:30,4.3,98.7,CRITICAL,209.8,False,True,False,SCHEDULED
BLK01043,SIG1318,SEC038,Signalling,2025-08-20 06:00,2025-08-20 15:00,9.0,83.75,CRITICAL,369.9,False,False,False,SCHEDULED
BLK01399,SIG1319,SEC052,Signalling,2025-03-03 06:00,2025-03-03 07:30,1.4,94.2,CRITICAL,28.0,False,True,False,SCHEDULED
BLK00930,SIG1322,SEC033,Signalling,2025-10-10 06:00,2025-10-10 14:30,8.3,39.3,LOW,408.4,False,False,False,SCHEDULED
BLK01471,SIG1328,SEC054,Signalling,2025-10-29 06:00,2025-10-29 14:15,8.1,59.9,MEDIUM,183.9,False,True,False,SCHEDULED
BLK01075,SIG1339,SEC040,Signalling,2025-05-20 06:00,2025-05-20 08:30,2.5,62.4,HIGH,60.5,False,True,False,SCHEDULED
BLK01461,SIG1340,SEC054,Signalling,2025-07-04 06:00,2025-07-04 08:00,1.9,95.2,CRITICAL,43.1,False,True,False,SCHEDULED
BLK00932,SIG1347,SEC033,Signalling,2025-11-03 06:00,2025-11-03 10:30,4.5,65.2,HIGH,221.4,False,True,False,SCHEDULED
BLK00608,SIG1348,SEC023,Signalling,2025-02-04 14:59,2025-02-04 18:14,3.2,33.4,LOW,145.0,False,False,False,SCHEDULED
BLK01088,SIG1354,SEC040,Signalling,2025-09-13 06:00,2025-09-13 14:15,8.1,61.51,HIGH,196.0,False,False,False,SCHEDULED
BLK01004,SIG1355,SEC036,Signalling,2025-11-27 06:00,2025-11-27 15:00,8.8,65.2,HIGH,458.5,False,False,False,SCHEDULED
BLK01646,SIG1356,SEC061,Signalling,2025-10-26 06:00,2025-10-26 17:00,10.9,61.71,HIGH,224.5,False,False,False,SCHEDULED
BLK01356,SIG1360,SEC050,Signalling,2025-08-01 06:00,2025-08-01 13:00,6.9,39.8,LOW,138.0,False,False,False,SCHEDULED
BLK00614,SIG1363,SEC023,Signalling,2025-04-11 06:00,2025-04-11 14:30,8.5,42.58,MEDIUM,385.0,False,False,False,SCHEDULED
BLK00145,SIG1366,SEC006,Signalling,2025-03-14 06:00,2025-03-14 08:30,2.5,84.72,CRITICAL,125.2,False,True,False,SCHEDULED
BLK01884,SIG1367,SEC072,Signalling,2025-02-16 06:00,2025-02-16 14:30,8.3,81.57,CRITICAL,199.2,False,True,False,SCHEDULED
BLK01067,SIG1368,SEC040,Signalling,2025-01-09 06:00,2025-01-09 14:00,7.9,61.0,HIGH,191.2,False,True,False,SCHEDULED
BLK01986,SIG1380,SEC075,Signalling,2025-12-08 06:00,2025-12-08 07:45,1.7,80.3,CRITICAL,34.0,False,False,False,SCHEDULED
BLK01644,SIG1392,SEC061,Signalling,2025-09-30 06:00,2025-09-30 13:30,7.4,80.9,CRITICAL,152.4,False,False,False,SCHEDULED
BLK00364,SIG1395,SEC013,Signalling,2025-10-02 03:16,2025-10-02 06:01,2.6,35.48,LOW,123.5,False,False,False,SCHEDULED
BLK01326,SIG1399,SEC049,Signalling,2025-07-21 06:00,2025-07-21 18:00,12.0,44.47,MEDIUM,394.8,False,True,False,SCHEDULED
BLK00276,SIG1410,SEC010,Signalling,2025-11-01 06:00,2025-11-01 10:15,4.2,38.7,LOW,196.6,False,False,False,SCHEDULED
BLK01042,SIG1418,SEC038,Signalling,2025-08-08 06:00,2025-08-08 08:15,2.2,38.5,LOW,90.4,False,True,False,SCHEDULED
BLK00268,SIG1424,SEC010,Signalling,2025-08-07 06:00,2025-08-07 10:15,4.2,41.26,MEDIUM,196.6,False,False,False,SCHEDULED
BLK01777,SIG1433,SEC067,Signalling,2025-05-08 06:00,2025-05-08 07:15,1.2,40.6,MEDIUM,31.0,False,True,False,SCHEDULED
BLK01463,SIG1440,SEC054,Signalling,2025-07-30 02:16,2025-07-30 06:01,3.7,61.42,HIGH,84.0,False,False,False,SCHEDULED
BLK00076,SIG1456,SEC003,Signalling,2025-08-02 06:00,2025-08-02 17:00,10.9,98.86,CRITICAL,536.3,False,False,False,SCHEDULED
BLK00855,SIG1457,SEC031,Signalling,2025-06-09 06:00,2025-06-09 15:00,9.0,63.51,HIGH,364.5,False,True,False,SCHEDULED
BLK00833,SIG1460,SEC030,Signalling,2025-09-30 06:00,2025-09-30 14:30,8.3,64.4,HIGH,339.5,False,True,False,SCHEDULED
BLK01913,SIG1464,SEC073,Signalling,2025-05-28 19:46,2025-05-29 06:01,10.1,94.18,CRITICAL,210.1,False,True,False,SCHEDULED
BLK01835,SIG1473,SEC070,Signalling,2025-05-08 06:00,2025-05-08 17:45,11.7,62.8,HIGH,266.8,False,True,False,SCHEDULED
BLK00085,SIG1474,SEC003,Signalling,2025-11-18 06:00,2025-11-18 12:15,6.2,85.2,CRITICAL,305.0,False,True,False,SCHEDULED
BLK01274,SIG1477,SEC047,Signalling,2025-05-16 19:31,2025-05-17 06:01,10.5,59.6,MEDIUM,214.2,False,False,False,SCHEDULED
BLK00580,SIG1480,SEC022,Signalling,2025-01-04 06:00,2025-01-04 07:30,1.5,29.67,LOW,58.5,False,True,False,SCHEDULED
BLK00734,SIG1484,SEC027,Signalling,2025-06-29 06:00,2025-06-29 07:45,1.6,43.27,MEDIUM,57.1,False,False,False,SCHEDULED
BLK00062,SIG1497,SEC003,Signalling,2025-04-09 06:00,2025-04-09 17:30,11.4,84.0,CRITICAL,560.9,False,False,False,SCHEDULED
BLK00557,SIG1502,SEC021,Signalling,2025-05-03 04:46,2025-05-03 06:01,1.1,83.71,CRITICAL,48.0,False,False,False,SCHEDULED
BLK01793,SIG1503,SEC068,Signalling,2025-02-18 06:00,2025-02-18 16:00,10.0,26.3,LOW,306.0,False,True,False,SCHEDULED
BLK01913,SIG1505,SEC073,Signalling,2025-05-29 06:00,2025-05-29 07:15,1.1,61.4,HIGH,22.9,False,False,False,SCHEDULED
BLK01449,SIG1510,SEC054,Signalling,2025-02-13 06:00,2025-02-13 12:00,5.9,62.3,HIGH,133.9,False,True,False,SCHEDULED
BLK00432,SIG1511,SEC015,Signalling,2025-11-14 06:00,2025-11-14 15:30,9.4,63.0,HIGH,423.0,False,True,False,SCHEDULED
BLK01498,SIG1512,SEC055,Signalling,2025-10-05 06:00,2025-10-05 13:00,6.9,94.2,CRITICAL,145.6,False,True,False,SCHEDULED
BLK01483,SIG1513,SEC055,Signalling,2025-03-15 12:44,2025-03-15 21:44,9.0,60.6,HIGH,189.9,False,False,False,SCHEDULED
BLK00828,SIG1514,SEC030,Signalling,2025-08-20 06:00,2025-08-20 08:00,2.0,24.3,LOW,81.8,False,True,False,SCHEDULED
BLK00209,SIG1522,SEC008,Signalling,2025-06-22 06:00,2025-06-22 08:15,2.1,25.0,LOW,95.6,False,True,False,SCHEDULED
BLK00995,SIG1527,SEC036,Signalling,2025-07-20 06:00,2025-07-20 15:15,9.1,41.34,MEDIUM,474.1,False,False,False,SCHEDULED
BLK00119,SIG1531,SEC005,Signalling,2025-04-05 05:15,2025-04-05 09:30,4.2,66.9,HIGH,221.8,False,True,False,SCHEDULED
BLK01464,SIG1541,SEC054,Signalling,2025-08-11 06:00,2025-08-11 16:00,9.8,61.37,HIGH,222.5,False,True,False,SCHEDULED
BLK01131,SIG1542,SEC042,Signalling,2025-06-03 06:00,2025-06-03 15:30,9.5,39.4,LOW,276.4,False,False,False,SCHEDULED
BLK01052,SIG1545,SEC039,Signalling,2025-02-12 12:14,2025-02-12 23:14,11.0,43.7,MEDIUM,394.9,False,True,False,SCHEDULED
BLK01625,SIG1548,SEC060,Signalling,2025-12-15 01:59,2025-12-15 10:29,8.3,79.7,HIGH,166.0,False,False,False,SCHEDULED
BLK01159,SIG1551,SEC043,Signalling,2025-07-08 06:00,2025-07-08 14:00,7.8,37.2,LOW,255.1,False,True,False,SCHEDULED
BLK01077,SIG1554,SEC040,Signalling,2025-06-15 06:00,2025-06-15 16:45,10.7,27.6,LOW,258.9,False,True,False,SCHEDULED
BLK01686,SIG1555,SEC063,Signalling,2025-04-15 06:00,2025-04-15 10:30,4.4,94.4,CRITICAL,89.3,False,False,False,SCHEDULED
BLK01551,SIG1572,SEC057,Signalling,2025-10-02 06:00,2025-10-02 09:30,3.4,25.8,LOW,118.0,False,False,False,SCHEDULED
BLK01757,SIG1577,SEC066,Signalling,2025-08-30 06:00,2025-08-30 11:45,5.7,81.4,CRITICAL,153.9,False,True,False,SCHEDULED
BLK00399,SIG1578,SEC014,Signalling,2025-10-21 06:00,2025-10-21 11:15,5.1,42.3,MEDIUM,231.5,False,True,False,SCHEDULED
BLK01005,SIG1582,SEC036,Signalling,2025-12-16 06:00,2025-12-16 16:45,10.7,26.8,LOW,557.5,False,True,False,SCHEDULED
BLK01603,SIG1583,SEC060,Signalling,2025-01-04 06:00,2025-01-04 09:15,3.1,37.43,LOW,62.0,False,False,False,SCHEDULED
BLK00488,SIG1588,SEC018,Signalling,2025-08-12 06:00,2025-08-12 10:30,4.5,83.1,CRITICAL,187.2,False,False,False,SCHEDULED
BLK01525,SIG1590,SEC056,Signalling,2025-08-01 06:00,2025-08-01 11:30,5.3,61.4,HIGH,151.0,False,False,False,SCHEDULED
BLK00547,SIG1596,SEC020,Signalling,2025-10-12 06:00,2025-10-12 12:30,6.3,82.9,CRITICAL,241.9,False,False,False,SCHEDULED
BLK01365,SIG1601,SEC050,Signalling,2025-11-15 06:00,2025-11-15 18:00,11.9,35.3,LOW,238.0,False,False,False,SCHEDULED
BLK00287,SIG1605,SEC011,Signalling,2025-03-21 06:00,2025-03-21 14:30,8.5,46.3,MEDIUM,411.4,False,True,False,SCHEDULED
BLK01271,SIG1608,SEC047,Signalling,2025-02-22 06:00,2025-02-22 13:00,6.8,94.29,CRITICAL,138.7,False,True,False,SCHEDULED
BLK01431,SIG1615,SEC053,Signalling,2025-05-28 06:00,2025-05-28 08:30,2.4,81.06,CRITICAL,60.0,False,False,False,SCHEDULED
BLK01802,SIG1617,SEC068,Signalling,2025-08-23 06:00,2025-08-23 13:45,7.7,96.14,CRITICAL,235.6,False,True,False,SCHEDULED
BLK01689,SIG1622,SEC063,Signalling,2025-06-22 13:44,2025-06-22 15:44,1.9,42.3,MEDIUM,38.6,False,False,False,SCHEDULED
BLK01696,SIG1623,SEC063,Signalling,2025-09-15 06:00,2025-09-15 16:00,9.9,80.2,CRITICAL,201.0,False,True,False,SCHEDULED
BLK00469,SIG1630,SEC017,Signalling,2025-09-24 12:44,2025-09-24 14:14,1.4,42.49,MEDIUM,53.8,False,True,False,SCHEDULED
BLK01187,SIG1633,SEC044,Signalling,2025-05-16 06:00,2025-05-16 12:45,6.7,61.3,HIGH,232.5,False,False,False,SCHEDULED
BLK00455,SIG1639,SEC017,Signalling,2025-01-09 06:00,2025-01-09 12:30,6.3,83.8,CRITICAL,241.9,False,False,False,SCHEDULED
BLK01175,SIG1640,SEC043,Signalling,2025-12-17 02:01,2025-12-17 06:01,3.9,62.5,HIGH,127.5,False,False,False,SCHEDULED
BLK01234,SIG1650,SEC045,Signalling,2025-11-12 09:29,2025-11-12 17:44,8.2,23.5,LOW,229.6,False,False,False,SCHEDULED
BLK00036,SIG1661,SEC002,Signalling,2025-05-04 06:00,2025-05-04 14:15,8.1,62.99,HIGH,276.2,False,True,False,SCHEDULED
BLK00253,SIG1668,SEC010,Signalling,2025-02-21 06:00,2025-02-21 11:30,5.5,83.69,CRITICAL,257.4,False,False,False,SCHEDULED
BLK01527,SIG1674,SEC056,Signalling,2025-08-17 06:00,2025-08-17 13:30,7.5,82.7,CRITICAL,213.7,False,True,False,SCHEDULED
BLK00815,SIG1677,SEC030,Signalling,2025-04-12 06:00,2025-04-12 11:45,5.7,62.98,HIGH,233.1,False,False,False,SCHEDULED
BLK00122,SIG1678,SEC005,Signalling,2025-05-04 06:00,2025-05-04 10:30,4.4,98.9,CRITICAL,232.3,False,True,False,SCHEDULED
BLK01779,SIG1681,SEC067,Signalling,2025-05-23 06:00,2025-05-23 09:00,2.8,60.1,HIGH,72.2,False,True,False,SCHEDULED
BLK01778,SIG1684,SEC067,Signalling,2025-05-19 06:00,2025-05-19 08:30,2.3,60.37,HIGH,59.3,False,False,False,SCHEDULED
BLK01152,SIG1690,SEC043,Signalling,2025-04-09 19:16,2025-04-10 06:01,10.6,61.8,HIGH,346.6,False,True,False,SCHEDULED
BLK00475,SIG1698,SEC017,Signalling,2025-12-19 06:00,2025-12-19 13:15,7.2,62.9,HIGH,276.5,False,False,False,SCHEDULED
BLK00231,SIG1699,SEC009,Signalling,2025-04-21 09:59,2025-04-21 15:14,5.1,44.02,MEDIUM,213.2,False,False,False,SCHEDULED
BLK00056,SIG1703,SEC002,Signalling,2025-12-20 06:00,2025-12-20 07:30,1.3,60.9,HIGH,44.3,False,True,False,SCHEDULED
BLK00166,SIG1713,SEC007,Signalling,2025-01-08 06:00,2025-01-08 14:30,8.3,84.7,CRITICAL,393.4,False,False,False,SCHEDULED
BLK01540,SIG1717,SEC057,Signalling,2025-04-15 06:00,2025-04-15 09:15,3.2,63.5,HIGH,111.0,False,False,False,SCHEDULED
BLK01302,SIG1725,SEC048,Signalling,2025-05-12 06:00,2025-05-12 17:00,10.9,81.5,CRITICAL,319.4,False,False,False,SCHEDULED
BLK00804,SIG1726,SEC030,Signalling,2025-01-17 06:00,2025-01-17 12:15,6.1,39.1,LOW,249.5,False,True,False,SCHEDULED
BLK00693,SIG1731,SEC026,Signalling,2025-01-26 06:00,2025-01-26 10:45,4.7,44.5,MEDIUM,242.5,False,False,False,SCHEDULED
BLK01368,SIG1739,SEC051,Signalling,2025-01-24 06:00,2025-01-24 07:15,1.2,42.9,MEDIUM,31.0,False,False,False,SCHEDULED
BLK00631,SIG1747,SEC023,Signalling,2025-09-15 06:00,2025-09-15 14:30,8.4,42.27,MEDIUM,380.5,False,True,False,SCHEDULED
BLK00881,SIG1753,SEC032,Signalling,2025-01-24 06:00,2025-01-24 13:45,7.6,62.6,HIGH,265.2,False,False,False,SCHEDULED
BLK00128,SIG1754,SEC005,Signalling,2025-08-29 06:00,2025-08-29 10:00,4.0,86.1,CRITICAL,211.2,False,True,False,SCHEDULED
BLK01376,SIG1762,SEC051,Signalling,2025-05-12 06:00,2025-05-12 17:15,11.1,62.87,HIGH,286.4,False,True,False,SCHEDULED
BLK01648,SIG1770,SEC061,Signalling,2025-12-12 06:00,2025-12-12 09:15,3.2,80.2,CRITICAL,65.9,False,False,False,SCHEDULED
BLK00846,SIG1773,SEC031,Signalling,2025-02-19 06:00,2025-02-19 14:30,8.5,83.2,CRITICAL,344.2,False,True,False,SCHEDULED
BLK00644,SIG1779,SEC024,Signalling,2025-03-27 06:00,2025-03-27 14:00,8.0,29.9,LOW,330.4,False,False,False,SCHEDULED
BLK00513,SIG1787,SEC019,Signalling,2025-08-08 06:00,2025-08-08 17:00,10.8,84.9,CRITICAL,527.0,False,True,False,SCHEDULED
BLK01770,SIG1790,SEC067,Signalling,2025-01-27 06:00,2025-01-27 14:00,8.0,95.7,CRITICAL,206.4,False,False,False,SCHEDULED
BLK01405,SIG1806,SEC052,Signalling,2025-05-29 06:00,2025-05-29 15:00,8.8,27.4,LOW,176.0,False,True,False,SCHEDULED
BLK01867,SIG1808,SEC071,Signalling,2025-07-08 06:00,2025-07-08 16:00,10.0,94.3,CRITICAL,222.0,False,False,False,SCHEDULED
BLK01660,SIG1814,SEC062,Signalling,2025-05-28 06:00,2025-05-28 14:00,7.8,36.08,LOW,156.0,False,True,False,SCHEDULED
BLK01799,SIG1815,SEC068,Signalling,2025-08-02 06:00,2025-08-02 13:00,6.8,62.26,HIGH,208.1,False,True,False,SCHEDULED
BLK00633,SIG1816,SEC023,Signalling,2025-09-27 06:00,2025-09-27 10:00,4.0,38.9,LOW,181.2,False,False,False,SCHEDULED
BLK00142,SIG1822,SEC006,Signalling,2025-02-12 06:00,2025-02-12 07:45,1.7,66.7,HIGH,85.2,False,False,False,SCHEDULED
BLK00767,SIG1824,SEC028,Signalling,2025-09-16 08:30,2025-09-16 11:30,2.8,39.5,LOW,145.3,False,False,False,SCHEDULED
BLK01340,SIG1827,SEC049,Signalling,2025-11-16 06:00,2025-11-16 17:30,11.5,61.41,HIGH,378.3,False,True,False,SCHEDULED
BLK01287,SIG1828,SEC047,Signalling,2025-11-10 09:59,2025-11-10 11:29,1.5,41.13,MEDIUM,30.6,False,False,False,SCHEDULED
BLK01851,SIG1831,SEC071,Signalling,2025-01-26 06:00,2025-01-26 09:00,3.0,81.8,CRITICAL,66.6,False,True,False,SCHEDULED
BLK00443,SIG1832,SEC016,Signalling,2025-07-23 06:00,2025-07-23 12:00,6.0,83.9,CRITICAL,254.4,False,False,False,SCHEDULED
BLK00697,SIG1833,SEC026,Signalling,2025-04-22 21:59,2025-04-22 23:29,1.3,64.96,HIGH,67.1,False,False,False,SCHEDULED
BLK01681,SIG1834,SEC063,Signalling,2025-03-02 06:00,2025-03-02 08:15,2.1,35.2,LOW,42.6,False,False,False,SCHEDULED
BLK01727,SIG1835,SEC065,Signalling,2025-03-25 06:00,2025-03-25 15:15,9.2,61.71,HIGH,264.0,False,False,False,SCHEDULED
BLK01751,SIG1837,SEC066,Signalling,2025-05-26 06:00,2025-05-26 16:15,10.1,40.94,MEDIUM,272.7,False,False,False,SCHEDULED
BLK00040,SIG1843,SEC002,Signalling,2025-06-17 06:00,2025-06-17 17:30,11.5,61.4,HIGH,392.2,False,True,False,SCHEDULED
BLK00032,SIG1844,SEC002,Signalling,2025-02-25 06:00,2025-02-25 10:30,4.3,64.5,HIGH,146.6,False,True,False,SCHEDULED
BLK01225,SIG1846,SEC045,Signalling,2025-08-08 06:00,2025-08-08 09:30,3.5,95.1,CRITICAL,98.0,False,True,False,SCHEDULED
BLK00829,SIG1856,SEC030,Signalling,2025-09-06 06:00,2025-09-06 12:00,6.0,97.1,CRITICAL,245.4,False,False,False,SCHEDULED
BLK00992,SIG1860,SEC036,Signalling,2025-06-14 06:00,2025-06-14 08:30,2.4,63.97,HIGH,125.0,False,True,False,SCHEDULED
BLK00807,SIG1865,SEC030,Signalling,2025-02-11 06:00,2025-02-11 14:00,7.8,63.01,HIGH,319.0,False,True,False,SCHEDULED
BLK00563,SIG1866,SEC021,Signalling,2025-08-01 10:29,2025-08-01 14:44,4.1,97.49,CRITICAL,178.8,False,False,False,SCHEDULED
BLK01682,SIG1875,SEC063,Signalling,2025-03-10 06:00,2025-03-10 14:00,8.0,41.6,MEDIUM,162.4,False,True,False,SCHEDULED
BLK01588,SIG1877,SEC059,Signalling,2025-02-25 06:00,2025-02-25 15:30,9.5,59.5,MEDIUM,191.0,False,False,False,SCHEDULED
BLK01983,SIG1888,SEC075,Signalling,2025-10-14 06:00,2025-10-14 08:45,2.6,59.1,MEDIUM,52.0,False,True,False,SCHEDULED
BLK00952,SIG1891,SEC034,Signalling,2025-08-14 06:00,2025-08-14 16:15,10.2,38.5,LOW,345.8,False,True,False,SCHEDULED
BLK00943,SIG1892,SEC034,Signalling,2025-04-21 06:00,2025-04-21 14:00,7.8,61.6,HIGH,264.4,False,False,False,SCHEDULED
BLK00081,SIG1897,SEC003,Signalling,2025-09-17 06:00,2025-09-17 15:30,9.4,63.9,HIGH,462.5,False,False,False,SCHEDULED
BLK01620,SIG1901,SEC060,Signalling,2025-09-21 06:00,2025-09-21 09:00,3.0,94.8,CRITICAL,60.0,False,True,False,SCHEDULED
BLK00235,SIG1902,SEC009,Signalling,2025-06-18 06:00,2025-06-18 11:30,5.3,63.0,HIGH,221.5,False,True,False,SCHEDULED
BLK01604,SIG1907,SEC060,Signalling,2025-01-09 06:00,2025-01-09 14:00,7.9,41.6,MEDIUM,158.0,False,True,False,SCHEDULED
BLK00438,SIG1908,SEC016,Signalling,2025-04-16 06:00,2025-04-16 08:30,2.4,84.11,CRITICAL,101.8,False,True,False,SCHEDULED
BLK01201,SIG1910,SEC044,Signalling,2025-09-06 21:16,2025-09-07 06:01,8.6,63.33,HIGH,298.4,False,True,False,SCHEDULED
BLK01795,SIG1913,SEC068,Signalling,2025-05-04 06:00,2025-05-04 17:30,11.5,82.8,CRITICAL,351.9,False,True,False,SCHEDULED
BLK00188,SIG1915,SEC008,Signalling,2025-01-17 06:00,2025-01-17 15:30,9.3,62.7,HIGH,423.2,False,False,False,SCHEDULED
BLK00264,SIG1916,SEC010,Signalling,2025-06-24 06:00,2025-06-24 10:00,3.9,84.4,CRITICAL,182.5,False,False,False,SCHEDULED
BLK01850,SIG1920,SEC070,Signalling,2025-11-12 06:00,2025-11-12 16:30,10.4,59.88,MEDIUM,237.1,False,True,False,SCHEDULED
BLK01904,SIG1926,SEC073,Signalling,2025-01-23 06:00,2025-01-23 11:00,4.9,81.6,CRITICAL,101.9,False,True,False,SCHEDULED
BLK01178,SIG1932,SEC044,Signalling,2025-01-11 06:00,2025-01-11 11:15,5.1,96.4,CRITICAL,177.0,False,True,False,SCHEDULED
BLK01572,SIG1934,SEC058,Signalling,2025-09-06 06:00,2025-09-06 09:00,2.9,95.58,CRITICAL,79.2,False,False,False,SCHEDULED
BLK01935,SIG1941,SEC074,Signalling,2025-03-25 02:11,2025-03-25 11:26,9.2,94.55,CRITICAL,220.8,False,False,False,SCHEDULED
BLK00859,SIG1944,SEC031,Signalling,2025-07-01 06:00,2025-07-01 18:00,11.8,83.4,CRITICAL,477.9,False,True,False,SCHEDULED
BLK00877,SIG1947,SEC031,Signalling,2025-12-14 06:00,2025-12-14 10:00,3.8,38.85,LOW,153.9,False,False,False,SCHEDULED
BLK01414,SIG1948,SEC052,Signalling,2025-08-03 21:59,2025-08-03 23:44,1.7,61.37,HIGH,34.0,False,True,False,SCHEDULED
BLK01079,SIG1965,SEC040,Signalling,2025-06-22 06:00,2025-06-22 18:00,11.9,37.3,LOW,288.0,False,True,False,SCHEDULED
BLK00904,SIG1966,SEC032,Signalling,2025-12-09 06:00,2025-12-09 11:30,5.5,39.91,LOW,192.0,False,False,False,SCHEDULED
BLK01231,SIG1967,SEC045,Signalling,2025-10-13 06:00,2025-10-13 08:00,1.9,42.5,MEDIUM,53.2,False,False,False,SCHEDULED
BLK00329,SIG1976,SEC012,Signalling,2025-10-03 06:00,2025-10-03 14:45,8.7,62.3,HIGH,351.5,False,True,False,SCHEDULED
BLK01246,SIG1977,SEC046,Signalling,2025-05-09 06:00,2025-05-09 11:15,5.2,61.0,HIGH,140.4,False,False,False,SCHEDULED
BLK00499,SIG1980,SEC019,Signalling,2025-02-18 02:28,2025-02-18 11:58,9.3,36.33,LOW,453.8,False,True,False,SCHEDULED
BLK00035,SIG1981,SEC002,Signalling,2025-04-08 06:00,2025-04-08 16:00,10.0,96.9,CRITICAL,341.0,False,True,False,SCHEDULED
BLK01720,SIG1992,SEC064,Signalling,2025-10-20 06:00,2025-10-20 11:15,5.2,95.5,CRITICAL,127.4,False,False,False,SCHEDULED
BLK00244,SIG1995,SEC009,Signalling,2025-10-11 17:44,2025-10-12 03:44,10.0,43.5,MEDIUM,418.0,False,True,False,SCHEDULED
BLK00558,SIG1998,SEC021,Signalling,2025-05-26 06:00,2025-05-26 18:00,11.8,85.0,CRITICAL,514.5,False,False,False,SCHEDULED
BLK00341,SIG2003,SEC013,Signalling,2025-03-09 06:00,2025-03-09 10:15,4.2,84.79,CRITICAL,199.5,False,True,False,SCHEDULED
BLK01366,SIG2004,SEC050,Signalling,2025-11-27 06:00,2025-11-27 13:45,7.7,24.1,LOW,154.0,False,False,False,SCHEDULED
BLK00584,SIG2013,SEC022,Signalling,2025-03-02 06:00,2025-03-02 13:15,7.1,64.59,HIGH,276.9,False,True,False,SCHEDULED
BLK00650,SIG2018,SEC024,Signalling,2025-07-01 06:00,2025-07-01 07:15,1.1,41.9,MEDIUM,45.4,False,True,False,SCHEDULED
BLK00569,SIG2021,SEC021,Signalling,2025-10-31 06:00,2025-10-31 12:00,5.8,41.8,MEDIUM,252.9,False,True,False,SCHEDULED
BLK01263,SIG2022,SEC047,Signalling,2025-01-13 06:00,2025-01-13 09:00,2.8,80.2,CRITICAL,57.1,False,False,False,SCHEDULED
BLK01256,SIG2023,SEC046,Signalling,2025-08-28 06:00,2025-08-28 07:30,1.3,61.0,HIGH,35.1,False,True,False,SCHEDULED
BLK00152,SIG2025,SEC006,Signalling,2025-06-16 06:00,2025-06-16 11:00,4.9,85.5,CRITICAL,245.5,False,True,False,SCHEDULED
BLK01855,SIG2037,SEC071,Signalling,2025-03-23 06:00,2025-03-23 10:00,3.9,60.1,HIGH,86.6,False,True,False,SCHEDULED
BLK01856,SIG2039,SEC071,Signalling,2025-03-23 21:01,2025-03-24 06:01,8.8,37.92,LOW,195.4,False,False,False,SCHEDULED
BLK00867,SIG2042,SEC031,Signalling,2025-09-28 06:00,2025-09-28 08:00,1.8,62.8,HIGH,72.9,False,True,False,SCHEDULED
BLK01313,SIG2049,SEC048,Signalling,2025-10-29 21:59,2025-10-30 02:59,4.9,63.1,HIGH,143.6,False,True,False,SCHEDULED
BLK01442,SIG2053,SEC053,Signalling,2025-10-21 06:00,2025-10-21 14:00,8.0,81.8,CRITICAL,200.0,False,True,False,SCHEDULED
BLK01542,SIG2054,SEC057,Signalling,2025-05-06 06:00,2025-05-06 11:00,4.9,81.82,CRITICAL,170.0,False,False,False,SCHEDULED
BLK01036,SIG2057,SEC038,Signalling,2025-05-10 06:00,2025-05-10 09:30,3.3,64.04,HIGH,135.6,False,True,False,SCHEDULED
BLK00690,SIG2061,SEC025,Signalling,2025-12-06 06:00,2025-12-06 13:15,7.1,98.2,CRITICAL,342.2,False,False,False,SCHEDULED
BLK01420,SIG2062,SEC052,Signalling,2025-10-09 06:00,2025-10-09 10:00,3.8,60.4,HIGH,76.0,False,True,False,SCHEDULED
BLK00999,SIG2068,SEC036,Signalling,2025-08-18 06:00,2025-08-18 18:00,11.9,65.0,HIGH,620.0,False,True,False,SCHEDULED
BLK01680,SIG2070,SEC063,Signalling,2025-02-17 06:00,2025-02-17 11:15,5.1,41.2,MEDIUM,103.5,False,False,False,SCHEDULED
BLK01490,SIG2071,SEC055,Signalling,2025-06-04 06:00,2025-06-04 09:30,3.3,61.4,HIGH,69.6,False,False,False,SCHEDULED
BLK00281,SIG2073,SEC011,Signalling,2025-02-20 19:16,2025-02-21 06:01,10.7,46.5,MEDIUM,517.9,False,True,False,SCHEDULED
BLK00380,SIG2077,SEC014,Signalling,2025-05-04 06:00,2025-05-04 13:15,7.1,31.6,LOW,322.3,False,True,False,SCHEDULED
BLK00612,SIG2079,SEC023,Signalling,2025-03-12 06:00,2025-03-12 09:30,3.3,84.4,CRITICAL,149.5,False,True,False,SCHEDULED
BLK01958,SIG2082,SEC075,Signalling,2025-03-02 06:00,2025-03-02 08:15,2.1,39.31,LOW,42.0,False,True,False,SCHEDULED
BLK01747,SIG2087,SEC066,Signalling,2025-04-13 06:00,2025-04-13 13:00,7.0,60.6,HIGH,189.0,False,False,False,SCHEDULED
BLK01402,SIG2088,SEC052,Signalling,2025-04-18 06:00,2025-04-18 09:30,3.5,40.7,MEDIUM,70.0,False,False,False,SCHEDULED
BLK01600,SIG2090,SEC059,Signalling,2025-09-30 06:00,2025-09-30 16:30,10.4,27.0,LOW,209.0,False,True,False,SCHEDULED
BLK00328,SIG2102,SEC012,Signalling,2025-10-02 06:00,2025-10-02 10:45,4.7,32.27,LOW,189.9,False,False,False,SCHEDULED
BLK00722,SIG2108,SEC027,Signalling,2025-03-07 06:00,2025-03-07 14:00,7.8,63.4,HIGH,278.5,False,False,False,SCHEDULED
BLK01962,SIG2109,SEC075,Signalling,2025-04-15 14:29,2025-04-15 17:29,2.9,41.8,MEDIUM,58.0,False,True,False,SCHEDULED
BLK00480,SIG2111,SEC018,Signalling,2025-03-22 06:00,2025-03-22 11:15,5.1,45.2,MEDIUM,212.2,False,True,False,SCHEDULED
BLK00495,SIG2112,SEC019,Signalling,2025-01-10 06:00,2025-01-10 15:30,9.5,98.5,CRITICAL,463.6,False,True,False,SCHEDULED
BLK00895,SIG2119,SEC032,Signalling,2025-09-05 06:00,2025-09-05 11:45,5.7,44.0,MEDIUM,198.9,False,True,False,SCHEDULED
BLK01690,SIG2121,SEC063,Signalling,2025-07-05 06:00,2025-07-05 11:15,5.1,26.1,LOW,103.5,False,True,False,SCHEDULED
BLK01923,SIG2122,SEC073,Signalling,2025-09-25 06:00,2025-09-25 09:00,2.9,60.1,HIGH,60.3,False,True,False,SCHEDULED
BLK00132,SIG2124,SEC005,Signalling,2025-09-28 06:00,2025-09-28 09:30,3.4,41.36,MEDIUM,179.5,False,True,False,SCHEDULED
BLK00639,SIG2125,SEC023,Signalling,2025-12-10 06:00,2025-12-10 13:15,7.2,64.4,HIGH,326.2,False,False,False,SCHEDULED
BLK01209,SIG2126,SEC044,Signalling,2025-11-03 06:00,2025-11-03 17:00,11.0,61.7,HIGH,381.7,False,True,False,SCHEDULED
BLK00091,SIG2130,SEC004,Signalling,2025-01-31 06:00,2025-01-31 11:30,5.4,84.49,CRITICAL,234.9,False,True,False,SCHEDULED
BLK00521,SIG2133,SEC019,Signalling,2025-10-24 06:00,2025-10-24 11:15,5.1,66.0,HIGH,248.9,False,False,False,SCHEDULED
BLK00123,SIG2134,SEC005,Signalling,2025-05-27 06:00,2025-05-27 08:00,1.9,64.2,HIGH,100.3,False,False,False,SCHEDULED
BLK00005,SIG2141,SEC001,Signalling,2025-05-01 06:00,2025-05-01 12:30,6.4,65.1,HIGH,272.6,False,False,False,SCHEDULED
BLK01506,SIG2145,SEC056,Signalling,2025-01-18 06:59,2025-01-18 07:59,1.0,42.56,MEDIUM,28.5,False,False,False,SCHEDULED
BLK00423,SIG2149,SEC015,Signalling,2025-09-27 06:00,2025-09-27 15:00,8.8,45.0,MEDIUM,396.0,False,False,False,SCHEDULED
BLK00888,SIG2153,SEC032,Signalling,2025-06-06 06:00,2025-06-06 14:30,8.3,81.9,CRITICAL,289.7,False,True,False,SCHEDULED
BLK01857,SIG2156,SEC071,Signalling,2025-03-26 06:00,2025-03-26 17:00,11.0,94.26,CRITICAL,244.2,False,False,False,SCHEDULED
BLK01120,SIG2161,SEC041,Signalling,2025-11-24 06:00,2025-11-24 14:00,8.0,59.0,MEDIUM,168.0,False,False,False,SCHEDULED
BLK01931,SIG2162,SEC074,Signalling,2025-02-03 06:00,2025-02-03 09:45,3.6,61.93,HIGH,86.4,False,True,False,SCHEDULED
BLK00232,SIG2171,SEC009,Signalling,2025-04-26 06:00,2025-04-26 07:45,1.6,33.42,LOW,66.9,False,False,False,SCHEDULED
BLK01543,SIG2172,SEC057,Signalling,2025-06-06 06:00,2025-06-06 10:30,4.5,96.29,CRITICAL,156.1,False,True,False,SCHEDULED
BLK00640,SIG2177,SEC024,Signalling,2025-01-17 06:00,2025-01-17 13:00,7.0,62.63,HIGH,289.1,False,False,False,SCHEDULED
BLK01314,SIG2182,SEC048,Signalling,2025-11-03 06:00,2025-11-03 13:00,7.0,62.5,HIGH,205.1,False,False,False,SCHEDULED
BLK01345,SIG2185,SEC050,Signalling,2025-03-04 06:00,2025-03-04 14:30,8.3,60.2,HIGH,166.0,False,True,False,SCHEDULED
BLK01432,SIG2187,SEC053,Signalling,2025-06-10 06:00,2025-06-10 14:00,7.8,94.79,CRITICAL,195.0,False,False,False,SCHEDULED
BLK00636,SIG2188,SEC023,Signalling,2025-11-05 06:00,2025-11-05 14:00,7.9,32.96,LOW,357.9,False,False,False,SCHEDULED
BLK01625,SIG2189,SEC060,Signalling,2025-12-15 01:59,2025-12-15 09:59,7.8,62.2,HIGH,156.0,False,False,False,SCHEDULED
BLK01062,SIG2199,SEC039,Signalling,2025-10-08 06:00,2025-10-08 12:30,6.4,62.3,HIGH,229.8,False,True,False,SCHEDULED
BLK00356,SIG2200,SEC013,Signalling,2025-07-25 06:00,2025-07-25 07:15,1.1,84.7,CRITICAL,52.3,False,False,False,SCHEDULED
BLK00216,SIG2204,SEC008,Signalling,2025-10-09 06:00,2025-10-09 13:15,7.1,34.88,LOW,323.0,False,True,False,SCHEDULED
BLK00222,SIG2205,SEC008,Signalling,2025-12-19 06:00,2025-12-19 14:30,8.5,45.4,MEDIUM,386.8,False,True,False,SCHEDULED
BLK01537,SIG2211,SEC057,Signalling,2025-03-01 06:00,2025-03-01 16:30,10.4,40.2,MEDIUM,360.9,False,True,False,SCHEDULED
BLK00575,SIG2215,SEC021,Signalling,2025-12-04 06:00,2025-12-04 17:45,11.7,38.6,LOW,510.1,False,False,False,SCHEDULED
BLK00646,SIG2224,SEC024,Signalling,2025-05-10 06:00,2025-05-10 12:00,5.8,27.3,LOW,239.5,False,True,False,SCHEDULED
BLK01583,SIG2225,SEC059,Signalling,2025-01-10 06:00,2025-01-10 08:30,2.5,59.5,MEDIUM,50.2,False,True,False,SCHEDULED
BLK00662,SIG2228,SEC024,Signalling,2025-10-26 06:00,2025-10-26 09:30,3.4,64.9,HIGH,140.4,False,True,False,SCHEDULED
BLK01971,SIG2229,SEC075,Signalling,2025-08-18 16:29,2025-08-19 00:59,8.5,39.3,LOW,170.0,False,False,False,SCHEDULED
BLK01783,SIG2233,SEC067,Signalling,2025-08-10 06:00,2025-08-10 10:30,4.4,81.2,CRITICAL,113.5,False,False,False,SCHEDULED
BLK01643,SIG2246,SEC061,Signalling,2025-09-14 06:00,2025-09-14 15:00,8.9,25.3,LOW,183.3,False,False,False,SCHEDULED
BLK01953,SIG2248,SEC074,Signalling,2025-12-19 06:00,2025-12-19 10:30,4.4,80.39,CRITICAL,105.6,False,False,False,SCHEDULED
BLK00262,SIG2249,SEC010,Signalling,2025-06-13 06:00,2025-06-13 15:45,9.6,85.2,CRITICAL,449.3,False,True,False,SCHEDULED
BLK00110,SIG2251,SEC004,Signalling,2025-10-22 06:00,2025-10-22 15:45,9.7,26.7,LOW,422.0,False,False,False,SCHEDULED
BLK00964,SIG2252,SEC035,Signalling,2025-02-22 15:15,2025-02-22 22:00,6.7,85.0,CRITICAL,322.9,False,False,False,SCHEDULED
BLK00015,SIG2253,SEC001,Signalling,2025-08-23 14:29,2025-08-23 16:29,1.8,62.9,HIGH,76.7,False,False,False,SCHEDULED
BLK00026,SIG2255,SEC001,Signalling,2025-12-10 06:00,2025-12-10 13:30,7.4,83.08,CRITICAL,315.2,False,False,False,SCHEDULED
BLK00546,SIG2263,SEC020,Signalling,2025-10-09 06:00,2025-10-09 07:45,1.6,97.4,CRITICAL,61.4,False,True,False,SCHEDULED
BLK01125,SIG2264,SEC042,Signalling,2025-02-28 06:00,2025-02-28 15:00,9.0,30.5,LOW,261.9,False,True,False,SCHEDULED
BLK01236,SIG2265,SEC045,Signalling,2025-11-25 21:16,2025-11-26 06:01,8.6,63.1,HIGH,240.8,False,False,False,SCHEDULED
BLK01136,SIG2270,SEC042,Signalling,2025-08-17 18:31,2025-08-18 06:01,11.3,43.4,MEDIUM,328.8,False,False,False,SCHEDULED
BLK01217,SIG2271,SEC045,Signalling,2025-04-10 06:00,2025-04-10 18:00,11.8,62.5,HIGH,330.4,False,True,False,SCHEDULED
BLK00663,SIG2283,SEC024,Signalling,2025-10-30 06:00,2025-10-30 09:45,3.6,63.4,HIGH,148.7,False,False,False,SCHEDULED
BLK00148,SIG2287,SEC006,Signalling,2025-04-07 06:00,2025-04-07 08:00,1.9,98.5,CRITICAL,95.2,False,True,False,SCHEDULED
BLK01957,SIG2296,SEC075,Signalling,2025-02-22 02:46,2025-02-22 06:01,3.2,61.7,HIGH,64.0,False,False,False,SCHEDULED
BLK00493,SIG2297,SEC018,Signalling,2025-12-01 09:44,2025-12-01 15:14,5.5,65.2,HIGH,228.8,False,False,False,SCHEDULED
BLK01487,SIG2301,SEC055,Signalling,2025-04-24 06:00,2025-04-24 13:15,7.2,59.9,MEDIUM,151.9,False,False,False,SCHEDULED
BLK00263,SIG2304,SEC010,Signalling,2025-06-16 06:00,2025-06-16 13:00,6.8,66.4,HIGH,318.2,False,True,False,SCHEDULED
BLK00582,SIG2309,SEC022,Signalling,2025-02-04 06:00,2025-02-04 14:00,7.8,63.81,HIGH,304.2,False,False,False,SCHEDULED
BLK01378,SIG2311,SEC051,Signalling,2025-06-19 06:00,2025-06-19 14:30,8.3,23.4,LOW,214.1,False,False,False,SCHEDULED
BLK01294,SIG2322,SEC048,Signalling,2025-03-03 17:59,2025-03-04 00:44,6.7,82.6,CRITICAL,196.3,False,True,False,SCHEDULED
BLK01295,SIG2324,SEC048,Signalling,2025-03-09 06:00,2025-03-09 12:00,5.8,60.9,HIGH,169.9,False,True,False,SCHEDULED
BLK01421,SIG2325,SEC052,Signalling,2025-10-11 06:00,2025-10-11 09:45,3.6,61.1,HIGH,72.0,False,True,False,SCHEDULED
BLK00028,SIG2326,SEC002,Signalling,2025-01-11 06:00,2025-01-11 07:30,1.5,81.8,CRITICAL,51.2,False,False,False,SCHEDULED
BLK01060,SIG2327,SEC039,Signalling,2025-09-26 06:00,2025-09-26 12:30,6.3,61.71,HIGH,226.2,False,False,False,SCHEDULED
BLK00777,SIG2330,SEC029,Signalling,2025-02-01 06:00,2025-02-01 14:00,7.8,36.72,LOW,399.4,False,False,False,SCHEDULED
BLK00920,SIG2334,SEC033,Signalling,2025-07-24 06:00,2025-07-24 16:30,10.4,46.2,MEDIUM,511.7,False,True,False,SCHEDULED
BLK01809,SIG2343,SEC068,Signalling,2025-12-01 06:00,2025-12-01 15:15,9.1,82.28,CRITICAL,278.5,False,True,False,SCHEDULED
BLK01063,SIG2351,SEC039,Signalling,2025-11-12 16:17,2025-11-13 03:32,11.1,83.8,CRITICAL,398.5,False,False,False,SCHEDULED
BLK01480,SIG2353,SEC055,Signalling,2025-02-27 06:00,2025-02-27 17:15,11.2,60.3,HIGH,236.3,False,True,False,SCHEDULED
BLK01569,SIG2354,SEC058,Signalling,2025-07-23 06:00,2025-07-23 18:00,12.0,80.8,CRITICAL,327.6,False,True,False,SCHEDULED
BLK01586,SIG2359,SEC059,Signalling,2025-02-14 06:00,2025-02-14 16:45,10.6,30.3,LOW,213.1,False,False,False,SCHEDULED
BLK01249,SIG2363,SEC046,Signalling,2025-06-06 06:00,2025-06-06 12:45,6.7,61.59,HIGH,180.9,False,True,False,SCHEDULED
BLK01968,SIG2372,SEC075,Signalling,2025-07-04 06:00,2025-07-04 12:30,6.5,34.9,LOW,130.0,False,True,False,SCHEDULED
BLK00717,SIG2374,SEC027,Signalling,2025-01-06 06:00,2025-01-06 14:15,8.2,64.1,HIGH,292.7,False,False,False,SCHEDULED
BLK01007,SIG2375,SEC037,Signalling,2025-01-16 06:00,2025-01-16 08:00,1.8,65.5,HIGH,89.6,False,True,False,SCHEDULED
BLK00217,SIG2385,SEC008,Signalling,2025-10-15 06:00,2025-10-15 10:15,4.1,65.8,HIGH,186.5,False,True,False,SCHEDULED
BLK00539,SIG2386,SEC020,Signalling,2025-08-28 06:00,2025-08-28 13:00,6.9,82.4,CRITICAL,265.0,False,True,False,SCHEDULED
BLK00711,SIG2389,SEC026,Signalling,2025-10-20 06:00,2025-10-20 17:00,11.0,66.9,HIGH,567.6,False,False,False,SCHEDULED
BLK01606,SIG2393,SEC060,Signalling,2025-03-11 06:00,2025-03-11 15:15,9.2,59.5,MEDIUM,184.0,False,True,False,SCHEDULED
BLK01219,SIG2395,SEC045,Signalling,2025-06-03 18:46,2025-06-04 06:01,11.2,27.3,LOW,313.6,False,True,False,SCHEDULED
BLK01393,SIG2396,SEC051,Signalling,2025-12-20 06:00,2025-12-20 14:15,8.2,38.6,LOW,211.6,False,False,False,SCHEDULED
BLK00481,SIG2397,SEC018,Signalling,2025-03-24 06:00,2025-03-24 10:15,4.1,65.2,HIGH,170.6,False,False,False,SCHEDULED
BLK01903,SIG2402,SEC073,Signalling,2025-01-13 06:00,2025-01-13 12:15,6.2,94.1,CRITICAL,129.0,False,False,False,SCHEDULED
BLK01772,SIG2413,SEC067,Signalling,2025-02-15 06:00,2025-02-15 14:00,8.0,40.68,MEDIUM,206.4,False,False,False,SCHEDULED
BLK00745,SIG2417,SEC028,Signalling,2025-02-09 17:43,2025-02-10 00:28,6.6,47.2,MEDIUM,342.5,False,False,False,SCHEDULED
BLK01243,SIG2419,SEC046,Signalling,2025-03-27 06:00,2025-03-27 10:00,3.8,59.9,MEDIUM,102.6,False,True,False,SCHEDULED
BLK00494,SIG2424,SEC019,Signalling,2025-01-03 06:00,2025-01-03 11:00,4.8,45.9,MEDIUM,234.2,False,True,False,SCHEDULED
BLK00822,SIG2436,SEC030,Signalling,2025-06-17 06:00,2025-06-17 07:15,1.1,64.4,HIGH,45.0,False,True,False,SCHEDULED
BLK01047,SIG2444,SEC038,Signalling,2025-09-25 06:00,2025-09-25 10:45,4.6,83.9,CRITICAL,189.1,False,True,False,SCHEDULED
BLK00742,SIG2446,SEC027,Signalling,2025-10-25 06:00,2025-10-25 10:30,4.5,38.01,LOW,160.6,False,False,False,SCHEDULED
BLK00064,SIG2447,SEC003,Signalling,2025-05-04 11:44,2025-05-04 19:29,7.7,84.5,CRITICAL,378.8,False,True,False,SCHEDULED
BLK01400,SIG2453,SEC052,Signalling,2025-03-10 06:00,2025-03-10 13:15,7.2,81.0,CRITICAL,144.0,False,False,False,SCHEDULED
BLK01655,SIG2460,SEC062,Signalling,2025-02-28 06:00,2025-02-28 08:15,2.2,60.96,HIGH,44.0,False,False,False,SCHEDULED
BLK01541,SIG2466,SEC057,Signalling,2025-04-17 06:00,2025-04-17 13:30,7.3,63.5,HIGH,253.3,False,False,False,SCHEDULED
BLK01529,SIG2468,SEC056,Signalling,2025-09-26 06:00,2025-09-26 07:45,1.6,81.4,CRITICAL,45.6,False,True,False,SCHEDULED
BLK00737,SIG2472,SEC027,Signalling,2025-08-07 06:00,2025-08-07 10:15,4.2,82.5,CRITICAL,149.9,False,True,False,SCHEDULED
BLK00782,SIG2473,SEC029,Signalling,2025-05-02 10:59,2025-05-02 16:44,5.6,41.6,MEDIUM,286.7,False,False,False,SCHEDULED
BLK01354,SIG2474,SEC050,Signalling,2025-06-18 06:00,2025-06-18 14:00,8.0,39.3,LOW,160.0,False,False,False,SCHEDULED
BLK00289,SIG2480,SEC011,Signalling,2025-05-10 06:00,2025-05-10 17:45,11.7,39.1,LOW,566.3,False,True,False,SCHEDULED
BLK01351,SIG2482,SEC050,Signalling,2025-05-13 06:00,2025-05-13 08:30,2.4,59.3,MEDIUM,48.0,False,False,False,SCHEDULED
BLK01832,SIG2483,SEC070,Signalling,2025-03-22 06:00,2025-03-22 13:45,7.6,59.9,MEDIUM,173.3,False,True,False,SCHEDULED
BLK00978,SIG2486,SEC035,Signalling,2025-11-18 06:00,2025-11-18 16:30,10.5,84.94,CRITICAL,506.1,False,False,False,SCHEDULED
BLK01305,SIG2489,SEC048,Signalling,2025-06-07 06:00,2025-06-07 11:45,5.6,62.64,HIGH,164.1,False,False,False,SCHEDULED
BLK00907,SIG2493,SEC033,Signalling,2025-02-23 06:00,2025-02-23 12:15,6.1,98.8,CRITICAL,300.1,False,False,False,SCHEDULED
BLK00978,SIG2495,SEC035,Signalling,2025-11-18 06:00,2025-11-18 17:45,11.7,85.1,CRITICAL,563.9,False,True,False,SCHEDULED
BLK01241,SIG2497,SEC046,Signalling,2025-03-07 06:00,2025-03-07 16:45,10.7,95.9,CRITICAL,288.9,False,True,False,SCHEDULED
BLK01074,SIG2498,SEC040,Signalling,2025-05-19 06:00,2025-05-19 13:00,7.0,21.1,LOW,169.4,False,True,False,SCHEDULED
BLK00621,SIG2503,SEC023,Signalling,2025-06-28 06:00,2025-06-28 11:30,5.4,63.7,HIGH,244.6,False,False,False,SCHEDULED
BLK01703,SIG2507,SEC064,Signalling,2025-01-09 06:00,2025-01-09 16:30,10.4,60.2,HIGH,254.8,False,False,False,SCHEDULED
BLK00780,SIG2509,SEC029,Signalling,2025-02-15 06:00,2025-02-15 10:45,4.6,98.98,CRITICAL,235.5,False,True,False,SCHEDULED
BLK00070,SIG2513,SEC003,Signalling,2025-06-02 06:00,2025-06-02 11:30,5.3,65.7,HIGH,260.8,False,False,False,SCHEDULED
BLK00934,SIG2520,SEC033,Signalling,2025-11-11 06:00,2025-11-11 18:00,11.8,64.45,HIGH,580.6,False,False,False,SCHEDULED
BLK00493,SIG2523,SEC018,Signalling,2025-12-01 09:44,2025-12-01 19:29,9.7,39.0,LOW,403.5,False,False,False,SCHEDULED
BLK00538,SIG2528,SEC020,Signalling,2025-08-13 19:46,2025-08-14 06:01,10.1,40.5,MEDIUM,387.8,False,False,False,SCHEDULED
BLK00127,SIG2531,SEC005,Signalling,2025-07-12 06:00,2025-07-12 16:45,10.6,85.0,CRITICAL,559.7,False,True,False,SCHEDULED
BLK00004,SIG2533,SEC001,Signalling,2025-04-03 15:29,2025-04-03 21:59,6.3,65.29,HIGH,268.4,False,False,False,SCHEDULED
BLK01500,SIG2534,SEC055,Signalling,2025-11-06 06:00,2025-11-06 14:00,7.9,95.0,CRITICAL,166.7,False,False,False,SCHEDULED
BLK01550,SIG2535,SEC057,Signalling,2025-09-03 06:00,2025-09-03 12:15,6.2,38.2,LOW,215.1,False,True,False,SCHEDULED
BLK01801,SIG2541,SEC068,Signalling,2025-08-13 06:00,2025-08-13 12:30,6.5,39.1,LOW,198.9,False,True,False,SCHEDULED
BLK00897,SIG2543,SEC032,Signalling,2025-09-17 06:00,2025-09-17 10:45,4.6,61.3,HIGH,160.5,False,True,False,SCHEDULED
BLK00029,SIG2553,SEC002,Signalling,2025-02-05 06:00,2025-02-05 08:45,2.6,63.8,HIGH,88.7,False,True,False,SCHEDULED
BLK01497,SIG2554,SEC055,Signalling,2025-09-24 06:00,2025-09-24 10:30,4.3,61.4,HIGH,90.7,False,True,False,SCHEDULED
BLK00384,SIG2559,SEC014,Signalling,2025-06-07 06:00,2025-06-07 14:00,8.0,33.0,LOW,363.2,False,True,False,SCHEDULED
BLK01013,SIG2560,SEC037,Signalling,2025-05-01 06:00,2025-05-01 12:15,6.1,63.3,HIGH,303.8,False,False,False,SCHEDULED
BLK01617,SIG2563,SEC060,Signalling,2025-08-09 06:00,2025-08-09 08:30,2.3,80.3,CRITICAL,46.0,False,True,False,SCHEDULED
BLK01564,SIG2564,SEC058,Signalling,2025-06-02 06:00,2025-06-02 08:30,2.4,82.1,CRITICAL,65.5,False,True,False,SCHEDULED
BLK00910,SIG2565,SEC033,Signalling,2025-03-21 06:00,2025-03-21 11:45,5.6,35.5,LOW,275.5,False,False,False,SCHEDULED
BLK01635,SIG2570,SEC061,Signalling,2025-04-09 06:00,2025-04-09 12:30,6.4,60.79,HIGH,131.8,False,False,False,SCHEDULED
BLK01200,SIG2571,SEC044,Signalling,2025-08-30 06:00,2025-08-30 12:00,6.0,40.0,MEDIUM,208.2,False,False,False,SCHEDULED
BLK01234,SIG2573,SEC045,Signalling,2025-11-12 09:29,2025-11-12 21:14,11.7,63.39,HIGH,327.6,False,False,False,SCHEDULED
BLK01561,SIG2581,SEC058,Signalling,2025-03-06 06:00,2025-03-06 10:00,4.0,60.2,HIGH,109.2,False,False,False,SCHEDULED
BLK00466,SIG2583,SEC017,Signalling,2025-07-21 06:00,2025-07-21 17:00,11.0,83.64,CRITICAL,422.4,False,True,False,SCHEDULED
BLK00604,SIG2586,SEC022,Signalling,2025-09-29 18:01,2025-09-30 06:01,11.9,31.1,LOW,464.1,False,True,False,SCHEDULED
BLK00348,SIG2588,SEC013,Signalling,2025-06-01 06:00,2025-06-01 12:45,6.7,44.19,MEDIUM,318.2,False,True,False,SCHEDULED
BLK00063,SIG2592,SEC003,Signalling,2025-04-14 06:00,2025-04-14 08:15,2.1,85.15,CRITICAL,103.3,False,False,False,SCHEDULED
BLK01639,SIG2597,SEC061,Signalling,2025-06-23 20:47,2025-06-24 01:47,5.0,35.6,LOW,103.0,False,False,False,SCHEDULED
BLK00674,SIG2599,SEC025,Signalling,2025-06-25 06:00,2025-06-25 14:45,8.6,63.5,HIGH,414.5,False,True,False,SCHEDULED
BLK00979,SIG2601,SEC035,Signalling,2025-11-24 06:00,2025-11-24 17:15,11.1,31.6,LOW,535.0,False,False,False,SCHEDULED
BLK01426,SIG2604,SEC053,Signalling,2025-02-28 06:00,2025-02-28 16:00,9.9,37.6,LOW,247.5,False,True,False,SCHEDULED
BLK00803,SIG2612,SEC029,Signalling,2025-10-20 19:01,2025-10-21 06:01,10.9,64.6,HIGH,558.1,False,False,False,SCHEDULED
BLK00200,SIG2617,SEC008,Signalling,2025-04-19 06:00,2025-04-19 11:00,5.0,44.3,MEDIUM,227.5,False,False,False,SCHEDULED
BLK00332,SIG2633,SEC012,Signalling,2025-11-14 23:46,2025-11-15 06:01,6.2,39.7,LOW,250.5,False,False,False,SCHEDULED
BLK00075,SIG2634,SEC003,Signalling,2025-07-13 06:00,2025-07-13 13:00,6.8,63.41,HIGH,334.6,False,True,False,SCHEDULED
BLK01288,SIG2635,SEC047,Signalling,2025-11-19 06:00,2025-11-19 13:15,7.2,94.9,CRITICAL,146.9,False,True,False,SCHEDULED
BLK01951,SIG2639,SEC074,Signalling,2025-10-31 06:00,2025-10-31 17:00,10.9,61.81,HIGH,261.6,False,True,False,SCHEDULED
BLK01638,SIG2643,SEC061,Signalling,2025-06-22 06:00,2025-06-22 13:30,7.3,62.5,HIGH,150.4,False,False,False,SCHEDULED
BLK00031,SIG2644,SEC002,Signalling,2025-02-21 06:00,2025-02-21 17:00,11.0,63.64,HIGH,375.1,False,False,False,SCHEDULED
BLK00312,SIG2645,SEC012,Signalling,2025-04-16 13:44,2025-04-16 15:44,1.8,82.86,CRITICAL,72.7,False,True,False,SCHEDULED
BLK01463,SIG2646,SEC054,Signalling,2025-07-30 01:46,2025-07-30 06:01,4.2,62.6,HIGH,95.3,False,False,False,SCHEDULED
BLK00467,SIG2649,SEC017,Signalling,2025-08-02 06:00,2025-08-02 17:30,11.4,27.26,LOW,437.8,False,False,False,SCHEDULED
BLK01233,SIG2655,SEC045,Signalling,2025-10-20 21:59,2025-10-21 04:29,6.4,62.9,HIGH,179.2,False,True,False,SCHEDULED
BLK00066,SIG2661,SEC003,Signalling,2025-05-07 06:00,2025-05-07 18:00,11.9,44.6,MEDIUM,585.5,False,False,False,SCHEDULED
BLK01142,SIG2663,SEC042,Signalling,2025-12-09 06:00,2025-12-09 12:30,6.5,61.1,HIGH,189.1,False,False,False,SCHEDULED
BLK01623,SIG2670,SEC060,Signalling,2025-11-10 06:00,2025-11-10 14:45,8.7,59.7,MEDIUM,174.0,False,True,False,SCHEDULED
BLK01115,SIG2676,SEC041,Signalling,2025-09-12 11:44,2025-09-12 23:14,11.4,35.5,LOW,239.4,False,True,False,SCHEDULED
BLK00171,SIG2679,SEC007,Signalling,2025-06-02 03:16,2025-06-02 06:01,2.7,45.2,MEDIUM,128.0,False,False,False,SCHEDULED
BLK01370,SIG2680,SEC051,Signalling,2025-03-01 06:00,2025-03-01 17:00,10.8,94.8,CRITICAL,278.6,False,True,False,SCHEDULED
BLK01355,SIG2682,SEC050,Signalling,2025-06-26 06:00,2025-06-26 10:30,4.5,60.2,HIGH,90.0,False,True,False,SCHEDULED
BLK01474,SIG2683,SEC055,Signalling,2025-01-27 08:59,2025-01-27 15:44,6.7,27.8,LOW,141.4,False,False,False,SCHEDULED
BLK01181,SIG2685,SEC044,Signalling,2025-02-03 06:00,2025-02-03 16:15,10.2,63.0,HIGH,353.9,False,True,False,SCHEDULED
BLK01501,SIG2690,SEC055,Signalling,2025-11-09 06:00,2025-11-09 12:00,5.9,62.0,HIGH,124.5,False,False,False,SCHEDULED
BLK00334,SIG2691,SEC013,Signalling,2025-01-13 07:14,2025-01-13 09:59,2.6,42.1,MEDIUM,123.5,False,False,False,SCHEDULED
BLK00741,SIG2693,SEC027,Signalling,2025-09-27 06:00,2025-09-27 09:30,3.3,62.1,HIGH,117.8,False,False,False,SCHEDULED
BLK01233,SIG2695,SEC045,Signalling,2025-10-20 17:15,2025-10-20 22:00,4.6,81.8,CRITICAL,128.8,False,False,False,SCHEDULED
BLK01791,SIG2699,SEC068,Signalling,2025-02-03 06:00,2025-02-03 08:30,2.4,28.5,LOW,73.4,False,True,False,SCHEDULED
BLK00670,SIG2702,SEC025,Signalling,2025-03-16 06:00,2025-03-16 12:15,6.1,64.68,HIGH,294.0,False,True,False,SCHEDULED
BLK00701,SIG2709,SEC026,Signalling,2025-05-30 06:00,2025-05-30 08:00,1.9,66.7,HIGH,98.0,False,False,False,SCHEDULED
BLK00016,SIG2712,SEC001,Signalling,2025-09-02 06:00,2025-09-02 16:15,10.2,27.4,LOW,434.5,False,False,False,SCHEDULED
BLK01009,SIG2715,SEC037,Signalling,2025-02-10 06:00,2025-02-10 08:00,1.9,65.47,HIGH,94.6,False,True,False,SCHEDULED
BLK00074,SIG2719,SEC003,Signalling,2025-07-02 06:00,2025-07-02 15:30,9.5,98.3,CRITICAL,467.4,False,True,False,SCHEDULED
BLK01221,SIG2723,SEC045,Signalling,2025-06-17 06:00,2025-06-17 08:45,2.6,95.1,CRITICAL,72.8,False,False,False,SCHEDULED
BLK00913,SIG2725,SEC033,Signalling,2025-05-29 13:59,2025-05-29 23:44,9.7,26.4,LOW,477.2,False,False,False,SCHEDULED
BLK00407,SIG2728,SEC015,Signalling,2025-01-30 06:00,2025-01-30 17:15,11.2,98.1,CRITICAL,504.0,False,False,False,SCHEDULED
BLK01441,SIG2733,SEC053,Signalling,2025-10-07 06:00,2025-10-07 10:30,4.3,94.9,CRITICAL,107.5,False,True,False,SCHEDULED
BLK01094,SIG2734,SEC040,Signalling,2025-11-28 06:00,2025-11-28 07:45,1.6,94.57,CRITICAL,38.7,False,False,False,SCHEDULED
BLK00294,SIG2735,SEC011,Signalling,2025-06-21 06:00,2025-06-21 13:30,7.3,65.8,HIGH,353.3,False,True,False,SCHEDULED
BLK01704,SIG2736,SEC064,Signalling,2025-01-22 11:44,2025-01-22 21:14,9.4,38.9,LOW,230.3,False,False,False,SCHEDULED
BLK00534,SIG2741,SEC020,Signalling,2025-07-11 06:00,2025-07-11 17:00,10.9,63.6,HIGH,418.6,False,True,False,SCHEDULED
BLK01524,SIG2745,SEC056,Signalling,2025-07-25 06:00,2025-07-25 17:00,10.9,43.49,MEDIUM,310.6,False,True,False,SCHEDULED
BLK00554,SIG2750,SEC021,Signalling,2025-02-23 06:00,2025-02-23 11:45,5.7,84.5,CRITICAL,248.5,False,True,False,SCHEDULED
BLK01981,SIG2751,SEC075,Signalling,2025-10-05 06:00,2025-10-05 10:00,3.9,81.4,CRITICAL,78.0,False,False,False,SCHEDULED
BLK00246,SIG2757,SEC009,Signalling,2025-11-04 06:00,2025-11-04 09:15,3.2,32.2,LOW,133.8,False,False,False,SCHEDULED
BLK00010,SIG2767,SEC001,Signalling,2025-06-20 06:00,2025-06-20 10:45,4.6,38.97,LOW,196.0,False,False,False,SCHEDULED
BLK00930,SIG2773,SEC033,Signalling,2025-10-10 04:31,2025-10-10 06:01,1.3,98.83,CRITICAL,64.0,False,True,False,SCHEDULED
BLK01369,SIG2774,SEC051,Signalling,2025-02-14 06:00,2025-02-14 14:15,8.2,61.3,HIGH,211.6,False,False,False,SCHEDULED
BLK00090,SIG2777,SEC004,Signalling,2025-01-21 06:00,2025-01-21 16:30,10.4,41.5,MEDIUM,452.4,False,True,False,SCHEDULED
BLK01197,SIG2783,SEC044,Signalling,2025-07-28 09:59,2025-07-28 18:59,9.0,40.0,LOW,312.3,False,False,False,SCHEDULED
BLK01896,SIG2784,SEC072,Signalling,2025-08-20 06:00,2025-08-20 15:30,9.5,60.51,HIGH,228.0,False,False,False,SCHEDULED
BLK01822,SIG2786,SEC069,Signalling,2025-08-24 06:00,2025-08-24 09:30,3.3,93.98,CRITICAL,66.0,False,True,False,SCHEDULED
BLK00969,SIG2788,SEC035,Signalling,2025-06-09 06:00,2025-06-09 11:00,5.0,44.0,MEDIUM,241.0,False,True,False,SCHEDULED
BLK01428,SIG2791,SEC053,Signalling,2025-03-28 06:00,2025-03-28 10:00,3.9,38.8,LOW,97.5,False,False,False,SCHEDULED
BLK00149,SIG2792,SEC006,Signalling,2025-04-13 06:00,2025-04-13 08:15,2.1,85.21,CRITICAL,105.2,False,False,False,SCHEDULED
BLK01895,SIG2794,SEC072,Signalling,2025-07-26 06:00,2025-07-26 11:15,5.1,61.7,HIGH,122.4,False,False,False,SCHEDULED
BLK01410,SIG2797,SEC052,Signalling,2025-06-27 06:00,2025-06-27 15:45,9.7,37.3,LOW,194.0,False,False,False,SCHEDULED
BLK01530,SIG2800,SEC056,Signalling,2025-11-13 11:29,2025-11-13 18:29,7.0,62.8,HIGH,199.5,False,False,False,SCHEDULED
BLK00673,SIG2811,SEC025,Signalling,2025-06-16 04:16,2025-06-16 06:01,1.7,46.0,MEDIUM,81.9,False,True,False,SCHEDULED
BLK01174,SIG2817,SEC043,Signalling,2025-11-24 06:00,2025-11-24 17:45,11.6,25.1,LOW,379.3,False,False,False,SCHEDULED
BLK00727,SIG2821,SEC027,Signalling,2025-04-03 06:00,2025-04-03 16:45,10.6,83.4,CRITICAL,378.4,False,True,False,SCHEDULED
BLK01824,SIG2823,SEC069,Signalling,2025-09-12 06:00,2025-09-12 14:00,7.8,80.8,CRITICAL,156.0,False,True,False,SCHEDULED
BLK00971,SIG2826,SEC035,Signalling,2025-08-10 06:00,2025-08-10 12:30,6.4,98.71,CRITICAL,308.5,False,True,False,SCHEDULED
BLK01639,SIG2827,SEC061,Signalling,2025-06-23 23:01,2025-06-24 06:01,7.0,39.0,LOW,144.2,False,True,False,SCHEDULED
BLK01825,SIG2829,SEC069,Signalling,2025-09-26 06:00,2025-09-26 07:30,1.4,60.6,HIGH,28.0,False,False,False,SCHEDULED
BLK00786,SIG2831,SEC029,Signalling,2025-05-20 06:00,2025-05-20 13:00,6.9,85.7,CRITICAL,353.3,False,True,False,SCHEDULED
BLK01534,SIG2835,SEC056,Signalling,2025-12-19 06:00,2025-12-19 11:45,5.6,81.57,CRITICAL,159.6,False,True,False,SCHEDULED
BLK01171,SIG2838,SEC043,Signalling,2025-10-20 06:00,2025-10-20 12:15,6.2,82.2,CRITICAL,202.7,False,False,False,SCHEDULED
BLK01728,SIG2841,SEC065,Signalling,2025-04-18 06:00,2025-04-18 07:30,1.4,82.5,CRITICAL,40.2,False,True,False,SCHEDULED
BLK01755,SIG2842,SEC066,Signalling,2025-07-14 06:00,2025-07-14 13:00,6.8,60.31,HIGH,183.6,False,True,False,SCHEDULED
BLK00400,SIG2846,SEC014,Signalling,2025-10-30 06:00,2025-10-30 18:00,11.9,64.2,HIGH,540.3,False,True,False,SCHEDULED
BLK01885,SIG2848,SEC072,Signalling,2025-02-21 06:00,2025-02-21 16:00,9.9,31.1,LOW,237.6,False,False,False,SCHEDULED
BLK00311,SIG2852,SEC012,Signalling,2025-04-06 06:00,2025-04-06 08:00,1.8,62.14,HIGH,72.7,False,False,False,SCHEDULED
BLK01306,SIG2853,SEC048,Signalling,2025-06-15 06:00,2025-06-15 11:30,5.3,62.5,HIGH,155.3,False,True,False,SCHEDULED
BLK00376,SIG2856,SEC014,Signalling,2025-03-15 06:00,2025-03-15 11:30,5.4,84.1,CRITICAL,245.2,False,True,False,SCHEDULED
BLK01389,SIG2857,SEC051,Signalling,2025-11-26 06:00,2025-11-26 08:45,2.6,24.3,LOW,67.1,False,False,False,SCHEDULED
BLK00723,SIG2858,SEC027,Signalling,2025-03-17 02:16,2025-03-17 06:01,3.6,96.67,CRITICAL,128.5,False,True,False,SCHEDULED
BLK00800,SIG2862,SEC029,Signalling,2025-09-21 21:59,2025-09-22 00:14,2.2,63.7,HIGH,112.6,False,False,False,SCHEDULED
BLK01750,SIG2872,SEC066,Signalling,2025-05-09 06:00,2025-05-09 13:30,7.5,63.03,HIGH,202.5,False,True,False,SCHEDULED
BLK00637,SIG2873,SEC023,Signalling,2025-11-21 06:00,2025-11-21 16:00,10.0,97.71,CRITICAL,453.0,False,False,False,SCHEDULED
BLK01134,SIG2883,SEC042,Signalling,2025-06-25 06:00,2025-06-25 07:30,1.5,63.5,HIGH,43.6,False,True,False,SCHEDULED
BLK01429,SIG2886,SEC053,Signalling,2025-05-11 01:01,2025-05-11 06:01,4.9,60.59,HIGH,122.5,False,False,False,SCHEDULED
BLK00912,SIG2889,SEC033,Signalling,2025-05-03 06:00,2025-05-03 16:15,10.2,39.5,LOW,501.8,False,True,False,SCHEDULED
BLK01826,SIG2893,SEC070,Signalling,2025-01-06 06:00,2025-01-06 16:15,10.2,60.07,HIGH,232.6,False,True,False,SCHEDULED
BLK01144,SIG2895,SEC042,Signalling,2025-12-14 06:00,2025-12-14 16:30,10.4,62.0,HIGH,302.6,False,False,False,SCHEDULED
BLK01906,SIG2901,SEC073,Signalling,2025-02-06 06:00,2025-02-06 09:30,3.5,80.45,CRITICAL,72.8,False,False,False,SCHEDULED
BLK00852,SIG2905,SEC031,Signalling,2025-05-12 06:00,2025-05-12 16:30,10.5,83.2,CRITICAL,425.2,False,False,False,SCHEDULED
BLK00406,SIG2918,SEC015,Signalling,2025-01-17 06:00,2025-01-17 14:30,8.3,40.09,MEDIUM,373.5,False,False,False,SCHEDULED
BLK00750,SIG2922,SEC028,Signalling,2025-03-26 06:00,2025-03-26 10:30,4.4,66.7,HIGH,228.4,False,False,False,SCHEDULED
BLK01707,SIG2924,SEC064,Signalling,2025-02-14 02:46,2025-02-14 06:01,3.2,27.4,LOW,78.4,False,True,False,SCHEDULED
BLK00954,SIG2927,SEC034,Signalling,2025-08-26 06:00,2025-08-26 11:30,5.3,41.4,MEDIUM,179.7,False,True,False,SCHEDULED
BLK01414,SIG2928,SEC052,Signalling,2025-08-03 12:30,2025-08-03 22:00,9.3,81.0,CRITICAL,186.0,False,False,False,SCHEDULED
BLK00565,SIG2930,SEC021,Signalling,2025-08-31 06:00,2025-08-31 08:00,1.9,43.8,MEDIUM,82.8,False,False,False,SCHEDULED
BLK01813,SIG2933,SEC069,Signalling,2025-01-30 06:00,2025-01-30 14:45,8.6,25.86,LOW,172.0,False,True,False,SCHEDULED
BLK01797,SIG2935,SEC068,Signalling,2025-05-28 06:00,2025-05-28 12:30,6.5,96.4,CRITICAL,198.9,False,False,False,SCHEDULED
BLK00277,SIG2938,SEC010,Signalling,2025-12-17 08:32,2025-12-17 19:32,11.0,42.7,MEDIUM,514.8,False,False,False,SCHEDULED
BLK01186,SIG2939,SEC044,Signalling,2025-05-14 06:00,2025-05-14 12:45,6.7,61.3,HIGH,232.5,False,False,False,SCHEDULED
BLK01106,SIG2940,SEC041,Signalling,2025-05-29 06:00,2025-05-29 17:45,11.7,59.2,MEDIUM,245.7,False,True,False,SCHEDULED
BLK01299,SIG2941,SEC048,Signalling,2025-04-18 06:00,2025-04-18 09:00,2.8,95.6,CRITICAL,82.0,False,True,False,SCHEDULED
BLK00105,SIG2945,SEC004,Signalling,2025-09-14 15:14,2025-09-14 21:44,6.4,27.4,LOW,278.4,False,False,False,SCHEDULED
BLK01330,SIG2947,SEC049,Signalling,2025-08-03 06:00,2025-08-03 11:15,5.1,23.3,LOW,167.8,False,False,False,SCHEDULED
BLK00686,SIG2948,SEC025,Signalling,2025-10-30 06:00,2025-10-30 14:30,8.5,84.04,CRITICAL,409.7,False,True,False,SCHEDULED
BLK01815,SIG2950,SEC069,Signalling,2025-04-17 06:00,2025-04-17 10:45,4.6,60.2,HIGH,92.0,False,False,False,SCHEDULED
BLK00192,SIG2956,SEC008,Signalling,2025-01-31 06:00,2025-01-31 09:30,3.3,65.5,HIGH,150.2,False,True,False,SCHEDULED
BLK00464,SIG2964,SEC017,Signalling,2025-06-24 06:00,2025-06-24 11:15,5.2,83.5,CRITICAL,199.7,False,True,False,SCHEDULED
BLK01587,SIG2965,SEC059,Signalling,2025-02-24 06:00,2025-02-24 11:00,4.9,39.04,LOW,98.5,False,False,False,SCHEDULED
BLK00042,SIG2969,SEC002,Signalling,2025-06-30 06:00,2025-06-30 15:45,9.7,82.69,CRITICAL,330.8,False,False,False,SCHEDULED
BLK01038,SIG2970,SEC038,Signalling,2025-07-05 06:00,2025-07-05 17:15,11.2,98.0,CRITICAL,460.3,False,True,False,SCHEDULED
BLK01942,SIG2979,SEC074,Signalling,2025-06-15 06:00,2025-06-15 07:30,1.4,60.1,HIGH,33.6,False,True,False,SCHEDULED
BLK00702,SIG2984,SEC026,Signalling,2025-06-14 06:00,2025-06-14 15:15,9.2,85.1,CRITICAL,474.7,False,False,False,SCHEDULED
BLK00708,SIG2993,SEC026,Signalling,2025-08-31 06:00,2025-08-31 09:45,3.6,39.6,LOW,185.8,False,True,False,SCHEDULED
BLK01458,SIG2998,SEC054,Signalling,2025-04-19 06:00,2025-04-19 07:30,1.3,80.1,CRITICAL,29.5,False,False,False,SCHEDULED
BLK00025,SIG2999,SEC001,Signalling,2025-11-22 06:00,2025-11-22 08:45,2.7,82.89,CRITICAL,115.0,False,True,False,SCHEDULED
BLK00233,SIG3000,SEC009,Signalling,2025-05-01 06:00,2025-05-01 12:30,6.5,39.9,LOW,271.7,False,False,False,SCHEDULED
