task_id,section_id,department,predicted_priority_score,predicted_priority_class,duration_hours,reason
ENG0001,SEC009,Engineering,63.2,HIGH,7.5,Excluded by solver due to resource or train-occupancy conflicts
ENG0002,SEC061,Engineering,94.9,CRITICAL,9.2,Excluded by solver due to resource or train-occupancy conflicts
ENG0004,SEC027,Engineering,39.92,LOW,2.5,Excluded by solver due to resource or train-occupancy conflicts
ENG0008,SEC044,Engineering,41.1,MEDIUM,1.4,Excluded by solver due to resource or train-occupancy conflicts
ENG0009,SEC002,Engineering,26.23,LOW,4.8,Excluded by solver due to resource or train-occupancy conflicts
ENG0011,SEC011,Engineering,39.99,LOW,6.0,Excluded by solver due to resource or train-occupancy conflicts
ENG0020,SEC074,Engineering,28.04,LOW,11.0,Excluded by solver due to resource or train-occupancy conflicts
ENG0021,SEC074,Engineering,61.86,HIGH,11.7,Excluded by solver due to resource or train-occupancy conflicts
ENG0026,SEC065,Engineering,61.0,HIGH,7.4,Excluded by solver due to resource or train-occupancy conflicts
ENG0027,SEC007,Engineering,65.6,HIGH,7.8,Excluded by solver due to resource or train-occupancy conflicts
ENG0028,SEC007,Engineering,64.3,HIGH,11.2,Excluded by solver due to resource or train-occupancy conflicts
ENG0029,SEC054,Engineering,37.7,LOW,3.5,Excluded by solver due to resource or train-occupancy conflicts
ENG0041,SEC012,Engineering,42.8,MEDIUM,2.7,Excluded by solver due to resource or train-occupancy conflicts
ENG0043,SEC011,Engineering,66.0,HIGH,4.2,Excluded by solver due to resource or train-occupancy conflicts
ENG0046,SEC040,Engineering,41.37,MEDIUM,9.6,Excluded by solver due to resource or train-occupancy conflicts
ENG0050,SEC009,Engineering,26.4,LOW,3.4,Excluded by solver due to resource or train-occupancy conflicts
ENG0054,SEC031,Engineering,43.51,MEDIUM,10.4,Excluded by solver due to resource or train-occupancy conflicts
ENG0055,SEC012,Engineering,61.9,HIGH,4.6,Excluded by solver due to resource or train-occupancy conflicts
ENG0056,SEC038,Engineering,43.6,MEDIUM,8.2,Excluded by solver due to resource or train-occupancy conflicts
ENG0061,SEC014,Engineering,83.7,CRITICAL,4.9,Excluded by solver due to resource or train-occupancy conflicts
ENG0062,SEC027,Engineering,38.03,LOW,10.1,Excluded by solver due to resource or train-occupancy conflicts
ENG0069,SEC028,Engineering,39.99,LOW,1.1,Excluded by solver due to resource or train-occupancy conflicts
ENG0072,SEC068,Engineering,60.9,HIGH,9.7,Excluded by solver due to resource or train-occupancy conflicts
ENG0083,SEC001,Engineering,39.2,LOW,3.2,Excluded by solver due to resource or train-occupancy conflicts
ENG0100,SEC057,Engineering,82.51,CRITICAL,7.3,Excluded by solver due to resource or train-occupancy conflicts
ENG0102,SEC046,Engineering,61.3,HIGH,7.0,Excluded by solver due to resource or train-occupancy conflicts
ENG0107,SEC039,Engineering,29.55,LOW,7.1,Excluded by solver due to resource or train-occupancy conflicts
ENG0108,SEC013,Engineering,62.84,HIGH,9.0,Excluded by solver due to resource or train-occupancy conflicts
ENG0109,SEC044,Engineering,29.76,LOW,8.4,Excluded by solver due to resource or train-occupancy conflicts
ENG0110,SEC020,Engineering,42.3,MEDIUM,5.0,Excluded by solver due to resource or train-occupancy conflicts
ENG0111,SEC008,Engineering,45.8,MEDIUM,1.5,Excluded by solver due to resource or train-occupancy conflicts
ENG0119,SEC046,Engineering,60.96,HIGH,10.2,Excluded by solver due to resource or train-occupancy conflicts
ENG0120,SEC073,Engineering,36.99,LOW,2.7,Excluded by solver due to resource or train-occupancy conflicts
ENG0121,SEC032,Engineering,39.8,LOW,10.9,Excluded by solver due to resource or train-occupancy conflicts
ENG0123,SEC074,Engineering,61.9,HIGH,4.2,Excluded by solver due to resource or train-occupancy conflicts
ENG0126,SEC002,Engineering,39.39,LOW,3.3,Excluded by solver due to resource or train-occupancy conflicts
ENG0128,SEC040,Engineering,81.0,CRITICAL,11.6,Excluded by solver due to resource or train-occupancy conflicts
ENG0136,SEC016,Engineering,44.6,MEDIUM,8.9,Excluded by solver due to resource or train-occupancy conflicts
ENG0145,SEC021,Engineering,46.04,MEDIUM,4.9,Excluded by solver due to resource or train-occupancy conflicts
ENG0148,SEC035,Engineering,44.0,MEDIUM,9.7,Excluded by solver due to resource or train-occupancy conflicts
ENG0149,SEC007,Engineering,42.59,MEDIUM,8.4,Excluded by solver due to resource or train-occupancy conflicts
ENG0151,SEC026,Engineering,65.1,HIGH,2.0,Excluded by solver due to resource or train-occupancy conflicts
ENG0154,SEC066,Engineering,37.0,LOW,9.9,Excluded by solver due to resource or train-occupancy conflicts
ENG0156,SEC028,Engineering,84.5,CRITICAL,8.2,Excluded by solver due to resource or train-occupancy conflicts
ENG0158,SEC016,Engineering,63.48,HIGH,8.8,Excluded by solver due to resource or train-occupancy conflicts
ENG0160,SEC033,Engineering,39.5,LOW,6.3,Excluded by solver due to resource or train-occupancy conflicts
ENG0168,SEC005,Engineering,40.5,MEDIUM,4.6,Excluded by solver due to resource or train-occupancy conflicts
ENG0173,SEC021,Engineering,97.32,CRITICAL,7.4,Excluded by solver due to resource or train-occupancy conflicts
ENG0177,SEC006,Engineering,84.4,CRITICAL,7.0,Excluded by solver due to resource or train-occupancy conflicts
ENG0184,SEC059,Engineering,35.1,LOW,3.8,Excluded by solver due to resource or train-occupancy conflicts
ENG0193,SEC006,Engineering,99.1,CRITICAL,9.1,Excluded by solver due to resource or train-occupancy conflicts
ENG0206,SEC053,Engineering,61.6,HIGH,6.5,Excluded by solver due to resource or train-occupancy conflicts
ENG0207,SEC003,Engineering,84.0,CRITICAL,2.1,Excluded by solver due to resource or train-occupancy conflicts
ENG0217,SEC001,Engineering,39.8,LOW,4.3,Excluded by solver due to resource or train-occupancy conflicts
ENG0218,SEC005,Engineering,46.11,MEDIUM,5.8,Excluded by solver due to resource or train-occupancy conflicts
ENG0227,SEC030,Engineering,83.5,CRITICAL,1.5,Excluded by solver due to resource or train-occupancy conflicts
ENG0228,SEC053,Engineering,94.9,CRITICAL,10.8,Excluded by solver due to resource or train-occupancy conflicts
ENG0236,SEC036,Engineering,85.1,CRITICAL,9.9,Excluded by solver due to resource or train-occupancy conflicts
ENG0245,SEC025,Engineering,44.9,MEDIUM,8.8,Excluded by solver due to resource or train-occupancy conflicts
ENG0246,SEC069,Engineering,59.45,MEDIUM,6.2,Excluded by solver due to resource or train-occupancy conflicts
ENG0251,SEC003,Engineering,66.1,HIGH,6.4,Excluded by solver due to resource or train-occupancy conflicts
ENG0256,SEC038,Engineering,28.1,LOW,9.9,Excluded by solver due to resource or train-occupancy conflicts
ENG0257,SEC008,Engineering,64.0,HIGH,7.8,Excluded by solver due to resource or train-occupancy conflicts
ENG0261,SEC032,Engineering,37.8,LOW,3.1,Excluded by solver due to resource or train-occupancy conflicts
ENG0268,SEC054,Engineering,94.81,CRITICAL,9.2,Excluded by solver due to resource or train-occupancy conflicts
ENG0277,SEC069,Engineering,42.4,MEDIUM,2.9,Excluded by solver due to resource or train-occupancy conflicts
ENG0280,SEC050,Engineering,39.3,LOW,9.4,Excluded by solver due to resource or train-occupancy conflicts
ENG0286,SEC043,Engineering,61.6,HIGH,9.0,Excluded by solver due to resource or train-occupancy conflicts
ENG0290,SEC040,Engineering,26.9,LOW,6.9,Excluded by solver due to resource or train-occupancy conflicts
ENG0291,SEC003,Engineering,64.47,HIGH,2.0,Excluded by solver due to resource or train-occupancy conflicts
ENG0292,SEC040,Engineering,61.12,HIGH,2.2,Excluded by solver due to resource or train-occupancy conflicts
ENG0298,SEC012,Engineering,40.8,MEDIUM,10.1,Excluded by solver due to resource or train-occupancy conflicts
ENG0303,SEC019,Engineering,84.0,CRITICAL,8.1,Excluded by solver due to resource or train-occupancy conflicts
ENG0304,SEC015,Engineering,39.92,LOW,3.9,Excluded by solver due to resource or train-occupancy conflicts
ENG0307,SEC022,Engineering,62.6,HIGH,5.0,Excluded by solver due to resource or train-occupancy conflicts
ENG0312,SEC009,Engineering,97.91,CRITICAL,5.0,Excluded by solver due to resource or train-occupancy conflicts
ENG0317,SEC002,Engineering,62.92,HIGH,11.8,Excluded by solver due to resource or train-occupancy conflicts
ENG0318,SEC019,Engineering,42.3,MEDIUM,9.1,Excluded by solver due to resource or train-occupancy conflicts
ENG0323,SEC006,Engineering,30.8,LOW,5.1,Excluded by solver due to resource or train-occupancy conflicts
ENG0324,SEC011,Engineering,85.42,CRITICAL,7.3,Excluded by solver due to resource or train-occupancy conflicts
ENG0325,SEC050,Engineering,60.6,HIGH,6.3,Excluded by solver due to resource or train-occupancy conflicts
ENG0333,SEC072,Engineering,38.4,LOW,4.8,Excluded by solver due to resource or train-occupancy conflicts
ENG0334,SEC062,Engineering,25.22,LOW,5.2,Excluded by solver due to resource or train-occupancy conflicts
ENG0335,SEC047,Engineering,60.83,HIGH,10.4,Excluded by solver due to resource or train-occupancy conflicts
ENG0346,SEC011,Engineering,41.4,MEDIUM,6.4,Excluded by solver due to resource or train-occupancy conflicts
ENG0351,SEC004,Engineering,32.53,LOW,10.2,Excluded by solver due to resource or train-occupancy conflicts
ENG0353,SEC032,Engineering,24.1,LOW,5.3,Excluded by solver due to resource or train-occupancy conflicts
ENG0357,SEC008,Engineering,44.9,MEDIUM,4.6,Excluded by solver due to resource or train-occupancy conflicts
ENG0359,SEC015,Engineering,84.1,CRITICAL,5.8,Excluded by solver due to resource or train-occupancy conflicts
ENG0365,SEC028,Engineering,65.0,HIGH,11.9,Excluded by solver due to resource or train-occupancy conflicts
ENG0367,SEC038,Engineering,40.3,MEDIUM,6.0,Excluded by solver due to resource or train-occupancy conflicts
ENG0371,SEC052,Engineering,38.4,LOW,1.0,Excluded by solver due to resource or train-occupancy conflicts
ENG0374,SEC026,Engineering,63.6,HIGH,10.7,Excluded by solver due to resource or train-occupancy conflicts
ENG0375,SEC056,Engineering,60.3,HIGH,8.4,Excluded by solver due to resource or train-occupancy conflicts
ENG0380,SEC053,Engineering,82.14,CRITICAL,10.2,Excluded by solver due to resource or train-occupancy conflicts
ENG0383,SEC068,Engineering,36.7,LOW,10.7,Excluded by solver due to resource or train-occupancy conflicts
ENG0386,SEC019,Engineering,85.39,CRITICAL,2.3,Excluded by solver due to resource or train-occupancy conflicts
ENG0387,SEC057,Engineering,61.9,HIGH,2.0,Excluded by solver due to resource or train-occupancy conflicts
ENG0391,SEC003,Engineering,43.29,MEDIUM,6.4,Excluded by solver due to resource or train-occupancy conflicts
ENG0392,SEC044,Engineering,40.6,MEDIUM,10.7,Excluded by solver due to resource or train-occupancy conflicts
ENG0395,SEC056,Engineering,40.01,MEDIUM,4.8,Excluded by solver due to resource or train-occupancy conflicts
ENG0400,SEC009,Engineering,42.4,MEDIUM,9.0,Excluded by solver due to resource or train-occupancy conflicts
ENG0402,SEC021,Engineering,40.49,MEDIUM,4.6,Excluded by solver due to resource or train-occupancy conflicts
ENG0403,SEC005,Engineering,65.79,HIGH,6.5,Excluded by solver due to resource or train-occupancy conflicts
ENG0405,SEC048,Engineering,39.2,LOW,5.3,Excluded by solver due to resource or train-occupancy conflicts
ENG0409,SEC005,Engineering,98.78,CRITICAL,8.7,Excluded by solver due to resource or train-occupancy conflicts
ENG0414,SEC069,Engineering,35.6,LOW,11.1,Excluded by solver due to resource or train-occupancy conflicts
ENG0415,SEC070,Engineering,37.8,LOW,1.7,Excluded by solver due to resource or train-occupancy conflicts
ENG0417,SEC005,Engineering,84.25,CRITICAL,8.2,Excluded by solver due to resource or train-occupancy conflicts
ENG0418,SEC047,Engineering,60.9,HIGH,11.5,Excluded by solver due to resource or train-occupancy conflicts
ENG0427,SEC029,Engineering,64.8,HIGH,2.1,Excluded by solver due to resource or train-occupancy conflicts
ENG0432,SEC053,Engineering,37.0,LOW,10.2,Excluded by solver due to resource or train-occupancy conflicts
ENG0434,SEC070,Engineering,37.59,LOW,9.1,Excluded by solver due to resource or train-occupancy conflicts
ENG0436,SEC053,Engineering,24.1,LOW,1.4,Excluded by solver due to resource or train-occupancy conflicts
ENG0438,SEC059,Engineering,59.5,MEDIUM,1.7,Excluded by solver due to resource or train-occupancy conflicts
ENG0442,SEC004,Engineering,38.2,LOW,9.8,Excluded by solver due to resource or train-occupancy conflicts
ENG0447,SEC017,Engineering,38.8,LOW,9.9,Excluded by solver due to resource or train-occupancy conflicts
ENG0451,SEC006,Engineering,42.92,MEDIUM,10.4,Excluded by solver due to resource or train-occupancy conflicts
ENG0456,SEC068,Engineering,63.07,HIGH,7.0,Excluded by solver due to resource or train-occupancy conflicts
ENG0457,SEC034,Engineering,64.5,HIGH,1.4,Excluded by solver due to resource or train-occupancy conflicts
ENG0462,SEC010,Engineering,66.07,HIGH,3.5,Excluded by solver due to resource or train-occupancy conflicts
ENG0464,SEC053,Engineering,27.0,LOW,3.3,Excluded by solver due to resource or train-occupancy conflicts
ENG0467,SEC050,Engineering,58.8,MEDIUM,11.8,Excluded by solver due to resource or train-occupancy conflicts
ENG0470,SEC012,Engineering,41.1,MEDIUM,4.1,Excluded by solver due to resource or train-occupancy conflicts
ENG0473,SEC048,Engineering,61.56,HIGH,6.9,Excluded by solver due to resource or train-occupancy conflicts
ENG0474,SEC036,Engineering,46.79,MEDIUM,4.3,Excluded by solver due to resource or train-occupancy conflicts
ENG0476,SEC017,Engineering,38.1,LOW,10.9,Excluded by solver due to resource or train-occupancy conflicts
ENG0478,SEC034,Engineering,43.4,MEDIUM,9.5,Excluded by solver due to resource or train-occupancy conflicts
ENG0479,SEC018,Engineering,65.2,HIGH,4.4,Excluded by solver due to resource or train-occupancy conflicts
ENG0480,SEC021,Engineering,26.3,LOW,11.3,Excluded by solver due to resource or train-occupancy conflicts
ENG0483,SEC066,Engineering,36.8,LOW,6.1,Excluded by solver due to resource or train-occupancy conflicts
ENG0485,SEC030,Engineering,84.6,CRITICAL,11.6,Excluded by solver due to resource or train-occupancy conflicts
ENG0504,SEC066,Engineering,30.1,LOW,5.9,Excluded by solver due to resource or train-occupancy conflicts
ENG0506,SEC057,Engineering,43.3,MEDIUM,10.0,Excluded by solver due to resource or train-occupancy conflicts
ENG0516,SEC039,Engineering,41.7,MEDIUM,6.7,Excluded by solver due to resource or train-occupancy conflicts
ENG0517,SEC018,Engineering,62.3,HIGH,10.8,Excluded by solver due to resource or train-occupancy conflicts
ENG0518,SEC045,Engineering,35.9,LOW,1.7,Excluded by solver due to resource or train-occupancy conflicts
ENG0520,SEC072,Engineering,37.7,LOW,2.0,Excluded by solver due to resource or train-occupancy conflicts
ENG0524,SEC073,Engineering,60.7,HIGH,9.0,Excluded by solver due to resource or train-occupancy conflicts
ENG0529,SEC013,Engineering,64.96,HIGH,1.7,Excluded by solver due to resource or train-occupancy conflicts
ENG0532,SEC040,Engineering,61.9,HIGH,3.8,Excluded by solver due to resource or train-occupancy conflicts
ENG0533,SEC058,Engineering,82.39,CRITICAL,10.7,Excluded by solver due to resource or train-occupancy conflicts
ENG0537,SEC020,Engineering,40.3,MEDIUM,4.3,Excluded by solver due to resource or train-occupancy conflicts
ENG0541,SEC012,Engineering,45.49,MEDIUM,4.1,Excluded by solver due to resource or train-occupancy conflicts
ENG0551,SEC002,Engineering,40.37,MEDIUM,10.9,Excluded by solver due to resource or train-occupancy conflicts
ENG0561,SEC067,Engineering,62.8,HIGH,5.6,Excluded by solver due to resource or train-occupancy conflicts
ENG0568,SEC034,Engineering,63.16,HIGH,9.9,Excluded by solver due to resource or train-occupancy conflicts
ENG0576,SEC040,Engineering,36.2,LOW,10.3,Excluded by solver due to resource or train-occupancy conflicts
ENG0580,SEC039,Engineering,83.0,CRITICAL,5.0,Excluded by solver due to resource or train-occupancy conflicts
ENG0584,SEC018,Engineering,83.4,CRITICAL,4.0,Excluded by solver due to resource or train-occupancy conflicts
ENG0594,SEC062,Engineering,59.3,MEDIUM,1.8,Excluded by solver due to resource or train-occupancy conflicts
ENG0598,SEC053,Engineering,40.8,MEDIUM,7.5,Excluded by solver due to resource or train-occupancy conflicts
ENG0608,SEC071,Engineering,20.8,LOW,10.6,Excluded by solver due to resource or train-occupancy conflicts
ENG0618,SEC052,Engineering,60.98,HIGH,8.1,Excluded by solver due to resource or train-occupancy conflicts
ENG0620,SEC004,Engineering,63.9,HIGH,5.5,Excluded by solver due to resource or train-occupancy conflicts
ENG0624,SEC025,Engineering,29.37,LOW,5.7,Excluded by solver due to resource or train-occupancy conflicts
ENG0630,SEC003,Engineering,85.6,CRITICAL,5.6,Excluded by solver due to resource or train-occupancy conflicts
ENG0632,SEC014,Engineering,64.6,HIGH,6.9,Excluded by solver due to resource or train-occupancy conflicts
ENG0633,SEC031,Engineering,45.3,MEDIUM,10.6,Excluded by solver due to resource or train-occupancy conflicts
ENG0636,SEC011,Engineering,85.5,CRITICAL,5.3,Excluded by solver due to resource or train-occupancy conflicts
ENG0638,SEC069,Engineering,61.62,HIGH,4.2,Excluded by solver due to resource or train-occupancy conflicts
ENG0639,SEC029,Engineering,85.2,CRITICAL,2.4,Excluded by solver due to resource or train-occupancy conflicts
ENG0640,SEC019,Engineering,98.3,CRITICAL,7.5,Excluded by solver due to resource or train-occupancy conflicts
ENG0650,SEC046,Engineering,63.0,HIGH,4.9,Excluded by solver due to resource or train-occupancy conflicts
ENG0653,SEC014,Engineering,84.4,CRITICAL,1.5,Excluded by solver due to resource or train-occupancy conflicts
ENG0657,SEC034,Engineering,27.5,LOW,11.5,Excluded by solver due to resource or train-occupancy conflicts
ENG0659,SEC068,Engineering,41.1,MEDIUM,11.2,Excluded by solver due to resource or train-occupancy conflicts
ENG0661,SEC067,Engineering,35.8,LOW,5.8,Excluded by solver due to resource or train-occupancy conflicts
ENG0663,SEC053,Engineering,82.0,CRITICAL,5.6,Excluded by solver due to resource or train-occupancy conflicts
ENG0665,SEC056,Engineering,61.15,HIGH,5.9,Excluded by solver due to resource or train-occupancy conflicts
ENG0672,SEC052,Engineering,35.3,LOW,8.1,Excluded by solver due to resource or train-occupancy conflicts
ENG0674,SEC009,Engineering,65.24,HIGH,2.8,Excluded by solver due to resource or train-occupancy conflicts
ENG0677,SEC062,Engineering,60.56,HIGH,7.7,Excluded by solver due to resource or train-occupancy conflicts
ENG0678,SEC055,Engineering,24.2,LOW,11.7,Excluded by solver due to resource or train-occupancy conflicts
ENG0682,SEC061,Engineering,40.8,MEDIUM,2.5,Excluded by solver due to resource or train-occupancy conflicts
ENG0683,SEC028,Engineering,36.09,LOW,7.5,Excluded by solver due to resource or train-occupancy conflicts
ENG0690,SEC073,Engineering,60.7,HIGH,8.7,Excluded by solver due to resource or train-occupancy conflicts
ENG0692,SEC048,Engineering,62.7,HIGH,4.5,Excluded by solver due to resource or train-occupancy conflicts
ENG0693,SEC015,Engineering,63.2,HIGH,4.8,Excluded by solver due to resource or train-occupancy conflicts
ENG0695,SEC036,Engineering,45.7,MEDIUM,8.3,Excluded by solver due to resource or train-occupancy conflicts
ENG0696,SEC048,Engineering,36.1,LOW,9.9,Excluded by solver due to resource or train-occupancy conflicts
ENG0698,SEC064,Engineering,62.2,HIGH,8.0,Excluded by solver due to resource or train-occupancy conflicts
ENG0703,SEC038,Engineering,29.4,LOW,1.4,Excluded by solver due to resource or train-occupancy conflicts
ENG0704,SEC015,Engineering,28.2,LOW,6.5,Excluded by solver due to resource or train-occupancy conflicts
ENG0705,SEC056,Engineering,63.7,HIGH,9.6,Excluded by solver due to resource or train-occupancy conflicts
ENG0707,SEC054,Engineering,81.42,CRITICAL,7.5,Excluded by solver due to resource or train-occupancy conflicts
ENG0709,SEC016,Engineering,84.31,CRITICAL,9.9,Excluded by solver due to resource or train-occupancy conflicts
ENG0710,SEC051,Engineering,62.6,HIGH,3.9,Excluded by solver due to resource or train-occupancy conflicts
ENG0714,SEC072,Engineering,61.7,HIGH,2.6,Excluded by solver due to resource or train-occupancy conflicts
ENG0715,SEC011,Engineering,63.5,HIGH,5.7,Excluded by solver due to resource or train-occupancy conflicts
ENG0726,SEC034,Engineering,24.4,LOW,2.4,Excluded by solver due to resource or train-occupancy conflicts
ENG0727,SEC024,Engineering,43.4,MEDIUM,10.9,Excluded by solver due to resource or train-occupancy conflicts
ENG0728,SEC048,Engineering,30.3,LOW,8.1,Excluded by solver due to resource or train-occupancy conflicts
ENG0729,SEC011,Engineering,64.4,HIGH,1.8,Excluded by solver due to resource or train-occupancy conflicts
ENG0731,SEC026,Engineering,66.44,HIGH,2.8,Excluded by solver due to resource or train-occupancy conflicts
ENG0733,SEC001,Engineering,83.3,CRITICAL,11.4,Excluded by solver due to resource or train-occupancy conflicts
ENG0735,SEC020,Engineering,44.5,MEDIUM,9.6,Excluded by solver due to resource or train-occupancy conflicts
ENG0739,SEC029,Engineering,63.35,HIGH,3.1,Excluded by solver due to resource or train-occupancy conflicts
ENG0740,SEC065,Engineering,61.0,HIGH,5.5,Excluded by solver due to resource or train-occupancy conflicts
ENG0741,SEC006,Engineering,85.34,CRITICAL,6.8,Excluded by solver due to resource or train-occupancy conflicts
ENG0744,SEC071,Engineering,39.29,LOW,10.0,Excluded by solver due to resource or train-occupancy conflicts
ENG0746,SEC060,Engineering,79.81,HIGH,1.7,Excluded by solver due to resource or train-occupancy conflicts
ENG0748,SEC065,Engineering,39.01,LOW,7.4,Excluded by solver due to resource or train-occupancy conflicts
ENG0751,SEC074,Engineering,61.0,HIGH,4.6,Excluded by solver due to resource or train-occupancy conflicts
ENG0752,SEC008,Engineering,65.3,HIGH,7.4,Excluded by solver due to resource or train-occupancy conflicts
ENG0753,SEC018,Engineering,62.99,HIGH,11.3,Excluded by solver due to resource or train-occupancy conflicts
ENG0754,SEC048,Engineering,29.68,LOW,4.8,Excluded by solver due to resource or train-occupancy conflicts
ENG0755,SEC006,Engineering,63.24,HIGH,2.0,Excluded by solver due to resource or train-occupancy conflicts
ENG0756,SEC036,Engineering,85.1,CRITICAL,9.3,Excluded by solver due to resource or train-occupancy conflicts
ENG0757,SEC049,Engineering,42.6,MEDIUM,7.5,Excluded by solver due to resource or train-occupancy conflicts
ENG0759,SEC037,Engineering,64.04,HIGH,11.4,Excluded by solver due to resource or train-occupancy conflicts
ENG0760,SEC017,Engineering,62.61,HIGH,6.8,Excluded by solver due to resource or train-occupancy conflicts
ENG0763,SEC053,Engineering,62.9,HIGH,7.2,Excluded by solver due to resource or train-occupancy conflicts
ENG0765,SEC006,Engineering,64.56,HIGH,9.3,Excluded by solver due to resource or train-occupancy conflicts
ENG0775,SEC026,Engineering,98.58,CRITICAL,9.4,Excluded by solver due to resource or train-occupancy conflicts
ENG0779,SEC012,Engineering,97.0,CRITICAL,8.4,Excluded by solver due to resource or train-occupancy conflicts
ENG0783,SEC022,Engineering,38.98,LOW,5.3,Excluded by solver due to resource or train-occupancy conflicts
ENG0786,SEC074,Engineering,80.3,CRITICAL,12.0,Excluded by solver due to resource or train-occupancy conflicts
ENG0787,SEC024,Engineering,83.1,CRITICAL,5.9,Excluded by solver due to resource or train-occupancy conflicts
ENG0791,SEC006,Engineering,66.5,HIGH,3.8,Excluded by solver due to resource or train-occupancy conflicts
ENG0792,SEC002,Engineering,82.4,CRITICAL,11.8,Excluded by solver due to resource or train-occupancy conflicts
ENG0795,SEC051,Engineering,39.07,LOW,7.4,Excluded by solver due to resource or train-occupancy conflicts
ENG0802,SEC060,Engineering,21.2,LOW,3.8,Excluded by solver due to resource or train-occupancy conflicts
ENG0808,SEC073,Engineering,80.9,CRITICAL,11.6,Excluded by solver due to resource or train-occupancy conflicts
ENG0809,SEC036,Engineering,99.4,CRITICAL,1.4,Excluded by solver due to resource or train-occupancy conflicts
ENG0811,SEC042,Engineering,60.63,HIGH,6.4,Excluded by solver due to resource or train-occupancy conflicts
ENG0817,SEC070,Engineering,42.4,MEDIUM,3.6,Excluded by solver due to resource or train-occupancy conflicts
ENG0830,SEC014,Engineering,28.8,LOW,8.6,Excluded by solver due to resource or train-occupancy conflicts
ENG0831,SEC023,Engineering,64.4,HIGH,6.0,Excluded by solver due to resource or train-occupancy conflicts
ENG0833,SEC030,Engineering,62.0,HIGH,3.3,Excluded by solver due to resource or train-occupancy conflicts
ENG0835,SEC066,Engineering,40.59,MEDIUM,2.2,Excluded by solver due to resource or train-occupancy conflicts
ENG0843,SEC004,Engineering,84.7,CRITICAL,9.6,Excluded by solver due to resource or train-occupancy conflicts
ENG0851,SEC043,Engineering,32.65,LOW,2.1,Excluded by solver due to resource or train-occupancy conflicts
ENG0859,SEC052,Engineering,37.03,LOW,11.4,Excluded by solver due to resource or train-occupancy conflicts
ENG0862,SEC018,Engineering,43.2,MEDIUM,3.9,Excluded by solver due to resource or train-occupancy conflicts
ENG0873,SEC041,Engineering,62.14,HIGH,4.5,Excluded by solver due to resource or train-occupancy conflicts
ENG0875,SEC013,Engineering,98.3,CRITICAL,9.5,Excluded by solver due to resource or train-occupancy conflicts
ENG0876,SEC012,Engineering,65.19,HIGH,4.4,Excluded by solver due to resource or train-occupancy conflicts
ENG0878,SEC047,Engineering,40.64,MEDIUM,4.9,Excluded by solver due to resource or train-occupancy conflicts
ENG0883,SEC030,Engineering,43.1,MEDIUM,10.9,Excluded by solver due to resource or train-occupancy conflicts
ENG0887,SEC001,Engineering,63.6,HIGH,10.8,Excluded by solver due to resource or train-occupancy conflicts
ENG0888,SEC022,Engineering,44.0,MEDIUM,10.8,Excluded by solver due to resource or train-occupancy conflicts
ENG0891,SEC023,Engineering,62.6,HIGH,10.8,Excluded by solver due to resource or train-occupancy conflicts
ENG0892,SEC045,Engineering,62.3,HIGH,2.9,Excluded by solver due to resource or train-occupancy conflicts
ENG0895,SEC001,Engineering,42.1,MEDIUM,2.0,Excluded by solver due to resource or train-occupancy conflicts
ENG0897,SEC075,Engineering,40.7,MEDIUM,2.0,Excluded by solver due to resource or train-occupancy conflicts
ENG0900,SEC028,Engineering,65.6,HIGH,6.4,Excluded by solver due to resource or train-occupancy conflicts
ENG0903,SEC010,Engineering,64.4,HIGH,6.7,Excluded by solver due to resource or train-occupancy conflicts
ENG0910,SEC024,Engineering,29.0,LOW,6.2,Excluded by solver due to resource or train-occupancy conflicts
ENG0912,SEC020,Engineering,63.4,HIGH,11.4,Excluded by solver due to resource or train-occupancy conflicts
ENG0913,SEC020,Engineering,31.5,LOW,8.1,Excluded by solver due to resource or train-occupancy conflicts
ENG0928,SEC008,Engineering,98.43,CRITICAL,7.6,Excluded by solver due to resource or train-occupancy conflicts
ENG0936,SEC015,Engineering,44.0,MEDIUM,4.2,Excluded by solver due to resource or train-occupancy conflicts
ENG0937,SEC062,Engineering,39.1,LOW,6.2,Excluded by solver due to resource or train-occupancy conflicts
ENG0945,SEC018,Engineering,65.4,HIGH,4.6,Excluded by solver due to resource or train-occupancy conflicts
ENG0950,SEC042,Engineering,61.81,HIGH,4.7,Excluded by solver due to resource or train-occupancy conflicts
ENG0951,SEC018,Engineering,44.1,MEDIUM,10.4,Excluded by solver due to resource or train-occupancy conflicts
ENG0955,SEC021,Engineering,65.5,HIGH,8.9,Excluded by solver due to resource or train-occupancy conflicts
ENG0958,SEC037,Engineering,42.04,MEDIUM,7.7,Excluded by solver due to resource or train-occupancy conflicts
ENG0965,SEC006,Engineering,33.8,LOW,10.2,Excluded by solver due to resource or train-occupancy conflicts
ENG0966,SEC050,Engineering,59.91,MEDIUM,1.9,Excluded by solver due to resource or train-occupancy conflicts
ENG0967,SEC060,Engineering,58.8,MEDIUM,7.7,Excluded by solver due to resource or train-occupancy conflicts
ENG0972,SEC067,Engineering,62.3,HIGH,4.8,Excluded by solver due to resource or train-occupancy conflicts
ENG0973,SEC052,Engineering,22.9,LOW,2.2,Excluded by solver due to resource or train-occupancy conflicts
ENG0978,SEC037,Engineering,84.4,CRITICAL,2.8,Excluded by solver due to resource or train-occupancy conflicts
ENG0985,SEC047,Engineering,59.11,MEDIUM,2.0,Excluded by solver due to resource or train-occupancy conflicts
ENG0997,SEC064,Engineering,59.7,MEDIUM,11.3,Excluded by solver due to resource or train-occupancy conflicts
ENG0998,SEC030,Engineering,97.27,CRITICAL,10.3,Excluded by solver due to resource or train-occupancy conflicts
ENG1002,SEC072,Engineering,42.2,MEDIUM,1.7,Excluded by solver due to resource or train-occupancy conflicts
ENG1009,SEC049,Engineering,61.7,HIGH,8.5,Excluded by solver due to resource or train-occupancy conflicts
ENG1025,SEC011,Engineering,99.1,CRITICAL,10.3,Excluded by solver due to resource or train-occupancy conflicts
ENG1027,SEC033,Engineering,39.91,LOW,4.5,Excluded by solver due to resource or train-occupancy conflicts
ENG1029,SEC038,Engineering,63.3,HIGH,7.7,Excluded by solver due to resource or train-occupancy conflicts
ENG1030,SEC021,Engineering,40.9,MEDIUM,9.6,Excluded by solver due to resource or train-occupancy conflicts
ENG1035,SEC009,Engineering,44.16,MEDIUM,1.8,Excluded by solver due to resource or train-occupancy conflicts
ENG1049,SEC072,Engineering,82.0,CRITICAL,5.9,Excluded by solver due to resource or train-occupancy conflicts
ENG1053,SEC042,Engineering,62.06,HIGH,9.8,Excluded by solver due to resource or train-occupancy conflicts
ENG1055,SEC027,Engineering,97.2,CRITICAL,12.0,Excluded by solver due to resource or train-occupancy conflicts
ENG1059,SEC004,Engineering,26.0,LOW,1.3,Excluded by solver due to resource or train-occupancy conflicts
ENG1061,SEC074,Engineering,25.8,LOW,5.5,Excluded by solver due to resource or train-occupancy conflicts
ENG1065,SEC007,Engineering,64.7,HIGH,5.0,Excluded by solver due to resource or train-occupancy conflicts
ENG1074,SEC034,Engineering,60.9,HIGH,8.2,Excluded by solver due to resource or train-occupancy conflicts
ENG1076,SEC046,Engineering,37.35,LOW,1.8,Excluded by solver due to resource or train-occupancy conflicts
ENG1077,SEC039,Engineering,62.72,HIGH,3.5,Excluded by solver due to resource or train-occupancy conflicts
ENG1085,SEC024,Engineering,62.5,HIGH,7.6,Excluded by solver due to resource or train-occupancy conflicts
ENG1093,SEC056,Engineering,82.1,CRITICAL,11.9,Excluded by solver due to resource or train-occupancy conflicts
ENG1094,SEC055,Engineering,40.6,MEDIUM,11.8,Excluded by solver due to resource or train-occupancy conflicts
ENG1101,SEC001,Engineering,62.2,HIGH,3.4,Excluded by solver due to resource or train-occupancy conflicts
ENG1102,SEC012,Engineering,42.13,MEDIUM,7.3,Excluded by solver due to resource or train-occupancy conflicts
ENG1104,SEC011,Engineering,62.93,HIGH,8.2,Excluded by solver due to resource or train-occupancy conflicts
ENG1105,SEC025,Engineering,45.8,MEDIUM,4.1,Excluded by solver due to resource or train-occupancy conflicts
ENG1107,SEC032,Engineering,83.0,CRITICAL,5.6,Excluded by solver due to resource or train-occupancy conflicts
ENG1109,SEC070,Engineering,62.4,HIGH,8.8,Excluded by solver due to resource or train-occupancy conflicts
ENG1111,SEC018,Engineering,82.9,CRITICAL,11.9,Excluded by solver due to resource or train-occupancy conflicts
ENG1116,SEC010,Engineering,98.43,CRITICAL,6.9,Excluded by solver due to resource or train-occupancy conflicts
ENG1118,SEC040,Engineering,82.09,CRITICAL,7.9,Excluded by solver due to resource or train-occupancy conflicts
ENG1128,SEC047,Engineering,60.75,HIGH,2.6,Excluded by solver due to resource or train-occupancy conflicts
ENG1133,SEC058,Engineering,62.8,HIGH,2.5,Excluded by solver due to resource or train-occupancy conflicts
ENG1134,SEC059,Engineering,62.0,HIGH,8.1,Excluded by solver due to resource or train-occupancy conflicts
ENG1136,SEC025,Engineering,83.9,CRITICAL,4.0,Excluded by solver due to resource or train-occupancy conflicts
ENG1150,SEC006,Engineering,65.42,HIGH,9.5,Excluded by solver due to resource or train-occupancy conflicts
ENG1151,SEC036,Engineering,25.3,LOW,3.7,Excluded by solver due to resource or train-occupancy conflicts
ENG1158,SEC017,Engineering,64.9,HIGH,1.1,Excluded by solver due to resource or train-occupancy conflicts
ENG1159,SEC055,Engineering,39.1,LOW,7.3,Excluded by solver due to resource or train-occupancy conflicts
ENG1167,SEC018,Engineering,83.48,CRITICAL,8.6,Excluded by solver due to resource or train-occupancy conflicts
ENG1173,SEC073,Engineering,30.6,LOW,3.2,Excluded by solver due to resource or train-occupancy conflicts
ENG1181,SEC058,Engineering,81.19,CRITICAL,11.7,Excluded by solver due to resource or train-occupancy conflicts
ENG1184,SEC047,Engineering,94.29,CRITICAL,3.0,Excluded by solver due to resource or train-occupancy conflicts
ENG1189,SEC056,Engineering,31.14,LOW,10.3,Excluded by solver due to resource or train-occupancy conflicts
ENG1190,SEC029,Engineering,39.8,LOW,10.0,Excluded by solver due to resource or train-occupancy conflicts
ENG1194,SEC037,Engineering,40.27,MEDIUM,11.4,Excluded by solver due to resource or train-occupancy conflicts
ENG1199,SEC061,Engineering,26.1,LOW,2.0,Excluded by solver due to resource or train-occupancy conflicts
ENG1205,SEC033,Engineering,65.18,HIGH,9.6,Excluded by solver due to resource or train-occupancy conflicts
ENG1206,SEC034,Engineering,63.8,HIGH,10.9,Excluded by solver due to resource or train-occupancy conflicts
ENG1213,SEC019,Engineering,84.4,CRITICAL,6.2,Excluded by solver due to resource or train-occupancy conflicts
ENG1218,SEC017,Engineering,43.27,MEDIUM,5.1,Excluded by solver due to resource or train-occupancy conflicts
ENG1220,SEC035,Engineering,64.71,HIGH,3.9,Excluded by solver due to resource or train-occupancy conflicts
ENG1221,SEC055,Engineering,60.36,HIGH,6.9,Excluded by solver due to resource or train-occupancy conflicts
ENG1222,SEC042,Engineering,82.1,CRITICAL,6.8,Excluded by solver due to resource or train-occupancy conflicts
ENG1226,SEC063,Engineering,61.8,HIGH,7.7,Excluded by solver due to resource or train-occupancy conflicts
ENG1227,SEC011,Engineering,44.32,MEDIUM,4.7,Excluded by solver due to resource or train-occupancy conflicts
ENG1228,SEC018,Engineering,84.5,CRITICAL,9.7,Excluded by solver due to resource or train-occupancy conflicts
ENG1231,SEC047,Engineering,35.4,LOW,1.9,Excluded by solver due to resource or train-occupancy conflicts
ENG1237,SEC061,Engineering,59.6,MEDIUM,9.3,Excluded by solver due to resource or train-occupancy conflicts
ENG1238,SEC004,Engineering,39.5,LOW,7.0,Excluded by solver due to resource or train-occupancy conflicts
ENG1239,SEC066,Engineering,60.3,HIGH,4.9,Excluded by solver due to resource or train-occupancy conflicts
ENG1240,SEC037,Engineering,26.1,LOW,7.2,Excluded by solver due to resource or train-occupancy conflicts
ENG1256,SEC020,Engineering,64.5,HIGH,2.4,Excluded by solver due to resource or train-occupancy conflicts
ENG1257,SEC069,Engineering,62.2,HIGH,5.3,Excluded by solver due to resource or train-occupancy conflicts
ENG1260,SEC007,Engineering,66.3,HIGH,8.4,Excluded by solver due to resource or train-occupancy conflicts
ENG1261,SEC003,Engineering,63.7,HIGH,4.8,Excluded by solver due to resource or train-occupancy conflicts
ENG1262,SEC002,Engineering,44.8,MEDIUM,8.4,Excluded by solver due to resource or train-occupancy conflicts
ENG1270,SEC068,Engineering,61.1,HIGH,1.3,Excluded by solver due to resource or train-occupancy conflicts
ENG1278,SEC039,Engineering,29.48,LOW,9.0,Excluded by solver due to resource or train-occupancy conflicts
ENG1282,SEC068,Engineering,24.83,LOW,1.7,Excluded by solver due to resource or train-occupancy conflicts
ENG1290,SEC019,Engineering,43.9,MEDIUM,11.8,Excluded by solver due to resource or train-occupancy conflicts
ENG1291,SEC024,Engineering,42.5,MEDIUM,10.6,Excluded by solver due to resource or train-occupancy conflicts
ENG1297,SEC042,Engineering,81.3,CRITICAL,2.1,Excluded by solver due to resource or train-occupancy conflicts
ENG1299,SEC038,Engineering,29.5,LOW,8.0,Excluded by solver due to resource or train-occupancy conflicts
ENG1311,SEC026,Engineering,65.56,HIGH,9.6,Excluded by solver due to resource or train-occupancy conflicts
ENG1317,SEC058,Engineering,35.8,LOW,6.3,Excluded by solver due to resource or train-occupancy conflicts
ENG1318,SEC043,Engineering,96.7,CRITICAL,6.2,Excluded by solver due to resource or train-occupancy conflicts
ENG1320,SEC038,Engineering,83.1,CRITICAL,11.4,Excluded by solver due to resource or train-occupancy conflicts
ENG1325,SEC018,Engineering,41.7,MEDIUM,7.7,Excluded by solver due to resource or train-occupancy conflicts
ENG1326,SEC044,Engineering,28.3,LOW,8.0,Excluded by solver due to resource or train-occupancy conflicts
ENG1327,SEC038,Engineering,63.11,HIGH,3.0,Excluded by solver due to resource or train-occupancy conflicts
ENG1328,SEC017,Engineering,96.9,CRITICAL,10.9,Excluded by solver due to resource or train-occupancy conflicts
ENG1334,SEC041,Engineering,94.3,CRITICAL,3.2,Excluded by solver due to resource or train-occupancy conflicts
ENG1337,SEC055,Engineering,95.0,CRITICAL,11.4,Excluded by solver due to resource or train-occupancy conflicts
ENG1339,SEC063,Engineering,61.3,HIGH,5.8,Excluded by solver due to resource or train-occupancy conflicts
ENG1347,SEC055,Engineering,35.74,LOW,4.2,Excluded by solver due to resource or train-occupancy conflicts
ENG1349,SEC003,Engineering,84.5,CRITICAL,10.7,Excluded by solver due to resource or train-occupancy conflicts
ENG1351,SEC024,Engineering,63.4,HIGH,2.6,Excluded by solver due to resource or train-occupancy conflicts
ENG1353,SEC016,Engineering,64.4,HIGH,9.9,Excluded by solver due to resource or train-occupancy conflicts
ENG1368,SEC007,Engineering,64.31,HIGH,9.5,Excluded by solver due to resource or train-occupancy conflicts
ENG1369,SEC029,Engineering,64.8,HIGH,10.0,Excluded by solver due to resource or train-occupancy conflicts
ENG1370,SEC060,Engineering,35.49,LOW,8.2,Excluded by solver due to resource or train-occupancy conflicts
ENG1371,SEC005,Engineering,99.5,CRITICAL,8.8,Excluded by solver due to resource or train-occupancy conflicts
ENG1374,SEC056,Engineering,60.81,HIGH,10.3,Excluded by solver due to resource or train-occupancy conflicts
ENG1383,SEC071,Engineering,81.8,CRITICAL,11.8,Excluded by solver due to resource or train-occupancy conflicts
ENG1387,SEC006,Engineering,85.7,CRITICAL,7.8,Excluded by solver due to resource or train-occupancy conflicts
ENG1391,SEC023,Engineering,40.5,MEDIUM,12.0,Excluded by solver due to resource or train-occupancy conflicts
ENG1395,SEC030,Engineering,83.71,CRITICAL,3.3,Excluded by solver due to resource or train-occupancy conflicts
ENG1397,SEC036,Engineering,65.67,HIGH,5.1,Excluded by solver due to resource or train-occupancy conflicts
ENG1398,SEC054,Engineering,62.3,HIGH,10.8,Excluded by solver due to resource or train-occupancy conflicts
ENG1403,SEC022,Engineering,43.18,MEDIUM,1.0,Excluded by solver due to resource or train-occupancy conflicts
ENG1406,SEC054,Engineering,80.71,CRITICAL,11.3,Excluded by solver due to resource or train-occupancy conflicts
ENG1409,SEC037,Engineering,84.72,CRITICAL,2.5,Excluded by solver due to resource or train-occupancy conflicts
ENG1414,SEC040,Engineering,29.57,LOW,2.9,Excluded by solver due to resource or train-occupancy conflicts
ENG1428,SEC006,Engineering,27.9,LOW,3.5,Excluded by solver due to resource or train-occupancy conflicts
ENG1435,SEC074,Engineering,59.4,MEDIUM,3.5,Excluded by solver due to resource or train-occupancy conflicts
ENG1444,SEC059,Engineering,31.81,LOW,5.2,Excluded by solver due to resource or train-occupancy conflicts
ENG1445,SEC053,Engineering,25.58,LOW,10.7,Excluded by solver due to resource or train-occupancy conflicts
ENG1448,SEC002,Engineering,44.6,MEDIUM,5.8,Excluded by solver due to resource or train-occupancy conflicts
ENG1454,SEC041,Engineering,59.63,MEDIUM,4.7,Excluded by solver due to resource or train-occupancy conflicts
ENG1462,SEC051,Engineering,61.9,HIGH,6.1,Excluded by solver due to resource or train-occupancy conflicts
ENG1467,SEC019,Engineering,84.7,CRITICAL,6.8,Excluded by solver due to resource or train-occupancy conflicts
ENG1468,SEC013,Engineering,43.86,MEDIUM,1.2,Excluded by solver due to resource or train-occupancy conflicts
ENG1469,SEC038,Engineering,32.13,LOW,8.3,Excluded by solver due to resource or train-occupancy conflicts
ENG1477,SEC034,Engineering,64.0,HIGH,11.7,Excluded by solver due to resource or train-occupancy conflicts
ENG1478,SEC057,Engineering,38.16,LOW,8.8,Excluded by solver due to resource or train-occupancy conflicts
ENG1480,SEC038,Engineering,65.36,HIGH,10.0,Excluded by solver due to resource or train-occupancy conflicts
ENG1481,SEC053,Engineering,81.8,CRITICAL,10.8,Excluded by solver due to resource or train-occupancy conflicts
ENG1497,SEC007,Engineering,41.42,MEDIUM,7.1,Excluded by solver due to resource or train-occupancy conflicts
ENG1501,SEC009,Engineering,62.5,HIGH,4.4,Excluded by solver due to resource or train-occupancy conflicts
ENG1507,SEC038,Engineering,62.4,HIGH,10.0,Excluded by solver due to resource or train-occupancy conflicts
ENG1511,SEC023,Engineering,45.4,MEDIUM,2.9,Excluded by solver due to resource or train-occupancy conflicts
ENG1518,SEC007,Engineering,63.8,HIGH,4.4,Excluded by solver due to resource or train-occupancy conflicts
ENG1523,SEC008,Engineering,33.41,LOW,3.1,Excluded by solver due to resource or train-occupancy conflicts
ENG1529,SEC009,Engineering,97.2,CRITICAL,8.7,Excluded by solver due to resource or train-occupancy conflicts
ENG1530,SEC003,Engineering,45.3,MEDIUM,10.9,Excluded by solver due to resource or train-occupancy conflicts
ENG1533,SEC019,Engineering,64.9,HIGH,11.5,Excluded by solver due to resource or train-occupancy conflicts
ENG1537,SEC001,Engineering,40.33,MEDIUM,9.7,Excluded by solver due to resource or train-occupancy conflicts
ENG1538,SEC059,Engineering,23.0,LOW,10.5,Excluded by solver due to resource or train-occupancy conflicts
ENG1541,SEC074,Engineering,21.8,LOW,9.6,Excluded by solver due to resource or train-occupancy conflicts
ENG1549,SEC043,Engineering,44.3,MEDIUM,8.5,Excluded by solver due to resource or train-occupancy conflicts
ENG1555,SEC019,Engineering,39.7,LOW,7.1,Excluded by solver due to resource or train-occupancy conflicts
ENG1564,SEC045,Engineering,24.8,LOW,4.9,Excluded by solver due to resource or train-occupancy conflicts
ENG1567,SEC005,Engineering,44.0,MEDIUM,10.8,Excluded by solver due to resource or train-occupancy conflicts
ENG1570,SEC074,Engineering,39.43,LOW,4.5,Excluded by solver due to resource or train-occupancy conflicts
ENG1571,SEC062,Engineering,27.18,LOW,10.9,Excluded by solver due to resource or train-occupancy conflicts
ENG1582,SEC019,Engineering,40.5,MEDIUM,7.2,Excluded by solver due to resource or train-occupancy conflicts
ENG1593,SEC075,Engineering,62.4,HIGH,9.6,Excluded by solver due to resource or train-occupancy conflicts
ENG1594,SEC008,Engineering,63.97,HIGH,8.8,Excluded by solver due to resource or train-occupancy conflicts
ENG1597,SEC055,Engineering,42.4,MEDIUM,4.1,Excluded by solver due to resource or train-occupancy conflicts
ENG1599,SEC072,Engineering,59.7,MEDIUM,9.5,Excluded by solver due to resource or train-occupancy conflicts
ENG1603,SEC015,Engineering,84.8,CRITICAL,5.7,Excluded by solver due to resource or train-occupancy conflicts
ENG1606,SEC006,Engineering,64.5,HIGH,5.9,Excluded by solver due to resource or train-occupancy conflicts
ENG1607,SEC027,Engineering,43.53,MEDIUM,8.3,Excluded by solver due to resource or train-occupancy conflicts
ENG1609,SEC038,Engineering,39.03,LOW,4.2,Excluded by solver due to resource or train-occupancy conflicts
ENG1612,SEC026,Engineering,65.8,HIGH,9.0,Excluded by solver due to resource or train-occupancy conflicts
ENG1627,SEC072,Engineering,41.62,MEDIUM,11.3,Excluded by solver due to resource or train-occupancy conflicts
ENG1632,SEC067,Engineering,25.52,LOW,6.2,Excluded by solver due to resource or train-occupancy conflicts
ENG1637,SEC032,Engineering,64.6,HIGH,11.9,Excluded by solver due to resource or train-occupancy conflicts
ENG1638,SEC048,Engineering,81.3,CRITICAL,1.4,Excluded by solver due to resource or train-occupancy conflicts
ENG1642,SEC043,Engineering,41.0,MEDIUM,1.2,Excluded by solver due to resource or train-occupancy conflicts
ENG1644,SEC042,Engineering,81.86,CRITICAL,5.8,Excluded by solver due to resource or train-occupancy conflicts
ENG1646,SEC025,Engineering,84.8,CRITICAL,9.5,Excluded by solver due to resource or train-occupancy conflicts
ENG1654,SEC074,Engineering,38.8,LOW,6.7,Excluded by solver due to resource or train-occupancy conflicts
ENG1659,SEC039,Engineering,83.52,CRITICAL,3.7,Excluded by solver due to resource or train-occupancy conflicts
ENG1661,SEC017,Engineering,83.04,CRITICAL,1.2,Excluded by solver due to resource or train-occupancy conflicts
ENG1663,SEC041,Engineering,81.41,CRITICAL,1.7,Excluded by solver due to resource or train-occupancy conflicts
ENG1669,SEC003,Engineering,98.8,CRITICAL,7.7,Excluded by solver due to resource or train-occupancy conflicts
ENG1674,SEC006,Engineering,86.0,CRITICAL,10.2,Excluded by solver due to resource or train-occupancy conflicts
ENG1675,SEC006,Engineering,85.3,CRITICAL,7.3,Excluded by solver due to resource or train-occupancy conflicts
ENG1685,SEC022,Engineering,63.09,HIGH,8.4,Excluded by solver due to resource or train-occupancy conflicts
ENG1689,SEC029,Engineering,85.2,CRITICAL,6.7,Excluded by solver due to resource or train-occupancy conflicts
ENG1692,SEC031,Engineering,43.59,MEDIUM,6.9,Excluded by solver due to resource or train-occupancy conflicts
ENG1698,SEC016,Engineering,29.4,LOW,8.8,Excluded by solver due to resource or train-occupancy conflicts
ENG1701,SEC009,Engineering,38.6,LOW,11.6,Excluded by solver due to resource or train-occupancy conflicts
ENG1702,SEC008,Engineering,63.82,HIGH,5.2,Excluded by solver due to resource or train-occupancy conflicts
ENG1704,SEC034,Engineering,43.0,MEDIUM,9.8,Excluded by solver due to resource or train-occupancy conflicts
ENG1708,SEC060,Engineering,61.9,HIGH,6.8,Excluded by solver due to resource or train-occupancy conflicts
ENG1711,SEC058,Engineering,31.2,LOW,11.1,Excluded by solver due to resource or train-occupancy conflicts
ENG1713,SEC027,Engineering,63.0,HIGH,7.0,Excluded by solver due to resource or train-occupancy conflicts
ENG1721,SEC029,Engineering,66.24,HIGH,1.9,Excluded by solver due to resource or train-occupancy conflicts
ENG1722,SEC040,Engineering,61.09,HIGH,3.8,Excluded by solver due to resource or train-occupancy conflicts
ENG1723,SEC013,Engineering,44.6,MEDIUM,8.6,Excluded by solver due to resource or train-occupancy conflicts
ENG1726,SEC059,Engineering,62.0,HIGH,7.7,Excluded by solver due to resource or train-occupancy conflicts
ENG1727,SEC034,Engineering,82.65,CRITICAL,8.5,Excluded by solver due to resource or train-occupancy conflicts
ENG1730,SEC055,Engineering,59.64,MEDIUM,3.7,Excluded by solver due to resource or train-occupancy conflicts
ENG1731,SEC021,Engineering,64.91,HIGH,10.7,Excluded by solver due to resource or train-occupancy conflicts
ENG1747,SEC004,Engineering,97.83,CRITICAL,2.0,Excluded by solver due to resource or train-occupancy conflicts
ENG1748,SEC018,Engineering,97.95,CRITICAL,9.1,Excluded by solver due to resource or train-occupancy conflicts
ENG1760,SEC063,Engineering,39.4,LOW,3.9,Excluded by solver due to resource or train-occupancy conflicts
ENG1768,SEC071,Engineering,22.6,LOW,3.3,Excluded by solver due to resource or train-occupancy conflicts
ENG1779,SEC071,Engineering,61.8,HIGH,10.9,Excluded by solver due to resource or train-occupancy conflicts
ENG1782,SEC030,Engineering,39.1,LOW,6.5,Excluded by solver due to resource or train-occupancy conflicts
ENG1787,SEC066,Engineering,41.9,MEDIUM,2.4,Excluded by solver due to resource or train-occupancy conflicts
ENG1788,SEC008,Engineering,65.8,HIGH,9.1,Excluded by solver due to resource or train-occupancy conflicts
ENG1790,SEC046,Engineering,38.2,LOW,10.5,Excluded by solver due to resource or train-occupancy conflicts
ENG1793,SEC062,Engineering,39.1,LOW,11.6,Excluded by solver due to resource or train-occupancy conflicts
ENG1794,SEC057,Engineering,61.92,HIGH,2.8,Excluded by solver due to resource or train-occupancy conflicts
ENG1795,SEC015,Engineering,83.57,CRITICAL,2.3,Excluded by solver due to resource or train-occupancy conflicts
ENG1800,SEC070,Engineering,95.0,CRITICAL,11.4,Excluded by solver due to resource or train-occupancy conflicts
ENG1806,SEC030,Engineering,84.43,CRITICAL,2.8,Excluded by solver due to resource or train-occupancy conflicts
ENG1809,SEC061,Engineering,36.3,LOW,3.7,Excluded by solver due to resource or train-occupancy conflicts
ENG1811,SEC010,Engineering,42.0,MEDIUM,9.5,Excluded by solver due to resource or train-occupancy conflicts
ENG1812,SEC019,Engineering,42.81,MEDIUM,4.7,Excluded by solver due to resource or train-occupancy conflicts
ENG1825,SEC020,Engineering,41.6,MEDIUM,6.0,Excluded by solver due to resource or train-occupancy conflicts
ENG1827,SEC009,Engineering,24.7,LOW,7.7,Excluded by solver due to resource or train-occupancy conflicts
ENG1836,SEC044,Engineering,63.83,HIGH,10.6,Excluded by solver due to resource or train-occupancy conflicts
ENG1837,SEC039,Engineering,64.3,HIGH,4.7,Excluded by solver due to resource or train-occupancy conflicts
ENG1844,SEC060,Engineering,80.6,CRITICAL,5.8,Excluded by solver due to resource or train-occupancy conflicts
ENG1847,SEC024,Engineering,43.9,MEDIUM,9.9,Excluded by solver due to resource or train-occupancy conflicts
ENG1852,SEC063,Engineering,38.88,LOW,10.3,Excluded by solver due to resource or train-occupancy conflicts
ENG1855,SEC068,Engineering,63.8,HIGH,6.8,Excluded by solver due to resource or train-occupancy conflicts
ENG1863,SEC023,Engineering,98.4,CRITICAL,11.6,Excluded by solver due to resource or train-occupancy conflicts
ENG1864,SEC046,Engineering,39.0,LOW,3.9,Excluded by solver due to resource or train-occupancy conflicts
ENG1866,SEC072,Engineering,38.8,LOW,8.2,Excluded by solver due to resource or train-occupancy conflicts
ENG1867,SEC013,Engineering,64.5,HIGH,8.1,Excluded by solver due to resource or train-occupancy conflicts
ENG1868,SEC056,Engineering,39.7,LOW,1.6,Excluded by solver due to resource or train-occupancy conflicts
ENG1872,SEC025,Engineering,63.3,HIGH,8.0,Excluded by solver due to resource or train-occupancy conflicts
ENG1874,SEC011,Engineering,29.2,LOW,6.8,Excluded by solver due to resource or train-occupancy conflicts
ENG1875,SEC036,Engineering,41.7,MEDIUM,10.9,Excluded by solver due to resource or train-occupancy conflicts
ENG1876,SEC040,Engineering,80.7,CRITICAL,9.5,Excluded by solver due to resource or train-occupancy conflicts
ENG1877,SEC040,Engineering,41.3,MEDIUM,5.6,Excluded by solver due to resource or train-occupancy conflicts
ENG1878,SEC058,Engineering,95.39,CRITICAL,2.7,Excluded by solver due to resource or train-occupancy conflicts
ENG1880,SEC001,Engineering,97.3,CRITICAL,8.6,Excluded by solver due to resource or train-occupancy conflicts
ENG1895,SEC026,Engineering,31.5,LOW,4.1,Excluded by solver due to resource or train-occupancy conflicts
ENG1896,SEC012,Engineering,65.4,HIGH,2.6,Excluded by solver due to resource or train-occupancy conflicts
ENG1897,SEC008,Engineering,65.8,HIGH,3.0,Excluded by solver due to resource or train-occupancy conflicts
ENG1901,SEC003,Engineering,85.2,CRITICAL,9.7,Excluded by solver due to resource or train-occupancy conflicts
ENG1904,SEC064,Engineering,61.1,HIGH,8.8,Excluded by solver due to resource or train-occupancy conflicts
ENG1905,SEC062,Engineering,34.9,LOW,4.1,Excluded by solver due to resource or train-occupancy conflicts
ENG1908,SEC003,Engineering,41.5,MEDIUM,11.0,Excluded by solver due to resource or train-occupancy conflicts
ENG1913,SEC044,Engineering,64.1,HIGH,3.9,Excluded by solver due to resource or train-occupancy conflicts
ENG1914,SEC050,Engineering,61.1,HIGH,5.3,Excluded by solver due to resource or train-occupancy conflicts
ENG1916,SEC032,Engineering,82.73,CRITICAL,10.5,Excluded by solver due to resource or train-occupancy conflicts
ENG1921,SEC038,Engineering,84.6,CRITICAL,4.2,Excluded by solver due to resource or train-occupancy conflicts
ENG1928,SEC066,Engineering,61.7,HIGH,2.7,Excluded by solver due to resource or train-occupancy conflicts
ENG1930,SEC008,Engineering,98.7,CRITICAL,8.1,Excluded by solver due to resource or train-occupancy conflicts
ENG1940,SEC005,Engineering,85.0,CRITICAL,6.4,Excluded by solver due to resource or train-occupancy conflicts
ENG1941,SEC035,Engineering,32.1,LOW,10.8,Excluded by solver due to resource or train-occupancy conflicts
ENG1949,SEC066,Engineering,95.0,CRITICAL,1.1,Excluded by solver due to resource or train-occupancy conflicts
ENG1954,SEC019,Engineering,98.5,CRITICAL,6.2,Excluded by solver due to resource or train-occupancy conflicts
ENG1957,SEC023,Engineering,65.3,HIGH,4.5,Excluded by solver due to resource or train-occupancy conflicts
ENG1959,SEC018,Engineering,64.7,HIGH,2.5,Excluded by solver due to resource or train-occupancy conflicts
ENG1962,SEC057,Engineering,62.8,HIGH,3.9,Excluded by solver due to resource or train-occupancy conflicts
ENG1965,SEC042,Engineering,82.8,CRITICAL,2.9,Excluded by solver due to resource or train-occupancy conflicts
ENG1972,SEC065,Engineering,43.7,MEDIUM,5.3,Excluded by solver due to resource or train-occupancy conflicts
ENG1974,SEC044,Engineering,37.8,LOW,2.2,Excluded by solver due to resource or train-occupancy conflicts
ENG1976,SEC022,Engineering,38.2,LOW,1.8,Excluded by solver due to resource or train-occupancy conflicts
ENG1977,SEC019,Engineering,66.5,HIGH,6.5,Excluded by solver due to resource or train-occupancy conflicts
ENG1987,SEC011,Engineering,31.0,LOW,4.5,Excluded by solver due to resource or train-occupancy conflicts
ENG1993,SEC056,Engineering,60.72,HIGH,1.6,Excluded by solver due to resource or train-occupancy conflicts
ENG2004,SEC010,Engineering,83.71,CRITICAL,1.2,Excluded by solver due to resource or train-occupancy conflicts
ENG2005,SEC030,Engineering,82.98,CRITICAL,9.0,Excluded by solver due to resource or train-occupancy conflicts
ENG2006,SEC050,Engineering,40.7,MEDIUM,8.2,Excluded by solver due to resource or train-occupancy conflicts
ENG2007,SEC054,Engineering,39.97,LOW,9.4,Excluded by solver due to resource or train-occupancy conflicts
ENG2008,SEC071,Engineering,35.4,LOW,8.5,Excluded by solver due to resource or train-occupancy conflicts
ENG2009,SEC012,Engineering,64.57,HIGH,9.3,Excluded by solver due to resource or train-occupancy conflicts
ENG2011,SEC006,Engineering,41.8,MEDIUM,3.3,Excluded by solver due to resource or train-occupancy conflicts
ENG2017,SEC026,Engineering,64.0,HIGH,2.9,Excluded by solver due to resource or train-occupancy conflicts
ENG2019,SEC037,Engineering,63.83,HIGH,8.5,Excluded by solver due to resource or train-occupancy conflicts
ENG2021,SEC069,Engineering,39.58,LOW,4.0,Excluded by solver due to resource or train-occupancy conflicts
ENG2022,SEC032,Engineering,83.5,CRITICAL,11.7,Excluded by solver due to resource or train-occupancy conflicts
ENG2029,SEC073,Engineering,79.8,HIGH,1.1,Excluded by solver due to resource or train-occupancy conflicts
ENG2031,SEC001,Engineering,63.35,HIGH,7.3,Excluded by solver due to resource or train-occupancy conflicts
ENG2035,SEC025,Engineering,83.81,CRITICAL,9.2,Excluded by solver due to resource or train-occupancy conflicts
ENG2044,SEC059,Engineering,58.8,MEDIUM,6.3,Excluded by solver due to resource or train-occupancy conflicts
ENG2053,SEC061,Engineering,59.1,MEDIUM,5.6,Excluded by solver due to resource or train-occupancy conflicts
ENG2054,SEC015,Engineering,62.6,HIGH,8.2,Excluded by solver due to resource or train-occupancy conflicts
ENG2072,SEC008,Engineering,64.9,HIGH,4.8,Excluded by solver due to resource or train-occupancy conflicts
ENG2074,SEC028,Engineering,64.1,HIGH,4.2,Excluded by solver due to resource or train-occupancy conflicts
ENG2093,SEC040,Engineering,80.3,CRITICAL,5.9,Excluded by solver due to resource or train-occupancy conflicts
ENG2099,SEC056,Engineering,82.18,CRITICAL,10.1,Excluded by solver due to resource or train-occupancy conflicts
ENG2102,SEC069,Engineering,38.9,LOW,1.9,Excluded by solver due to resource or train-occupancy conflicts
ENG2103,SEC012,Engineering,82.9,CRITICAL,10.7,Excluded by solver due to resource or train-occupancy conflicts
ENG2107,SEC003,Engineering,64.5,HIGH,10.8,Excluded by solver due to resource or train-occupancy conflicts
ENG2112,SEC070,Engineering,60.39,HIGH,9.5,Excluded by solver due to resource or train-occupancy conflicts
ENG2113,SEC006,Engineering,99.1,CRITICAL,3.3,Excluded by solver due to resource or train-occupancy conflicts
ENG2119,SEC075,Engineering,61.5,HIGH,8.4,Excluded by solver due to resource or train-occupancy conflicts
ENG2121,SEC032,Engineering,39.6,LOW,7.4,Excluded by solver due to resource or train-occupancy conflicts
ENG2124,SEC025,Engineering,29.6,LOW,10.7,Excluded by solver due to resource or train-occupancy conflicts
ENG2128,SEC014,Engineering,45.72,MEDIUM,12.0,Excluded by solver due to resource or train-occupancy conflicts
ENG2131,SEC042,Engineering,42.0,MEDIUM,5.6,Excluded by solver due to resource or train-occupancy conflicts
ENG2134,SEC050,Engineering,59.89,MEDIUM,3.5,Excluded by solver due to resource or train-occupancy conflicts
ENG2143,SEC022,Engineering,43.33,MEDIUM,2.3,Excluded by solver due to resource or train-occupancy conflicts
ENG2144,SEC017,Engineering,39.2,LOW,4.9,Excluded by solver due to resource or train-occupancy conflicts
ENG2145,SEC011,Engineering,44.7,MEDIUM,7.2,Excluded by solver due to resource or train-occupancy conflicts
ENG2152,SEC022,Engineering,84.1,CRITICAL,6.7,Excluded by solver due to resource or train-occupancy conflicts
ENG2154,SEC057,Engineering,40.2,MEDIUM,9.0,Excluded by solver due to resource or train-occupancy conflicts
ENG2156,SEC036,Engineering,43.49,MEDIUM,7.2,Excluded by solver due to resource or train-occupancy conflicts
ENG2159,SEC061,Engineering,60.5,HIGH,4.0,Excluded by solver due to resource or train-occupancy conflicts
ENG2172,SEC033,Engineering,85.4,CRITICAL,11.5,Excluded by solver due to resource or train-occupancy conflicts
ENG2173,SEC050,Engineering,61.11,HIGH,8.4,Excluded by solver due to resource or train-occupancy conflicts
ENG2175,SEC023,Engineering,42.2,MEDIUM,2.4,Excluded by solver due to resource or train-occupancy conflicts
ENG2179,SEC028,Engineering,85.42,CRITICAL,10.2,Excluded by solver due to resource or train-occupancy conflicts
ENG2180,SEC005,Engineering,40.5,MEDIUM,1.3,Excluded by solver due to resource or train-occupancy conflicts
ENG2191,SEC009,Engineering,98.1,CRITICAL,1.6,Excluded by solver due to resource or train-occupancy conflicts
ENG2200,SEC013,Engineering,44.83,MEDIUM,6.9,Excluded by solver due to resource or train-occupancy conflicts
ENG2201,SEC066,Engineering,43.5,MEDIUM,7.7,Excluded by solver due to resource or train-occupancy conflicts
ENG2207,SEC062,Engineering,94.8,CRITICAL,8.4,Excluded by solver due to resource or train-occupancy conflicts
ENG2212,SEC038,Engineering,83.9,CRITICAL,1.2,Excluded by solver due to resource or train-occupancy conflicts
ENG2215,SEC020,Engineering,61.9,HIGH,10.7,Excluded by solver due to resource or train-occupancy conflicts
ENG2216,SEC009,Engineering,63.71,HIGH,4.6,Excluded by solver due to resource or train-occupancy conflicts
ENG2217,SEC072,Engineering,60.3,HIGH,8.2,Excluded by solver due to resource or train-occupancy conflicts
ENG2224,SEC066,Engineering,40.6,MEDIUM,2.6,Excluded by solver due to resource or train-occupancy conflicts
ENG2225,SEC005,Engineering,85.0,CRITICAL,6.9,Excluded by solver due to resource or train-occupancy conflicts
ENG2226,SEC072,Engineering,61.73,HIGH,2.1,Excluded by solver due to resource or train-occupancy conflicts
ENG2231,SEC024,Engineering,64.9,HIGH,9.6,Excluded by solver due to resource or train-occupancy conflicts
ENG2232,SEC054,Engineering,95.05,CRITICAL,3.1,Excluded by solver due to resource or train-occupancy conflicts
ENG2233,SEC036,Engineering,99.17,CRITICAL,8.6,Excluded by solver due to resource or train-occupancy conflicts
ENG2240,SEC007,Engineering,44.7,MEDIUM,7.3,Excluded by solver due to resource or train-occupancy conflicts
ENG2246,SEC024,Engineering,45.04,MEDIUM,7.8,Excluded by solver due to resource or train-occupancy conflicts
ENG2247,SEC015,Engineering,42.77,MEDIUM,9.9,Excluded by solver due to resource or train-occupancy conflicts
ENG2252,SEC037,Engineering,98.97,CRITICAL,2.6,Excluded by solver due to resource or train-occupancy conflicts
ENG2254,SEC018,Engineering,62.7,HIGH,12.0,Excluded by solver due to resource or train-occupancy conflicts
ENG2255,SEC073,Engineering,36.61,LOW,8.0,Excluded by solver due to resource or train-occupancy conflicts
ENG2259,SEC019,Engineering,26.8,LOW,10.5,Excluded by solver due to resource or train-occupancy conflicts
ENG2262,SEC005,Engineering,86.4,CRITICAL,2.1,Excluded by solver due to resource or train-occupancy conflicts
ENG2264,SEC006,Engineering,64.5,HIGH,3.9,Excluded by solver due to resource or train-occupancy conflicts
ENG2266,SEC028,Engineering,64.1,HIGH,2.7,Excluded by solver due to resource or train-occupancy conflicts
ENG2276,SEC021,Engineering,63.08,HIGH,10.9,Excluded by solver due to resource or train-occupancy conflicts
ENG2287,SEC060,Engineering,61.68,HIGH,5.2,Excluded by solver due to resource or train-occupancy conflicts
ENG2295,SEC027,Engineering,61.91,HIGH,6.5,Excluded by solver due to resource or train-occupancy conflicts
ENG2300,SEC007,Engineering,63.27,HIGH,2.7,Excluded by solver due to resource or train-occupancy conflicts
ENG2306,SEC040,Engineering,62.1,HIGH,3.4,Excluded by solver due to resource or train-occupancy conflicts
ENG2309,SEC064,Engineering,62.6,HIGH,8.7,Excluded by solver due to resource or train-occupancy conflicts
ENG2314,SEC020,Engineering,40.8,MEDIUM,9.7,Excluded by solver due to resource or train-occupancy conflicts
ENG2315,SEC044,Engineering,82.3,CRITICAL,9.9,Excluded by solver due to resource or train-occupancy conflicts
ENG2317,SEC028,Engineering,64.89,HIGH,8.7,Excluded by solver due to resource or train-occupancy conflicts
ENG2322,SEC006,Engineering,27.69,LOW,5.9,Excluded by solver due to resource or train-occupancy conflicts
ENG2323,SEC006,Engineering,65.81,HIGH,10.7,Excluded by solver due to resource or train-occupancy conflicts
ENG2324,SEC008,Engineering,39.8,LOW,5.3,Excluded by solver due to resource or train-occupancy conflicts
ENG2326,SEC050,Engineering,62.4,HIGH,1.4,Excluded by solver due to resource or train-occupancy conflicts
ENG2330,SEC001,Engineering,63.3,HIGH,11.3,Excluded by solver due to resource or train-occupancy conflicts
ENG2335,SEC025,Engineering,98.2,CRITICAL,1.3,Excluded by solver due to resource or train-occupancy conflicts
ENG2337,SEC075,Engineering,59.9,MEDIUM,11.3,Excluded by solver due to resource or train-occupancy conflicts
ENG2341,SEC049,Engineering,24.98,LOW,10.4,Excluded by solver due to resource or train-occupancy conflicts
ENG2344,SEC071,Engineering,39.41,LOW,7.2,Excluded by solver due to resource or train-occupancy conflicts
ENG2345,SEC009,Engineering,38.17,LOW,4.8,Excluded by solver due to resource or train-occupancy conflicts
ENG2353,SEC003,Engineering,63.9,HIGH,10.7,Excluded by solver due to resource or train-occupancy conflicts
ENG2354,SEC044,Engineering,40.2,MEDIUM,11.3,Excluded by solver due to resource or train-occupancy conflicts
ENG2361,SEC014,Engineering,64.27,HIGH,1.3,Excluded by solver due to resource or train-occupancy conflicts
ENG2363,SEC039,Engineering,39.23,LOW,3.3,Excluded by solver due to resource or train-occupancy conflicts
ENG2373,SEC074,Engineering,60.3,HIGH,2.9,Excluded by solver due to resource or train-occupancy conflicts
ENG2375,SEC028,Engineering,40.6,MEDIUM,2.6,Excluded by solver due to resource or train-occupancy conflicts
ENG2376,SEC029,Engineering,98.64,CRITICAL,9.6,Excluded by solver due to resource or train-occupancy conflicts
ENG2378,SEC013,Engineering,63.42,HIGH,1.1,Excluded by solver due to resource or train-occupancy conflicts
ENG2379,SEC066,Engineering,31.6,LOW,8.1,Excluded by solver due to resource or train-occupancy conflicts
ENG2381,SEC074,Engineering,25.8,LOW,4.3,Excluded by solver due to resource or train-occupancy conflicts
ENG2383,SEC001,Engineering,45.8,MEDIUM,3.1,Excluded by solver due to resource or train-occupancy conflicts
ENG2386,SEC005,Engineering,99.5,CRITICAL,1.2,Excluded by solver due to resource or train-occupancy conflicts
ENG2393,SEC055,Engineering,61.78,HIGH,6.3,Excluded by solver due to resource or train-occupancy conflicts
ENG2395,SEC006,Engineering,65.99,HIGH,4.0,Excluded by solver due to resource or train-occupancy conflicts
ENG2396,SEC042,Engineering,62.19,HIGH,7.6,Excluded by solver due to resource or train-occupancy conflicts
ENG2400,SEC027,Engineering,83.58,CRITICAL,11.9,Excluded by solver due to resource or train-occupancy conflicts
ENG2401,SEC063,Engineering,94.7,CRITICAL,4.9,Excluded by solver due to resource or train-occupancy conflicts
ENG2402,SEC054,Engineering,80.3,CRITICAL,9.4,Excluded by solver due to resource or train-occupancy conflicts
ENG2406,SEC047,Engineering,60.66,HIGH,5.0,Excluded by solver due to resource or train-occupancy conflicts
ENG2412,SEC049,Engineering,63.41,HIGH,9.3,Excluded by solver due to resource or train-occupancy conflicts
ENG2413,SEC031,Engineering,40.32,MEDIUM,5.1,Excluded by solver due to resource or train-occupancy conflicts
ENG2423,SEC040,Engineering,59.9,MEDIUM,3.1,Excluded by solver due to resource or train-occupancy conflicts
ENG2425,SEC059,Engineering,39.8,LOW,7.9,Excluded by solver due to resource or train-occupancy conflicts
ENG2426,SEC013,Engineering,43.34,MEDIUM,3.5,Excluded by solver due to resource or train-occupancy conflicts
ENG2429,SEC037,Engineering,25.4,LOW,11.5,Excluded by solver due to resource or train-occupancy conflicts
ENG2430,SEC018,Engineering,63.9,HIGH,4.5,Excluded by solver due to resource or train-occupancy conflicts
ENG2431,SEC041,Engineering,62.3,HIGH,8.6,Excluded by solver due to resource or train-occupancy conflicts
ENG2436,SEC003,Engineering,84.5,CRITICAL,6.9,Excluded by solver due to resource or train-occupancy conflicts
ENG2438,SEC016,Engineering,33.6,LOW,1.2,Excluded by solver due to resource or train-occupancy conflicts
ENG2443,SEC017,Engineering,62.0,HIGH,7.6,Excluded by solver due to resource or train-occupancy conflicts
ENG2457,SEC068,Engineering,24.39,LOW,4.4,Excluded by solver due to resource or train-occupancy conflicts
ENG2466,SEC002,Engineering,62.78,HIGH,3.4,Excluded by solver due to resource or train-occupancy conflicts
ENG2467,SEC061,Engineering,22.11,LOW,4.5,Excluded by solver due to resource or train-occupancy conflicts
ENG2468,SEC057,Engineering,61.5,HIGH,10.2,Excluded by solver due to resource or train-occupancy conflicts
ENG2469,SEC037,Engineering,65.3,HIGH,8.1,Excluded by solver due to resource or train-occupancy conflicts
ENG2472,SEC028,Engineering,85.49,CRITICAL,5.9,Excluded by solver due to resource or train-occupancy conflicts
ENG2474,SEC003,Engineering,40.54,MEDIUM,9.5,Excluded by solver due to resource or train-occupancy conflicts
ENG2480,SEC047,Engineering,61.8,HIGH,9.6,Excluded by solver due to resource or train-occupancy conflicts
ENG2491,SEC022,Engineering,61.7,HIGH,8.4,Excluded by solver due to resource or train-occupancy conflicts
ENG2495,SEC025,Engineering,66.0,HIGH,11.3,Excluded by solver due to resource or train-occupancy conflicts
ENG2498,SEC038,Engineering,41.4,MEDIUM,2.6,Excluded by solver due to resource or train-occupancy conflicts
ENG2500,SEC041,Engineering,61.9,HIGH,8.3,Excluded by solver due to resource or train-occupancy conflicts
ENG2501,SEC051,Engineering,95.0,CRITICAL,2.6,Excluded by solver due to resource or train-occupancy conflicts
ENG2508,SEC019,Engineering,26.6,LOW,8.4,Excluded by solver due to resource or train-occupancy conflicts
ENG2512,SEC003,Engineering,42.2,MEDIUM,7.9,Excluded by solver due to resource or train-occupancy conflicts
ENG2514,SEC005,Engineering,45.42,MEDIUM,11.4,Excluded by solver due to resource or train-occupancy conflicts
ENG2516,SEC037,Engineering,84.52,CRITICAL,4.3,Excluded by solver due to resource or train-occupancy conflicts
ENG2530,SEC008,Engineering,85.0,CRITICAL,5.4,Excluded by solver due to resource or train-occupancy conflicts
ENG2531,SEC016,Engineering,34.3,LOW,8.9,Excluded by solver due to resource or train-occupancy conflicts
ENG2535,SEC025,Engineering,63.33,HIGH,2.0,Excluded by solver due to resource or train-occupancy conflicts
ENG2542,SEC068,Engineering,41.1,MEDIUM,6.8,Excluded by solver due to resource or train-occupancy conflicts
ENG2546,SEC044,Engineering,82.68,CRITICAL,3.7,Excluded by solver due to resource or train-occupancy conflicts
ENG2548,SEC062,Engineering,61.7,HIGH,10.0,Excluded by solver due to resource or train-occupancy conflicts
ENG2552,SEC068,Engineering,43.4,MEDIUM,11.3,Excluded by solver due to resource or train-occupancy conflicts
ENG2557,SEC072,Engineering,59.4,MEDIUM,8.8,Excluded by solver due to resource or train-occupancy conflicts
ENG2559,SEC006,Engineering,31.5,LOW,7.7,Excluded by solver due to resource or train-occupancy conflicts
ENG2561,SEC017,Engineering,37.4,LOW,11.3,Excluded by solver due to resource or train-occupancy conflicts
ENG2565,SEC044,Engineering,83.09,CRITICAL,8.7,Excluded by solver due to resource or train-occupancy conflicts
ENG2566,SEC042,Engineering,63.8,HIGH,2.3,Excluded by solver due to resource or train-occupancy conflicts
ENG2568,SEC050,Engineering,94.2,CRITICAL,5.3,Excluded by solver due to resource or train-occupancy conflicts
ENG2569,SEC044,Engineering,96.1,CRITICAL,1.9,Excluded by solver due to resource or train-occupancy conflicts
ENG2576,SEC055,Engineering,60.1,HIGH,8.7,Excluded by solver due to resource or train-occupancy conflicts
ENG2578,SEC073,Engineering,28.2,LOW,11.3,Excluded by solver due to resource or train-occupancy conflicts
ENG2579,SEC024,Engineering,63.4,HIGH,10.6,Excluded by solver due to resource or train-occupancy conflicts
ENG2580,SEC007,Engineering,32.4,LOW,2.8,Excluded by solver due to resource or train-occupancy conflicts
ENG2581,SEC053,Engineering,82.2,CRITICAL,11.2,Excluded by solver due to resource or train-occupancy conflicts
ENG2582,SEC071,Engineering,60.1,HIGH,4.8,Excluded by solver due to resource or train-occupancy conflicts
ENG2583,SEC050,Engineering,61.3,HIGH,3.7,Excluded by solver due to resource or train-occupancy conflicts
ENG2584,SEC021,Engineering,44.9,MEDIUM,5.9,Excluded by solver due to resource or train-occupancy conflicts
ENG2590,SEC003,Engineering,85.8,CRITICAL,5.7,Excluded by solver due to resource or train-occupancy conflicts
ENG2609,SEC011,Engineering,64.6,HIGH,1.1,Excluded by solver due to resource or train-occupancy conflicts
ENG2610,SEC023,Engineering,84.37,CRITICAL,3.1,Excluded by solver due to resource or train-occupancy conflicts
ENG2611,SEC021,Engineering,97.9,CRITICAL,7.7,Excluded by solver due to resource or train-occupancy conflicts
ENG2612,SEC031,Engineering,62.0,HIGH,11.7,Excluded by solver due to resource or train-occupancy conflicts
ENG2613,SEC015,Engineering,84.3,CRITICAL,7.7,Excluded by solver due to resource or train-occupancy conflicts
ENG2618,SEC047,Engineering,60.7,HIGH,8.0,Excluded by solver due to resource or train-occupancy conflicts
ENG2621,SEC049,Engineering,43.76,MEDIUM,5.1,Excluded by solver due to resource or train-occupancy conflicts
ENG2622,SEC016,Engineering,63.1,HIGH,11.9,Excluded by solver due to resource or train-occupancy conflicts
ENG2625,SEC055,Engineering,59.4,MEDIUM,8.6,Excluded by solver due to resource or train-occupancy conflicts
ENG2627,SEC021,Engineering,62.8,HIGH,10.5,Excluded by solver due to resource or train-occupancy conflicts
ENG2632,SEC058,Engineering,61.8,HIGH,3.0,Excluded by solver due to resource or train-occupancy conflicts
ENG2635,SEC051,Engineering,60.61,HIGH,2.4,Excluded by solver due to resource or train-occupancy conflicts
ENG2636,SEC038,Engineering,42.1,MEDIUM,5.6,Excluded by solver due to resource or train-occupancy conflicts
ENG2638,SEC004,Engineering,27.6,LOW,7.3,Excluded by solver due to resource or train-occupancy conflicts
ENG2641,SEC073,Engineering,36.6,LOW,11.9,Excluded by solver due to resource or train-occupancy conflicts
ENG2652,SEC051,Engineering,37.42,LOW,8.2,Excluded by solver due to resource or train-occupancy conflicts
ENG2657,SEC044,Engineering,43.8,MEDIUM,4.7,Excluded by solver due to resource or train-occupancy conflicts
ENG2662,SEC002,Engineering,42.6,MEDIUM,8.8,Excluded by solver due to resource or train-occupancy conflicts
ENG2667,SEC034,Engineering,44.1,MEDIUM,1.1,Excluded by solver due to resource or train-occupancy conflicts
ENG2673,SEC028,Engineering,85.6,CRITICAL,10.8,Excluded by solver due to resource or train-occupancy conflicts
ENG2676,SEC053,Engineering,42.1,MEDIUM,2.9,Excluded by solver due to resource or train-occupancy conflicts
ENG2679,SEC015,Engineering,84.51,CRITICAL,9.8,Excluded by solver due to resource or train-occupancy conflicts
ENG2685,SEC025,Engineering,46.5,MEDIUM,3.3,Excluded by solver due to resource or train-occupancy conflicts
ENG2689,SEC020,Engineering,63.71,HIGH,11.6,Excluded by solver due to resource or train-occupancy conflicts
ENG2692,SEC061,Engineering,60.93,HIGH,3.2,Excluded by solver due to resource or train-occupancy conflicts
ENG2702,SEC042,Engineering,38.63,LOW,9.0,Excluded by solver due to resource or train-occupancy conflicts
ENG2707,SEC001,Engineering,64.7,HIGH,9.4,Excluded by solver due to resource or train-occupancy conflicts
ENG2708,SEC066,Engineering,43.64,MEDIUM,10.9,Excluded by solver due to resource or train-occupancy conflicts
ENG2710,SEC024,Engineering,40.5,MEDIUM,9.5,Excluded by solver due to resource or train-occupancy conflicts
ENG2713,SEC047,Engineering,94.7,CRITICAL,2.1,Excluded by solver due to resource or train-occupancy conflicts
ENG2715,SEC006,Engineering,26.3,LOW,8.0,Excluded by solver due to resource or train-occupancy conflicts
ENG2718,SEC058,Engineering,61.5,HIGH,7.1,Excluded by solver due to resource or train-occupancy conflicts
ENG2719,SEC030,Engineering,39.99,LOW,8.6,Excluded by solver due to resource or train-occupancy conflicts
ENG2725,SEC029,Engineering,85.87,CRITICAL,11.8,Excluded by solver due to resource or train-occupancy conflicts
ENG2727,SEC054,Engineering,61.7,HIGH,6.2,Excluded by solver due to resource or train-occupancy conflicts
ENG2728,SEC048,Engineering,38.1,LOW,4.8,Excluded by solver due to resource or train-occupancy conflicts
ENG2729,SEC031,Engineering,27.6,LOW,3.4,Excluded by solver due to resource or train-occupancy conflicts
ENG2730,SEC046,Engineering,43.56,MEDIUM,6.2,Excluded by solver due to resource or train-occupancy conflicts
ENG2732,SEC040,Engineering,31.6,LOW,9.8,Excluded by solver due to resource or train-occupancy conflicts
ENG2733,SEC011,Engineering,64.38,HIGH,10.7,Excluded by solver due to resource or train-occupancy conflicts
ENG2734,SEC049,Engineering,62.3,HIGH,2.8,Excluded by solver due to resource or train-occupancy conflicts
ENG2735,SEC008,Engineering,64.4,HIGH,5.9,Excluded by solver due to resource or train-occupancy conflicts
ENG2736,SEC017,Engineering,83.5,CRITICAL,10.0,Excluded by solver due to resource or train-occupancy conflicts
ENG2746,SEC013,Engineering,64.1,HIGH,4.9,Excluded by solver due to resource or train-occupancy conflicts
ENG2748,SEC050,Engineering,37.8,LOW,11.7,Excluded by solver due to resource or train-occupancy conflicts
ENG2752,SEC067,Engineering,37.84,LOW,5.5,Excluded by solver due to resource or train-occupancy conflicts
ENG2754,SEC046,Engineering,61.19,HIGH,1.2,Excluded by solver due to resource or train-occupancy conflicts
ENG2755,SEC054,Engineering,61.17,HIGH,4.3,Excluded by solver due to resource or train-occupancy conflicts
ENG2761,SEC022,Engineering,83.55,CRITICAL,2.0,Excluded by solver due to resource or train-occupancy conflicts
ENG2762,SEC054,Engineering,61.9,HIGH,2.5,Excluded by solver due to resource or train-occupancy conflicts
ENG2790,SEC031,Engineering,33.6,LOW,10.2,Excluded by solver due to resource or train-occupancy conflicts
ENG2794,SEC047,Engineering,37.4,LOW,2.4,Excluded by solver due to resource or train-occupancy conflicts
ENG2800,SEC053,Engineering,37.4,LOW,2.0,Excluded by solver due to resource or train-occupancy conflicts
ENG2803,SEC054,Engineering,41.46,MEDIUM,8.5,Excluded by solver due to resource or train-occupancy conflicts
ENG2805,SEC028,Engineering,32.6,LOW,4.5,Excluded by solver due to resource or train-occupancy conflicts
ENG2807,SEC052,Engineering,62.4,HIGH,9.4,Excluded by solver due to resource or train-occupancy conflicts
ENG2808,SEC038,Engineering,27.19,LOW,6.0,Excluded by solver due to resource or train-occupancy conflicts
ENG2820,SEC007,Engineering,64.7,HIGH,7.6,Excluded by solver due to resource or train-occupancy conflicts
ENG2821,SEC068,Engineering,95.83,CRITICAL,2.5,Excluded by solver due to resource or train-occupancy conflicts
ENG2824,SEC011,Engineering,63.45,HIGH,7.0,Excluded by solver due to resource or train-occupancy conflicts
ENG2825,SEC026,Engineering,99.1,CRITICAL,10.1,Excluded by solver due to resource or train-occupancy conflicts
ENG2827,SEC074,Engineering,61.79,HIGH,2.1,Excluded by solver due to resource or train-occupancy conflicts
ENG2831,SEC068,Engineering,61.03,HIGH,2.9,Excluded by solver due to resource or train-occupancy conflicts
ENG2835,SEC035,Engineering,45.6,MEDIUM,7.7,Excluded by solver due to resource or train-occupancy conflicts
ENG2836,SEC065,Engineering,81.11,CRITICAL,4.2,Excluded by solver due to resource or train-occupancy conflicts
ENG2838,SEC056,Engineering,60.3,HIGH,7.9,Excluded by solver due to resource or train-occupancy conflicts
ENG2840,SEC034,Engineering,82.9,CRITICAL,10.9,Excluded by solver due to resource or train-occupancy conflicts
ENG2842,SEC001,Engineering,63.1,HIGH,11.7,Excluded by solver due to resource or train-occupancy conflicts
ENG2851,SEC031,Engineering,97.7,CRITICAL,7.9,Excluded by solver due to resource or train-occupancy conflicts
ENG2858,SEC057,Engineering,83.0,CRITICAL,1.5,Excluded by solver due to resource or train-occupancy conflicts
ENG2863,SEC025,Engineering,98.69,CRITICAL,1.6,Excluded by solver due to resource or train-occupancy conflicts
ENG2865,SEC074,Engineering,42.68,MEDIUM,1.8,Excluded by solver due to resource or train-occupancy conflicts
ENG2866,SEC040,Engineering,62.6,HIGH,4.4,Excluded by solver due to resource or train-occupancy conflicts
ENG2869,SEC050,Engineering,80.91,CRITICAL,7.4,Excluded by solver due to resource or train-occupancy conflicts
ENG2870,SEC006,Engineering,65.8,HIGH,5.2,Excluded by solver due to resource or train-occupancy conflicts
ENG2871,SEC029,Engineering,63.34,HIGH,7.5,Excluded by solver due to resource or train-occupancy conflicts
ENG2874,SEC002,Engineering,30.6,LOW,7.1,Excluded by solver due to resource or train-occupancy conflicts
ENG2884,SEC026,Engineering,35.5,LOW,7.1,Excluded by solver due to resource or train-occupancy conflicts
ENG2893,SEC074,Engineering,59.9,MEDIUM,8.2,Excluded by solver due to resource or train-occupancy conflicts
ENG2896,SEC008,Engineering,40.3,MEDIUM,6.0,Excluded by solver due to resource or train-occupancy conflicts
ENG2901,SEC002,Engineering,63.4,HIGH,8.4,Excluded by solver due to resource or train-occupancy conflicts
ENG2903,SEC009,Engineering,32.9,LOW,11.2,Excluded by solver due to resource or train-occupancy conflicts
ENG2906,SEC059,Engineering,62.0,HIGH,8.6,Excluded by solver due to resource or train-occupancy conflicts
ENG2909,SEC072,Engineering,33.55,LOW,2.6,Excluded by solver due to resource or train-occupancy conflicts
ENG2916,SEC014,Engineering,42.5,MEDIUM,1.9,Excluded by solver due to resource or train-occupancy conflicts
ENG2921,SEC034,Engineering,63.41,HIGH,4.9,Excluded by solver due to resource or train-occupancy conflicts
ENG2923,SEC007,Engineering,31.05,LOW,8.6,Excluded by solver due to resource or train-occupancy conflicts
ENG2927,SEC074,Engineering,36.17,LOW,4.4,Excluded by solver due to resource or train-occupancy conflicts
ENG2936,SEC039,Engineering,41.31,MEDIUM,10.8,Excluded by solver due to resource or train-occupancy conflicts
ENG2937,SEC017,Engineering,62.5,HIGH,6.0,Excluded by solver due to resource or train-occupancy conflicts
ENG2938,SEC016,Engineering,38.7,LOW,1.6,Excluded by solver due to resource or train-occupancy conflicts
ENG2940,SEC036,Engineering,39.5,LOW,1.1,Excluded by solver due to resource or train-occupancy conflicts
ENG2942,SEC052,Engineering,93.9,CRITICAL,7.0,Excluded by solver due to resource or train-occupancy conflicts
ENG2943,SEC073,Engineering,61.8,HIGH,2.7,Excluded by solver due to resource or train-occupancy conflicts
ENG2952,SEC015,Engineering,65.7,HIGH,1.3,Excluded by solver due to resource or train-occupancy conflicts
ENG2953,SEC036,Engineering,40.8,MEDIUM,3.6,Excluded by solver due to resource or train-occupancy conflicts
ENG2962,SEC010,Engineering,65.5,HIGH,8.0,Excluded by solver due to resource or train-occupancy conflicts
ENG2986,SEC027,Engineering,63.39,HIGH,4.1,Excluded by solver due to resource or train-occupancy conflicts
ENG2987,SEC065,Engineering,36.0,LOW,10.5,Excluded by solver due to resource or train-occupancy conflicts
ENG2988,SEC038,Engineering,38.9,LOW,6.4,Excluded by solver due to resource or train-occupancy conflicts
ENG2996,SEC052,Engineering,60.45,HIGH,7.0,Excluded by solver due to resource or train-occupancy conflicts
ENG2998,SEC020,Engineering,43.98,MEDIUM,8.3,Excluded by solver due to resource or train-occupancy conflicts
ENG3002,SEC014,Engineering,83.7,CRITICAL,2.7,Excluded by solver due to resource or train-occupancy conflicts
ENG3003,SEC053,Engineering,62.79,HIGH,4.0,Excluded by solver due to resource or train-occupancy conflicts
ENG3006,SEC020,Engineering,42.5,MEDIUM,7.3,Excluded by solver due to resource or train-occupancy conflicts
ENG3007,SEC030,Engineering,33.19,LOW,2.1,Excluded by solver due to resource or train-occupancy conflicts
ENG3014,SEC046,Engineering,37.0,LOW,9.5,Excluded by solver due to resource or train-occupancy conflicts
ENG3020,SEC038,Engineering,83.75,CRITICAL,10.3,Excluded by solver due to resource or train-occupancy conflicts
ENG3025,SEC023,Engineering,44.15,MEDIUM,2.0,Excluded by solver due to resource or train-occupancy conflicts
ENG3026,SEC048,Engineering,36.9,LOW,3.3,Excluded by solver due to resource or train-occupancy conflicts
ENG3033,SEC064,Engineering,61.63,HIGH,5.1,Excluded by solver due to resource or train-occupancy conflicts
ENG3035,SEC054,Engineering,80.73,CRITICAL,4.6,Excluded by solver due to resource or train-occupancy conflicts
ENG3037,SEC029,Engineering,65.1,HIGH,3.2,Excluded by solver due to resource or train-occupancy conflicts
ENG3042,SEC007,Engineering,41.7,MEDIUM,7.3,Excluded by solver due to resource or train-occupancy conflicts
ENG3043,SEC067,Engineering,60.1,HIGH,6.6,Excluded by solver due to resource or train-occupancy conflicts
ENG3044,SEC048,Engineering,39.52,LOW,3.1,Excluded by solver due to resource or train-occupancy conflicts
ENG3046,SEC007,Engineering,62.88,HIGH,8.7,Excluded by solver due to resource or train-occupancy conflicts
ENG3048,SEC008,Engineering,40.35,MEDIUM,3.8,Excluded by solver due to resource or train-occupancy conflicts
ENG3049,SEC021,Engineering,83.4,CRITICAL,3.1,Excluded by solver due to resource or train-occupancy conflicts
ENG3057,SEC030,Engineering,83.49,CRITICAL,4.5,Excluded by solver due to resource or train-occupancy conflicts
ENG3077,SEC019,Engineering,29.7,LOW,4.3,Excluded by solver due to resource or train-occupancy conflicts
ENG3081,SEC071,Engineering,39.07,LOW,8.3,Excluded by solver due to resource or train-occupancy conflicts
ENG3086,SEC017,Engineering,65.1,HIGH,7.2,Excluded by solver due to resource or train-occupancy conflicts
ENG3090,SEC056,Engineering,62.3,HIGH,7.8,Excluded by solver due to resource or train-occupancy conflicts
ENG3095,SEC005,Engineering,64.29,HIGH,3.4,Excluded by solver due to resource or train-occupancy conflicts
ENG3099,SEC037,Engineering,84.4,CRITICAL,2.9,Excluded by solver due to resource or train-occupancy conflicts
ENG3100,SEC025,Engineering,43.8,MEDIUM,6.3,Excluded by solver due to resource or train-occupancy conflicts
ENG3103,SEC059,Engineering,23.0,LOW,1.5,Excluded by solver due to resource or train-occupancy conflicts
ENG3105,SEC075,Engineering,79.9,HIGH,6.0,Excluded by solver due to resource or train-occupancy conflicts
ENG3107,SEC065,Engineering,24.9,LOW,3.3,Excluded by solver due to resource or train-occupancy conflicts
ENG3109,SEC009,Engineering,62.1,HIGH,2.9,Excluded by solver due to resource or train-occupancy conflicts
ENG3113,SEC016,Engineering,84.6,CRITICAL,5.4,Excluded by solver due to resource or train-occupancy conflicts
ENG3118,SEC054,Engineering,95.0,CRITICAL,8.9,Excluded by solver due to resource or train-occupancy conflicts
ENG3119,SEC012,Engineering,83.62,CRITICAL,7.3,Excluded by solver due to resource or train-occupancy conflicts
ENG3122,SEC028,Engineering,66.7,HIGH,4.1,Excluded by solver due to resource or train-occupancy conflicts
ENG3129,SEC059,Engineering,59.83,MEDIUM,1.5,Excluded by solver due to resource or train-occupancy conflicts
ENG3135,SEC006,Engineering,64.0,HIGH,5.1,Excluded by solver due to resource or train-occupancy conflicts
ENG3136,SEC050,Engineering,22.1,LOW,1.2,Excluded by solver due to resource or train-occupancy conflicts
ENG3139,SEC070,Engineering,40.0,LOW,10.7,Excluded by solver due to resource or train-occupancy conflicts
ENG3141,SEC033,Engineering,64.5,HIGH,11.3,Excluded by solver due to resource or train-occupancy conflicts
ENG3143,SEC016,Engineering,84.4,CRITICAL,11.7,Excluded by solver due to resource or train-occupancy conflicts
ENG3147,SEC066,Engineering,60.68,HIGH,5.6,Excluded by solver due to resource or train-occupancy conflicts
ENG3150,SEC074,Engineering,62.45,HIGH,1.2,Excluded by solver due to resource or train-occupancy conflicts
ENG3155,SEC073,Engineering,41.09,MEDIUM,10.2,Excluded by solver due to resource or train-occupancy conflicts
ENG3156,SEC008,Engineering,45.4,MEDIUM,4.1,Excluded by solver due to resource or train-occupancy conflicts
ENG3159,SEC072,Engineering,95.4,CRITICAL,4.0,Excluded by solver due to resource or train-occupancy conflicts
ENG3161,SEC055,Engineering,61.9,HIGH,11.2,Excluded by solver due to resource or train-occupancy conflicts
ENG3163,SEC045,Engineering,39.2,LOW,2.0,Excluded by solver due to resource or train-occupancy conflicts
ENG3173,SEC005,Engineering,85.5,CRITICAL,11.3,Excluded by solver due to resource or train-occupancy conflicts
ENG3177,SEC066,Engineering,81.6,CRITICAL,5.5,Excluded by solver due to resource or train-occupancy conflicts
ENG3179,SEC072,Engineering,28.0,LOW,8.7,Excluded by solver due to resource or train-occupancy conflicts
ENG3181,SEC030,Engineering,42.5,MEDIUM,1.2,Excluded by solver due to resource or train-occupancy conflicts
ENG3183,SEC034,Engineering,96.3,CRITICAL,2.5,Excluded by solver due to resource or train-occupancy conflicts
ENG3184,SEC001,Engineering,83.5,CRITICAL,11.4,Excluded by solver due to resource or train-occupancy conflicts
ENG3186,SEC058,Engineering,41.5,MEDIUM,5.6,Excluded by solver due to resource or train-occupancy conflicts
ENG3187,SEC046,Engineering,63.0,HIGH,10.3,Excluded by solver due to resource or train-occupancy conflicts
ENG3189,SEC011,Engineering,46.5,MEDIUM,5.1,Excluded by solver due to resource or train-occupancy conflicts
ENG3196,SEC039,Engineering,37.3,LOW,3.1,Excluded by solver due to resource or train-occupancy conflicts
ENG3197,SEC071,Engineering,42.6,MEDIUM,7.2,Excluded by solver due to resource or train-occupancy conflicts
ENG3202,SEC001,Engineering,64.4,HIGH,3.3,Excluded by solver due to resource or train-occupancy conflicts
ENG3204,SEC030,Engineering,63.1,HIGH,1.4,Excluded by solver due to resource or train-occupancy conflicts
ENG3205,SEC031,Engineering,27.57,LOW,6.6,Excluded by solver due to resource or train-occupancy conflicts
ENG3209,SEC065,Engineering,62.87,HIGH,4.6,Excluded by solver due to resource or train-occupancy conflicts
ENG3215,SEC048,Engineering,62.2,HIGH,10.7,Excluded by solver due to resource or train-occupancy conflicts
ENG3218,SEC073,Engineering,27.3,LOW,7.2,Excluded by solver due to resource or train-occupancy conflicts
ENG3230,SEC058,Engineering,82.3,CRITICAL,2.3,Excluded by solver due to resource or train-occupancy conflicts
ENG3231,SEC007,Engineering,85.3,CRITICAL,4.0,Excluded by solver due to resource or train-occupancy conflicts
ENG3232,SEC067,Engineering,43.2,MEDIUM,1.8,Excluded by solver due to resource or train-occupancy conflicts
ENG3243,SEC044,Engineering,63.7,HIGH,2.3,Excluded by solver due to resource or train-occupancy conflicts
ENG3244,SEC041,Engineering,60.3,HIGH,7.7,Excluded by solver due to resource or train-occupancy conflicts
ENG3254,SEC071,Engineering,60.9,HIGH,7.4,Excluded by solver due to resource or train-occupancy conflicts
ENG3255,SEC020,Engineering,82.4,CRITICAL,1.0,Excluded by solver due to resource or train-occupancy conflicts
ENG3257,SEC015,Engineering,63.7,HIGH,10.2,Excluded by solver due to resource or train-occupancy conflicts
ENG3275,SEC034,Engineering,41.31,MEDIUM,8.4,Excluded by solver due to resource or train-occupancy conflicts
ENG3277,SEC022,Engineering,63.0,HIGH,6.2,Excluded by solver due to resource or train-occupancy conflicts
ENG3279,SEC005,Engineering,63.8,HIGH,5.1,Excluded by solver due to resource or train-occupancy conflicts
ENG3282,SEC038,Engineering,62.3,HIGH,7.5,Excluded by solver due to resource or train-occupancy conflicts
ENG3288,SEC057,Engineering,42.0,MEDIUM,1.8,Excluded by solver due to resource or train-occupancy conflicts
ENG3292,SEC022,Engineering,96.8,CRITICAL,1.9,Excluded by solver due to resource or train-occupancy conflicts
ENG3301,SEC066,Engineering,80.9,CRITICAL,8.0,Excluded by solver due to resource or train-occupancy conflicts
ENG3308,SEC033,Engineering,63.9,HIGH,4.7,Excluded by solver due to resource or train-occupancy conflicts
ENG3309,SEC050,Engineering,79.9,HIGH,6.4,Excluded by solver due to resource or train-occupancy conflicts
ENG3312,SEC050,Engineering,38.0,LOW,7.2,Excluded by solver due to resource or train-occupancy conflicts
ENG3315,SEC012,Engineering,39.39,LOW,6.2,Excluded by solver due to resource or train-occupancy conflicts
ENG3319,SEC016,Engineering,83.7,CRITICAL,4.6,Excluded by solver due to resource or train-occupancy conflicts
ENG3330,SEC050,Engineering,36.45,LOW,1.6,Excluded by solver due to resource or train-occupancy conflicts
ENG3334,SEC002,Engineering,42.58,MEDIUM,5.3,Excluded by solver due to resource or train-occupancy conflicts
ENG3336,SEC015,Engineering,39.1,LOW,10.6,Excluded by solver due to resource or train-occupancy conflicts
ENG3337,SEC006,Engineering,98.71,CRITICAL,3.3,Excluded by solver due to resource or train-occupancy conflicts
ENG3338,SEC003,Engineering,66.01,HIGH,8.4,Excluded by solver due to resource or train-occupancy conflicts
ENG3345,SEC025,Engineering,31.8,LOW,8.3,Excluded by solver due to resource or train-occupancy conflicts
ENG3351,SEC073,Engineering,37.06,LOW,1.8,Excluded by solver due to resource or train-occupancy conflicts
ENG3354,SEC004,Engineering,83.9,CRITICAL,3.5,Excluded by solver due to resource or train-occupancy conflicts
ENG3357,SEC003,Engineering,33.5,LOW,9.6,Excluded by solver due to resource or train-occupancy conflicts
ENG3359,SEC012,Engineering,63.2,HIGH,3.8,Excluded by solver due to resource or train-occupancy conflicts
ENG3361,SEC029,Engineering,63.7,HIGH,11.0,Excluded by solver due to resource or train-occupancy conflicts
ENG3366,SEC053,Engineering,61.1,HIGH,3.0,Excluded by solver due to resource or train-occupancy conflicts
ENG3369,SEC073,Engineering,80.7,CRITICAL,2.5,Excluded by solver due to resource or train-occupancy conflicts
ENG3371,SEC022,Engineering,64.53,HIGH,4.2,Excluded by solver due to resource or train-occupancy conflicts
ENG3383,SEC023,Engineering,44.49,MEDIUM,6.6,Excluded by solver due to resource or train-occupancy conflicts
ENG3390,SEC030,Engineering,83.2,CRITICAL,4.8,Excluded by solver due to resource or train-occupancy conflicts
ENG3394,SEC055,Engineering,35.84,LOW,7.6,Excluded by solver due to resource or train-occupancy conflicts
ENG3397,SEC052,Engineering,93.93,CRITICAL,9.9,Excluded by solver due to resource or train-occupancy conflicts
ENG3407,SEC060,Engineering,94.4,CRITICAL,6.7,Excluded by solver due to resource or train-occupancy conflicts
ENG3416,SEC032,Engineering,63.1,HIGH,1.1,Excluded by solver due to resource or train-occupancy conflicts
ENG3418,SEC055,Engineering,80.3,CRITICAL,8.4,Excluded by solver due to resource or train-occupancy conflicts
ENG3419,SEC017,Engineering,64.7,HIGH,6.2,Excluded by solver due to resource or train-occupancy conflicts
ENG3424,SEC013,Engineering,84.9,CRITICAL,12.0,Excluded by solver due to resource or train-occupancy conflicts
ENG3428,SEC056,Engineering,39.7,LOW,7.3,Excluded by solver due to resource or train-occupancy conflicts
ENG3429,SEC034,Engineering,81.77,CRITICAL,7.0,Excluded by solver due to resource or train-occupancy conflicts
ENG3432,SEC031,Engineering,63.89,HIGH,4.2,Excluded by solver due to resource or train-occupancy conflicts
ENG3436,SEC006,Engineering,31.0,LOW,3.7,Excluded by solver due to resource or train-occupancy conflicts
ENG3440,SEC040,Engineering,38.4,LOW,2.6,Excluded by solver due to resource or train-occupancy conflicts
ENG3444,SEC047,Engineering,61.62,HIGH,2.9,Excluded by solver due to resource or train-occupancy conflicts
ENG3446,SEC055,Engineering,30.0,LOW,4.6,Excluded by solver due to resource or train-occupancy conflicts
ENG3449,SEC024,Engineering,82.81,CRITICAL,10.1,Excluded by solver due to resource or train-occupancy conflicts
ENG3450,SEC075,Engineering,38.9,LOW,7.5,Excluded by solver due to resource or train-occupancy conflicts
ENG3451,SEC073,Engineering,35.7,LOW,11.8,Excluded by solver due to resource or train-occupancy conflicts
ENG3452,SEC028,Engineering,42.1,MEDIUM,3.7,Excluded by solver due to resource or train-occupancy conflicts
ENG3457,SEC012,Engineering,41.1,MEDIUM,11.3,Excluded by solver due to resource or train-occupancy conflicts
ENG3461,SEC042,Engineering,81.05,CRITICAL,5.7,Excluded by solver due to resource or train-occupancy conflicts
ENG3463,SEC011,Engineering,41.1,MEDIUM,5.9,Excluded by solver due to resource or train-occupancy conflicts
ENG3464,SEC009,Engineering,62.96,HIGH,7.6,Excluded by solver due to resource or train-occupancy conflicts
ENG3465,SEC061,Engineering,24.16,LOW,7.9,Excluded by solver due to resource or train-occupancy conflicts
ENG3466,SEC058,Engineering,61.17,HIGH,1.0,Excluded by solver due to resource or train-occupancy conflicts
ENG3468,SEC010,Engineering,84.91,CRITICAL,2.8,Excluded by solver due to resource or train-occupancy conflicts
ENG3474,SEC014,Engineering,27.1,LOW,8.1,Excluded by solver due to resource or train-occupancy conflicts
ENG3475,SEC011,Engineering,98.2,CRITICAL,4.7,Excluded by solver due to resource or train-occupancy conflicts
ENG3478,SEC052,Engineering,80.6,CRITICAL,2.3,Excluded by solver due to resource or train-occupancy conflicts
ENG3483,SEC054,Engineering,37.95,LOW,6.7,Excluded by solver due to resource or train-occupancy conflicts
ENG3485,SEC034,Engineering,30.8,LOW,6.2,Excluded by solver due to resource or train-occupancy conflicts
ENG3486,SEC037,Engineering,42.91,MEDIUM,9.8,Excluded by solver due to resource or train-occupancy conflicts
ENG3489,SEC020,Engineering,44.5,MEDIUM,2.5,Excluded by solver due to resource or train-occupancy conflicts
ENG3491,SEC055,Engineering,60.1,HIGH,5.0,Excluded by solver due to resource or train-occupancy conflicts
ENG3495,SEC029,Engineering,64.2,HIGH,8.4,Excluded by solver due to resource or train-occupancy conflicts
ENG3497,SEC021,Engineering,27.2,LOW,6.1,Excluded by solver due to resource or train-occupancy conflicts
ENG3507,SEC018,Engineering,62.1,HIGH,4.9,Excluded by solver due to resource or train-occupancy conflicts
ENG3508,SEC048,Engineering,41.2,MEDIUM,11.2,Excluded by solver due to resource or train-occupancy conflicts
ENG3509,SEC048,Engineering,30.26,LOW,2.9,Excluded by solver due to resource or train-occupancy conflicts
ENG3512,SEC052,Engineering,24.9,LOW,3.5,Excluded by solver due to resource or train-occupancy conflicts
ENG3524,SEC075,Engineering,23.4,LOW,11.6,Excluded by solver due to resource or train-occupancy conflicts
ENG3528,SEC034,Engineering,63.1,HIGH,8.6,Excluded by solver due to resource or train-occupancy conflicts
ENG3533,SEC010,Engineering,30.72,LOW,7.0,Excluded by solver due to resource or train-occupancy conflicts
ENG3543,SEC022,Engineering,62.25,HIGH,8.9,Excluded by solver due to resource or train-occupancy conflicts
ENG3546,SEC002,Engineering,42.3,MEDIUM,10.6,Excluded by solver due to resource or train-occupancy conflicts
ENG3549,SEC023,Engineering,38.9,LOW,5.9,Excluded by solver due to resource or train-occupancy conflicts
ENG3550,SEC027,Engineering,63.4,HIGH,4.8,Excluded by solver due to resource or train-occupancy conflicts
ENG3554,SEC060,Engineering,35.8,LOW,6.4,Excluded by solver due to resource or train-occupancy conflicts
ENG3558,SEC065,Engineering,81.4,CRITICAL,2.5,Excluded by solver due to resource or train-occupancy conflicts
ENG3559,SEC072,Engineering,60.1,HIGH,3.4,Excluded by solver due to resource or train-occupancy conflicts
ENG3562,SEC031,Engineering,83.9,CRITICAL,10.1,Excluded by solver due to resource or train-occupancy conflicts
ENG3563,SEC070,Engineering,81.6,CRITICAL,6.8,Excluded by solver due to resource or train-occupancy conflicts
ENG3570,SEC029,Engineering,85.0,CRITICAL,3.8,Excluded by solver due to resource or train-occupancy conflicts
ENG3577,SEC068,Engineering,81.7,CRITICAL,2.8,Excluded by solver due to resource or train-occupancy conflicts
ENG3581,SEC065,Engineering,62.6,HIGH,9.0,Excluded by solver due to resource or train-occupancy conflicts
ENG3585,SEC022,Engineering,32.0,LOW,1.2,Excluded by solver due to resource or train-occupancy conflicts
ENG3586,SEC021,Engineering,40.4,MEDIUM,6.4,Excluded by solver due to resource or train-occupancy conflicts
ENG3589,SEC008,Engineering,44.31,MEDIUM,7.8,Excluded by solver due to resource or train-occupancy conflicts
ENG3590,SEC038,Engineering,62.7,HIGH,9.2,Excluded by solver due to resource or train-occupancy conflicts
ENG3598,SEC013,Engineering,28.94,LOW,2.1,Excluded by solver due to resource or train-occupancy conflicts
ENG3605,SEC029,Engineering,64.8,HIGH,4.8,Excluded by solver due to resource or train-occupancy conflicts
ENG3609,SEC025,Engineering,63.27,HIGH,5.4,Excluded by solver due to resource or train-occupancy conflicts
ENG3610,SEC022,Engineering,34.0,LOW,2.4,Excluded by solver due to resource or train-occupancy conflicts
ENG3617,SEC045,Engineering,41.98,MEDIUM,7.1,Excluded by solver due to resource or train-occupancy conflicts
ENG3625,SEC074,Engineering,81.2,CRITICAL,11.1,Excluded by solver due to resource or train-occupancy conflicts
ENG3628,SEC030,Engineering,62.6,HIGH,10.8,Excluded by solver due to resource or train-occupancy conflicts
ENG3631,SEC023,Engineering,84.4,CRITICAL,8.7,Excluded by solver due to resource or train-occupancy conflicts
ENG3632,SEC065,Engineering,36.9,LOW,2.2,Excluded by solver due to resource or train-occupancy conflicts
ENG3633,SEC036,Engineering,31.8,LOW,6.9,Excluded by solver due to resource or train-occupancy conflicts
ENG3634,SEC006,Engineering,45.2,MEDIUM,5.9,Excluded by solver due to resource or train-occupancy conflicts
ENG3635,SEC058,Engineering,28.3,LOW,3.3,Excluded by solver due to resource or train-occupancy conflicts
ENG3637,SEC044,Engineering,24.0,LOW,7.9,Excluded by solver due to resource or train-occupancy conflicts
ENG3638,SEC064,Engineering,39.6,LOW,6.5,Excluded by solver due to resource or train-occupancy conflicts
ENG3639,SEC037,Engineering,85.0,CRITICAL,3.8,Excluded by solver due to resource or train-occupancy conflicts
ENG3642,SEC036,Engineering,85.6,CRITICAL,5.8,Excluded by solver due to resource or train-occupancy conflicts
ENG3646,SEC065,Engineering,61.7,HIGH,1.7,Excluded by solver due to resource or train-occupancy conflicts
ENG3647,SEC029,Engineering,63.42,HIGH,2.4,Excluded by solver due to resource or train-occupancy conflicts
ENG3650,SEC033,Engineering,64.88,HIGH,7.5,Excluded by solver due to resource or train-occupancy conflicts
ENG3651,SEC042,Engineering,38.0,LOW,11.9,Excluded by solver due to resource or train-occupancy conflicts
ENG3657,SEC057,Engineering,61.47,HIGH,11.6,Excluded by solver due to resource or train-occupancy conflicts
ENG3664,SEC003,Engineering,46.2,MEDIUM,6.8,Excluded by solver due to resource or train-occupancy conflicts
ENG3665,SEC033,Engineering,44.2,MEDIUM,10.0,Excluded by solver due to resource or train-occupancy conflicts
ENG3668,SEC004,Engineering,65.7,HIGH,4.1,Excluded by solver due to resource or train-occupancy conflicts
ENG3671,SEC001,Engineering,63.1,HIGH,7.6,Excluded by solver due to resource or train-occupancy conflicts
ENG3672,SEC004,Engineering,41.1,MEDIUM,8.2,Excluded by solver due to resource or train-occupancy conflicts
ENG3673,SEC060,Engineering,93.9,CRITICAL,5.8,Excluded by solver due to resource or train-occupancy conflicts
ENG3675,SEC014,Engineering,45.6,MEDIUM,2.6,Excluded by solver due to resource or train-occupancy conflicts
ENG3686,SEC027,Engineering,61.64,HIGH,5.7,Excluded by solver due to resource or train-occupancy conflicts
ENG3687,SEC051,Engineering,24.76,LOW,3.5,Excluded by solver due to resource or train-occupancy conflicts
ENG3688,SEC023,Engineering,45.4,MEDIUM,1.7,Excluded by solver due to resource or train-occupancy conflicts
ENG3690,SEC053,Engineering,80.79,CRITICAL,7.0,Excluded by solver due to resource or train-occupancy conflicts
ENG3691,SEC038,Engineering,30.6,LOW,1.4,Excluded by solver due to resource or train-occupancy conflicts
ENG3694,SEC002,Engineering,38.6,LOW,5.7,Excluded by solver due to resource or train-occupancy conflicts
ENG3695,SEC022,Engineering,40.4,MEDIUM,5.2,Excluded by solver due to resource or train-occupancy conflicts
ENG3697,SEC004,Engineering,84.31,CRITICAL,11.3,Excluded by solver due to resource or train-occupancy conflicts
ENG3698,SEC039,Engineering,24.7,LOW,11.9,Excluded by solver due to resource or train-occupancy conflicts
ENG3705,SEC041,Engineering,39.19,LOW,2.7,Excluded by solver due to resource or train-occupancy conflicts
ENG3717,SEC070,Engineering,61.9,HIGH,6.8,Excluded by solver due to resource or train-occupancy conflicts
ENG3719,SEC073,Engineering,61.19,HIGH,10.6,Excluded by solver due to resource or train-occupancy conflicts
ENG3721,SEC002,Engineering,63.26,HIGH,10.9,Excluded by solver due to resource or train-occupancy conflicts
ENG3727,SEC051,Engineering,62.1,HIGH,6.2,Excluded by solver due to resource or train-occupancy conflicts
ENG3729,SEC013,Engineering,40.67,MEDIUM,3.5,Excluded by solver due to resource or train-occupancy conflicts
ENG3743,SEC007,Engineering,84.41,CRITICAL,9.6,Excluded by solver due to resource or train-occupancy conflicts
ENG3745,SEC025,Engineering,42.7,MEDIUM,6.4,Excluded by solver due to resource or train-occupancy conflicts
ENG3749,SEC027,Engineering,44.1,MEDIUM,6.1,Excluded by solver due to resource or train-occupancy conflicts
ENG3750,SEC031,Engineering,97.5,CRITICAL,2.3,Excluded by solver due to resource or train-occupancy conflicts
ENG3751,SEC034,Engineering,62.5,HIGH,5.6,Excluded by solver due to resource or train-occupancy conflicts
ENG3754,SEC041,Engineering,61.78,HIGH,2.8,Excluded by solver due to resource or train-occupancy conflicts
ENG3755,SEC024,Engineering,97.4,CRITICAL,7.7,Excluded by solver due to resource or train-occupancy conflicts
ENG3756,SEC019,Engineering,40.72,MEDIUM,6.8,Excluded by solver due to resource or train-occupancy conflicts
ENG3763,SEC055,Engineering,36.4,LOW,7.8,Excluded by solver due to resource or train-occupancy conflicts
ENG3764,SEC061,Engineering,94.3,CRITICAL,8.6,Excluded by solver due to resource or train-occupancy conflicts
ENG3765,SEC031,Engineering,38.2,LOW,6.5,Excluded by solver due to resource or train-occupancy conflicts
ENG3766,SEC072,Engineering,60.8,HIGH,4.9,Excluded by solver due to resource or train-occupancy conflicts
ENG3771,SEC065,Engineering,61.9,HIGH,9.5,Excluded by solver due to resource or train-occupancy conflicts
ENG3775,SEC004,Engineering,41.67,MEDIUM,7.9,Excluded by solver due to resource or train-occupancy conflicts
ENG3786,SEC055,Engineering,28.37,LOW,4.1,Excluded by solver due to resource or train-occupancy conflicts
ENG3788,SEC031,Engineering,45.16,MEDIUM,1.4,Excluded by solver due to resource or train-occupancy conflicts
ENG3790,SEC054,Engineering,60.1,HIGH,3.8,Excluded by solver due to resource or train-occupancy conflicts
ENG3793,SEC073,Engineering,94.3,CRITICAL,1.2,Excluded by solver due to resource or train-occupancy conflicts
ENG3794,SEC058,Engineering,41.3,MEDIUM,3.5,Excluded by solver due to resource or train-occupancy conflicts
ENG3795,SEC027,Engineering,61.61,HIGH,3.0,Excluded by solver due to resource or train-occupancy conflicts
ENG3796,SEC042,Engineering,95.77,CRITICAL,6.3,Excluded by solver due to resource or train-occupancy conflicts
ENG3800,SEC068,Engineering,39.2,LOW,8.8,Excluded by solver due to resource or train-occupancy conflicts
ENG3801,SEC005,Engineering,99.1,CRITICAL,10.0,Excluded by solver due to resource or train-occupancy conflicts
ENG3802,SEC004,Engineering,97.5,CRITICAL,5.0,Excluded by solver due to resource or train-occupancy conflicts
ENG3816,SEC036,Engineering,86.0,CRITICAL,5.4,Excluded by solver due to resource or train-occupancy conflicts
ENG3819,SEC074,Engineering,81.4,CRITICAL,3.0,Excluded by solver due to resource or train-occupancy conflicts
ENG3826,SEC062,Engineering,24.29,LOW,5.9,Excluded by solver due to resource or train-occupancy conflicts
ENG3827,SEC016,Engineering,84.54,CRITICAL,5.0,Excluded by solver due to resource or train-occupancy conflicts
ENG3828,SEC002,Engineering,82.2,CRITICAL,10.6,Excluded by solver due to resource or train-occupancy conflicts
ENG3833,SEC009,Engineering,98.1,CRITICAL,4.9,Excluded by solver due to resource or train-occupancy conflicts
ENG3837,SEC042,Engineering,42.5,MEDIUM,10.0,Excluded by solver due to resource or train-occupancy conflicts
ENG3839,SEC027,Engineering,37.7,LOW,5.8,Excluded by solver due to resource or train-occupancy conflicts
ENG3846,SEC060,Engineering,24.5,LOW,9.2,Excluded by solver due to resource or train-occupancy conflicts
ENG3847,SEC022,Engineering,38.71,LOW,6.2,Excluded by solver due to resource or train-occupancy conflicts
ENG3853,SEC024,Engineering,65.6,HIGH,6.6,Excluded by solver due to resource or train-occupancy conflicts
ENG3855,SEC061,Engineering,25.5,LOW,6.6,Excluded by solver due to resource or train-occupancy conflicts
ENG3858,SEC023,Engineering,98.03,CRITICAL,10.4,Excluded by solver due to resource or train-occupancy conflicts
ENG3869,SEC055,Engineering,80.09,CRITICAL,9.3,Excluded by solver due to resource or train-occupancy conflicts
ENG3874,SEC052,Engineering,61.7,HIGH,10.3,Excluded by solver due to resource or train-occupancy conflicts
ENG3877,SEC064,Engineering,81.0,CRITICAL,5.0,Excluded by solver due to resource or train-occupancy conflicts
ENG3883,SEC003,Engineering,63.7,HIGH,9.6,Excluded by solver due to resource or train-occupancy conflicts
ENG3884,SEC009,Engineering,84.39,CRITICAL,4.9,Excluded by solver due to resource or train-occupancy conflicts
ENG3887,SEC055,Engineering,32.5,LOW,8.6,Excluded by solver due to resource or train-occupancy conflicts
ENG3890,SEC067,Engineering,37.54,LOW,9.5,Excluded by solver due to resource or train-occupancy conflicts
ENG3892,SEC055,Engineering,81.3,CRITICAL,9.0,Excluded by solver due to resource or train-occupancy conflicts
ENG3894,SEC029,Engineering,64.2,HIGH,6.8,Excluded by solver due to resource or train-occupancy conflicts
ENG3898,SEC006,Engineering,84.8,CRITICAL,7.2,Excluded by solver due to resource or train-occupancy conflicts
ENG3908,SEC069,Engineering,81.0,CRITICAL,8.6,Excluded by solver due to resource or train-occupancy conflicts
ENG3909,SEC017,Engineering,43.2,MEDIUM,6.5,Excluded by solver due to resource or train-occupancy conflicts
ENG3915,SEC015,Engineering,41.59,MEDIUM,4.3,Excluded by solver due to resource or train-occupancy conflicts
ENG3918,SEC060,Engineering,59.3,MEDIUM,9.4,Excluded by solver due to resource or train-occupancy conflicts
ENG3925,SEC033,Engineering,63.9,HIGH,9.3,Excluded by solver due to resource or train-occupancy conflicts
ENG3930,SEC009,Engineering,63.4,HIGH,4.8,Excluded by solver due to resource or train-occupancy conflicts
ENG3931,SEC051,Engineering,61.7,HIGH,6.4,Excluded by solver due to resource or train-occupancy conflicts
ENG3933,SEC012,Engineering,64.3,HIGH,5.5,Excluded by solver due to resource or train-occupancy conflicts
ENG3934,SEC047,Engineering,61.96,HIGH,11.4,Excluded by solver due to resource or train-occupancy conflicts
ENG3947,SEC036,Engineering,99.4,CRITICAL,6.1,Excluded by solver due to resource or train-occupancy conflicts
ENG3960,SEC011,Engineering,85.49,CRITICAL,9.8,Excluded by solver due to resource or train-occupancy conflicts
ENG3964,SEC024,Engineering,40.03,MEDIUM,3.4,Excluded by solver due to resource or train-occupancy conflicts
ENG3966,SEC066,Engineering,30.0,LOW,9.8,Excluded by solver due to resource or train-occupancy conflicts
ENG3967,SEC064,Engineering,80.31,CRITICAL,5.6,Excluded by solver due to resource or train-occupancy conflicts
ENG3968,SEC009,Engineering,65.7,HIGH,11.1,Excluded by solver due to resource or train-occupancy conflicts
ENG3970,SEC011,Engineering,40.3,MEDIUM,2.0,Excluded by solver due to resource or train-occupancy conflicts
ENG3975,SEC031,Engineering,63.52,HIGH,4.1,Excluded by solver due to resource or train-occupancy conflicts
ENG3976,SEC060,Engineering,94.6,CRITICAL,11.9,Excluded by solver due to resource or train-occupancy conflicts
ENG3983,SEC010,Engineering,25.6,LOW,4.3,Excluded by solver due to resource or train-occupancy conflicts
ENG3985,SEC050,Engineering,59.48,MEDIUM,11.3,Excluded by solver due to resource or train-occupancy conflicts
ENG3988,SEC073,Engineering,60.5,HIGH,2.7,Excluded by solver due to resource or train-occupancy conflicts
ENG3989,SEC005,Engineering,64.0,HIGH,8.0,Excluded by solver due to resource or train-occupancy conflicts
ENG3990,SEC043,Engineering,96.42,CRITICAL,3.5,Excluded by solver due to resource or train-occupancy conflicts
ENG3991,SEC004,Engineering,63.2,HIGH,11.9,Excluded by solver due to resource or train-occupancy conflicts
ENG3992,SEC072,Engineering,36.05,LOW,11.0,Excluded by solver due to resource or train-occupancy conflicts
ENG4000,SEC050,Engineering,61.58,HIGH,10.8,Excluded by solver due to resource or train-occupancy conflicts
TRC0005,SEC066,Traction,95.25,CRITICAL,11.5,Excluded by solver due to resource or train-occupancy conflicts
TRC0008,SEC065,Traction,40.58,MEDIUM,9.1,Excluded by solver due to resource or train-occupancy conflicts
TRC0009,SEC068,Traction,60.9,HIGH,7.0,Excluded by solver due to resource or train-occupancy conflicts
TRC0011,SEC039,Traction,37.62,LOW,6.3,Excluded by solver due to resource or train-occupancy conflicts
TRC0019,SEC025,Traction,98.4,CRITICAL,4.4,Excluded by solver due to resource or train-occupancy conflicts
TRC0024,SEC044,Traction,62.51,HIGH,2.7,Excluded by solver due to resource or train-occupancy conflicts
TRC0025,SEC020,Traction,82.28,CRITICAL,4.6,Excluded by solver due to resource or train-occupancy conflicts
TRC0028,SEC059,Traction,59.3,MEDIUM,9.5,Excluded by solver due to resource or train-occupancy conflicts
TRC0031,SEC046,Traction,42.59,MEDIUM,3.4,Excluded by solver due to resource or train-occupancy conflicts
TRC0043,SEC014,Traction,64.9,HIGH,8.2,Excluded by solver due to resource or train-occupancy conflicts
TRC0045,SEC037,Traction,64.9,HIGH,2.9,Excluded by solver due to resource or train-occupancy conflicts
TRC0047,SEC005,Traction,44.74,MEDIUM,9.2,Excluded by solver due to resource or train-occupancy conflicts
TRC0051,SEC056,Traction,39.5,LOW,8.3,Excluded by solver due to resource or train-occupancy conflicts
TRC0052,SEC020,Traction,25.3,LOW,1.9,Excluded by solver due to resource or train-occupancy conflicts
TRC0056,SEC066,Traction,81.19,CRITICAL,7.1,Excluded by solver due to resource or train-occupancy conflicts
TRC0060,SEC038,Traction,97.8,CRITICAL,4.9,Excluded by solver due to resource or train-occupancy conflicts
TRC0065,SEC001,Traction,65.02,HIGH,1.7,Excluded by solver due to resource or train-occupancy conflicts
TRC0069,SEC005,Traction,85.9,CRITICAL,3.9,Excluded by solver due to resource or train-occupancy conflicts
TRC0077,SEC058,Traction,61.37,HIGH,9.0,Excluded by solver due to resource or train-occupancy conflicts
TRC0084,SEC028,Traction,67.0,HIGH,5.6,Excluded by solver due to resource or train-occupancy conflicts
TRC0085,SEC041,Traction,61.75,HIGH,6.8,Excluded by solver due to resource or train-occupancy conflicts
TRC0086,SEC062,Traction,60.4,HIGH,2.0,Excluded by solver due to resource or train-occupancy conflicts
TRC0096,SEC047,Traction,80.8,CRITICAL,2.8,Excluded by solver due to resource or train-occupancy conflicts
TRC0097,SEC006,Traction,64.5,HIGH,10.4,Excluded by solver due to resource or train-occupancy conflicts
TRC0101,SEC073,Traction,80.21,CRITICAL,1.3,Excluded by solver due to resource or train-occupancy conflicts
TRC0114,SEC061,Traction,37.66,LOW,10.5,Excluded by solver due to resource or train-occupancy conflicts
TRC0115,SEC005,Traction,29.0,LOW,11.5,Excluded by solver due to resource or train-occupancy conflicts
TRC0126,SEC004,Traction,45.7,MEDIUM,3.3,Excluded by solver due to resource or train-occupancy conflicts
TRC0128,SEC003,Traction,42.69,MEDIUM,3.4,Excluded by solver due to resource or train-occupancy conflicts
TRC0130,SEC073,Traction,60.3,HIGH,4.7,Excluded by solver due to resource or train-occupancy conflicts
TRC0131,SEC022,Traction,83.39,CRITICAL,10.9,Excluded by solver due to resource or train-occupancy conflicts
TRC0134,SEC073,Traction,80.0,HIGH,9.7,Excluded by solver due to resource or train-occupancy conflicts
TRC0140,SEC042,Traction,61.97,HIGH,10.2,Excluded by solver due to resource or train-occupancy conflicts
TRC0143,SEC007,Traction,32.2,LOW,7.8,Excluded by solver due to resource or train-occupancy conflicts
TRC0148,SEC011,Traction,84.8,CRITICAL,8.5,Excluded by solver due to resource or train-occupancy conflicts
TRC0150,SEC068,Traction,44.15,MEDIUM,4.9,Excluded by solver due to resource or train-occupancy conflicts
TRC0151,SEC071,Traction,25.5,LOW,9.8,Excluded by solver due to resource or train-occupancy conflicts
TRC0153,SEC074,Traction,36.4,LOW,4.9,Excluded by solver due to resource or train-occupancy conflicts
TRC0155,SEC020,Traction,96.7,CRITICAL,1.9,Excluded by solver due to resource or train-occupancy conflicts
TRC0157,SEC067,Traction,35.86,LOW,2.4,Excluded by solver due to resource or train-occupancy conflicts
TRC0162,SEC021,Traction,63.5,HIGH,3.9,Excluded by solver due to resource or train-occupancy conflicts
TRC0165,SEC042,Traction,36.5,LOW,5.9,Excluded by solver due to resource or train-occupancy conflicts
TRC0168,SEC024,Traction,40.1,MEDIUM,7.7,Excluded by solver due to resource or train-occupancy conflicts
TRC0171,SEC072,Traction,40.0,LOW,1.4,Excluded by solver due to resource or train-occupancy conflicts
TRC0177,SEC035,Traction,65.02,HIGH,4.3,Excluded by solver due to resource or train-occupancy conflicts
TRC0182,SEC059,Traction,61.22,HIGH,11.4,Excluded by solver due to resource or train-occupancy conflicts
TRC0188,SEC061,Traction,37.0,LOW,8.1,Excluded by solver due to resource or train-occupancy conflicts
TRC0190,SEC031,Traction,43.7,MEDIUM,8.7,Excluded by solver due to resource or train-occupancy conflicts
TRC0191,SEC012,Traction,41.03,MEDIUM,4.2,Excluded by solver due to resource or train-occupancy conflicts
TRC0193,SEC057,Traction,63.33,HIGH,6.8,Excluded by solver due to resource or train-occupancy conflicts
TRC0205,SEC021,Traction,84.5,CRITICAL,2.7,Excluded by solver due to resource or train-occupancy conflicts
TRC0207,SEC019,Traction,44.8,MEDIUM,3.8,Excluded by solver due to resource or train-occupancy conflicts
TRC0217,SEC048,Traction,61.68,HIGH,3.9,Excluded by solver due to resource or train-occupancy conflicts
TRC0219,SEC038,Traction,64.9,HIGH,4.8,Excluded by solver due to resource or train-occupancy conflicts
TRC0220,SEC018,Traction,98.1,CRITICAL,5.4,Excluded by solver due to resource or train-occupancy conflicts
TRC0232,SEC041,Traction,39.5,LOW,4.9,Excluded by solver due to resource or train-occupancy conflicts
TRC0249,SEC064,Traction,61.55,HIGH,3.5,Excluded by solver due to resource or train-occupancy conflicts
TRC0255,SEC019,Traction,28.9,LOW,4.4,Excluded by solver due to resource or train-occupancy conflicts
TRC0258,SEC057,Traction,62.09,HIGH,1.4,Excluded by solver due to resource or train-occupancy conflicts
TRC0265,SEC049,Traction,82.3,CRITICAL,10.1,Excluded by solver due to resource or train-occupancy conflicts
TRC0268,SEC027,Traction,82.7,CRITICAL,5.2,Excluded by solver due to resource or train-occupancy conflicts
TRC0280,SEC063,Traction,59.3,MEDIUM,6.2,Excluded by solver due to resource or train-occupancy conflicts
TRC0283,SEC018,Traction,42.8,MEDIUM,6.6,Excluded by solver due to resource or train-occupancy conflicts
TRC0288,SEC018,Traction,44.4,MEDIUM,11.0,Excluded by solver due to resource or train-occupancy conflicts
TRC0293,SEC014,Traction,40.3,MEDIUM,10.5,Excluded by solver due to resource or train-occupancy conflicts
TRC0303,SEC035,Traction,39.9,LOW,2.7,Excluded by solver due to resource or train-occupancy conflicts
TRC0348,SEC046,Traction,38.1,LOW,10.0,Excluded by solver due to resource or train-occupancy conflicts
TRC0350,SEC057,Traction,27.8,LOW,3.5,Excluded by solver due to resource or train-occupancy conflicts
TRC0353,SEC009,Traction,64.83,HIGH,3.8,Excluded by solver due to resource or train-occupancy conflicts
TRC0354,SEC070,Traction,95.0,CRITICAL,5.2,Excluded by solver due to resource or train-occupancy conflicts
TRC0358,SEC007,Traction,65.8,HIGH,6.0,Excluded by solver due to resource or train-occupancy conflicts
TRC0365,SEC014,Traction,63.8,HIGH,4.8,Excluded by solver due to resource or train-occupancy conflicts
TRC0368,SEC057,Traction,42.35,MEDIUM,7.9,Excluded by solver due to resource or train-occupancy conflicts
TRC0381,SEC030,Traction,64.2,HIGH,10.6,Excluded by solver due to resource or train-occupancy conflicts
TRC0382,SEC061,Traction,59.98,MEDIUM,9.0,Excluded by solver due to resource or train-occupancy conflicts
TRC0384,SEC011,Traction,41.1,MEDIUM,11.5,Excluded by solver due to resource or train-occupancy conflicts
TRC0388,SEC034,Traction,62.35,HIGH,8.0,Excluded by solver due to resource or train-occupancy conflicts
TRC0393,SEC065,Traction,62.96,HIGH,4.1,Excluded by solver due to resource or train-occupancy conflicts
TRC0394,SEC056,Traction,38.62,LOW,3.6,Excluded by solver due to resource or train-occupancy conflicts
TRC0398,SEC024,Traction,38.71,LOW,4.5,Excluded by solver due to resource or train-occupancy conflicts
TRC0404,SEC016,Traction,64.4,HIGH,4.5,Excluded by solver due to resource or train-occupancy conflicts
TRC0407,SEC068,Traction,37.6,LOW,5.9,Excluded by solver due to resource or train-occupancy conflicts
TRC0411,SEC011,Traction,63.1,HIGH,6.4,Excluded by solver due to resource or train-occupancy conflicts
TRC0415,SEC041,Traction,27.7,LOW,9.1,Excluded by solver due to resource or train-occupancy conflicts
TRC0423,SEC005,Traction,99.5,CRITICAL,9.0,Excluded by solver due to resource or train-occupancy conflicts
TRC0424,SEC003,Traction,99.0,CRITICAL,1.5,Excluded by solver due to resource or train-occupancy conflicts
TRC0427,SEC047,Traction,42.3,MEDIUM,11.9,Excluded by solver due to resource or train-occupancy conflicts
TRC0437,SEC011,Traction,85.44,CRITICAL,1.9,Excluded by solver due to resource or train-occupancy conflicts
TRC0450,SEC075,Traction,80.6,CRITICAL,5.6,Excluded by solver due to resource or train-occupancy conflicts
TRC0452,SEC026,Traction,27.7,LOW,8.2,Excluded by solver due to resource or train-occupancy conflicts
TRC0453,SEC011,Traction,66.6,HIGH,8.3,Excluded by solver due to resource or train-occupancy conflicts
TRC0457,SEC065,Traction,82.7,CRITICAL,7.1,Excluded by solver due to resource or train-occupancy conflicts
TRC0458,SEC013,Traction,65.8,HIGH,6.1,Excluded by solver due to resource or train-occupancy conflicts
TRC0462,SEC009,Traction,84.5,CRITICAL,1.1,Excluded by solver due to resource or train-occupancy conflicts
TRC0463,SEC017,Traction,82.6,CRITICAL,10.2,Excluded by solver due to resource or train-occupancy conflicts
TRC0464,SEC014,Traction,84.49,CRITICAL,8.8,Excluded by solver due to resource or train-occupancy conflicts
TRC0465,SEC052,Traction,42.81,MEDIUM,7.5,Excluded by solver due to resource or train-occupancy conflicts
TRC0467,SEC041,Traction,36.42,LOW,6.5,Excluded by solver due to resource or train-occupancy conflicts
TRC0469,SEC040,Traction,81.2,CRITICAL,11.2,Excluded by solver due to resource or train-occupancy conflicts
TRC0473,SEC030,Traction,64.82,HIGH,8.9,Excluded by solver due to resource or train-occupancy conflicts
TRC0478,SEC063,Traction,38.97,LOW,6.1,Excluded by solver due to resource or train-occupancy conflicts
TRC0482,SEC051,Traction,40.2,MEDIUM,11.3,Excluded by solver due to resource or train-occupancy conflicts
TRC0485,SEC054,Traction,59.46,MEDIUM,7.5,Excluded by solver due to resource or train-occupancy conflicts
TRC0488,SEC070,Traction,60.6,HIGH,8.4,Excluded by solver due to resource or train-occupancy conflicts
TRC0496,SEC005,Traction,46.0,MEDIUM,6.1,Excluded by solver due to resource or train-occupancy conflicts
TRC0505,SEC026,Traction,44.32,MEDIUM,6.2,Excluded by solver due to resource or train-occupancy conflicts
TRC0507,SEC073,Traction,80.85,CRITICAL,2.5,Excluded by solver due to resource or train-occupancy conflicts
TRC0508,SEC042,Traction,61.1,HIGH,5.6,Excluded by solver due to resource or train-occupancy conflicts
TRC0512,SEC072,Traction,24.6,LOW,8.8,Excluded by solver due to resource or train-occupancy conflicts
TRC0514,SEC073,Traction,60.22,HIGH,7.8,Excluded by solver due to resource or train-occupancy conflicts
TRC0523,SEC021,Traction,40.64,MEDIUM,1.3,Excluded by solver due to resource or train-occupancy conflicts
TRC0524,SEC016,Traction,41.4,MEDIUM,9.1,Excluded by solver due to resource or train-occupancy conflicts
TRC0527,SEC025,Traction,85.2,CRITICAL,8.7,Excluded by solver due to resource or train-occupancy conflicts
TRC0530,SEC012,Traction,97.7,CRITICAL,8.5,Excluded by solver due to resource or train-occupancy conflicts
TRC0537,SEC039,Traction,38.2,LOW,8.0,Excluded by solver due to resource or train-occupancy conflicts
TRC0549,SEC053,Traction,80.4,CRITICAL,1.2,Excluded by solver due to resource or train-occupancy conflicts
TRC0550,SEC067,Traction,61.82,HIGH,4.8,Excluded by solver due to resource or train-occupancy conflicts
TRC0552,SEC044,Traction,64.1,HIGH,7.3,Excluded by solver due to resource or train-occupancy conflicts
TRC0554,SEC052,Traction,94.2,CRITICAL,3.0,Excluded by solver due to resource or train-occupancy conflicts
TRC0557,SEC020,Traction,62.0,HIGH,5.9,Excluded by solver due to resource or train-occupancy conflicts
TRC0558,SEC043,Traction,44.3,MEDIUM,2.1,Excluded by solver due to resource or train-occupancy conflicts
TRC0562,SEC034,Traction,83.2,CRITICAL,5.9,Excluded by solver due to resource or train-occupancy conflicts
TRC0563,SEC053,Traction,42.99,MEDIUM,4.4,Excluded by solver due to resource or train-occupancy conflicts
TRC0566,SEC074,Traction,42.62,MEDIUM,10.9,Excluded by solver due to resource or train-occupancy conflicts
TRC0572,SEC003,Traction,84.5,CRITICAL,11.2,Excluded by solver due to resource or train-occupancy conflicts
TRC0574,SEC036,Traction,29.33,LOW,10.7,Excluded by solver due to resource or train-occupancy conflicts
TRC0577,SEC032,Traction,83.7,CRITICAL,11.0,Excluded by solver due to resource or train-occupancy conflicts
TRC0578,SEC063,Traction,37.8,LOW,11.3,Excluded by solver due to resource or train-occupancy conflicts
TRC0584,SEC016,Traction,34.7,LOW,11.5,Excluded by solver due to resource or train-occupancy conflicts
TRC0585,SEC006,Traction,31.2,LOW,5.0,Excluded by solver due to resource or train-occupancy conflicts
TRC0586,SEC048,Traction,60.2,HIGH,9.9,Excluded by solver due to resource or train-occupancy conflicts
TRC0587,SEC019,Traction,66.5,HIGH,1.5,Excluded by solver due to resource or train-occupancy conflicts
TRC0588,SEC046,Traction,39.52,LOW,11.2,Excluded by solver due to resource or train-occupancy conflicts
TRC0589,SEC027,Traction,96.67,CRITICAL,5.3,Excluded by solver due to resource or train-occupancy conflicts
TRC0591,SEC030,Traction,42.2,MEDIUM,1.6,Excluded by solver due to resource or train-occupancy conflicts
TRC0601,SEC004,Traction,65.7,HIGH,1.7,Excluded by solver due to resource or train-occupancy conflicts
TRC0602,SEC010,Traction,98.46,CRITICAL,3.7,Excluded by solver due to resource or train-occupancy conflicts
TRC0611,SEC026,Traction,84.9,CRITICAL,11.8,Excluded by solver due to resource or train-occupancy conflicts
TRC0628,SEC003,Traction,66.3,HIGH,9.0,Excluded by solver due to resource or train-occupancy conflicts
TRC0635,SEC066,Traction,62.61,HIGH,2.3,Excluded by solver due to resource or train-occupancy conflicts
TRC0636,SEC018,Traction,84.5,CRITICAL,9.7,Excluded by solver due to resource or train-occupancy conflicts
TRC0638,SEC060,Traction,20.5,LOW,6.9,Excluded by solver due to resource or train-occupancy conflicts
TRC0647,SEC032,Traction,26.3,LOW,7.1,Excluded by solver due to resource or train-occupancy conflicts
TRC0648,SEC039,Traction,64.8,HIGH,10.3,Excluded by solver due to resource or train-occupancy conflicts
TRC0653,SEC044,Traction,39.1,LOW,12.0,Excluded by solver due to resource or train-occupancy conflicts
TRC0657,SEC073,Traction,59.8,MEDIUM,4.4,Excluded by solver due to resource or train-occupancy conflicts
TRC0669,SEC075,Traction,79.9,HIGH,1.1,Excluded by solver due to resource or train-occupancy conflicts
TRC0672,SEC050,Traction,79.7,HIGH,7.3,Excluded by solver due to resource or train-occupancy conflicts
TRC0678,SEC061,Traction,81.3,CRITICAL,9.9,Excluded by solver due to resource or train-occupancy conflicts
TRC0684,SEC070,Traction,61.9,HIGH,4.4,Excluded by solver due to resource or train-occupancy conflicts
TRC0694,SEC064,Traction,81.01,CRITICAL,10.3,Excluded by solver due to resource or train-occupancy conflicts
TRC0697,SEC032,Traction,41.3,MEDIUM,1.8,Excluded by solver due to resource or train-occupancy conflicts
TRC0706,SEC073,Traction,60.23,HIGH,10.9,Excluded by solver due to resource or train-occupancy conflicts
TRC0710,SEC026,Traction,40.7,MEDIUM,9.1,Excluded by solver due to resource or train-occupancy conflicts
TRC0711,SEC061,Traction,60.69,HIGH,6.1,Excluded by solver due to resource or train-occupancy conflicts
TRC0713,SEC058,Traction,81.41,CRITICAL,9.6,Excluded by solver due to resource or train-occupancy conflicts
TRC0718,SEC064,Traction,62.2,HIGH,3.6,Excluded by solver due to resource or train-occupancy conflicts
TRC0719,SEC033,Traction,27.52,LOW,7.6,Excluded by solver due to resource or train-occupancy conflicts
TRC0720,SEC048,Traction,36.3,LOW,5.3,Excluded by solver due to resource or train-occupancy conflicts
TRC0728,SEC008,Traction,85.0,CRITICAL,1.9,Excluded by solver due to resource or train-occupancy conflicts
TRC0746,SEC025,Traction,63.1,HIGH,6.1,Excluded by solver due to resource or train-occupancy conflicts
TRC0750,SEC008,Traction,35.4,LOW,8.8,Excluded by solver due to resource or train-occupancy conflicts
TRC0753,SEC059,Traction,60.6,HIGH,10.1,Excluded by solver due to resource or train-occupancy conflicts
TRC0754,SEC059,Traction,94.2,CRITICAL,7.8,Excluded by solver due to resource or train-occupancy conflicts
TRC0757,SEC004,Traction,62.4,HIGH,10.9,Excluded by solver due to resource or train-occupancy conflicts
TRC0765,SEC020,Traction,39.2,LOW,5.0,Excluded by solver due to resource or train-occupancy conflicts
TRC0768,SEC022,Traction,82.95,CRITICAL,9.4,Excluded by solver due to resource or train-occupancy conflicts
TRC0773,SEC032,Traction,64.04,HIGH,9.9,Excluded by solver due to resource or train-occupancy conflicts
TRC0781,SEC059,Traction,61.3,HIGH,3.2,Excluded by solver due to resource or train-occupancy conflicts
TRC0793,SEC014,Traction,45.6,MEDIUM,9.0,Excluded by solver due to resource or train-occupancy conflicts
TRC0804,SEC026,Traction,27.7,LOW,8.2,Excluded by solver due to resource or train-occupancy conflicts
TRC0805,SEC022,Traction,83.6,CRITICAL,4.4,Excluded by solver due to resource or train-occupancy conflicts
TRC0809,SEC003,Traction,84.7,CRITICAL,2.7,Excluded by solver due to resource or train-occupancy conflicts
TRC0811,SEC033,Traction,64.1,HIGH,9.8,Excluded by solver due to resource or train-occupancy conflicts
TRC0819,SEC075,Traction,81.4,CRITICAL,9.9,Excluded by solver due to resource or train-occupancy conflicts
TRC0823,SEC063,Traction,61.04,HIGH,6.4,Excluded by solver due to resource or train-occupancy conflicts
TRC0829,SEC002,Traction,61.2,HIGH,5.9,Excluded by solver due to resource or train-occupancy conflicts
TRC0831,SEC009,Traction,62.12,HIGH,3.4,Excluded by solver due to resource or train-occupancy conflicts
TRC0843,SEC037,Traction,64.04,HIGH,6.7,Excluded by solver due to resource or train-occupancy conflicts
TRC0845,SEC055,Traction,59.2,MEDIUM,4.8,Excluded by solver due to resource or train-occupancy conflicts
TRC0848,SEC075,Traction,40.0,MEDIUM,3.9,Excluded by solver due to resource or train-occupancy conflicts
TRC0866,SEC043,Traction,63.2,HIGH,4.0,Excluded by solver due to resource or train-occupancy conflicts
TRC0867,SEC068,Traction,81.15,CRITICAL,9.1,Excluded by solver due to resource or train-occupancy conflicts
TRC0869,SEC003,Traction,64.01,HIGH,6.0,Excluded by solver due to resource or train-occupancy conflicts
TRC0871,SEC046,Traction,61.05,HIGH,3.4,Excluded by solver due to resource or train-occupancy conflicts
TRC0874,SEC065,Traction,38.4,LOW,6.6,Excluded by solver due to resource or train-occupancy conflicts
TRC0875,SEC015,Traction,65.0,HIGH,1.0,Excluded by solver due to resource or train-occupancy conflicts
TRC0878,SEC035,Traction,99.1,CRITICAL,3.2,Excluded by solver due to resource or train-occupancy conflicts
TRC0879,SEC067,Traction,61.9,HIGH,1.6,Excluded by solver due to resource or train-occupancy conflicts
TRC0880,SEC014,Traction,42.08,MEDIUM,5.3,Excluded by solver due to resource or train-occupancy conflicts
TRC0887,SEC015,Traction,26.7,LOW,9.1,Excluded by solver due to resource or train-occupancy conflicts
TRC0888,SEC053,Traction,80.4,CRITICAL,4.1,Excluded by solver due to resource or train-occupancy conflicts
TRC0900,SEC047,Traction,80.61,CRITICAL,10.2,Excluded by solver due to resource or train-occupancy conflicts
TRC0903,SEC035,Traction,65.16,HIGH,3.4,Excluded by solver due to resource or train-occupancy conflicts
TRC0906,SEC019,Traction,65.6,HIGH,5.0,Excluded by solver due to resource or train-occupancy conflicts
TRC0910,SEC046,Traction,81.6,CRITICAL,5.8,Excluded by solver due to resource or train-occupancy conflicts
TRC0912,SEC046,Traction,36.6,LOW,7.4,Excluded by solver due to resource or train-occupancy conflicts
TRC0915,SEC010,Traction,39.41,LOW,5.2,Excluded by solver due to resource or train-occupancy conflicts
TRC0916,SEC075,Traction,61.9,HIGH,8.8,Excluded by solver due to resource or train-occupancy conflicts
TRC0935,SEC012,Traction,40.2,MEDIUM,10.4,Excluded by solver due to resource or train-occupancy conflicts
TRC0937,SEC022,Traction,65.0,HIGH,6.8,Excluded by solver due to resource or train-occupancy conflicts
TRC0938,SEC033,Traction,39.7,LOW,5.2,Excluded by solver due to resource or train-occupancy conflicts
TRC0941,SEC057,Traction,96.1,CRITICAL,7.5,Excluded by solver due to resource or train-occupancy conflicts
TRC0943,SEC046,Traction,25.29,LOW,2.9,Excluded by solver due to resource or train-occupancy conflicts
TRC0948,SEC021,Traction,41.08,MEDIUM,4.1,Excluded by solver due to resource or train-occupancy conflicts
TRC0949,SEC011,Traction,44.3,MEDIUM,1.6,Excluded by solver due to resource or train-occupancy conflicts
TRC0950,SEC051,Traction,39.11,LOW,5.5,Excluded by solver due to resource or train-occupancy conflicts
TRC0952,SEC015,Traction,98.4,CRITICAL,10.2,Excluded by solver due to resource or train-occupancy conflicts
TRC0954,SEC040,Traction,38.2,LOW,7.6,Excluded by solver due to resource or train-occupancy conflicts
TRC0970,SEC005,Traction,85.3,CRITICAL,3.0,Excluded by solver due to resource or train-occupancy conflicts
TRC0973,SEC013,Traction,43.9,MEDIUM,3.1,Excluded by solver due to resource or train-occupancy conflicts
TRC0976,SEC044,Traction,61.68,HIGH,2.3,Excluded by solver due to resource or train-occupancy conflicts
TRC0984,SEC057,Traction,62.97,HIGH,7.2,Excluded by solver due to resource or train-occupancy conflicts
TRC0985,SEC019,Traction,34.54,LOW,9.4,Excluded by solver due to resource or train-occupancy conflicts
TRC0987,SEC063,Traction,36.31,LOW,8.6,Excluded by solver due to resource or train-occupancy conflicts
TRC0991,SEC048,Traction,62.5,HIGH,11.8,Excluded by solver due to resource or train-occupancy conflicts
TRC0992,SEC027,Traction,82.0,CRITICAL,6.5,Excluded by solver due to resource or train-occupancy conflicts
TRC0994,SEC045,Traction,95.31,CRITICAL,5.9,Excluded by solver due to resource or train-occupancy conflicts
TRC1002,SEC055,Traction,42.6,MEDIUM,1.0,Excluded by solver due to resource or train-occupancy conflicts
TRC1008,SEC061,Traction,39.19,LOW,1.7,Excluded by solver due to resource or train-occupancy conflicts
TRC1013,SEC053,Traction,59.99,MEDIUM,8.5,Excluded by solver due to resource or train-occupancy conflicts
TRC1015,SEC026,Traction,98.63,CRITICAL,5.6,Excluded by solver due to resource or train-occupancy conflicts
TRC1023,SEC050,Traction,81.4,CRITICAL,7.8,Excluded by solver due to resource or train-occupancy conflicts
TRC1024,SEC045,Traction,80.9,CRITICAL,9.1,Excluded by solver due to resource or train-occupancy conflicts
TRC1028,SEC032,Traction,83.2,CRITICAL,4.9,Excluded by solver due to resource or train-occupancy conflicts
TRC1037,SEC052,Traction,61.3,HIGH,9.3,Excluded by solver due to resource or train-occupancy conflicts
TRC1040,SEC007,Traction,33.7,LOW,6.0,Excluded by solver due to resource or train-occupancy conflicts
TRC1044,SEC043,Traction,61.2,HIGH,3.1,Excluded by solver due to resource or train-occupancy conflicts
TRC1045,SEC065,Traction,61.77,HIGH,3.6,Excluded by solver due to resource or train-occupancy conflicts
TRC1057,SEC074,Traction,41.5,MEDIUM,2.7,Excluded by solver due to resource or train-occupancy conflicts
TRC1058,SEC042,Traction,60.9,HIGH,9.3,Excluded by solver due to resource or train-occupancy conflicts
TRC1059,SEC008,Traction,27.7,LOW,9.6,Excluded by solver due to resource or train-occupancy conflicts
TRC1060,SEC055,Traction,61.2,HIGH,2.0,Excluded by solver due to resource or train-occupancy conflicts
TRC1062,SEC030,Traction,65.5,HIGH,3.4,Excluded by solver due to resource or train-occupancy conflicts
TRC1077,SEC041,Traction,40.83,MEDIUM,2.6,Excluded by solver due to resource or train-occupancy conflicts
TRC1079,SEC067,Traction,62.6,HIGH,2.0,Excluded by solver due to resource or train-occupancy conflicts
TRC1082,SEC006,Traction,65.8,HIGH,1.3,Excluded by solver due to resource or train-occupancy conflicts
TRC1085,SEC030,Traction,42.2,MEDIUM,3.2,Excluded by solver due to resource or train-occupancy conflicts
TRC1087,SEC032,Traction,61.5,HIGH,2.2,Excluded by solver due to resource or train-occupancy conflicts
TRC1091,SEC002,Traction,27.47,LOW,11.8,Excluded by solver due to resource or train-occupancy conflicts
TRC1096,SEC054,Traction,30.2,LOW,3.2,Excluded by solver due to resource or train-occupancy conflicts
TRC1102,SEC074,Traction,41.9,MEDIUM,2.1,Excluded by solver due to resource or train-occupancy conflicts
TRC1107,SEC066,Traction,61.4,HIGH,5.5,Excluded by solver due to resource or train-occupancy conflicts
TRC1118,SEC040,Traction,82.1,CRITICAL,9.6,Excluded by solver due to resource or train-occupancy conflicts
TRC1126,SEC048,Traction,62.9,HIGH,5.5,Excluded by solver due to resource or train-occupancy conflicts
TRC1128,SEC058,Traction,40.9,MEDIUM,10.7,Excluded by solver due to resource or train-occupancy conflicts
TRC1133,SEC013,Traction,25.1,LOW,2.1,Excluded by solver due to resource or train-occupancy conflicts
TRC1150,SEC071,Traction,80.9,CRITICAL,10.6,Excluded by solver due to resource or train-occupancy conflicts
TRC1153,SEC012,Traction,64.1,HIGH,5.5,Excluded by solver due to resource or train-occupancy conflicts
TRC1161,SEC017,Traction,29.9,LOW,6.5,Excluded by solver due to resource or train-occupancy conflicts
TRC1164,SEC056,Traction,42.2,MEDIUM,1.2,Excluded by solver due to resource or train-occupancy conflicts
TRC1165,SEC010,Traction,40.0,MEDIUM,2.8,Excluded by solver due to resource or train-occupancy conflicts
TRC1173,SEC027,Traction,82.7,CRITICAL,4.5,Excluded by solver due to resource or train-occupancy conflicts
TRC1174,SEC072,Traction,38.48,LOW,1.4,Excluded by solver due to resource or train-occupancy conflicts
TRC1179,SEC005,Traction,85.3,CRITICAL,9.2,Excluded by solver due to resource or train-occupancy conflicts
TRC1183,SEC019,Traction,84.69,CRITICAL,6.1,Excluded by solver due to resource or train-occupancy conflicts
TRC1184,SEC055,Traction,94.46,CRITICAL,4.8,Excluded by solver due to resource or train-occupancy conflicts
TRC1191,SEC031,Traction,64.77,HIGH,11.6,Excluded by solver due to resource or train-occupancy conflicts
TRC1193,SEC023,Traction,24.7,LOW,9.4,Excluded by solver due to resource or train-occupancy conflicts
TRC1194,SEC073,Traction,36.0,LOW,8.4,Excluded by solver due to resource or train-occupancy conflicts
TRC1197,SEC061,Traction,61.65,HIGH,11.6,Excluded by solver due to resource or train-occupancy conflicts
TRC1198,SEC004,Traction,27.46,LOW,10.7,Excluded by solver due to resource or train-occupancy conflicts
TRC1205,SEC011,Traction,66.0,HIGH,1.5,Excluded by solver due to resource or train-occupancy conflicts
TRC1214,SEC013,Traction,65.7,HIGH,4.5,Excluded by solver due to resource or train-occupancy conflicts
TRC1218,SEC041,Traction,81.33,CRITICAL,4.4,Excluded by solver due to resource or train-occupancy conflicts
TRC1235,SEC060,Traction,39.7,LOW,9.6,Excluded by solver due to resource or train-occupancy conflicts
TRC1241,SEC003,Traction,85.79,CRITICAL,7.0,Excluded by solver due to resource or train-occupancy conflicts
TRC1248,SEC067,Traction,26.7,LOW,1.9,Excluded by solver due to resource or train-occupancy conflicts
TRC1251,SEC047,Traction,39.84,LOW,1.6,Excluded by solver due to resource or train-occupancy conflicts
TRC1253,SEC021,Traction,84.8,CRITICAL,8.7,Excluded by solver due to resource or train-occupancy conflicts
TRC1256,SEC019,Traction,66.7,HIGH,5.9,Excluded by solver due to resource or train-occupancy conflicts
TRC1257,SEC044,Traction,64.4,HIGH,7.8,Excluded by solver due to resource or train-occupancy conflicts
TRC1258,SEC051,Traction,81.4,CRITICAL,4.6,Excluded by solver due to resource or train-occupancy conflicts
TRC1259,SEC046,Traction,37.7,LOW,9.2,Excluded by solver due to resource or train-occupancy conflicts
TRC1261,SEC021,Traction,97.7,CRITICAL,1.2,Excluded by solver due to resource or train-occupancy conflicts
TRC1268,SEC064,Traction,80.6,CRITICAL,5.1,Excluded by solver due to resource or train-occupancy conflicts
TRC1269,SEC003,Traction,41.23,MEDIUM,8.1,Excluded by solver due to resource or train-occupancy conflicts
TRC1274,SEC009,Traction,41.7,MEDIUM,11.6,Excluded by solver due to resource or train-occupancy conflicts
TRC1277,SEC002,Traction,61.8,HIGH,7.1,Excluded by solver due to resource or train-occupancy conflicts
TRC1287,SEC059,Traction,60.81,HIGH,5.9,Excluded by solver due to resource or train-occupancy conflicts
TRC1293,SEC043,Traction,82.2,CRITICAL,5.0,Excluded by solver due to resource or train-occupancy conflicts
TRC1295,SEC032,Traction,83.69,CRITICAL,1.5,Excluded by solver due to resource or train-occupancy conflicts
TRC1299,SEC007,Traction,44.8,MEDIUM,7.6,Excluded by solver due to resource or train-occupancy conflicts
TRC1301,SEC025,Traction,27.8,LOW,4.9,Excluded by solver due to resource or train-occupancy conflicts
TRC1302,SEC040,Traction,81.9,CRITICAL,12.0,Excluded by solver due to resource or train-occupancy conflicts
TRC1305,SEC010,Traction,64.21,HIGH,11.5,Excluded by solver due to resource or train-occupancy conflicts
TRC1313,SEC032,Traction,82.75,CRITICAL,5.2,Excluded by solver due to resource or train-occupancy conflicts
TRC1314,SEC072,Traction,95.4,CRITICAL,2.8,Excluded by solver due to resource or train-occupancy conflicts
TRC1315,SEC073,Traction,60.1,HIGH,10.6,Excluded by solver due to resource or train-occupancy conflicts
TRC1322,SEC043,Traction,44.65,MEDIUM,7.3,Excluded by solver due to resource or train-occupancy conflicts
TRC1323,SEC015,Traction,98.6,CRITICAL,4.9,Excluded by solver due to resource or train-occupancy conflicts
TRC1325,SEC037,Traction,85.9,CRITICAL,6.9,Excluded by solver due to resource or train-occupancy conflicts
TRC1326,SEC030,Traction,44.2,MEDIUM,3.7,Excluded by solver due to resource or train-occupancy conflicts
TRC1330,SEC023,Traction,85.2,CRITICAL,11.4,Excluded by solver due to resource or train-occupancy conflicts
TRC1334,SEC043,Traction,95.99,CRITICAL,11.9,Excluded by solver due to resource or train-occupancy conflicts
TRC1337,SEC065,Traction,81.0,CRITICAL,6.4,Excluded by solver due to resource or train-occupancy conflicts
TRC1343,SEC063,Traction,81.5,CRITICAL,4.2,Excluded by solver due to resource or train-occupancy conflicts
TRC1348,SEC024,Traction,84.0,CRITICAL,7.4,Excluded by solver due to resource or train-occupancy conflicts
TRC1355,SEC059,Traction,59.7,MEDIUM,1.8,Excluded by solver due to resource or train-occupancy conflicts
TRC1362,SEC027,Traction,82.21,CRITICAL,3.6,Excluded by solver due to resource or train-occupancy conflicts
TRC1363,SEC062,Traction,28.7,LOW,8.7,Excluded by solver due to resource or train-occupancy conflicts
TRC1366,SEC027,Traction,82.45,CRITICAL,1.6,Excluded by solver due to resource or train-occupancy conflicts
TRC1379,SEC042,Traction,62.4,HIGH,10.6,Excluded by solver due to resource or train-occupancy conflicts
TRC1391,SEC014,Traction,66.2,HIGH,4.3,Excluded by solver due to resource or train-occupancy conflicts
TRC1394,SEC054,Traction,40.6,MEDIUM,6.7,Excluded by solver due to resource or train-occupancy conflicts
TRC1397,SEC018,Traction,64.37,HIGH,5.1,Excluded by solver due to resource or train-occupancy conflicts
TRC1402,SEC049,Traction,61.4,HIGH,2.8,Excluded by solver due to resource or train-occupancy conflicts
TRC1405,SEC042,Traction,62.2,HIGH,1.2,Excluded by solver due to resource or train-occupancy conflicts
TRC1407,SEC068,Traction,62.38,HIGH,9.8,Excluded by solver due to resource or train-occupancy conflicts
TRC1409,SEC063,Traction,23.7,LOW,3.8,Excluded by solver due to resource or train-occupancy conflicts
TRC1425,SEC013,Traction,63.0,HIGH,9.9,Excluded by solver due to resource or train-occupancy conflicts
TRC1430,SEC048,Traction,60.7,HIGH,2.3,Excluded by solver due to resource or train-occupancy conflicts
TRC1433,SEC011,Traction,32.3,LOW,4.5,Excluded by solver due to resource or train-occupancy conflicts
TRC1436,SEC022,Traction,25.1,LOW,6.7,Excluded by solver due to resource or train-occupancy conflicts
TRC1438,SEC016,Traction,28.5,LOW,2.6,Excluded by solver due to resource or train-occupancy conflicts
TRC1443,SEC058,Traction,24.3,LOW,4.3,Excluded by solver due to resource or train-occupancy conflicts
TRC1446,SEC023,Traction,62.89,HIGH,9.2,Excluded by solver due to resource or train-occupancy conflicts
TRC1447,SEC007,Traction,44.8,MEDIUM,3.6,Excluded by solver due to resource or train-occupancy conflicts
TRC1451,SEC056,Traction,60.1,HIGH,1.5,Excluded by solver due to resource or train-occupancy conflicts
TRC1462,SEC008,Traction,85.11,CRITICAL,11.2,Excluded by solver due to resource or train-occupancy conflicts
TRC1463,SEC060,Traction,30.1,LOW,8.0,Excluded by solver due to resource or train-occupancy conflicts
TRC1469,SEC055,Traction,36.4,LOW,9.5,Excluded by solver due to resource or train-occupancy conflicts
TRC1478,SEC024,Traction,41.4,MEDIUM,5.4,Excluded by solver due to resource or train-occupancy conflicts
TRC1480,SEC030,Traction,65.1,HIGH,3.1,Excluded by solver due to resource or train-occupancy conflicts
TRC1483,SEC038,Traction,97.1,CRITICAL,5.9,Excluded by solver due to resource or train-occupancy conflicts
TRC1497,SEC048,Traction,60.9,HIGH,8.8,Excluded by solver due to resource or train-occupancy conflicts
TRC1504,SEC035,Traction,45.55,MEDIUM,3.1,Excluded by solver due to resource or train-occupancy conflicts
TRC1514,SEC027,Traction,63.9,HIGH,6.0,Excluded by solver due to resource or train-occupancy conflicts
TRC1520,SEC020,Traction,43.9,MEDIUM,1.7,Excluded by solver due to resource or train-occupancy conflicts
TRC1521,SEC036,Traction,66.8,HIGH,11.9,Excluded by solver due to resource or train-occupancy conflicts
TRC1525,SEC040,Traction,82.1,CRITICAL,6.2,Excluded by solver due to resource or train-occupancy conflicts
TRC1534,SEC004,Traction,42.6,MEDIUM,10.6,Excluded by solver due to resource or train-occupancy conflicts
TRC1545,SEC026,Traction,44.2,MEDIUM,3.8,Excluded by solver due to resource or train-occupancy conflicts
TRC1546,SEC061,Traction,42.67,MEDIUM,9.0,Excluded by solver due to resource or train-occupancy conflicts
TRC1548,SEC040,Traction,61.81,HIGH,9.4,Excluded by solver due to resource or train-occupancy conflicts
TRC1551,SEC015,Traction,39.54,LOW,1.5,Excluded by solver due to resource or train-occupancy conflicts
TRC1552,SEC043,Traction,63.81,HIGH,4.5,Excluded by solver due to resource or train-occupancy conflicts
TRC1556,SEC011,Traction,43.8,MEDIUM,10.1,Excluded by solver due to resource or train-occupancy conflicts
TRC1557,SEC012,Traction,63.0,HIGH,10.9,Excluded by solver due to resource or train-occupancy conflicts
TRC1561,SEC057,Traction,61.5,HIGH,5.1,Excluded by solver due to resource or train-occupancy conflicts
TRC1569,SEC031,Traction,97.5,CRITICAL,4.4,Excluded by solver due to resource or train-occupancy conflicts
TRC1584,SEC028,Traction,66.1,HIGH,8.2,Excluded by solver due to resource or train-occupancy conflicts
TRC1589,SEC020,Traction,63.1,HIGH,5.4,Excluded by solver due to resource or train-occupancy conflicts
TRC1590,SEC001,Traction,45.25,MEDIUM,2.8,Excluded by solver due to resource or train-occupancy conflicts
TRC1592,SEC072,Traction,80.7,CRITICAL,1.6,Excluded by solver due to resource or train-occupancy conflicts
TRC1593,SEC061,Traction,37.0,LOW,3.8,Excluded by solver due to resource or train-occupancy conflicts
TRC1597,SEC072,Traction,60.79,HIGH,7.3,Excluded by solver due to resource or train-occupancy conflicts
TRC1599,SEC034,Traction,62.9,HIGH,9.5,Excluded by solver due to resource or train-occupancy conflicts
TRC1608,SEC037,Traction,98.9,CRITICAL,2.4,Excluded by solver due to resource or train-occupancy conflicts
TRC1613,SEC007,Traction,64.7,HIGH,6.6,Excluded by solver due to resource or train-occupancy conflicts
TRC1616,SEC010,Traction,83.9,CRITICAL,11.0,Excluded by solver due to resource or train-occupancy conflicts
TRC1619,SEC032,Traction,43.3,MEDIUM,10.0,Excluded by solver due to resource or train-occupancy conflicts
TRC1620,SEC002,Traction,83.3,CRITICAL,5.8,Excluded by solver due to resource or train-occupancy conflicts
TRC1623,SEC002,Traction,82.2,CRITICAL,10.7,Excluded by solver due to resource or train-occupancy conflicts
TRC1628,SEC058,Traction,60.12,HIGH,3.0,Excluded by solver due to resource or train-occupancy conflicts
TRC1632,SEC055,Traction,95.0,CRITICAL,11.0,Excluded by solver due to resource or train-occupancy conflicts
TRC1635,SEC020,Traction,63.4,HIGH,10.5,Excluded by solver due to resource or train-occupancy conflicts
TRC1645,SEC055,Traction,26.7,LOW,6.0,Excluded by solver due to resource or train-occupancy conflicts
TRC1646,SEC030,Traction,62.2,HIGH,6.3,Excluded by solver due to resource or train-occupancy conflicts
TRC1647,SEC061,Traction,61.1,HIGH,6.9,Excluded by solver due to resource or train-occupancy conflicts
TRC1649,SEC041,Traction,37.28,LOW,2.6,Excluded by solver due to resource or train-occupancy conflicts
TRC1670,SEC033,Traction,27.71,LOW,5.9,Excluded by solver due to resource or train-occupancy conflicts
TRC1672,SEC023,Traction,65.7,HIGH,1.6,Excluded by solver due to resource or train-occupancy conflicts
TRC1675,SEC006,Traction,65.2,HIGH,6.5,Excluded by solver due to resource or train-occupancy conflicts
TRC1680,SEC003,Traction,43.9,MEDIUM,10.9,Excluded by solver due to resource or train-occupancy conflicts
TRC1693,SEC057,Traction,97.0,CRITICAL,8.4,Excluded by solver due to resource or train-occupancy conflicts
TRC1718,SEC003,Traction,32.0,LOW,2.4,Excluded by solver due to resource or train-occupancy conflicts
TRC1735,SEC003,Traction,63.4,HIGH,8.0,Excluded by solver due to resource or train-occupancy conflicts
TRC1739,SEC056,Traction,62.1,HIGH,10.2,Excluded by solver due to resource or train-occupancy conflicts
TRC1742,SEC016,Traction,30.4,LOW,4.7,Excluded by solver due to resource or train-occupancy conflicts
TRC1743,SEC039,Traction,25.1,LOW,7.4,Excluded by solver due to resource or train-occupancy conflicts
TRC1746,SEC021,Traction,83.9,CRITICAL,9.0,Excluded by solver due to resource or train-occupancy conflicts
TRC1749,SEC052,Traction,61.22,HIGH,3.5,Excluded by solver due to resource or train-occupancy conflicts
TRC1753,SEC050,Traction,38.0,LOW,6.5,Excluded by solver due to resource or train-occupancy conflicts
TRC1757,SEC015,Traction,41.26,MEDIUM,1.3,Excluded by solver due to resource or train-occupancy conflicts
TRC1759,SEC060,Traction,60.82,HIGH,6.0,Excluded by solver due to resource or train-occupancy conflicts
TRC1765,SEC026,Traction,64.94,HIGH,4.3,Excluded by solver due to resource or train-occupancy conflicts
TRC1768,SEC044,Traction,96.72,CRITICAL,6.8,Excluded by solver due to resource or train-occupancy conflicts
TRC1771,SEC040,Traction,80.49,CRITICAL,4.7,Excluded by solver due to resource or train-occupancy conflicts
TRC1775,SEC050,Traction,81.2,CRITICAL,3.6,Excluded by solver due to resource or train-occupancy conflicts
TRC1776,SEC012,Traction,39.5,LOW,3.6,Excluded by solver due to resource or train-occupancy conflicts
TRC1782,SEC072,Traction,61.9,HIGH,3.1,Excluded by solver due to resource or train-occupancy conflicts
TRC1784,SEC022,Traction,25.4,LOW,1.9,Excluded by solver due to resource or train-occupancy conflicts
TRC1794,SEC020,Traction,96.7,CRITICAL,4.6,Excluded by solver due to resource or train-occupancy conflicts
TRC1797,SEC049,Traction,82.9,CRITICAL,10.6,Excluded by solver due to resource or train-occupancy conflicts
TRC1798,SEC035,Traction,42.0,MEDIUM,8.8,Excluded by solver due to resource or train-occupancy conflicts
TRC1803,SEC041,Traction,35.53,LOW,3.1,Excluded by solver due to resource or train-occupancy conflicts
TRC1804,SEC065,Traction,39.5,LOW,11.9,Excluded by solver due to resource or train-occupancy conflicts
TRC1806,SEC030,Traction,62.14,HIGH,7.1,Excluded by solver due to resource or train-occupancy conflicts
TRC1808,SEC004,Traction,38.2,LOW,4.5,Excluded by solver due to resource or train-occupancy conflicts
TRC1811,SEC002,Traction,63.6,HIGH,6.7,Excluded by solver due to resource or train-occupancy conflicts
TRC1812,SEC055,Traction,42.4,MEDIUM,6.3,Excluded by solver due to resource or train-occupancy conflicts
TRC1815,SEC033,Traction,84.52,CRITICAL,11.1,Excluded by solver due to resource or train-occupancy conflicts
TRC1816,SEC014,Traction,63.07,HIGH,3.2,Excluded by solver due to resource or train-occupancy conflicts
TRC1822,SEC047,Traction,81.1,CRITICAL,6.6,Excluded by solver due to resource or train-occupancy conflicts
TRC1823,SEC054,Traction,59.7,MEDIUM,4.1,Excluded by solver due to resource or train-occupancy conflicts
TRC1826,SEC047,Traction,61.88,HIGH,8.3,Excluded by solver due to resource or train-occupancy conflicts
TRC1829,SEC051,Traction,61.0,HIGH,2.0,Excluded by solver due to resource or train-occupancy conflicts
TRC1835,SEC021,Traction,38.2,LOW,6.2,Excluded by solver due to resource or train-occupancy conflicts
TRC1836,SEC029,Traction,67.1,HIGH,3.9,Excluded by solver due to resource or train-occupancy conflicts
TRC1838,SEC039,Traction,62.6,HIGH,5.9,Excluded by solver due to resource or train-occupancy conflicts
TRC1839,SEC040,Traction,26.5,LOW,8.0,Excluded by solver due to resource or train-occupancy conflicts
TRC1847,SEC063,Traction,27.2,LOW,3.7,Excluded by solver due to resource or train-occupancy conflicts
TRC1855,SEC028,Traction,34.4,LOW,4.6,Excluded by solver due to resource or train-occupancy conflicts
TRC1865,SEC011,Traction,85.5,CRITICAL,3.4,Excluded by solver due to resource or train-occupancy conflicts
TRC1867,SEC018,Traction,64.75,HIGH,10.3,Excluded by solver due to resource or train-occupancy conflicts
TRC1881,SEC055,Traction,41.5,MEDIUM,10.5,Excluded by solver due to resource or train-occupancy conflicts
TRC1883,SEC028,Traction,99.0,CRITICAL,4.1,Excluded by solver due to resource or train-occupancy conflicts
TRC1884,SEC039,Traction,83.6,CRITICAL,6.9,Excluded by solver due to resource or train-occupancy conflicts
TRC1886,SEC028,Traction,44.85,MEDIUM,5.5,Excluded by solver due to resource or train-occupancy conflicts
TRC1891,SEC019,Traction,42.5,MEDIUM,4.0,Excluded by solver due to resource or train-occupancy conflicts
TRC1893,SEC018,Traction,64.5,HIGH,10.1,Excluded by solver due to resource or train-occupancy conflicts
TRC1897,SEC005,Traction,85.0,CRITICAL,3.9,Excluded by solver due to resource or train-occupancy conflicts
TRC1901,SEC067,Traction,23.4,LOW,10.7,Excluded by solver due to resource or train-occupancy conflicts
TRC1910,SEC014,Traction,63.8,HIGH,2.0,Excluded by solver due to resource or train-occupancy conflicts
TRC1915,SEC046,Traction,82.31,CRITICAL,3.3,Excluded by solver due to resource or train-occupancy conflicts
TRC1919,SEC024,Traction,65.6,HIGH,11.9,Excluded by solver due to resource or train-occupancy conflicts
TRC1926,SEC050,Traction,80.8,CRITICAL,7.6,Excluded by solver due to resource or train-occupancy conflicts
TRC1934,SEC023,Traction,97.72,CRITICAL,5.5,Excluded by solver due to resource or train-occupancy conflicts
TRC1940,SEC028,Traction,99.0,CRITICAL,1.1,Excluded by solver due to resource or train-occupancy conflicts
TRC1943,SEC048,Traction,36.7,LOW,3.7,Excluded by solver due to resource or train-occupancy conflicts
TRC1945,SEC013,Traction,84.5,CRITICAL,11.6,Excluded by solver due to resource or train-occupancy conflicts
TRC1949,SEC065,Traction,38.4,LOW,6.2,Excluded by solver due to resource or train-occupancy conflicts
TRC1953,SEC054,Traction,62.3,HIGH,5.7,Excluded by solver due to resource or train-occupancy conflicts
TRC1956,SEC066,Traction,42.4,MEDIUM,1.3,Excluded by solver due to resource or train-occupancy conflicts
TRC1961,SEC017,Traction,82.4,CRITICAL,1.1,Excluded by solver due to resource or train-occupancy conflicts
TRC1965,SEC013,Traction,85.1,CRITICAL,11.5,Excluded by solver due to resource or train-occupancy conflicts
TRC1966,SEC070,Traction,95.3,CRITICAL,5.9,Excluded by solver due to resource or train-occupancy conflicts
TRC1993,SEC027,Traction,83.79,CRITICAL,3.4,Excluded by solver due to resource or train-occupancy conflicts
TRC1994,SEC061,Traction,40.77,MEDIUM,9.3,Excluded by solver due to resource or train-occupancy conflicts
TRC2000,SEC050,Traction,38.7,LOW,8.0,Excluded by solver due to resource or train-occupancy conflicts
TRC2010,SEC015,Traction,26.7,LOW,7.4,Excluded by solver due to resource or train-occupancy conflicts
TRC2012,SEC062,Traction,62.4,HIGH,4.7,Excluded by solver due to resource or train-occupancy conflicts
TRC2026,SEC061,Traction,80.0,HIGH,3.2,Excluded by solver due to resource or train-occupancy conflicts
TRC2027,SEC019,Traction,63.21,HIGH,9.3,Excluded by solver due to resource or train-occupancy conflicts
TRC2028,SEC036,Traction,84.53,CRITICAL,2.8,Excluded by solver due to resource or train-occupancy conflicts
TRC2031,SEC026,Traction,41.0,MEDIUM,2.6,Excluded by solver due to resource or train-occupancy conflicts
TRC2033,SEC023,Traction,44.7,MEDIUM,7.1,Excluded by solver due to resource or train-occupancy conflicts
TRC2034,SEC060,Traction,41.25,MEDIUM,8.0,Excluded by solver due to resource or train-occupancy conflicts
TRC2037,SEC051,Traction,38.6,LOW,11.9,Excluded by solver due to resource or train-occupancy conflicts
TRC2046,SEC023,Traction,42.04,MEDIUM,9.9,Excluded by solver due to resource or train-occupancy conflicts
TRC2048,SEC009,Traction,64.1,HIGH,6.1,Excluded by solver due to resource or train-occupancy conflicts
TRC2052,SEC054,Traction,59.2,MEDIUM,11.7,Excluded by solver due to resource or train-occupancy conflicts
TRC2054,SEC003,Traction,63.4,HIGH,6.9,Excluded by solver due to resource or train-occupancy conflicts
TRC2055,SEC029,Traction,64.6,HIGH,6.2,Excluded by solver due to resource or train-occupancy conflicts
TRC2056,SEC032,Traction,24.7,LOW,6.7,Excluded by solver due to resource or train-occupancy conflicts
TRC2058,SEC038,Traction,62.4,HIGH,4.9,Excluded by solver due to resource or train-occupancy conflicts
TRC2060,SEC017,Traction,32.8,LOW,5.2,Excluded by solver due to resource or train-occupancy conflicts
TRC2061,SEC070,Traction,37.62,LOW,1.9,Excluded by solver due to resource or train-occupancy conflicts
TRC2065,SEC035,Traction,65.91,HIGH,10.0,Excluded by solver due to resource or train-occupancy conflicts
TRC2066,SEC064,Traction,94.8,CRITICAL,6.2,Excluded by solver due to resource or train-occupancy conflicts
TRC2070,SEC016,Traction,39.8,LOW,9.7,Excluded by solver due to resource or train-occupancy conflicts
TRC2074,SEC038,Traction,62.77,HIGH,11.9,Excluded by solver due to resource or train-occupancy conflicts
TRC2075,SEC070,Traction,42.4,MEDIUM,6.5,Excluded by solver due to resource or train-occupancy conflicts
TRC2077,SEC017,Traction,40.71,MEDIUM,10.0,Excluded by solver due to resource or train-occupancy conflicts
TRC2078,SEC011,Traction,98.29,CRITICAL,2.3,Excluded by solver due to resource or train-occupancy conflicts
TRC2080,SEC010,Traction,65.04,HIGH,3.0,Excluded by solver due to resource or train-occupancy conflicts
TRC2083,SEC004,Traction,62.6,HIGH,8.6,Excluded by solver due to resource or train-occupancy conflicts
TRC2087,SEC058,Traction,81.2,CRITICAL,1.5,Excluded by solver due to resource or train-occupancy conflicts
TRC2089,SEC054,Traction,59.59,MEDIUM,3.3,Excluded by solver due to resource or train-occupancy conflicts
TRC2090,SEC068,Traction,96.2,CRITICAL,7.5,Excluded by solver due to resource or train-occupancy conflicts
TRC2092,SEC030,Traction,62.4,HIGH,10.3,Excluded by solver due to resource or train-occupancy conflicts
TRC2101,SEC003,Traction,63.74,HIGH,1.8,Excluded by solver due to resource or train-occupancy conflicts
TRC2104,SEC066,Traction,81.6,CRITICAL,9.6,Excluded by solver due to resource or train-occupancy conflicts
TRC2108,SEC015,Traction,65.7,HIGH,8.7,Excluded by solver due to resource or train-occupancy conflicts
TRC2114,SEC014,Traction,42.7,MEDIUM,7.5,Excluded by solver due to resource or train-occupancy conflicts
TRC2120,SEC069,Traction,80.8,CRITICAL,5.0,Excluded by solver due to resource or train-occupancy conflicts
TRC2126,SEC056,Traction,81.8,CRITICAL,3.0,Excluded by solver due to resource or train-occupancy conflicts
TRC2133,SEC030,Traction,98.0,CRITICAL,6.0,Excluded by solver due to resource or train-occupancy conflicts
TRC2144,SEC054,Traction,36.6,LOW,11.0,Excluded by solver due to resource or train-occupancy conflicts
TRC2152,SEC024,Traction,39.6,LOW,6.5,Excluded by solver due to resource or train-occupancy conflicts
TRC2153,SEC039,Traction,43.7,MEDIUM,5.9,Excluded by solver due to resource or train-occupancy conflicts
TRC2166,SEC014,Traction,64.9,HIGH,5.3,Excluded by solver due to resource or train-occupancy conflicts
TRC2174,SEC021,Traction,65.3,HIGH,2.2,Excluded by solver due to resource or train-occupancy conflicts
TRC2179,SEC004,Traction,83.2,CRITICAL,2.0,Excluded by solver due to resource or train-occupancy conflicts
TRC2182,SEC059,Traction,40.0,LOW,10.7,Excluded by solver due to resource or train-occupancy conflicts
TRC2184,SEC022,Traction,83.8,CRITICAL,3.3,Excluded by solver due to resource or train-occupancy conflicts
TRC2186,SEC012,Traction,42.4,MEDIUM,12.0,Excluded by solver due to resource or train-occupancy conflicts
TRC2192,SEC023,Traction,63.1,HIGH,3.1,Excluded by solver due to resource or train-occupancy conflicts
TRC2193,SEC021,Traction,62.61,HIGH,3.1,Excluded by solver due to resource or train-occupancy conflicts
TRC2197,SEC037,Traction,84.93,CRITICAL,11.3,Excluded by solver due to resource or train-occupancy conflicts
TRC2199,SEC061,Traction,80.9,CRITICAL,9.7,Excluded by solver due to resource or train-occupancy conflicts
TRC2206,SEC043,Traction,63.0,HIGH,9.0,Excluded by solver due to resource or train-occupancy conflicts
TRC2209,SEC038,Traction,41.6,MEDIUM,3.0,Excluded by solver due to resource or train-occupancy conflicts
TRC2210,SEC072,Traction,36.51,LOW,4.9,Excluded by solver due to resource or train-occupancy conflicts
TRC2211,SEC045,Traction,61.16,HIGH,10.7,Excluded by solver due to resource or train-occupancy conflicts
TRC2215,SEC073,Traction,61.6,HIGH,8.8,Excluded by solver due to resource or train-occupancy conflicts
TRC2222,SEC062,Traction,94.74,CRITICAL,4.5,Excluded by solver due to resource or train-occupancy conflicts
TRC2225,SEC046,Traction,26.0,LOW,12.0,Excluded by solver due to resource or train-occupancy conflicts
TRC2229,SEC072,Traction,39.7,LOW,2.8,Excluded by solver due to resource or train-occupancy conflicts
TRC2235,SEC073,Traction,80.14,CRITICAL,11.9,Excluded by solver due to resource or train-occupancy conflicts
TRC2236,SEC060,Traction,94.4,CRITICAL,4.6,Excluded by solver due to resource or train-occupancy conflicts
TRC2240,SEC062,Traction,79.9,HIGH,7.1,Excluded by solver due to resource or train-occupancy conflicts
TRC2246,SEC069,Traction,37.6,LOW,1.1,Excluded by solver due to resource or train-occupancy conflicts
TRC2249,SEC045,Traction,42.86,MEDIUM,4.6,Excluded by solver due to resource or train-occupancy conflicts
TRC2255,SEC041,Traction,81.4,CRITICAL,3.8,Excluded by solver due to resource or train-occupancy conflicts
TRC2257,SEC069,Traction,62.2,HIGH,5.1,Excluded by solver due to resource or train-occupancy conflicts
TRC2258,SEC034,Traction,24.59,LOW,3.3,Excluded by solver due to resource or train-occupancy conflicts
TRC2260,SEC065,Traction,36.2,LOW,5.7,Excluded by solver due to resource or train-occupancy conflicts
TRC2261,SEC060,Traction,59.1,MEDIUM,1.2,Excluded by solver due to resource or train-occupancy conflicts
TRC2264,SEC046,Traction,61.05,HIGH,9.6,Excluded by solver due to resource or train-occupancy conflicts
TRC2270,SEC012,Traction,83.2,CRITICAL,7.1,Excluded by solver due to resource or train-occupancy conflicts
TRC2271,SEC017,Traction,62.9,HIGH,7.3,Excluded by solver due to resource or train-occupancy conflicts
TRC2277,SEC031,Traction,44.9,MEDIUM,10.9,Excluded by solver due to resource or train-occupancy conflicts
TRC2278,SEC059,Traction,80.3,CRITICAL,11.1,Excluded by solver due to resource or train-occupancy conflicts
TRC2280,SEC038,Traction,62.9,HIGH,11.8,Excluded by solver due to resource or train-occupancy conflicts
TRC2282,SEC022,Traction,25.6,LOW,2.1,Excluded by solver due to resource or train-occupancy conflicts
TRC2283,SEC044,Traction,96.4,CRITICAL,5.8,Excluded by solver due to resource or train-occupancy conflicts
TRC2290,SEC051,Traction,94.83,CRITICAL,11.4,Excluded by solver due to resource or train-occupancy conflicts
TRC2292,SEC013,Traction,63.13,HIGH,3.8,Excluded by solver due to resource or train-occupancy conflicts
TRC2294,SEC031,Traction,63.9,HIGH,1.2,Excluded by solver due to resource or train-occupancy conflicts
TRC2295,SEC012,Traction,62.1,HIGH,5.7,Excluded by solver due to resource or train-occupancy conflicts
TRC2300,SEC040,Traction,81.0,CRITICAL,7.6,Excluded by solver due to resource or train-occupancy conflicts
TRC2303,SEC002,Traction,83.3,CRITICAL,10.5,Excluded by solver due to resource or train-occupancy conflicts
TRC2305,SEC034,Traction,96.9,CRITICAL,3.6,Excluded by solver due to resource or train-occupancy conflicts
TRC2307,SEC059,Traction,80.59,CRITICAL,10.8,Excluded by solver due to resource or train-occupancy conflicts
TRC2311,SEC018,Traction,43.25,MEDIUM,1.3,Excluded by solver due to resource or train-occupancy conflicts
TRC2315,SEC016,Traction,44.9,MEDIUM,11.8,Excluded by solver due to resource or train-occupancy conflicts
TRC2316,SEC008,Traction,62.9,HIGH,2.4,Excluded by solver due to resource or train-occupancy conflicts
TRC2317,SEC071,Traction,94.7,CRITICAL,5.3,Excluded by solver due to resource or train-occupancy conflicts
TRC2322,SEC006,Traction,84.24,CRITICAL,2.2,Excluded by solver due to resource or train-occupancy conflicts
TRC2331,SEC059,Traction,59.77,MEDIUM,5.0,Excluded by solver due to resource or train-occupancy conflicts
TRC2336,SEC010,Traction,85.0,CRITICAL,4.8,Excluded by solver due to resource or train-occupancy conflicts
TRC2339,SEC016,Traction,84.28,CRITICAL,8.9,Excluded by solver due to resource or train-occupancy conflicts
TRC2342,SEC027,Traction,30.49,LOW,4.5,Excluded by solver due to resource or train-occupancy conflicts
TRC2345,SEC031,Traction,62.6,HIGH,5.0,Excluded by solver due to resource or train-occupancy conflicts
TRC2355,SEC002,Traction,63.6,HIGH,11.1,Excluded by solver due to resource or train-occupancy conflicts
TRC2356,SEC041,Traction,42.4,MEDIUM,2.9,Excluded by solver due to resource or train-occupancy conflicts
TRC2359,SEC022,Traction,97.0,CRITICAL,4.4,Excluded by solver due to resource or train-occupancy conflicts
TRC2369,SEC045,Traction,82.19,CRITICAL,9.9,Excluded by solver due to resource or train-occupancy conflicts
TRC2370,SEC069,Traction,37.64,LOW,7.5,Excluded by solver due to resource or train-occupancy conflicts
TRC2371,SEC006,Traction,66.7,HIGH,2.4,Excluded by solver due to resource or train-occupancy conflicts
TRC2372,SEC070,Traction,27.1,LOW,4.7,Excluded by solver due to resource or train-occupancy conflicts
TRC2374,SEC056,Traction,63.2,HIGH,11.0,Excluded by solver due to resource or train-occupancy conflicts
TRC2375,SEC046,Traction,62.8,HIGH,10.5,Excluded by solver due to resource or train-occupancy conflicts
TRC2384,SEC030,Traction,84.6,CRITICAL,6.8,Excluded by solver due to resource or train-occupancy conflicts
TRC2386,SEC026,Traction,34.97,LOW,2.3,Excluded by solver due to resource or train-occupancy conflicts
TRC2388,SEC073,Traction,80.7,CRITICAL,5.2,Excluded by solver due to resource or train-occupancy conflicts
TRC2389,SEC033,Traction,66.1,HIGH,1.5,Excluded by solver due to resource or train-occupancy conflicts
TRC2406,SEC063,Traction,80.6,CRITICAL,4.5,Excluded by solver due to resource or train-occupancy conflicts
TRC2408,SEC035,Traction,64.4,HIGH,11.1,Excluded by solver due to resource or train-occupancy conflicts
TRC2410,SEC065,Traction,26.37,LOW,11.0,Excluded by solver due to resource or train-occupancy conflicts
TRC2414,SEC028,Traction,46.3,MEDIUM,2.4,Excluded by solver due to resource or train-occupancy conflicts
TRC2415,SEC021,Traction,45.1,MEDIUM,9.7,Excluded by solver due to resource or train-occupancy conflicts
TRC2424,SEC061,Traction,60.92,HIGH,6.8,Excluded by solver due to resource or train-occupancy conflicts
TRC2430,SEC066,Traction,61.2,HIGH,11.3,Excluded by solver due to resource or train-occupancy conflicts
TRC2432,SEC036,Traction,39.5,LOW,1.7,Excluded by solver due to resource or train-occupancy conflicts
TRC2433,SEC041,Traction,61.6,HIGH,7.1,Excluded by solver due to resource or train-occupancy conflicts
TRC2440,SEC041,Traction,80.3,CRITICAL,3.0,Excluded by solver due to resource or train-occupancy conflicts
TRC2446,SEC029,Traction,66.2,HIGH,10.6,Excluded by solver due to resource or train-occupancy conflicts
TRC2450,SEC044,Traction,63.68,HIGH,11.0,Excluded by solver due to resource or train-occupancy conflicts
TRC2454,SEC019,Traction,65.6,HIGH,1.9,Excluded by solver due to resource or train-occupancy conflicts
TRC2461,SEC013,Traction,63.4,HIGH,9.4,Excluded by solver due to resource or train-occupancy conflicts
TRC2464,SEC069,Traction,61.7,HIGH,8.0,Excluded by solver due to resource or train-occupancy conflicts
TRC2465,SEC060,Traction,61.3,HIGH,2.9,Excluded by solver due to resource or train-occupancy conflicts
TRC2467,SEC060,Traction,28.72,LOW,5.3,Excluded by solver due to resource or train-occupancy conflicts
TRC2468,SEC026,Traction,35.2,LOW,2.4,Excluded by solver due to resource or train-occupancy conflicts
TRC2474,SEC009,Traction,97.61,CRITICAL,6.1,Excluded by solver due to resource or train-occupancy conflicts
TRC2476,SEC059,Traction,80.53,CRITICAL,10.9,Excluded by solver due to resource or train-occupancy conflicts
TRC2481,SEC051,Traction,38.0,LOW,5.6,Excluded by solver due to resource or train-occupancy conflicts
TRC2482,SEC036,Traction,33.66,LOW,2.1,Excluded by solver due to resource or train-occupancy conflicts
TRC2488,SEC002,Traction,38.85,LOW,8.4,Excluded by solver due to resource or train-occupancy conflicts
TRC2489,SEC028,Traction,42.09,MEDIUM,4.5,Excluded by solver due to resource or train-occupancy conflicts
TRC2496,SEC039,Traction,83.06,CRITICAL,9.1,Excluded by solver due to resource or train-occupancy conflicts
TRC2501,SEC042,Traction,61.15,HIGH,10.5,Excluded by solver due to resource or train-occupancy conflicts
TRC2502,SEC026,Traction,63.25,HIGH,7.1,Excluded by solver due to resource or train-occupancy conflicts
TRC2505,SEC053,Traction,22.1,LOW,11.7,Excluded by solver due to resource or train-occupancy conflicts
TRC2506,SEC008,Traction,85.0,CRITICAL,6.5,Excluded by solver due to resource or train-occupancy conflicts
TRC2510,SEC056,Traction,63.7,HIGH,5.3,Excluded by solver due to resource or train-occupancy conflicts
TRC2512,SEC005,Traction,39.6,LOW,8.1,Excluded by solver due to resource or train-occupancy conflicts
TRC2517,SEC053,Traction,24.47,LOW,2.2,Excluded by solver due to resource or train-occupancy conflicts
TRC2519,SEC067,Traction,81.0,CRITICAL,6.4,Excluded by solver due to resource or train-occupancy conflicts
TRC2526,SEC042,Traction,61.8,HIGH,11.7,Excluded by solver due to resource or train-occupancy conflicts
TRC2530,SEC043,Traction,63.0,HIGH,4.0,Excluded by solver due to resource or train-occupancy conflicts
TRC2531,SEC002,Traction,62.1,HIGH,11.4,Excluded by solver due to resource or train-occupancy conflicts
TRC2538,SEC053,Traction,81.76,CRITICAL,12.0,Excluded by solver due to resource or train-occupancy conflicts
TRC2539,SEC035,Traction,84.1,CRITICAL,4.4,Excluded by solver due to resource or train-occupancy conflicts
TRC2540,SEC068,Traction,61.1,HIGH,11.3,Excluded by solver due to resource or train-occupancy conflicts
TRC2543,SEC045,Traction,81.11,CRITICAL,4.2,Excluded by solver due to resource or train-occupancy conflicts
TRC2548,SEC012,Traction,64.79,HIGH,3.2,Excluded by solver due to resource or train-occupancy conflicts
TRC2553,SEC056,Traction,81.34,CRITICAL,9.3,Excluded by solver due to resource or train-occupancy conflicts
TRC2554,SEC046,Traction,61.2,HIGH,7.0,Excluded by solver due to resource or train-occupancy conflicts
TRC2556,SEC006,Traction,43.6,MEDIUM,11.8,Excluded by solver due to resource or train-occupancy conflicts
TRC2557,SEC074,Traction,61.82,HIGH,3.9,Excluded by solver due to resource or train-occupancy conflicts
TRC2564,SEC045,Traction,60.51,HIGH,4.0,Excluded by solver due to resource or train-occupancy conflicts
TRC2565,SEC060,Traction,21.4,LOW,1.3,Excluded by solver due to resource or train-occupancy conflicts
TRC2569,SEC010,Traction,83.9,CRITICAL,8.1,Excluded by solver due to resource or train-occupancy conflicts
TRC2571,SEC014,Traction,65.8,HIGH,6.0,Excluded by solver due to resource or train-occupancy conflicts
TRC2572,SEC050,Traction,61.35,HIGH,9.2,Excluded by solver due to resource or train-occupancy conflicts
TRC2573,SEC050,Traction,94.8,CRITICAL,8.7,Excluded by solver due to resource or train-occupancy conflicts
TRC2582,SEC043,Traction,81.6,CRITICAL,6.3,Excluded by solver due to resource or train-occupancy conflicts
TRC2590,SEC027,Traction,64.1,HIGH,6.8,Excluded by solver due to resource or train-occupancy conflicts
TRC2596,SEC013,Traction,83.73,CRITICAL,9.0,Excluded by solver due to resource or train-occupancy conflicts
TRC2600,SEC063,Traction,80.8,CRITICAL,11.6,Excluded by solver due to resource or train-occupancy conflicts
TRC2605,SEC032,Traction,39.1,LOW,4.1,Excluded by solver due to resource or train-occupancy conflicts
TRC2609,SEC005,Traction,40.81,MEDIUM,8.3,Excluded by solver due to resource or train-occupancy conflicts
TRC2614,SEC057,Traction,96.6,CRITICAL,5.6,Excluded by solver due to resource or train-occupancy conflicts
TRC2617,SEC015,Traction,42.2,MEDIUM,9.6,Excluded by solver due to resource or train-occupancy conflicts
TRC2618,SEC055,Traction,80.9,CRITICAL,7.7,Excluded by solver due to resource or train-occupancy conflicts
TRC2624,SEC044,Traction,62.38,HIGH,4.3,Excluded by solver due to resource or train-occupancy conflicts
TRC2625,SEC033,Traction,26.7,LOW,9.3,Excluded by solver due to resource or train-occupancy conflicts
TRC2627,SEC033,Traction,63.2,HIGH,9.5,Excluded by solver due to resource or train-occupancy conflicts
TRC2632,SEC043,Traction,61.38,HIGH,11.5,Excluded by solver due to resource or train-occupancy conflicts
TRC2634,SEC012,Traction,64.3,HIGH,1.0,Excluded by solver due to resource or train-occupancy conflicts
TRC2650,SEC018,Traction,45.2,MEDIUM,11.2,Excluded by solver due to resource or train-occupancy conflicts
TRC2651,SEC047,Traction,39.78,LOW,8.0,Excluded by solver due to resource or train-occupancy conflicts
TRC2661,SEC001,Traction,44.7,MEDIUM,8.5,Excluded by solver due to resource or train-occupancy conflicts
TRC2664,SEC002,Traction,96.1,CRITICAL,2.8,Excluded by solver due to resource or train-occupancy conflicts
TRC2665,SEC017,Traction,23.3,LOW,7.4,Excluded by solver due to resource or train-occupancy conflicts
TRC2667,SEC069,Traction,94.68,CRITICAL,8.4,Excluded by solver due to resource or train-occupancy conflicts
TRC2672,SEC034,Traction,62.0,HIGH,5.0,Excluded by solver due to resource or train-occupancy conflicts
TRC2692,SEC003,Traction,41.3,MEDIUM,1.9,Excluded by solver due to resource or train-occupancy conflicts
TRC2702,SEC070,Traction,38.4,LOW,6.4,Excluded by solver due to resource or train-occupancy conflicts
TRC2703,SEC005,Traction,85.9,CRITICAL,9.0,Excluded by solver due to resource or train-occupancy conflicts
TRC2713,SEC039,Traction,83.6,CRITICAL,7.5,Excluded by solver due to resource or train-occupancy conflicts
TRC2728,SEC036,Traction,63.82,HIGH,2.2,Excluded by solver due to resource or train-occupancy conflicts
TRC2733,SEC034,Traction,61.4,HIGH,6.8,Excluded by solver due to resource or train-occupancy conflicts
TRC2751,SEC003,Traction,26.7,LOW,2.4,Excluded by solver due to resource or train-occupancy conflicts
TRC2753,SEC023,Traction,63.31,HIGH,1.6,Excluded by solver due to resource or train-occupancy conflicts
TRC2761,SEC070,Traction,40.0,MEDIUM,11.8,Excluded by solver due to resource or train-occupancy conflicts
TRC2766,SEC035,Traction,65.93,HIGH,8.1,Excluded by solver due to resource or train-occupancy conflicts
TRC2772,SEC042,Traction,81.22,CRITICAL,10.0,Excluded by solver due to resource or train-occupancy conflicts
TRC2783,SEC017,Traction,40.3,MEDIUM,7.7,Excluded by solver due to resource or train-occupancy conflicts
TRC2800,SEC005,Traction,25.6,LOW,6.2,Excluded by solver due to resource or train-occupancy conflicts
TRC2804,SEC008,Traction,83.9,CRITICAL,8.9,Excluded by solver due to resource or train-occupancy conflicts
TRC2806,SEC072,Traction,81.6,CRITICAL,10.2,Excluded by solver due to resource or train-occupancy conflicts
TRC2807,SEC041,Traction,59.6,MEDIUM,6.4,Excluded by solver due to resource or train-occupancy conflicts
TRC2808,SEC056,Traction,63.2,HIGH,7.0,Excluded by solver due to resource or train-occupancy conflicts
TRC2815,SEC030,Traction,62.03,HIGH,8.6,Excluded by solver due to resource or train-occupancy conflicts
TRC2824,SEC044,Traction,25.8,LOW,4.1,Excluded by solver due to resource or train-occupancy conflicts
TRC2829,SEC031,Traction,26.89,LOW,3.1,Excluded by solver due to resource or train-occupancy conflicts
TRC2830,SEC057,Traction,61.94,HIGH,3.4,Excluded by solver due to resource or train-occupancy conflicts
TRC2833,SEC012,Traction,44.19,MEDIUM,9.4,Excluded by solver due to resource or train-occupancy conflicts
TRC2845,SEC061,Traction,61.8,HIGH,11.0,Excluded by solver due to resource or train-occupancy conflicts
TRC2852,SEC003,Traction,84.3,CRITICAL,9.9,Excluded by solver due to resource or train-occupancy conflicts
TRC2857,SEC054,Traction,36.04,LOW,2.3,Excluded by solver due to resource or train-occupancy conflicts
TRC2860,SEC011,Traction,40.3,MEDIUM,1.7,Excluded by solver due to resource or train-occupancy conflicts
TRC2861,SEC025,Traction,39.1,LOW,5.6,Excluded by solver due to resource or train-occupancy conflicts
TRC2864,SEC040,Traction,36.0,LOW,5.9,Excluded by solver due to resource or train-occupancy conflicts
TRC2867,SEC003,Traction,85.54,CRITICAL,9.2,Excluded by solver due to resource or train-occupancy conflicts
TRC2870,SEC040,Traction,62.4,HIGH,8.8,Excluded by solver due to resource or train-occupancy conflicts
TRC2874,SEC073,Traction,80.7,CRITICAL,8.8,Excluded by solver due to resource or train-occupancy conflicts
TRC2883,SEC021,Traction,62.6,HIGH,7.9,Excluded by solver due to resource or train-occupancy conflicts
TRC2896,SEC005,Traction,41.1,MEDIUM,9.6,Excluded by solver due to resource or train-occupancy conflicts
TRC2905,SEC070,Traction,80.8,CRITICAL,6.5,Excluded by solver due to resource or train-occupancy conflicts
TRC2912,SEC073,Traction,80.45,CRITICAL,4.7,Excluded by solver due to resource or train-occupancy conflicts
TRC2916,SEC050,Traction,34.7,LOW,7.1,Excluded by solver due to resource or train-occupancy conflicts
TRC2920,SEC069,Traction,94.4,CRITICAL,1.9,Excluded by solver due to resource or train-occupancy conflicts
TRC2923,SEC032,Traction,62.8,HIGH,1.4,Excluded by solver due to resource or train-occupancy conflicts
TRC2925,SEC024,Traction,25.9,LOW,6.4,Excluded by solver due to resource or train-occupancy conflicts
TRC2930,SEC060,Traction,35.49,LOW,6.6,Excluded by solver due to resource or train-occupancy conflicts
TRC2937,SEC025,Traction,32.1,LOW,6.8,Excluded by solver due to resource or train-occupancy conflicts
TRC2939,SEC013,Traction,64.7,HIGH,10.6,Excluded by solver due to resource or train-occupancy conflicts
TRC2941,SEC033,Traction,85.37,CRITICAL,10.4,Excluded by solver due to resource or train-occupancy conflicts
TRC2944,SEC062,Traction,60.4,HIGH,9.6,Excluded by solver due to resource or train-occupancy conflicts
TRC2945,SEC005,Traction,85.9,CRITICAL,3.0,Excluded by solver due to resource or train-occupancy conflicts
TRC2953,SEC022,Traction,82.7,CRITICAL,11.5,Excluded by solver due to resource or train-occupancy conflicts
TRC2956,SEC048,Traction,63.05,HIGH,4.8,Excluded by solver due to resource or train-occupancy conflicts
TRC2960,SEC027,Traction,42.02,MEDIUM,6.7,Excluded by solver due to resource or train-occupancy conflicts
TRC2963,SEC068,Traction,60.92,HIGH,6.7,Excluded by solver due to resource or train-occupancy conflicts
TRC2968,SEC064,Traction,61.68,HIGH,5.4,Excluded by solver due to resource or train-occupancy conflicts
TRC2971,SEC061,Traction,60.5,HIGH,4.4,Excluded by solver due to resource or train-occupancy conflicts
TRC2972,SEC015,Traction,45.3,MEDIUM,5.9,Excluded by solver due to resource or train-occupancy conflicts
TRC2983,SEC015,Traction,98.4,CRITICAL,1.2,Excluded by solver due to resource or train-occupancy conflicts
TRC2984,SEC052,Traction,39.1,LOW,11.1,Excluded by solver due to resource or train-occupancy conflicts
TRC2985,SEC065,Traction,63.5,HIGH,9.0,Excluded by solver due to resource or train-occupancy conflicts
TRC2988,SEC036,Traction,85.4,CRITICAL,9.7,Excluded by solver due to resource or train-occupancy conflicts
TRC2992,SEC038,Traction,42.5,MEDIUM,3.0,Excluded by solver due to resource or train-occupancy conflicts
SIG0006,SEC053,Signalling,94.9,CRITICAL,6.6,Excluded by solver due to resource or train-occupancy conflicts
SIG0011,SEC059,Signalling,28.3,LOW,11.5,Excluded by solver due to resource or train-occupancy conflicts
SIG0014,SEC016,Signalling,38.83,LOW,11.0,Excluded by solver due to resource or train-occupancy conflicts
SIG0019,SEC003,Signalling,43.59,MEDIUM,11.6,Excluded by solver due to resource or train-occupancy conflicts
SIG0024,SEC003,Signalling,46.88,MEDIUM,7.3,Excluded by solver due to resource or train-occupancy conflicts
SIG0026,SEC023,Signalling,98.13,CRITICAL,12.0,Excluded by solver due to resource or train-occupancy conflicts
SIG0033,SEC007,Signalling,65.22,HIGH,5.8,Excluded by solver due to resource or train-occupancy conflicts
SIG0038,SEC002,Signalling,63.8,HIGH,6.5,Excluded by solver due to resource or train-occupancy conflicts
SIG0051,SEC072,Signalling,80.43,CRITICAL,6.6,Excluded by solver due to resource or train-occupancy conflicts
SIG0055,SEC075,Signalling,39.3,LOW,10.7,Excluded by solver due to resource or train-occupancy conflicts
SIG0057,SEC017,Signalling,97.4,CRITICAL,5.0,Excluded by solver due to resource or train-occupancy conflicts
SIG0062,SEC049,Signalling,64.1,HIGH,6.0,Excluded by solver due to resource or train-occupancy conflicts
SIG0069,SEC012,Signalling,43.9,MEDIUM,9.0,Excluded by solver due to resource or train-occupancy conflicts
SIG0079,SEC051,Signalling,61.8,HIGH,9.4,Excluded by solver due to resource or train-occupancy conflicts
SIG0080,SEC002,Signalling,62.5,HIGH,2.6,Excluded by solver due to resource or train-occupancy conflicts
SIG0085,SEC021,Signalling,24.9,LOW,4.1,Excluded by solver due to resource or train-occupancy conflicts
SIG0090,SEC066,Signalling,40.07,MEDIUM,11.1,Excluded by solver due to resource or train-occupancy conflicts
SIG0091,SEC023,Signalling,62.6,HIGH,4.0,Excluded by solver due to resource or train-occupancy conflicts
SIG0093,SEC048,Signalling,39.0,LOW,7.2,Excluded by solver due to resource or train-occupancy conflicts
SIG0097,SEC060,Signalling,21.6,LOW,10.6,Excluded by solver due to resource or train-occupancy conflicts
SIG0098,SEC062,Signalling,81.0,CRITICAL,5.9,Excluded by solver due to resource or train-occupancy conflicts
SIG0105,SEC019,Signalling,65.6,HIGH,3.6,Excluded by solver due to resource or train-occupancy conflicts
SIG0108,SEC034,Signalling,62.07,HIGH,7.7,Excluded by solver due to resource or train-occupancy conflicts
SIG0113,SEC051,Signalling,80.5,CRITICAL,3.4,Excluded by solver due to resource or train-occupancy conflicts
SIG0116,SEC011,Signalling,43.6,MEDIUM,3.1,Excluded by solver due to resource or train-occupancy conflicts
SIG0125,SEC019,Signalling,84.41,CRITICAL,7.6,Excluded by solver due to resource or train-occupancy conflicts
SIG0127,SEC007,Signalling,65.2,HIGH,5.1,Excluded by solver due to resource or train-occupancy conflicts
SIG0128,SEC062,Signalling,80.1,CRITICAL,1.6,Excluded by solver due to resource or train-occupancy conflicts
SIG0129,SEC015,Signalling,64.1,HIGH,5.4,Excluded by solver due to resource or train-occupancy conflicts
SIG0134,SEC059,Signalling,36.9,LOW,2.9,Excluded by solver due to resource or train-occupancy conflicts
SIG0139,SEC052,Signalling,58.8,MEDIUM,2.9,Excluded by solver due to resource or train-occupancy conflicts
SIG0146,SEC063,Signalling,62.2,HIGH,6.2,Excluded by solver due to resource or train-occupancy conflicts
SIG0149,SEC052,Signalling,35.3,LOW,3.6,Excluded by solver due to resource or train-occupancy conflicts
SIG0150,SEC007,Signalling,83.8,CRITICAL,9.7,Excluded by solver due to resource or train-occupancy conflicts
SIG0151,SEC017,Signalling,97.08,CRITICAL,7.4,Excluded by solver due to resource or train-occupancy conflicts
SIG0152,SEC022,Signalling,62.4,HIGH,5.5,Excluded by solver due to resource or train-occupancy conflicts
SIG0159,SEC006,Signalling,64.0,HIGH,11.6,Excluded by solver due to resource or train-occupancy conflicts
SIG0160,SEC060,Signalling,60.4,HIGH,6.5,Excluded by solver due to resource or train-occupancy conflicts
SIG0163,SEC056,Signalling,62.51,HIGH,6.3,Excluded by solver due to resource or train-occupancy conflicts
SIG0164,SEC072,Signalling,40.85,MEDIUM,10.0,Excluded by solver due to resource or train-occupancy conflicts
SIG0170,SEC059,Signalling,26.42,LOW,1.9,Excluded by solver due to resource or train-occupancy conflicts
SIG0177,SEC073,Signalling,81.6,CRITICAL,9.3,Excluded by solver due to resource or train-occupancy conflicts
SIG0180,SEC049,Signalling,62.3,HIGH,11.8,Excluded by solver due to resource or train-occupancy conflicts
SIG0196,SEC056,Signalling,81.4,CRITICAL,1.0,Excluded by solver due to resource or train-occupancy conflicts
SIG0197,SEC013,Signalling,84.5,CRITICAL,3.4,Excluded by solver due to resource or train-occupancy conflicts
SIG0208,SEC059,Signalling,37.37,LOW,4.4,Excluded by solver due to resource or train-occupancy conflicts
SIG0209,SEC006,Signalling,63.3,HIGH,10.5,Excluded by solver due to resource or train-occupancy conflicts
SIG0213,SEC068,Signalling,26.3,LOW,5.8,Excluded by solver due to resource or train-occupancy conflicts
SIG0217,SEC011,Signalling,39.73,LOW,8.3,Excluded by solver due to resource or train-occupancy conflicts
SIG0224,SEC040,Signalling,39.3,LOW,4.7,Excluded by solver due to resource or train-occupancy conflicts
SIG0230,SEC016,Signalling,62.28,HIGH,2.9,Excluded by solver due to resource or train-occupancy conflicts
SIG0241,SEC062,Signalling,94.2,CRITICAL,2.3,Excluded by solver due to resource or train-occupancy conflicts
SIG0242,SEC049,Signalling,38.8,LOW,2.4,Excluded by solver due to resource or train-occupancy conflicts
SIG0244,SEC010,Signalling,44.43,MEDIUM,9.4,Excluded by solver due to resource or train-occupancy conflicts
SIG0247,SEC057,Signalling,64.6,HIGH,5.2,Excluded by solver due to resource or train-occupancy conflicts
SIG0255,SEC031,Signalling,34.2,LOW,5.5,Excluded by solver due to resource or train-occupancy conflicts
SIG0267,SEC009,Signalling,97.2,CRITICAL,9.1,Excluded by solver due to resource or train-occupancy conflicts
SIG0277,SEC010,Signalling,43.1,MEDIUM,9.1,Excluded by solver due to resource or train-occupancy conflicts
SIG0282,SEC052,Signalling,80.73,CRITICAL,7.2,Excluded by solver due to resource or train-occupancy conflicts
SIG0289,SEC043,Signalling,64.3,HIGH,9.7,Excluded by solver due to resource or train-occupancy conflicts
SIG0290,SEC054,Signalling,36.8,LOW,5.6,Excluded by solver due to resource or train-occupancy conflicts
SIG0291,SEC051,Signalling,39.8,LOW,8.8,Excluded by solver due to resource or train-occupancy conflicts
SIG0298,SEC030,Signalling,65.1,HIGH,10.7,Excluded by solver due to resource or train-occupancy conflicts
SIG0303,SEC062,Signalling,59.9,MEDIUM,11.3,Excluded by solver due to resource or train-occupancy conflicts
SIG0319,SEC063,Signalling,61.1,HIGH,4.9,Excluded by solver due to resource or train-occupancy conflicts
SIG0324,SEC048,Signalling,40.37,MEDIUM,1.8,Excluded by solver due to resource or train-occupancy conflicts
SIG0325,SEC072,Signalling,94.75,CRITICAL,2.6,Excluded by solver due to resource or train-occupancy conflicts
SIG0326,SEC023,Signalling,42.07,MEDIUM,6.9,Excluded by solver due to resource or train-occupancy conflicts
SIG0337,SEC022,Signalling,61.9,HIGH,9.3,Excluded by solver due to resource or train-occupancy conflicts
SIG0345,SEC071,Signalling,62.7,HIGH,7.9,Excluded by solver due to resource or train-occupancy conflicts
SIG0349,SEC073,Signalling,60.07,HIGH,3.9,Excluded by solver due to resource or train-occupancy conflicts
SIG0356,SEC023,Signalling,66.2,HIGH,10.0,Excluded by solver due to resource or train-occupancy conflicts
SIG0357,SEC010,Signalling,44.2,MEDIUM,3.0,Excluded by solver due to resource or train-occupancy conflicts
SIG0367,SEC025,Signalling,84.1,CRITICAL,2.6,Excluded by solver due to resource or train-occupancy conflicts
SIG0377,SEC029,Signalling,63.57,HIGH,7.4,Excluded by solver due to resource or train-occupancy conflicts
SIG0382,SEC002,Signalling,62.51,HIGH,4.9,Excluded by solver due to resource or train-occupancy conflicts
SIG0388,SEC024,Signalling,40.8,MEDIUM,6.2,Excluded by solver due to resource or train-occupancy conflicts
SIG0389,SEC057,Signalling,61.56,HIGH,3.3,Excluded by solver due to resource or train-occupancy conflicts
SIG0391,SEC016,Signalling,84.4,CRITICAL,9.3,Excluded by solver due to resource or train-occupancy conflicts
SIG0401,SEC009,Signalling,27.5,LOW,3.3,Excluded by solver due to resource or train-occupancy conflicts
SIG0403,SEC061,Signalling,36.1,LOW,6.6,Excluded by solver due to resource or train-occupancy conflicts
SIG0405,SEC042,Signalling,40.7,MEDIUM,1.0,Excluded by solver due to resource or train-occupancy conflicts
SIG0406,SEC001,Signalling,25.99,LOW,5.2,Excluded by solver due to resource or train-occupancy conflicts
SIG0408,SEC011,Signalling,84.94,CRITICAL,2.2,Excluded by solver due to resource or train-occupancy conflicts
SIG0410,SEC035,Signalling,39.8,LOW,11.5,Excluded by solver due to resource or train-occupancy conflicts
SIG0415,SEC016,Signalling,44.08,MEDIUM,11.4,Excluded by solver due to resource or train-occupancy conflicts
SIG0421,SEC034,Signalling,61.36,HIGH,11.6,Excluded by solver due to resource or train-occupancy conflicts
SIG0423,SEC060,Signalling,61.5,HIGH,7.5,Excluded by solver due to resource or train-occupancy conflicts
SIG0438,SEC015,Signalling,39.8,LOW,5.3,Excluded by solver due to resource or train-occupancy conflicts
SIG0443,SEC037,Signalling,44.7,MEDIUM,6.0,Excluded by solver due to resource or train-occupancy conflicts
SIG0457,SEC008,Signalling,84.88,CRITICAL,3.4,Excluded by solver due to resource or train-occupancy conflicts
SIG0466,SEC036,Signalling,85.77,CRITICAL,7.4,Excluded by solver due to resource or train-occupancy conflicts
SIG0477,SEC062,Signalling,80.58,CRITICAL,9.3,Excluded by solver due to resource or train-occupancy conflicts
SIG0493,SEC045,Signalling,43.18,MEDIUM,9.7,Excluded by solver due to resource or train-occupancy conflicts
SIG0494,SEC035,Signalling,45.21,MEDIUM,4.4,Excluded by solver due to resource or train-occupancy conflicts
SIG0499,SEC068,Signalling,81.16,CRITICAL,5.7,Excluded by solver due to resource or train-occupancy conflicts
SIG0502,SEC068,Signalling,61.5,HIGH,2.6,Excluded by solver due to resource or train-occupancy conflicts
SIG0508,SEC048,Signalling,61.0,HIGH,4.7,Excluded by solver due to resource or train-occupancy conflicts
SIG0513,SEC071,Signalling,22.2,LOW,10.5,Excluded by solver due to resource or train-occupancy conflicts
SIG0515,SEC018,Signalling,63.06,HIGH,9.6,Excluded by solver due to resource or train-occupancy conflicts
SIG0527,SEC042,Signalling,63.8,HIGH,4.0,Excluded by solver due to resource or train-occupancy conflicts
SIG0530,SEC070,Signalling,95.06,CRITICAL,11.2,Excluded by solver due to resource or train-occupancy conflicts
SIG0539,SEC037,Signalling,46.2,MEDIUM,3.4,Excluded by solver due to resource or train-occupancy conflicts
SIG0541,SEC046,Signalling,82.0,CRITICAL,7.3,Excluded by solver due to resource or train-occupancy conflicts
SIG0543,SEC029,Signalling,41.8,MEDIUM,10.2,Excluded by solver due to resource or train-occupancy conflicts
SIG0554,SEC011,Signalling,63.3,HIGH,8.0,Excluded by solver due to resource or train-occupancy conflicts
SIG0555,SEC018,Signalling,38.4,LOW,4.7,Excluded by solver due to resource or train-occupancy conflicts
SIG0556,SEC052,Signalling,62.2,HIGH,6.4,Excluded by solver due to resource or train-occupancy conflicts
SIG0564,SEC069,Signalling,60.79,HIGH,4.0,Excluded by solver due to resource or train-occupancy conflicts
SIG0568,SEC020,Signalling,62.1,HIGH,9.4,Excluded by solver due to resource or train-occupancy conflicts
SIG0578,SEC005,Signalling,65.5,HIGH,9.4,Excluded by solver due to resource or train-occupancy conflicts
SIG0580,SEC048,Signalling,36.3,LOW,7.5,Excluded by solver due to resource or train-occupancy conflicts
SIG0591,SEC012,Signalling,62.57,HIGH,11.5,Excluded by solver due to resource or train-occupancy conflicts
SIG0594,SEC067,Signalling,82.3,CRITICAL,4.5,Excluded by solver due to resource or train-occupancy conflicts
SIG0595,SEC011,Signalling,66.4,HIGH,5.6,Excluded by solver due to resource or train-occupancy conflicts
SIG0597,SEC032,Signalling,41.11,MEDIUM,5.6,Excluded by solver due to resource or train-occupancy conflicts
SIG0598,SEC003,Signalling,63.9,HIGH,5.9,Excluded by solver due to resource or train-occupancy conflicts
SIG0605,SEC044,Signalling,37.1,LOW,11.5,Excluded by solver due to resource or train-occupancy conflicts
SIG0609,SEC050,Signalling,59.94,MEDIUM,8.9,Excluded by solver due to resource or train-occupancy conflicts
SIG0610,SEC056,Signalling,61.04,HIGH,5.6,Excluded by solver due to resource or train-occupancy conflicts
SIG0618,SEC068,Signalling,60.4,HIGH,8.6,Excluded by solver due to resource or train-occupancy conflicts
SIG0620,SEC034,Signalling,81.71,CRITICAL,7.1,Excluded by solver due to resource or train-occupancy conflicts
SIG0621,SEC044,Signalling,28.56,LOW,10.7,Excluded by solver due to resource or train-occupancy conflicts
SIG0622,SEC028,Signalling,85.7,CRITICAL,11.8,Excluded by solver due to resource or train-occupancy conflicts
SIG0623,SEC063,Signalling,79.7,HIGH,6.0,Excluded by solver due to resource or train-occupancy conflicts
SIG0624,SEC001,Signalling,64.0,HIGH,7.4,Excluded by solver due to resource or train-occupancy conflicts
SIG0632,SEC066,Signalling,95.6,CRITICAL,1.3,Excluded by solver due to resource or train-occupancy conflicts
SIG0642,SEC071,Signalling,41.0,MEDIUM,7.1,Excluded by solver due to resource or train-occupancy conflicts
SIG0646,SEC043,Signalling,29.7,LOW,6.8,Excluded by solver due to resource or train-occupancy conflicts
SIG0647,SEC047,Signalling,41.82,MEDIUM,2.1,Excluded by solver due to resource or train-occupancy conflicts
SIG0648,SEC042,Signalling,61.04,HIGH,2.6,Excluded by solver due to resource or train-occupancy conflicts
SIG0672,SEC071,Signalling,39.09,LOW,5.7,Excluded by solver due to resource or train-occupancy conflicts
SIG0673,SEC032,Signalling,38.0,LOW,4.3,Excluded by solver due to resource or train-occupancy conflicts
SIG0677,SEC007,Signalling,34.79,LOW,10.5,Excluded by solver due to resource or train-occupancy conflicts
SIG0681,SEC045,Signalling,61.65,HIGH,4.4,Excluded by solver due to resource or train-occupancy conflicts
SIG0682,SEC047,Signalling,40.1,MEDIUM,2.2,Excluded by solver due to resource or train-occupancy conflicts
SIG0686,SEC061,Signalling,58.9,MEDIUM,7.0,Excluded by solver due to resource or train-occupancy conflicts
SIG0690,SEC043,Signalling,39.5,LOW,5.8,Excluded by solver due to resource or train-occupancy conflicts
SIG0703,SEC013,Signalling,84.2,CRITICAL,8.9,Excluded by solver due to resource or train-occupancy conflicts
SIG0711,SEC028,Signalling,65.2,HIGH,3.5,Excluded by solver due to resource or train-occupancy conflicts
SIG0715,SEC074,Signalling,61.9,HIGH,7.8,Excluded by solver due to resource or train-occupancy conflicts
SIG0721,SEC064,Signalling,95.3,CRITICAL,6.2,Excluded by solver due to resource or train-occupancy conflicts
SIG0724,SEC045,Signalling,37.01,LOW,2.0,Excluded by solver due to resource or train-occupancy conflicts
SIG0725,SEC054,Signalling,81.4,CRITICAL,6.2,Excluded by solver due to resource or train-occupancy conflicts
SIG0728,SEC075,Signalling,61.05,HIGH,1.4,Excluded by solver due to resource or train-occupancy conflicts
SIG0729,SEC062,Signalling,60.87,HIGH,9.5,Excluded by solver due to resource or train-occupancy conflicts
SIG0731,SEC027,Signalling,61.6,HIGH,12.0,Excluded by solver due to resource or train-occupancy conflicts
SIG0734,SEC030,Signalling,62.2,HIGH,4.6,Excluded by solver due to resource or train-occupancy conflicts
SIG0739,SEC027,Signalling,62.3,HIGH,5.4,Excluded by solver due to resource or train-occupancy conflicts
SIG0740,SEC005,Signalling,85.69,CRITICAL,1.8,Excluded by solver due to resource or train-occupancy conflicts
SIG0746,SEC069,Signalling,60.6,HIGH,9.0,Excluded by solver due to resource or train-occupancy conflicts
SIG0747,SEC051,Signalling,21.4,LOW,11.9,Excluded by solver due to resource or train-occupancy conflicts
SIG0750,SEC061,Signalling,60.41,HIGH,8.1,Excluded by solver due to resource or train-occupancy conflicts
SIG0753,SEC028,Signalling,28.0,LOW,4.4,Excluded by solver due to resource or train-occupancy conflicts
SIG0760,SEC057,Signalling,62.92,HIGH,1.6,Excluded by solver due to resource or train-occupancy conflicts
SIG0766,SEC055,Signalling,35.1,LOW,6.6,Excluded by solver due to resource or train-occupancy conflicts
SIG0768,SEC014,Signalling,29.6,LOW,6.3,Excluded by solver due to resource or train-occupancy conflicts
SIG0769,SEC001,Signalling,42.3,MEDIUM,5.8,Excluded by solver due to resource or train-occupancy conflicts
SIG0771,SEC030,Signalling,63.55,HIGH,4.0,Excluded by solver due to resource or train-occupancy conflicts
SIG0775,SEC035,Signalling,39.7,LOW,11.5,Excluded by solver due to resource or train-occupancy conflicts
SIG0776,SEC026,Signalling,67.1,HIGH,2.2,Excluded by solver due to resource or train-occupancy conflicts
SIG0787,SEC030,Signalling,64.2,HIGH,7.7,Excluded by solver due to resource or train-occupancy conflicts
SIG0788,SEC036,Signalling,66.5,HIGH,4.2,Excluded by solver due to resource or train-occupancy conflicts
SIG0789,SEC003,Signalling,63.4,HIGH,1.3,Excluded by solver due to resource or train-occupancy conflicts
SIG0791,SEC033,Signalling,44.2,MEDIUM,7.0,Excluded by solver due to resource or train-occupancy conflicts
SIG0793,SEC036,Signalling,27.2,LOW,1.4,Excluded by solver due to resource or train-occupancy conflicts
SIG0794,SEC023,Signalling,41.09,MEDIUM,8.2,Excluded by solver due to resource or train-occupancy conflicts
SIG0797,SEC050,Signalling,79.9,HIGH,2.6,Excluded by solver due to resource or train-occupancy conflicts
SIG0798,SEC059,Signalling,60.2,HIGH,10.0,Excluded by solver due to resource or train-occupancy conflicts
SIG0807,SEC006,Signalling,65.8,HIGH,1.4,Excluded by solver due to resource or train-occupancy conflicts
SIG0810,SEC075,Signalling,40.4,MEDIUM,2.7,Excluded by solver due to resource or train-occupancy conflicts
SIG0823,SEC053,Signalling,62.9,HIGH,4.9,Excluded by solver due to resource or train-occupancy conflicts
SIG0839,SEC063,Signalling,79.7,HIGH,5.1,Excluded by solver due to resource or train-occupancy conflicts
SIG0840,SEC064,Signalling,36.0,LOW,3.7,Excluded by solver due to resource or train-occupancy conflicts
SIG0848,SEC021,Signalling,84.3,CRITICAL,10.3,Excluded by solver due to resource or train-occupancy conflicts
SIG0850,SEC032,Signalling,38.2,LOW,3.9,Excluded by solver due to resource or train-occupancy conflicts
SIG0861,SEC040,Signalling,24.2,LOW,5.3,Excluded by solver due to resource or train-occupancy conflicts
SIG0868,SEC037,Signalling,64.2,HIGH,11.9,Excluded by solver due to resource or train-occupancy conflicts
SIG0869,SEC044,Signalling,39.5,LOW,3.6,Excluded by solver due to resource or train-occupancy conflicts
SIG0872,SEC045,Signalling,35.9,LOW,8.8,Excluded by solver due to resource or train-occupancy conflicts
SIG0875,SEC011,Signalling,45.1,MEDIUM,9.4,Excluded by solver due to resource or train-occupancy conflicts
SIG0883,SEC061,Signalling,38.35,LOW,2.2,Excluded by solver due to resource or train-occupancy conflicts
SIG0890,SEC006,Signalling,65.5,HIGH,3.8,Excluded by solver due to resource or train-occupancy conflicts
SIG0891,SEC005,Signalling,85.01,CRITICAL,10.0,Excluded by solver due to resource or train-occupancy conflicts
SIG0892,SEC019,Signalling,66.3,HIGH,8.2,Excluded by solver due to resource or train-occupancy conflicts
SIG0902,SEC075,Signalling,61.5,HIGH,9.9,Excluded by solver due to resource or train-occupancy conflicts
SIG0904,SEC016,Signalling,63.5,HIGH,7.7,Excluded by solver due to resource or train-occupancy conflicts
SIG0908,SEC038,Signalling,62.23,HIGH,7.5,Excluded by solver due to resource or train-occupancy conflicts
SIG0909,SEC038,Signalling,37.8,LOW,4.7,Excluded by solver due to resource or train-occupancy conflicts
SIG0913,SEC058,Signalling,60.92,HIGH,4.6,Excluded by solver due to resource or train-occupancy conflicts
SIG0917,SEC024,Signalling,62.0,HIGH,3.2,Excluded by solver due to resource or train-occupancy conflicts
SIG0926,SEC055,Signalling,80.5,CRITICAL,9.9,Excluded by solver due to resource or train-occupancy conflicts
SIG0930,SEC035,Signalling,33.8,LOW,5.0,Excluded by solver due to resource or train-occupancy conflicts
SIG0936,SEC073,Signalling,60.5,HIGH,6.6,Excluded by solver due to resource or train-occupancy conflicts
SIG0939,SEC053,Signalling,24.7,LOW,1.7,Excluded by solver due to resource or train-occupancy conflicts
SIG0940,SEC030,Signalling,26.7,LOW,4.1,Excluded by solver due to resource or train-occupancy conflicts
SIG0953,SEC037,Signalling,85.34,CRITICAL,6.7,Excluded by solver due to resource or train-occupancy conflicts
SIG0956,SEC032,Signalling,83.5,CRITICAL,3.0,Excluded by solver due to resource or train-occupancy conflicts
SIG0961,SEC001,Signalling,29.2,LOW,5.1,Excluded by solver due to resource or train-occupancy conflicts
SIG0970,SEC044,Signalling,82.8,CRITICAL,3.8,Excluded by solver due to resource or train-occupancy conflicts
SIG0973,SEC024,Signalling,62.7,HIGH,4.0,Excluded by solver due to resource or train-occupancy conflicts
SIG0978,SEC029,Signalling,98.6,CRITICAL,9.6,Excluded by solver due to resource or train-occupancy conflicts
SIG0986,SEC020,Signalling,28.79,LOW,11.1,Excluded by solver due to resource or train-occupancy conflicts
SIG0994,SEC064,Signalling,61.5,HIGH,4.4,Excluded by solver due to resource or train-occupancy conflicts
SIG0996,SEC008,Signalling,43.8,MEDIUM,7.4,Excluded by solver due to resource or train-occupancy conflicts
SIG1005,SEC010,Signalling,25.2,LOW,9.8,Excluded by solver due to resource or train-occupancy conflicts
SIG1012,SEC032,Signalling,83.2,CRITICAL,6.2,Excluded by solver due to resource or train-occupancy conflicts
SIG1027,SEC050,Signalling,61.0,HIGH,7.6,Excluded by solver due to resource or train-occupancy conflicts
SIG1031,SEC011,Signalling,44.7,MEDIUM,6.6,Excluded by solver due to resource or train-occupancy conflicts
SIG1032,SEC002,Signalling,96.1,CRITICAL,10.2,Excluded by solver due to resource or train-occupancy conflicts
SIG1036,SEC064,Signalling,81.9,CRITICAL,9.0,Excluded by solver due to resource or train-occupancy conflicts
SIG1039,SEC064,Signalling,61.1,HIGH,11.8,Excluded by solver due to resource or train-occupancy conflicts
SIG1056,SEC072,Signalling,60.5,HIGH,4.5,Excluded by solver due to resource or train-occupancy conflicts
SIG1059,SEC023,Signalling,98.6,CRITICAL,2.2,Excluded by solver due to resource or train-occupancy conflicts
SIG1063,SEC064,Signalling,80.3,CRITICAL,11.4,Excluded by solver due to resource or train-occupancy conflicts
SIG1072,SEC021,Signalling,84.3,CRITICAL,2.9,Excluded by solver due to resource or train-occupancy conflicts
SIG1074,SEC036,Signalling,40.1,MEDIUM,2.7,Excluded by solver due to resource or train-occupancy conflicts
SIG1078,SEC070,Signalling,59.7,MEDIUM,10.1,Excluded by solver due to resource or train-occupancy conflicts
SIG1086,SEC064,Signalling,31.2,LOW,7.7,Excluded by solver due to resource or train-occupancy conflicts
SIG1087,SEC034,Signalling,22.8,LOW,5.3,Excluded by solver due to resource or train-occupancy conflicts
SIG1092,SEC073,Signalling,61.64,HIGH,3.8,Excluded by solver due to resource or train-occupancy conflicts
SIG1101,SEC057,Signalling,61.0,HIGH,6.1,Excluded by solver due to resource or train-occupancy conflicts
SIG1105,SEC030,Signalling,39.8,LOW,2.7,Excluded by solver due to resource or train-occupancy conflicts
SIG1109,SEC070,Signalling,94.4,CRITICAL,5.6,Excluded by solver due to resource or train-occupancy conflicts
SIG1110,SEC015,Signalling,39.19,LOW,11.4,Excluded by solver due to resource or train-occupancy conflicts
SIG1118,SEC017,Signalling,64.9,HIGH,9.7,Excluded by solver due to resource or train-occupancy conflicts
SIG1128,SEC035,Signalling,44.02,MEDIUM,2.7,Excluded by solver due to resource or train-occupancy conflicts
SIG1129,SEC010,Signalling,64.4,HIGH,4.9,Excluded by solver due to resource or train-occupancy conflicts
SIG1138,SEC051,Signalling,39.82,LOW,2.3,Excluded by solver due to resource or train-occupancy conflicts
SIG1145,SEC044,Signalling,63.5,HIGH,4.2,Excluded by solver due to resource or train-occupancy conflicts
SIG1148,SEC002,Signalling,36.8,LOW,7.0,Excluded by solver due to resource or train-occupancy conflicts
SIG1151,SEC002,Signalling,83.31,CRITICAL,8.8,Excluded by solver due to resource or train-occupancy conflicts
SIG1156,SEC011,Signalling,63.5,HIGH,4.7,Excluded by solver due to resource or train-occupancy conflicts
SIG1158,SEC069,Signalling,60.4,HIGH,11.5,Excluded by solver due to resource or train-occupancy conflicts
SIG1162,SEC041,Signalling,36.6,LOW,4.4,Excluded by solver due to resource or train-occupancy conflicts
SIG1170,SEC030,Signalling,97.7,CRITICAL,11.1,Excluded by solver due to resource or train-occupancy conflicts
SIG1173,SEC004,Signalling,35.1,LOW,7.1,Excluded by solver due to resource or train-occupancy conflicts
SIG1177,SEC031,Signalling,84.1,CRITICAL,2.0,Excluded by solver due to resource or train-occupancy conflicts
SIG1182,SEC048,Signalling,82.55,CRITICAL,3.5,Excluded by solver due to resource or train-occupancy conflicts
SIG1183,SEC036,Signalling,46.1,MEDIUM,8.4,Excluded by solver due to resource or train-occupancy conflicts
SIG1185,SEC028,Signalling,44.1,MEDIUM,5.2,Excluded by solver due to resource or train-occupancy conflicts
SIG1190,SEC001,Signalling,98.0,CRITICAL,10.4,Excluded by solver due to resource or train-occupancy conflicts
SIG1194,SEC062,Signalling,61.1,HIGH,1.5,Excluded by solver due to resource or train-occupancy conflicts
SIG1196,SEC007,Signalling,98.3,CRITICAL,10.7,Excluded by solver due to resource or train-occupancy conflicts
SIG1197,SEC066,Signalling,95.7,CRITICAL,1.3,Excluded by solver due to resource or train-occupancy conflicts
SIG1201,SEC011,Signalling,63.1,HIGH,10.3,Excluded by solver due to resource or train-occupancy conflicts
SIG1206,SEC042,Signalling,26.55,LOW,2.9,Excluded by solver due to resource or train-occupancy conflicts
SIG1215,SEC058,Signalling,95.16,CRITICAL,1.6,Excluded by solver due to resource or train-occupancy conflicts
SIG1216,SEC060,Signalling,94.2,CRITICAL,8.2,Excluded by solver due to resource or train-occupancy conflicts
SIG1221,SEC023,Signalling,97.7,CRITICAL,9.0,Excluded by solver due to resource or train-occupancy conflicts
SIG1231,SEC069,Signalling,94.4,CRITICAL,4.0,Excluded by solver due to resource or train-occupancy conflicts
SIG1235,SEC073,Signalling,61.4,HIGH,2.3,Excluded by solver due to resource or train-occupancy conflicts
SIG1237,SEC003,Signalling,63.7,HIGH,3.5,Excluded by solver due to resource or train-occupancy conflicts
SIG1242,SEC021,Signalling,83.85,CRITICAL,1.1,Excluded by solver due to resource or train-occupancy conflicts
SIG1246,SEC071,Signalling,80.9,CRITICAL,3.2,Excluded by solver due to resource or train-occupancy conflicts
SIG1248,SEC018,Signalling,84.44,CRITICAL,4.5,Excluded by solver due to resource or train-occupancy conflicts
SIG1249,SEC065,Signalling,38.0,LOW,6.2,Excluded by solver due to resource or train-occupancy conflicts
SIG1250,SEC043,Signalling,41.9,MEDIUM,1.5,Excluded by solver due to resource or train-occupancy conflicts
SIG1251,SEC022,Signalling,32.9,LOW,3.6,Excluded by solver due to resource or train-occupancy conflicts
SIG1255,SEC052,Signalling,36.2,LOW,11.8,Excluded by solver due to resource or train-occupancy conflicts
SIG1262,SEC068,Signalling,61.8,HIGH,2.0,Excluded by solver due to resource or train-occupancy conflicts
SIG1268,SEC066,Signalling,60.98,HIGH,7.1,Excluded by solver due to resource or train-occupancy conflicts
SIG1273,SEC048,Signalling,41.41,MEDIUM,3.2,Excluded by solver due to resource or train-occupancy conflicts
SIG1275,SEC020,Signalling,39.01,LOW,4.8,Excluded by solver due to resource or train-occupancy conflicts
SIG1285,SEC029,Signalling,84.21,CRITICAL,9.9,Excluded by solver due to resource or train-occupancy conflicts
SIG1291,SEC037,Signalling,44.0,MEDIUM,4.4,Excluded by solver due to resource or train-occupancy conflicts
SIG1294,SEC026,Signalling,85.7,CRITICAL,11.8,Excluded by solver due to resource or train-occupancy conflicts
SIG1297,SEC060,Signalling,25.27,LOW,11.5,Excluded by solver due to resource or train-occupancy conflicts
SIG1303,SEC060,Signalling,61.7,HIGH,7.7,Excluded by solver due to resource or train-occupancy conflicts
SIG1305,SEC006,Signalling,65.69,HIGH,9.1,Excluded by solver due to resource or train-occupancy conflicts
SIG1308,SEC039,Signalling,62.8,HIGH,8.8,Excluded by solver due to resource or train-occupancy conflicts
SIG1310,SEC025,Signalling,45.1,MEDIUM,7.1,Excluded by solver due to resource or train-occupancy conflicts
SIG1314,SEC040,Signalling,80.92,CRITICAL,1.8,Excluded by solver due to resource or train-occupancy conflicts
SIG1315,SEC004,Signalling,62.8,HIGH,2.6,Excluded by solver due to resource or train-occupancy conflicts
SIG1320,SEC033,Signalling,36.0,LOW,5.4,Excluded by solver due to resource or train-occupancy conflicts
SIG1323,SEC034,Signalling,81.8,CRITICAL,11.0,Excluded by solver due to resource or train-occupancy conflicts
SIG1330,SEC053,Signalling,61.18,HIGH,10.4,Excluded by solver due to resource or train-occupancy conflicts
SIG1332,SEC053,Signalling,40.8,MEDIUM,1.2,Excluded by solver due to resource or train-occupancy conflicts
SIG1334,SEC075,Signalling,38.2,LOW,12.0,Excluded by solver due to resource or train-occupancy conflicts
SIG1336,SEC063,Signalling,60.4,HIGH,3.5,Excluded by solver due to resource or train-occupancy conflicts
SIG1341,SEC037,Signalling,84.1,CRITICAL,7.8,Excluded by solver due to resource or train-occupancy conflicts
SIG1352,SEC072,Signalling,59.89,MEDIUM,6.1,Excluded by solver due to resource or train-occupancy conflicts
SIG1357,SEC030,Signalling,39.6,LOW,10.8,Excluded by solver due to resource or train-occupancy conflicts
SIG1361,SEC009,Signalling,63.6,HIGH,4.2,Excluded by solver due to resource or train-occupancy conflicts
SIG1371,SEC073,Signalling,62.16,HIGH,5.2,Excluded by solver due to resource or train-occupancy conflicts
SIG1375,SEC075,Signalling,61.7,HIGH,7.6,Excluded by solver due to resource or train-occupancy conflicts
SIG1381,SEC060,Signalling,39.1,LOW,12.0,Excluded by solver due to resource or train-occupancy conflicts
SIG1384,SEC029,Signalling,64.52,HIGH,5.4,Excluded by solver due to resource or train-occupancy conflicts
SIG1388,SEC010,Signalling,40.5,MEDIUM,6.3,Excluded by solver due to resource or train-occupancy conflicts
SIG1391,SEC052,Signalling,81.4,CRITICAL,4.6,Excluded by solver due to resource or train-occupancy conflicts
SIG1405,SEC062,Signalling,80.32,CRITICAL,1.7,Excluded by solver due to resource or train-occupancy conflicts
SIG1406,SEC059,Signalling,37.1,LOW,1.2,Excluded by solver due to resource or train-occupancy conflicts
SIG1409,SEC062,Signalling,37.6,LOW,8.1,Excluded by solver due to resource or train-occupancy conflicts
SIG1412,SEC036,Signalling,66.5,HIGH,3.2,Excluded by solver due to resource or train-occupancy conflicts
SIG1413,SEC060,Signalling,80.8,CRITICAL,6.5,Excluded by solver due to resource or train-occupancy conflicts
SIG1414,SEC013,Signalling,42.34,MEDIUM,11.9,Excluded by solver due to resource or train-occupancy conflicts
SIG1419,SEC046,Signalling,43.5,MEDIUM,10.9,Excluded by solver due to resource or train-occupancy conflicts
SIG1421,SEC016,Signalling,42.2,MEDIUM,5.9,Excluded by solver due to resource or train-occupancy conflicts
SIG1422,SEC012,Signalling,83.34,CRITICAL,4.1,Excluded by solver due to resource or train-occupancy conflicts
SIG1423,SEC066,Signalling,95.0,CRITICAL,8.3,Excluded by solver due to resource or train-occupancy conflicts
SIG1432,SEC017,Signalling,62.0,HIGH,9.3,Excluded by solver due to resource or train-occupancy conflicts
SIG1434,SEC004,Signalling,65.2,HIGH,10.8,Excluded by solver due to resource or train-occupancy conflicts
SIG1442,SEC035,Signalling,64.4,HIGH,8.5,Excluded by solver due to resource or train-occupancy conflicts
SIG1444,SEC043,Signalling,39.9,LOW,1.6,Excluded by solver due to resource or train-occupancy conflicts
SIG1446,SEC062,Signalling,22.7,LOW,4.4,Excluded by solver due to resource or train-occupancy conflicts
SIG1448,SEC041,Signalling,25.2,LOW,8.0,Excluded by solver due to resource or train-occupancy conflicts
SIG1455,SEC012,Signalling,97.03,CRITICAL,8.2,Excluded by solver due to resource or train-occupancy conflicts
SIG1458,SEC055,Signalling,37.9,LOW,1.8,Excluded by solver due to resource or train-occupancy conflicts
SIG1461,SEC063,Signalling,79.9,HIGH,9.8,Excluded by solver due to resource or train-occupancy conflicts
SIG1462,SEC035,Signalling,66.0,HIGH,10.0,Excluded by solver due to resource or train-occupancy conflicts
SIG1465,SEC033,Signalling,84.5,CRITICAL,5.4,Excluded by solver due to resource or train-occupancy conflicts
SIG1479,SEC019,Signalling,84.79,CRITICAL,8.3,Excluded by solver due to resource or train-occupancy conflicts
SIG1481,SEC047,Signalling,79.7,HIGH,10.4,Excluded by solver due to resource or train-occupancy conflicts
SIG1491,SEC053,Signalling,42.5,MEDIUM,4.4,Excluded by solver due to resource or train-occupancy conflicts
SIG1500,SEC048,Signalling,60.95,HIGH,7.5,Excluded by solver due to resource or train-occupancy conflicts
SIG1508,SEC001,Signalling,44.7,MEDIUM,8.8,Excluded by solver due to resource or train-occupancy conflicts
SIG1509,SEC058,Signalling,36.4,LOW,7.2,Excluded by solver due to resource or train-occupancy conflicts
SIG1519,SEC055,Signalling,60.04,HIGH,9.6,Excluded by solver due to resource or train-occupancy conflicts
SIG1520,SEC030,Signalling,41.4,MEDIUM,10.4,Excluded by solver due to resource or train-occupancy conflicts
SIG1528,SEC061,Signalling,81.5,CRITICAL,7.7,Excluded by solver due to resource or train-occupancy conflicts
SIG1530,SEC036,Signalling,31.1,LOW,4.6,Excluded by solver due to resource or train-occupancy conflicts
SIG1532,SEC053,Signalling,41.4,MEDIUM,6.3,Excluded by solver due to resource or train-occupancy conflicts
SIG1537,SEC016,Signalling,84.39,CRITICAL,6.8,Excluded by solver due to resource or train-occupancy conflicts
SIG1539,SEC027,Signalling,82.9,CRITICAL,7.1,Excluded by solver due to resource or train-occupancy conflicts
SIG1543,SEC022,Signalling,63.2,HIGH,10.8,Excluded by solver due to resource or train-occupancy conflicts
SIG1546,SEC046,Signalling,60.8,HIGH,7.7,Excluded by solver due to resource or train-occupancy conflicts
SIG1547,SEC023,Signalling,85.0,CRITICAL,11.0,Excluded by solver due to resource or train-occupancy conflicts
SIG1550,SEC051,Signalling,23.6,LOW,11.7,Excluded by solver due to resource or train-occupancy conflicts
SIG1560,SEC050,Signalling,94.8,CRITICAL,11.3,Excluded by solver due to resource or train-occupancy conflicts
SIG1561,SEC007,Signalling,43.34,MEDIUM,7.5,Excluded by solver due to resource or train-occupancy conflicts
SIG1566,SEC058,Signalling,81.0,CRITICAL,9.8,Excluded by solver due to resource or train-occupancy conflicts
SIG1569,SEC059,Signalling,59.85,MEDIUM,8.1,Excluded by solver due to resource or train-occupancy conflicts
SIG1573,SEC046,Signalling,80.7,CRITICAL,3.2,Excluded by solver due to resource or train-occupancy conflicts
SIG1576,SEC057,Signalling,82.24,CRITICAL,7.8,Excluded by solver due to resource or train-occupancy conflicts
SIG1584,SEC049,Signalling,62.22,HIGH,8.5,Excluded by solver due to resource or train-occupancy conflicts
SIG1586,SEC067,Signalling,37.1,LOW,2.8,Excluded by solver due to resource or train-occupancy conflicts
SIG1595,SEC046,Signalling,41.9,MEDIUM,1.0,Excluded by solver due to resource or train-occupancy conflicts
SIG1599,SEC017,Signalling,45.12,MEDIUM,3.4,Excluded by solver due to resource or train-occupancy conflicts
SIG1602,SEC008,Signalling,33.0,LOW,6.2,Excluded by solver due to resource or train-occupancy conflicts
SIG1603,SEC036,Signalling,67.0,HIGH,7.0,Excluded by solver due to resource or train-occupancy conflicts
SIG1606,SEC033,Signalling,42.42,MEDIUM,9.2,Excluded by solver due to resource or train-occupancy conflicts
SIG1610,SEC066,Signalling,60.79,HIGH,11.3,Excluded by solver due to resource or train-occupancy conflicts
SIG1612,SEC033,Signalling,65.51,HIGH,6.5,Excluded by solver due to resource or train-occupancy conflicts
SIG1613,SEC067,Signalling,39.3,LOW,3.8,Excluded by solver due to resource or train-occupancy conflicts
SIG1618,SEC070,Signalling,35.94,LOW,11.6,Excluded by solver due to resource or train-occupancy conflicts
SIG1625,SEC005,Signalling,26.1,LOW,2.8,Excluded by solver due to resource or train-occupancy conflicts
SIG1628,SEC030,Signalling,39.1,LOW,2.0,Excluded by solver due to resource or train-occupancy conflicts
SIG1631,SEC058,Signalling,63.3,HIGH,5.5,Excluded by solver due to resource or train-occupancy conflicts
SIG1632,SEC010,Signalling,40.5,MEDIUM,2.2,Excluded by solver due to resource or train-occupancy conflicts
SIG1637,SEC056,Signalling,82.04,CRITICAL,2.0,Excluded by solver due to resource or train-occupancy conflicts
SIG1647,SEC042,Signalling,63.1,HIGH,6.6,Excluded by solver due to resource or train-occupancy conflicts
SIG1649,SEC027,Signalling,82.5,CRITICAL,6.1,Excluded by solver due to resource or train-occupancy conflicts
SIG1657,SEC058,Signalling,81.0,CRITICAL,7.9,Excluded by solver due to resource or train-occupancy conflicts
SIG1662,SEC073,Signalling,35.7,LOW,10.9,Excluded by solver due to resource or train-occupancy conflicts
SIG1663,SEC002,Signalling,63.8,HIGH,10.4,Excluded by solver due to resource or train-occupancy conflicts
SIG1664,SEC055,Signalling,39.12,LOW,10.5,Excluded by solver due to resource or train-occupancy conflicts
SIG1665,SEC043,Signalling,63.06,HIGH,3.7,Excluded by solver due to resource or train-occupancy conflicts
SIG1676,SEC055,Signalling,62.1,HIGH,4.6,Excluded by solver due to resource or train-occupancy conflicts
SIG1688,SEC049,Signalling,39.7,LOW,5.0,Excluded by solver due to resource or train-occupancy conflicts
SIG1692,SEC009,Signalling,32.7,LOW,2.4,Excluded by solver due to resource or train-occupancy conflicts
SIG1694,SEC002,Signalling,62.9,HIGH,11.1,Excluded by solver due to resource or train-occupancy conflicts
SIG1701,SEC024,Signalling,64.3,HIGH,9.7,Excluded by solver due to resource or train-occupancy conflicts
SIG1704,SEC025,Signalling,65.84,HIGH,7.0,Excluded by solver due to resource or train-occupancy conflicts
SIG1705,SEC072,Signalling,61.07,HIGH,6.6,Excluded by solver due to resource or train-occupancy conflicts
SIG1714,SEC059,Signalling,61.27,HIGH,10.4,Excluded by solver due to resource or train-occupancy conflicts
SIG1720,SEC013,Signalling,39.74,LOW,10.6,Excluded by solver due to resource or train-occupancy conflicts
SIG1721,SEC056,Signalling,40.9,MEDIUM,8.7,Excluded by solver due to resource or train-occupancy conflicts
SIG1722,SEC037,Signalling,85.01,CRITICAL,3.0,Excluded by solver due to resource or train-occupancy conflicts
SIG1723,SEC074,Signalling,95.17,CRITICAL,5.8,Excluded by solver due to resource or train-occupancy conflicts
SIG1732,SEC071,Signalling,61.17,HIGH,10.6,Excluded by solver due to resource or train-occupancy conflicts
SIG1738,SEC073,Signalling,81.3,CRITICAL,8.0,Excluded by solver due to resource or train-occupancy conflicts
SIG1741,SEC043,Signalling,96.7,CRITICAL,9.9,Excluded by solver due to resource or train-occupancy conflicts
SIG1745,SEC075,Signalling,80.8,CRITICAL,6.4,Excluded by solver due to resource or train-occupancy conflicts
SIG1749,SEC003,Signalling,40.2,MEDIUM,10.0,Excluded by solver due to resource or train-occupancy conflicts
SIG1751,SEC010,Signalling,66.0,HIGH,1.5,Excluded by solver due to resource or train-occupancy conflicts
SIG1755,SEC039,Signalling,30.9,LOW,7.2,Excluded by solver due to resource or train-occupancy conflicts
SIG1757,SEC043,Signalling,63.0,HIGH,2.9,Excluded by solver due to resource or train-occupancy conflicts
SIG1760,SEC009,Signalling,63.9,HIGH,9.0,Excluded by solver due to resource or train-occupancy conflicts
SIG1765,SEC072,Signalling,80.65,CRITICAL,8.9,Excluded by solver due to resource or train-occupancy conflicts
SIG1766,SEC070,Signalling,61.7,HIGH,5.9,Excluded by solver due to resource or train-occupancy conflicts
SIG1774,SEC052,Signalling,60.08,HIGH,5.3,Excluded by solver due to resource or train-occupancy conflicts
SIG1778,SEC057,Signalling,96.8,CRITICAL,3.6,Excluded by solver due to resource or train-occupancy conflicts
SIG1781,SEC012,Signalling,64.3,HIGH,6.4,Excluded by solver due to resource or train-occupancy conflicts
SIG1782,SEC038,Signalling,97.3,CRITICAL,6.1,Excluded by solver due to resource or train-occupancy conflicts
SIG1784,SEC064,Signalling,63.1,HIGH,1.4,Excluded by solver due to resource or train-occupancy conflicts
SIG1785,SEC049,Signalling,95.9,CRITICAL,8.9,Excluded by solver due to resource or train-occupancy conflicts
SIG1786,SEC021,Signalling,83.2,CRITICAL,4.9,Excluded by solver due to resource or train-occupancy conflicts
SIG1788,SEC011,Signalling,98.2,CRITICAL,6.6,Excluded by solver due to resource or train-occupancy conflicts
SIG1789,SEC013,Signalling,84.5,CRITICAL,2.0,Excluded by solver due to resource or train-occupancy conflicts
SIG1792,SEC065,Signalling,38.08,LOW,9.3,Excluded by solver due to resource or train-occupancy conflicts
SIG1793,SEC042,Signalling,81.9,CRITICAL,1.2,Excluded by solver due to resource or train-occupancy conflicts
SIG1795,SEC017,Signalling,38.53,LOW,4.8,Excluded by solver due to resource or train-occupancy conflicts
SIG1797,SEC066,Signalling,60.1,HIGH,10.9,Excluded by solver due to resource or train-occupancy conflicts
SIG1803,SEC011,Signalling,66.0,HIGH,6.0,Excluded by solver due to resource or train-occupancy conflicts
SIG1819,SEC063,Signalling,59.1,MEDIUM,11.6,Excluded by solver due to resource or train-occupancy conflicts
SIG1845,SEC061,Signalling,60.5,HIGH,1.3,Excluded by solver due to resource or train-occupancy conflicts
SIG1849,SEC048,Signalling,39.8,LOW,3.4,Excluded by solver due to resource or train-occupancy conflicts
SIG1854,SEC014,Signalling,98.2,CRITICAL,9.7,Excluded by solver due to resource or train-occupancy conflicts
SIG1858,SEC037,Signalling,41.4,MEDIUM,9.2,Excluded by solver due to resource or train-occupancy conflicts
SIG1862,SEC021,Signalling,84.3,CRITICAL,4.6,Excluded by solver due to resource or train-occupancy conflicts
SIG1863,SEC032,Signalling,36.9,LOW,10.3,Excluded by solver due to resource or train-occupancy conflicts
SIG1874,SEC024,Signalling,42.8,MEDIUM,5.4,Excluded by solver due to resource or train-occupancy conflicts
SIG1884,SEC037,Signalling,65.5,HIGH,3.2,Excluded by solver due to resource or train-occupancy conflicts
SIG1896,SEC052,Signalling,27.98,LOW,7.3,Excluded by solver due to resource or train-occupancy conflicts
SIG1906,SEC055,Signalling,80.9,CRITICAL,8.2,Excluded by solver due to resource or train-occupancy conflicts
SIG1912,SEC075,Signalling,58.8,MEDIUM,4.2,Excluded by solver due to resource or train-occupancy conflicts
SIG1918,SEC044,Signalling,81.9,CRITICAL,7.8,Excluded by solver due to resource or train-occupancy conflicts
SIG1919,SEC015,Signalling,63.2,HIGH,3.1,Excluded by solver due to resource or train-occupancy conflicts
SIG1922,SEC061,Signalling,60.98,HIGH,11.3,Excluded by solver due to resource or train-occupancy conflicts
SIG1930,SEC014,Signalling,66.0,HIGH,11.2,Excluded by solver due to resource or train-occupancy conflicts
SIG1931,SEC020,Signalling,63.03,HIGH,5.6,Excluded by solver due to resource or train-occupancy conflicts
SIG1936,SEC021,Signalling,65.5,HIGH,8.2,Excluded by solver due to resource or train-occupancy conflicts
SIG1939,SEC064,Signalling,62.0,HIGH,12.0,Excluded by solver due to resource or train-occupancy conflicts
SIG1949,SEC001,Signalling,98.2,CRITICAL,1.8,Excluded by solver due to resource or train-occupancy conflicts
SIG1950,SEC005,Signalling,67.1,HIGH,10.8,Excluded by solver due to resource or train-occupancy conflicts
SIG1951,SEC042,Signalling,43.52,MEDIUM,3.8,Excluded by solver due to resource or train-occupancy conflicts
SIG1952,SEC033,Signalling,98.8,CRITICAL,8.2,Excluded by solver due to resource or train-occupancy conflicts
SIG1955,SEC051,Signalling,80.5,CRITICAL,3.4,Excluded by solver due to resource or train-occupancy conflicts
SIG1960,SEC070,Signalling,59.3,MEDIUM,6.0,Excluded by solver due to resource or train-occupancy conflicts
SIG1969,SEC055,Signalling,39.1,LOW,5.2,Excluded by solver due to resource or train-occupancy conflicts
SIG1972,SEC036,Signalling,65.0,HIGH,9.6,Excluded by solver due to resource or train-occupancy conflicts
SIG1979,SEC062,Signalling,35.3,LOW,1.1,Excluded by solver due to resource or train-occupancy conflicts
SIG1993,SEC011,Signalling,63.51,HIGH,4.8,Excluded by solver due to resource or train-occupancy conflicts
SIG1996,SEC017,Signalling,64.0,HIGH,2.1,Excluded by solver due to resource or train-occupancy conflicts
SIG1997,SEC021,Signalling,62.8,HIGH,10.5,Excluded by solver due to resource or train-occupancy conflicts
SIG2006,SEC021,Signalling,63.7,HIGH,9.7,Excluded by solver due to resource or train-occupancy conflicts
SIG2007,SEC036,Signalling,36.2,LOW,4.4,Excluded by solver due to resource or train-occupancy conflicts
SIG2011,SEC024,Signalling,83.5,CRITICAL,4.8,Excluded by solver due to resource or train-occupancy conflicts
SIG2015,SEC029,Signalling,65.3,HIGH,6.3,Excluded by solver due to resource or train-occupancy conflicts
SIG2019,SEC004,Signalling,62.41,HIGH,3.8,Excluded by solver due to resource or train-occupancy conflicts
SIG2024,SEC075,Signalling,37.3,LOW,1.2,Excluded by solver due to resource or train-occupancy conflicts
SIG2028,SEC075,Signalling,61.7,HIGH,1.9,Excluded by solver due to resource or train-occupancy conflicts
SIG2030,SEC056,Signalling,81.2,CRITICAL,9.6,Excluded by solver due to resource or train-occupancy conflicts
SIG2032,SEC016,Signalling,64.4,HIGH,5.6,Excluded by solver due to resource or train-occupancy conflicts
SIG2041,SEC061,Signalling,30.8,LOW,5.7,Excluded by solver due to resource or train-occupancy conflicts
SIG2043,SEC062,Signalling,61.96,HIGH,10.4,Excluded by solver due to resource or train-occupancy conflicts
SIG2046,SEC030,Signalling,84.1,CRITICAL,9.4,Excluded by solver due to resource or train-occupancy conflicts
SIG2047,SEC039,Signalling,64.3,HIGH,10.3,Excluded by solver due to resource or train-occupancy conflicts
SIG2051,SEC009,Signalling,42.04,MEDIUM,6.8,Excluded by solver due to resource or train-occupancy conflicts
SIG2063,SEC004,Signalling,83.2,CRITICAL,3.9,Excluded by solver due to resource or train-occupancy conflicts
SIG2066,SEC073,Signalling,81.3,CRITICAL,9.0,Excluded by solver due to resource or train-occupancy conflicts
SIG2067,SEC058,Signalling,80.97,CRITICAL,8.5,Excluded by solver due to resource or train-occupancy conflicts
SIG2069,SEC073,Signalling,94.28,CRITICAL,4.3,Excluded by solver due to resource or train-occupancy conflicts
SIG2072,SEC017,Signalling,26.6,LOW,10.3,Excluded by solver due to resource or train-occupancy conflicts
SIG2089,SEC018,Signalling,84.48,CRITICAL,10.9,Excluded by solver due to resource or train-occupancy conflicts
SIG2092,SEC046,Signalling,37.7,LOW,11.0,Excluded by solver due to resource or train-occupancy conflicts
SIG2094,SEC050,Signalling,79.9,HIGH,9.5,Excluded by solver due to resource or train-occupancy conflicts
SIG2096,SEC024,Signalling,62.5,HIGH,10.8,Excluded by solver due to resource or train-occupancy conflicts
SIG2100,SEC019,Signalling,84.19,CRITICAL,7.1,Excluded by solver due to resource or train-occupancy conflicts
SIG2101,SEC055,Signalling,41.39,MEDIUM,11.7,Excluded by solver due to resource or train-occupancy conflicts
SIG2103,SEC006,Signalling,98.85,CRITICAL,7.1,Excluded by solver due to resource or train-occupancy conflicts
SIG2104,SEC036,Signalling,64.1,HIGH,4.4,Excluded by solver due to resource or train-occupancy conflicts
SIG2107,SEC051,Signalling,36.73,LOW,5.7,Excluded by solver due to resource or train-occupancy conflicts
SIG2110,SEC004,Signalling,35.77,LOW,5.1,Excluded by solver due to resource or train-occupancy conflicts
SIG2116,SEC009,Signalling,32.64,LOW,11.8,Excluded by solver due to resource or train-occupancy conflicts
SIG2123,SEC073,Signalling,22.2,LOW,3.9,Excluded by solver due to resource or train-occupancy conflicts
SIG2132,SEC020,Signalling,25.9,LOW,1.2,Excluded by solver due to resource or train-occupancy conflicts
SIG2137,SEC061,Signalling,60.0,HIGH,1.5,Excluded by solver due to resource or train-occupancy conflicts
SIG2142,SEC058,Signalling,82.1,CRITICAL,2.4,Excluded by solver due to resource or train-occupancy conflicts
SIG2146,SEC003,Signalling,66.8,HIGH,9.7,Excluded by solver due to resource or train-occupancy conflicts
SIG2152,SEC041,Signalling,79.8,HIGH,11.7,Excluded by solver due to resource or train-occupancy conflicts
SIG2154,SEC010,Signalling,63.3,HIGH,11.2,Excluded by solver due to resource or train-occupancy conflicts
SIG2159,SEC007,Signalling,65.8,HIGH,2.0,Excluded by solver due to resource or train-occupancy conflicts
SIG2176,SEC033,Signalling,28.48,LOW,9.9,Excluded by solver due to resource or train-occupancy conflicts
SIG2201,SEC051,Signalling,61.76,HIGH,2.8,Excluded by solver due to resource or train-occupancy conflicts
SIG2208,SEC024,Signalling,83.8,CRITICAL,2.6,Excluded by solver due to resource or train-occupancy conflicts
SIG2212,SEC040,Signalling,59.9,MEDIUM,7.3,Excluded by solver due to resource or train-occupancy conflicts
SIG2216,SEC068,Signalling,43.1,MEDIUM,4.3,Excluded by solver due to resource or train-occupancy conflicts
SIG2223,SEC060,Signalling,79.7,HIGH,8.4,Excluded by solver due to resource or train-occupancy conflicts
SIG2238,SEC038,Signalling,82.97,CRITICAL,11.5,Excluded by solver due to resource or train-occupancy conflicts
SIG2241,SEC044,Signalling,96.4,CRITICAL,2.3,Excluded by solver due to resource or train-occupancy conflicts
SIG2242,SEC064,Signalling,94.6,CRITICAL,11.3,Excluded by solver due to resource or train-occupancy conflicts
SIG2245,SEC018,Signalling,83.8,CRITICAL,2.3,Excluded by solver due to resource or train-occupancy conflicts
SIG2277,SEC067,Signalling,80.5,CRITICAL,4.7,Excluded by solver due to resource or train-occupancy conflicts
SIG2278,SEC025,Signalling,40.77,MEDIUM,6.4,Excluded by solver due to resource or train-occupancy conflicts
SIG2281,SEC062,Signalling,21.2,LOW,3.8,Excluded by solver due to resource or train-occupancy conflicts
SIG2289,SEC064,Signalling,80.6,CRITICAL,4.1,Excluded by solver due to resource or train-occupancy conflicts
SIG2292,SEC059,Signalling,59.72,MEDIUM,1.5,Excluded by solver due to resource or train-occupancy conflicts
SIG2293,SEC010,Signalling,84.27,CRITICAL,4.7,Excluded by solver due to resource or train-occupancy conflicts
SIG2294,SEC035,Signalling,33.4,LOW,8.0,Excluded by solver due to resource or train-occupancy conflicts
SIG2299,SEC031,Signalling,83.9,CRITICAL,2.5,Excluded by solver due to resource or train-occupancy conflicts
SIG2303,SEC038,Signalling,97.8,CRITICAL,10.0,Excluded by solver due to resource or train-occupancy conflicts
SIG2313,SEC002,Signalling,37.61,LOW,9.6,Excluded by solver due to resource or train-occupancy conflicts
SIG2316,SEC043,Signalling,63.8,HIGH,3.8,Excluded by solver due to resource or train-occupancy conflicts
SIG2321,SEC020,Signalling,23.9,LOW,4.8,Excluded by solver due to resource or train-occupancy conflicts
SIG2337,SEC054,Signalling,94.8,CRITICAL,11.2,Excluded by solver due to resource or train-occupancy conflicts
SIG2345,SEC055,Signalling,80.9,CRITICAL,7.0,Excluded by solver due to resource or train-occupancy conflicts
SIG2350,SEC075,Signalling,79.9,HIGH,6.1,Excluded by solver due to resource or train-occupancy conflicts
SIG2360,SEC005,Signalling,99.3,CRITICAL,12.0,Excluded by solver due to resource or train-occupancy conflicts
SIG2362,SEC062,Signalling,79.7,HIGH,5.6,Excluded by solver due to resource or train-occupancy conflicts
SIG2365,SEC070,Signalling,41.8,MEDIUM,1.2,Excluded by solver due to resource or train-occupancy conflicts
SIG2366,SEC056,Signalling,81.4,CRITICAL,8.5,Excluded by solver due to resource or train-occupancy conflicts
SIG2369,SEC064,Signalling,42.9,MEDIUM,11.7,Excluded by solver due to resource or train-occupancy conflicts
SIG2371,SEC062,Signalling,94.8,CRITICAL,2.9,Excluded by solver due to resource or train-occupancy conflicts
SIG2381,SEC028,Signalling,46.8,MEDIUM,8.5,Excluded by solver due to resource or train-occupancy conflicts
SIG2383,SEC027,Signalling,96.64,CRITICAL,2.9,Excluded by solver due to resource or train-occupancy conflicts
SIG2390,SEC008,Signalling,65.1,HIGH,2.1,Excluded by solver due to resource or train-occupancy conflicts
SIG2404,SEC032,Signalling,63.5,HIGH,5.6,Excluded by solver due to resource or train-occupancy conflicts
SIG2406,SEC074,Signalling,60.37,HIGH,7.0,Excluded by solver due to resource or train-occupancy conflicts
SIG2407,SEC008,Signalling,62.99,HIGH,6.2,Excluded by solver due to resource or train-occupancy conflicts
SIG2408,SEC005,Signalling,67.1,HIGH,11.3,Excluded by solver due to resource or train-occupancy conflicts
SIG2411,SEC021,Signalling,38.88,LOW,8.9,Excluded by solver due to resource or train-occupancy conflicts
SIG2418,SEC040,Signalling,94.91,CRITICAL,6.9,Excluded by solver due to resource or train-occupancy conflicts
SIG2421,SEC038,Signalling,97.66,CRITICAL,9.1,Excluded by solver due to resource or train-occupancy conflicts
SIG2425,SEC019,Signalling,65.6,HIGH,7.1,Excluded by solver due to resource or train-occupancy conflicts
SIG2432,SEC040,Signalling,60.4,HIGH,6.3,Excluded by solver due to resource or train-occupancy conflicts
SIG2437,SEC005,Signalling,64.32,HIGH,5.7,Excluded by solver due to resource or train-occupancy conflicts
SIG2441,SEC027,Signalling,82.9,CRITICAL,1.1,Excluded by solver due to resource or train-occupancy conflicts
SIG2442,SEC052,Signalling,41.6,MEDIUM,10.3,Excluded by solver due to resource or train-occupancy conflicts
SIG2448,SEC070,Signalling,60.81,HIGH,7.4,Excluded by solver due to resource or train-occupancy conflicts
SIG2450,SEC015,Signalling,38.9,LOW,1.9,Excluded by solver due to resource or train-occupancy conflicts
SIG2451,SEC045,Signalling,40.5,MEDIUM,3.7,Excluded by solver due to resource or train-occupancy conflicts
SIG2452,SEC070,Signalling,42.2,MEDIUM,2.1,Excluded by solver due to resource or train-occupancy conflicts
SIG2455,SEC073,Signalling,39.7,LOW,3.7,Excluded by solver due to resource or train-occupancy conflicts
SIG2464,SEC056,Signalling,61.7,HIGH,2.5,Excluded by solver due to resource or train-occupancy conflicts
SIG2465,SEC022,Signalling,64.4,HIGH,1.9,Excluded by solver due to resource or train-occupancy conflicts
SIG2469,SEC072,Signalling,27.8,LOW,8.7,Excluded by solver due to resource or train-occupancy conflicts
SIG2471,SEC037,Signalling,64.55,HIGH,11.1,Excluded by solver due to resource or train-occupancy conflicts
SIG2475,SEC024,Signalling,84.6,CRITICAL,8.9,Excluded by solver due to resource or train-occupancy conflicts
SIG2481,SEC065,Signalling,61.5,HIGH,1.3,Excluded by solver due to resource or train-occupancy conflicts
SIG2484,SEC072,Signalling,39.5,LOW,8.6,Excluded by solver due to resource or train-occupancy conflicts
SIG2485,SEC028,Signalling,86.0,CRITICAL,10.5,Excluded by solver due to resource or train-occupancy conflicts
SIG2487,SEC024,Signalling,62.7,HIGH,4.9,Excluded by solver due to resource or train-occupancy conflicts
SIG2488,SEC045,Signalling,39.0,LOW,9.5,Excluded by solver due to resource or train-occupancy conflicts
SIG2492,SEC067,Signalling,81.4,CRITICAL,1.2,Excluded by solver due to resource or train-occupancy conflicts
SIG2500,SEC027,Signalling,97.02,CRITICAL,1.2,Excluded by solver due to resource or train-occupancy conflicts
SIG2510,SEC036,Signalling,35.8,LOW,8.3,Excluded by solver due to resource or train-occupancy conflicts
SIG2517,SEC057,Signalling,82.91,CRITICAL,1.4,Excluded by solver due to resource or train-occupancy conflicts
SIG2518,SEC035,Signalling,65.49,HIGH,6.1,Excluded by solver due to resource or train-occupancy conflicts
SIG2525,SEC011,Signalling,41.4,MEDIUM,8.8,Excluded by solver due to resource or train-occupancy conflicts
SIG2530,SEC062,Signalling,28.82,LOW,2.6,Excluded by solver due to resource or train-occupancy conflicts
SIG2536,SEC070,Signalling,81.63,CRITICAL,3.3,Excluded by solver due to resource or train-occupancy conflicts
SIG2547,SEC030,Signalling,97.84,CRITICAL,7.0,Excluded by solver due to resource or train-occupancy conflicts
SIG2549,SEC073,Signalling,42.2,MEDIUM,10.5,Excluded by solver due to resource or train-occupancy conflicts
SIG2552,SEC023,Signalling,98.0,CRITICAL,4.5,Excluded by solver due to resource or train-occupancy conflicts
SIG2557,SEC011,Signalling,64.61,HIGH,4.9,Excluded by solver due to resource or train-occupancy conflicts
SIG2558,SEC018,Signalling,45.34,MEDIUM,1.8,Excluded by solver due to resource or train-occupancy conflicts
SIG2562,SEC016,Signalling,97.5,CRITICAL,10.6,Excluded by solver due to resource or train-occupancy conflicts
SIG2574,SEC014,Signalling,41.4,MEDIUM,12.0,Excluded by solver due to resource or train-occupancy conflicts
SIG2579,SEC004,Signalling,64.03,HIGH,4.7,Excluded by solver due to resource or train-occupancy conflicts
SIG2595,SEC071,Signalling,35.7,LOW,11.0,Excluded by solver due to resource or train-occupancy conflicts
SIG2605,SEC043,Signalling,30.2,LOW,8.1,Excluded by solver due to resource or train-occupancy conflicts
SIG2606,SEC033,Signalling,39.0,LOW,4.6,Excluded by solver due to resource or train-occupancy conflicts
SIG2610,SEC063,Signalling,27.99,LOW,8.9,Excluded by solver due to resource or train-occupancy conflicts
SIG2615,SEC041,Signalling,80.7,CRITICAL,5.6,Excluded by solver due to resource or train-occupancy conflicts
SIG2621,SEC018,Signalling,40.61,MEDIUM,5.2,Excluded by solver due to resource or train-occupancy conflicts
SIG2624,SEC038,Signalling,84.6,CRITICAL,8.8,Excluded by solver due to resource or train-occupancy conflicts
SIG2627,SEC016,Signalling,39.1,LOW,3.6,Excluded by solver due to resource or train-occupancy conflicts
SIG2628,SEC010,Signalling,66.0,HIGH,7.2,Excluded by solver due to resource or train-occupancy conflicts
SIG2641,SEC043,Signalling,33.5,LOW,5.0,Excluded by solver due to resource or train-occupancy conflicts
SIG2642,SEC010,Signalling,65.3,HIGH,10.9,Excluded by solver due to resource or train-occupancy conflicts
SIG2647,SEC035,Signalling,84.76,CRITICAL,4.0,Excluded by solver due to resource or train-occupancy conflicts
SIG2654,SEC008,Signalling,39.4,LOW,6.6,Excluded by solver due to resource or train-occupancy conflicts
SIG2659,SEC034,Signalling,63.6,HIGH,7.9,Excluded by solver due to resource or train-occupancy conflicts
SIG2660,SEC044,Signalling,32.9,LOW,4.1,Excluded by solver due to resource or train-occupancy conflicts
SIG2662,SEC022,Signalling,39.3,LOW,2.2,Excluded by solver due to resource or train-occupancy conflicts
SIG2664,SEC023,Signalling,40.7,MEDIUM,2.4,Excluded by solver due to resource or train-occupancy conflicts
SIG2666,SEC061,Signalling,28.97,LOW,4.4,Excluded by solver due to resource or train-occupancy conflicts
SIG2667,SEC054,Signalling,41.5,MEDIUM,3.2,Excluded by solver due to resource or train-occupancy conflicts
SIG2687,SEC035,Signalling,98.61,CRITICAL,7.3,Excluded by solver due to resource or train-occupancy conflicts
SIG2694,SEC045,Signalling,38.3,LOW,11.2,Excluded by solver due to resource or train-occupancy conflicts
SIG2700,SEC046,Signalling,95.28,CRITICAL,11.0,Excluded by solver due to resource or train-occupancy conflicts
SIG2701,SEC023,Signalling,64.45,HIGH,10.5,Excluded by solver due to resource or train-occupancy conflicts
SIG2708,SEC040,Signalling,30.5,LOW,11.6,Excluded by solver due to resource or train-occupancy conflicts
SIG2710,SEC011,Signalling,34.51,LOW,11.4,Excluded by solver due to resource or train-occupancy conflicts
SIG2718,SEC027,Signalling,63.2,HIGH,5.9,Excluded by solver due to resource or train-occupancy conflicts
SIG2720,SEC069,Signalling,38.2,LOW,9.6,Excluded by solver due to resource or train-occupancy conflicts
SIG2721,SEC073,Signalling,37.7,LOW,1.4,Excluded by solver due to resource or train-occupancy conflicts
SIG2732,SEC008,Signalling,63.95,HIGH,7.7,Excluded by solver due to resource or train-occupancy conflicts
SIG2739,SEC068,Signalling,82.6,CRITICAL,3.2,Excluded by solver due to resource or train-occupancy conflicts
SIG2743,SEC006,Signalling,63.61,HIGH,9.9,Excluded by solver due to resource or train-occupancy conflicts
SIG2744,SEC020,Signalling,82.4,CRITICAL,1.4,Excluded by solver due to resource or train-occupancy conflicts
SIG2762,SEC040,Signalling,61.7,HIGH,9.3,Excluded by solver due to resource or train-occupancy conflicts
SIG2764,SEC049,Signalling,61.7,HIGH,3.6,Excluded by solver due to resource or train-occupancy conflicts
SIG2771,SEC025,Signalling,27.0,LOW,3.3,Excluded by solver due to resource or train-occupancy conflicts
SIG2778,SEC062,Signalling,81.0,CRITICAL,4.5,Excluded by solver due to resource or train-occupancy conflicts
SIG2782,SEC010,Signalling,66.4,HIGH,6.6,Excluded by solver due to resource or train-occupancy conflicts
SIG2787,SEC010,Signalling,65.57,HIGH,7.0,Excluded by solver due to resource or train-occupancy conflicts
SIG2789,SEC053,Signalling,62.2,HIGH,10.2,Excluded by solver due to resource or train-occupancy conflicts
SIG2790,SEC046,Signalling,61.2,HIGH,1.7,Excluded by solver due to resource or train-occupancy conflicts
SIG2795,SEC013,Signalling,34.8,LOW,1.6,Excluded by solver due to resource or train-occupancy conflicts
SIG2805,SEC011,Signalling,34.3,LOW,5.1,Excluded by solver due to resource or train-occupancy conflicts
SIG2808,SEC055,Signalling,40.2,MEDIUM,7.0,Excluded by solver due to resource or train-occupancy conflicts
SIG2809,SEC006,Signalling,98.93,CRITICAL,2.8,Excluded by solver due to resource or train-occupancy conflicts
SIG2818,SEC046,Signalling,38.6,LOW,7.2,Excluded by solver due to resource or train-occupancy conflicts
SIG2824,SEC039,Signalling,63.9,HIGH,10.1,Excluded by solver due to resource or train-occupancy conflicts
SIG2834,SEC033,Signalling,63.64,HIGH,11.1,Excluded by solver due to resource or train-occupancy conflicts
SIG2845,SEC072,Signalling,61.71,HIGH,8.0,Excluded by solver due to resource or train-occupancy conflicts
SIG2847,SEC074,Signalling,61.2,HIGH,9.4,Excluded by solver due to resource or train-occupancy conflicts
SIG2850,SEC059,Signalling,61.7,HIGH,8.7,Excluded by solver due to resource or train-occupancy conflicts
SIG2851,SEC032,Signalling,83.0,CRITICAL,1.2,Excluded by solver due to resource or train-occupancy conflicts
SIG2854,SEC047,Signalling,62.4,HIGH,6.5,Excluded by solver due to resource or train-occupancy conflicts
SIG2855,SEC027,Signalling,62.7,HIGH,9.9,Excluded by solver due to resource or train-occupancy conflicts
SIG2864,SEC063,Signalling,94.0,CRITICAL,8.0,Excluded by solver due to resource or train-occupancy conflicts
SIG2865,SEC032,Signalling,64.0,HIGH,4.7,Excluded by solver due to resource or train-occupancy conflicts
SIG2870,SEC027,Signalling,97.2,CRITICAL,3.8,Excluded by solver due to resource or train-occupancy conflicts
SIG2879,SEC024,Signalling,64.9,HIGH,4.2,Excluded by solver due to resource or train-occupancy conflicts
SIG2881,SEC004,Signalling,97.5,CRITICAL,10.2,Excluded by solver due to resource or train-occupancy conflicts
SIG2884,SEC011,Signalling,84.8,CRITICAL,1.3,Excluded by solver due to resource or train-occupancy conflicts
SIG2887,SEC025,Signalling,43.6,MEDIUM,11.5,Excluded by solver due to resource or train-occupancy conflicts
SIG2899,SEC070,Signalling,60.79,HIGH,11.4,Excluded by solver due to resource or train-occupancy conflicts
SIG2902,SEC053,Signalling,37.4,LOW,1.3,Excluded by solver due to resource or train-occupancy conflicts
SIG2906,SEC040,Signalling,40.0,LOW,7.4,Excluded by solver due to resource or train-occupancy conflicts
SIG2908,SEC001,Signalling,43.4,MEDIUM,6.1,Excluded by solver due to resource or train-occupancy conflicts
SIG2915,SEC046,Signalling,39.5,LOW,7.7,Excluded by solver due to resource or train-occupancy conflicts
SIG2916,SEC042,Signalling,30.1,LOW,7.0,Excluded by solver due to resource or train-occupancy conflicts
SIG2920,SEC071,Signalling,94.31,CRITICAL,7.4,Excluded by solver due to resource or train-occupancy conflicts
SIG2925,SEC021,Signalling,64.38,HIGH,11.5,Excluded by solver due to resource or train-occupancy conflicts
SIG2929,SEC045,Signalling,62.7,HIGH,6.8,Excluded by solver due to resource or train-occupancy conflicts
SIG2931,SEC041,Signalling,61.37,HIGH,3.4,Excluded by solver due to resource or train-occupancy conflicts
SIG2934,SEC045,Signalling,81.5,CRITICAL,6.6,Excluded by solver due to resource or train-occupancy conflicts
SIG2937,SEC013,Signalling,84.2,CRITICAL,5.0,Excluded by solver due to resource or train-occupancy conflicts
SIG2944,SEC048,Signalling,81.3,CRITICAL,2.8,Excluded by solver due to resource or train-occupancy conflicts
SIG2957,SEC071,Signalling,39.2,LOW,4.0,Excluded by solver due to resource or train-occupancy conflicts
SIG2958,SEC002,Signalling,42.81,MEDIUM,5.4,Excluded by solver due to resource or train-occupancy conflicts
SIG2962,SEC036,Signalling,45.7,MEDIUM,10.2,Excluded by solver due to resource or train-occupancy conflicts
SIG2974,SEC068,Signalling,81.9,CRITICAL,2.7,Excluded by solver due to resource or train-occupancy conflicts
SIG2975,SEC029,Signalling,45.36,MEDIUM,5.9,Excluded by solver due to resource or train-occupancy conflicts
SIG2978,SEC069,Signalling,36.53,LOW,9.5,Excluded by solver due to resource or train-occupancy conflicts
SIG2981,SEC005,Signalling,45.8,MEDIUM,1.6,Excluded by solver due to resource or train-occupancy conflicts
SIG2994,SEC006,Signalling,44.19,MEDIUM,2.4,Excluded by solver due to resource or train-occupancy conflicts
