block_id,block_date,section_id,block_start,block_end,block_duration_hours,tasks_in_block,departments_involved,train_conflicts,train_delay_minutes,maintenance_tasks_completed,planned_tasks,cancelled_tasks,block_efficiency
BLK0001,2025-01-25,SEC038,14:00,16:00,2,10,"Traction,Signalling",8,36,3,10,1,0.37
BLK0002,2025-05-15,SEC048,06:00,11:00,5,5,Engineering,4,6,3,5,1,0.72
BLK0003,2025-04-23,SEC031,06:00,10:00,4,1,"Engineering,Signalling",13,119,0,1,1,0.18
BLK0004,2025-11-24,SEC057,04:00,06:00,2,4,Traction,4,20,2,4,0,0.72
BLK0005,2025-03-13,SEC028,14:00,19:00,5,10,"Engineering,Signalling",14,92,5,10,0,0.55
BLK0006,2025-05-21,SEC026,12:00,14:00,2,3,Traction,3,15,2,3,0,0.79
BLK0007,2025-05-04,SEC065,04:00,05:00,1,6,"Engineering,Traction",0,15,5,6,0,0.93
BLK0008,2025-12-06,SEC033,04:00,06:00,2,3,Engineering,0,29,2,3,1,0.93
BLK0009,2025-09-02,SEC038,01:00,02:00,1,6,Signalling,0,9,4,6,2,0.73
BLK0010,2025-05-15,SEC069,20:00,23:00,3,1,"Engineering,Traction,Signalling",12,43,0,1,1,0.55
BLK0011,2025-02-19,SEC001,13:00,16:00,3,3,Engineering,2,9,2,3,0,0.73
BLK0012,2025-01-10,SEC034,09:00,13:00,4,2,Traction,0,17,1,2,0,0.72
BLK0013,2025-02-14,SEC064,11:00,14:00,3,8,Engineering,11,76,2,8,1,0.27
BLK0014,2025-06-01,SEC031,02:00,08:00,6,8,"Engineering,Traction,Signalling",6,116,4,8,1,0.5
BLK0015,2025-08-23,SEC020,08:00,13:00,5,10,"Engineering,Traction",7,76,3,10,7,0.39
BLK0016,2025-08-03,SEC061,15:00,17:00,2,5,"Engineering,Signalling",1,29,4,5,1,0.9
BLK0017,2025-07-27,SEC039,06:00,11:00,5,5,Signalling,1,26,4,5,1,0.96
BLK0018,2025-05-06,SEC037,20:00,23:00,3,10,"Engineering,Signalling",8,43,2,10,6,0.2
BLK0019,2025-03-07,SEC075,18:00,23:00,5,5,"Engineering,Traction,Signalling",10,83,1,5,2,0.38
BLK0020,2025-08-10,SEC063,08:00,09:00,1,5,"Engineering,Traction,Signalling",0,4,4,5,1,0.9
BLK0021,2025-03-12,SEC001,00:00,05:00,5,4,"Traction,Signalling",4,21,3,4,1,0.8
BLK0022,2025-06-20,SEC073,05:00,07:00,2,4,"Engineering,Signalling",3,23,3,4,0,0.95
BLK0023,2025-12-17,SEC021,05:00,09:00,4,2,Signalling,3,23,1,2,1,0.77
BLK0024,2025-07-03,SEC041,15:00,20:00,5,7,Signalling,3,10,6,7,1,0.96
BLK0025,2025-12-17,SEC022,15:00,18:00,3,7,"Engineering,Traction",2,25,5,7,0,0.83
BLK0026,2025-04-12,SEC025,20:00,22:00,2,9,"Engineering,Traction,Signalling",3,79,1,9,1,0.21
BLK0027,2025-06-01,SEC074,10:00,13:00,3,5,Engineering,4,18,3,5,1,0.72
BLK0028,2025-05-17,SEC031,08:00,13:00,5,7,"Engineering,Signalling",3,28,6,7,1,0.94
BLK0029,2025-11-28,SEC054,20:00,23:00,3,5,"Traction,Signalling",3,61,2,5,2,0.44
BLK0030,2025-05-09,SEC014,05:00,10:00,5,2,"Engineering,Traction",0,2,1,2,1,0.99
BLK0031,2025-10-15,SEC027,03:00,07:00,4,2,"Engineering,Traction,Signalling",14,88,0,2,1,0.34
BLK0032,2025-04-20,SEC058,09:00,13:00,4,6,"Engineering,Traction",1,17,4,6,2,0.75
BLK0033,2025-06-27,SEC054,16:00,22:00,6,5,"Engineering,Traction",7,96,2,5,2,0.51
BLK0034,2025-08-09,SEC054,07:00,12:00,5,2,Traction,1,15,1,2,1,0.94
BLK0035,2025-03-17,SEC020,14:00,19:00,5,7,"Engineering,Traction,Signalling",1,17,6,7,0,0.89
BLK0036,2025-05-25,SEC031,11:00,17:00,6,9,Traction,15,112,1,9,6,0.22
BLK0037,2025-04-09,SEC068,06:00,08:00,2,8,"Traction,Signalling",9,83,3,8,3,0.46
BLK0038,2025-03-18,SEC049,03:00,06:00,3,9,Traction,3,51,3,9,3,0.38
BLK0039,2025-05-21,SEC045,04:00,09:00,5,9,"Engineering,Signalling",10,21,1,9,7,0.22
BLK0040,2025-08-20,SEC044,11:00,14:00,3,5,"Traction,Signalling",4,12,4,5,0,0.95
BLK0041,2025-12-09,SEC072,02:00,03:00,1,7,"Engineering,Traction",4,9,6,7,1,0.97
BLK0042,2025-07-18,SEC042,14:00,20:00,6,3,Engineering,8,81,1,3,2,0.39
BLK0043,2025-01-15,SEC045,10:00,15:00,5,5,"Engineering,Signalling",3,26,4,5,1,0.88
BLK0044,2025-12-07,SEC064,02:00,06:00,4,2,"Engineering,Signalling",3,19,1,2,0,0.78
BLK0045,2025-04-16,SEC017,14:00,19:00,5,2,"Engineering,Traction,Signalling",4,12,1,2,0,0.78
BLK0046,2025-09-23,SEC066,02:00,06:00,4,7,"Engineering,Traction",7,78,3,7,0,0.47
BLK0047,2025-06-22,SEC020,17:00,22:00,5,6,"Engineering,Traction",4,19,4,6,0,0.74
BLK0048,2025-07-04,SEC014,18:00,19:00,1,3,"Engineering,Traction",0,30,2,3,0,0.75
BLK0049,2025-04-15,SEC020,00:00,01:00,1,3,Traction,3,16,2,3,1,0.74
BLK0050,2025-03-17,SEC056,13:00,17:00,4,4,"Engineering,Signalling",4,21,3,4,1,0.95
BLK0051,2025-07-11,SEC005,11:00,12:00,1,4,"Engineering,Traction",2,29,3,4,1,0.85
BLK0052,2025-08-19,SEC056,16:00,19:00,3,2,"Traction,Signalling",0,11,1,2,1,0.9
BLK0053,2025-07-28,SEC050,11:00,17:00,6,8,Traction,5,84,3,8,2,0.47
BLK0054,2025-12-08,SEC055,02:00,05:00,3,5,Traction,2,4,3,5,2,0.79
BLK0055,2025-10-06,SEC032,18:00,19:00,1,3,"Engineering,Traction",3,10,2,3,0,0.86
BLK0056,2025-08-07,SEC065,01:00,05:00,4,6,"Engineering,Traction",2,25,4,6,0,0.83
BLK0057,2025-12-08,SEC057,13:00,16:00,3,8,"Traction,Signalling",3,115,4,8,1,0.5
BLK0058,2025-10-24,SEC048,05:00,11:00,6,6,"Engineering,Traction",15,52,3,6,1,0.54
BLK0059,2025-06-05,SEC040,08:00,10:00,2,6,Signalling,3,23,5,6,1,0.97
BLK0060,2025-03-03,SEC019,18:00,20:00,2,8,Traction,2,14,6,8,0,0.85
BLK0061,2025-11-20,SEC042,20:00,23:00,3,8,Signalling,7,58,3,8,4,0.4
BLK0062,2025-06-14,SEC054,01:00,02:00,1,3,"Engineering,Traction,Signalling",3,26,2,3,0,0.8
BLK0063,2025-03-01,SEC031,02:00,03:00,1,8,"Engineering,Traction,Signalling",2,7,7,8,1,0.97
BLK0064,2025-04-19,SEC017,08:00,13:00,5,8,Engineering,12,88,1,8,5,0.19
BLK0065,2025-01-10,SEC075,15:00,19:00,4,5,Traction,3,9,3,5,2,0.72
BLK0066,2025-08-06,SEC055,11:00,17:00,6,7,"Engineering,Traction,Signalling",4,28,2,7,5,0.33
BLK0067,2025-01-04,SEC059,08:00,11:00,3,2,"Engineering,Signalling",0,26,1,2,1,0.99
BLK0068,2025-05-15,SEC028,16:00,21:00,5,5,"Engineering,Traction",12,36,1,5,3,0.25
BLK0069,2025-05-08,SEC018,06:00,07:00,1,8,"Engineering,Signalling",3,15,6,8,1,0.85
BLK0070,2025-12-08,SEC005,12:00,18:00,6,8,Traction,14,30,1,8,6,0.15
BLK0071,2025-12-26,SEC059,14:00,15:00,1,2,Engineering,1,7,1,2,1,0.96
BLK0072,2025-10-05,SEC070,07:00,11:00,4,5,"Engineering,Traction",2,12,4,5,0,0.95
BLK0073,2025-11-27,SEC053,18:00,22:00,4,9,"Engineering,Traction",10,47,3,9,6,0.37
BLK0074,2025-04-12,SEC069,12:00,14:00,2,6,Traction,4,18,4,6,0,0.74
BLK0075,2025-01-03,SEC032,02:00,07:00,5,6,"Traction,Signalling",1,4,4,6,1,0.77
BLK0076,2025-10-13,SEC020,06:00,07:00,1,3,"Engineering,Traction,Signalling",2,14,2,3,1,0.85
BLK0077,2025-07-01,SEC024,14:00,16:00,2,7,Signalling,3,8,5,7,1,0.85
BLK0078,2025-11-16,SEC029,14:00,18:00,4,6,"Engineering,Signalling",10,86,3,6,0,0.55
BLK0079,2025-03-19,SEC016,05:00,09:00,4,5,Traction,2,18,4,5,0,0.96
BLK0080,2025-06-03,SEC046,17:00,20:00,3,7,"Traction,Signalling",3,16,5,7,1,0.83
BLK0081,2025-01-10,SEC027,18:00,23:00,5,7,"Traction,Signalling",6,45,1,7,3,0.25
BLK0082,2025-05-08,SEC029,12:00,18:00,6,9,"Traction,Signalling",15,54,3,9,5,0.34
BLK0083,2025-10-14,SEC034,10:00,13:00,3,5,Traction,2,29,4,5,1,0.88
BLK0084,2025-11-21,SEC052,20:00,23:00,3,8,Engineering,5,66,1,8,1,0.17
BLK0085,2025-10-03,SEC066,02:00,04:00,2,6,Signalling,3,10,5,6,0,0.87
BLK0086,2025-10-02,SEC019,11:00,14:00,3,1,"Engineering,Signalling",15,110,0,1,0,0.19
BLK0087,2025-02-11,SEC064,09:00,14:00,5,5,Engineering,1,30,4,5,0,0.89
BLK0088,2025-09-09,SEC033,05:00,08:00,3,3,"Traction,Signalling",0,8,2,3,1,0.87
BLK0089,2025-04-17,SEC023,19:00,21:00,2,3,"Engineering,Traction,Signalling",13,58,1,3,1,0.39
BLK0090,2025-01-03,SEC053,02:00,07:00,5,6,"Engineering,Traction,Signalling",1,25,5,6,0,0.97
BLK0091,2025-07-10,SEC073,17:00,22:00,5,6,"Traction,Signalling",4,1,5,6,1,0.91
BLK0092,2025-12-17,SEC070,07:00,11:00,4,6,Signalling,3,92,1,6,5,0.29
BLK0093,2025-12-15,SEC044,20:00,21:00,1,6,"Traction,Signalling",4,10,5,6,1,0.9
BLK0094,2025-01-06,SEC007,16:00,18:00,2,9,"Engineering,Traction",6,74,2,9,3,0.31
BLK0095,2025-10-22,SEC049,09:00,12:00,3,6,Engineering,3,20,5,6,1,0.88
BLK0096,2025-12-03,SEC033,00:00,04:00,4,5,Signalling,1,3,3,5,1,0.76
BLK0097,2025-03-04,SEC072,14:00,15:00,1,7,"Traction,Signalling",1,29,6,7,0,0.99
BLK0098,2025-10-13,SEC073,01:00,03:00,2,5,"Engineering,Traction",0,14,4,5,1,0.83
BLK0099,2025-03-01,SEC065,19:00,23:00,4,8,"Engineering,Traction,Signalling",8,35,1,8,6,0.2
BLK0100,2025-12-20,SEC040,09:00,10:00,1,2,"Engineering,Traction,Signalling",1,5,2,2,0,1.0
BLK0101,2025-04-22,SEC004,19:00,23:00,4,7,"Engineering,Traction,Signalling",4,2,5,7,1,0.72
BLK0102,2025-07-03,SEC038,05:00,07:00,2,5,"Engineering,Traction",11,105,1,5,1,0.3
BLK0103,2025-02-09,SEC055,01:00,05:00,4,9,"Traction,Signalling",11,40,4,9,1,0.51
BLK0104,2025-01-06,SEC052,11:00,13:00,2,7,"Engineering,Traction,Signalling",14,24,1,7,0,0.18
BLK0105,2025-06-07,SEC059,02:00,07:00,5,6,Signalling,2,17,4,6,0,0.74
BLK0106,2025-06-17,SEC063,16:00,21:00,5,2,Signalling,0,3,1,2,0,0.98
BLK0107,2025-06-13,SEC046,02:00,05:00,3,3,Signalling,5,111,1,3,0,0.41
BLK0108,2025-10-25,SEC069,04:00,08:00,4,3,Signalling,12,49,1,3,0,0.38
BLK0109,2025-08-19,SEC016,20:00,22:00,2,7,Signalling,4,29,6,7,1,0.93
BLK0110,2025-01-04,SEC045,18:00,19:00,1,8,"Engineering,Traction,Signalling",1,5,5,8,0,0.72
BLK0111,2025-06-18,SEC042,09:00,14:00,5,7,"Engineering,Signalling",15,109,1,7,0,0.28
BLK0112,2025-03-18,SEC070,15:00,20:00,5,5,Traction,3,98,1,5,4,0.27
BLK0113,2025-09-21,SEC051,14:00,20:00,6,8,Traction,7,95,2,8,3,0.37
BLK0114,2025-03-19,SEC054,20:00,23:00,3,5,"Engineering,Traction,Signalling",0,23,4,5,1,0.86
BLK0115,2025-10-20,SEC058,04:00,07:00,3,6,"Engineering,Traction",2,9,5,6,0,0.93
BLK0116,2025-05-25,SEC046,03:00,05:00,2,4,"Engineering,Traction",0,10,2,4,2,0.73
BLK0117,2025-06-01,SEC006,17:00,19:00,2,5,"Engineering,Signalling",14,101,2,5,2,0.51
BLK0118,2025-07-02,SEC026,17:00,21:00,4,6,Engineering,13,71,3,6,0,0.51
BLK0119,2025-12-17,SEC015,19:00,20:00,1,5,Engineering,3,0,4,5,0,0.9
BLK0120,2025-06-09,SEC047,07:00,09:00,2,7,"Traction,Signalling",2,24,6,7,0,0.89
BLK0121,2025-07-13,SEC038,05:00,06:00,1,4,Traction,1,5,3,4,0,0.77
BLK0122,2025-02-13,SEC048,08:00,11:00,3,7,"Traction,Signalling",1,6,7,7,0,1.0
BLK0123,2025-09-02,SEC036,02:00,03:00,1,5,Signalling,4,24,4,5,1,0.83
BLK0124,2025-01-07,SEC019,13:00,16:00,3,8,"Engineering,Traction",5,103,3,8,3,0.41
BLK0125,2025-02-03,SEC053,05:00,10:00,5,7,"Engineering,Traction",3,18,5,7,0,0.77
BLK0126,2025-03-26,SEC012,02:00,03:00,1,3,"Engineering,Traction,Signalling",3,20,2,3,0,0.72
BLK0127,2025-09-10,SEC060,00:00,03:00,3,6,"Traction,Signalling",0,12,5,6,0,0.92
BLK0128,2025-06-15,SEC074,10:00,14:00,4,6,"Engineering,Traction,Signalling",12,113,1,6,5,0.28
BLK0129,2025-03-01,SEC015,09:00,11:00,2,6,"Engineering,Traction",3,24,5,6,0,0.88
BLK0130,2025-09-12,SEC015,02:00,06:00,4,3,Signalling,4,5,2,3,0,0.84
BLK0131,2025-10-07,SEC006,02:00,04:00,2,5,"Engineering,Traction",14,90,2,5,3,0.5
BLK0132,2025-12-02,SEC041,17:00,21:00,4,7,"Traction,Signalling",7,68,1,7,4,0.26
BLK0133,2025-05-07,SEC045,04:00,06:00,2,9,Engineering,15,59,3,9,6,0.41
BLK0134,2025-03-17,SEC051,09:00,13:00,4,7,"Traction,Signalling",2,4,5,7,2,0.76
BLK0135,2025-05-06,SEC067,16:00,22:00,6,1,Traction,15,27,0,1,1,0.46
BLK0136,2025-03-18,SEC049,14:00,16:00,2,4,"Traction,Signalling",7,112,1,4,3,0.38
BLK0137,2025-07-20,SEC015,11:00,14:00,3,3,"Engineering,Signalling",3,5,2,3,0,0.87
BLK0138,2025-01-09,SEC063,06:00,11:00,5,2,Signalling,0,20,1,2,1,0.71
BLK0139,2025-08-27,SEC057,18:00,21:00,3,1,Traction,3,90,0,1,0,0.23
BLK0140,2025-11-24,SEC037,15:00,18:00,3,4,"Traction,Signalling",0,9,3,4,0,0.97
BLK0141,2025-08-05,SEC030,06:00,07:00,1,3,Engineering,0,4,2,3,1,0.85
BLK0142,2025-10-10,SEC057,12:00,14:00,2,3,"Engineering,Traction",11,38,1,3,0,0.51
BLK0143,2025-05-09,SEC063,12:00,14:00,2,5,"Engineering,Traction,Signalling",0,15,4,5,1,0.92
BLK0144,2025-10-12,SEC054,12:00,14:00,2,7,Signalling,14,98,1,7,3,0.18
BLK0145,2025-12-06,SEC074,20:00,23:00,3,2,Traction,3,113,0,2,0,0.36
BLK0146,2025-11-26,SEC047,02:00,04:00,2,9,"Engineering,Signalling",14,81,2,9,2,0.25
BLK0147,2025-01-10,SEC066,01:00,07:00,6,3,Engineering,3,85,1,3,0,0.52
BLK0148,2025-08-20,SEC038,19:00,23:00,4,6,"Engineering,Traction,Signalling",6,91,2,6,2,0.38
BLK0149,2025-04-19,SEC042,07:00,11:00,4,8,"Engineering,Traction,Signalling",3,9,6,8,1,0.84
BLK0150,2025-09-04,SEC055,06:00,08:00,2,6,Traction,8,54,1,6,0,0.29
BLK0151,2025-06-24,SEC069,02:00,07:00,5,5,"Engineering,Traction",14,44,2,5,2,0.52
BLK0152,2025-03-22,SEC074,17:00,23:00,6,7,"Traction,Signalling",4,60,2,7,0,0.34
BLK0153,2025-09-01,SEC002,03:00,07:00,4,7,"Engineering,Traction",2,19,6,7,1,0.92
BLK0154,2025-03-25,SEC040,13:00,15:00,2,4,Traction,1,0,3,4,0,0.9
BLK0155,2025-10-05,SEC013,12:00,14:00,2,7,"Engineering,Signalling",8,96,2,7,5,0.39
BLK0156,2025-09-02,SEC008,11:00,13:00,2,9,Engineering,7,81,3,9,2,0.43
BLK0157,2025-04-17,SEC052,13:00,15:00,2,6,Traction,4,27,5,6,1,0.99
BLK0158,2025-05-06,SEC068,07:00,08:00,1,6,Engineering,0,19,4,6,0,0.74
BLK0159,2025-05-25,SEC016,09:00,13:00,4,9,Traction,5,113,2,9,6,0.26
BLK0160,2025-03-08,SEC021,11:00,16:00,5,4,Traction,11,58,0,4,1,0.18
BLK0161,2025-12-25,SEC059,18:00,23:00,5,3,Signalling,2,1,2,3,1,0.73
BLK0162,2025-11-07,SEC065,17:00,22:00,5,8,Signalling,2,25,6,8,1,0.82
BLK0163,2025-07-28,SEC067,00:00,02:00,2,6,"Engineering,Traction,Signalling",6,54,1,6,1,0.3
BLK0164,2025-09-24,SEC075,05:00,07:00,2,4,Traction,2,21,2,4,1,0.72
BLK0165,2025-09-03,SEC040,17:00,22:00,5,1,"Engineering,Traction,Signalling",5,57,0,1,1,0.32
BLK0166,2025-04-10,SEC050,09:00,15:00,6,7,"Engineering,Traction,Signalling",3,46,1,7,5,0.27
BLK0167,2025-09-27,SEC050,13:00,17:00,4,6,Signalling,0,26,4,6,2,0.79
BLK0168,2025-11-05,SEC025,03:00,07:00,4,7,"Traction,Signalling",3,21,6,7,0,0.96
BLK0169,2025-09-16,SEC071,07:00,10:00,3,4,Traction,4,19,3,4,1,0.79
BLK0170,2025-04-18,SEC027,20:00,22:00,2,2,Signalling,8,67,1,2,0,0.51
BLK0171,2025-05-01,SEC036,01:00,02:00,1,7,"Engineering,Traction",0,4,6,7,0,0.87
BLK0172,2025-11-23,SEC023,09:00,10:00,1,4,"Traction,Signalling",3,10,3,4,1,0.91
BLK0173,2025-06-04,SEC062,10:00,14:00,4,4,Signalling,1,10,3,4,0,0.76
BLK0174,2025-01-08,SEC015,04:00,06:00,2,8,"Engineering,Traction,Signalling",4,4,6,8,0,0.8
BLK0175,2025-06-07,SEC049,06:00,08:00,2,5,"Engineering,Traction",1,5,4,5,1,0.98
BLK0176,2025-04-09,SEC004,14:00,17:00,3,7,"Engineering,Traction,Signalling",4,28,6,7,1,0.99
BLK0177,2025-03-13,SEC048,03:00,06:00,3,6,Engineering,2,23,6,6,0,1.0
BLK0178,2025-10-11,SEC002,08:00,11:00,3,2,Signalling,15,46,0,2,0,0.37
BLK0179,2025-08-17,SEC061,11:00,15:00,4,8,Engineering,3,16,7,8,0,0.88
BLK0180,2025-05-25,SEC012,06:00,10:00,4,4,"Traction,Signalling",2,27,3,4,0,0.93
BLK0181,2025-12-06,SEC030,11:00,17:00,6,3,Engineering,15,40,0,3,2,0.23
BLK0182,2025-02-23,SEC013,07:00,11:00,4,6,"Engineering,Traction,Signalling",1,26,4,6,0,0.76
BLK0183,2025-10-12,SEC060,02:00,05:00,3,3,"Engineering,Traction",5,73,1,3,2,0.47
BLK0184,2025-03-07,SEC033,09:00,10:00,1,2,"Engineering,Traction",3,19,1,2,0,0.91
BLK0185,2025-05-26,SEC021,00:00,05:00,5,3,"Engineering,Traction,Signalling",1,20,2,3,1,0.9
BLK0186,2025-05-07,SEC037,09:00,13:00,4,3,"Engineering,Signalling",3,8,2,3,1,0.9
BLK0187,2025-05-13,SEC003,04:00,08:00,4,4,Signalling,1,2,3,4,0,0.76
BLK0188,2025-05-03,SEC015,07:00,10:00,3,5,"Engineering,Traction,Signalling",3,27,3,5,1,0.73
BLK0189,2025-11-08,SEC010,17:00,22:00,5,2,Engineering,4,111,0,2,0,0.23
BLK0190,2025-11-18,SEC020,06:00,11:00,5,8,"Engineering,Traction,Signalling",1,0,7,8,0,0.94
BLK0191,2025-12-17,SEC043,04:00,09:00,5,1,Engineering,11,77,0,1,1,0.17
BLK0192,2025-03-02,SEC005,17:00,22:00,5,5,"Traction,Signalling",0,16,4,5,0,0.83
BLK0193,2025-12-22,SEC044,17:00,19:00,2,3,"Engineering,Traction,Signalling",0,19,2,3,0,0.79
BLK0194,2025-01-25,SEC031,08:00,10:00,2,4,Engineering,5,85,1,4,0,0.26
BLK0195,2025-06-14,SEC004,04:00,09:00,5,3,"Engineering,Traction",3,24,2,3,0,0.84
BLK0196,2025-01-11,SEC070,06:00,09:00,3,2,Engineering,3,70,1,2,0,0.52
BLK0197,2025-04-28,SEC003,01:00,05:00,4,7,"Engineering,Traction,Signalling",3,29,6,7,0,0.93
BLK0198,2025-08-13,SEC064,00:00,06:00,6,3,Engineering,15,49,1,3,1,0.43
BLK0199,2025-02-19,SEC022,08:00,14:00,6,4,"Engineering,Traction,Signalling",7,117,0,4,4,0.18
BLK0200,2025-03-03,SEC060,03:00,06:00,3,7,Signalling,10,52,2,7,4,0.33
BLK0201,2025-07-14,SEC056,00:00,04:00,4,7,"Engineering,Traction",5,75,2,7,5,0.35
BLK0202,2025-02-24,SEC070,05:00,08:00,3,2,"Engineering,Signalling",2,25,1,2,1,0.84
BLK0203,2025-01-26,SEC044,16:00,19:00,3,7,"Engineering,Traction",0,16,4,7,3,0.7
BLK0204,2025-07-28,SEC001,20:00,21:00,1,3,"Engineering,Traction,Signalling",0,5,2,3,0,0.76
BLK0205,2025-08-11,SEC057,03:00,08:00,5,4,Engineering,6,21,2,4,1,0.5
BLK0206,2025-12-03,SEC034,15:00,18:00,3,3,Engineering,2,27,2,3,0,0.96
BLK0207,2025-01-27,SEC056,10:00,12:00,2,5,Traction,14,104,2,5,0,0.54
BLK0208,2025-07-25,SEC053,20:00,22:00,2,3,Signalling,2,8,2,3,0,0.77
BLK0209,2025-11-24,SEC015,15:00,19:00,4,4,"Engineering,Traction",4,15,3,4,1,0.78
BLK0210,2025-05-09,SEC007,04:00,08:00,4,3,Traction,0,28,2,3,0,0.72
BLK0211,2025-03-18,SEC038,20:00,22:00,2,3,Engineering,1,8,2,3,1,0.87
BLK0212,2025-09-01,SEC036,17:00,20:00,3,6,"Engineering,Traction",7,92,1,6,0,0.2
BLK0213,2025-10-19,SEC072,09:00,13:00,4,4,"Engineering,Traction",3,19,2,4,0,0.7
BLK0214,2025-05-08,SEC049,09:00,14:00,5,9,"Engineering,Traction,Signalling",13,114,4,9,4,0.5
BLK0215,2025-02-23,SEC023,02:00,03:00,1,7,Traction,4,20,6,7,0,0.95
BLK0216,2025-07-17,SEC008,12:00,15:00,3,1,Engineering,10,50,0,1,0,0.43
BLK0217,2025-05-02,SEC007,13:00,17:00,4,5,"Traction,Signalling",3,8,4,5,1,0.85
BLK0218,2025-08-04,SEC061,20:00,23:00,3,5,"Engineering,Traction,Signalling",0,26,4,5,0,0.98
BLK0219,2025-06-18,SEC067,16:00,22:00,6,7,"Engineering,Signalling",14,75,2,7,1,0.32
BLK0220,2025-08-15,SEC056,20:00,23:00,3,1,"Engineering,Signalling",6,116,0,1,1,0.44
BLK0221,2025-06-19,SEC002,12:00,14:00,2,6,"Engineering,Traction,Signalling",4,70,2,6,1,0.44
BLK0222,2025-08-24,SEC036,15:00,20:00,5,3,"Engineering,Traction",1,15,2,3,1,0.82
BLK0223,2025-03-13,SEC001,12:00,13:00,1,6,"Engineering,Traction",4,1,5,6,1,0.91
BLK0224,2025-03-09,SEC035,02:00,07:00,5,5,"Engineering,Traction",5,102,2,5,2,0.46
BLK0225,2025-11-01,SEC041,04:00,07:00,3,3,Traction,4,26,2,3,0,0.71
BLK0226,2025-10-21,SEC007,13:00,18:00,5,8,"Traction,Signalling",4,1,7,8,0,0.88
BLK0227,2025-07-27,SEC073,02:00,05:00,3,7,"Traction,Signalling",4,23,6,7,1,0.86
BLK0228,2025-11-05,SEC004,07:00,13:00,6,3,Signalling,3,62,0,3,0,0.19
BLK0229,2025-10-01,SEC034,06:00,12:00,6,4,"Traction,Signalling",7,49,0,4,2,0.19
BLK0230,2025-12-02,SEC047,19:00,21:00,2,8,"Engineering,Traction",12,71,1,8,2,0.23
BLK0231,2025-03-02,SEC025,10:00,13:00,3,6,Engineering,0,18,5,6,1,0.87
BLK0232,2025-10-17,SEC024,00:00,03:00,3,4,"Engineering,Signalling",4,10,3,4,1,0.97
BLK0233,2025-04-03,SEC007,01:00,02:00,1,2,"Engineering,Signalling",4,18,1,2,0,0.98
BLK0234,2025-08-12,SEC048,12:00,14:00,2,4,"Engineering,Traction,Signalling",2,5,3,4,1,0.76
BLK0235,2025-12-13,SEC018,19:00,23:00,4,6,Signalling,10,30,2,6,2,0.48
BLK0236,2025-12-22,SEC043,19:00,23:00,4,7,"Engineering,Signalling",4,1,6,7,0,0.89
BLK0237,2025-11-16,SEC062,15:00,19:00,4,5,"Traction,Signalling",4,29,3,5,1,0.78
BLK0238,2025-03-06,SEC004,02:00,05:00,3,8,Engineering,3,8,5,8,3,0.72
BLK0239,2025-03-19,SEC017,18:00,19:00,1,2,"Traction,Signalling",4,28,1,2,1,0.85
BLK0240,2025-02-01,SEC028,04:00,08:00,4,1,"Engineering,Signalling",12,34,0,1,1,0.17
BLK0241,2025-06-03,SEC019,15:00,17:00,2,7,"Engineering,Traction",15,67,2,7,4,0.34
BLK0242,2025-05-15,SEC022,08:00,11:00,3,7,"Traction,Signalling",6,110,3,7,4,0.43
BLK0243,2025-10-16,SEC011,16:00,19:00,3,7,"Traction,Signalling",1,24,5,7,0,0.81
BLK0244,2025-08-09,SEC055,01:00,03:00,2,9,Signalling,5,107,2,9,2,0.23
BLK0245,2025-02-16,SEC051,19:00,21:00,2,9,Signalling,14,63,3,9,1,0.36
BLK0246,2025-05-18,SEC017,20:00,23:00,3,2,"Engineering,Traction,Signalling",2,29,1,2,1,0.89
BLK0247,2025-11-02,SEC001,19:00,21:00,2,10,"Engineering,Traction,Signalling",9,101,4,10,3,0.42
BLK0248,2025-10-01,SEC071,20:00,23:00,3,7,Engineering,4,14,5,7,2,0.73
BLK0249,2025-02-15,SEC054,19:00,23:00,4,7,Traction,1,14,6,7,0,0.94
BLK0250,2025-04-25,SEC070,08:00,11:00,3,2,Traction,2,11,1,2,0,0.89
BLK0251,2025-11-04,SEC040,02:00,06:00,4,7,Engineering,3,5,5,7,0,0.82
BLK0252,2025-12-19,SEC037,03:00,05:00,2,3,Engineering,2,20,2,3,1,0.82
BLK0253,2025-06-08,SEC035,02:00,06:00,4,2,Traction,4,18,1,2,1,0.86
BLK0254,2025-06-04,SEC052,15:00,21:00,6,5,Signalling,13,30,1,5,2,0.29
BLK0255,2025-05-11,SEC008,10:00,12:00,2,6,"Traction,Signalling",0,6,4,6,2,0.71
BLK0256,2025-03-16,SEC007,19:00,23:00,4,8,"Engineering,Signalling",3,8,6,8,2,0.75
BLK0257,2025-11-17,SEC027,20:00,22:00,2,8,"Engineering,Traction,Signalling",1,9,6,8,2,0.85
BLK0258,2025-09-04,SEC049,09:00,11:00,2,8,Engineering,0,13,8,8,0,1.0
BLK0259,2025-01-03,SEC066,12:00,14:00,2,8,Signalling,2,9,6,8,0,0.85
BLK0260,2025-11-25,SEC025,14:00,17:00,3,2,"Traction,Signalling",3,20,1,2,1,0.81
BLK0261,2025-03-27,SEC061,12:00,16:00,4,10,Engineering,6,92,3,10,7,0.33
BLK0262,2025-05-09,SEC018,15:00,18:00,3,4,Engineering,3,7,3,4,0,0.96
BLK0263,2025-06-15,SEC001,09:00,12:00,3,4,"Engineering,Signalling",0,15,3,4,0,0.88
BLK0264,2025-07-07,SEC006,17:00,21:00,4,3,"Traction,Signalling",3,71,1,3,2,0.48
BLK0265,2025-02-26,SEC057,05:00,09:00,4,2,"Engineering,Signalling",7,100,0,2,1,0.48
BLK0266,2025-11-23,SEC028,19:00,22:00,3,7,Traction,1,4,5,7,1,0.82
BLK0267,2025-06-17,SEC058,08:00,09:00,1,6,"Traction,Signalling",1,29,4,6,2,0.79
BLK0268,2025-12-06,SEC004,00:00,01:00,1,3,"Traction,Signalling",3,12,2,3,1,0.93
BLK0269,2025-09-16,SEC013,17:00,23:00,6,3,Engineering,6,26,0,3,3,0.32
BLK0270,2025-09-26,SEC048,08:00,11:00,3,8,"Traction,Signalling",0,25,5,8,0,0.71
BLK0271,2025-11-06,SEC020,14:00,15:00,1,8,Signalling,3,18,7,8,0,0.9
BLK0272,2025-06-03,SEC030,18:00,23:00,5,7,"Engineering,Traction,Signalling",2,14,6,7,1,0.87
BLK0273,2025-01-12,SEC041,10:00,13:00,3,4,"Engineering,Traction,Signalling",8,28,2,4,0,0.51
BLK0274,2025-09-01,SEC034,13:00,18:00,5,2,"Engineering,Traction",3,5,1,2,1,0.96
BLK0275,2025-12-14,SEC030,12:00,13:00,1,4,Traction,4,27,3,4,0,0.81
BLK0276,2025-03-22,SEC049,00:00,03:00,3,4,"Engineering,Traction",13,75,1,4,1,0.43
BLK0277,2025-02-11,SEC019,05:00,08:00,3,3,"Engineering,Signalling",2,14,2,3,0,0.91
BLK0278,2025-07-14,SEC045,12:00,14:00,2,6,Engineering,3,29,5,6,1,0.99
BLK0279,2025-04-24,SEC007,15:00,18:00,3,7,"Traction,Signalling",4,17,5,7,1,0.77
BLK0280,2025-03-19,SEC059,09:00,13:00,4,5,"Engineering,Traction",5,81,1,5,2,0.38
BLK0281,2025-08-16,SEC056,07:00,13:00,6,7,"Engineering,Signalling",3,93,3,7,0,0.47
BLK0282,2025-02-13,SEC005,05:00,09:00,4,2,"Traction,Signalling",3,16,1,2,0,0.95
BLK0283,2025-06-02,SEC006,17:00,21:00,4,8,Traction,2,3,6,8,2,0.87
BLK0284,2025-05-08,SEC028,00:00,05:00,5,8,Engineering,4,29,7,8,1,0.94
BLK0285,2025-08-12,SEC073,04:00,08:00,4,10,Engineering,8,41,3,10,3,0.39
BLK0286,2025-03-15,SEC060,09:00,13:00,4,9,Signalling,15,109,1,9,3,0.21
BLK0287,2025-08-02,SEC048,04:00,08:00,4,5,"Engineering,Traction",4,16,4,5,1,0.86
BLK0288,2025-09-03,SEC025,15:00,20:00,5,8,"Engineering,Traction,Signalling",8,27,1,8,1,0.17
BLK0289,2025-07-13,SEC058,03:00,04:00,1,3,"Engineering,Traction,Signalling",3,19,2,3,1,0.96
BLK0290,2025-10-04,SEC031,15:00,17:00,2,8,"Engineering,Signalling",5,67,3,8,2,0.43
BLK0291,2025-10-05,SEC002,02:00,04:00,2,5,"Engineering,Traction,Signalling",11,80,1,5,2,0.32
BLK0292,2025-03-19,SEC046,17:00,21:00,4,7,"Traction,Signalling",12,58,2,7,4,0.37
BLK0293,2025-08-07,SEC027,20:00,23:00,3,7,"Engineering,Traction,Signalling",4,22,6,7,0,0.89
BLK0294,2025-12-19,SEC005,10:00,12:00,2,7,"Engineering,Signalling",2,16,5,7,2,0.79
BLK0295,2025-06-09,SEC047,13:00,14:00,1,3,Signalling,4,12,2,3,0,0.74
BLK0296,2025-08-20,SEC025,20:00,23:00,3,5,"Traction,Signalling",11,70,2,5,1,0.49
BLK0297,2025-01-28,SEC062,02:00,07:00,5,7,"Engineering,Traction",1,14,6,7,0,0.91
BLK0298,2025-04-23,SEC020,06:00,09:00,3,8,"Traction,Signalling",3,25,6,8,1,0.75
BLK0299,2025-11-04,SEC042,10:00,11:00,1,8,Engineering,0,25,5,8,1,0.74
BLK0300,2025-08-03,SEC014,07:00,09:00,2,8,"Engineering,Signalling",3,22,6,8,2,0.76
BLK0301,2025-12-25,SEC020,03:00,07:00,4,3,Signalling,3,10,3,3,0,1.0
BLK0302,2025-03-28,SEC029,10:00,16:00,6,9,Signalling,15,37,3,9,6,0.43
BLK0303,2025-10-18,SEC022,15:00,20:00,5,4,Traction,14,100,0,4,3,0.21
BLK0304,2025-02-21,SEC019,18:00,20:00,2,10,Signalling,5,118,5,10,4,0.53
BLK0305,2025-04-19,SEC026,04:00,08:00,4,4,Signalling,0,24,3,4,1,0.91
BLK0306,2025-08-24,SEC046,14:00,17:00,3,6,Signalling,3,24,5,6,0,0.93
BLK0307,2025-04-07,SEC031,19:00,23:00,4,2,Traction,4,23,1,2,1,0.84
BLK0308,2025-01-14,SEC025,11:00,15:00,4,5,"Engineering,Traction",3,10,3,5,0,0.74
BLK0309,2025-07-23,SEC072,13:00,15:00,2,10,Engineering,9,76,2,10,5,0.2
BLK0310,2025-11-01,SEC039,02:00,04:00,2,3,Engineering,4,20,2,3,1,0.85
BLK0311,2025-09-06,SEC075,00:00,06:00,6,8,Signalling,15,119,1,8,7,0.22
BLK0312,2025-12-19,SEC030,15:00,19:00,4,7,Traction,3,5,5,7,2,0.73
BLK0313,2025-02-20,SEC011,13:00,16:00,3,2,Traction,9,44,0,2,1,0.25
BLK0314,2025-01-20,SEC057,03:00,05:00,2,5,Traction,2,6,4,5,0,0.99
BLK0315,2025-07-16,SEC027,09:00,15:00,6,1,"Engineering,Signalling",8,104,0,1,0,0.39
BLK0316,2025-09-16,SEC054,10:00,12:00,2,8,Traction,2,18,7,8,1,0.9
BLK0317,2025-02-06,SEC067,15:00,17:00,2,1,Signalling,12,24,0,1,1,0.38
BLK0318,2025-12-17,SEC066,09:00,10:00,1,3,"Engineering,Signalling",4,1,2,3,0,0.93
BLK0319,2025-01-25,SEC073,08:00,09:00,1,4,"Engineering,Traction,Signalling",4,3,2,4,1,0.71
BLK0320,2025-05-26,SEC033,05:00,06:00,1,2,"Traction,Signalling",1,20,1,2,1,0.94
BLK0321,2025-04-12,SEC045,05:00,07:00,2,2,Engineering,0,26,1,2,0,0.79
BLK0322,2025-10-26,SEC052,15:00,17:00,2,2,"Engineering,Traction,Signalling",10,100,0,2,0,0.3
BLK0323,2025-06-06,SEC018,17:00,19:00,2,3,"Engineering,Traction",1,9,2,3,1,0.93
BLK0324,2025-05-13,SEC023,05:00,09:00,4,2,Traction,4,0,1,2,1,0.75
BLK0325,2025-01-01,SEC015,19:00,23:00,4,6,"Traction,Signalling",2,11,5,6,0,0.98
BLK0326,2025-12-03,SEC014,08:00,12:00,4,4,"Engineering,Signalling",2,21,3,4,0,0.77
BLK0327,2025-05-05,SEC052,06:00,10:00,4,4,Signalling,2,20,2,4,2,0.73
BLK0328,2025-11-14,SEC061,15:00,20:00,5,2,Traction,1,29,1,2,0,0.78
BLK0329,2025-10-08,SEC041,07:00,10:00,3,2,Engineering,1,7,1,2,0,0.73
BLK0330,2025-07-20,SEC067,09:00,10:00,1,8,"Engineering,Traction,Signalling",1,6,6,8,2,0.76
BLK0331,2025-12-10,SEC062,06:00,11:00,5,1,Signalling,3,58,0,1,1,0.42
BLK0332,2025-11-27,SEC012,03:00,07:00,4,4,Signalling,4,16,2,4,1,0.72
BLK0333,2025-12-20,SEC060,08:00,12:00,4,7,"Engineering,Traction,Signalling",1,27,5,7,2,0.84
BLK0334,2025-04-22,SEC013,15:00,19:00,4,7,Signalling,1,13,5,7,2,0.79
BLK0335,2025-03-20,SEC029,09:00,13:00,4,2,Signalling,0,11,1,2,1,0.72
BLK0336,2025-10-23,SEC006,18:00,22:00,4,3,Engineering,3,30,2,3,0,0.94
BLK0337,2025-06-15,SEC058,20:00,23:00,3,3,Engineering,12,71,1,3,0,0.46
BLK0338,2025-06-13,SEC038,15:00,17:00,2,6,"Engineering,Signalling",13,30,2,6,3,0.38
BLK0339,2025-02-22,SEC041,09:00,11:00,2,3,"Engineering,Traction,Signalling",0,25,2,3,1,0.99
BLK0340,2025-06-05,SEC010,01:00,05:00,4,7,"Engineering,Signalling",3,4,6,7,1,0.88
BLK0341,2025-11-11,SEC070,08:00,12:00,4,4,Signalling,4,11,3,4,0,0.99
BLK0342,2025-08-17,SEC012,10:00,13:00,3,4,"Traction,Signalling",3,8,3,4,0,0.9
BLK0343,2025-06-16,SEC021,18:00,20:00,2,3,Traction,2,24,2,3,1,0.85
BLK0344,2025-11-05,SEC061,10:00,12:00,2,3,Signalling,4,28,2,3,0,0.93
BLK0345,2025-02-19,SEC019,18:00,21:00,3,6,Traction,3,24,5,6,0,0.98
BLK0346,2025-10-07,SEC031,01:00,04:00,3,7,"Traction,Signalling",1,23,5,7,1,0.74
BLK0347,2025-02-14,SEC046,17:00,21:00,4,7,Traction,9,118,3,7,3,0.52
BLK0348,2025-03-11,SEC002,04:00,09:00,5,7,"Engineering,Traction,Signalling",1,12,5,7,1,0.73
BLK0349,2025-07-17,SEC073,02:00,03:00,1,7,"Engineering,Signalling",1,29,5,7,1,0.73
BLK0350,2025-05-26,SEC012,07:00,09:00,2,2,"Engineering,Signalling",2,1,1,2,0,0.75
BLK0351,2025-02-26,SEC002,08:00,11:00,3,3,"Traction,Signalling",5,34,1,3,0,0.5
BLK0352,2025-06-27,SEC005,09:00,13:00,4,6,"Traction,Signalling",11,35,2,6,4,0.35
BLK0353,2025-08-22,SEC008,17:00,19:00,2,4,Signalling,2,14,3,4,0,0.89
BLK0354,2025-06-10,SEC048,08:00,11:00,3,3,"Engineering,Signalling",3,3,2,3,1,0.76
BLK0355,2025-05-05,SEC040,00:00,03:00,3,3,Traction,2,1,2,3,1,0.71
BLK0356,2025-11-17,SEC001,07:00,11:00,4,2,"Traction,Signalling",0,30,1,2,1,0.87
BLK0357,2025-08-20,SEC055,14:00,18:00,4,7,"Traction,Signalling",9,117,2,7,0,0.4
BLK0358,2025-04-18,SEC028,04:00,07:00,3,5,Signalling,3,21,3,5,2,0.73
BLK0359,2025-12-25,SEC074,13:00,16:00,3,8,Engineering,3,13,6,8,1,0.78
BLK0360,2025-10-04,SEC055,06:00,07:00,1,2,"Traction,Signalling",3,1,2,2,0,1.0
BLK0361,2025-03-02,SEC029,16:00,19:00,3,4,Traction,3,1,3,4,1,0.94
BLK0362,2025-10-04,SEC010,02:00,04:00,2,4,Engineering,4,17,2,4,0,0.73
BLK0363,2025-12-24,SEC022,20:00,23:00,3,2,Engineering,4,28,1,2,1,0.74
BLK0364,2025-01-15,SEC050,20:00,23:00,3,2,Signalling,4,25,1,2,1,0.89
BLK0365,2025-11-14,SEC039,09:00,11:00,2,4,Engineering,15,60,1,4,2,0.38
BLK0366,2025-02-17,SEC068,07:00,10:00,3,4,"Engineering,Traction",3,26,3,4,0,0.91
BLK0367,2025-01-06,SEC075,08:00,10:00,2,5,"Engineering,Signalling",1,23,4,5,1,0.87
BLK0368,2025-04-15,SEC040,07:00,11:00,4,2,"Traction,Signalling",2,4,1,2,0,0.73
BLK0369,2025-04-06,SEC027,02:00,06:00,4,4,"Traction,Signalling",3,12,3,4,1,0.84
BLK0370,2025-01-06,SEC035,14:00,18:00,4,8,"Traction,Signalling",5,52,3,8,4,0.49
BLK0371,2025-10-23,SEC015,13:00,17:00,4,7,"Engineering,Signalling",2,24,6,7,1,0.94
BLK0372,2025-02-15,SEC031,17:00,19:00,2,5,Signalling,11,114,2,5,3,0.53
BLK0373,2025-05-26,SEC068,15:00,21:00,6,2,"Traction,Signalling",7,114,0,2,1,0.25
BLK0374,2025-09-21,SEC019,01:00,06:00,5,8,Signalling,4,4,7,8,1,0.9
BLK0375,2025-03-06,SEC073,18:00,22:00,4,4,Traction,1,6,3,4,0,0.87
BLK0376,2025-06-24,SEC040,11:00,14:00,3,10,Engineering,7,41,2,10,1,0.23
BLK0377,2025-11-04,SEC066,05:00,06:00,1,3,"Engineering,Traction,Signalling",2,13,2,3,1,0.75
BLK0378,2025-12-11,SEC049,09:00,10:00,1,6,"Traction,Signalling",4,2,5,6,1,0.97
BLK0379,2025-05-06,SEC010,14:00,18:00,4,5,"Engineering,Signalling",9,69,0,5,4,0.16
BLK0380,2025-01-28,SEC024,10:00,16:00,6,3,"Engineering,Signalling",11,31,1,3,0,0.46
BLK0381,2025-10-18,SEC049,18:00,19:00,1,8,"Engineering,Traction",2,3,7,8,1,0.9
BLK0382,2025-03-17,SEC065,06:00,10:00,4,8,"Engineering,Signalling",3,23,7,8,0,0.9
BLK0383,2025-02-27,SEC049,15:00,17:00,2,2,Engineering,6,82,0,2,2,0.38
BLK0384,2025-11-03,SEC055,03:00,04:00,1,3,Signalling,2,20,2,3,1,0.91
BLK0385,2025-12-23,SEC017,10:00,12:00,2,3,Engineering,1,15,2,3,0,0.88
BLK0386,2025-01-15,SEC053,15:00,17:00,2,6,Traction,0,9,4,6,0,0.83
BLK0387,2025-03-08,SEC040,13:00,18:00,5,6,"Engineering,Signalling",13,89,2,6,2,0.34
BLK0388,2025-03-18,SEC044,11:00,17:00,6,10,Engineering,8,33,3,10,3,0.37
BLK0389,2025-04-09,SEC066,05:00,08:00,3,8,Traction,1,30,7,8,1,0.91
BLK0390,2025-10-08,SEC007,06:00,07:00,1,3,Engineering,4,3,2,3,0,0.82
BLK0391,2025-06-08,SEC049,16:00,19:00,3,3,"Engineering,Signalling",3,24,2,3,0,0.72
BLK0392,2025-12-12,SEC009,14:00,20:00,6,10,"Traction,Signalling",9,44,2,10,3,0.23
BLK0393,2025-08-03,SEC063,08:00,12:00,4,4,"Engineering,Traction,Signalling",4,21,3,4,1,0.82
BLK0394,2025-03-21,SEC012,01:00,02:00,1,4,"Engineering,Signalling",2,23,3,4,1,0.86
BLK0395,2025-08-28,SEC044,04:00,08:00,4,2,"Engineering,Signalling",4,24,1,2,0,0.73
BLK0396,2025-02-22,SEC056,07:00,10:00,3,10,Engineering,9,113,5,10,0,0.51
BLK0397,2025-10-03,SEC064,03:00,06:00,3,6,"Engineering,Traction,Signalling",1,29,5,6,1,0.93
BLK0398,2025-06-01,SEC073,18:00,23:00,5,10,"Traction,Signalling",14,99,4,10,5,0.41
BLK0399,2025-05-18,SEC028,18:00,21:00,3,2,"Engineering,Traction,Signalling",1,0,1,2,0,0.85
BLK0400,2025-01-04,SEC073,10:00,13:00,3,3,"Traction,Signalling",7,72,0,3,2,0.32
BLK0401,2025-03-11,SEC056,14:00,17:00,3,3,"Engineering,Traction,Signalling",10,119,0,3,3,0.22
BLK0402,2025-11-13,SEC069,06:00,10:00,4,10,"Traction,Signalling",13,103,4,10,4,0.42
BLK0403,2025-01-15,SEC001,18:00,21:00,3,9,"Traction,Signalling",9,75,4,9,2,0.46
BLK0404,2025-05-16,SEC070,06:00,09:00,3,8,Engineering,10,59,1,8,4,0.22
BLK0405,2025-02-20,SEC009,04:00,09:00,5,4,Traction,4,20,3,4,1,0.88
BLK0406,2025-02-11,SEC039,18:00,22:00,4,8,"Engineering,Signalling",3,13,7,8,0,0.98
BLK0407,2025-01-11,SEC032,19:00,21:00,2,7,Signalling,0,19,6,7,1,0.86
BLK0408,2025-07-09,SEC012,17:00,20:00,3,3,Engineering,14,111,1,3,0,0.35
BLK0409,2025-06-13,SEC009,01:00,03:00,2,6,"Engineering,Traction,Signalling",1,17,4,6,2,0.72
BLK0410,2025-09-16,SEC051,14:00,17:00,3,6,Engineering,2,18,4,6,2,0.78
BLK0411,2025-01-17,SEC059,13:00,17:00,4,6,Signalling,14,71,2,6,2,0.34
BLK0412,2025-04-06,SEC019,13:00,16:00,3,4,Engineering,4,17,3,4,1,0.99
BLK0413,2025-06-25,SEC032,15:00,20:00,5,5,Engineering,11,63,1,5,3,0.29
BLK0414,2025-12-08,SEC013,02:00,07:00,5,9,"Engineering,Traction",9,110,4,9,5,0.47
BLK0415,2025-07-19,SEC056,20:00,23:00,3,5,"Engineering,Traction,Signalling",1,23,4,5,0,0.84
BLK0416,2025-03-17,SEC006,03:00,06:00,3,8,"Engineering,Traction",0,12,6,8,1,0.84
BLK0417,2025-01-06,SEC044,08:00,13:00,5,3,"Traction,Signalling",1,13,2,3,1,0.91
BLK0418,2025-01-08,SEC051,07:00,10:00,3,4,"Engineering,Traction",1,30,3,4,1,0.99
BLK0419,2025-10-26,SEC059,01:00,05:00,4,7,Traction,1,7,5,7,2,0.77
BLK0420,2025-08-23,SEC026,01:00,04:00,3,8,Engineering,14,88,2,8,6,0.34
BLK0421,2025-09-25,SEC024,20:00,23:00,3,6,Traction,12,101,2,6,2,0.46
BLK0422,2025-02-02,SEC003,05:00,08:00,3,2,"Traction,Signalling",0,18,1,2,1,0.92
BLK0423,2025-03-22,SEC008,00:00,04:00,4,4,"Engineering,Traction,Signalling",8,98,0,4,0,0.24
BLK0424,2025-04-26,SEC017,13:00,16:00,3,2,"Traction,Signalling",2,12,1,2,0,0.91
BLK0425,2025-03-16,SEC012,15:00,18:00,3,10,"Engineering,Traction,Signalling",13,41,4,10,2,0.45
BLK0426,2025-06-11,SEC058,12:00,17:00,5,9,"Engineering,Traction",7,56,3,9,1,0.39
BLK0427,2025-07-04,SEC054,14:00,20:00,6,6,"Engineering,Signalling",9,111,2,6,1,0.48
BLK0428,2025-04-16,SEC012,13:00,18:00,5,3,"Engineering,Traction",0,11,2,3,1,0.94
BLK0429,2025-08-01,SEC003,08:00,13:00,5,1,"Engineering,Traction,Signalling",5,36,0,1,1,0.22
BLK0430,2025-08-18,SEC060,12:00,17:00,5,8,Signalling,0,21,5,8,0,0.74
BLK0431,2025-10-27,SEC061,07:00,13:00,6,2,Signalling,15,46,0,2,0,0.32
BLK0432,2025-02-25,SEC066,13:00,18:00,5,8,"Engineering,Traction,Signalling",4,10,6,8,1,0.78
BLK0433,2025-02-27,SEC025,11:00,16:00,5,10,Engineering,5,85,4,10,3,0.47
BLK0434,2025-01-18,SEC014,06:00,09:00,3,7,"Engineering,Traction,Signalling",4,28,6,7,0,0.97
BLK0435,2025-01-12,SEC008,01:00,06:00,5,7,"Engineering,Traction",15,31,3,7,3,0.52
BLK0436,2025-09-03,SEC052,18:00,20:00,2,5,"Engineering,Traction",0,28,3,5,0,0.7
BLK0437,2025-11-25,SEC039,12:00,17:00,5,4,"Engineering,Traction,Signalling",13,105,2,4,1,0.54
BLK0438,2025-08-11,SEC006,07:00,09:00,2,3,"Traction,Signalling",1,8,2,3,0,0.89
BLK0439,2025-05-25,SEC035,19:00,23:00,4,7,"Engineering,Traction",12,31,1,7,3,0.23
BLK0440,2025-01-28,SEC014,02:00,07:00,5,5,Traction,2,21,3,5,1,0.78
BLK0441,2025-10-17,SEC041,17:00,19:00,2,2,"Traction,Signalling",2,0,1,2,0,0.92
BLK0442,2025-04-27,SEC073,12:00,15:00,3,3,"Engineering,Signalling",1,13,2,3,0,0.79
BLK0443,2025-09-09,SEC039,14:00,16:00,2,5,"Engineering,Traction",3,18,3,5,2,0.77
BLK0444,2025-10-21,SEC061,14:00,19:00,5,4,"Engineering,Signalling",3,10,3,4,0,0.78
BLK0445,2025-10-01,SEC001,19:00,21:00,2,2,Signalling,4,9,1,2,0,0.71
BLK0446,2025-11-26,SEC023,18:00,19:00,1,4,"Engineering,Traction",3,6,3,4,0,0.92
BLK0447,2025-08-09,SEC062,19:00,23:00,4,2,"Engineering,Traction,Signalling",4,20,1,2,0,0.92
BLK0448,2025-08-07,SEC055,00:00,05:00,5,5,"Engineering,Signalling",2,5,4,5,1,0.99
BLK0449,2025-02-17,SEC010,12:00,16:00,4,3,Engineering,0,21,2,3,0,0.79
BLK0450,2025-08-07,SEC055,08:00,10:00,2,8,Signalling,4,13,5,8,0,0.73
BLK0451,2025-10-05,SEC045,07:00,13:00,6,2,"Traction,Signalling",5,109,1,2,1,0.53
BLK0452,2025-01-25,SEC042,03:00,08:00,5,7,Signalling,9,107,1,7,0,0.24
BLK0453,2025-03-11,SEC021,10:00,12:00,2,2,"Engineering,Traction",0,7,1,2,0,0.89
BLK0454,2025-01-09,SEC033,18:00,21:00,3,10,Traction,14,28,2,10,1,0.24
BLK0455,2025-12-28,SEC016,15:00,16:00,1,8,"Engineering,Signalling",0,6,6,8,2,0.79
BLK0456,2025-08-07,SEC058,06:00,08:00,2,4,"Engineering,Traction,Signalling",0,21,3,4,0,0.76
BLK0457,2025-03-09,SEC062,05:00,07:00,2,1,"Traction,Signalling",10,100,0,1,1,0.31
BLK0458,2025-03-02,SEC018,05:00,10:00,5,4,Engineering,12,54,1,4,2,0.31
BLK0459,2025-05-08,SEC073,04:00,06:00,2,2,"Engineering,Traction",2,5,1,2,1,0.96
BLK0460,2025-08-02,SEC014,10:00,15:00,5,7,Signalling,0,7,4,7,1,0.7
BLK0461,2025-07-24,SEC019,10:00,11:00,1,7,Signalling,0,21,6,7,0,0.9
BLK0462,2025-10-18,SEC016,06:00,07:00,1,7,Signalling,0,24,5,7,0,0.77
BLK0463,2025-11-17,SEC061,04:00,09:00,5,5,Signalling,12,57,1,5,0,0.37
BLK0464,2025-03-20,SEC024,08:00,11:00,3,2,Engineering,8,50,0,2,2,0.45
BLK0465,2025-06-13,SEC012,19:00,22:00,3,6,Signalling,4,9,5,6,0,0.99
BLK0466,2025-01-23,SEC060,19:00,23:00,4,6,Signalling,2,13,4,6,0,0.83
BLK0467,2025-11-21,SEC028,17:00,18:00,1,4,"Engineering,Signalling",4,10,3,4,1,0.88
BLK0468,2025-06-23,SEC052,20:00,22:00,2,4,"Engineering,Traction,Signalling",1,19,3,4,1,0.86
BLK0469,2025-10-27,SEC016,16:00,18:00,2,5,"Engineering,Traction,Signalling",6,46,2,5,0,0.42
BLK0470,2025-08-06,SEC050,08:00,12:00,4,9,Engineering,9,69,3,9,5,0.36
BLK0471,2025-08-24,SEC050,20:00,23:00,3,2,"Engineering,Signalling",9,39,0,2,1,0.4
BLK0472,2025-11-03,SEC068,17:00,22:00,5,3,Traction,4,1,2,3,1,0.7
BLK0473,2025-05-23,SEC018,07:00,13:00,6,1,Signalling,11,100,0,1,1,0.38
BLK0474,2025-09-04,SEC064,04:00,06:00,2,8,Signalling,4,109,2,8,4,0.27
BLK0475,2025-08-04,SEC064,12:00,16:00,4,8,"Engineering,Traction,Signalling",9,49,3,8,4,0.4
BLK0476,2025-07-20,SEC016,02:00,07:00,5,7,Signalling,3,26,5,7,0,0.84
BLK0477,2025-09-23,SEC046,03:00,04:00,1,2,Engineering,4,16,1,2,0,0.76
BLK0478,2025-03-09,SEC038,14:00,18:00,4,1,Engineering,3,37,0,1,1,0.3
BLK0479,2025-03-24,SEC039,19:00,23:00,4,7,"Engineering,Signalling",4,18,5,7,1,0.77
BLK0480,2025-05-19,SEC055,19:00,22:00,3,1,"Engineering,Traction",9,88,0,1,1,0.5
BLK0481,2025-12-18,SEC024,07:00,09:00,2,2,Engineering,4,55,0,2,2,0.34
BLK0482,2025-03-07,SEC033,10:00,11:00,1,7,"Traction,Signalling",4,6,6,7,0,0.93
BLK0483,2025-11-16,SEC014,11:00,15:00,4,5,Engineering,4,18,3,5,1,0.78
BLK0484,2025-03-16,SEC033,15:00,21:00,6,10,Traction,14,68,4,10,0,0.49
BLK0485,2025-05-08,SEC031,17:00,18:00,1,6,"Traction,Signalling",0,10,4,6,1,0.76
BLK0486,2025-05-25,SEC068,15:00,16:00,1,7,Signalling,2,24,6,7,0,0.97
BLK0487,2025-08-23,SEC009,17:00,23:00,6,3,"Engineering,Traction",6,24,1,3,2,0.35
BLK0488,2025-09-20,SEC045,06:00,11:00,5,6,"Engineering,Traction",0,3,4,6,2,0.74
BLK0489,2025-05-13,SEC041,08:00,13:00,5,6,Signalling,0,6,6,6,0,1.0
BLK0490,2025-09-27,SEC046,12:00,14:00,2,6,"Engineering,Traction,Signalling",8,99,3,6,0,0.54
BLK0491,2025-02-13,SEC001,02:00,04:00,2,2,"Engineering,Signalling",4,3,1,2,1,0.72
BLK0492,2025-01-12,SEC009,10:00,12:00,2,4,"Engineering,Traction",2,30,3,4,1,0.99
BLK0493,2025-06-21,SEC040,05:00,06:00,1,6,"Engineering,Traction,Signalling",0,7,5,6,0,0.91
BLK0494,2025-07-18,SEC011,20:00,23:00,3,3,Engineering,0,8,2,3,0,0.86
BLK0495,2025-11-02,SEC058,13:00,16:00,3,2,Traction,13,108,0,2,2,0.41
BLK0496,2025-07-28,SEC052,19:00,23:00,4,3,Signalling,0,25,2,3,1,0.81
BLK0497,2025-04-04,SEC011,13:00,16:00,3,10,Traction,10,104,3,10,2,0.31
BLK0498,2025-02-23,SEC061,04:00,06:00,2,3,"Engineering,Signalling",3,10,2,3,0,0.94
BLK0499,2025-05-20,SEC062,03:00,08:00,5,10,"Engineering,Signalling",13,32,5,10,4,0.51
BLK0500,2025-06-27,SEC043,10:00,16:00,6,8,Traction,7,62,1,8,7,0.18
BLK0501,2025-12-20,SEC046,12:00,16:00,4,2,"Engineering,Traction,Signalling",3,64,0,2,1,0.43
BLK0502,2025-04-25,SEC007,04:00,08:00,4,6,"Engineering,Signalling",5,41,2,6,4,0.37
BLK0503,2025-04-14,SEC019,19:00,21:00,2,5,Engineering,3,29,4,5,1,0.91
BLK0504,2025-06-26,SEC006,04:00,08:00,4,7,"Traction,Signalling",3,6,4,7,3,0.7
BLK0505,2025-05-11,SEC052,14:00,17:00,3,2,"Engineering,Traction,Signalling",15,102,0,2,2,0.34
BLK0506,2025-05-21,SEC064,08:00,14:00,6,2,"Engineering,Traction",10,96,0,2,2,0.4
BLK0507,2025-07-14,SEC046,01:00,07:00,6,5,Engineering,14,41,1,5,2,0.22
BLK0508,2025-08-01,SEC033,20:00,23:00,3,1,"Engineering,Traction",8,90,0,1,0,0.23
BLK0509,2025-05-12,SEC027,03:00,07:00,4,4,"Engineering,Traction",3,3,3,4,0,0.92
BLK0510,2025-09-15,SEC033,16:00,20:00,4,2,"Engineering,Traction",8,24,0,2,0,0.32
BLK0511,2025-06-09,SEC046,11:00,14:00,3,5,Engineering,14,80,1,5,1,0.29
BLK0512,2025-09-19,SEC075,16:00,18:00,2,7,"Engineering,Signalling",0,4,5,7,0,0.84
BLK0513,2025-02-28,SEC030,20:00,23:00,3,8,"Engineering,Traction,Signalling",4,7,6,8,0,0.86
BLK0514,2025-05-14,SEC068,00:00,05:00,5,5,"Engineering,Signalling",5,51,1,5,2,0.21
BLK0515,2025-12-13,SEC036,17:00,23:00,6,4,Traction,10,23,1,4,2,0.32
BLK0516,2025-07-12,SEC060,14:00,17:00,3,4,"Engineering,Traction",3,7,3,4,0,0.95
BLK0517,2025-05-01,SEC052,12:00,14:00,2,3,"Engineering,Traction,Signalling",6,98,0,3,3,0.2
BLK0518,2025-01-21,SEC044,08:00,14:00,6,3,"Engineering,Traction,Signalling",6,116,1,3,2,0.37
BLK0519,2025-03-04,SEC072,19:00,22:00,3,5,"Engineering,Signalling",3,17,4,5,0,0.99
BLK0520,2025-06-09,SEC018,17:00,18:00,1,6,Traction,1,11,4,6,2,0.75
BLK0521,2025-11-06,SEC038,13:00,17:00,4,8,"Engineering,Signalling",1,29,5,8,2,0.72
BLK0522,2025-07-05,SEC061,11:00,13:00,2,4,"Engineering,Signalling",1,8,3,4,0,0.76
BLK0523,2025-09-01,SEC002,09:00,11:00,2,8,"Engineering,Signalling",12,49,1,8,3,0.23
BLK0524,2025-07-26,SEC006,01:00,06:00,5,6,"Engineering,Traction",7,45,2,6,4,0.44
BLK0525,2025-09-28,SEC018,19:00,23:00,4,8,Traction,5,39,1,8,0,0.15
BLK0526,2025-04-08,SEC071,17:00,22:00,5,2,"Engineering,Traction",4,27,1,2,0,0.84
BLK0527,2025-03-04,SEC029,07:00,09:00,2,4,Signalling,0,7,3,4,1,0.94
BLK0528,2025-03-25,SEC027,14:00,16:00,2,7,"Engineering,Traction,Signalling",4,12,6,7,0,0.87
BLK0529,2025-03-27,SEC074,02:00,04:00,2,8,Traction,2,20,7,8,1,0.95
BLK0530,2025-12-07,SEC056,12:00,14:00,2,8,"Engineering,Traction,Signalling",4,25,6,8,2,0.79
BLK0531,2025-10-22,SEC042,02:00,06:00,4,6,Signalling,4,70,2,6,1,0.44
BLK0532,2025-06-26,SEC023,05:00,09:00,4,2,Traction,7,94,0,2,1,0.18
BLK0533,2025-12-15,SEC074,08:00,11:00,3,7,Traction,7,81,2,7,2,0.31
BLK0534,2025-05-24,SEC069,02:00,03:00,1,5,"Engineering,Traction,Signalling",2,27,4,5,1,0.87
BLK0535,2025-05-19,SEC014,16:00,18:00,2,6,Traction,4,28,4,6,2,0.8
BLK0536,2025-04-03,SEC070,17:00,21:00,4,7,Signalling,1,6,5,7,1,0.75
BLK0537,2025-01-24,SEC067,05:00,09:00,4,7,Signalling,1,18,6,7,1,0.98
BLK0538,2025-12-24,SEC075,03:00,04:00,1,7,"Engineering,Traction",0,18,6,7,0,0.95
BLK0539,2025-09-06,SEC013,13:00,15:00,2,7,Engineering,2,13,6,7,1,0.93
BLK0540,2025-09-27,SEC073,16:00,21:00,5,4,"Engineering,Traction,Signalling",4,14,3,4,0,0.84
BLK0541,2025-01-17,SEC038,18:00,23:00,5,2,Engineering,13,116,0,2,2,0.29
BLK0542,2025-08-03,SEC008,13:00,17:00,4,7,"Engineering,Traction",3,37,3,7,4,0.55
BLK0543,2025-05-25,SEC003,20:00,23:00,3,2,Engineering,1,12,1,2,0,0.9
BLK0544,2025-12-06,SEC049,06:00,09:00,3,3,"Engineering,Traction",2,21,2,3,0,0.92
BLK0545,2025-02-10,SEC064,18:00,23:00,5,5,"Engineering,Traction,Signalling",4,11,4,5,0,0.85
BLK0546,2025-06-23,SEC056,12:00,16:00,4,5,Signalling,1,30,4,5,0,0.95
BLK0547,2025-01-23,SEC030,03:00,08:00,5,2,Traction,3,30,1,2,0,0.94
BLK0548,2025-03-24,SEC041,04:00,10:00,6,2,"Engineering,Signalling",12,43,0,2,2,0.49
BLK0549,2025-11-18,SEC032,08:00,11:00,3,4,Engineering,4,17,3,4,1,0.78
BLK0550,2025-10-21,SEC074,08:00,12:00,4,8,"Engineering,Signalling",2,7,7,8,1,0.91
BLK0551,2025-05-09,SEC037,10:00,12:00,2,4,"Engineering,Traction",0,3,3,4,0,0.91
BLK0552,2025-11-08,SEC037,17:00,18:00,1,4,Signalling,2,20,3,4,1,0.89
BLK0553,2025-08-14,SEC006,18:00,22:00,4,6,"Engineering,Traction",2,28,4,6,0,0.8
BLK0554,2025-11-11,SEC032,00:00,04:00,4,6,Signalling,0,17,4,6,2,0.83
BLK0555,2025-04-26,SEC023,05:00,11:00,6,6,Traction,4,36,3,6,2,0.52
BLK0556,2025-09-07,SEC038,05:00,08:00,3,8,Signalling,4,24,6,8,2,0.87
BLK0557,2025-06-13,SEC006,08:00,12:00,4,7,"Engineering,Traction",5,114,1,7,1,0.24
BLK0558,2025-04-05,SEC034,15:00,17:00,2,3,"Engineering,Traction",8,88,0,3,1,0.26
BLK0559,2025-07-01,SEC031,12:00,14:00,2,7,Engineering,15,114,3,7,0,0.51
BLK0560,2025-07-11,SEC055,18:00,20:00,2,2,"Engineering,Traction",2,2,2,2,0,1.0
BLK0561,2025-01-14,SEC025,09:00,10:00,1,4,Engineering,4,24,3,4,0,0.84
BLK0562,2025-03-07,SEC064,10:00,14:00,4,3,Traction,3,17,2,3,0,0.73
BLK0563,2025-07-04,SEC025,11:00,16:00,5,4,"Engineering,Traction",3,30,3,4,1,0.78
BLK0564,2025-07-09,SEC058,16:00,20:00,4,10,Traction,5,58,2,10,4,0.2
BLK0565,2025-11-09,SEC010,06:00,07:00,1,6,"Engineering,Signalling",1,11,4,6,0,0.71
BLK0566,2025-03-04,SEC005,13:00,14:00,1,6,Traction,2,1,5,6,0,0.99
BLK0567,2025-02-11,SEC047,01:00,03:00,2,5,"Traction,Signalling",4,9,4,5,1,0.84
BLK0568,2025-01-11,SEC001,09:00,10:00,1,3,"Engineering,Traction",4,6,2,3,1,0.91
BLK0569,2025-04-17,SEC017,06:00,08:00,2,5,Traction,8,120,0,5,2,0.19
BLK0570,2025-04-23,SEC043,05:00,10:00,5,8,"Traction,Signalling",1,2,6,8,1,0.77
BLK0571,2025-09-11,SEC048,01:00,02:00,1,7,"Engineering,Traction",2,8,6,7,1,0.93
BLK0572,2025-09-09,SEC053,11:00,17:00,6,8,"Engineering,Traction",11,76,2,8,5,0.27
BLK0573,2025-10-19,SEC014,07:00,11:00,4,3,Traction,2,5,2,3,1,0.71
BLK0574,2025-03-18,SEC019,07:00,09:00,2,7,Signalling,1,21,6,7,1,0.93
BLK0575,2025-10-19,SEC040,07:00,09:00,2,5,"Engineering,Traction",1,30,4,5,0,0.95
BLK0576,2025-06-24,SEC004,01:00,05:00,4,8,"Traction,Signalling",4,2,6,8,1,0.75
BLK0577,2025-09-12,SEC065,09:00,11:00,2,2,"Traction,Signalling",15,67,0,2,1,0.44
BLK0578,2025-05-02,SEC014,16:00,21:00,5,8,Traction,9,54,3,8,0,0.46
BLK0579,2025-07-21,SEC054,17:00,23:00,6,2,"Traction,Signalling",15,100,0,2,2,0.37
BLK0580,2025-07-24,SEC071,05:00,08:00,3,2,Signalling,15,66,0,2,1,0.34
BLK0581,2025-06-01,SEC063,12:00,17:00,5,1,"Traction,Signalling",3,101,0,1,0,0.2
BLK0582,2025-02-06,SEC017,13:00,18:00,5,7,"Engineering,Signalling",12,42,3,7,1,0.44
BLK0583,2025-08-23,SEC047,02:00,08:00,6,1,"Engineering,Signalling",11,88,0,1,1,0.42
BLK0584,2025-09-02,SEC049,05:00,07:00,2,6,"Engineering,Traction",3,10,5,6,0,0.87
BLK0585,2025-12-19,SEC052,20:00,23:00,3,3,"Traction,Signalling",10,108,0,3,2,0.28
BLK0586,2025-09-21,SEC041,03:00,06:00,3,7,Engineering,0,23,6,7,1,0.91
BLK0587,2025-10-21,SEC023,14:00,16:00,2,7,"Engineering,Traction",2,15,4,7,2,0.71
BLK0588,2025-10-28,SEC074,06:00,08:00,2,7,"Engineering,Signalling",3,15,5,7,0,0.83
BLK0589,2025-09-10,SEC059,19:00,22:00,3,7,"Engineering,Traction",11,73,2,7,3,0.35
BLK0590,2025-03-08,SEC047,03:00,08:00,5,4,"Engineering,Traction",3,21,3,4,1,0.81
BLK0591,2025-10-11,SEC011,02:00,07:00,5,3,"Engineering,Signalling",0,28,2,3,0,0.91
BLK0592,2025-12-05,SEC034,18:00,21:00,3,3,"Traction,Signalling",0,4,2,3,0,0.9
BLK0593,2025-04-23,SEC070,07:00,10:00,3,10,"Engineering,Traction,Signalling",3,94,3,10,2,0.3
BLK0594,2025-12-01,SEC049,06:00,07:00,1,3,"Engineering,Signalling",2,19,2,3,1,0.89
BLK0595,2025-05-19,SEC003,00:00,05:00,5,8,"Engineering,Traction",4,29,7,8,1,0.98
BLK0596,2025-12-25,SEC035,11:00,13:00,2,5,Signalling,4,30,3,5,0,0.73
BLK0597,2025-02-22,SEC052,08:00,10:00,2,8,"Engineering,Signalling",8,107,4,8,1,0.53
BLK0598,2025-04-27,SEC006,15:00,18:00,3,3,"Engineering,Traction",0,16,2,3,1,0.79
BLK0599,2025-10-07,SEC004,10:00,12:00,2,2,Signalling,2,18,1,2,1,0.78
BLK0600,2025-06-22,SEC023,18:00,19:00,1,6,"Engineering,Signalling",0,6,5,6,1,0.95
BLK0601,2025-09-21,SEC025,03:00,06:00,3,8,"Engineering,Signalling",3,19,6,8,0,0.78
BLK0602,2025-02-16,SEC033,07:00,11:00,4,7,Traction,1,5,5,7,0,0.72
BLK0603,2025-03-04,SEC048,15:00,17:00,2,3,Signalling,1,2,2,3,1,0.83
BLK0604,2025-10-02,SEC010,02:00,03:00,1,4,Traction,2,4,4,4,0,1.0
BLK0605,2025-12-28,SEC003,04:00,07:00,3,9,"Engineering,Traction",8,101,4,9,5,0.55
BLK0606,2025-11-01,SEC005,17:00,20:00,3,2,"Traction,Signalling",2,21,2,2,0,1.0
BLK0607,2025-01-12,SEC040,13:00,17:00,4,6,"Traction,Signalling",9,66,1,6,4,0.18
BLK0608,2025-10-20,SEC032,04:00,07:00,3,4,"Traction,Signalling",4,22,3,4,0,0.81
BLK0609,2025-07-27,SEC043,10:00,12:00,2,4,Signalling,0,7,3,4,0,0.89
BLK0610,2025-10-23,SEC039,14:00,17:00,3,3,Traction,2,16,2,3,0,0.91
BLK0611,2025-09-16,SEC041,00:00,01:00,1,2,"Engineering,Signalling",3,23,1,2,0,0.99
BLK0612,2025-09-17,SEC029,15:00,20:00,5,4,"Engineering,Traction",0,5,3,4,0,0.83
BLK0613,2025-02-25,SEC033,07:00,11:00,4,8,"Traction,Signalling",0,23,5,8,0,0.74
BLK0614,2025-06-02,SEC063,14:00,18:00,4,5,Signalling,2,10,3,5,2,0.78
BLK0615,2025-01-21,SEC016,11:00,13:00,2,2,"Engineering,Traction,Signalling",13,115,0,2,1,0.29
BLK0616,2025-10-06,SEC033,01:00,04:00,3,3,Signalling,1,0,2,3,0,0.99
BLK0617,2025-08-28,SEC031,14:00,17:00,3,2,Signalling,2,12,1,2,0,0.78
BLK0618,2025-06-24,SEC068,17:00,22:00,5,8,"Engineering,Traction,Signalling",7,112,2,8,6,0.35
BLK0619,2025-08-01,SEC020,12:00,15:00,3,7,"Traction,Signalling",3,11,5,7,1,0.76
BLK0620,2025-03-07,SEC065,00:00,05:00,5,4,"Engineering,Signalling",0,5,2,4,2,0.73
BLK0621,2025-08-02,SEC003,00:00,06:00,6,1,"Engineering,Signalling",10,120,0,1,0,0.25
BLK0622,2025-08-06,SEC020,16:00,19:00,3,1,"Engineering,Signalling",11,102,0,1,1,0.23
BLK0623,2025-09-10,SEC074,09:00,12:00,3,7,Traction,1,1,5,7,2,0.82
BLK0624,2025-08-07,SEC013,13:00,15:00,2,8,"Engineering,Traction",13,53,3,8,1,0.38
BLK0625,2025-01-20,SEC044,10:00,14:00,4,3,"Engineering,Traction,Signalling",3,28,2,3,1,0.78
BLK0626,2025-04-26,SEC073,04:00,07:00,3,10,"Engineering,Traction",6,42,4,10,4,0.49
BLK0627,2025-06-06,SEC046,01:00,06:00,5,8,"Engineering,Signalling",3,0,6,8,1,0.78
BLK0628,2025-11-12,SEC019,04:00,05:00,1,8,"Engineering,Signalling",0,2,7,8,1,0.98
BLK0629,2025-10-03,SEC016,16:00,19:00,3,7,"Engineering,Traction,Signalling",10,23,3,7,2,0.46
BLK0630,2025-06-25,SEC056,08:00,13:00,5,2,"Engineering,Signalling",2,13,1,2,1,0.96
BLK0631,2025-11-16,SEC037,03:00,09:00,6,6,Traction,14,81,1,6,1,0.2
BLK0632,2025-08-12,SEC043,16:00,20:00,4,5,"Engineering,Traction,Signalling",1,28,4,5,1,0.92
BLK0633,2025-12-02,SEC070,12:00,17:00,5,8,"Engineering,Traction",2,12,5,8,2,0.74
BLK0634,2025-07-10,SEC023,20:00,22:00,2,7,"Engineering,Signalling",15,110,3,7,1,0.5
BLK0635,2025-04-07,SEC007,14:00,17:00,3,3,"Engineering,Traction,Signalling",3,7,2,3,1,0.88
BLK0636,2025-06-13,SEC046,17:00,22:00,5,4,"Engineering,Traction,Signalling",11,75,1,4,3,0.38
BLK0637,2025-05-05,SEC026,18:00,20:00,2,10,Engineering,10,97,2,10,8,0.27
BLK0638,2025-04-08,SEC049,15:00,20:00,5,7,Traction,4,23,6,7,1,0.9
BLK0639,2025-08-11,SEC003,08:00,12:00,4,5,Engineering,2,7,4,5,0,0.96
BLK0640,2025-11-04,SEC006,16:00,21:00,5,4,Signalling,13,55,1,4,3,0.39
BLK0641,2025-12-22,SEC046,19:00,23:00,4,5,"Engineering,Traction,Signalling",11,104,0,5,5,0.18
BLK0642,2025-07-21,SEC055,13:00,18:00,5,4,"Engineering,Traction",1,19,3,4,1,0.87
BLK0643,2025-01-02,SEC007,03:00,05:00,2,8,Traction,6,45,4,8,3,0.53
BLK0644,2025-01-16,SEC024,08:00,10:00,2,10,Traction,8,105,4,10,3,0.42
BLK0645,2025-09-11,SEC073,04:00,06:00,2,3,"Engineering,Signalling",0,17,2,3,0,0.91
BLK0646,2025-04-08,SEC019,16:00,19:00,3,6,"Traction,Signalling",1,26,5,6,1,0.85
BLK0647,2025-03-15,SEC020,20:00,23:00,3,8,Signalling,1,18,6,8,1,0.78
BLK0648,2025-11-10,SEC065,03:00,08:00,5,4,"Engineering,Signalling",12,42,0,4,4,0.16
BLK0649,2025-11-17,SEC052,14:00,17:00,3,6,Signalling,4,26,4,6,1,0.71
BLK0650,2025-11-14,SEC040,04:00,09:00,5,7,Traction,10,62,2,7,2,0.32
BLK0651,2025-06-10,SEC006,17:00,18:00,1,6,Engineering,3,10,5,6,1,0.89
BLK0652,2025-02-03,SEC052,01:00,05:00,4,1,Traction,10,61,0,1,0,0.47
BLK0653,2025-01-01,SEC001,17:00,20:00,3,6,"Engineering,Traction,Signalling",2,20,5,6,1,0.87
BLK0654,2025-09-01,SEC009,02:00,04:00,2,10,Signalling,7,58,4,10,6,0.48
BLK0655,2025-10-19,SEC057,20:00,23:00,3,3,Engineering,4,62,1,3,1,0.45
BLK0656,2025-02-26,SEC004,09:00,11:00,2,4,Traction,5,86,1,4,2,0.36
BLK0657,2025-10-11,SEC072,13:00,17:00,4,1,Signalling,12,82,0,1,0,0.17
BLK0658,2025-04-14,SEC053,14:00,20:00,6,6,Traction,7,36,2,6,2,0.39
BLK0659,2025-08-05,SEC002,07:00,12:00,5,6,"Engineering,Signalling",14,84,1,6,4,0.24
BLK0660,2025-01-03,SEC059,11:00,14:00,3,5,"Engineering,Signalling",2,18,4,5,1,0.85
BLK0661,2025-07-15,SEC067,15:00,16:00,1,6,Signalling,3,1,4,6,2,0.79
BLK0662,2025-02-19,SEC053,18:00,22:00,4,5,"Engineering,Signalling",4,33,0,5,4,0.19
BLK0663,2025-09-18,SEC008,01:00,06:00,5,10,"Engineering,Traction,Signalling",12,43,4,10,2,0.43
BLK0664,2025-07-04,SEC004,15:00,19:00,4,8,"Traction,Signalling",0,5,6,8,1,0.78
BLK0665,2025-05-20,SEC026,08:00,11:00,3,7,Traction,4,20,6,7,1,0.93
BLK0666,2025-12-08,SEC069,00:00,04:00,4,4,Signalling,3,30,0,4,3,0.23
BLK0667,2025-08-27,SEC005,02:00,03:00,1,7,Signalling,0,28,6,7,0,0.92
BLK0668,2025-10-02,SEC020,07:00,11:00,4,4,"Engineering,Traction",9,64,1,4,0,0.25
BLK0669,2025-02-27,SEC010,05:00,09:00,4,2,Signalling,0,13,1,2,0,0.86
BLK0670,2025-07-11,SEC005,02:00,07:00,5,5,Traction,3,4,4,5,0,0.81
BLK0671,2025-12-08,SEC010,13:00,17:00,4,7,"Engineering,Traction",4,6,6,7,1,0.88
BLK0672,2025-06-25,SEC014,04:00,08:00,4,4,"Engineering,Traction",5,30,1,4,2,0.29
BLK0673,2025-07-13,SEC033,18:00,23:00,5,2,"Traction,Signalling",3,10,1,2,1,0.99
BLK0674,2025-12-04,SEC001,01:00,05:00,4,4,"Engineering,Traction,Signalling",4,27,3,4,0,0.81
BLK0675,2025-08-23,SEC069,02:00,07:00,5,5,Signalling,5,72,0,5,3,0.19
BLK0676,2025-03-20,SEC018,10:00,11:00,1,6,Signalling,1,12,5,6,0,0.85
BLK0677,2025-12-23,SEC047,19:00,23:00,4,8,"Engineering,Traction,Signalling",3,38,3,8,1,0.49
BLK0678,2025-01-26,SEC027,00:00,06:00,6,5,"Engineering,Signalling",9,108,2,5,3,0.46
BLK0679,2025-06-07,SEC075,00:00,03:00,3,4,Traction,4,16,3,4,0,0.81
BLK0680,2025-04-27,SEC005,01:00,06:00,5,2,"Engineering,Traction",3,25,1,2,0,0.79
BLK0681,2025-10-15,SEC024,06:00,11:00,5,4,Engineering,1,2,3,4,0,0.83
BLK0682,2025-11-14,SEC027,01:00,04:00,3,6,Signalling,3,3,5,6,0,0.88
BLK0683,2025-06-08,SEC030,03:00,06:00,3,8,Signalling,4,41,1,8,4,0.22
BLK0684,2025-10-13,SEC045,10:00,15:00,5,4,"Engineering,Traction",0,2,3,4,1,0.95
BLK0685,2025-03-20,SEC070,13:00,17:00,4,5,"Engineering,Traction,Signalling",3,30,2,5,2,0.45
BLK0686,2025-09-14,SEC025,16:00,17:00,1,5,Traction,1,19,3,5,1,0.77
BLK0687,2025-10-08,SEC014,16:00,19:00,3,5,Signalling,0,21,4,5,1,0.86
BLK0688,2025-06-20,SEC021,03:00,05:00,2,4,"Engineering,Traction,Signalling",6,34,2,4,2,0.54
BLK0689,2025-03-12,SEC001,10:00,13:00,3,2,"Traction,Signalling",4,25,1,2,1,0.81
BLK0690,2025-02-10,SEC029,06:00,11:00,5,5,"Engineering,Signalling",1,6,3,5,1,0.79
BLK0691,2025-10-27,SEC072,04:00,08:00,4,4,"Engineering,Traction,Signalling",2,26,3,4,1,0.87
BLK0692,2025-02-19,SEC028,04:00,09:00,5,7,"Engineering,Traction",9,20,2,7,4,0.32
BLK0693,2025-10-03,SEC070,06:00,09:00,3,4,"Engineering,Traction,Signalling",5,30,0,4,2,0.18
BLK0694,2025-08-07,SEC024,03:00,04:00,1,3,Traction,4,27,2,3,0,0.8
BLK0695,2025-03-26,SEC039,19:00,23:00,4,3,Signalling,7,39,0,3,0,0.27
BLK0696,2025-12-18,SEC007,15:00,19:00,4,8,Engineering,12,47,2,8,1,0.28
BLK0697,2025-11-15,SEC036,08:00,13:00,5,9,Traction,13,23,2,9,1,0.3
BLK0698,2025-03-06,SEC015,09:00,11:00,2,5,"Engineering,Traction",4,28,4,5,0,0.93
BLK0699,2025-05-15,SEC005,13:00,17:00,4,8,"Engineering,Signalling",0,0,5,8,3,0.71
BLK0700,2025-12-09,SEC016,07:00,09:00,2,5,"Traction,Signalling",8,63,1,5,3,0.25
BLK0701,2025-12-28,SEC017,18:00,19:00,1,5,Engineering,2,3,4,5,1,0.94
BLK0702,2025-01-04,SEC063,13:00,16:00,3,9,"Engineering,Traction,Signalling",12,113,1,9,6,0.17
BLK0703,2025-08-14,SEC024,20:00,23:00,3,10,"Traction,Signalling",7,21,4,10,4,0.49
BLK0704,2025-03-09,SEC040,07:00,10:00,3,3,"Traction,Signalling",1,25,2,3,0,0.89
BLK0705,2025-10-28,SEC072,03:00,06:00,3,5,Signalling,2,7,4,5,1,0.87
BLK0706,2025-08-20,SEC052,12:00,17:00,5,3,"Traction,Signalling",2,18,2,3,1,0.96
BLK0707,2025-11-04,SEC026,05:00,10:00,5,7,"Engineering,Traction",13,34,2,7,3,0.35
BLK0708,2025-12-20,SEC052,03:00,07:00,4,8,"Engineering,Traction",3,14,7,8,0,0.88
BLK0709,2025-01-18,SEC045,04:00,08:00,4,2,"Traction,Signalling",3,6,1,2,1,0.72
BLK0710,2025-04-27,SEC050,09:00,10:00,1,5,"Engineering,Traction",4,25,3,5,2,0.74
BLK0711,2025-07-04,SEC044,20:00,22:00,2,3,"Engineering,Signalling",6,40,1,3,2,0.4
BLK0712,2025-02-06,SEC072,08:00,12:00,4,7,Traction,10,83,3,7,2,0.53
BLK0713,2025-08-22,SEC059,11:00,16:00,5,2,"Engineering,Traction",10,30,0,2,0,0.32
BLK0714,2025-07-21,SEC063,17:00,22:00,5,3,"Engineering,Traction",4,1,2,3,1,0.74
BLK0715,2025-10-06,SEC054,05:00,07:00,2,2,"Traction,Signalling",4,27,0,2,0,0.22
BLK0716,2025-06-28,SEC018,08:00,13:00,5,2,"Engineering,Traction,Signalling",1,1,1,2,0,0.74
BLK0717,2025-03-01,SEC049,09:00,13:00,4,4,"Traction,Signalling",4,30,3,4,1,0.87
BLK0718,2025-06-05,SEC013,15:00,17:00,2,8,Traction,9,40,3,8,4,0.47
BLK0719,2025-05-26,SEC042,12:00,13:00,1,8,Engineering,1,28,7,8,0,0.91
BLK0720,2025-02-21,SEC024,15:00,17:00,2,8,"Engineering,Signalling",1,15,5,8,1,0.7
BLK0721,2025-09-04,SEC046,01:00,06:00,5,5,"Traction,Signalling",2,17,4,5,1,0.88
BLK0722,2025-09-25,SEC025,20:00,23:00,3,1,Signalling,9,92,0,1,1,0.26
BLK0723,2025-10-07,SEC018,00:00,02:00,2,4,"Engineering,Signalling",2,25,3,4,0,0.95
BLK0724,2025-06-25,SEC051,01:00,03:00,2,7,"Engineering,Traction,Signalling",3,3,6,7,1,0.98
BLK0725,2025-08-26,SEC007,10:00,12:00,2,7,"Engineering,Traction",15,65,2,7,4,0.33
BLK0726,2025-09-18,SEC049,20:00,23:00,3,6,Engineering,4,63,1,6,0,0.31
BLK0727,2025-01-10,SEC006,01:00,06:00,5,9,Signalling,6,75,4,9,3,0.53
BLK0728,2025-01-26,SEC014,09:00,14:00,5,3,"Traction,Signalling",0,0,2,3,0,0.77
BLK0729,2025-03-09,SEC067,03:00,08:00,5,3,Signalling,5,100,1,3,0,0.49
BLK0730,2025-09-04,SEC051,05:00,10:00,5,6,Signalling,4,25,5,6,1,0.88
BLK0731,2025-02-07,SEC052,01:00,02:00,1,8,"Engineering,Traction",4,27,6,8,0,0.85
BLK0732,2025-10-27,SEC035,17:00,19:00,2,2,"Traction,Signalling",0,3,1,2,0,0.91
BLK0733,2025-06-14,SEC015,20:00,21:00,1,2,Signalling,3,21,1,2,0,0.83
BLK0734,2025-07-06,SEC022,20:00,21:00,1,4,"Engineering,Traction,Signalling",3,26,3,4,0,0.97
BLK0735,2025-05-06,SEC028,03:00,05:00,2,5,"Traction,Signalling",1,0,4,5,1,0.97
BLK0736,2025-12-19,SEC027,09:00,10:00,1,5,Signalling,3,23,3,5,2,0.72
BLK0737,2025-10-01,SEC074,14:00,18:00,4,3,"Engineering,Signalling",11,28,1,3,2,0.46
BLK0738,2025-04-04,SEC021,09:00,14:00,5,8,Traction,9,77,2,8,6,0.25
BLK0739,2025-07-01,SEC075,12:00,13:00,1,6,Signalling,3,25,4,6,1,0.81
BLK0740,2025-01-18,SEC010,05:00,09:00,4,3,Signalling,0,26,2,3,1,0.98
BLK0741,2025-06-25,SEC064,00:00,06:00,6,6,Traction,4,83,2,6,0,0.46
BLK0742,2025-01-26,SEC051,03:00,08:00,5,5,Traction,4,22,3,5,2,0.74
BLK0743,2025-11-13,SEC045,04:00,10:00,6,6,"Engineering,Traction",8,36,1,6,2,0.18
BLK0744,2025-12-06,SEC024,07:00,09:00,2,5,"Engineering,Traction",4,10,4,5,1,0.83
BLK0745,2025-01-26,SEC042,08:00,12:00,4,6,"Engineering,Traction,Signalling",1,1,5,6,0,0.86
BLK0746,2025-12-28,SEC032,16:00,18:00,2,4,"Engineering,Signalling",0,28,2,4,1,0.74
BLK0747,2025-03-16,SEC058,03:00,08:00,5,2,"Engineering,Signalling",4,28,1,2,0,0.81
BLK0748,2025-03-21,SEC032,02:00,06:00,4,8,"Engineering,Traction,Signalling",10,36,2,8,6,0.35
BLK0749,2025-05-23,SEC022,16:00,22:00,6,3,Signalling,12,23,1,3,0,0.45
BLK0750,2025-06-12,SEC006,01:00,06:00,5,10,"Traction,Signalling",15,68,5,10,2,0.5
BLK0751,2025-03-17,SEC028,20:00,22:00,2,6,Traction,1,23,5,6,1,0.88
BLK0752,2025-09-19,SEC071,15:00,19:00,4,1,Engineering,7,92,0,1,0,0.3
BLK0753,2025-03-19,SEC020,13:00,14:00,1,8,Traction,3,21,6,8,2,0.84
BLK0754,2025-10-24,SEC023,12:00,14:00,2,5,"Engineering,Traction,Signalling",3,23,3,5,2,0.72
BLK0755,2025-05-24,SEC040,08:00,09:00,1,7,"Engineering,Traction,Signalling",3,25,6,7,1,0.98
BLK0756,2025-11-19,SEC074,18:00,23:00,5,6,Traction,13,78,2,6,4,0.46
BLK0757,2025-11-19,SEC026,13:00,15:00,2,2,"Traction,Signalling",5,51,0,2,1,0.35
BLK0758,2025-05-27,SEC050,13:00,15:00,2,5,Traction,0,2,3,5,0,0.72
BLK0759,2025-11-06,SEC007,17:00,23:00,6,10,Traction,13,76,5,10,0,0.53
BLK0760,2025-12-17,SEC070,19:00,21:00,2,3,"Engineering,Traction,Signalling",0,30,2,3,0,0.77
BLK0761,2025-11-20,SEC032,01:00,04:00,3,7,Traction,7,23,3,7,4,0.53
BLK0762,2025-02-01,SEC060,02:00,03:00,1,5,"Engineering,Traction",0,24,3,5,2,0.73
BLK0763,2025-09-24,SEC022,19:00,23:00,4,4,"Engineering,Signalling",0,5,3,4,1,0.99
BLK0764,2025-12-27,SEC002,02:00,07:00,5,7,"Traction,Signalling",4,8,7,7,0,1.0
BLK0765,2025-01-06,SEC071,10:00,15:00,5,9,"Traction,Signalling",11,100,1,9,1,0.19
BLK0766,2025-01-10,SEC006,06:00,10:00,4,1,Engineering,3,50,0,1,0,0.38
BLK0767,2025-09-22,SEC016,07:00,11:00,4,4,"Engineering,Traction,Signalling",1,10,3,4,0,0.9
BLK0768,2025-04-14,SEC046,13:00,18:00,5,7,"Engineering,Signalling",8,117,1,7,3,0.21
BLK0769,2025-11-14,SEC056,06:00,08:00,2,2,"Engineering,Signalling",2,15,1,2,1,0.85
BLK0770,2025-10-08,SEC075,11:00,14:00,3,6,Traction,12,81,1,6,0,0.31
BLK0771,2025-09-22,SEC050,16:00,21:00,5,6,Traction,3,1,4,6,2,0.71
BLK0772,2025-02-12,SEC020,17:00,20:00,3,2,"Engineering,Signalling",3,28,1,2,0,0.73
BLK0773,2025-10-16,SEC010,00:00,03:00,3,1,Engineering,3,21,0,1,1,0.22
BLK0774,2025-02-28,SEC052,15:00,19:00,4,2,"Traction,Signalling",9,83,0,2,0,0.41
BLK0775,2025-01-03,SEC022,08:00,11:00,3,8,"Engineering,Signalling",9,64,3,8,2,0.42
BLK0776,2025-12-10,SEC002,07:00,11:00,4,7,Traction,0,30,5,7,2,0.82
BLK0777,2025-06-11,SEC036,13:00,14:00,1,3,Signalling,4,24,2,3,0,0.71
BLK0778,2025-07-15,SEC041,13:00,17:00,4,5,Traction,4,100,1,5,4,0.33
BLK0779,2025-12-26,SEC054,07:00,12:00,5,5,Traction,11,84,0,5,3,0.18
BLK0780,2025-05-12,SEC001,01:00,04:00,3,5,Engineering,0,12,4,5,0,0.89
BLK0781,2025-02-12,SEC053,08:00,12:00,4,7,"Engineering,Signalling",1,4,5,7,2,0.81
BLK0782,2025-03-04,SEC006,19:00,20:00,1,5,Engineering,2,23,4,5,0,0.8
BLK0783,2025-02-24,SEC015,02:00,03:00,1,8,Traction,4,7,5,8,1,0.7
BLK0784,2025-06-20,SEC045,11:00,13:00,2,2,Signalling,3,3,2,2,0,1.0
BLK0785,2025-04-26,SEC008,17:00,18:00,1,7,"Traction,Signalling",3,23,6,7,1,0.91
BLK0786,2025-03-27,SEC012,11:00,12:00,1,7,"Engineering,Traction,Signalling",1,7,5,7,2,0.84
BLK0787,2025-02-02,SEC007,15:00,19:00,4,4,"Engineering,Traction",1,23,3,4,1,0.94
BLK0788,2025-07-05,SEC019,11:00,16:00,5,10,Engineering,3,102,3,10,6,0.35
BLK0789,2025-01-04,SEC030,07:00,09:00,2,2,Engineering,3,64,0,2,1,0.48
BLK0790,2025-05-21,SEC071,10:00,15:00,5,7,"Traction,Signalling",5,38,2,7,2,0.35
BLK0791,2025-04-05,SEC012,19:00,23:00,4,8,"Engineering,Traction,Signalling",7,88,2,8,2,0.35
BLK0792,2025-07-17,SEC002,15:00,21:00,6,10,"Engineering,Traction",13,72,2,10,2,0.26
BLK0793,2025-04-23,SEC003,12:00,17:00,5,10,Signalling,8,85,5,10,4,0.5
BLK0794,2025-07-04,SEC027,01:00,06:00,5,8,Signalling,4,4,6,8,1,0.77
BLK0795,2025-10-25,SEC020,13:00,19:00,6,3,Signalling,8,45,1,3,0,0.36
BLK0796,2025-12-17,SEC074,08:00,12:00,4,9,"Engineering,Signalling",8,84,1,9,0,0.19
BLK0797,2025-01-12,SEC052,19:00,23:00,4,3,Signalling,13,79,1,3,0,0.34
BLK0798,2025-04-07,SEC009,10:00,12:00,2,6,"Engineering,Traction,Signalling",1,22,4,6,0,0.77
BLK0799,2025-09-16,SEC068,01:00,03:00,2,8,Engineering,15,37,1,8,7,0.16
BLK0800,2025-09-16,SEC032,18:00,22:00,4,8,"Engineering,Traction,Signalling",3,13,7,8,0,0.91
BLK0801,2025-09-23,SEC020,17:00,21:00,4,6,Signalling,2,25,4,6,2,0.78
BLK0802,2025-11-26,SEC016,01:00,04:00,3,3,"Engineering,Traction,Signalling",2,20,2,3,1,0.9
BLK0803,2025-09-10,SEC011,14:00,17:00,3,5,Engineering,4,25,4,5,0,0.92
BLK0804,2025-10-01,SEC045,10:00,13:00,3,4,"Engineering,Signalling",11,20,1,4,3,0.29
BLK0805,2025-10-10,SEC020,19:00,23:00,4,7,"Traction,Signalling",3,5,5,7,2,0.74
BLK0806,2025-05-23,SEC070,14:00,16:00,2,5,"Traction,Signalling",4,7,3,5,0,0.79
BLK0807,2025-05-13,SEC004,04:00,06:00,2,5,"Engineering,Traction,Signalling",0,30,4,5,1,0.96
BLK0808,2025-10-21,SEC064,13:00,15:00,2,4,Signalling,3,19,2,4,2,0.72
BLK0809,2025-10-06,SEC014,18:00,21:00,3,2,"Engineering,Traction,Signalling",2,24,1,2,1,0.92
BLK0810,2025-06-18,SEC001,15:00,17:00,2,4,Engineering,14,28,1,4,3,0.4
BLK0811,2025-01-17,SEC063,02:00,04:00,2,6,"Traction,Signalling",4,0,5,6,0,0.93
BLK0812,2025-11-15,SEC043,05:00,08:00,3,7,"Engineering,Traction",4,9,5,7,0,0.73
BLK0813,2025-12-11,SEC053,11:00,16:00,5,8,"Traction,Signalling",1,22,7,8,1,0.95
BLK0814,2025-01-21,SEC004,20:00,23:00,3,5,"Traction,Signalling",2,30,3,5,0,0.76
BLK0815,2025-09-14,SEC050,00:00,03:00,3,5,"Engineering,Traction,Signalling",1,26,4,5,0,0.94
BLK0816,2025-10-25,SEC017,05:00,06:00,1,4,Traction,1,16,3,4,0,0.91
BLK0817,2025-01-05,SEC055,12:00,14:00,2,10,Signalling,12,33,4,10,5,0.46
BLK0818,2025-03-24,SEC016,12:00,15:00,3,4,Traction,1,13,3,4,1,0.99
BLK0819,2025-08-16,SEC013,02:00,06:00,4,6,"Engineering,Signalling",1,10,4,6,0,0.8
BLK0820,2025-06-04,SEC028,01:00,07:00,6,3,"Engineering,Traction,Signalling",6,99,1,3,1,0.52
BLK0821,2025-02-27,SEC044,20:00,23:00,3,3,"Traction,Signalling",1,25,2,3,1,0.8
BLK0822,2025-07-10,SEC071,10:00,16:00,6,2,"Traction,Signalling",11,109,1,2,1,0.53
BLK0823,2025-04-01,SEC013,04:00,10:00,6,1,"Engineering,Traction,Signalling",8,47,0,1,1,0.49
BLK0824,2025-03-01,SEC046,17:00,19:00,2,5,Traction,0,17,4,5,1,0.97
BLK0825,2025-12-11,SEC038,01:00,04:00,3,5,"Engineering,Signalling",4,21,4,5,1,0.97
BLK0826,2025-03-04,SEC065,06:00,09:00,3,2,"Traction,Signalling",9,58,0,2,0,0.48
BLK0827,2025-12-08,SEC033,19:00,23:00,4,7,"Engineering,Signalling",8,109,1,7,0,0.16
BLK0828,2025-11-02,SEC017,05:00,10:00,5,3,Signalling,0,26,2,3,0,0.8
BLK0829,2025-05-25,SEC001,11:00,16:00,5,2,"Engineering,Traction",1,11,1,2,1,0.79
BLK0830,2025-12-06,SEC050,15:00,19:00,4,6,"Engineering,Traction",8,89,1,6,0,0.22
BLK0831,2025-08-16,SEC061,19:00,21:00,2,4,"Traction,Signalling",3,20,3,4,0,0.76
BLK0832,2025-11-27,SEC045,07:00,12:00,5,6,Engineering,3,30,5,6,1,0.93
BLK0833,2025-09-16,SEC004,02:00,05:00,3,3,"Engineering,Traction",5,37,1,3,1,0.52
BLK0834,2025-09-14,SEC001,16:00,17:00,1,4,"Traction,Signalling",3,26,3,4,1,0.81
BLK0835,2025-03-04,SEC027,14:00,16:00,2,7,"Engineering,Traction",1,30,5,7,0,0.84
BLK0836,2025-02-12,SEC071,07:00,13:00,6,1,"Traction,Signalling",8,101,0,1,0,0.47
BLK0837,2025-02-09,SEC043,06:00,10:00,4,8,Engineering,9,87,2,8,3,0.28
BLK0838,2025-10-10,SEC031,10:00,16:00,6,7,"Engineering,Traction,Signalling",5,68,2,7,1,0.41
BLK0839,2025-08-09,SEC030,06:00,08:00,2,2,Engineering,2,19,2,2,0,1.0
BLK0840,2025-07-05,SEC001,06:00,08:00,2,6,Engineering,14,36,1,6,1,0.3
BLK0841,2025-10-02,SEC061,09:00,14:00,5,2,"Engineering,Traction",12,27,0,2,0,0.41
BLK0842,2025-01-08,SEC014,19:00,21:00,2,9,Engineering,10,62,3,9,6,0.34
BLK0843,2025-09-08,SEC059,08:00,12:00,4,7,"Engineering,Traction",3,18,5,7,2,0.84
BLK0844,2025-04-07,SEC021,03:00,08:00,5,7,"Engineering,Traction,Signalling",3,12,5,7,2,0.79
BLK0845,2025-09-14,SEC039,16:00,21:00,5,8,"Engineering,Signalling",13,104,1,8,4,0.15
BLK0846,2025-04-09,SEC014,08:00,14:00,6,7,"Traction,Signalling",5,81,2,7,4,0.32
BLK0847,2025-06-05,SEC002,05:00,07:00,2,5,"Traction,Signalling",2,2,4,5,0,0.97
BLK0848,2025-08-16,SEC057,20:00,23:00,3,10,Traction,15,50,4,10,2,0.45
BLK0849,2025-11-01,SEC027,02:00,06:00,4,2,Engineering,0,0,1,2,1,0.89
BLK0850,2025-05-24,SEC005,01:00,03:00,2,6,"Traction,Signalling",8,102,1,6,4,0.3
BLK0851,2025-03-14,SEC026,05:00,08:00,3,8,"Engineering,Traction,Signalling",3,19,7,8,0,0.89
BLK0852,2025-05-09,SEC018,11:00,12:00,1,2,Traction,2,18,2,2,0,1.0
BLK0853,2025-07-14,SEC044,17:00,19:00,2,4,"Engineering,Signalling",14,52,1,4,0,0.42
BLK0854,2025-09-21,SEC004,04:00,07:00,3,8,"Engineering,Traction",1,27,6,8,0,0.87
BLK0855,2025-03-17,SEC022,20:00,23:00,3,6,Engineering,4,29,5,6,0,0.99
BLK0856,2025-04-09,SEC061,20:00,23:00,3,7,Signalling,3,4,5,7,2,0.81
BLK0857,2025-05-07,SEC007,14:00,17:00,3,8,Traction,2,5,7,8,0,0.97
BLK0858,2025-03-28,SEC026,09:00,13:00,4,5,Traction,14,116,2,5,1,0.49
BLK0859,2025-04-28,SEC053,00:00,01:00,1,2,"Engineering,Signalling",1,26,1,2,0,0.79
BLK0860,2025-07-18,SEC047,13:00,19:00,6,8,Traction,11,87,1,8,6,0.18
BLK0861,2025-02-19,SEC058,16:00,21:00,5,4,"Engineering,Traction,Signalling",15,25,1,4,0,0.44
BLK0862,2025-08-12,SEC011,12:00,17:00,5,10,"Engineering,Signalling",3,35,4,10,2,0.49
BLK0863,2025-12-19,SEC019,09:00,11:00,2,2,"Traction,Signalling",1,2,1,2,1,0.92
BLK0864,2025-10-05,SEC019,16:00,19:00,3,3,"Traction,Signalling",4,7,2,3,0,0.74
BLK0865,2025-04-21,SEC039,18:00,23:00,5,8,Signalling,8,56,2,8,5,0.35
BLK0866,2025-07-15,SEC065,11:00,16:00,5,3,"Engineering,Traction",3,21,2,3,1,0.74
BLK0867,2025-04-19,SEC007,14:00,19:00,5,4,Signalling,3,103,1,4,1,0.27
BLK0868,2025-02-27,SEC046,11:00,13:00,2,6,"Engineering,Signalling",3,6,5,6,1,0.98
BLK0869,2025-10-08,SEC003,05:00,08:00,3,1,Signalling,14,60,0,1,1,0.24
BLK0870,2025-11-04,SEC044,16:00,19:00,3,7,"Traction,Signalling",4,12,5,7,2,0.78
BLK0871,2025-10-22,SEC014,02:00,05:00,3,8,"Engineering,Signalling",13,107,2,8,2,0.35
BLK0872,2025-06-13,SEC008,08:00,13:00,5,7,"Engineering,Traction",11,104,2,7,2,0.38
BLK0873,2025-10-28,SEC034,13:00,17:00,4,10,"Traction,Signalling",10,110,4,10,4,0.44
BLK0874,2025-07-03,SEC002,18:00,21:00,3,2,"Engineering,Signalling",1,27,1,2,0,0.82
BLK0875,2025-10-05,SEC057,10:00,14:00,4,7,"Traction,Signalling",4,28,4,7,1,0.7
BLK0876,2025-06-21,SEC016,01:00,02:00,1,2,"Engineering,Signalling",3,19,1,2,0,0.76
BLK0877,2025-04-28,SEC014,01:00,06:00,5,8,Signalling,12,44,1,8,2,0.16
BLK0878,2025-03-03,SEC059,06:00,11:00,5,2,"Engineering,Traction,Signalling",3,11,1,2,1,0.8
BLK0879,2025-08-18,SEC060,08:00,12:00,4,8,Traction,3,19,5,8,2,0.72
BLK0880,2025-10-28,SEC055,20:00,23:00,3,2,Signalling,13,28,0,2,0,0.28
BLK0881,2025-05-07,SEC062,11:00,13:00,2,2,"Traction,Signalling",4,12,1,2,0,0.79
BLK0882,2025-01-21,SEC029,02:00,08:00,6,10,Engineering,10,24,4,10,5,0.49
BLK0883,2025-11-08,SEC001,14:00,17:00,3,10,"Engineering,Signalling",5,42,1,10,4,0.16
BLK0884,2025-09-28,SEC012,08:00,10:00,2,8,"Engineering,Signalling",1,1,6,8,2,0.81
BLK0885,2025-01-11,SEC056,10:00,16:00,6,3,Engineering,15,80,1,3,2,0.46
BLK0886,2025-02-26,SEC052,04:00,09:00,5,1,"Engineering,Signalling",4,45,0,1,0,0.55
BLK0887,2025-03-16,SEC042,09:00,11:00,2,4,"Engineering,Traction,Signalling",4,24,3,4,1,0.82
BLK0888,2025-07-03,SEC059,15:00,17:00,2,5,Engineering,2,23,3,5,2,0.75
BLK0889,2025-07-14,SEC013,09:00,12:00,3,1,"Traction,Signalling",14,50,0,1,1,0.44
BLK0890,2025-02-21,SEC039,17:00,19:00,2,4,"Engineering,Signalling",0,15,2,4,0,0.71
BLK0891,2025-03-23,SEC037,20:00,23:00,3,7,Engineering,0,29,6,7,0,0.91
BLK0892,2025-08-18,SEC074,16:00,20:00,4,2,"Traction,Signalling",0,30,1,2,1,0.78
BLK0893,2025-10-22,SEC060,08:00,10:00,2,4,Engineering,0,7,3,4,1,0.94
BLK0894,2025-04-27,SEC072,04:00,09:00,5,3,Traction,1,12,2,3,0,0.99
BLK0895,2025-08-26,SEC046,16:00,21:00,5,3,Traction,2,15,2,3,1,0.89
BLK0896,2025-12-07,SEC003,04:00,06:00,2,3,"Engineering,Signalling",4,19,2,3,0,0.99
BLK0897,2025-02-23,SEC022,04:00,05:00,1,3,"Traction,Signalling",0,17,2,3,1,0.89
BLK0898,2025-03-25,SEC017,04:00,07:00,3,1,"Engineering,Traction",7,84,0,1,0,0.17
BLK0899,2025-01-05,SEC011,14:00,18:00,4,10,"Engineering,Signalling",14,80,1,10,6,0.18
BLK0900,2025-09-09,SEC050,07:00,10:00,3,4,Signalling,3,8,3,4,0,0.81
BLK0901,2025-11-15,SEC071,02:00,04:00,2,2,Signalling,1,10,1,2,1,0.97
BLK0902,2025-04-03,SEC037,03:00,08:00,5,9,Engineering,12,65,2,9,1,0.28
BLK0903,2025-01-27,SEC040,09:00,10:00,1,8,"Engineering,Traction",1,25,8,8,0,1.0
BLK0904,2025-10-04,SEC053,15:00,19:00,4,2,Engineering,13,93,0,2,2,0.39
BLK0905,2025-01-17,SEC031,02:00,07:00,5,7,"Engineering,Signalling",4,20,6,7,0,0.97
BLK0906,2025-08-25,SEC043,20:00,22:00,2,2,Signalling,3,25,1,2,1,0.92
BLK0907,2025-09-16,SEC045,13:00,17:00,4,8,"Traction,Signalling",5,29,1,8,3,0.22
BLK0908,2025-10-05,SEC038,06:00,11:00,5,3,Engineering,13,29,0,3,1,0.16
BLK0909,2025-12-11,SEC073,07:00,10:00,3,3,"Engineering,Traction,Signalling",8,80,0,3,3,0.31
BLK0910,2025-03-22,SEC029,00:00,06:00,6,5,"Engineering,Signalling",8,70,2,5,0,0.42
BLK0911,2025-10-16,SEC022,15:00,16:00,1,6,"Engineering,Traction,Signalling",1,16,5,6,0,0.87
BLK0912,2025-10-04,SEC027,08:00,11:00,3,8,Signalling,5,78,1,8,2,0.22
BLK0913,2025-11-08,SEC064,02:00,08:00,6,7,Traction,7,115,2,7,5,0.29
BLK0914,2025-09-17,SEC017,02:00,03:00,1,6,"Engineering,Traction,Signalling",4,24,5,6,1,0.97
BLK0915,2025-08-24,SEC064,05:00,11:00,6,8,Traction,5,64,3,8,3,0.48
BLK0916,2025-08-04,SEC018,11:00,14:00,3,6,Engineering,6,67,1,6,2,0.21
BLK0917,2025-05-05,SEC042,04:00,10:00,6,8,"Engineering,Signalling",14,20,2,8,0,0.27
BLK0918,2025-07-22,SEC044,15:00,17:00,2,3,Traction,0,15,2,3,0,0.99
BLK0919,2025-07-03,SEC022,06:00,08:00,2,5,Engineering,4,21,4,5,1,0.87
BLK0920,2025-12-02,SEC065,10:00,15:00,5,5,"Engineering,Traction",3,5,4,5,0,0.82
BLK0921,2025-04-21,SEC011,12:00,18:00,6,1,"Engineering,Traction",9,55,0,1,0,0.24
BLK0922,2025-09-24,SEC009,13:00,15:00,2,10,Engineering,7,92,5,10,3,0.53
BLK0923,2025-11-11,SEC011,17:00,21:00,4,7,Engineering,0,14,6,7,0,0.86
BLK0924,2025-05-27,SEC020,08:00,12:00,4,4,"Engineering,Traction",0,26,3,4,1,0.8
BLK0925,2025-02-17,SEC065,03:00,06:00,3,6,"Engineering,Traction",1,20,4,6,2,0.79
BLK0926,2025-05-26,SEC002,06:00,08:00,2,6,Engineering,8,99,2,6,4,0.34
BLK0927,2025-10-10,SEC001,11:00,16:00,5,7,"Engineering,Signalling",8,57,1,7,0,0.18
BLK0928,2025-03-19,SEC006,16:00,19:00,3,3,"Engineering,Signalling",3,28,2,3,0,0.96
BLK0929,2025-09-26,SEC055,18:00,20:00,2,9,"Traction,Signalling",14,50,2,9,5,0.24
BLK0930,2025-06-02,SEC044,17:00,20:00,3,6,Engineering,3,5,5,6,1,0.84
BLK0931,2025-11-11,SEC043,09:00,14:00,5,8,"Engineering,Traction",10,73,2,8,3,0.35
BLK0932,2025-09-23,SEC033,06:00,08:00,2,5,"Engineering,Traction",2,20,4,5,1,0.82
BLK0933,2025-02-15,SEC066,04:00,05:00,1,3,Traction,4,14,2,3,1,0.85
BLK0934,2025-01-03,SEC017,11:00,13:00,2,3,"Engineering,Traction",1,19,2,3,1,0.92
BLK0935,2025-09-28,SEC058,00:00,04:00,4,3,"Engineering,Traction",1,18,2,3,1,0.99
BLK0936,2025-04-03,SEC001,16:00,18:00,2,7,"Engineering,Traction,Signalling",1,1,5,7,1,0.79
BLK0937,2025-08-25,SEC074,08:00,11:00,3,3,Signalling,3,109,0,3,2,0.2
BLK0938,2025-12-02,SEC066,19:00,23:00,4,2,"Engineering,Traction,Signalling",12,41,1,2,1,0.52
BLK0939,2025-10-16,SEC066,03:00,05:00,2,7,"Engineering,Signalling",0,19,6,7,1,0.9
BLK0940,2025-01-23,SEC034,12:00,17:00,5,2,"Engineering,Traction",10,23,0,2,1,0.18
BLK0941,2025-11-04,SEC058,16:00,21:00,5,5,Traction,4,98,0,5,4,0.17
BLK0942,2025-09-10,SEC055,08:00,13:00,5,4,Signalling,0,0,3,4,0,0.94
BLK0943,2025-01-01,SEC008,00:00,01:00,1,2,Engineering,3,19,1,2,0,0.71
BLK0944,2025-11-12,SEC010,02:00,05:00,3,6,Signalling,2,1,4,6,0,0.72
BLK0945,2025-02-26,SEC017,09:00,13:00,4,8,Traction,4,78,3,8,3,0.44
BLK0946,2025-06-21,SEC046,03:00,08:00,5,6,Engineering,15,37,1,6,4,0.26
BLK0947,2025-07-11,SEC041,11:00,12:00,1,2,"Traction,Signalling",0,5,1,2,0,0.78
BLK0948,2025-09-25,SEC013,02:00,06:00,4,1,"Engineering,Signalling",13,58,0,1,0,0.27
BLK0949,2025-09-24,SEC022,09:00,14:00,5,3,"Engineering,Traction,Signalling",3,17,2,3,1,0.75
BLK0950,2025-01-06,SEC018,10:00,14:00,4,8,Signalling,3,25,7,8,1,0.97
BLK0951,2025-08-25,SEC022,01:00,02:00,1,4,"Engineering,Traction,Signalling",2,13,3,4,1,0.93
BLK0952,2025-04-08,SEC069,04:00,09:00,5,2,Traction,10,42,0,2,2,0.35
BLK0953,2025-01-01,SEC011,20:00,23:00,3,4,"Engineering,Signalling",0,7,3,4,1,0.98
BLK0954,2025-04-03,SEC006,02:00,03:00,1,7,"Traction,Signalling",0,22,5,7,1,0.8
BLK0955,2025-02-09,SEC072,17:00,19:00,2,5,Signalling,4,9,4,5,1,0.96
BLK0956,2025-05-23,SEC073,07:00,12:00,5,2,Engineering,0,4,1,2,1,0.76
BLK0957,2025-06-28,SEC037,11:00,14:00,3,5,Traction,4,20,4,5,0,0.86
BLK0958,2025-09-22,SEC041,18:00,22:00,4,5,Engineering,1,1,3,5,2,0.73
BLK0959,2025-06-08,SEC060,16:00,19:00,3,7,"Engineering,Traction,Signalling",4,8,5,7,0,0.84
BLK0960,2025-06-14,SEC001,03:00,06:00,3,10,"Engineering,Signalling",14,91,3,10,2,0.36
BLK0961,2025-02-25,SEC038,13:00,16:00,3,7,"Traction,Signalling",4,19,6,7,0,0.98
BLK0962,2025-01-01,SEC016,14:00,19:00,5,4,Engineering,4,28,3,4,1,0.77
BLK0963,2025-05-21,SEC054,06:00,11:00,5,7,Traction,4,29,6,7,0,0.97
BLK0964,2025-02-27,SEC075,18:00,21:00,3,5,Engineering,8,74,1,5,0,0.35
BLK0965,2025-11-13,SEC038,16:00,21:00,5,6,"Engineering,Signalling",4,16,5,6,0,0.94
BLK0966,2025-11-27,SEC041,15:00,16:00,1,6,"Engineering,Traction",1,8,5,6,0,0.94
BLK0967,2025-03-13,SEC072,17:00,19:00,2,6,Engineering,13,49,2,6,2,0.4
BLK0968,2025-10-13,SEC048,06:00,08:00,2,9,Engineering,8,85,2,9,1,0.28
BLK0969,2025-05-27,SEC015,02:00,04:00,2,2,"Traction,Signalling",3,1,1,2,0,0.96
BLK0970,2025-12-25,SEC024,20:00,21:00,1,2,"Traction,Signalling",2,8,1,2,0,0.89
BLK0971,2025-04-14,SEC033,04:00,05:00,1,6,"Engineering,Signalling",4,25,5,6,0,0.9
BLK0972,2025-05-12,SEC028,12:00,17:00,5,3,"Engineering,Traction,Signalling",0,26,2,3,1,0.84
BLK0973,2025-05-27,SEC034,18:00,23:00,5,5,Signalling,14,73,0,5,5,0.17
BLK0974,2025-09-24,SEC032,20:00,23:00,3,4,Engineering,0,12,3,4,0,0.95
BLK0975,2025-08-02,SEC064,10:00,15:00,5,8,Signalling,6,99,2,8,5,0.33
BLK0976,2025-01-11,SEC012,18:00,21:00,3,10,Signalling,5,118,4,10,5,0.4
BLK0977,2025-10-15,SEC029,06:00,11:00,5,3,Engineering,4,1,2,3,0,0.75
BLK0978,2025-03-08,SEC047,08:00,10:00,2,3,Traction,4,22,2,3,1,0.93
BLK0979,2025-06-27,SEC064,10:00,15:00,5,7,"Engineering,Traction",12,91,1,7,3,0.23
BLK0980,2025-02-10,SEC021,07:00,09:00,2,1,Signalling,15,66,0,1,0,0.44
BLK0981,2025-03-08,SEC055,14:00,15:00,1,7,Engineering,1,10,5,7,1,0.85
BLK0982,2025-01-17,SEC027,15:00,16:00,1,4,"Engineering,Traction",3,11,3,4,1,0.95
BLK0983,2025-10-26,SEC065,14:00,17:00,3,7,"Engineering,Traction",4,14,6,7,0,0.87
BLK0984,2025-11-05,SEC051,02:00,06:00,4,9,Engineering,12,30,4,9,4,0.49
BLK0985,2025-02-09,SEC036,10:00,14:00,4,7,Engineering,2,16,5,7,2,0.75
BLK0986,2025-02-17,SEC012,14:00,17:00,3,9,"Engineering,Traction",3,26,3,9,0,0.39
BLK0987,2025-04-12,SEC007,08:00,09:00,1,7,"Engineering,Signalling",2,29,5,7,0,0.81
BLK0988,2025-05-01,SEC035,11:00,16:00,5,7,"Engineering,Traction",11,58,1,7,2,0.15
BLK0989,2025-05-24,SEC063,14:00,19:00,5,4,"Traction,Signalling",4,13,3,4,0,0.95
BLK0990,2025-09-27,SEC050,15:00,18:00,3,3,"Traction,Signalling",0,26,2,3,1,0.99
BLK0991,2025-06-16,SEC028,08:00,10:00,2,4,"Engineering,Signalling",1,24,3,4,1,0.79
BLK0992,2025-12-09,SEC059,16:00,18:00,2,5,Engineering,0,14,4,5,1,0.84
BLK0993,2025-06-09,SEC020,07:00,11:00,4,4,"Traction,Signalling",3,120,1,4,0,0.38
BLK0994,2025-07-15,SEC008,07:00,08:00,1,4,"Engineering,Traction,Signalling",1,3,3,4,0,0.8
BLK0995,2025-05-23,SEC013,17:00,21:00,4,4,Engineering,4,5,3,4,1,0.78
BLK0996,2025-09-18,SEC041,06:00,09:00,3,7,"Traction,Signalling",2,26,5,7,1,0.77
BLK0997,2025-11-14,SEC023,03:00,08:00,5,10,Traction,14,65,2,10,7,0.21
BLK0998,2025-07-07,SEC052,11:00,15:00,4,4,"Engineering,Traction,Signalling",6,32,2,4,2,0.53
BLK0999,2025-10-01,SEC039,04:00,08:00,4,5,"Engineering,Traction",11,108,1,5,1,0.33
BLK1000,2025-08-27,SEC070,18:00,20:00,2,9,"Engineering,Traction,Signalling",11,49,4,9,5,0.5
BLK1001,2025-04-25,SEC045,06:00,10:00,4,7,"Engineering,Traction,Signalling",3,11,6,7,0,0.96
BLK1002,2025-11-07,SEC007,00:00,05:00,5,2,"Engineering,Traction,Signalling",2,15,1,2,1,0.93
BLK1003,2025-09-02,SEC018,06:00,10:00,4,2,Traction,0,17,1,2,0,0.9
BLK1004,2025-08-10,SEC067,07:00,13:00,6,9,Signalling,4,22,4,9,2,0.54
BLK1005,2025-02-26,SEC061,19:00,23:00,4,8,"Engineering,Traction,Signalling",3,83,3,8,5,0.38
BLK1006,2025-03-17,SEC044,04:00,09:00,5,9,Signalling,15,54,1,9,5,0.21
BLK1007,2025-09-17,SEC062,17:00,21:00,4,6,Engineering,3,12,5,6,0,0.87
BLK1008,2025-10-19,SEC063,01:00,07:00,6,2,"Engineering,Traction,Signalling",6,114,0,2,2,0.37
BLK1009,2025-02-19,SEC016,18:00,19:00,1,2,"Traction,Signalling",3,29,1,2,1,0.84
BLK1010,2025-06-23,SEC002,10:00,12:00,2,7,Engineering,10,54,1,7,1,0.22
BLK1011,2025-12-28,SEC061,11:00,15:00,4,8,"Traction,Signalling",1,29,7,8,1,0.88
BLK1012,2025-01-19,SEC034,06:00,10:00,4,6,Signalling,11,102,1,6,5,0.21
BLK1013,2025-09-03,SEC015,01:00,05:00,4,6,"Traction,Signalling",0,25,4,6,1,0.75
BLK1014,2025-03-13,SEC069,10:00,13:00,3,3,Signalling,3,39,1,3,2,0.52
BLK1015,2025-03-01,SEC065,15:00,16:00,1,5,"Traction,Signalling",2,3,4,5,1,0.96
BLK1016,2025-02-09,SEC063,12:00,14:00,2,8,Signalling,3,19,7,8,1,0.93
BLK1017,2025-01-28,SEC048,07:00,12:00,5,9,Engineering,8,108,2,9,1,0.32
BLK1018,2025-07-05,SEC072,12:00,17:00,5,5,"Traction,Signalling",4,22,4,5,1,0.82
BLK1019,2025-01-12,SEC046,00:00,02:00,2,10,Signalling,15,40,1,10,0,0.18
BLK1020,2025-06-08,SEC065,03:00,04:00,1,5,"Engineering,Traction,Signalling",3,3,3,5,2,0.77
BLK1021,2025-05-24,SEC052,10:00,15:00,5,5,"Traction,Signalling",3,8,4,5,1,0.89
BLK1022,2025-10-23,SEC001,19:00,23:00,4,2,Traction,5,38,0,2,2,0.23
BLK1023,2025-08-26,SEC010,17:00,19:00,2,8,"Engineering,Traction,Signalling",1,10,6,8,0,0.79
BLK1024,2025-09-18,SEC055,12:00,18:00,6,5,"Traction,Signalling",9,42,2,5,1,0.54
BLK1025,2025-08-25,SEC060,10:00,13:00,3,3,"Engineering,Traction,Signalling",9,45,0,3,3,0.23
BLK1026,2025-04-04,SEC063,19:00,22:00,3,4,"Engineering,Traction,Signalling",4,29,3,4,1,0.86
BLK1027,2025-11-02,SEC012,18:00,23:00,5,8,"Engineering,Traction",3,5,6,8,1,0.84
BLK1028,2025-09-08,SEC037,02:00,03:00,1,5,"Engineering,Traction,Signalling",0,6,3,5,2,0.79
BLK1029,2025-01-22,SEC044,06:00,11:00,5,7,"Engineering,Signalling",8,54,1,7,4,0.16
BLK1030,2025-10-23,SEC066,03:00,04:00,1,7,Traction,2,15,5,7,0,0.77
BLK1031,2025-09-11,SEC046,00:00,02:00,2,3,Signalling,3,1,2,3,1,0.93
BLK1032,2025-05-17,SEC008,12:00,16:00,4,7,"Engineering,Traction",9,102,3,7,0,0.46
BLK1033,2025-09-01,SEC009,10:00,11:00,1,8,"Traction,Signalling",3,27,5,8,3,0.73
BLK1034,2025-11-15,SEC016,09:00,10:00,1,7,"Engineering,Traction",3,8,5,7,0,0.74
BLK1035,2025-05-11,SEC074,17:00,20:00,3,1,"Engineering,Traction",12,38,0,1,0,0.45
BLK1036,2025-01-16,SEC001,15:00,18:00,3,5,Signalling,0,19,3,5,2,0.77
BLK1037,2025-04-03,SEC021,00:00,03:00,3,8,Traction,9,24,1,8,0,0.19
BLK1038,2025-10-21,SEC074,20:00,23:00,3,9,Engineering,12,30,2,9,4,0.33
BLK1039,2025-08-20,SEC015,06:00,09:00,3,5,"Engineering,Signalling",0,8,3,5,0,0.74
BLK1040,2025-12-07,SEC005,14:00,16:00,2,4,"Engineering,Traction",3,14,3,4,0,0.82
BLK1041,2025-03-09,SEC002,16:00,21:00,5,7,"Engineering,Traction,Signalling",15,112,2,7,0,0.38
BLK1042,2025-04-10,SEC014,20:00,23:00,3,5,"Engineering,Traction",1,17,3,5,0,0.71
BLK1043,2025-02-20,SEC023,15:00,17:00,2,3,Traction,7,82,1,3,0,0.41
BLK1044,2025-08-22,SEC002,16:00,21:00,5,2,"Traction,Signalling",0,0,1,2,1,0.95
BLK1045,2025-12-17,SEC041,13:00,15:00,2,5,"Engineering,Traction,Signalling",8,95,1,5,0,0.31
BLK1046,2025-09-20,SEC071,15:00,21:00,6,4,Traction,6,60,1,4,2,0.29
BLK1047,2025-07-12,SEC016,13:00,16:00,3,9,"Engineering,Signalling",8,67,4,9,3,0.53
BLK1048,2025-05-24,SEC052,11:00,15:00,4,8,"Engineering,Traction",2,3,7,8,0,0.95
BLK1049,2025-05-15,SEC027,08:00,13:00,5,6,Engineering,1,18,5,6,0,0.84
BLK1050,2025-02-05,SEC043,07:00,09:00,2,6,"Engineering,Signalling",14,77,1,6,0,0.32
BLK1051,2025-07-04,SEC014,00:00,03:00,3,8,Traction,4,4,7,8,0,0.89
BLK1052,2025-09-22,SEC022,07:00,12:00,5,3,Traction,9,112,0,3,3,0.19
BLK1053,2025-06-11,SEC055,01:00,06:00,5,2,"Traction,Signalling",2,26,1,2,1,0.84
BLK1054,2025-07-12,SEC066,05:00,08:00,3,7,"Engineering,Traction,Signalling",0,7,5,7,1,0.84
BLK1055,2025-02-13,SEC073,12:00,13:00,1,8,Traction,2,2,5,8,1,0.73
BLK1056,2025-05-22,SEC060,02:00,07:00,5,3,"Engineering,Traction",2,30,2,3,0,0.99
BLK1057,2025-01-05,SEC032,12:00,16:00,4,4,"Engineering,Traction,Signalling",3,7,3,4,1,0.83
BLK1058,2025-02-08,SEC020,20:00,22:00,2,9,Traction,7,38,4,9,2,0.46
BLK1059,2025-04-27,SEC046,19:00,23:00,4,1,"Engineering,Signalling",12,99,0,1,0,0.3
BLK1060,2025-05-20,SEC001,08:00,10:00,2,5,"Engineering,Traction,Signalling",5,118,2,5,0,0.49
BLK1061,2025-04-05,SEC030,02:00,05:00,3,2,Traction,8,59,0,2,1,0.17
BLK1062,2025-12-23,SEC055,11:00,13:00,2,5,"Engineering,Traction",0,18,4,5,1,0.93
BLK1063,2025-03-11,SEC008,11:00,13:00,2,6,"Engineering,Traction",1,2,4,6,1,0.74
BLK1064,2025-10-20,SEC013,10:00,14:00,4,2,"Traction,Signalling",0,26,1,2,0,0.9
BLK1065,2025-02-18,SEC071,06:00,09:00,3,7,"Engineering,Traction,Signalling",2,0,6,7,0,0.91
BLK1066,2025-07-04,SEC054,03:00,07:00,4,5,"Traction,Signalling",13,43,1,5,3,0.33
BLK1067,2025-11-27,SEC065,03:00,05:00,2,4,Engineering,1,29,2,4,2,0.7
BLK1068,2025-05-18,SEC075,11:00,14:00,3,3,Engineering,0,26,2,3,1,0.86
BLK1069,2025-07-12,SEC057,02:00,06:00,4,5,"Engineering,Traction",0,11,4,5,0,0.82
BLK1070,2025-12-10,SEC053,17:00,22:00,5,2,"Engineering,Signalling",4,2,2,2,0,1.0
BLK1071,2025-09-25,SEC043,00:00,03:00,3,6,"Engineering,Traction",1,4,5,6,1,0.89
BLK1072,2025-12-16,SEC059,17:00,22:00,5,2,"Engineering,Traction,Signalling",4,42,0,2,1,0.4
BLK1073,2025-06-17,SEC065,15:00,19:00,4,2,"Engineering,Traction",3,10,1,2,0,0.72
BLK1074,2025-09-24,SEC035,01:00,04:00,3,4,Engineering,2,2,3,4,0,0.79
BLK1075,2025-12-24,SEC063,17:00,22:00,5,6,"Traction,Signalling",2,27,4,6,2,0.72
BLK1076,2025-01-22,SEC066,19:00,21:00,2,7,"Engineering,Traction",2,25,5,7,0,0.85
BLK1077,2025-10-28,SEC053,10:00,12:00,2,1,Traction,12,53,0,1,0,0.21
BLK1078,2025-04-28,SEC029,20:00,23:00,3,3,"Engineering,Traction,Signalling",4,29,2,3,0,0.86
BLK1079,2025-03-10,SEC044,01:00,02:00,1,7,"Engineering,Traction,Signalling",0,25,4,7,2,0.7
BLK1080,2025-04-24,SEC026,03:00,07:00,4,10,"Engineering,Signalling",15,79,3,10,3,0.32
BLK1081,2025-12-18,SEC069,03:00,04:00,1,5,"Engineering,Traction,Signalling",0,7,3,5,1,0.72
BLK1082,2025-10-16,SEC036,03:00,06:00,3,3,"Engineering,Traction",2,28,2,3,0,0.77
BLK1083,2025-05-28,SEC016,11:00,15:00,4,8,"Engineering,Traction,Signalling",2,25,7,8,0,0.91
BLK1084,2025-12-25,SEC049,20:00,23:00,3,5,Engineering,6,103,2,5,0,0.51
BLK1085,2025-12-14,SEC010,15:00,18:00,3,10,"Engineering,Signalling",14,118,2,10,2,0.25
BLK1086,2025-10-27,SEC027,01:00,04:00,3,8,"Engineering,Traction",4,20,6,8,0,0.87
BLK1087,2025-01-18,SEC022,13:00,14:00,1,8,Engineering,1,10,6,8,1,0.86
BLK1088,2025-05-05,SEC072,00:00,01:00,1,2,"Engineering,Traction,Signalling",0,28,1,2,0,0.87
BLK1089,2025-03-19,SEC019,06:00,11:00,5,8,"Engineering,Traction",2,4,7,8,1,0.96
BLK1090,2025-05-25,SEC012,15:00,17:00,2,6,Signalling,2,4,5,6,1,0.87
BLK1091,2025-04-13,SEC041,17:00,19:00,2,10,"Engineering,Signalling",3,75,4,10,0,0.44
BLK1092,2025-07-01,SEC074,04:00,07:00,3,2,"Engineering,Traction,Signalling",15,27,0,2,0,0.19
BLK1093,2025-06-19,SEC058,16:00,20:00,4,7,"Engineering,Traction",3,6,6,7,0,0.89
BLK1094,2025-04-19,SEC070,13:00,14:00,1,6,"Engineering,Signalling",0,4,5,6,0,0.85
BLK1095,2025-11-10,SEC041,01:00,05:00,4,10,"Engineering,Signalling",6,119,4,10,6,0.4
BLK1096,2025-03-27,SEC068,11:00,16:00,5,8,"Engineering,Signalling",4,24,6,8,2,0.75
BLK1097,2025-12-06,SEC005,12:00,14:00,2,8,Traction,1,29,7,8,1,0.95
BLK1098,2025-09-03,SEC055,07:00,11:00,4,2,"Engineering,Traction",2,25,1,2,1,0.74
BLK1099,2025-10-11,SEC035,10:00,12:00,2,2,"Traction,Signalling",3,18,1,2,0,0.72
BLK1100,2025-10-28,SEC049,03:00,04:00,1,7,"Engineering,Traction",4,20,5,7,2,0.77
BLK1101,2025-08-24,SEC030,08:00,09:00,1,6,"Engineering,Signalling",3,14,4,6,2,0.71
BLK1102,2025-06-15,SEC047,14:00,15:00,1,8,Signalling,1,4,7,8,1,0.88
BLK1103,2025-05-15,SEC072,14:00,16:00,2,6,"Engineering,Traction,Signalling",2,25,4,6,0,0.76
BLK1104,2025-04-24,SEC002,14:00,18:00,4,5,"Engineering,Signalling",3,29,4,5,0,0.89
BLK1105,2025-07-08,SEC017,15:00,16:00,1,8,Traction,0,12,6,8,1,0.83
BLK1106,2025-07-06,SEC049,14:00,18:00,4,9,"Engineering,Signalling",12,35,3,9,1,0.34
BLK1107,2025-11-25,SEC018,08:00,12:00,4,5,"Engineering,Traction,Signalling",0,1,3,5,1,0.72
BLK1108,2025-09-04,SEC032,15:00,20:00,5,7,"Engineering,Traction",0,13,6,7,1,0.89
BLK1109,2025-12-28,SEC038,08:00,10:00,2,8,Traction,0,7,6,8,0,0.78
BLK1110,2025-07-04,SEC009,12:00,15:00,3,7,"Engineering,Traction",9,93,2,7,0,0.38
BLK1111,2025-03-02,SEC025,10:00,12:00,2,3,"Engineering,Traction",8,32,1,3,0,0.38
BLK1112,2025-03-26,SEC061,10:00,16:00,6,7,Signalling,12,97,2,7,4,0.35
BLK1113,2025-03-05,SEC031,12:00,18:00,6,5,"Engineering,Signalling",15,50,1,5,2,0.35
BLK1114,2025-12-27,SEC050,04:00,09:00,5,3,"Engineering,Traction",5,40,1,3,2,0.51
BLK1115,2025-07-17,SEC038,18:00,21:00,3,4,"Engineering,Signalling",1,24,3,4,0,0.98
BLK1116,2025-01-18,SEC060,14:00,19:00,5,8,Traction,4,78,2,8,1,0.25
BLK1117,2025-11-09,SEC010,11:00,14:00,3,5,Traction,6,56,2,5,3,0.47
BLK1118,2025-01-25,SEC018,10:00,15:00,5,3,"Engineering,Traction",0,20,2,3,1,0.7
BLK1119,2025-09-14,SEC061,02:00,06:00,4,3,Signalling,4,8,2,3,1,0.99
BLK1120,2025-04-19,SEC064,15:00,18:00,3,6,Traction,1,12,5,6,1,0.84
BLK1121,2025-04-19,SEC069,14:00,20:00,6,8,"Traction,Signalling",3,116,4,8,4,0.53
BLK1122,2025-08-19,SEC009,05:00,08:00,3,2,Traction,3,9,1,2,1,0.87
BLK1123,2025-06-05,SEC033,09:00,13:00,4,6,"Engineering,Signalling",2,16,5,6,1,0.84
BLK1124,2025-05-20,SEC007,03:00,07:00,4,5,"Engineering,Traction",0,22,4,5,0,0.9
BLK1125,2025-09-27,SEC040,10:00,15:00,5,8,"Engineering,Signalling",4,9,6,8,2,0.82
BLK1126,2025-04-20,SEC063,11:00,13:00,2,7,Engineering,0,4,5,7,1,0.78
BLK1127,2025-10-25,SEC006,11:00,14:00,3,7,"Engineering,Signalling",2,6,5,7,0,0.84
BLK1128,2025-07-05,SEC052,05:00,06:00,1,4,Engineering,0,3,3,4,1,0.98
BLK1129,2025-06-26,SEC027,18:00,22:00,4,5,Engineering,4,20,4,5,0,0.8
BLK1130,2025-04-24,SEC041,17:00,23:00,6,6,Traction,4,111,2,6,0,0.39
BLK1131,2025-01-17,SEC005,15:00,16:00,1,7,"Traction,Signalling",1,11,6,7,1,0.94
BLK1132,2025-11-03,SEC045,15:00,19:00,4,6,"Traction,Signalling",9,39,2,6,2,0.37
BLK1133,2025-12-17,SEC063,16:00,19:00,3,5,"Traction,Signalling",4,15,4,5,1,0.82
BLK1134,2025-11-22,SEC026,13:00,19:00,6,7,Engineering,11,46,2,7,2,0.4
BLK1135,2025-02-16,SEC037,02:00,08:00,6,9,Signalling,7,74,1,9,5,0.16
BLK1136,2025-04-03,SEC040,03:00,05:00,2,2,"Engineering,Traction,Signalling",4,26,1,2,0,0.95
BLK1137,2025-10-11,SEC054,20:00,22:00,2,2,"Engineering,Traction,Signalling",4,23,1,2,1,0.91
BLK1138,2025-10-25,SEC047,05:00,10:00,5,8,"Engineering,Traction,Signalling",15,118,3,8,2,0.38
BLK1139,2025-05-23,SEC021,00:00,04:00,4,7,"Engineering,Signalling",2,10,5,7,2,0.8
BLK1140,2025-07-10,SEC065,13:00,15:00,2,6,"Engineering,Traction,Signalling",4,2,5,6,1,0.97
BLK1141,2025-06-07,SEC050,11:00,12:00,1,3,"Engineering,Traction",2,27,2,3,0,0.91
BLK1142,2025-01-16,SEC003,09:00,12:00,3,2,"Traction,Signalling",1,21,1,2,1,0.8
BLK1143,2025-11-17,SEC031,08:00,09:00,1,3,"Traction,Signalling",2,1,2,3,0,0.87
BLK1144,2025-11-26,SEC016,04:00,07:00,3,3,"Engineering,Traction,Signalling",12,97,0,3,3,0.24
BLK1145,2025-04-22,SEC074,08:00,13:00,5,7,"Engineering,Traction",0,17,5,7,2,0.77
BLK1146,2025-02-20,SEC040,08:00,10:00,2,6,"Engineering,Traction,Signalling",0,15,4,6,2,0.77
BLK1147,2025-03-09,SEC058,06:00,11:00,5,8,Engineering,13,117,2,8,3,0.37
BLK1148,2025-04-03,SEC066,04:00,05:00,1,2,"Traction,Signalling",3,30,1,2,1,0.8
BLK1149,2025-10-20,SEC020,03:00,09:00,6,6,"Engineering,Traction",9,119,1,6,3,0.29
BLK1150,2025-02-10,SEC023,17:00,21:00,4,9,"Engineering,Traction",9,82,4,9,1,0.49
BLK1151,2025-11-19,SEC054,09:00,13:00,4,8,Signalling,8,36,1,8,5,0.2
BLK1152,2025-05-18,SEC008,16:00,21:00,5,8,"Engineering,Traction,Signalling",0,2,5,8,0,0.71
BLK1153,2025-12-11,SEC007,20:00,22:00,2,1,Engineering,12,67,0,1,1,0.33
BLK1154,2025-12-22,SEC056,15:00,18:00,3,4,"Engineering,Traction,Signalling",1,12,3,4,0,0.85
BLK1155,2025-06-25,SEC057,12:00,13:00,1,6,"Engineering,Traction",2,22,5,6,1,0.94
BLK1156,2025-06-23,SEC018,01:00,07:00,6,6,Traction,14,102,3,6,2,0.53
BLK1157,2025-11-18,SEC043,04:00,08:00,4,4,Traction,3,4,3,4,1,0.8
BLK1158,2025-01-23,SEC004,19:00,23:00,4,10,"Engineering,Signalling",13,71,4,10,3,0.44
BLK1159,2025-02-02,SEC023,12:00,15:00,3,2,"Traction,Signalling",4,25,1,2,0,0.74
BLK1160,2025-07-27,SEC003,14:00,18:00,4,3,Engineering,4,16,2,3,1,0.85
BLK1161,2025-07-25,SEC051,13:00,15:00,2,7,Engineering,1,24,5,7,0,0.72
BLK1162,2025-07-26,SEC069,18:00,23:00,5,6,Engineering,2,30,5,6,1,0.88
BLK1163,2025-09-03,SEC065,17:00,18:00,1,4,"Engineering,Traction",2,10,3,4,1,0.93
BLK1164,2025-06-15,SEC025,07:00,08:00,1,2,"Engineering,Traction",3,29,1,2,0,0.81
BLK1165,2025-11-17,SEC015,16:00,18:00,2,7,"Engineering,Traction",4,89,1,7,2,0.2
BLK1166,2025-08-25,SEC023,19:00,21:00,2,2,Traction,2,16,1,2,0,0.76
BLK1167,2025-11-21,SEC017,00:00,02:00,2,3,Traction,4,17,2,3,1,0.83
BLK1168,2025-03-03,SEC001,06:00,10:00,4,6,Engineering,8,109,2,6,2,0.38
BLK1169,2025-07-19,SEC042,15:00,16:00,1,7,Traction,4,13,5,7,0,0.81
BLK1170,2025-10-20,SEC006,11:00,13:00,2,9,Engineering,9,64,3,9,5,0.36
BLK1171,2025-08-06,SEC039,01:00,05:00,4,2,Traction,1,10,1,2,0,0.88
BLK1172,2025-03-21,SEC016,18:00,21:00,3,4,Signalling,3,71,2,4,2,0.51
BLK1173,2025-10-13,SEC018,06:00,08:00,2,2,"Traction,Signalling",0,23,1,2,0,0.74
BLK1174,2025-04-13,SEC043,17:00,22:00,5,2,"Engineering,Traction",2,18,1,2,0,0.78
BLK1175,2025-11-24,SEC031,14:00,17:00,3,6,"Traction,Signalling",0,22,5,6,1,0.99
BLK1176,2025-11-28,SEC057,16:00,22:00,6,10,"Engineering,Signalling",8,76,4,10,1,0.43
BLK1177,2025-04-14,SEC035,11:00,17:00,6,4,"Engineering,Traction,Signalling",12,81,1,4,3,0.3
BLK1178,2025-12-28,SEC008,06:00,12:00,6,2,"Engineering,Traction",15,110,1,2,1,0.52
BLK1179,2025-03-10,SEC015,08:00,13:00,5,6,Engineering,1,20,5,6,1,0.91
BLK1180,2025-12-12,SEC049,19:00,21:00,2,5,"Engineering,Traction",0,1,3,5,0,0.79
BLK1181,2025-11-25,SEC058,18:00,19:00,1,6,Signalling,3,9,4,6,1,0.75
BLK1182,2025-10-26,SEC065,07:00,08:00,1,7,"Engineering,Signalling",1,16,6,7,0,0.97
BLK1183,2025-05-12,SEC068,05:00,08:00,3,7,"Traction,Signalling",0,16,5,7,0,0.78
BLK1184,2025-09-12,SEC049,16:00,19:00,3,5,"Engineering,Traction",15,116,2,5,2,0.43
BLK1185,2025-01-19,SEC025,08:00,13:00,5,4,"Traction,Signalling",2,12,3,4,1,0.89
BLK1186,2025-08-06,SEC017,09:00,13:00,4,10,Signalling,3,24,2,10,0,0.24
BLK1187,2025-01-16,SEC021,04:00,07:00,3,7,Traction,0,13,5,7,1,0.77
BLK1188,2025-06-01,SEC016,13:00,17:00,4,2,Traction,2,6,1,2,0,0.82
BLK1189,2025-10-16,SEC028,20:00,22:00,2,9,"Engineering,Traction",5,83,3,9,2,0.38
BLK1190,2025-03-15,SEC016,11:00,17:00,6,5,"Traction,Signalling",3,118,1,5,3,0.24
BLK1191,2025-10-09,SEC035,01:00,03:00,2,4,Engineering,1,15,3,4,0,0.93
BLK1192,2025-05-03,SEC052,00:00,04:00,4,8,Traction,0,28,6,8,2,0.76
BLK1193,2025-05-26,SEC047,04:00,07:00,3,8,Traction,8,117,4,8,3,0.53
BLK1194,2025-12-02,SEC004,18:00,23:00,5,3,Engineering,1,27,2,3,1,0.73
BLK1195,2025-01-16,SEC008,02:00,04:00,2,7,Signalling,1,16,5,7,0,0.79
BLK1196,2025-02-02,SEC023,06:00,12:00,6,3,"Engineering,Signalling",13,87,1,3,2,0.48
BLK1197,2025-05-15,SEC003,12:00,15:00,3,5,"Engineering,Traction,Signalling",6,93,1,5,3,0.27
BLK1198,2025-04-21,SEC008,18:00,20:00,2,4,"Engineering,Traction",2,0,3,4,1,0.76
BLK1199,2025-05-10,SEC025,20:00,23:00,3,5,"Engineering,Signalling",7,47,1,5,0,0.25
BLK1200,2025-07-12,SEC066,17:00,21:00,4,5,Traction,2,1,4,5,1,0.81
BLK1201,2025-01-23,SEC005,17:00,19:00,2,5,"Engineering,Signalling",4,73,2,5,0,0.47
BLK1202,2025-11-18,SEC041,19:00,23:00,4,4,"Engineering,Traction",7,23,1,4,1,0.34
BLK1203,2025-08-15,SEC056,11:00,17:00,6,2,Traction,5,114,0,2,1,0.25
BLK1204,2025-06-22,SEC025,07:00,09:00,2,6,Signalling,12,38,1,6,4,0.17
BLK1205,2025-08-10,SEC043,08:00,11:00,3,7,"Engineering,Signalling",0,26,5,7,0,0.83
BLK1206,2025-05-17,SEC068,11:00,16:00,5,5,Engineering,2,15,4,5,0,0.98
BLK1207,2025-02-10,SEC044,04:00,09:00,5,1,"Engineering,Traction,Signalling",13,93,0,1,0,0.29
BLK1208,2025-05-14,SEC007,09:00,13:00,4,2,"Engineering,Traction",10,45,0,2,2,0.23
BLK1209,2025-06-06,SEC049,05:00,11:00,6,8,Engineering,13,24,2,8,1,0.33
BLK1210,2025-05-08,SEC050,14:00,16:00,2,2,Signalling,0,6,1,2,0,0.7
BLK1211,2025-09-26,SEC049,02:00,03:00,1,7,Signalling,1,9,5,7,0,0.72
BLK1212,2025-10-17,SEC035,07:00,09:00,2,9,"Traction,Signalling",4,99,2,9,7,0.3
BLK1213,2025-08-09,SEC051,11:00,12:00,1,8,Traction,2,30,5,8,0,0.74
BLK1214,2025-10-07,SEC048,09:00,13:00,4,6,"Traction,Signalling",3,56,3,6,3,0.5
BLK1215,2025-07-20,SEC005,00:00,03:00,3,5,"Engineering,Traction,Signalling",3,22,4,5,1,0.9
BLK1216,2025-10-14,SEC018,11:00,13:00,2,4,Traction,1,4,3,4,1,0.92
BLK1217,2025-01-05,SEC066,13:00,14:00,1,7,"Engineering,Signalling",1,20,5,7,0,0.79
BLK1218,2025-06-08,SEC006,01:00,05:00,4,6,"Engineering,Traction,Signalling",3,9,4,6,1,0.82
BLK1219,2025-12-28,SEC006,04:00,09:00,5,7,Engineering,14,47,3,7,2,0.54
BLK1220,2025-08-12,SEC070,12:00,18:00,6,9,Engineering,15,110,2,9,7,0.3
BLK1221,2025-01-15,SEC009,06:00,10:00,4,4,Signalling,3,18,3,4,0,0.93
BLK1222,2025-07-02,SEC049,03:00,07:00,4,2,"Engineering,Traction,Signalling",4,13,1,2,1,0.99
BLK1223,2025-12-23,SEC015,17:00,21:00,4,8,"Engineering,Traction",12,30,2,8,0,0.28
BLK1224,2025-06-22,SEC037,10:00,11:00,1,6,"Engineering,Signalling",3,6,4,6,1,0.79
BLK1225,2025-04-24,SEC052,14:00,16:00,2,5,Engineering,8,111,1,5,0,0.39
BLK1226,2025-11-03,SEC071,06:00,12:00,6,5,"Engineering,Signalling",10,105,2,5,2,0.4
BLK1227,2025-06-09,SEC056,20:00,23:00,3,2,"Traction,Signalling",2,6,1,2,0,0.72
BLK1228,2025-07-22,SEC069,17:00,20:00,3,8,"Engineering,Traction",5,69,3,8,4,0.49
BLK1229,2025-08-13,SEC013,00:00,02:00,2,6,Traction,3,43,3,6,1,0.52
BLK1230,2025-08-16,SEC005,15:00,16:00,1,4,"Engineering,Traction,Signalling",1,13,4,4,0,1.0
BLK1231,2025-12-08,SEC041,10:00,14:00,4,2,Signalling,13,118,0,2,0,0.22
BLK1232,2025-08-15,SEC027,04:00,08:00,4,4,"Traction,Signalling",2,0,3,4,1,0.84
BLK1233,2025-08-09,SEC023,08:00,13:00,5,3,"Engineering,Traction",8,25,1,3,0,0.41
BLK1234,2025-06-09,SEC008,06:00,11:00,5,2,Signalling,5,30,0,2,2,0.45
BLK1235,2025-12-24,SEC014,14:00,16:00,2,8,"Traction,Signalling",3,9,7,8,0,0.93
BLK1236,2025-07-28,SEC034,06:00,09:00,3,8,Engineering,1,29,7,8,1,0.95
BLK1237,2025-07-06,SEC034,11:00,16:00,5,6,Signalling,6,65,1,6,2,0.22
BLK1238,2025-01-13,SEC030,13:00,17:00,4,2,"Engineering,Traction,Signalling",0,29,1,2,0,0.92
BLK1239,2025-09-27,SEC058,08:00,13:00,5,3,Signalling,4,16,3,3,0,1.0
BLK1240,2025-09-12,SEC040,13:00,18:00,5,2,"Engineering,Signalling",10,21,0,2,1,0.32
BLK1241,2025-09-27,SEC002,01:00,04:00,3,6,"Engineering,Traction",13,35,1,6,1,0.27
BLK1242,2025-01-14,SEC042,05:00,08:00,3,8,"Traction,Signalling",0,24,5,8,1,0.74
BLK1243,2025-05-17,SEC058,09:00,13:00,4,2,"Traction,Signalling",11,44,0,2,0,0.24
BLK1244,2025-07-01,SEC045,08:00,14:00,6,3,"Engineering,Traction",12,66,1,3,2,0.34
BLK1245,2025-05-12,SEC046,14:00,20:00,6,3,"Engineering,Signalling",14,114,0,3,0,0.29
BLK1246,2025-05-10,SEC026,09:00,15:00,6,5,"Engineering,Traction",8,82,1,5,0,0.2
BLK1247,2025-04-04,SEC055,03:00,04:00,1,3,"Engineering,Signalling",1,14,2,3,1,0.72
BLK1248,2025-01-23,SEC047,20:00,22:00,2,5,Engineering,0,10,4,5,1,0.94
BLK1249,2025-10-10,SEC007,16:00,19:00,3,4,"Engineering,Signalling",4,20,3,4,0,0.89
BLK1250,2025-05-16,SEC039,08:00,13:00,5,3,"Traction,Signalling",1,12,2,3,1,0.89
BLK1251,2025-05-05,SEC058,01:00,03:00,2,6,Engineering,4,30,4,6,0,0.8
BLK1252,2025-06-21,SEC063,14:00,19:00,5,7,Traction,3,28,5,7,0,0.83
BLK1253,2025-05-21,SEC004,09:00,13:00,4,2,Engineering,3,14,1,2,0,0.74
BLK1254,2025-10-19,SEC027,07:00,12:00,5,6,Signalling,2,3,4,6,2,0.82
BLK1255,2025-09-08,SEC061,04:00,08:00,4,8,Traction,3,25,7,8,1,0.99
BLK1256,2025-02-25,SEC036,02:00,05:00,3,7,Traction,2,27,6,7,1,0.91
BLK1257,2025-01-22,SEC055,13:00,15:00,2,7,"Traction,Signalling",1,24,4,7,0,0.71
BLK1258,2025-10-09,SEC004,06:00,10:00,4,2,"Engineering,Signalling",2,11,1,2,1,0.91
BLK1259,2025-04-23,SEC016,19:00,22:00,3,9,Traction,7,69,3,9,5,0.41
BLK1260,2025-07-28,SEC063,02:00,04:00,2,2,Traction,0,27,1,2,1,0.97
BLK1261,2025-11-11,SEC047,05:00,06:00,1,6,Signalling,2,4,6,6,0,1.0
BLK1262,2025-06-19,SEC011,13:00,17:00,4,10,Engineering,9,56,2,10,2,0.2
BLK1263,2025-09-21,SEC073,12:00,13:00,1,4,Signalling,3,6,3,4,0,0.79
BLK1264,2025-08-20,SEC020,06:00,08:00,2,6,"Traction,Signalling",0,5,4,6,0,0.83
BLK1265,2025-06-04,SEC009,20:00,23:00,3,1,Traction,3,76,0,1,1,0.18
BLK1266,2025-03-06,SEC029,13:00,14:00,1,3,"Engineering,Traction",0,0,2,3,1,0.7
BLK1267,2025-05-19,SEC062,17:00,19:00,2,2,"Engineering,Traction",9,115,0,2,1,0.36
BLK1268,2025-12-23,SEC029,02:00,08:00,6,3,Signalling,11,73,1,3,0,0.39
BLK1269,2025-01-06,SEC018,03:00,04:00,1,3,Traction,2,6,2,3,1,0.91
BLK1270,2025-04-21,SEC052,04:00,09:00,5,8,Traction,3,23,5,8,3,0.73
BLK1271,2025-08-09,SEC060,15:00,21:00,6,10,Engineering,12,40,5,10,0,0.51
BLK1272,2025-09-25,SEC034,13:00,15:00,2,6,Traction,3,15,4,6,1,0.79
BLK1273,2025-04-19,SEC031,07:00,12:00,5,3,Traction,3,20,2,3,1,0.97
BLK1274,2025-06-20,SEC069,19:00,22:00,3,9,"Engineering,Signalling",12,88,2,9,1,0.31
BLK1275,2025-08-19,SEC006,07:00,11:00,4,6,Signalling,5,80,1,6,2,0.32
BLK1276,2025-12-12,SEC064,09:00,12:00,3,8,Traction,3,24,6,8,1,0.81
BLK1277,2025-11-09,SEC030,09:00,10:00,1,3,"Traction,Signalling",0,6,2,3,0,0.86
BLK1278,2025-10-21,SEC047,02:00,07:00,5,6,"Engineering,Signalling",2,19,5,6,1,0.89
BLK1279,2025-11-03,SEC071,02:00,03:00,1,8,"Traction,Signalling",2,2,5,8,3,0.71
BLK1280,2025-07-07,SEC060,20:00,23:00,3,3,"Engineering,Traction,Signalling",7,84,1,3,2,0.47
BLK1281,2025-05-03,SEC046,04:00,07:00,3,7,"Engineering,Traction,Signalling",0,5,6,7,0,0.93
BLK1282,2025-09-21,SEC048,02:00,05:00,3,4,"Engineering,Signalling",2,4,3,4,1,0.98
BLK1283,2025-06-13,SEC017,08:00,10:00,2,4,"Traction,Signalling",6,65,2,4,0,0.51
BLK1284,2025-01-02,SEC013,19:00,22:00,3,2,"Traction,Signalling",7,21,0,2,0,0.19
BLK1285,2025-07-21,SEC073,09:00,12:00,3,10,Traction,12,108,2,10,2,0.23
BLK1286,2025-08-22,SEC030,04:00,09:00,5,7,"Engineering,Traction",1,16,5,7,1,0.73
BLK1287,2025-06-16,SEC050,11:00,13:00,2,2,Signalling,1,9,2,2,0,1.0
BLK1288,2025-04-19,SEC001,01:00,06:00,5,4,"Engineering,Traction,Signalling",3,9,3,4,1,0.8
BLK1289,2025-09-08,SEC047,15:00,16:00,1,5,"Engineering,Signalling",4,13,4,5,0,0.98
BLK1290,2025-10-19,SEC016,12:00,16:00,4,8,Signalling,1,16,5,8,3,0.73
BLK1291,2025-05-17,SEC069,08:00,09:00,1,8,Signalling,0,19,7,8,1,0.92
BLK1292,2025-07-28,SEC043,09:00,14:00,5,6,Traction,3,26,4,6,1,0.79
BLK1293,2025-04-14,SEC011,18:00,21:00,3,1,"Engineering,Signalling",14,41,0,1,0,0.23
BLK1294,2025-02-16,SEC058,13:00,17:00,4,7,Traction,1,11,5,7,1,0.74
BLK1295,2025-05-03,SEC007,05:00,07:00,2,7,Traction,0,2,6,7,1,0.88
BLK1296,2025-08-28,SEC009,01:00,04:00,3,4,"Traction,Signalling",5,85,2,4,1,0.52
BLK1297,2025-01-10,SEC060,07:00,10:00,3,6,"Engineering,Traction",2,4,4,6,0,0.8
BLK1298,2025-08-24,SEC013,11:00,16:00,5,6,"Engineering,Traction,Signalling",0,9,5,6,1,0.98
BLK1299,2025-06-26,SEC016,12:00,16:00,4,5,Signalling,1,20,4,5,0,0.97
BLK1300,2025-03-07,SEC027,09:00,10:00,1,4,"Engineering,Traction",2,2,4,4,0,1.0
BLK1301,2025-02-01,SEC047,13:00,16:00,3,3,Engineering,1,17,2,3,1,0.82
BLK1302,2025-10-09,SEC018,17:00,21:00,4,10,"Traction,Signalling",15,105,2,10,5,0.21
BLK1303,2025-05-05,SEC010,11:00,12:00,1,2,"Engineering,Traction,Signalling",3,17,1,2,1,0.98
BLK1304,2025-10-27,SEC003,17:00,22:00,5,1,Signalling,7,99,0,1,1,0.32
BLK1305,2025-07-08,SEC034,00:00,02:00,2,5,Engineering,15,119,1,5,0,0.36
BLK1306,2025-11-14,SEC056,06:00,08:00,2,5,"Traction,Signalling",0,0,4,5,0,0.81
BLK1307,2025-07-02,SEC006,05:00,06:00,1,5,Traction,2,27,4,5,1,0.9
BLK1308,2025-03-02,SEC051,12:00,15:00,3,2,"Traction,Signalling",3,22,1,2,1,0.73
BLK1309,2025-05-25,SEC048,03:00,05:00,2,3,Engineering,7,120,0,3,3,0.33
BLK1310,2025-04-26,SEC012,05:00,09:00,4,10,Engineering,13,95,3,10,3,0.37
BLK1311,2025-11-22,SEC001,15:00,18:00,3,4,Signalling,1,8,3,4,0,0.85
BLK1312,2025-04-23,SEC028,07:00,09:00,2,6,"Engineering,Traction,Signalling",0,12,5,6,0,0.91
BLK1313,2025-12-12,SEC072,13:00,15:00,2,6,"Engineering,Signalling",4,28,0,6,4,0.16
BLK1314,2025-02-14,SEC048,03:00,04:00,1,2,"Engineering,Signalling",0,6,1,2,1,0.73
BLK1315,2025-04-20,SEC002,15:00,17:00,2,4,Signalling,0,30,3,4,0,0.85
BLK1316,2025-10-05,SEC034,06:00,11:00,5,6,Signalling,10,63,2,6,0,0.35
BLK1317,2025-02-02,SEC020,15:00,16:00,1,6,Traction,1,7,5,6,0,0.92
BLK1318,2025-10-24,SEC050,14:00,16:00,2,2,Engineering,3,14,1,2,1,0.72
BLK1319,2025-08-05,SEC034,11:00,13:00,2,6,"Engineering,Traction",13,35,1,6,0,0.22
BLK1320,2025-12-19,SEC029,03:00,08:00,5,7,"Engineering,Signalling",2,18,6,7,1,0.88
BLK1321,2025-03-03,SEC042,16:00,18:00,2,2,Traction,2,29,1,2,1,0.88
BLK1322,2025-05-01,SEC032,00:00,02:00,2,5,"Traction,Signalling",5,86,1,5,2,0.27
BLK1323,2025-09-12,SEC031,07:00,11:00,4,6,"Traction,Signalling",0,19,4,6,1,0.73
BLK1324,2025-11-02,SEC016,03:00,07:00,4,5,Traction,6,103,1,5,0,0.39
BLK1325,2025-08-16,SEC020,20:00,23:00,3,8,Traction,1,3,6,8,1,0.82
BLK1326,2025-11-04,SEC025,17:00,18:00,1,7,Engineering,0,9,6,7,0,0.97
BLK1327,2025-11-04,SEC056,18:00,22:00,4,9,"Engineering,Traction,Signalling",7,57,2,9,0,0.23
BLK1328,2025-04-19,SEC065,16:00,17:00,1,7,Traction,4,15,5,7,0,0.74
BLK1329,2025-01-25,SEC033,08:00,13:00,5,9,Engineering,6,33,3,9,2,0.38
BLK1330,2025-11-05,SEC062,14:00,15:00,1,3,Signalling,3,13,2,3,0,0.82
BLK1331,2025-03-26,SEC062,15:00,16:00,1,7,Traction,4,0,5,7,1,0.77
BLK1332,2025-08-24,SEC016,05:00,09:00,4,4,Engineering,4,110,1,4,1,0.31
BLK1333,2025-01-12,SEC044,06:00,07:00,1,5,"Engineering,Signalling",0,22,3,5,2,0.77
BLK1334,2025-07-15,SEC010,11:00,16:00,5,8,Engineering,3,95,2,8,2,0.36
BLK1335,2025-11-23,SEC054,18:00,23:00,5,4,Signalling,12,48,1,4,1,0.38
BLK1336,2025-12-10,SEC056,06:00,10:00,4,8,"Engineering,Signalling",12,21,2,8,1,0.29
BLK1337,2025-09-08,SEC058,06:00,07:00,1,2,Signalling,2,0,2,2,0,1.0
BLK1338,2025-11-24,SEC069,07:00,12:00,5,6,"Engineering,Signalling",0,19,5,6,1,0.96
BLK1339,2025-03-10,SEC045,07:00,10:00,3,6,Traction,2,27,5,6,0,0.92
BLK1340,2025-04-15,SEC050,17:00,20:00,3,7,"Engineering,Traction",15,35,1,7,6,0.22
BLK1341,2025-07-06,SEC007,12:00,17:00,5,3,"Engineering,Signalling",4,5,2,3,0,0.73
BLK1342,2025-01-20,SEC050,10:00,12:00,2,4,Engineering,1,28,4,4,0,1.0
BLK1343,2025-11-02,SEC056,11:00,15:00,4,10,Traction,14,22,3,10,6,0.3
BLK1344,2025-01-03,SEC005,18:00,22:00,4,7,Traction,0,14,6,7,1,0.95
BLK1345,2025-03-22,SEC065,14:00,19:00,5,4,"Engineering,Traction",2,23,3,4,1,0.76
BLK1346,2025-06-13,SEC044,07:00,10:00,3,4,"Engineering,Traction",6,71,1,4,0,0.49
BLK1347,2025-02-05,SEC004,02:00,04:00,2,7,"Engineering,Signalling",0,28,4,7,0,0.71
BLK1348,2025-08-17,SEC012,01:00,03:00,2,8,Signalling,3,2,7,8,1,0.96
BLK1349,2025-04-02,SEC016,04:00,08:00,4,8,Signalling,2,5,6,8,1,0.82
BLK1350,2025-03-22,SEC043,16:00,17:00,1,8,Traction,1,18,6,8,0,0.8
BLK1351,2025-06-03,SEC020,09:00,12:00,3,4,"Engineering,Traction,Signalling",2,4,3,4,0,0.9
BLK1352,2025-10-17,SEC008,03:00,07:00,4,6,Engineering,0,3,5,6,0,0.84
BLK1353,2025-12-17,SEC039,05:00,10:00,5,9,Signalling,14,102,3,9,6,0.44
BLK1354,2025-04-22,SEC067,14:00,18:00,4,5,"Engineering,Traction,Signalling",4,6,3,5,2,0.72
BLK1355,2025-12-24,SEC062,02:00,03:00,1,5,Signalling,3,11,4,5,0,0.86
BLK1356,2025-03-26,SEC075,18:00,22:00,4,2,Signalling,1,14,1,2,1,0.84
BLK1357,2025-01-16,SEC015,19:00,21:00,2,5,Traction,1,12,4,5,0,0.87
BLK1358,2025-09-26,SEC037,04:00,07:00,3,2,"Traction,Signalling",3,29,1,2,0,0.76
BLK1359,2025-07-25,SEC040,03:00,04:00,1,2,"Engineering,Signalling",2,17,1,2,0,0.79
BLK1360,2025-01-01,SEC021,05:00,07:00,2,9,"Engineering,Traction,Signalling",4,30,3,9,2,0.38
BLK1361,2025-06-22,SEC074,08:00,14:00,6,7,Engineering,5,46,3,7,4,0.55
BLK1362,2025-04-20,SEC057,18:00,23:00,5,3,"Engineering,Signalling",3,28,2,3,1,0.89
BLK1363,2025-06-20,SEC053,20:00,23:00,3,8,"Engineering,Signalling",2,23,6,8,1,0.86
BLK1364,2025-01-08,SEC061,20:00,21:00,1,4,"Engineering,Signalling",1,29,3,4,0,0.99
BLK1365,2025-10-09,SEC006,10:00,11:00,1,3,"Traction,Signalling",2,3,2,3,1,0.98
BLK1366,2025-06-07,SEC002,09:00,11:00,2,7,"Traction,Signalling",0,15,4,7,1,0.7
BLK1367,2025-09-10,SEC022,14:00,20:00,6,5,"Engineering,Traction",7,69,1,5,0,0.2
BLK1368,2025-12-13,SEC054,03:00,08:00,5,2,"Traction,Signalling",4,13,1,2,1,0.84
BLK1369,2025-11-12,SEC064,08:00,14:00,6,5,"Traction,Signalling",14,79,1,5,4,0.36
BLK1370,2025-09-26,SEC016,18:00,23:00,5,9,"Engineering,Traction,Signalling",7,32,3,9,2,0.35
BLK1371,2025-07-26,SEC052,15:00,20:00,5,9,Traction,13,62,3,9,4,0.44
BLK1372,2025-11-22,SEC027,15:00,18:00,3,3,"Engineering,Signalling",9,110,1,3,1,0.48
BLK1373,2025-10-09,SEC027,11:00,14:00,3,4,"Traction,Signalling",6,53,0,4,1,0.21
BLK1374,2025-09-25,SEC005,02:00,06:00,4,8,"Engineering,Signalling",12,74,3,8,2,0.44
BLK1375,2025-06-13,SEC011,00:00,01:00,1,4,Traction,4,11,3,4,1,0.85
BLK1376,2025-05-11,SEC013,03:00,08:00,5,7,Traction,2,10,4,7,3,0.7
BLK1377,2025-01-12,SEC018,03:00,05:00,2,4,"Engineering,Signalling",2,25,3,4,0,0.77
BLK1378,2025-06-18,SEC031,08:00,10:00,2,5,"Engineering,Signalling",9,53,2,5,1,0.55
BLK1379,2025-11-28,SEC032,10:00,13:00,3,3,"Traction,Signalling",4,1,2,3,1,0.98
BLK1380,2025-01-02,SEC030,19:00,23:00,4,5,Traction,3,2,3,5,1,0.74
BLK1381,2025-04-09,SEC005,11:00,16:00,5,7,"Engineering,Signalling",1,11,5,7,1,0.73
BLK1382,2025-11-21,SEC055,09:00,11:00,2,3,Engineering,4,0,2,3,1,0.72
BLK1383,2025-06-13,SEC014,05:00,09:00,4,8,Engineering,4,2,6,8,0,0.87
BLK1384,2025-01-14,SEC035,10:00,15:00,5,2,"Engineering,Traction",0,19,1,2,1,0.96
BLK1385,2025-07-26,SEC033,03:00,08:00,5,3,"Engineering,Traction,Signalling",1,16,2,3,1,0.78
BLK1386,2025-11-27,SEC014,15:00,19:00,4,7,"Engineering,Traction,Signalling",11,29,3,7,4,0.52
BLK1387,2025-08-15,SEC065,14:00,16:00,2,8,Traction,3,8,7,8,1,0.99
BLK1388,2025-07-24,SEC043,08:00,09:00,1,7,"Engineering,Traction",0,24,5,7,2,0.75
BLK1389,2025-01-13,SEC065,08:00,11:00,3,6,"Engineering,Traction,Signalling",5,71,2,6,2,0.34
BLK1390,2025-03-09,SEC007,00:00,01:00,1,2,Engineering,0,27,1,2,1,0.92
BLK1391,2025-07-10,SEC009,10:00,15:00,5,7,Signalling,14,102,3,7,0,0.43
BLK1392,2025-10-27,SEC055,12:00,13:00,1,5,Signalling,0,25,4,5,0,0.94
BLK1393,2025-02-16,SEC030,04:00,06:00,2,8,"Traction,Signalling",0,20,5,8,1,0.74
BLK1394,2025-06-24,SEC049,12:00,16:00,4,5,Traction,0,9,3,5,1,0.71
BLK1395,2025-10-23,SEC024,05:00,08:00,3,4,Engineering,4,10,3,4,1,0.94
BLK1396,2025-11-17,SEC034,14:00,19:00,5,8,"Engineering,Traction,Signalling",4,13,5,8,1,0.74
BLK1397,2025-08-28,SEC037,14:00,16:00,2,6,"Engineering,Traction,Signalling",3,10,4,6,0,0.71
BLK1398,2025-03-28,SEC040,16:00,20:00,4,2,"Engineering,Signalling",4,6,1,2,0,0.83
BLK1399,2025-05-19,SEC068,05:00,06:00,1,2,"Traction,Signalling",1,23,1,2,0,0.95
BLK1400,2025-07-07,SEC003,07:00,09:00,2,8,"Engineering,Traction",0,26,6,8,2,0.86
BLK1401,2025-02-23,SEC050,10:00,13:00,3,6,Engineering,9,54,2,6,1,0.39
BLK1402,2025-11-27,SEC030,06:00,09:00,3,2,Engineering,3,80,0,2,2,0.41
BLK1403,2025-12-04,SEC038,03:00,08:00,5,3,Signalling,1,26,3,3,0,1.0
BLK1404,2025-09-25,SEC058,05:00,09:00,4,5,Traction,0,16,3,5,1,0.77
BLK1405,2025-12-28,SEC067,12:00,14:00,2,6,"Engineering,Traction",4,10,5,6,1,0.86
BLK1406,2025-06-27,SEC056,10:00,12:00,2,8,Traction,3,15,7,8,0,0.88
BLK1407,2025-06-20,SEC061,20:00,23:00,3,6,"Engineering,Traction,Signalling",4,36,1,6,2,0.22
BLK1408,2025-12-14,SEC014,18:00,22:00,4,5,"Engineering,Signalling",2,4,4,5,0,0.92
BLK1409,2025-08-21,SEC057,11:00,15:00,4,7,"Engineering,Traction",0,5,5,7,1,0.76
BLK1410,2025-02-06,SEC002,02:00,06:00,4,6,Signalling,1,30,4,6,0,0.73
BLK1411,2025-08-06,SEC010,03:00,07:00,4,3,"Engineering,Traction,Signalling",4,3,2,3,0,0.78
BLK1412,2025-10-13,SEC004,12:00,13:00,1,6,Engineering,0,8,4,6,2,0.83
BLK1413,2025-07-11,SEC069,17:00,23:00,6,6,Signalling,15,111,3,6,2,0.53
BLK1414,2025-06-19,SEC015,17:00,20:00,3,7,"Engineering,Traction,Signalling",9,93,1,7,0,0.21
BLK1415,2025-05-24,SEC060,19:00,22:00,3,5,Engineering,4,55,0,5,3,0.17
BLK1416,2025-05-14,SEC050,12:00,14:00,2,8,"Engineering,Traction",12,109,3,8,1,0.43
BLK1417,2025-07-21,SEC002,04:00,09:00,5,4,"Traction,Signalling",11,23,1,4,1,0.27
BLK1418,2025-01-02,SEC065,09:00,13:00,4,5,"Engineering,Traction",11,117,1,5,0,0.22
BLK1419,2025-01-20,SEC018,11:00,12:00,1,8,"Engineering,Traction,Signalling",1,28,6,8,1,0.84
BLK1420,2025-11-08,SEC010,15:00,17:00,2,2,Signalling,3,45,0,2,1,0.21
BLK1421,2025-03-14,SEC007,19:00,22:00,3,3,Signalling,4,12,2,3,0,0.86
BLK1422,2025-11-12,SEC036,01:00,06:00,5,3,Signalling,1,7,2,3,1,0.78
BLK1423,2025-03-20,SEC022,12:00,13:00,1,6,"Engineering,Traction,Signalling",4,13,4,6,1,0.75
BLK1424,2025-11-09,SEC004,06:00,12:00,6,1,Signalling,6,74,0,1,1,0.44
BLK1425,2025-04-04,SEC071,20:00,23:00,3,8,Engineering,3,16,7,8,1,0.96
BLK1426,2025-08-22,SEC073,02:00,06:00,4,1,"Engineering,Traction,Signalling",6,53,0,1,1,0.24
BLK1427,2025-03-24,SEC022,19:00,23:00,4,7,Signalling,15,80,3,7,2,0.54
BLK1428,2025-06-19,SEC004,03:00,09:00,6,9,Signalling,9,96,2,9,5,0.28
BLK1429,2025-10-22,SEC074,16:00,21:00,5,6,"Engineering,Signalling",3,120,1,6,5,0.31
BLK1430,2025-07-22,SEC009,15:00,17:00,2,3,"Engineering,Traction",0,16,2,3,1,0.83
BLK1431,2025-11-02,SEC002,03:00,07:00,4,7,"Engineering,Traction",9,70,2,7,0,0.36
BLK1432,2025-10-10,SEC070,16:00,18:00,2,8,"Traction,Signalling",4,16,6,8,2,0.83
BLK1433,2025-10-03,SEC045,07:00,09:00,2,2,Engineering,13,66,0,2,2,0.28
BLK1434,2025-07-10,SEC002,01:00,02:00,1,4,"Engineering,Signalling",2,9,3,4,0,0.96
BLK1435,2025-12-22,SEC066,11:00,13:00,2,7,"Engineering,Traction,Signalling",3,66,2,7,3,0.39
BLK1436,2025-01-01,SEC020,00:00,05:00,5,1,Signalling,8,80,0,1,1,0.34
BLK1437,2025-10-21,SEC032,10:00,15:00,5,10,Signalling,14,73,4,10,6,0.49
BLK1438,2025-03-13,SEC002,19:00,22:00,3,9,Signalling,13,115,4,9,2,0.47
BLK1439,2025-12-27,SEC022,19:00,21:00,2,8,"Engineering,Signalling",0,26,6,8,2,0.79
BLK1440,2025-11-03,SEC040,16:00,19:00,3,7,Signalling,1,6,6,7,0,0.93
BLK1441,2025-04-14,SEC046,00:00,04:00,4,2,"Engineering,Signalling",3,14,1,2,1,0.79
BLK1442,2025-10-03,SEC035,03:00,08:00,5,2,"Traction,Signalling",1,0,1,2,0,0.72
BLK1443,2025-06-23,SEC054,05:00,08:00,3,2,"Engineering,Traction",15,114,0,2,2,0.33
BLK1444,2025-05-24,SEC073,16:00,21:00,5,3,"Engineering,Traction",4,7,2,3,0,0.99
BLK1445,2025-12-16,SEC007,07:00,08:00,1,6,"Engineering,Traction,Signalling",4,6,5,6,0,0.88
BLK1446,2025-08-13,SEC024,00:00,04:00,4,3,"Traction,Signalling",2,15,2,3,0,0.87
BLK1447,2025-02-27,SEC026,11:00,13:00,2,5,"Engineering,Signalling",0,19,3,5,0,0.74
BLK1448,2025-03-17,SEC069,16:00,18:00,2,5,Engineering,2,18,4,5,0,0.89
BLK1449,2025-03-13,SEC007,00:00,01:00,1,7,Traction,2,28,6,7,1,0.92
BLK1450,2025-10-05,SEC001,04:00,06:00,2,3,"Engineering,Signalling",3,0,2,3,1,0.92
BLK1451,2025-04-18,SEC061,12:00,16:00,4,5,Signalling,2,3,4,5,0,0.88
BLK1452,2025-02-24,SEC014,07:00,12:00,5,5,"Traction,Signalling",4,18,4,5,1,0.8
BLK1453,2025-09-05,SEC036,20:00,23:00,3,1,"Engineering,Traction",14,109,0,1,0,0.24
BLK1454,2025-09-24,SEC050,08:00,10:00,2,6,"Engineering,Signalling",10,78,3,6,2,0.53
BLK1455,2025-08-01,SEC043,04:00,08:00,4,7,"Traction,Signalling",2,21,6,7,0,0.99
BLK1456,2025-10-22,SEC034,14:00,17:00,3,4,Engineering,4,6,3,4,0,0.95
BLK1457,2025-02-11,SEC041,15:00,17:00,2,5,"Engineering,Traction",2,24,4,5,0,0.99
BLK1458,2025-06-26,SEC024,15:00,21:00,6,1,"Engineering,Signalling",14,34,0,1,0,0.32
BLK1459,2025-11-02,SEC059,04:00,05:00,1,2,"Engineering,Signalling",2,23,1,2,1,0.77
BLK1460,2025-10-14,SEC056,04:00,09:00,5,8,Signalling,3,65,3,8,4,0.47
BLK1461,2025-12-16,SEC054,05:00,09:00,4,7,"Engineering,Signalling",2,25,5,7,0,0.8
BLK1462,2025-11-11,SEC014,12:00,15:00,3,2,"Engineering,Traction",3,0,1,2,0,0.85
BLK1463,2025-11-03,SEC042,20:00,22:00,2,4,"Engineering,Traction,Signalling",3,27,3,4,1,0.82
BLK1464,2025-05-18,SEC001,00:00,03:00,3,2,"Engineering,Traction,Signalling",3,23,1,2,1,0.88
BLK1465,2025-08-25,SEC011,17:00,21:00,4,1,"Engineering,Signalling",14,61,0,1,0,0.5
BLK1466,2025-08-27,SEC016,02:00,06:00,4,8,"Engineering,Traction,Signalling",0,15,6,8,0,0.85
BLK1467,2025-09-09,SEC011,05:00,11:00,6,1,Traction,12,84,0,1,0,0.26
BLK1468,2025-02-07,SEC033,04:00,08:00,4,7,Engineering,0,11,6,7,0,0.91
BLK1469,2025-06-14,SEC066,00:00,05:00,5,8,Signalling,0,8,7,8,1,0.98
BLK1470,2025-11-23,SEC010,11:00,17:00,6,3,"Engineering,Signalling",3,110,1,3,1,0.52
BLK1471,2025-03-16,SEC011,17:00,22:00,5,3,Engineering,1,12,2,3,1,0.72
BLK1472,2025-12-04,SEC007,15:00,21:00,6,1,"Engineering,Signalling",4,100,0,1,1,0.17
BLK1473,2025-12-22,SEC052,15:00,17:00,2,1,Traction,14,71,0,1,0,0.42
BLK1474,2025-03-17,SEC013,01:00,02:00,1,7,Engineering,2,27,6,7,1,0.95
BLK1475,2025-11-11,SEC028,08:00,11:00,3,8,"Engineering,Traction",4,38,2,8,4,0.33
BLK1476,2025-10-01,SEC063,08:00,10:00,2,4,Signalling,12,30,0,4,4,0.16
BLK1477,2025-03-01,SEC031,11:00,13:00,2,1,"Traction,Signalling",4,22,0,1,1,0.2
BLK1478,2025-03-21,SEC011,07:00,09:00,2,3,"Traction,Signalling",2,16,2,3,0,0.88
BLK1479,2025-08-24,SEC055,10:00,15:00,5,4,Signalling,3,13,3,4,1,0.83
BLK1480,2025-11-04,SEC007,14:00,16:00,2,3,Engineering,4,22,2,3,0,0.98
BLK1481,2025-12-07,SEC025,20:00,23:00,3,10,"Traction,Signalling",14,53,4,10,6,0.4
BLK1482,2025-11-23,SEC049,11:00,13:00,2,5,"Engineering,Traction,Signalling",4,29,4,5,0,0.94
BLK1483,2025-12-08,SEC054,12:00,17:00,5,4,"Engineering,Traction",7,119,1,4,0,0.39
BLK1484,2025-11-19,SEC065,03:00,08:00,5,4,Engineering,1,11,3,4,1,0.8
BLK1485,2025-07-26,SEC072,07:00,08:00,1,6,Signalling,4,20,5,6,1,0.92
BLK1486,2025-09-16,SEC035,12:00,15:00,3,3,"Engineering,Traction,Signalling",0,14,2,3,1,0.75
BLK1487,2025-03-12,SEC005,12:00,18:00,6,8,"Traction,Signalling",3,36,4,8,2,0.5
BLK1488,2025-03-07,SEC030,14:00,19:00,5,3,"Traction,Signalling",1,5,2,3,1,0.98
BLK1489,2025-04-01,SEC003,06:00,07:00,1,5,"Engineering,Traction",0,18,4,5,0,0.98
BLK1490,2025-02-11,SEC039,02:00,05:00,3,8,Engineering,5,107,4,8,4,0.53
BLK1491,2025-03-14,SEC057,20:00,22:00,2,1,Traction,3,75,0,1,1,0.18
BLK1492,2025-02-01,SEC056,17:00,19:00,2,2,"Traction,Signalling",0,11,1,2,0,0.93
BLK1493,2025-09-16,SEC056,15:00,18:00,3,6,"Traction,Signalling",1,25,4,6,2,0.74
BLK1494,2025-02-28,SEC050,19:00,21:00,2,7,Engineering,4,10,6,7,1,0.95
BLK1495,2025-04-18,SEC071,14:00,20:00,6,7,Engineering,15,82,3,7,4,0.48
BLK1496,2025-10-23,SEC071,13:00,18:00,5,5,"Traction,Signalling",8,108,2,5,3,0.51
BLK1497,2025-07-23,SEC072,04:00,07:00,3,8,Signalling,3,17,6,8,2,0.78
BLK1498,2025-07-10,SEC052,04:00,06:00,2,2,Signalling,9,28,0,2,1,0.38
BLK1499,2025-09-11,SEC023,20:00,22:00,2,3,Traction,9,35,0,3,2,0.32
BLK1500,2025-03-04,SEC052,02:00,04:00,2,7,Traction,4,14,6,7,1,0.95
BLK1501,2025-02-27,SEC075,13:00,16:00,3,6,"Engineering,Traction",0,2,5,6,0,0.85
BLK1502,2025-12-02,SEC057,17:00,22:00,5,1,"Traction,Signalling",15,66,0,1,0,0.29
BLK1503,2025-11-14,SEC074,11:00,12:00,1,3,"Traction,Signalling",0,11,2,3,1,0.77
BLK1504,2025-02-12,SEC023,00:00,04:00,4,10,"Traction,Signalling",14,119,5,10,3,0.5
BLK1505,2025-08-08,SEC064,05:00,11:00,6,4,"Engineering,Traction,Signalling",14,95,0,4,4,0.16
BLK1506,2025-12-14,SEC039,04:00,06:00,2,3,Traction,1,2,2,3,0,0.89
BLK1507,2025-07-27,SEC040,15:00,17:00,2,2,"Engineering,Signalling",0,29,1,2,1,0.81
BLK1508,2025-05-04,SEC039,11:00,16:00,5,8,Traction,1,24,7,8,1,0.91
BLK1509,2025-11-22,SEC039,13:00,19:00,6,5,"Engineering,Traction,Signalling",11,92,1,5,2,0.32
BLK1510,2025-08-10,SEC009,10:00,13:00,3,6,Traction,2,3,4,6,2,0.76
BLK1511,2025-07-27,SEC011,19:00,23:00,4,4,Traction,4,30,3,4,0,0.98
BLK1512,2025-09-23,SEC019,15:00,20:00,5,4,"Engineering,Traction,Signalling",0,9,2,4,1,0.71
BLK1513,2025-08-05,SEC051,13:00,17:00,4,9,"Engineering,Traction,Signalling",11,26,4,9,2,0.49
BLK1514,2025-04-19,SEC008,18:00,20:00,2,7,"Engineering,Traction,Signalling",15,116,3,7,2,0.47
BLK1515,2025-11-23,SEC010,05:00,09:00,4,4,Traction,0,3,3,4,1,0.85
BLK1516,2025-06-06,SEC053,01:00,07:00,6,7,"Traction,Signalling",10,49,1,7,5,0.22
BLK1517,2025-01-14,SEC008,02:00,07:00,5,6,"Engineering,Traction,Signalling",1,12,6,6,0,1.0
BLK1518,2025-09-26,SEC019,11:00,14:00,3,2,Engineering,4,92,0,2,1,0.19
BLK1519,2025-10-28,SEC069,12:00,15:00,3,2,Signalling,1,28,1,2,1,0.81
BLK1520,2025-07-04,SEC020,01:00,04:00,3,6,Signalling,8,94,2,6,1,0.36
BLK1521,2025-07-28,SEC018,13:00,14:00,1,4,Signalling,1,24,3,4,0,0.82
BLK1522,2025-10-10,SEC022,10:00,15:00,5,5,"Engineering,Traction",4,30,4,5,0,0.94
BLK1523,2025-11-17,SEC044,15:00,20:00,5,4,Engineering,7,48,1,4,3,0.33
BLK1524,2025-11-25,SEC040,14:00,18:00,4,10,"Engineering,Traction",10,43,4,10,3,0.41
BLK1525,2025-08-21,SEC035,18:00,23:00,5,2,Signalling,3,8,1,2,1,0.78
BLK1526,2025-04-01,SEC007,14:00,17:00,3,3,Traction,12,68,1,3,2,0.4
BLK1527,2025-01-18,SEC073,16:00,21:00,5,7,Engineering,4,119,2,7,1,0.34
BLK1528,2025-01-27,SEC017,10:00,11:00,1,3,Signalling,1,0,2,3,1,0.77
BLK1529,2025-08-08,SEC069,01:00,02:00,1,2,Signalling,1,13,1,2,1,0.71
BLK1530,2025-04-11,SEC058,04:00,09:00,5,5,"Engineering,Traction,Signalling",0,21,4,5,0,0.85
BLK1531,2025-04-28,SEC031,02:00,06:00,4,10,"Traction,Signalling",15,117,4,10,6,0.45
BLK1532,2025-10-13,SEC016,09:00,15:00,6,6,Signalling,11,66,2,6,2,0.48
BLK1533,2025-08-26,SEC067,08:00,12:00,4,5,"Engineering,Traction,Signalling",14,87,1,5,2,0.25
BLK1534,2025-01-17,SEC067,00:00,01:00,1,4,Engineering,1,5,3,4,0,0.95
BLK1535,2025-12-24,SEC054,14:00,17:00,3,6,"Traction,Signalling",14,90,2,6,3,0.45
BLK1536,2025-06-25,SEC068,04:00,06:00,2,5,"Engineering,Traction,Signalling",7,81,1,5,4,0.23
BLK1537,2025-05-10,SEC038,18:00,23:00,5,6,Signalling,11,102,2,6,3,0.34
BLK1538,2025-12-12,SEC006,19:00,23:00,4,7,"Engineering,Signalling",12,69,1,7,2,0.18
BLK1539,2025-09-28,SEC012,12:00,18:00,6,10,"Engineering,Signalling",7,105,4,10,5,0.44
BLK1540,2025-01-03,SEC039,14:00,16:00,2,7,Signalling,11,102,1,7,4,0.2
BLK1541,2025-08-28,SEC048,10:00,13:00,3,6,Traction,3,8,4,6,2,0.81
BLK1542,2025-03-22,SEC020,09:00,10:00,1,3,Signalling,1,24,2,3,0,0.71
BLK1543,2025-05-05,SEC003,07:00,10:00,3,7,"Traction,Signalling",0,6,5,7,0,0.84
BLK1544,2025-01-15,SEC064,17:00,18:00,1,2,"Engineering,Traction,Signalling",1,11,1,2,1,0.83
BLK1545,2025-04-11,SEC064,12:00,14:00,2,4,Engineering,15,59,0,4,3,0.23
BLK1546,2025-09-04,SEC020,12:00,15:00,3,9,"Engineering,Traction",12,89,3,9,5,0.36
BLK1547,2025-07-11,SEC072,12:00,14:00,2,5,"Engineering,Signalling",4,11,4,5,1,0.81
BLK1548,2025-07-16,SEC063,18:00,19:00,1,2,"Traction,Signalling",0,9,1,2,1,0.79
BLK1549,2025-11-13,SEC001,15:00,17:00,2,3,Engineering,4,11,2,3,1,0.8
BLK1550,2025-02-24,SEC058,02:00,07:00,5,9,"Engineering,Traction,Signalling",14,110,4,9,0,0.46
BLK1551,2025-03-26,SEC053,16:00,18:00,2,5,Signalling,3,9,3,5,2,0.77
BLK1552,2025-10-04,SEC024,00:00,02:00,2,2,Signalling,4,36,0,2,2,0.42
BLK1553,2025-10-15,SEC042,12:00,15:00,3,10,Traction,12,118,4,10,2,0.41
BLK1554,2025-02-13,SEC048,13:00,17:00,4,8,"Engineering,Signalling",3,85,1,8,4,0.18
BLK1555,2025-10-26,SEC008,02:00,04:00,2,8,"Engineering,Traction,Signalling",3,29,7,8,0,0.96
BLK1556,2025-12-05,SEC026,03:00,08:00,5,3,"Engineering,Signalling",4,10,2,3,0,0.86
BLK1557,2025-05-14,SEC058,19:00,23:00,4,4,"Engineering,Traction",6,87,1,4,2,0.49
BLK1558,2025-07-12,SEC039,03:00,07:00,4,1,Signalling,3,37,0,1,0,0.22
BLK1559,2025-12-10,SEC049,02:00,07:00,5,2,Traction,3,20,1,2,0,0.84
BLK1560,2025-07-01,SEC059,11:00,13:00,2,2,"Engineering,Traction",3,13,1,2,1,0.97
BLK1561,2025-06-23,SEC053,02:00,06:00,4,1,Signalling,7,102,0,1,0,0.4
BLK1562,2025-05-15,SEC075,12:00,14:00,2,5,"Engineering,Traction",1,27,4,5,0,0.81
BLK1563,2025-11-24,SEC040,19:00,21:00,2,3,Engineering,3,7,2,3,1,0.75
BLK1564,2025-12-27,SEC032,08:00,13:00,5,6,Signalling,1,20,5,6,0,0.86
BLK1565,2025-08-20,SEC011,07:00,09:00,2,4,"Traction,Signalling",8,46,1,4,2,0.37
BLK1566,2025-11-17,SEC062,16:00,20:00,4,6,Engineering,0,27,4,6,1,0.8
BLK1567,2025-04-10,SEC068,08:00,11:00,3,8,"Engineering,Traction,Signalling",3,1,5,8,0,0.71
BLK1568,2025-08-17,SEC034,01:00,04:00,3,3,Traction,6,73,1,3,0,0.41
BLK1569,2025-07-27,SEC003,11:00,17:00,6,5,Signalling,4,67,2,5,1,0.48
BLK1570,2025-07-07,SEC068,03:00,08:00,5,2,Engineering,8,76,0,2,2,0.41
BLK1571,2025-09-19,SEC033,07:00,12:00,5,10,"Engineering,Traction,Signalling",11,117,2,10,2,0.22
BLK1572,2025-03-06,SEC002,03:00,05:00,2,5,Signalling,1,19,3,5,2,0.77
BLK1573,2025-06-26,SEC053,19:00,23:00,4,3,"Engineering,Traction",7,37,0,3,2,0.24
BLK1574,2025-02-27,SEC031,13:00,16:00,3,5,"Engineering,Signalling",4,17,4,5,1,0.94
BLK1575,2025-08-20,SEC018,17:00,20:00,3,1,"Engineering,Signalling",13,87,0,1,1,0.25
BLK1576,2025-11-17,SEC034,02:00,04:00,2,6,"Engineering,Traction,Signalling",2,17,5,6,0,0.87
BLK1577,2025-10-15,SEC056,01:00,06:00,5,9,"Engineering,Traction,Signalling",15,88,3,9,5,0.41
BLK1578,2025-04-10,SEC054,01:00,07:00,6,2,Signalling,9,23,0,2,2,0.47
BLK1579,2025-05-10,SEC016,11:00,12:00,1,6,"Engineering,Traction,Signalling",4,24,4,6,1,0.82
BLK1580,2025-03-22,SEC073,18:00,22:00,4,2,"Traction,Signalling",13,32,0,2,0,0.32
BLK1581,2025-11-05,SEC061,05:00,10:00,5,9,Engineering,9,36,4,9,5,0.48
BLK1582,2025-11-17,SEC055,03:00,07:00,4,6,"Engineering,Traction",2,6,4,6,2,0.71
BLK1583,2025-07-09,SEC030,01:00,04:00,3,2,Engineering,8,60,0,2,1,0.41
BLK1584,2025-08-16,SEC010,13:00,17:00,4,9,Engineering,10,77,4,9,2,0.46
BLK1585,2025-02-14,SEC053,14:00,20:00,6,7,"Engineering,Traction,Signalling",5,107,3,7,4,0.52
BLK1586,2025-10-13,SEC008,18:00,20:00,2,2,"Engineering,Signalling",0,0,1,2,1,0.94
BLK1587,2025-07-10,SEC053,19:00,21:00,2,2,"Engineering,Traction,Signalling",2,13,1,2,1,0.97
BLK1588,2025-10-09,SEC001,04:00,05:00,1,7,"Engineering,Traction",3,12,4,7,3,0.71
BLK1589,2025-07-01,SEC064,07:00,10:00,3,6,Signalling,2,17,4,6,0,0.83
BLK1590,2025-12-10,SEC014,02:00,05:00,3,3,"Engineering,Traction,Signalling",2,14,2,3,1,0.73
BLK1591,2025-01-07,SEC030,05:00,09:00,4,2,Signalling,4,29,1,2,0,0.88
BLK1592,2025-11-18,SEC016,09:00,10:00,1,4,Traction,4,23,3,4,0,0.75
BLK1593,2025-09-27,SEC048,16:00,18:00,2,1,Signalling,3,31,0,1,0,0.48
BLK1594,2025-01-19,SEC056,09:00,11:00,2,2,Traction,0,2,1,2,0,0.78
BLK1595,2025-07-15,SEC044,12:00,16:00,4,3,"Traction,Signalling",3,30,2,3,0,0.84
BLK1596,2025-09-28,SEC027,06:00,11:00,5,8,"Engineering,Traction,Signalling",8,102,1,8,3,0.16
BLK1597,2025-10-12,SEC004,16:00,19:00,3,8,"Traction,Signalling",9,113,1,8,7,0.18
BLK1598,2025-01-03,SEC016,18:00,19:00,1,2,Traction,0,23,1,2,0,0.93
BLK1599,2025-10-20,SEC058,00:00,05:00,5,6,"Engineering,Traction",4,21,5,6,0,0.86
BLK1600,2025-11-23,SEC047,01:00,05:00,4,7,"Traction,Signalling",2,16,5,7,0,0.77
BLK1601,2025-12-01,SEC033,14:00,17:00,3,5,Signalling,2,18,4,5,0,0.99
BLK1602,2025-02-01,SEC047,14:00,19:00,5,7,Signalling,13,51,2,7,0,0.3
BLK1603,2025-02-23,SEC008,03:00,08:00,5,6,Traction,3,21,5,6,0,0.98
BLK1604,2025-06-05,SEC025,16:00,19:00,3,6,Engineering,2,28,4,6,0,0.79
BLK1605,2025-03-28,SEC050,10:00,13:00,3,8,"Engineering,Traction,Signalling",4,22,7,8,0,0.97
BLK1606,2025-05-19,SEC004,11:00,16:00,5,3,"Engineering,Traction,Signalling",15,77,0,3,0,0.33
BLK1607,2025-04-20,SEC071,18:00,21:00,3,2,"Engineering,Traction",7,80,1,2,0,0.53
BLK1608,2025-11-08,SEC029,17:00,22:00,5,3,"Engineering,Traction,Signalling",1,23,2,3,0,0.92
BLK1609,2025-06-03,SEC050,03:00,08:00,5,6,"Engineering,Traction,Signalling",6,66,2,6,1,0.4
BLK1610,2025-03-26,SEC034,08:00,12:00,4,5,"Engineering,Traction",4,93,1,5,3,0.27
BLK1611,2025-09-12,SEC070,09:00,13:00,4,10,"Traction,Signalling",3,28,3,10,5,0.31
BLK1612,2025-08-26,SEC059,16:00,19:00,3,4,"Engineering,Signalling",3,2,3,4,0,0.76
BLK1613,2025-09-25,SEC046,09:00,12:00,3,7,Engineering,7,117,3,7,3,0.44
BLK1614,2025-03-21,SEC047,08:00,11:00,3,5,"Engineering,Signalling",0,26,3,5,2,0.75
BLK1615,2025-08-22,SEC073,12:00,17:00,5,6,Engineering,1,24,5,6,0,0.85
BLK1616,2025-05-28,SEC048,00:00,05:00,5,8,"Engineering,Traction",0,23,7,8,1,0.91
BLK1617,2025-05-26,SEC001,19:00,23:00,4,3,"Engineering,Signalling",2,18,2,3,0,0.71
BLK1618,2025-10-07,SEC019,18:00,19:00,1,4,"Engineering,Traction",3,19,3,4,0,0.82
BLK1619,2025-05-05,SEC017,00:00,03:00,3,6,Engineering,0,24,5,6,0,0.9
BLK1620,2025-05-09,SEC025,04:00,09:00,5,6,Engineering,1,28,5,6,0,0.85
BLK1621,2025-11-14,SEC066,16:00,22:00,6,6,"Engineering,Traction",14,51,2,6,3,0.49
BLK1622,2025-10-02,SEC068,02:00,08:00,6,5,Traction,5,115,1,5,2,0.24
BLK1623,2025-02-11,SEC058,09:00,12:00,3,2,"Engineering,Traction,Signalling",3,8,1,2,1,0.85
BLK1624,2025-04-08,SEC019,06:00,11:00,5,2,Engineering,2,29,1,2,1,0.75
BLK1625,2025-11-28,SEC013,17:00,21:00,4,2,"Engineering,Traction",3,14,1,2,0,0.91
BLK1626,2025-08-21,SEC040,17:00,19:00,2,3,Traction,1,13,2,3,1,0.91
BLK1627,2025-04-05,SEC065,19:00,23:00,4,5,Signalling,5,62,2,5,0,0.44
BLK1628,2025-07-12,SEC013,11:00,13:00,2,1,"Traction,Signalling",13,87,0,1,0,0.46
BLK1629,2025-04-21,SEC074,20:00,23:00,3,3,"Engineering,Traction",1,1,3,3,0,1.0
BLK1630,2025-03-03,SEC014,09:00,10:00,1,5,"Traction,Signalling",1,6,4,5,0,0.93
BLK1631,2025-04-22,SEC027,11:00,17:00,6,5,Signalling,6,84,1,5,0,0.35
BLK1632,2025-03-21,SEC024,06:00,10:00,4,6,"Engineering,Traction,Signalling",2,8,4,6,2,0.75
BLK1633,2025-07-14,SEC049,00:00,03:00,3,6,"Engineering,Traction",3,6,5,6,0,0.93
BLK1634,2025-05-18,SEC053,03:00,09:00,6,2,"Engineering,Traction,Signalling",7,73,0,2,0,0.27
BLK1635,2025-03-27,SEC072,18:00,20:00,2,1,Traction,6,105,0,1,0,0.41
BLK1636,2025-10-12,SEC008,19:00,22:00,3,2,"Engineering,Traction,Signalling",0,9,1,2,1,0.71
BLK1637,2025-12-21,SEC025,18:00,20:00,2,3,Engineering,6,24,1,3,0,0.48
BLK1638,2025-05-25,SEC004,09:00,12:00,3,10,"Engineering,Traction",12,36,2,10,6,0.2
BLK1639,2025-01-21,SEC017,17:00,19:00,2,4,Engineering,2,28,3,4,1,0.81
BLK1640,2025-11-19,SEC046,07:00,10:00,3,6,"Traction,Signalling",2,24,5,6,1,0.87
BLK1641,2025-12-25,SEC066,07:00,08:00,1,7,Traction,1,1,6,7,0,0.97
BLK1642,2025-04-19,SEC044,11:00,13:00,2,8,"Engineering,Traction",13,27,2,8,4,0.32
BLK1643,2025-08-17,SEC065,20:00,21:00,1,4,Signalling,0,10,3,4,0,0.93
BLK1644,2025-11-08,SEC013,04:00,08:00,4,4,"Engineering,Traction,Signalling",14,67,1,4,1,0.45
BLK1645,2025-05-24,SEC068,13:00,17:00,4,2,Engineering,0,29,1,2,1,0.88
BLK1646,2025-05-24,SEC040,15:00,16:00,1,7,Traction,0,20,5,7,1,0.72
BLK1647,2025-02-17,SEC013,03:00,06:00,3,6,Traction,0,22,4,6,1,0.79
BLK1648,2025-12-22,SEC006,08:00,14:00,6,9,Signalling,8,104,3,9,2,0.34
BLK1649,2025-12-01,SEC056,01:00,07:00,6,5,"Engineering,Traction",5,38,0,5,1,0.19
BLK1650,2025-01-24,SEC003,09:00,11:00,2,3,"Engineering,Signalling",3,29,2,3,0,0.71
BLK1651,2025-09-20,SEC014,18:00,21:00,3,6,"Engineering,Traction,Signalling",5,31,1,6,5,0.2
BLK1652,2025-08-20,SEC015,00:00,05:00,5,4,"Engineering,Signalling",0,1,3,4,0,0.8
BLK1653,2025-01-21,SEC065,18:00,20:00,2,3,"Engineering,Traction",6,46,1,3,1,0.46
BLK1654,2025-07-10,SEC040,08:00,11:00,3,5,"Engineering,Traction",4,18,4,5,0,0.82
BLK1655,2025-07-25,SEC041,15:00,19:00,4,10,Signalling,13,67,2,10,3,0.2
BLK1656,2025-08-08,SEC045,13:00,18:00,5,4,Traction,2,8,3,4,0,0.99
BLK1657,2025-01-03,SEC004,08:00,10:00,2,1,Traction,13,101,0,1,1,0.25
BLK1658,2025-07-18,SEC060,01:00,04:00,3,4,"Engineering,Traction",1,7,2,4,1,0.74
BLK1659,2025-07-16,SEC038,09:00,14:00,5,3,Signalling,2,9,2,3,1,0.81
BLK1660,2025-04-22,SEC025,01:00,05:00,4,6,"Traction,Signalling",1,26,4,6,2,0.79
BLK1661,2025-05-28,SEC051,16:00,18:00,2,3,Signalling,3,6,2,3,1,0.78
BLK1662,2025-10-18,SEC046,17:00,20:00,3,7,Signalling,15,50,2,7,4,0.33
BLK1663,2025-07-25,SEC067,01:00,02:00,1,7,"Engineering,Signalling",1,22,5,7,2,0.73
BLK1664,2025-07-16,SEC019,07:00,11:00,4,2,Engineering,8,69,0,2,1,0.29
BLK1665,2025-11-11,SEC027,14:00,15:00,1,4,Traction,4,24,2,4,0,0.73
BLK1666,2025-04-03,SEC065,07:00,13:00,6,5,"Engineering,Signalling",11,74,2,5,2,0.47
BLK1667,2025-05-24,SEC044,20:00,23:00,3,2,"Engineering,Traction,Signalling",5,60,0,2,0,0.32
BLK1668,2025-03-19,SEC039,09:00,12:00,3,1,Traction,3,95,0,1,1,0.48
BLK1669,2025-06-03,SEC002,05:00,08:00,3,7,"Engineering,Traction",3,9,5,7,2,0.78
BLK1670,2025-01-27,SEC039,10:00,13:00,3,6,"Engineering,Traction",4,12,5,6,1,0.87
BLK1671,2025-10-24,SEC072,15:00,19:00,4,9,"Engineering,Signalling",3,50,1,9,6,0.21
BLK1672,2025-08-19,SEC073,10:00,12:00,2,7,"Traction,Signalling",2,14,7,7,0,1.0
BLK1673,2025-10-03,SEC024,09:00,15:00,6,3,"Traction,Signalling",4,58,1,3,0,0.47
BLK1674,2025-07-21,SEC074,17:00,19:00,2,6,Signalling,4,30,5,6,0,0.97
BLK1675,2025-10-28,SEC072,08:00,10:00,2,10,Engineering,7,82,2,10,8,0.2
BLK1676,2025-05-15,SEC021,12:00,13:00,1,8,Signalling,2,28,7,8,0,0.88
BLK1677,2025-09-17,SEC035,13:00,18:00,5,2,"Engineering,Traction,Signalling",1,25,1,2,0,0.75
BLK1678,2025-04-25,SEC023,17:00,22:00,5,7,Traction,3,11,6,7,0,0.87
BLK1679,2025-06-23,SEC075,12:00,16:00,4,3,"Engineering,Signalling",2,16,2,3,0,0.79
BLK1680,2025-02-27,SEC046,08:00,12:00,4,1,"Traction,Signalling",14,68,0,1,0,0.33
BLK1681,2025-09-13,SEC042,04:00,05:00,1,8,"Engineering,Traction,Signalling",2,4,5,8,1,0.71
BLK1682,2025-11-11,SEC062,15:00,17:00,2,4,Signalling,2,9,3,4,1,0.83
BLK1683,2025-10-24,SEC043,08:00,12:00,4,1,Traction,8,51,0,1,1,0.21
BLK1684,2025-06-28,SEC064,02:00,05:00,3,3,"Engineering,Signalling",11,115,0,3,0,0.24
BLK1685,2025-09-28,SEC002,09:00,15:00,6,1,Signalling,8,79,0,1,0,0.45
BLK1686,2025-05-07,SEC058,02:00,04:00,2,2,"Engineering,Traction",1,11,1,2,0,0.93
BLK1687,2025-02-10,SEC032,14:00,16:00,2,6,"Engineering,Traction,Signalling",3,23,5,6,0,0.98
BLK1688,2025-04-10,SEC074,08:00,09:00,1,7,Engineering,1,26,5,7,0,0.84
BLK1689,2025-12-23,SEC032,02:00,05:00,3,9,"Engineering,Traction",9,99,3,9,2,0.39
BLK1690,2025-06-26,SEC026,09:00,13:00,4,2,"Engineering,Traction",2,7,1,2,1,0.91
BLK1691,2025-01-15,SEC053,14:00,19:00,5,2,"Traction,Signalling",0,6,1,2,0,0.99
BLK1692,2025-11-11,SEC034,14:00,16:00,2,3,"Engineering,Traction",1,17,2,3,0,0.8
BLK1693,2025-08-26,SEC038,19:00,23:00,4,3,"Engineering,Traction",0,27,2,3,0,0.96
BLK1694,2025-01-28,SEC009,02:00,07:00,5,3,"Traction,Signalling",1,26,2,3,1,0.95
BLK1695,2025-05-25,SEC048,17:00,20:00,3,2,"Engineering,Traction,Signalling",15,39,1,2,1,0.5
BLK1696,2025-05-23,SEC006,01:00,04:00,3,8,Traction,1,13,7,8,1,0.94
BLK1697,2025-01-10,SEC060,15:00,17:00,2,7,Signalling,5,120,2,7,0,0.38
BLK1698,2025-11-22,SEC012,13:00,15:00,2,7,"Engineering,Traction",4,30,6,7,0,0.88
BLK1699,2025-01-05,SEC059,05:00,08:00,3,7,"Engineering,Traction",4,65,1,7,6,0.22
BLK1700,2025-02-10,SEC004,12:00,13:00,1,3,Traction,3,27,2,3,0,0.88
BLK1701,2025-11-07,SEC010,03:00,07:00,4,4,Signalling,8,102,1,4,0,0.27
BLK1702,2025-09-09,SEC065,06:00,07:00,1,5,"Engineering,Traction",1,13,4,5,0,0.88
BLK1703,2025-03-11,SEC019,11:00,13:00,2,6,"Engineering,Traction,Signalling",1,29,5,6,0,0.97
BLK1704,2025-10-23,SEC043,19:00,20:00,1,4,Traction,4,18,3,4,1,0.83
BLK1705,2025-01-15,SEC011,16:00,20:00,4,2,Engineering,0,0,1,2,1,0.82
BLK1706,2025-10-04,SEC018,15:00,21:00,6,1,Engineering,8,84,0,1,1,0.45
BLK1707,2025-08-27,SEC029,20:00,23:00,3,8,"Engineering,Traction,Signalling",2,20,7,8,1,0.97
BLK1708,2025-11-08,SEC055,13:00,15:00,2,1,"Engineering,Traction,Signalling",11,119,0,1,0,0.25
BLK1709,2025-11-04,SEC041,11:00,16:00,5,4,"Engineering,Signalling",2,14,3,4,1,0.92
BLK1710,2025-02-06,SEC017,04:00,09:00,5,6,Engineering,4,13,5,6,0,0.89
BLK1711,2025-03-03,SEC012,17:00,18:00,1,4,Signalling,2,17,3,4,1,0.91
BLK1712,2025-07-16,SEC011,00:00,02:00,2,2,Signalling,11,50,0,2,2,0.28
BLK1713,2025-06-20,SEC029,00:00,04:00,4,2,Engineering,2,20,1,2,0,0.85
BLK1714,2025-02-23,SEC032,20:00,22:00,2,2,Traction,2,21,1,2,0,0.92
BLK1715,2025-03-17,SEC065,04:00,10:00,6,3,"Engineering,Traction,Signalling",7,76,0,3,3,0.26
BLK1716,2025-03-23,SEC064,01:00,02:00,1,5,Signalling,3,4,4,5,0,0.94
BLK1717,2025-06-26,SEC017,13:00,16:00,3,2,"Traction,Signalling",3,8,1,2,0,0.83
BLK1718,2025-07-17,SEC002,04:00,08:00,4,4,"Engineering,Traction,Signalling",0,18,3,4,0,0.88
BLK1719,2025-02-20,SEC052,09:00,10:00,1,4,"Engineering,Signalling",4,2,3,4,0,0.89
BLK1720,2025-12-15,SEC032,08:00,12:00,4,4,Engineering,0,5,3,4,1,0.81
BLK1721,2025-12-26,SEC027,14:00,17:00,3,6,Engineering,2,18,4,6,1,0.73
BLK1722,2025-05-14,SEC028,15:00,17:00,2,5,"Engineering,Traction",2,3,4,5,1,0.92
BLK1723,2025-08-26,SEC060,12:00,14:00,2,4,"Engineering,Traction",2,15,3,4,1,0.86
BLK1724,2025-03-14,SEC012,09:00,11:00,2,4,"Engineering,Signalling",2,29,3,4,0,0.88
BLK1725,2025-10-14,SEC039,13:00,16:00,3,8,"Traction,Signalling",8,44,1,8,5,0.19
BLK1726,2025-02-25,SEC055,00:00,04:00,4,2,"Engineering,Traction,Signalling",3,24,1,2,0,0.93
BLK1727,2025-05-06,SEC014,02:00,03:00,1,5,"Engineering,Signalling",4,13,3,5,0,0.73
BLK1728,2025-06-02,SEC056,07:00,08:00,1,6,"Engineering,Traction",0,2,4,6,2,0.7
BLK1729,2025-10-16,SEC070,17:00,19:00,2,2,"Engineering,Signalling",4,28,1,2,0,0.93
BLK1730,2025-07-08,SEC026,17:00,22:00,5,6,Engineering,7,63,2,6,2,0.4
BLK1731,2025-02-13,SEC054,11:00,15:00,4,6,Traction,0,26,5,6,1,0.89
BLK1732,2025-09-13,SEC035,15:00,17:00,2,2,"Engineering,Traction",6,58,0,2,0,0.28
BLK1733,2025-05-05,SEC040,18:00,20:00,2,3,Traction,9,36,0,3,3,0.31
BLK1734,2025-11-26,SEC073,13:00,14:00,1,3,"Engineering,Signalling",0,10,2,3,0,0.73
BLK1735,2025-10-19,SEC051,19:00,21:00,2,4,Signalling,4,21,2,4,2,0.7
BLK1736,2025-07-06,SEC068,08:00,14:00,6,9,"Traction,Signalling",6,56,2,9,1,0.25
BLK1737,2025-01-02,SEC054,04:00,09:00,5,8,Signalling,1,26,7,8,0,0.96
BLK1738,2025-11-14,SEC050,07:00,12:00,5,7,Engineering,15,23,2,7,2,0.31
BLK1739,2025-02-18,SEC071,19:00,23:00,4,9,Signalling,15,77,3,9,0,0.36
BLK1740,2025-07-15,SEC034,05:00,08:00,3,1,"Engineering,Traction",15,104,0,1,0,0.51
BLK1741,2025-03-27,SEC040,15:00,17:00,2,5,"Engineering,Signalling",14,76,2,5,3,0.42
BLK1742,2025-02-01,SEC071,06:00,08:00,2,2,"Engineering,Traction,Signalling",0,30,1,2,1,0.92
BLK1743,2025-12-24,SEC063,03:00,04:00,1,8,"Traction,Signalling",3,9,7,8,1,0.9
BLK1744,2025-08-10,SEC022,16:00,21:00,5,6,"Traction,Signalling",2,27,4,6,1,0.76
BLK1745,2025-11-11,SEC056,10:00,12:00,2,6,"Traction,Signalling",4,7,4,6,2,0.75
BLK1746,2025-04-20,SEC030,11:00,13:00,2,5,Traction,9,109,2,5,3,0.54
BLK1747,2025-09-22,SEC064,09:00,12:00,3,5,Traction,4,10,3,5,2,0.75
BLK1748,2025-06-21,SEC059,10:00,16:00,6,5,Signalling,7,87,1,5,0,0.28
BLK1749,2025-04-17,SEC051,01:00,02:00,1,4,Traction,0,19,3,4,1,0.76
BLK1750,2025-01-07,SEC024,18:00,22:00,4,10,Engineering,14,26,3,10,0,0.36
BLK1751,2025-05-05,SEC049,17:00,19:00,2,4,"Engineering,Traction,Signalling",0,24,3,4,1,0.83
BLK1752,2025-02-04,SEC043,14:00,19:00,5,4,Signalling,4,0,3,4,1,0.96
BLK1753,2025-08-23,SEC069,00:00,02:00,2,7,"Engineering,Traction,Signalling",2,24,6,7,0,0.95
BLK1754,2025-04-27,SEC002,13:00,14:00,1,4,Traction,2,23,3,4,0,0.79
BLK1755,2025-11-08,SEC039,04:00,08:00,4,2,"Engineering,Traction,Signalling",0,12,1,2,0,0.96
BLK1756,2025-05-16,SEC051,10:00,11:00,1,3,Traction,4,18,2,3,0,0.73
BLK1757,2025-01-02,SEC011,11:00,17:00,6,4,"Engineering,Traction",7,98,2,4,1,0.51
BLK1758,2025-12-22,SEC073,01:00,06:00,5,7,"Engineering,Signalling",13,114,3,7,4,0.47
BLK1759,2025-01-21,SEC043,06:00,07:00,1,3,"Engineering,Traction",0,8,2,3,1,0.86
BLK1760,2025-04-26,SEC071,12:00,15:00,3,5,"Engineering,Traction",3,56,1,5,2,0.34
BLK1761,2025-05-01,SEC031,16:00,18:00,2,8,"Engineering,Traction,Signalling",4,10,7,8,0,0.99
BLK1762,2025-07-27,SEC032,17:00,20:00,3,6,Signalling,2,8,5,6,0,0.98
BLK1763,2025-12-26,SEC042,05:00,07:00,2,6,"Engineering,Traction",2,17,5,6,0,0.91
BLK1764,2025-10-16,SEC066,00:00,04:00,4,4,Signalling,11,38,1,4,0,0.49
BLK1765,2025-07-19,SEC007,17:00,23:00,6,6,Engineering,11,52,1,6,2,0.29
BLK1766,2025-05-13,SEC002,18:00,22:00,4,6,Engineering,12,77,1,6,0,0.26
BLK1767,2025-05-19,SEC056,19:00,21:00,2,5,Traction,6,60,1,5,2,0.25
BLK1768,2025-10-04,SEC008,11:00,13:00,2,6,"Traction,Signalling",4,2,5,6,0,0.89
BLK1769,2025-12-06,SEC051,15:00,16:00,1,6,Signalling,0,14,5,6,1,0.89
BLK1770,2025-05-13,SEC056,06:00,12:00,6,2,Engineering,10,97,0,2,2,0.29
BLK1771,2025-03-10,SEC031,19:00,20:00,1,7,Traction,0,6,5,7,1,0.72
BLK1772,2025-02-10,SEC058,05:00,07:00,2,5,Engineering,4,0,4,5,1,0.94
BLK1773,2025-02-16,SEC019,13:00,16:00,3,6,Traction,3,25,4,6,0,0.71
BLK1774,2025-08-24,SEC044,09:00,14:00,5,6,"Engineering,Traction,Signalling",4,29,4,6,0,0.82
BLK1775,2025-06-21,SEC044,18:00,23:00,5,5,"Engineering,Traction,Signalling",13,39,1,5,1,0.29
BLK1776,2025-12-20,SEC039,08:00,10:00,2,9,"Engineering,Signalling",3,49,2,9,6,0.33
BLK1777,2025-02-19,SEC012,00:00,03:00,3,8,"Engineering,Signalling",1,21,7,8,0,0.99
BLK1778,2025-11-14,SEC030,13:00,16:00,3,10,"Engineering,Traction,Signalling",4,56,2,10,3,0.25
BLK1779,2025-07-22,SEC026,13:00,17:00,4,2,"Traction,Signalling",2,25,1,2,0,0.76
BLK1780,2025-06-03,SEC017,07:00,12:00,5,7,"Engineering,Signalling",2,18,6,7,1,0.92
BLK1781,2025-11-06,SEC058,04:00,07:00,3,3,Signalling,13,24,1,3,2,0.52
BLK1782,2025-11-19,SEC016,08:00,11:00,3,6,Traction,3,3,4,6,1,0.72
BLK1783,2025-11-22,SEC008,18:00,19:00,1,7,"Traction,Signalling",3,7,5,7,0,0.85
BLK1784,2025-12-01,SEC054,09:00,11:00,2,2,Signalling,11,39,0,2,0,0.32
BLK1785,2025-04-14,SEC061,11:00,16:00,5,8,"Engineering,Signalling",4,6,7,8,0,0.91
BLK1786,2025-08-01,SEC053,08:00,13:00,5,6,Signalling,3,14,5,6,0,0.92
BLK1787,2025-12-09,SEC069,13:00,14:00,1,3,"Engineering,Traction,Signalling",2,13,2,3,0,0.88
BLK1788,2025-05-23,SEC017,05:00,08:00,3,8,Signalling,11,48,3,8,2,0.41
BLK1789,2025-09-27,SEC036,06:00,11:00,5,9,"Traction,Signalling",4,43,4,9,5,0.53
BLK1790,2025-08-02,SEC025,01:00,04:00,3,1,"Engineering,Traction",7,97,0,1,1,0.35
BLK1791,2025-07-21,SEC031,15:00,19:00,4,10,"Engineering,Traction,Signalling",5,110,4,10,0,0.48
BLK1792,2025-09-21,SEC031,17:00,19:00,2,1,"Engineering,Signalling",8,120,0,1,1,0.54
BLK1793,2025-04-19,SEC038,08:00,10:00,2,5,Traction,1,25,3,5,2,0.74
BLK1794,2025-03-06,SEC007,14:00,17:00,3,6,"Traction,Signalling",3,17,5,6,0,0.87
BLK1795,2025-06-14,SEC006,10:00,16:00,6,10,Signalling,13,78,4,10,4,0.44
BLK1796,2025-12-27,SEC024,13:00,17:00,4,6,Traction,1,17,4,6,0,0.8
BLK1797,2025-08-09,SEC057,13:00,15:00,2,6,"Engineering,Signalling",3,29,4,6,2,0.75
BLK1798,2025-01-02,SEC069,07:00,09:00,2,1,"Traction,Signalling",6,44,0,1,1,0.5
BLK1799,2025-01-15,SEC033,09:00,10:00,1,3,"Engineering,Traction",4,16,2,3,0,0.75
BLK1800,2025-07-17,SEC048,19:00,21:00,2,5,Signalling,3,1,4,5,0,0.97
BLK1801,2025-03-12,SEC048,08:00,12:00,4,6,"Engineering,Traction,Signalling",1,27,4,6,0,0.72
BLK1802,2025-07-16,SEC018,03:00,07:00,4,4,Traction,11,118,0,4,0,0.24
BLK1803,2025-05-03,SEC005,11:00,16:00,5,2,"Traction,Signalling",1,27,1,2,0,0.85
BLK1804,2025-02-11,SEC008,06:00,08:00,2,2,"Traction,Signalling",3,12,1,2,1,0.74
BLK1805,2025-03-21,SEC014,16:00,20:00,4,7,Engineering,0,28,5,7,0,0.83
BLK1806,2025-04-09,SEC042,12:00,13:00,1,7,Engineering,3,18,5,7,1,0.8
BLK1807,2025-11-06,SEC028,02:00,04:00,2,9,"Engineering,Traction,Signalling",13,92,4,9,1,0.48
BLK1808,2025-08-03,SEC036,07:00,10:00,3,7,Traction,4,15,5,7,2,0.84
BLK1809,2025-03-20,SEC018,14:00,17:00,3,5,"Engineering,Signalling",3,4,4,5,0,0.86
BLK1810,2025-03-12,SEC055,12:00,13:00,1,5,Engineering,1,22,4,5,0,0.96
BLK1811,2025-06-15,SEC030,18:00,21:00,3,8,Signalling,11,99,1,8,0,0.2
BLK1812,2025-10-23,SEC046,03:00,07:00,4,6,"Engineering,Traction,Signalling",10,81,1,6,5,0.27
BLK1813,2025-09-03,SEC003,02:00,07:00,5,5,Traction,0,3,4,5,1,0.81
BLK1814,2025-04-23,SEC075,00:00,05:00,5,2,"Engineering,Traction",4,19,1,2,0,0.74
BLK1815,2025-10-26,SEC020,08:00,13:00,5,1,Traction,10,117,0,1,0,0.48
BLK1816,2025-02-03,SEC001,11:00,17:00,6,9,"Engineering,Traction,Signalling",3,25,1,9,8,0.19
BLK1817,2025-08-21,SEC011,11:00,12:00,1,8,"Engineering,Signalling",1,21,7,8,1,0.97
BLK1818,2025-06-16,SEC039,14:00,19:00,5,7,"Engineering,Traction,Signalling",0,11,4,7,1,0.71
BLK1819,2025-05-16,SEC055,05:00,08:00,3,2,"Traction,Signalling",3,83,0,2,0,0.42
BLK1820,2025-08-25,SEC063,11:00,13:00,2,6,Traction,1,16,5,6,1,0.93
BLK1821,2025-07-18,SEC041,05:00,06:00,1,6,"Engineering,Signalling",0,28,5,6,0,0.89
BLK1822,2025-12-21,SEC045,07:00,08:00,1,2,"Engineering,Traction,Signalling",0,12,1,2,0,0.99
BLK1823,2025-08-11,SEC070,16:00,18:00,2,6,"Engineering,Traction",0,2,4,6,1,0.82
BLK1824,2025-10-22,SEC008,00:00,06:00,6,2,"Traction,Signalling",13,40,0,2,2,0.22
BLK1825,2025-01-03,SEC067,05:00,09:00,4,8,"Traction,Signalling",2,19,6,8,0,0.87
BLK1826,2025-02-01,SEC043,07:00,10:00,3,3,Traction,2,28,2,3,1,0.92
BLK1827,2025-01-02,SEC035,14:00,16:00,2,6,"Engineering,Signalling",11,48,1,6,2,0.25
BLK1828,2025-01-19,SEC068,11:00,16:00,5,9,"Engineering,Signalling",5,101,4,9,0,0.45
BLK1829,2025-07-21,SEC005,10:00,12:00,2,6,Engineering,0,27,5,6,0,0.94
BLK1830,2025-08-22,SEC014,20:00,23:00,3,8,"Engineering,Signalling",1,26,6,8,1,0.76
BLK1831,2025-06-05,SEC026,16:00,20:00,4,5,Engineering,0,1,4,5,0,0.97
BLK1832,2025-05-14,SEC056,06:00,11:00,5,8,Engineering,0,20,7,8,1,0.97
BLK1833,2025-10-07,SEC013,13:00,14:00,1,6,"Engineering,Traction,Signalling",1,1,5,6,0,0.94
BLK1834,2025-06-22,SEC059,10:00,12:00,2,7,Engineering,3,22,5,7,2,0.84
BLK1835,2025-10-27,SEC045,05:00,10:00,5,4,"Engineering,Traction,Signalling",12,112,1,4,1,0.38
BLK1836,2025-02-07,SEC024,20:00,23:00,3,9,"Traction,Signalling",5,67,2,9,2,0.3
BLK1837,2025-01-26,SEC049,05:00,10:00,5,3,Engineering,4,93,0,3,3,0.21
BLK1838,2025-02-13,SEC002,11:00,16:00,5,7,"Engineering,Traction",1,5,5,7,2,0.74
BLK1839,2025-07-15,SEC039,06:00,12:00,6,10,Signalling,11,29,4,10,5,0.49
BLK1840,2025-09-20,SEC027,17:00,21:00,4,7,"Engineering,Signalling",1,19,5,7,2,0.8
BLK1841,2025-03-13,SEC054,17:00,23:00,6,10,Engineering,12,41,4,10,6,0.4
BLK1842,2025-04-17,SEC004,18:00,20:00,2,4,Engineering,0,15,3,4,1,0.85
BLK1843,2025-12-27,SEC037,20:00,21:00,1,5,"Traction,Signalling",4,14,3,5,2,0.72
BLK1844,2025-05-22,SEC031,00:00,02:00,2,7,"Traction,Signalling",2,6,4,7,1,0.71
BLK1845,2025-12-21,SEC058,05:00,10:00,5,8,"Engineering,Traction,Signalling",10,44,1,8,5,0.24
BLK1846,2025-08-07,SEC045,11:00,15:00,4,4,"Engineering,Traction",3,40,1,4,0,0.34
BLK1847,2025-08-13,SEC071,11:00,15:00,4,7,"Traction,Signalling",4,28,5,7,2,0.81
BLK1848,2025-01-10,SEC037,00:00,06:00,6,1,Engineering,15,36,0,1,1,0.21
BLK1849,2025-06-23,SEC027,10:00,15:00,5,6,Engineering,2,22,5,6,1,0.9
BLK1850,2025-03-17,SEC002,03:00,04:00,1,3,Traction,1,20,2,3,1,0.81
BLK1851,2025-06-21,SEC060,01:00,06:00,5,7,"Traction,Signalling",11,22,1,7,0,0.26
BLK1852,2025-09-14,SEC032,05:00,07:00,2,2,Signalling,3,6,1,2,1,0.98
BLK1853,2025-02-06,SEC029,08:00,10:00,2,1,"Engineering,Traction,Signalling",11,25,0,1,0,0.33
BLK1854,2025-02-06,SEC053,00:00,01:00,1,8,"Traction,Signalling",2,15,7,8,0,0.93
BLK1855,2025-01-13,SEC024,17:00,19:00,2,4,"Engineering,Traction,Signalling",2,1,3,4,1,0.75
BLK1856,2025-07-15,SEC003,07:00,10:00,3,2,"Engineering,Traction,Signalling",4,26,1,2,1,0.73
BLK1857,2025-02-10,SEC058,14:00,16:00,2,8,Traction,0,1,6,8,2,0.77
BLK1858,2025-02-22,SEC010,03:00,07:00,4,4,Traction,4,29,3,4,1,0.89
BLK1859,2025-10-21,SEC071,07:00,12:00,5,7,"Engineering,Traction,Signalling",11,20,1,7,1,0.27
BLK1860,2025-10-22,SEC071,12:00,14:00,2,2,Signalling,3,3,1,2,1,0.98
BLK1861,2025-03-03,SEC059,12:00,14:00,2,7,Traction,0,12,5,7,0,0.84
BLK1862,2025-05-18,SEC039,05:00,10:00,5,4,"Traction,Signalling",9,25,2,4,1,0.5
BLK1863,2025-02-27,SEC023,15:00,18:00,3,2,"Engineering,Signalling",9,50,0,2,2,0.19
BLK1864,2025-07-15,SEC001,19:00,23:00,4,6,"Engineering,Traction",1,16,5,6,1,0.96
BLK1865,2025-09-03,SEC047,05:00,06:00,1,2,Signalling,1,4,1,2,1,0.8
BLK1866,2025-12-10,SEC072,20:00,23:00,3,10,Engineering,15,35,3,10,2,0.34
BLK1867,2025-01-27,SEC001,17:00,23:00,6,7,"Traction,Signalling",15,56,2,7,1,0.32
BLK1868,2025-08-24,SEC061,17:00,20:00,3,9,"Engineering,Traction",10,41,1,9,5,0.2
BLK1869,2025-10-08,SEC005,12:00,18:00,6,7,"Engineering,Traction",14,80,1,7,6,0.18
BLK1870,2025-05-15,SEC030,19:00,20:00,1,4,Signalling,4,4,3,4,1,0.79
BLK1871,2025-06-16,SEC049,03:00,06:00,3,2,Engineering,11,112,0,2,0,0.4
BLK1872,2025-07-06,SEC024,09:00,13:00,4,2,Traction,4,17,1,2,1,0.94
BLK1873,2025-09-06,SEC013,16:00,19:00,3,3,Signalling,15,26,0,3,3,0.23
BLK1874,2025-08-04,SEC031,15:00,16:00,1,7,"Traction,Signalling",4,16,6,7,1,0.93
BLK1875,2025-12-26,SEC065,08:00,12:00,4,5,"Engineering,Traction",1,16,4,5,1,0.91
BLK1876,2025-06-02,SEC075,09:00,13:00,4,2,"Traction,Signalling",8,65,0,2,2,0.35
BLK1877,2025-04-21,SEC054,03:00,07:00,4,3,"Engineering,Traction",4,23,2,3,0,0.98
BLK1878,2025-08-15,SEC066,18:00,20:00,2,9,Signalling,8,92,2,9,0,0.24
BLK1879,2025-04-11,SEC062,17:00,21:00,4,2,"Engineering,Signalling",3,1,1,2,1,0.86
BLK1880,2025-02-10,SEC070,20:00,21:00,1,3,Engineering,1,29,2,3,0,0.97
BLK1881,2025-08-16,SEC036,14:00,15:00,1,6,Signalling,2,25,5,6,0,0.93
BLK1882,2025-04-21,SEC035,04:00,07:00,3,7,"Engineering,Signalling",10,26,3,7,2,0.44
BLK1883,2025-02-23,SEC066,19:00,20:00,1,5,Traction,3,15,4,5,1,0.85
BLK1884,2025-11-12,SEC074,00:00,05:00,5,5,"Engineering,Signalling",2,5,3,5,0,0.77
BLK1885,2025-12-26,SEC017,11:00,13:00,2,5,"Traction,Signalling",3,18,4,5,0,0.97
BLK1886,2025-07-21,SEC035,01:00,03:00,2,4,"Engineering,Signalling",1,24,3,4,1,0.76
BLK1887,2025-03-07,SEC027,16:00,18:00,2,9,"Engineering,Signalling",7,106,4,9,1,0.53
BLK1888,2025-11-10,SEC075,15:00,19:00,4,6,Traction,2,21,5,6,0,0.86
BLK1889,2025-01-12,SEC057,09:00,15:00,6,8,"Traction,Signalling",4,101,2,8,2,0.31
BLK1890,2025-08-20,SEC053,14:00,19:00,5,6,"Traction,Signalling",4,5,4,6,1,0.74
BLK1891,2025-12-15,SEC016,19:00,23:00,4,3,Engineering,1,25,2,3,0,0.8
BLK1892,2025-06-27,SEC047,19:00,22:00,3,4,Signalling,2,24,3,4,1,0.83
BLK1893,2025-01-06,SEC029,01:00,06:00,5,2,"Engineering,Signalling",1,5,2,2,0,1.0
BLK1894,2025-02-14,SEC062,19:00,20:00,1,5,"Engineering,Traction",0,22,4,5,1,0.93
BLK1895,2025-09-24,SEC048,20:00,23:00,3,7,Signalling,0,5,6,7,1,0.89
BLK1896,2025-08-06,SEC025,06:00,09:00,3,8,Traction,5,107,4,8,0,0.51
BLK1897,2025-03-04,SEC011,16:00,17:00,1,6,"Traction,Signalling",1,22,5,6,1,0.89
BLK1898,2025-07-04,SEC072,19:00,23:00,4,7,"Traction,Signalling",3,46,3,7,4,0.43
BLK1899,2025-06-27,SEC065,02:00,04:00,2,4,"Engineering,Traction",1,18,3,4,1,0.8
BLK1900,2025-05-02,SEC061,01:00,03:00,2,3,"Engineering,Traction",7,76,1,3,2,0.48
BLK1901,2025-10-20,SEC059,06:00,08:00,2,2,"Engineering,Traction",4,28,1,2,0,0.79
BLK1902,2025-12-27,SEC045,17:00,22:00,5,4,"Engineering,Signalling",1,10,3,4,0,0.87
BLK1903,2025-06-19,SEC049,09:00,14:00,5,7,Signalling,12,106,3,7,3,0.45
BLK1904,2025-03-15,SEC036,07:00,10:00,3,6,Signalling,0,0,5,6,0,0.95
BLK1905,2025-04-11,SEC046,09:00,11:00,2,2,"Engineering,Signalling",2,0,1,2,0,0.93
BLK1906,2025-10-27,SEC055,09:00,11:00,2,2,"Engineering,Traction,Signalling",4,7,1,2,1,0.91
BLK1907,2025-06-22,SEC054,07:00,08:00,1,4,Traction,1,19,2,4,2,0.73
BLK1908,2025-06-04,SEC037,03:00,09:00,6,7,"Traction,Signalling",15,40,2,7,1,0.3
BLK1909,2025-09-10,SEC073,04:00,06:00,2,4,Traction,14,68,1,4,0,0.32
BLK1910,2025-08-15,SEC067,20:00,21:00,1,7,Signalling,3,1,6,7,1,0.89
BLK1911,2025-10-07,SEC031,03:00,05:00,2,6,"Traction,Signalling",1,26,4,6,1,0.77
BLK1912,2025-08-27,SEC007,16:00,20:00,4,8,Traction,2,4,5,8,3,0.73
BLK1913,2025-12-03,SEC013,19:00,22:00,3,5,"Engineering,Traction,Signalling",0,1,3,5,0,0.77
BLK1914,2025-05-13,SEC013,02:00,06:00,4,7,Traction,2,5,6,7,0,0.88
BLK1915,2025-07-06,SEC044,05:00,09:00,4,8,"Engineering,Traction,Signalling",0,8,8,8,0,1.0
BLK1916,2025-09-28,SEC045,13:00,14:00,1,3,"Engineering,Traction,Signalling",1,27,2,3,0,0.88
BLK1917,2025-07-13,SEC062,20:00,23:00,3,5,"Engineering,Signalling",13,90,2,5,2,0.4
BLK1918,2025-12-16,SEC069,16:00,21:00,5,5,"Traction,Signalling",2,11,4,5,1,0.94
BLK1919,2025-11-26,SEC013,00:00,05:00,5,7,Engineering,2,29,5,7,0,0.72
BLK1920,2025-10-22,SEC074,05:00,09:00,4,5,"Traction,Signalling",1,12,3,5,1,0.76
BLK1921,2025-10-02,SEC075,05:00,08:00,3,6,Engineering,3,4,4,6,1,0.8
BLK1922,2025-09-24,SEC027,10:00,15:00,5,7,"Traction,Signalling",1,4,6,7,0,0.91
BLK1923,2025-12-25,SEC012,14:00,16:00,2,9,"Engineering,Traction",15,113,3,9,6,0.43
BLK1924,2025-12-03,SEC067,00:00,01:00,1,2,"Engineering,Signalling",4,3,1,2,0,0.81
BLK1925,2025-01-09,SEC036,18:00,22:00,4,6,"Traction,Signalling",3,49,1,6,2,0.28
BLK1926,2025-06-16,SEC003,05:00,07:00,2,8,"Engineering,Traction",14,84,2,8,2,0.32
BLK1927,2025-03-22,SEC040,18:00,20:00,2,8,Signalling,3,0,5,8,3,0.7
BLK1928,2025-01-09,SEC062,07:00,09:00,2,2,"Traction,Signalling",12,114,0,2,1,0.24
BLK1929,2025-12-06,SEC028,18:00,21:00,3,3,"Engineering,Traction,Signalling",10,32,1,3,2,0.49
BLK1930,2025-08-11,SEC070,17:00,20:00,3,3,"Traction,Signalling",2,16,2,3,0,0.92
BLK1931,2025-06-26,SEC051,18:00,23:00,5,5,Traction,11,100,1,5,0,0.3
BLK1932,2025-08-15,SEC056,17:00,21:00,4,6,Signalling,1,25,4,6,2,0.82
BLK1933,2025-02-18,SEC022,09:00,12:00,3,8,Traction,12,52,2,8,2,0.35
BLK1934,2025-08-09,SEC067,04:00,06:00,2,6,Traction,4,19,5,6,0,0.98
BLK1935,2025-08-19,SEC022,19:00,23:00,4,7,"Traction,Signalling",1,16,6,7,1,0.96
BLK1936,2025-02-21,SEC021,19:00,23:00,4,5,"Traction,Signalling",4,32,1,5,4,0.38
BLK1937,2025-08-16,SEC014,19:00,21:00,2,3,"Engineering,Traction",3,4,2,3,0,0.87
BLK1938,2025-11-12,SEC065,10:00,11:00,1,4,"Engineering,Signalling",4,5,3,4,1,0.92
BLK1939,2025-08-19,SEC013,11:00,12:00,1,2,Engineering,4,28,1,2,0,0.71
BLK1940,2025-05-18,SEC038,14:00,16:00,2,6,Engineering,14,114,1,6,2,0.29
BLK1941,2025-09-07,SEC051,15:00,20:00,5,8,"Engineering,Traction,Signalling",0,3,7,8,1,0.97
BLK1942,2025-03-01,SEC064,15:00,19:00,4,3,"Engineering,Traction,Signalling",0,22,2,3,0,0.78
BLK1943,2025-03-04,SEC057,19:00,22:00,3,4,"Engineering,Traction,Signalling",0,6,3,4,0,0.95
BLK1944,2025-09-07,SEC038,11:00,15:00,4,1,"Engineering,Traction,Signalling",11,114,0,1,1,0.33
BLK1945,2025-10-17,SEC021,04:00,08:00,4,3,"Traction,Signalling",1,11,2,3,0,0.88
BLK1946,2025-06-23,SEC039,14:00,17:00,3,3,"Engineering,Traction,Signalling",2,2,2,3,1,0.89
BLK1947,2025-09-17,SEC046,07:00,11:00,4,5,"Engineering,Traction",0,4,4,5,1,0.99
BLK1948,2025-07-07,SEC067,13:00,14:00,1,4,"Engineering,Traction,Signalling",0,30,3,4,0,0.77
BLK1949,2025-10-12,SEC011,14:00,16:00,2,6,"Engineering,Signalling",4,29,4,6,1,0.8
BLK1950,2025-05-27,SEC071,09:00,12:00,3,6,Signalling,1,22,5,6,0,0.88
BLK1951,2025-11-08,SEC063,14:00,19:00,5,6,"Engineering,Traction",1,5,4,6,1,0.74
BLK1952,2025-08-03,SEC041,02:00,06:00,4,8,"Engineering,Traction",2,14,7,8,1,0.99
BLK1953,2025-03-21,SEC015,02:00,03:00,1,4,Signalling,1,17,3,4,0,0.86
BLK1954,2025-09-12,SEC067,11:00,16:00,5,2,"Engineering,Traction,Signalling",1,19,1,2,1,0.86
BLK1955,2025-07-18,SEC045,07:00,08:00,1,8,"Engineering,Signalling",0,7,5,8,2,0.71
BLK1956,2025-02-08,SEC038,17:00,18:00,1,8,"Engineering,Signalling",3,12,6,8,0,0.76
BLK1957,2025-12-16,SEC058,04:00,06:00,2,3,"Traction,Signalling",0,27,2,3,0,0.95
BLK1958,2025-11-22,SEC031,11:00,14:00,3,7,Signalling,3,24,6,7,0,0.92
BLK1959,2025-08-19,SEC040,20:00,23:00,3,6,Traction,8,52,1,6,5,0.19
BLK1960,2025-02-22,SEC057,12:00,14:00,2,9,Signalling,4,86,2,9,1,0.25
BLK1961,2025-12-01,SEC040,05:00,06:00,1,8,"Engineering,Signalling",2,19,5,8,1,0.74
BLK1962,2025-12-21,SEC062,18:00,22:00,4,2,Engineering,4,20,1,2,1,0.77
BLK1963,2025-05-22,SEC026,04:00,08:00,4,7,Signalling,13,32,3,7,0,0.46
BLK1964,2025-04-26,SEC052,16:00,18:00,2,6,"Traction,Signalling",3,7,5,6,0,0.99
BLK1965,2025-02-23,SEC029,15:00,18:00,3,1,Traction,4,120,0,1,1,0.47
BLK1966,2025-03-28,SEC061,14:00,16:00,2,4,"Engineering,Traction,Signalling",3,17,3,4,1,0.75
BLK1967,2025-09-07,SEC075,07:00,10:00,3,2,"Engineering,Signalling",14,72,0,2,1,0.37
BLK1968,2025-02-07,SEC020,06:00,09:00,3,8,"Engineering,Signalling",1,17,6,8,2,0.81
BLK1969,2025-04-22,SEC047,06:00,10:00,4,7,"Engineering,Signalling",14,43,2,7,2,0.34
BLK1970,2025-06-18,SEC060,12:00,17:00,5,1,"Engineering,Traction,Signalling",11,82,0,1,0,0.42
BLK1971,2025-10-24,SEC056,18:00,20:00,2,5,"Engineering,Signalling",2,28,4,5,1,0.98
BLK1972,2025-12-05,SEC051,03:00,05:00,2,8,"Engineering,Traction,Signalling",0,14,6,8,0,0.81
BLK1973,2025-07-15,SEC070,13:00,17:00,4,6,Engineering,0,13,4,6,0,0.75
BLK1974,2025-06-05,SEC037,15:00,18:00,3,8,"Engineering,Signalling",0,12,6,8,1,0.83
BLK1975,2025-10-20,SEC037,09:00,12:00,3,5,Traction,6,82,0,5,1,0.18
BLK1976,2025-12-24,SEC069,06:00,08:00,2,6,Signalling,1,20,4,6,1,0.72
BLK1977,2025-11-14,SEC049,01:00,06:00,5,8,"Engineering,Traction,Signalling",1,11,5,8,3,0.73
BLK1978,2025-10-21,SEC041,05:00,11:00,6,7,Engineering,10,31,2,7,5,0.32
BLK1979,2025-09-28,SEC024,07:00,12:00,5,6,"Engineering,Traction,Signalling",1,15,5,6,0,0.95
BLK1980,2025-08-28,SEC065,08:00,09:00,1,8,"Engineering,Signalling",0,14,6,8,0,0.76
BLK1981,2025-01-24,SEC074,07:00,13:00,6,8,Engineering,12,23,3,8,5,0.43
BLK1982,2025-04-21,SEC015,04:00,10:00,6,9,Engineering,10,120,2,9,1,0.3
BLK1983,2025-07-04,SEC038,04:00,05:00,1,8,Engineering,4,11,6,8,1,0.79
BLK1984,2025-04-20,SEC075,06:00,08:00,2,9,"Engineering,Traction",9,43,1,9,0,0.16
BLK1985,2025-10-24,SEC012,08:00,13:00,5,6,Traction,0,3,4,6,2,0.76
BLK1986,2025-08-11,SEC018,15:00,17:00,2,7,"Engineering,Signalling",4,12,5,7,0,0.8
BLK1987,2025-06-22,SEC010,07:00,09:00,2,5,Traction,6,72,1,5,2,0.29
BLK1988,2025-10-14,SEC070,14:00,16:00,2,5,Traction,10,25,1,5,1,0.34
BLK1989,2025-01-02,SEC001,10:00,11:00,1,3,"Traction,Signalling",3,17,2,3,1,0.78
BLK1990,2025-05-04,SEC040,06:00,08:00,2,8,"Engineering,Traction,Signalling",5,22,2,8,2,0.34
BLK1991,2025-05-27,SEC047,02:00,03:00,1,6,Engineering,1,5,5,6,0,0.97
BLK1992,2025-07-04,SEC044,04:00,06:00,2,4,"Engineering,Traction",2,18,3,4,1,0.96
BLK1993,2025-09-18,SEC016,01:00,03:00,2,1,Engineering,11,51,0,1,1,0.24
BLK1994,2025-04-28,SEC022,16:00,19:00,3,6,Engineering,3,13,5,6,1,0.99
BLK1995,2025-01-22,SEC016,08:00,13:00,5,7,Signalling,4,77,1,7,3,0.2
BLK1996,2025-10-03,SEC069,03:00,07:00,4,3,"Engineering,Traction",4,75,1,3,2,0.4
BLK1997,2025-12-11,SEC071,09:00,14:00,5,7,Traction,0,20,6,7,0,0.95
BLK1998,2025-10-15,SEC069,16:00,20:00,4,6,"Traction,Signalling",2,21,4,6,1,0.73
BLK1999,2025-04-16,SEC073,18:00,22:00,4,6,"Engineering,Traction,Signalling",6,59,2,6,1,0.47
BLK2000,2025-01-09,SEC028,07:00,12:00,5,3,Signalling,9,31,1,3,1,0.39
