task_id,asset_id,section_id,asset_type,task_type,defect_type,severity,criticality,inspection_date,reported_date,due_date,estimated_duration_hours,required_team_size,safety_impact,status,signal_block_required
SIG0001,AST0855,SEC030,Level Crossing Equipment,Interlocking Test,Signal interlocking mismatch,4,LOW,2025-01-05,2025-01-08,2025-02-12,10.7,7,LOW,Pending,False
SIG0002,AST0779,SEC029,Axle Counter,Communication Equipment Repair,Fiber break,3,MEDIUM,2025-02-06,2025-02-09,2025-02-24,12.0,10,MEDIUM,Pending,False
SIG0003,AST0818,SEC068,Track Circuit,Point Machine Servicing,Lock bar defect,4,LOW,2025-12-08,2025-12-08,2026-01-02,12.0,3,LOW,Completed,True
SIG0004,AST0822,SEC072,Communication Equipment,Point Machine Servicing,Motor fault,1,CRITICAL,2025-05-08,2025-05-08,2025-05-14,11.0,5,HIGH,Completed,True
SIG0005,AST0997,SEC022,Relay,Interlocking Test,Logic error,4,LOW,2025-04-04,2025-04-07,2025-05-18,9.6,4,LOW,Completed,True
SIG0006,AST0953,SEC053,Point Machine,Level Crossing Maintenance,Lighting defect,1,CRITICAL,2025-03-18,2025-03-18,2025-03-24,6.6,4,HIGH,Scheduled,True
SIG0007,AST0891,SEC066,Axle Counter,Communication Equipment Repair,Fiber break,3,MEDIUM,2025-09-16,2025-09-17,2025-10-14,9.4,9,MEDIUM,Completed,False
SIG0008,AST0795,SEC045,Axle Counter,Track Circuit Maintenance,Feed-end issue,3,MEDIUM,2025-05-09,2025-05-11,2025-05-30,9.3,2,MEDIUM,Completed,False
SIG0009,AST0826,SEC001,Track Circuit,Signal Inspection,Lamp failure,3,MEDIUM,2025-07-08,2025-07-11,2025-07-27,5.3,11,MEDIUM,Cancelled,True
SIG0010,AST0750,SEC075,Communication Equipment,Interlocking Test,Logic error,3,MEDIUM,2025-01-19,2025-01-21,2025-02-13,4.8,8,MEDIUM,In Progress,False
SIG0011,AST0809,SEC059,Point Machine,Communication Equipment Repair,OFC splice loss,5,LOW,2025-01-30,2025-02-02,2025-03-29,11.5,8,LOW,Pending,True
SIG0012,AST0701,SEC026,Relay,Track Circuit Maintenance,Bonding defect,4,LOW,2025-01-25,2025-01-27,2025-02-25,9.6,4,LOW,Completed,False
SIG0013,AST0831,SEC006,Level Crossing Equipment,Relay Replacement,Coil failure,4,LOW,2025-10-14,2025-10-15,2025-12-11,5.5,2,LOW,Scheduled,False
SIG0014,AST0916,SEC016,Interlocking,Interlocking Test,Logic error,4,LOW,2025-02-23,2025-02-25,2025-04-22,11.0,5,LOW,Pending,True
SIG0015,AST0967,SEC067,Level Crossing Equipment,Signal Inspection,Signal post tilt,3,MEDIUM,2025-10-01,2025-10-04,2025-11-03,7.6,5,MEDIUM,In Progress,False
SIG0016,AST0884,SEC059,Interlocking,Interlocking Test,Logic error,3,MEDIUM,2025-09-23,2025-09-26,2025-10-21,4.1,12,MEDIUM,Completed,True
SIG0017,AST0723,SEC048,Axle Counter,Interlocking Test,Route locking fault,4,LOW,2025-11-04,2025-11-07,2025-12-16,6.8,7,LOW,Completed,False
SIG0018,AST0946,SEC046,Track Circuit,Track Circuit Maintenance,Insulation failure,2,HIGH,2025-10-27,2025-10-28,2025-11-04,8.7,12,HIGH,Completed,True
SIG0019,AST0978,SEC003,Track Circuit,Signal Inspection,Lamp failure,4,LOW,2025-11-09,2025-11-09,2025-12-21,11.6,11,LOW,Pending,True
SIG0020,AST0904,SEC004,Signal,Communication Equipment Repair,Radio fault,5,LOW,2025-09-29,2025-09-29,2025-11-30,4.3,7,LOW,In Progress,True
SIG0021,AST0919,SEC019,Level Crossing Equipment,Signal Inspection,Aspect error,4,LOW,2025-10-20,2025-10-21,2025-11-18,6.2,7,LOW,Pending,False
SIG0022,AST0958,SEC058,Communication Equipment,Interlocking Test,Signal interlocking mismatch,3,MEDIUM,2025-10-02,2025-10-03,2025-11-01,4.1,14,MEDIUM,Scheduled,False
SIG0023,AST0810,SEC060,Track Circuit,Signal Inspection,Signal post tilt,3,MEDIUM,2025-03-16,2025-03-19,2025-04-18,9.7,3,MEDIUM,Pending,True
SIG0024,AST0978,SEC003,Track Circuit,Level Crossing Maintenance,Bell failure,4,LOW,2025-02-17,2025-02-18,2025-03-17,7.3,4,LOW,Pending,True
SIG0025,AST0850,SEC025,Track Circuit,Level Crossing Maintenance,Lighting defect,2,HIGH,2025-02-03,2025-02-06,2025-02-15,5.3,4,HIGH,In Progress,True
SIG0026,AST0773,SEC023,Relay,Point Machine Servicing,Clutch slip,1,CRITICAL,2025-02-03,2025-02-06,2025-02-11,12.0,4,HIGH,Scheduled,False
SIG0027,AST0855,SEC030,Level Crossing Equipment,Track Circuit Maintenance,Feed-end issue,3,MEDIUM,2025-03-17,2025-03-18,2025-04-09,2.5,2,MEDIUM,Pending,False
SIG0028,AST0989,SEC014,Relay,Relay Replacement,Contact oxidation,3,MEDIUM,2025-11-24,2025-11-25,2025-12-17,3.0,14,MEDIUM,Scheduled,False
SIG0029,AST0783,SEC033,Level Crossing Equipment,Point Machine Servicing,Detection rod issue,4,LOW,2025-11-25,2025-11-27,2026-01-02,9.7,14,LOW,In Progress,True
SIG0030,AST0857,SEC032,Point Machine,Signal Inspection,Aspect error,3,MEDIUM,2025-07-31,2025-08-03,2025-08-27,8.4,4,MEDIUM,In Progress,True
SIG0031,AST0767,SEC017,Level Crossing Equipment,Track Circuit Maintenance,Bonding defect,3,MEDIUM,2025-11-03,2025-11-06,2025-11-26,2.5,10,MEDIUM,Pending,True
SIG0032,AST0910,SEC010,Communication Equipment,Axle Counter Calibration,Count error,3,MEDIUM,2025-01-29,2025-01-31,2025-02-24,7.8,5,MEDIUM,Completed,True
SIG0033,AST0982,SEC007,Communication Equipment,Level Crossing Maintenance,Boom barrier fault,3,MEDIUM,2025-11-17,2025-11-17,2025-12-07,5.8,7,MEDIUM,Pending,False
SIG0034,AST0829,SEC004,Relay,Interlocking Test,Logic error,2,HIGH,2025-11-18,2025-11-19,2025-11-29,8.3,13,HIGH,Scheduled,True
SIG0035,AST0831,SEC006,Level Crossing Equipment,Communication Equipment Repair,OFC splice loss,4,LOW,2025-10-09,2025-10-11,2025-11-27,11.1,6,LOW,Completed,True
SIG0036,AST0781,SEC031,Relay,Interlocking Test,Route locking fault,2,HIGH,2025-03-19,2025-03-19,2025-03-27,4.7,10,HIGH,Completed,False
SIG0037,AST0753,SEC003,Point Machine,Track Circuit Maintenance,Bonding defect,3,MEDIUM,2025-01-04,2025-01-07,2025-02-05,8.6,8,MEDIUM,Completed,True
SIG0038,AST0827,SEC002,Axle Counter,Communication Equipment Repair,Control phone failure,3,MEDIUM,2025-08-31,2025-09-03,2025-09-20,6.5,13,MEDIUM,Scheduled,False
SIG0039,AST0917,SEC017,Relay,Interlocking Test,Overlap fault,5,LOW,2025-07-14,2025-07-16,2025-09-11,10.8,5,LOW,Completed,False
SIG0040,AST0737,SEC062,Point Machine,Track Circuit Maintenance,Feed-end issue,5,LOW,2025-10-04,2025-10-07,2025-12-10,2.0,13,LOW,Pending,True
SIG0041,AST0814,SEC064,Communication Equipment,Level Crossing Maintenance,Lighting defect,5,LOW,2025-08-10,2025-08-13,2025-10-17,7.8,10,LOW,Cancelled,False
SIG0042,AST0894,SEC069,Communication Equipment,Point Machine Servicing,Detection rod issue,4,LOW,2025-04-17,2025-04-20,2025-05-22,1.6,8,LOW,Completed,True
SIG0043,AST0964,SEC064,Interlocking,Relay Replacement,Contact oxidation,4,LOW,2025-01-18,2025-01-20,2025-03-15,1.3,8,LOW,In Progress,True
SIG0044,AST0827,SEC002,Axle Counter,Interlocking Test,Overlap fault,5,LOW,2025-03-31,2025-03-31,2025-05-29,9.7,6,LOW,Completed,False
SIG0045,AST0978,SEC003,Track Circuit,Communication Equipment Repair,Control phone failure,1,CRITICAL,2025-09-15,2025-09-16,2025-09-23,8.4,4,HIGH,Completed,True
SIG0046,AST0985,SEC010,Point Machine,Communication Equipment Repair,OFC splice loss,3,MEDIUM,2025-03-05,2025-03-05,2025-03-25,7.4,11,MEDIUM,Completed,True
SIG0047,AST0859,SEC034,Axle Counter,Relay Replacement,Timing drift,3,MEDIUM,2025-05-09,2025-05-10,2025-06-06,10.5,6,MEDIUM,Scheduled,False
SIG0048,AST0977,SEC002,Point Machine,Axle Counter Calibration,Cable fault,3,MEDIUM,2025-09-21,2025-09-22,2025-10-10,9.1,5,MEDIUM,Completed,True
SIG0049,AST0844,SEC019,Interlocking,Point Machine Servicing,Motor fault,5,LOW,2025-05-11,2025-05-13,2025-07-09,2.6,4,LOW,Completed,True
SIG0050,AST0801,SEC051,Point Machine,Level Crossing Maintenance,Bell failure,4,LOW,2025-05-26,2025-05-28,2025-07-04,3.1,13,LOW,Cancelled,True
SIG0051,AST0747,SEC072,Axle Counter,Relay Replacement,Contact oxidation,2,HIGH,2025-04-30,2025-05-02,2025-05-16,6.6,14,HIGH,Pending,True
SIG0052,AST0897,SEC072,Point Machine,Relay Replacement,Contact oxidation,3,MEDIUM,2025-12-21,2025-12-21,2026-01-07,3.0,5,MEDIUM,Completed,True
SIG0053,AST0985,SEC010,Point Machine,Axle Counter Calibration,Count error,3,MEDIUM,2025-01-27,2025-01-30,2025-02-27,3.8,15,MEDIUM,Completed,True
SIG0054,AST0859,SEC034,Axle Counter,Point Machine Servicing,Motor fault,4,LOW,2025-03-14,2025-03-16,2025-04-13,10.8,14,LOW,Scheduled,False
SIG0055,AST0750,SEC075,Communication Equipment,Point Machine Servicing,Detection rod issue,4,LOW,2025-08-10,2025-08-13,2025-09-21,10.7,7,LOW,Pending,True
SIG0056,AST0824,SEC074,Signal,Track Circuit Maintenance,Receiver fault,2,HIGH,2025-09-02,2025-09-03,2025-09-11,6.7,15,HIGH,Scheduled,True
SIG0057,AST0842,SEC017,Track Circuit,Communication Equipment Repair,Control phone failure,1,CRITICAL,2025-09-16,2025-09-18,2025-09-22,5.0,6,HIGH,Scheduled,True
SIG0058,AST0787,SEC037,Axle Counter,Axle Counter Calibration,Count error,3,MEDIUM,2025-06-05,2025-06-07,2025-06-30,9.3,2,MEDIUM,Cancelled,True
SIG0059,AST0758,SEC008,Communication Equipment,Level Crossing Maintenance,Bell failure,3,MEDIUM,2025-06-28,2025-06-30,2025-07-30,7.1,12,MEDIUM,Cancelled,False
SIG0060,AST0923,SEC023,Axle Counter,Track Circuit Maintenance,Bonding defect,1,CRITICAL,2025-11-11,2025-11-11,2025-11-14,2.4,12,HIGH,Cancelled,False
SIG0061,AST0934,SEC034,Communication Equipment,Interlocking Test,Route locking fault,4,LOW,2025-02-20,2025-02-23,2025-03-27,10.8,6,LOW,Scheduled,False
SIG0062,AST0949,SEC049,Relay,Point Machine Servicing,Detection rod issue,3,MEDIUM,2025-10-11,2025-10-11,2025-10-26,6.0,15,MEDIUM,Scheduled,False
SIG0063,AST0867,SEC042,Axle Counter,Communication Equipment Repair,Radio fault,1,CRITICAL,2025-08-22,2025-08-22,2025-08-28,11.8,8,HIGH,Cancelled,True
SIG0064,AST0985,SEC010,Point Machine,Level Crossing Maintenance,Gate motor issue,2,HIGH,2025-04-25,2025-04-28,2025-05-07,2.3,11,HIGH,Completed,True
SIG0065,AST0964,SEC064,Interlocking,Axle Counter Calibration,Reset failure,4,LOW,2025-03-25,2025-03-27,2025-05-09,11.6,13,LOW,Completed,True
SIG0066,AST0966,SEC066,Communication Equipment,Level Crossing Maintenance,Bell failure,3,MEDIUM,2025-03-30,2025-03-31,2025-04-15,3.0,6,MEDIUM,Completed,False
SIG0067,AST0827,SEC002,Axle Counter,Axle Counter Calibration,Reset failure,3,MEDIUM,2025-05-29,2025-05-29,2025-06-12,5.2,4,MEDIUM,Pending,False
SIG0068,AST0906,SEC006,Track Circuit,Interlocking Test,Logic error,2,HIGH,2025-06-23,2025-06-26,2025-07-10,7.6,13,HIGH,Scheduled,True
SIG0069,AST0912,SEC012,Signal,Track Circuit Maintenance,Bonding defect,4,LOW,2025-02-01,2025-02-03,2025-03-07,9.0,6,LOW,Pending,True
SIG0070,AST0706,SEC031,Track Circuit,Interlocking Test,Route locking fault,3,MEDIUM,2025-03-16,2025-03-16,2025-04-03,4.3,8,MEDIUM,Completed,True
SIG0071,AST0741,SEC066,Relay,Point Machine Servicing,Clutch slip,5,LOW,2025-06-02,2025-06-02,2025-07-18,8.8,13,LOW,Pending,True
SIG0072,AST0791,SEC041,Level Crossing Equipment,Communication Equipment Repair,OFC splice loss,3,MEDIUM,2025-06-10,2025-06-12,2025-06-27,7.8,9,MEDIUM,In Progress,True
SIG0073,AST0960,SEC060,Signal,Level Crossing Maintenance,Gate motor issue,3,MEDIUM,2025-01-13,2025-01-14,2025-01-29,8.9,5,MEDIUM,In Progress,True
SIG0074,AST0933,SEC033,Relay,Signal Inspection,Lens damage,3,MEDIUM,2025-05-11,2025-05-11,2025-06-04,8.7,8,MEDIUM,Completed,False
SIG0075,AST0914,SEC014,Track Circuit,Signal Inspection,Signal post tilt,4,LOW,2025-12-17,2025-12-19,2026-02-05,8.0,11,LOW,Completed,False
SIG0076,AST0784,SEC034,Signal,Signal Inspection,Aspect error,3,MEDIUM,2025-06-08,2025-06-10,2025-07-03,1.1,8,MEDIUM,Scheduled,True
SIG0077,AST0707,SEC032,Axle Counter,Track Circuit Maintenance,Insulation failure,4,LOW,2025-11-30,2025-12-02,2026-01-04,10.4,11,LOW,Completed,True
SIG0078,AST0715,SEC040,Axle Counter,Level Crossing Maintenance,Boom barrier fault,2,HIGH,2025-01-24,2025-01-24,2025-02-07,10.3,12,HIGH,Scheduled,False
SIG0079,AST0876,SEC051,Interlocking,Track Circuit Maintenance,Feed-end issue,3,MEDIUM,2025-11-13,2025-11-15,2025-12-05,9.4,6,MEDIUM,Pending,False
SIG0080,AST0827,SEC002,Axle Counter,Interlocking Test,Route locking fault,3,MEDIUM,2025-10-10,2025-10-10,2025-11-02,2.6,2,MEDIUM,Pending,True
SIG0081,AST0798,SEC048,Communication Equipment,Relay Replacement,Contact oxidation,5,LOW,2025-08-16,2025-08-18,2025-10-06,9.8,11,LOW,Pending,True
SIG0082,AST0778,SEC028,Track Circuit,Relay Replacement,Contact oxidation,3,MEDIUM,2025-06-28,2025-06-29,2025-07-20,2.2,11,MEDIUM,Completed,True
SIG0083,AST0759,SEC009,Level Crossing Equipment,Level Crossing Maintenance,Lighting defect,4,LOW,2025-08-25,2025-08-25,2025-10-08,7.2,9,LOW,Cancelled,False
SIG0084,AST0701,SEC026,Relay,Track Circuit Maintenance,Bonding defect,5,LOW,2025-07-02,2025-07-02,2025-09-24,10.3,10,LOW,Cancelled,True
SIG0085,AST0771,SEC021,Axle Counter,Level Crossing Maintenance,Gate motor issue,5,LOW,2025-07-27,2025-07-28,2025-10-22,4.1,4,LOW,Pending,False
SIG0086,AST0915,SEC015,Axle Counter,Relay Replacement,Timing drift,3,MEDIUM,2025-07-23,2025-07-24,2025-08-09,4.7,5,MEDIUM,Completed,False
SIG0087,AST0796,SEC046,Interlocking,Communication Equipment Repair,Fiber break,2,HIGH,2025-07-05,2025-07-05,2025-07-17,11.9,7,HIGH,Cancelled,True
SIG0088,AST0924,SEC024,Interlocking,Level Crossing Maintenance,Gate motor issue,4,LOW,2025-11-02,2025-11-03,2025-12-13,1.9,10,LOW,Pending,True
SIG0089,AST0728,SEC053,Signal,Point Machine Servicing,Clutch slip,2,HIGH,2025-01-03,2025-01-05,2025-01-14,8.1,11,HIGH,Pending,True
SIG0090,AST0816,SEC066,Signal,Axle Counter Calibration,Cable fault,4,LOW,2025-09-11,2025-09-11,2025-10-22,11.1,6,LOW,Scheduled,True
SIG0091,AST0998,SEC023,Communication Equipment,Track Circuit Maintenance,Receiver fault,3,MEDIUM,2025-11-24,2025-11-25,2025-12-25,4.0,4,MEDIUM,Pending,False
SIG0092,AST0705,SEC030,Point Machine,Signal Inspection,Aspect error,3,MEDIUM,2025-10-19,2025-10-19,2025-11-11,1.4,6,MEDIUM,Cancelled,True
SIG0093,AST0873,SEC048,Point Machine,Interlocking Test,Overlap fault,4,LOW,2025-08-13,2025-08-16,2025-10-02,7.2,13,LOW,Pending,True
SIG0094,AST0967,SEC067,Level Crossing Equipment,Track Circuit Maintenance,Receiver fault,5,LOW,2025-11-13,2025-11-14,2026-01-18,10.9,12,LOW,Pending,False
SIG0095,AST0897,SEC072,Point Machine,Communication Equipment Repair,OFC splice loss,2,HIGH,2025-06-30,2025-07-01,2025-07-15,4.1,15,HIGH,Cancelled,True
SIG0096,AST0953,SEC053,Point Machine,Interlocking Test,Overlap fault,4,LOW,2025-08-09,2025-08-11,2025-09-06,7.8,2,LOW,Pending,True
SIG0097,AST0960,SEC060,Signal,Level Crossing Maintenance,Bell failure,5,LOW,2025-08-14,2025-08-16,2025-11-09,10.6,15,LOW,Pending,True
SIG0098,AST0962,SEC062,Track Circuit,Track Circuit Maintenance,Bonding defect,2,HIGH,2025-09-11,2025-09-12,2025-09-21,5.9,12,HIGH,Scheduled,False
SIG0099,AST0701,SEC026,Relay,Axle Counter Calibration,Count error,4,LOW,2025-08-04,2025-08-05,2025-10-04,11.1,8,LOW,Completed,False
SIG0100,AST0945,SEC045,Point Machine,Interlocking Test,Signal interlocking mismatch,3,MEDIUM,2025-10-25,2025-10-25,2025-11-19,10.0,10,MEDIUM,Completed,True
SIG0101,AST0835,SEC010,Axle Counter,Interlocking Test,Route locking fault,3,MEDIUM,2025-06-09,2025-06-10,2025-07-10,4.4,9,MEDIUM,Pending,True
SIG0102,AST0791,SEC041,Level Crossing Equipment,Axle Counter Calibration,Count error,3,MEDIUM,2025-07-11,2025-07-11,2025-08-04,4.3,4,MEDIUM,Pending,False
SIG0103,AST0928,SEC028,Signal,Communication Equipment Repair,Radio fault,3,MEDIUM,2025-07-30,2025-08-01,2025-08-31,7.8,10,MEDIUM,Completed,True
SIG0104,AST0887,SEC062,Level Crossing Equipment,Track Circuit Maintenance,Bonding defect,1,CRITICAL,2025-01-22,2025-01-25,2025-01-31,7.9,10,HIGH,Completed,False
SIG0105,AST0919,SEC019,Level Crossing Equipment,Point Machine Servicing,Motor fault,3,MEDIUM,2025-04-01,2025-04-01,2025-04-20,3.6,3,MEDIUM,Scheduled,False
SIG0106,AST0828,SEC003,Interlocking,Interlocking Test,Signal interlocking mismatch,4,LOW,2025-05-08,2025-05-10,2025-06-19,2.5,12,LOW,Pending,False
SIG0107,AST0918,SEC018,Communication Equipment,Axle Counter Calibration,Count error,3,MEDIUM,2025-11-26,2025-11-29,2025-12-28,5.4,4,MEDIUM,Completed,True
SIG0108,AST0859,SEC034,Axle Counter,Level Crossing Maintenance,Lighting defect,3,MEDIUM,2025-05-15,2025-05-16,2025-06-09,7.7,14,MEDIUM,Pending,False
SIG0109,AST0927,SEC027,Level Crossing Equipment,Level Crossing Maintenance,Lighting defect,4,LOW,2025-08-14,2025-08-15,2025-09-20,11.0,9,LOW,Scheduled,False
SIG0110,AST0801,SEC051,Point Machine,Axle Counter Calibration,Reset failure,4,LOW,2025-11-01,2025-11-03,2025-12-15,4.5,7,LOW,Pending,False
SIG0111,AST0840,SEC015,Signal,Signal Inspection,Aspect error,4,LOW,2025-11-06,2025-11-08,2025-12-19,7.8,12,LOW,In Progress,True
SIG0112,AST0757,SEC007,Relay,Relay Replacement,Contact oxidation,3,MEDIUM,2025-02-24,2025-02-26,2025-03-25,6.0,15,MEDIUM,In Progress,True
SIG0113,AST0876,SEC051,Interlocking,Track Circuit Maintenance,Feed-end issue,2,HIGH,2025-12-16,2025-12-18,2026-01-02,3.4,8,HIGH,Scheduled,False
SIG0114,AST0734,SEC059,Communication Equipment,Interlocking Test,Signal interlocking mismatch,2,HIGH,2025-08-15,2025-08-16,2025-08-25,6.9,6,HIGH,Completed,False
SIG0115,AST0728,SEC053,Signal,Relay Replacement,Timing drift,5,LOW,2025-02-27,2025-02-28,2025-05-10,10.8,2,LOW,Completed,True
SIG0116,AST0911,SEC011,Level Crossing Equipment,Level Crossing Maintenance,Gate motor issue,4,LOW,2025-08-07,2025-08-09,2025-09-17,3.1,14,LOW,Pending,True
SIG0117,AST0912,SEC012,Signal,Communication Equipment Repair,Radio fault,2,HIGH,2025-07-05,2025-07-06,2025-07-16,3.6,5,HIGH,Pending,True
SIG0118,AST0830,SEC005,Communication Equipment,Interlocking Test,Overlap fault,3,MEDIUM,2025-04-07,2025-04-07,2025-04-21,4.7,14,MEDIUM,Pending,True
SIG0119,AST0741,SEC066,Relay,Axle Counter Calibration,Count error,4,LOW,2025-07-31,2025-08-03,2025-09-02,2.0,8,LOW,Pending,False
SIG0120,AST0987,SEC012,Axle Counter,Signal Inspection,Lamp failure,2,HIGH,2025-07-12,2025-07-14,2025-07-29,8.5,14,HIGH,In Progress,False
SIG0121,AST0991,SEC016,Level Crossing Equipment,Track Circuit Maintenance,Bonding defect,2,HIGH,2025-02-13,2025-02-14,2025-02-24,2.9,4,HIGH,Completed,True
SIG0122,AST0969,SEC069,Point Machine,Communication Equipment Repair,Control phone failure,3,MEDIUM,2025-07-31,2025-08-01,2025-08-20,7.6,13,MEDIUM,Completed,False
SIG0123,AST0966,SEC066,Communication Equipment,Axle Counter Calibration,Reset failure,4,LOW,2025-11-11,2025-11-12,2026-01-09,10.8,3,LOW,Completed,True
SIG0124,AST0955,SEC055,Axle Counter,Axle Counter Calibration,Sensor misalignment,3,MEDIUM,2025-07-22,2025-07-25,2025-08-22,10.2,14,MEDIUM,Completed,False
SIG0125,AST0994,SEC019,Track Circuit,Relay Replacement,Coil failure,2,HIGH,2025-01-15,2025-01-17,2025-01-30,7.6,9,HIGH,Pending,True
SIG0126,AST0990,SEC015,Communication Equipment,Track Circuit Maintenance,Insulation failure,3,MEDIUM,2025-10-25,2025-10-26,2025-11-12,9.9,10,MEDIUM,Scheduled,False
SIG0127,AST0907,SEC007,Axle Counter,Track Circuit Maintenance,Receiver fault,3,MEDIUM,2025-09-30,2025-09-30,2025-10-20,5.1,7,MEDIUM,Scheduled,False
SIG0128,AST0962,SEC062,Track Circuit,Track Circuit Maintenance,Insulation failure,2,HIGH,2025-12-07,2025-12-08,2025-12-21,1.6,15,HIGH,Pending,True
SIG0129,AST0915,SEC015,Axle Counter,Axle Counter Calibration,Sensor misalignment,3,MEDIUM,2025-04-10,2025-04-10,2025-05-03,5.4,4,MEDIUM,Pending,False
SIG0130,AST0721,SEC046,Point Machine,Signal Inspection,Aspect error,4,LOW,2025-08-26,2025-08-27,2025-10-15,2.0,10,LOW,Completed,True
SIG0131,AST0858,SEC033,Track Circuit,Interlocking Test,Logic error,2,HIGH,2025-07-25,2025-07-26,2025-08-09,7.8,13,HIGH,Scheduled,False
SIG0132,AST0814,SEC064,Communication Equipment,Communication Equipment Repair,Fiber break,3,MEDIUM,2025-04-11,2025-04-14,2025-05-01,11.9,2,MEDIUM,Completed,False
SIG0133,AST0776,SEC026,Signal,Axle Counter Calibration,Sensor misalignment,2,HIGH,2025-10-31,2025-10-31,2025-11-09,5.6,15,HIGH,Pending,True
SIG0134,AST0884,SEC059,Interlocking,Track Circuit Maintenance,Bonding defect,4,LOW,2025-02-14,2025-02-15,2025-04-06,2.9,11,LOW,Pending,True
SIG0135,AST1000,SEC025,Signal,Point Machine Servicing,Clutch slip,3,MEDIUM,2025-02-08,2025-02-11,2025-03-07,8.1,9,MEDIUM,Completed,True
SIG0136,AST0928,SEC028,Signal,Relay Replacement,Coil failure,1,CRITICAL,2025-02-06,2025-02-08,2025-02-15,2.8,14,HIGH,Completed,True
SIG0137,AST0855,SEC030,Level Crossing Equipment,Interlocking Test,Signal interlocking mismatch,4,LOW,2025-01-27,2025-01-28,2025-02-28,10.9,5,LOW,Scheduled,False
SIG0138,AST0764,SEC014,Interlocking,Signal Inspection,Signal post tilt,1,CRITICAL,2025-05-11,2025-05-14,2025-05-18,9.5,13,HIGH,Completed,False
SIG0139,AST0952,SEC052,Signal,Signal Inspection,Signal post tilt,3,MEDIUM,2025-12-15,2025-12-18,2026-01-17,2.9,11,MEDIUM,Pending,True
SIG0140,AST0831,SEC006,Level Crossing Equipment,Point Machine Servicing,Motor fault,4,LOW,2025-01-23,2025-01-26,2025-03-22,9.5,11,LOW,Pending,False
SIG0141,AST0964,SEC064,Interlocking,Point Machine Servicing,Lock bar defect,1,CRITICAL,2025-10-01,2025-10-02,2025-10-07,1.7,2,HIGH,Scheduled,True
SIG0142,AST0725,SEC050,Relay,Axle Counter Calibration,Count error,1,CRITICAL,2025-08-03,2025-08-06,2025-08-10,9.8,3,HIGH,Completed,True
SIG0143,AST0960,SEC060,Signal,Track Circuit Maintenance,Feed-end issue,1,CRITICAL,2025-08-25,2025-08-27,2025-08-30,5.3,3,HIGH,Cancelled,True
SIG0144,AST0723,SEC048,Axle Counter,Track Circuit Maintenance,Feed-end issue,2,HIGH,2025-10-05,2025-10-08,2025-10-22,8.2,7,HIGH,Completed,True
SIG0145,AST0778,SEC028,Track Circuit,Track Circuit Maintenance,Feed-end issue,3,MEDIUM,2025-09-28,2025-09-28,2025-10-20,4.9,8,MEDIUM,Completed,True
SIG0146,AST0888,SEC063,Signal,Level Crossing Maintenance,Gate motor issue,3,MEDIUM,2025-05-18,2025-05-20,2025-06-04,6.2,12,MEDIUM,Pending,False
SIG0147,AST0826,SEC001,Track Circuit,Level Crossing Maintenance,Boom barrier fault,4,LOW,2025-07-13,2025-07-16,2025-08-12,7.8,14,LOW,Completed,False
SIG0148,AST1000,SEC025,Signal,Signal Inspection,Signal post tilt,3,MEDIUM,2025-02-19,2025-02-22,2025-03-13,7.4,10,MEDIUM,Completed,True
SIG0149,AST0727,SEC052,Level Crossing Equipment,Relay Replacement,Contact oxidation,4,LOW,2025-06-04,2025-06-07,2025-08-03,3.6,10,LOW,Scheduled,False
SIG0150,AST0982,SEC007,Communication Equipment,Point Machine Servicing,Detection rod issue,2,HIGH,2025-10-23,2025-10-26,2025-11-10,9.7,12,HIGH,Pending,True
SIG0151,AST0842,SEC017,Track Circuit,Relay Replacement,Timing drift,1,CRITICAL,2025-02-02,2025-02-05,2025-02-10,7.4,13,HIGH,Scheduled,True
SIG0152,AST0922,SEC022,Track Circuit,Level Crossing Maintenance,Gate motor issue,3,MEDIUM,2025-02-18,2025-02-21,2025-03-20,5.5,7,MEDIUM,Pending,True
SIG0153,AST0894,SEC069,Communication Equipment,Track Circuit Maintenance,Bonding defect,3,MEDIUM,2025-07-31,2025-07-31,2025-08-18,4.0,13,MEDIUM,Cancelled,False
SIG0154,AST0706,SEC031,Track Circuit,Track Circuit Maintenance,Insulation failure,3,MEDIUM,2025-01-06,2025-01-09,2025-02-01,1.3,7,MEDIUM,Cancelled,True
SIG0155,AST0799,SEC049,Level Crossing Equipment,Communication Equipment Repair,Radio fault,3,MEDIUM,2025-09-12,2025-09-14,2025-10-12,6.0,14,MEDIUM,Completed,False
SIG0156,AST0957,SEC057,Relay,Signal Inspection,Lens damage,4,LOW,2025-11-26,2025-11-29,2025-12-27,9.3,12,LOW,Pending,False
SIG0157,AST0912,SEC012,Signal,Relay Replacement,Coil failure,3,MEDIUM,2025-07-11,2025-07-14,2025-07-30,8.4,13,MEDIUM,Completed,False
SIG0158,AST0800,SEC050,Signal,Axle Counter Calibration,Sensor misalignment,4,LOW,2025-10-06,2025-10-08,2025-11-28,9.5,12,LOW,Scheduled,True
SIG0159,AST0906,SEC006,Track Circuit,Communication Equipment Repair,Radio fault,3,MEDIUM,2025-07-03,2025-07-06,2025-08-02,11.6,10,MEDIUM,Pending,True
SIG0160,AST0735,SEC060,Level Crossing Equipment,Signal Inspection,Lamp failure,3,MEDIUM,2025-02-17,2025-02-19,2025-03-14,6.5,5,MEDIUM,Pending,True
SIG0161,AST0907,SEC007,Axle Counter,Communication Equipment Repair,Control phone failure,1,CRITICAL,2025-11-19,2025-11-21,2025-11-25,2.8,5,HIGH,Pending,True
SIG0162,AST0973,SEC073,Relay,Interlocking Test,Signal interlocking mismatch,2,HIGH,2025-10-11,2025-10-12,2025-10-22,9.3,5,HIGH,Pending,False
SIG0163,AST0956,SEC056,Interlocking,Interlocking Test,Route locking fault,3,MEDIUM,2025-02-09,2025-02-12,2025-02-28,6.3,15,MEDIUM,Scheduled,True
SIG0164,AST0972,SEC072,Interlocking,Level Crossing Maintenance,Bell failure,4,LOW,2025-06-15,2025-06-17,2025-07-21,10.0,9,LOW,Scheduled,True
SIG0165,AST0950,SEC050,Communication Equipment,Point Machine Servicing,Clutch slip,3,MEDIUM,2025-02-18,2025-02-19,2025-03-09,9.5,13,MEDIUM,Completed,True
SIG0166,AST0798,SEC048,Communication Equipment,Track Circuit Maintenance,Insulation failure,2,HIGH,2025-12-11,2025-12-13,2025-12-21,8.7,6,HIGH,In Progress,False
SIG0167,AST0705,SEC030,Point Machine,Axle Counter Calibration,Cable fault,3,MEDIUM,2025-11-06,2025-11-08,2025-12-02,12.0,9,MEDIUM,Completed,True
SIG0168,AST0748,SEC073,Interlocking,Track Circuit Maintenance,Receiver fault,3,MEDIUM,2025-01-09,2025-01-12,2025-01-31,8.9,11,MEDIUM,Completed,True
SIG0169,AST0884,SEC059,Interlocking,Communication Equipment Repair,Fiber break,2,HIGH,2025-02-14,2025-02-17,2025-03-02,10.5,10,HIGH,Pending,False
SIG0170,AST0734,SEC059,Communication Equipment,Relay Replacement,Coil failure,5,LOW,2025-04-28,2025-05-01,2025-07-09,1.9,11,LOW,Scheduled,True
SIG0171,AST0933,SEC033,Relay,Interlocking Test,Overlap fault,3,MEDIUM,2025-03-20,2025-03-21,2025-04-13,5.2,4,MEDIUM,Pending,False
SIG0172,AST0876,SEC051,Interlocking,Track Circuit Maintenance,Bonding defect,4,LOW,2025-10-24,2025-10-25,2025-12-16,3.1,13,LOW,Completed,True
SIG0173,AST0742,SEC067,Communication Equipment,Interlocking Test,Logic error,5,LOW,2025-12-09,2025-12-11,2026-03-06,6.8,13,LOW,Completed,True
SIG0174,AST0939,SEC039,Axle Counter,Interlocking Test,Logic error,3,MEDIUM,2025-01-04,2025-01-07,2025-01-22,3.3,7,MEDIUM,Scheduled,True
SIG0175,AST0869,SEC044,Relay,Axle Counter Calibration,Cable fault,3,MEDIUM,2025-01-27,2025-01-27,2025-02-15,1.5,10,MEDIUM,Scheduled,True
SIG0176,AST0843,SEC018,Axle Counter,Signal Inspection,Signal post tilt,4,LOW,2025-07-08,2025-07-09,2025-08-14,2.2,15,LOW,Cancelled,True
SIG0177,AST0973,SEC073,Relay,Signal Inspection,Aspect error,2,HIGH,2025-10-04,2025-10-05,2025-10-12,9.3,7,HIGH,Pending,False
SIG0178,AST0758,SEC008,Communication Equipment,Axle Counter Calibration,Reset failure,3,MEDIUM,2025-01-06,2025-01-09,2025-01-25,10.5,2,MEDIUM,Scheduled,True
SIG0179,AST0984,SEC009,Signal,Signal Inspection,Aspect error,2,HIGH,2025-05-12,2025-05-13,2025-05-22,8.2,4,HIGH,Pending,True
SIG0180,AST0799,SEC049,Level Crossing Equipment,Communication Equipment Repair,Control phone failure,3,MEDIUM,2025-11-12,2025-11-13,2025-12-06,11.8,9,MEDIUM,Pending,True
SIG0181,AST0819,SEC069,Axle Counter,Point Machine Servicing,Lock bar defect,3,MEDIUM,2025-05-05,2025-05-06,2025-06-01,2.4,7,MEDIUM,Scheduled,False
SIG0182,AST0752,SEC002,Signal,Signal Inspection,Signal post tilt,5,LOW,2025-08-12,2025-08-12,2025-10-23,9.8,12,LOW,Completed,True
SIG0183,AST0967,SEC067,Level Crossing Equipment,Signal Inspection,Signal post tilt,3,MEDIUM,2025-07-07,2025-07-10,2025-08-05,9.9,12,MEDIUM,Completed,False
SIG0184,AST0783,SEC033,Level Crossing Equipment,Relay Replacement,Timing drift,1,CRITICAL,2025-05-27,2025-05-28,2025-06-01,7.5,2,HIGH,Cancelled,False
SIG0185,AST0787,SEC037,Axle Counter,Track Circuit Maintenance,Feed-end issue,2,HIGH,2025-03-03,2025-03-03,2025-03-15,2.0,5,HIGH,Completed,False
SIG0186,AST0837,SEC012,Relay,Level Crossing Maintenance,Lighting defect,2,HIGH,2025-04-30,2025-05-02,2025-05-10,3.4,8,HIGH,Pending,False
SIG0187,AST0796,SEC046,Interlocking,Track Circuit Maintenance,Receiver fault,2,HIGH,2025-05-06,2025-05-09,2025-05-21,5.5,4,HIGH,Completed,True
SIG0188,AST0888,SEC063,Signal,Signal Inspection,Lens damage,4,LOW,2025-05-14,2025-05-15,2025-06-10,9.0,13,LOW,Completed,True
SIG0189,AST0743,SEC068,Level Crossing Equipment,Signal Inspection,Lens damage,3,MEDIUM,2025-06-10,2025-06-11,2025-06-27,2.2,14,MEDIUM,Completed,False
SIG0190,AST0876,SEC051,Interlocking,Axle Counter Calibration,Sensor misalignment,4,LOW,2025-04-05,2025-04-07,2025-05-25,9.7,7,LOW,Completed,True
SIG0191,AST0993,SEC018,Point Machine,Relay Replacement,Coil failure,2,HIGH,2025-04-08,2025-04-10,2025-04-21,4.9,7,HIGH,Completed,True
SIG0192,AST0990,SEC015,Communication Equipment,Axle Counter Calibration,Reset failure,2,HIGH,2025-12-10,2025-12-10,2025-12-24,5.8,7,HIGH,Completed,False
SIG0193,AST0742,SEC067,Communication Equipment,Point Machine Servicing,Motor fault,3,MEDIUM,2025-05-05,2025-05-08,2025-05-27,9.9,3,MEDIUM,Completed,False
SIG0194,AST0919,SEC019,Level Crossing Equipment,Relay Replacement,Mechanical wear,2,HIGH,2025-02-22,2025-02-24,2025-03-10,9.5,8,HIGH,Completed,False
SIG0195,AST0991,SEC016,Level Crossing Equipment,Relay Replacement,Coil failure,5,LOW,2025-06-27,2025-06-29,2025-09-03,7.1,13,LOW,Completed,False
SIG0196,AST0731,SEC056,Axle Counter,Track Circuit Maintenance,Bonding defect,2,HIGH,2025-01-18,2025-01-18,2025-01-31,1.0,6,HIGH,Scheduled,True
SIG0197,AST0763,SEC013,Axle Counter,Track Circuit Maintenance,Receiver fault,2,HIGH,2025-07-04,2025-07-04,2025-07-16,3.4,7,HIGH,Pending,False
SIG0198,AST0814,SEC064,Communication Equipment,Point Machine Servicing,Clutch slip,4,LOW,2025-07-18,2025-07-18,2025-08-13,1.9,4,LOW,In Progress,False
SIG0199,AST0825,SEC075,Point Machine,Point Machine Servicing,Lock bar defect,2,HIGH,2025-11-27,2025-11-28,2025-12-11,6.1,10,HIGH,Completed,True
SIG0200,AST0806,SEC056,Communication Equipment,Axle Counter Calibration,Cable fault,5,LOW,2025-07-31,2025-08-02,2025-10-03,4.4,3,LOW,Cancelled,False
SIG0201,AST0749,SEC074,Relay,Signal Inspection,Aspect error,4,LOW,2025-12-15,2025-12-18,2026-01-30,6.4,3,LOW,In Progress,False
SIG0202,AST0855,SEC030,Level Crossing Equipment,Communication Equipment Repair,Fiber break,3,MEDIUM,2025-07-19,2025-07-22,2025-08-15,5.9,11,MEDIUM,Scheduled,True
SIG0203,AST0988,SEC013,Interlocking,Interlocking Test,Signal interlocking mismatch,3,MEDIUM,2025-09-14,2025-09-14,2025-10-04,4.4,12,MEDIUM,Pending,True
SIG0204,AST0889,SEC064,Point Machine,Axle Counter Calibration,Cable fault,2,HIGH,2025-06-02,2025-06-03,2025-06-14,9.0,4,HIGH,Scheduled,True
SIG0205,AST0851,SEC026,Axle Counter,Axle Counter Calibration,Count error,2,HIGH,2025-12-14,2025-12-16,2025-12-24,7.1,9,HIGH,Completed,False
SIG0206,AST0852,SEC027,Interlocking,Axle Counter Calibration,Count error,4,LOW,2025-05-28,2025-05-28,2025-06-26,10.5,14,LOW,Pending,True
SIG0207,AST0729,SEC054,Point Machine,Relay Replacement,Coil failure,3,MEDIUM,2025-11-26,2025-11-27,2025-12-16,8.0,12,MEDIUM,Completed,True
SIG0208,AST0959,SEC059,Level Crossing Equipment,Axle Counter Calibration,Sensor misalignment,4,LOW,2025-11-28,2025-11-28,2026-01-15,4.4,13,LOW,Pending,True
SIG0209,AST0831,SEC006,Level Crossing Equipment,Level Crossing Maintenance,Bell failure,3,MEDIUM,2025-07-31,2025-07-31,2025-08-30,10.5,7,MEDIUM,Scheduled,False
SIG0210,AST0810,SEC060,Track Circuit,Point Machine Servicing,Detection rod issue,2,HIGH,2025-09-27,2025-09-29,2025-10-14,2.1,2,HIGH,Pending,False
SIG0211,AST0919,SEC019,Level Crossing Equipment,Signal Inspection,Lens damage,4,LOW,2025-06-21,2025-06-24,2025-07-19,11.5,5,LOW,Cancelled,True
SIG0212,AST0962,SEC062,Track Circuit,Track Circuit Maintenance,Feed-end issue,3,MEDIUM,2025-09-01,2025-09-01,2025-09-18,8.6,13,MEDIUM,Pending,True
SIG0213,AST0893,SEC068,Relay,Relay Replacement,Contact oxidation,5,LOW,2025-10-12,2025-10-15,2025-12-25,5.8,14,LOW,Scheduled,True
SIG0214,AST0981,SEC006,Relay,Axle Counter Calibration,Cable fault,3,MEDIUM,2025-06-29,2025-07-01,2025-07-18,6.1,13,MEDIUM,Pending,False
SIG0215,AST0900,SEC075,Interlocking,Track Circuit Maintenance,Receiver fault,4,LOW,2025-02-21,2025-02-22,2025-03-28,9.1,4,LOW,Pending,True
SIG0216,AST0752,SEC002,Signal,Point Machine Servicing,Detection rod issue,4,LOW,2025-06-10,2025-06-10,2025-07-28,4.0,6,LOW,Completed,True
SIG0217,AST0761,SEC011,Point Machine,Relay Replacement,Mechanical wear,4,LOW,2025-03-12,2025-03-13,2025-05-10,8.3,10,LOW,Scheduled,True
SIG0218,AST0958,SEC058,Communication Equipment,Axle Counter Calibration,Reset failure,4,LOW,2025-10-24,2025-10-27,2025-12-09,7.0,3,LOW,Cancelled,True
SIG0219,AST0816,SEC066,Signal,Interlocking Test,Overlap fault,2,HIGH,2025-11-22,2025-11-23,2025-12-02,1.7,10,HIGH,Pending,True
SIG0220,AST0912,SEC012,Signal,Communication Equipment Repair,OFC splice loss,5,LOW,2025-08-05,2025-08-07,2025-10-19,11.6,15,LOW,Completed,False
SIG0221,AST0730,SEC055,Track Circuit,Point Machine Servicing,Detection rod issue,3,MEDIUM,2025-02-06,2025-02-08,2025-02-26,7.9,8,MEDIUM,Cancelled,True
SIG0222,AST0705,SEC030,Point Machine,Axle Counter Calibration,Count error,4,LOW,2025-02-17,2025-02-19,2025-03-20,9.5,12,LOW,Completed,True
SIG0223,AST0765,SEC015,Relay,Signal Inspection,Lamp failure,4,LOW,2025-07-11,2025-07-13,2025-08-15,7.3,14,LOW,Pending,False
SIG0224,AST0715,SEC040,Axle Counter,Communication Equipment Repair,OFC splice loss,4,LOW,2025-11-02,2025-11-03,2025-12-16,4.7,8,LOW,Pending,True
SIG0225,AST0874,SEC049,Track Circuit,Point Machine Servicing,Motor fault,4,LOW,2025-02-25,2025-02-25,2025-04-20,4.0,2,LOW,In Progress,True
SIG0226,AST0923,SEC023,Axle Counter,Relay Replacement,Coil failure,3,MEDIUM,2025-10-13,2025-10-13,2025-11-04,10.6,13,MEDIUM,In Progress,True
SIG0227,AST0789,SEC039,Relay,Axle Counter Calibration,Sensor misalignment,3,MEDIUM,2025-04-01,2025-04-04,2025-04-28,11.6,4,MEDIUM,In Progress,True
SIG0228,AST0966,SEC066,Communication Equipment,Axle Counter Calibration,Cable fault,2,HIGH,2025-09-25,2025-09-26,2025-10-10,4.3,15,HIGH,Scheduled,False
SIG0229,AST0754,SEC004,Track Circuit,Communication Equipment Repair,Fiber break,3,MEDIUM,2025-03-05,2025-03-08,2025-03-25,9.1,9,MEDIUM,In Progress,True
SIG0230,AST0841,SEC016,Point Machine,Level Crossing Maintenance,Gate motor issue,3,MEDIUM,2025-04-05,2025-04-06,2025-05-04,2.9,5,MEDIUM,Pending,True
SIG0231,AST0710,SEC035,Communication Equipment,Relay Replacement,Mechanical wear,1,CRITICAL,2025-03-23,2025-03-25,2025-03-28,1.2,15,HIGH,Completed,True
SIG0232,AST0922,SEC022,Track Circuit,Track Circuit Maintenance,Bonding defect,3,MEDIUM,2025-04-19,2025-04-22,2025-05-10,8.3,4,MEDIUM,In Progress,True
SIG0233,AST0929,SEC029,Point Machine,Axle Counter Calibration,Sensor misalignment,3,MEDIUM,2025-07-23,2025-07-23,2025-08-21,4.1,2,MEDIUM,In Progress,True
SIG0234,AST0947,SEC047,Axle Counter,Relay Replacement,Mechanical wear,5,LOW,2025-02-10,2025-02-12,2025-04-11,9.0,2,LOW,Pending,False
SIG0235,AST0727,SEC052,Level Crossing Equipment,Axle Counter Calibration,Count error,3,MEDIUM,2025-06-05,2025-06-08,2025-07-04,5.7,2,MEDIUM,Completed,False
SIG0236,AST0922,SEC022,Track Circuit,Axle Counter Calibration,Cable fault,4,LOW,2025-10-18,2025-10-19,2025-12-10,6.2,5,LOW,Completed,True
SIG0237,AST0908,SEC008,Interlocking,Interlocking Test,Overlap fault,3,MEDIUM,2025-01-17,2025-01-18,2025-02-01,1.8,6,MEDIUM,Completed,False
SIG0238,AST0735,SEC060,Level Crossing Equipment,Relay Replacement,Contact oxidation,4,LOW,2025-02-27,2025-02-28,2025-04-26,10.4,4,LOW,Completed,True
SIG0239,AST0876,SEC051,Interlocking,Interlocking Test,Route locking fault,3,MEDIUM,2025-09-18,2025-09-20,2025-10-04,5.8,7,MEDIUM,Completed,True
SIG0240,AST0763,SEC013,Axle Counter,Interlocking Test,Logic error,4,LOW,2025-03-02,2025-03-04,2025-05-02,8.3,9,LOW,Completed,False
SIG0241,AST0962,SEC062,Track Circuit,Signal Inspection,Aspect error,1,CRITICAL,2025-05-04,2025-05-04,2025-05-10,2.3,11,HIGH,Pending,True
SIG0242,AST0724,SEC049,Interlocking,Axle Counter Calibration,Reset failure,4,LOW,2025-04-23,2025-04-24,2025-06-13,2.4,10,LOW,Scheduled,True
SIG0243,AST0916,SEC016,Interlocking,Interlocking Test,Overlap fault,2,HIGH,2025-06-07,2025-06-07,2025-06-20,6.2,15,HIGH,In Progress,True
SIG0244,AST0910,SEC010,Communication Equipment,Communication Equipment Repair,OFC splice loss,4,LOW,2025-07-09,2025-07-11,2025-08-14,9.4,7,LOW,Scheduled,False
SIG0245,AST0912,SEC012,Signal,Point Machine Servicing,Detection rod issue,2,HIGH,2025-08-02,2025-08-05,2025-08-13,4.5,4,HIGH,Pending,True
SIG0246,AST0712,SEC037,Signal,Level Crossing Maintenance,Lighting defect,3,MEDIUM,2025-05-07,2025-05-10,2025-06-05,2.8,14,MEDIUM,Cancelled,True
SIG0247,AST0882,SEC057,Track Circuit,Interlocking Test,Signal interlocking mismatch,3,MEDIUM,2025-11-26,2025-11-26,2025-12-10,5.2,6,MEDIUM,Scheduled,True
SIG0248,AST0819,SEC069,Axle Counter,Point Machine Servicing,Clutch slip,4,LOW,2025-09-10,2025-09-10,2025-10-21,1.5,6,LOW,Scheduled,True
SIG0249,AST0950,SEC050,Communication Equipment,Relay Replacement,Contact oxidation,4,LOW,2025-11-15,2025-11-15,2026-01-05,2.4,15,LOW,Completed,True
SIG0250,AST0991,SEC016,Level Crossing Equipment,Relay Replacement,Contact oxidation,3,MEDIUM,2025-12-09,2025-12-09,2025-12-31,3.5,14,MEDIUM,Pending,False
SIG0251,AST0950,SEC050,Communication Equipment,Axle Counter Calibration,Sensor misalignment,5,LOW,2025-09-29,2025-10-01,2025-12-16,11.3,12,LOW,Cancelled,False
SIG0252,AST0780,SEC030,Interlocking,Signal Inspection,Lamp failure,4,LOW,2025-06-16,2025-06-18,2025-08-10,9.4,13,LOW,Pending,False
SIG0253,AST0705,SEC030,Point Machine,Level Crossing Maintenance,Gate motor issue,3,MEDIUM,2025-06-15,2025-06-18,2025-07-13,7.2,3,MEDIUM,Scheduled,False
SIG0254,AST0727,SEC052,Level Crossing Equipment,Track Circuit Maintenance,Insulation failure,2,HIGH,2025-09-01,2025-09-04,2025-09-14,6.6,12,HIGH,Cancelled,True
SIG0255,AST0856,SEC031,Signal,Point Machine Servicing,Motor fault,5,LOW,2025-03-13,2025-03-13,2025-04-24,5.5,14,LOW,Scheduled,True
SIG0256,AST0929,SEC029,Point Machine,Axle Counter Calibration,Reset failure,3,MEDIUM,2025-06-26,2025-06-29,2025-07-23,8.1,2,MEDIUM,Completed,True
SIG0257,AST0838,SEC013,Communication Equipment,Track Circuit Maintenance,Feed-end issue,1,CRITICAL,2025-09-18,2025-09-18,2025-09-22,2.2,8,HIGH,Completed,False
SIG0258,AST0791,SEC041,Level Crossing Equipment,Signal Inspection,Signal post tilt,1,CRITICAL,2025-01-16,2025-01-18,2025-01-23,11.0,5,HIGH,Scheduled,False
SIG0259,AST0840,SEC015,Signal,Signal Inspection,Lamp failure,5,LOW,2025-06-20,2025-06-22,2025-09-13,11.7,12,LOW,Completed,False
SIG0260,AST0901,SEC001,Relay,Communication Equipment Repair,Fiber break,5,LOW,2025-08-04,2025-08-04,2025-10-21,2.1,14,LOW,Pending,False
SIG0261,AST0716,SEC041,Interlocking,Track Circuit Maintenance,Insulation failure,3,MEDIUM,2025-10-13,2025-10-16,2025-11-10,1.6,12,MEDIUM,Scheduled,True
SIG0262,AST0920,SEC020,Signal,Level Crossing Maintenance,Gate motor issue,2,HIGH,2025-03-10,2025-03-13,2025-03-28,5.1,10,HIGH,Pending,False
SIG0263,AST0970,SEC070,Track Circuit,Point Machine Servicing,Clutch slip,4,LOW,2025-05-29,2025-05-30,2025-07-26,9.5,5,LOW,Pending,True
SIG0264,AST0858,SEC033,Track Circuit,Interlocking Test,Overlap fault,3,MEDIUM,2025-10-04,2025-10-07,2025-11-06,1.5,9,MEDIUM,Cancelled,True
SIG0265,AST0717,SEC042,Relay,Point Machine Servicing,Lock bar defect,3,MEDIUM,2025-08-15,2025-08-18,2025-09-15,4.9,5,MEDIUM,Completed,True
SIG0266,AST0852,SEC027,Interlocking,Relay Replacement,Mechanical wear,4,LOW,2025-10-07,2025-10-10,2025-11-18,7.6,9,LOW,In Progress,True
SIG0267,AST0984,SEC009,Signal,Relay Replacement,Mechanical wear,1,CRITICAL,2025-04-24,2025-04-25,2025-05-02,9.1,13,HIGH,Scheduled,True
SIG0268,AST0826,SEC001,Track Circuit,Point Machine Servicing,Clutch slip,4,LOW,2025-08-06,2025-08-09,2025-09-05,11.1,12,LOW,Scheduled,True
SIG0269,AST0841,SEC016,Point Machine,Signal Inspection,Signal post tilt,3,MEDIUM,2025-11-24,2025-11-27,2025-12-19,3.5,6,MEDIUM,Completed,True
SIG0270,AST0879,SEC054,Level Crossing Equipment,Interlocking Test,Signal interlocking mismatch,2,HIGH,2025-07-14,2025-07-14,2025-07-28,11.2,7,HIGH,Completed,False
SIG0271,AST0861,SEC036,Relay,Interlocking Test,Logic error,2,HIGH,2025-03-26,2025-03-27,2025-04-05,7.5,10,HIGH,Scheduled,True
SIG0272,AST0908,SEC008,Interlocking,Point Machine Servicing,Clutch slip,3,MEDIUM,2025-04-25,2025-04-25,2025-05-20,9.6,11,MEDIUM,Completed,False
SIG0273,AST0809,SEC059,Point Machine,Point Machine Servicing,Lock bar defect,3,MEDIUM,2025-03-27,2025-03-29,2025-04-20,4.3,12,MEDIUM,Completed,False
SIG0274,AST0733,SEC058,Relay,Level Crossing Maintenance,Bell failure,1,CRITICAL,2025-02-19,2025-02-21,2025-02-28,4.3,7,HIGH,Completed,False
SIG0275,AST0909,SEC009,Relay,Track Circuit Maintenance,Insulation failure,4,LOW,2025-01-16,2025-01-16,2025-03-14,7.7,3,LOW,Pending,False
SIG0276,AST0877,SEC052,Relay,Signal Inspection,Lamp failure,3,MEDIUM,2025-06-20,2025-06-21,2025-07-09,10.9,2,MEDIUM,Pending,True
SIG0277,AST0910,SEC010,Communication Equipment,Track Circuit Maintenance,Receiver fault,4,LOW,2025-12-13,2025-12-14,2026-01-23,9.1,12,LOW,Scheduled,True
SIG0278,AST0977,SEC002,Point Machine,Relay Replacement,Coil failure,3,MEDIUM,2025-06-17,2025-06-20,2025-07-18,10.3,3,MEDIUM,In Progress,True
SIG0279,AST0751,SEC001,Level Crossing Equipment,Communication Equipment Repair,Control phone failure,3,MEDIUM,2025-01-01,2025-01-03,2025-01-20,5.3,12,MEDIUM,Pending,True
SIG0280,AST0887,SEC062,Level Crossing Equipment,Track Circuit Maintenance,Insulation failure,4,LOW,2025-02-28,2025-03-01,2025-04-27,10.2,15,LOW,Scheduled,False
SIG0281,AST0915,SEC015,Axle Counter,Communication Equipment Repair,Radio fault,5,LOW,2025-10-12,2025-10-12,2025-12-21,2.8,3,LOW,Completed,True
SIG0282,AST0877,SEC052,Relay,Level Crossing Maintenance,Bell failure,2,HIGH,2025-04-01,2025-04-03,2025-04-13,7.2,15,HIGH,Scheduled,False
SIG0283,AST0707,SEC032,Axle Counter,Interlocking Test,Overlap fault,2,HIGH,2025-07-27,2025-07-27,2025-08-06,9.4,15,HIGH,Completed,False
SIG0284,AST0821,SEC071,Relay,Relay Replacement,Coil failure,2,HIGH,2025-03-04,2025-03-06,2025-03-17,9.7,3,HIGH,Completed,False
SIG0285,AST0881,SEC056,Point Machine,Signal Inspection,Aspect error,3,MEDIUM,2025-08-09,2025-08-12,2025-09-11,8.6,13,MEDIUM,Completed,True
SIG0286,AST0741,SEC066,Relay,Axle Counter Calibration,Sensor misalignment,3,MEDIUM,2025-11-09,2025-11-11,2025-12-10,10.0,9,MEDIUM,Completed,False
SIG0287,AST0717,SEC042,Relay,Level Crossing Maintenance,Boom barrier fault,2,HIGH,2025-12-11,2025-12-12,2025-12-19,10.8,2,HIGH,In Progress,True
SIG0288,AST0770,SEC020,Track Circuit,Interlocking Test,Signal interlocking mismatch,1,CRITICAL,2025-02-24,2025-02-24,2025-03-03,6.7,15,HIGH,Completed,True
SIG0289,AST0943,SEC043,Level Crossing Equipment,Signal Inspection,Aspect error,3,MEDIUM,2025-08-26,2025-08-29,2025-09-12,9.7,9,MEDIUM,Pending,True
SIG0290,AST0804,SEC054,Interlocking,Interlocking Test,Route locking fault,4,LOW,2025-11-22,2025-11-23,2026-01-14,5.6,8,LOW,Scheduled,True
SIG0291,AST0876,SEC051,Interlocking,Relay Replacement,Timing drift,4,LOW,2025-08-05,2025-08-08,2025-09-18,8.8,10,LOW,Pending,True
SIG0292,AST0878,SEC053,Communication Equipment,Track Circuit Maintenance,Receiver fault,3,MEDIUM,2025-08-26,2025-08-29,2025-09-19,3.6,15,MEDIUM,Scheduled,False
SIG0293,AST0934,SEC034,Communication Equipment,Signal Inspection,Lamp failure,4,LOW,2025-11-19,2025-11-21,2026-01-02,2.3,15,LOW,Completed,False
SIG0294,AST0789,SEC039,Relay,Signal Inspection,Aspect error,4,LOW,2025-09-14,2025-09-16,2025-11-05,1.9,7,LOW,Scheduled,False
SIG0295,AST0886,SEC061,Communication Equipment,Axle Counter Calibration,Count error,4,LOW,2025-04-24,2025-04-26,2025-05-25,10.4,12,LOW,Completed,False
SIG0296,AST0778,SEC028,Track Circuit,Point Machine Servicing,Lock bar defect,4,LOW,2025-01-05,2025-01-08,2025-02-09,4.8,8,LOW,Pending,True
SIG0297,AST0782,SEC032,Communication Equipment,Axle Counter Calibration,Cable fault,2,HIGH,2025-08-02,2025-08-04,2025-08-13,11.1,13,HIGH,Cancelled,False
SIG0298,AST0930,SEC030,Track Circuit,Interlocking Test,Logic error,3,MEDIUM,2025-08-22,2025-08-22,2025-09-07,10.7,3,MEDIUM,Pending,True
SIG0299,AST0966,SEC066,Communication Equipment,Communication Equipment Repair,OFC splice loss,4,LOW,2025-10-03,2025-10-04,2025-11-14,9.2,13,LOW,Scheduled,True
SIG0300,AST0735,SEC060,Level Crossing Equipment,Communication Equipment Repair,Radio fault,3,MEDIUM,2025-03-17,2025-03-19,2025-04-16,5.6,13,MEDIUM,Pending,False
SIG0301,AST0937,SEC037,Point Machine,Track Circuit Maintenance,Bonding defect,3,MEDIUM,2025-10-13,2025-10-16,2025-11-07,5.4,8,MEDIUM,Completed,True
SIG0302,AST0735,SEC060,Level Crossing Equipment,Communication Equipment Repair,Radio fault,3,MEDIUM,2025-11-05,2025-11-05,2025-12-03,2.2,5,MEDIUM,Completed,False
SIG0303,AST0737,SEC062,Point Machine,Communication Equipment Repair,Control phone failure,3,MEDIUM,2025-09-18,2025-09-18,2025-10-13,11.3,6,MEDIUM,Pending,True
SIG0304,AST0763,SEC013,Axle Counter,Point Machine Servicing,Detection rod issue,3,MEDIUM,2025-09-06,2025-09-06,2025-09-29,11.4,7,MEDIUM,Scheduled,False
SIG0305,AST0769,SEC019,Point Machine,Level Crossing Maintenance,Boom barrier fault,2,HIGH,2025-03-26,2025-03-26,2025-04-10,5.3,6,HIGH,Scheduled,True
SIG0306,AST0891,SEC066,Axle Counter,Level Crossing Maintenance,Gate motor issue,4,LOW,2025-04-29,2025-04-29,2025-05-31,8.3,14,LOW,Pending,False
SIG0307,AST0870,SEC045,Communication Equipment,Track Circuit Maintenance,Receiver fault,2,HIGH,2025-03-07,2025-03-10,2025-03-25,8.8,5,HIGH,In Progress,False
SIG0308,AST0866,SEC041,Track Circuit,Signal Inspection,Lens damage,1,CRITICAL,2025-08-08,2025-08-09,2025-08-14,6.5,14,HIGH,Completed,False
SIG0309,AST0916,SEC016,Interlocking,Axle Counter Calibration,Count error,1,CRITICAL,2025-02-11,2025-02-13,2025-02-16,4.3,15,HIGH,Cancelled,True
SIG0310,AST0955,SEC055,Axle Counter,Signal Inspection,Lamp failure,5,LOW,2025-11-14,2025-11-15,2025-12-31,9.0,11,LOW,Completed,False
SIG0311,AST0891,SEC066,Axle Counter,Interlocking Test,Signal interlocking mismatch,1,CRITICAL,2025-12-13,2025-12-13,2025-12-17,2.4,2,HIGH,Completed,False
SIG0312,AST0981,SEC006,Relay,Level Crossing Maintenance,Gate motor issue,4,LOW,2025-06-21,2025-06-21,2025-08-20,3.6,10,LOW,Completed,False
SIG0313,AST0865,SEC040,Point Machine,Relay Replacement,Timing drift,2,HIGH,2025-07-12,2025-07-15,2025-07-22,6.5,6,HIGH,Completed,True
SIG0314,AST0842,SEC017,Track Circuit,Interlocking Test,Overlap fault,2,HIGH,2025-06-21,2025-06-21,2025-07-02,9.9,2,HIGH,In Progress,True
SIG0315,AST0895,SEC070,Level Crossing Equipment,Communication Equipment Repair,Fiber break,2,HIGH,2025-04-22,2025-04-24,2025-05-08,8.7,5,HIGH,Completed,True
SIG0316,AST0736,SEC061,Signal,Communication Equipment Repair,Radio fault,4,LOW,2025-04-20,2025-04-23,2025-05-31,2.5,5,LOW,In Progress,True
SIG0317,AST0760,SEC010,Signal,Track Circuit Maintenance,Insulation failure,5,LOW,2025-06-26,2025-06-29,2025-08-22,6.7,12,LOW,Pending,True
SIG0318,AST0819,SEC069,Axle Counter,Relay Replacement,Coil failure,4,LOW,2025-05-12,2025-05-14,2025-06-28,10.5,5,LOW,Cancelled,True
SIG0319,AST0963,SEC063,Axle Counter,Communication Equipment Repair,Fiber break,3,MEDIUM,2025-07-03,2025-07-03,2025-07-23,4.9,8,MEDIUM,Pending,False
SIG0320,AST0839,SEC014,Level Crossing Equipment,Communication Equipment Repair,OFC splice loss,4,LOW,2025-10-17,2025-10-17,2025-11-23,2.2,13,LOW,Scheduled,False
SIG0321,AST0843,SEC018,Axle Counter,Interlocking Test,Route locking fault,5,LOW,2025-01-23,2025-01-25,2025-04-14,9.8,10,LOW,Completed,True
SIG0322,AST0986,SEC011,Track Circuit,Interlocking Test,Signal interlocking mismatch,1,CRITICAL,2025-06-08,2025-06-08,2025-06-15,6.0,15,HIGH,Completed,True
SIG0323,AST0873,SEC048,Point Machine,Interlocking Test,Logic error,4,LOW,2025-05-08,2025-05-08,2025-06-23,4.4,15,LOW,Pending,True
SIG0324,AST0948,SEC048,Interlocking,Interlocking Test,Logic error,4,LOW,2025-03-20,2025-03-20,2025-05-01,1.8,14,LOW,Scheduled,True
SIG0325,AST0972,SEC072,Interlocking,Level Crossing Maintenance,Gate motor issue,1,CRITICAL,2025-04-29,2025-05-01,2025-05-07,2.6,2,HIGH,Scheduled,False
SIG0326,AST0773,SEC023,Relay,Signal Inspection,Aspect error,4,LOW,2025-11-11,2025-11-12,2025-12-26,6.9,6,LOW,Scheduled,True
SIG0327,AST0730,SEC055,Track Circuit,Relay Replacement,Contact oxidation,5,LOW,2025-04-20,2025-04-22,2025-06-12,5.4,6,LOW,Completed,False
SIG0328,AST0866,SEC041,Track Circuit,Relay Replacement,Coil failure,2,HIGH,2025-07-26,2025-07-29,2025-08-13,4.5,15,HIGH,In Progress,True
SIG0329,AST0984,SEC009,Signal,Interlocking Test,Route locking fault,2,HIGH,2025-03-25,2025-03-27,2025-04-04,8.7,9,HIGH,Pending,True
SIG0330,AST0893,SEC068,Relay,Axle Counter Calibration,Sensor misalignment,4,LOW,2025-07-21,2025-07-24,2025-09-20,2.5,8,LOW,Completed,True
SIG0331,AST0961,SEC061,Point Machine,Level Crossing Maintenance,Gate motor issue,1,CRITICAL,2025-07-31,2025-07-31,2025-08-05,7.7,4,HIGH,Completed,True
SIG0332,AST0994,SEC019,Track Circuit,Level Crossing Maintenance,Bell failure,1,CRITICAL,2025-11-02,2025-11-02,2025-11-09,8.0,4,HIGH,Completed,True
SIG0333,AST0790,SEC040,Communication Equipment,Axle Counter Calibration,Reset failure,4,LOW,2025-06-19,2025-06-21,2025-08-12,10.3,9,LOW,Pending,True
SIG0334,AST0704,SEC029,Signal,Point Machine Servicing,Motor fault,1,CRITICAL,2025-07-12,2025-07-13,2025-07-20,4.5,10,HIGH,Cancelled,True
SIG0335,AST0783,SEC033,Level Crossing Equipment,Communication Equipment Repair,Control phone failure,3,MEDIUM,2025-04-19,2025-04-22,2025-05-21,8.9,12,MEDIUM,Completed,False
SIG0336,AST0863,SEC038,Level Crossing Equipment,Point Machine Servicing,Detection rod issue,4,LOW,2025-05-05,2025-05-06,2025-06-23,10.7,15,LOW,Completed,False
SIG0337,AST0847,SEC022,Level Crossing Equipment,Interlocking Test,Logic error,3,MEDIUM,2025-06-16,2025-06-16,2025-07-15,9.3,8,MEDIUM,Scheduled,False
SIG0338,AST0927,SEC027,Level Crossing Equipment,Signal Inspection,Signal post tilt,3,MEDIUM,2025-08-31,2025-09-03,2025-10-02,8.5,12,MEDIUM,Scheduled,True
SIG0339,AST0801,SEC051,Point Machine,Communication Equipment Repair,OFC splice loss,4,LOW,2025-10-07,2025-10-10,2025-11-11,2.6,14,LOW,Pending,False
SIG0340,AST0800,SEC050,Signal,Relay Replacement,Mechanical wear,4,LOW,2025-02-12,2025-02-15,2025-03-17,9.2,5,LOW,Completed,True
SIG0341,AST0965,SEC065,Relay,Axle Counter Calibration,Count error,4,LOW,2025-05-02,2025-05-04,2025-06-03,9.6,6,LOW,Scheduled,False
SIG0342,AST0707,SEC032,Axle Counter,Track Circuit Maintenance,Receiver fault,4,LOW,2025-05-13,2025-05-15,2025-06-15,8.0,15,LOW,Pending,True
SIG0343,AST0741,SEC066,Relay,Point Machine Servicing,Clutch slip,5,LOW,2025-01-15,2025-01-15,2025-04-14,10.6,4,LOW,Completed,True
SIG0344,AST0706,SEC031,Track Circuit,Relay Replacement,Coil failure,3,MEDIUM,2025-08-21,2025-08-23,2025-09-16,8.2,15,MEDIUM,Cancelled,True
SIG0345,AST0896,SEC071,Signal,Point Machine Servicing,Motor fault,3,MEDIUM,2025-08-04,2025-08-06,2025-08-20,7.9,4,MEDIUM,Scheduled,True
SIG0346,AST0943,SEC043,Level Crossing Equipment,Communication Equipment Repair,Radio fault,4,LOW,2025-04-05,2025-04-05,2025-05-06,1.5,10,LOW,Cancelled,False
SIG0347,AST0882,SEC057,Track Circuit,Communication Equipment Repair,Radio fault,5,LOW,2025-02-19,2025-02-20,2025-04-18,3.2,12,LOW,Completed,True
SIG0348,AST0950,SEC050,Communication Equipment,Relay Replacement,Coil failure,5,LOW,2025-07-30,2025-08-01,2025-09-22,2.2,6,LOW,Completed,False
SIG0349,AST0973,SEC073,Relay,Point Machine Servicing,Detection rod issue,3,MEDIUM,2025-12-12,2025-12-15,2026-01-14,3.9,4,MEDIUM,Scheduled,True
SIG0350,AST0875,SEC050,Axle Counter,Level Crossing Maintenance,Gate motor issue,4,LOW,2025-02-19,2025-02-19,2025-03-27,2.4,9,LOW,Completed,False
SIG0351,AST0777,SEC027,Point Machine,Axle Counter Calibration,Sensor misalignment,1,CRITICAL,2025-01-03,2025-01-05,2025-01-09,6.6,7,HIGH,Completed,True
SIG0352,AST0849,SEC024,Point Machine,Interlocking Test,Signal interlocking mismatch,3,MEDIUM,2025-12-07,2025-12-08,2026-01-05,8.2,12,MEDIUM,In Progress,True
SIG0353,AST0877,SEC052,Relay,Signal Inspection,Lens damage,4,LOW,2025-12-11,2025-12-12,2026-01-06,2.5,7,LOW,Scheduled,False
SIG0354,AST0774,SEC024,Communication Equipment,Level Crossing Maintenance,Boom barrier fault,2,HIGH,2025-05-22,2025-05-24,2025-06-08,2.9,8,HIGH,In Progress,True
SIG0355,AST0949,SEC049,Relay,Point Machine Servicing,Lock bar defect,5,LOW,2025-07-29,2025-07-29,2025-10-11,7.9,6,LOW,Pending,True
SIG0356,AST0998,SEC023,Communication Equipment,Level Crossing Maintenance,Boom barrier fault,3,MEDIUM,2025-05-13,2025-05-15,2025-05-29,10.0,4,MEDIUM,Pending,True
SIG0357,AST0835,SEC010,Axle Counter,Relay Replacement,Contact oxidation,4,LOW,2025-06-11,2025-06-13,2025-07-18,3.0,4,LOW,Scheduled,True
SIG0358,AST0965,SEC065,Relay,Axle Counter Calibration,Cable fault,5,LOW,2025-08-10,2025-08-13,2025-11-09,1.8,12,LOW,Completed,False
SIG0359,AST0843,SEC018,Axle Counter,Communication Equipment Repair,Fiber break,2,HIGH,2025-05-25,2025-05-28,2025-06-11,6.9,6,HIGH,Completed,True
SIG0360,AST0931,SEC031,Axle Counter,Axle Counter Calibration,Reset failure,3,MEDIUM,2025-02-13,2025-02-15,2025-03-04,11.8,8,MEDIUM,Pending,False
SIG0361,AST0723,SEC048,Axle Counter,Relay Replacement,Timing drift,4,LOW,2025-04-09,2025-04-11,2025-05-12,2.6,4,LOW,Completed,True
SIG0362,AST0840,SEC015,Signal,Relay Replacement,Mechanical wear,5,LOW,2025-08-27,2025-08-30,2025-11-02,8.5,5,LOW,Scheduled,True
SIG0363,AST0974,SEC074,Communication Equipment,Axle Counter Calibration,Reset failure,3,MEDIUM,2025-03-02,2025-03-05,2025-04-01,11.2,8,MEDIUM,Completed,True
SIG0364,AST0733,SEC058,Relay,Level Crossing Maintenance,Lighting defect,2,HIGH,2025-11-15,2025-11-17,2025-11-25,5.7,5,HIGH,Completed,False
SIG0365,AST0809,SEC059,Point Machine,Signal Inspection,Lamp failure,5,LOW,2025-01-06,2025-01-07,2025-02-25,3.9,13,LOW,Pending,True
SIG0366,AST0803,SEC053,Axle Counter,Communication Equipment Repair,Control phone failure,3,MEDIUM,2025-11-25,2025-11-25,2025-12-10,3.0,10,MEDIUM,Completed,True
SIG0367,AST1000,SEC025,Signal,Level Crossing Maintenance,Gate motor issue,2,HIGH,2025-01-25,2025-01-28,2025-02-11,2.6,11,HIGH,Pending,True
SIG0368,AST0896,SEC071,Signal,Level Crossing Maintenance,Boom barrier fault,4,LOW,2025-04-26,2025-04-28,2025-06-17,3.5,6,LOW,Completed,True
SIG0369,AST0937,SEC037,Point Machine,Level Crossing Maintenance,Bell failure,4,LOW,2025-02-15,2025-02-17,2025-03-20,6.5,11,LOW,Cancelled,False
SIG0370,AST0826,SEC001,Track Circuit,Communication Equipment Repair,Radio fault,3,MEDIUM,2025-05-08,2025-05-10,2025-06-04,7.1,2,MEDIUM,Cancelled,False
SIG0371,AST0907,SEC007,Axle Counter,Track Circuit Maintenance,Receiver fault,1,CRITICAL,2025-04-21,2025-04-23,2025-04-30,2.1,13,HIGH,Cancelled,False
SIG0372,AST0987,SEC012,Axle Counter,Relay Replacement,Contact oxidation,3,MEDIUM,2025-06-19,2025-06-22,2025-07-22,4.3,9,MEDIUM,Cancelled,False
SIG0373,AST0764,SEC014,Interlocking,Relay Replacement,Mechanical wear,4,LOW,2025-10-03,2025-10-03,2025-11-16,7.3,2,LOW,Completed,False
SIG0374,AST0705,SEC030,Point Machine,Signal Inspection,Lens damage,3,MEDIUM,2025-05-08,2025-05-11,2025-06-08,11.7,3,MEDIUM,In Progress,True
SIG0375,AST0704,SEC029,Signal,Communication Equipment Repair,OFC splice loss,4,LOW,2025-07-03,2025-07-03,2025-08-17,3.9,15,LOW,In Progress,True
SIG0376,AST0765,SEC015,Relay,Communication Equipment Repair,Control phone failure,1,CRITICAL,2025-02-17,2025-02-20,2025-02-25,11.1,7,HIGH,Cancelled,True
SIG0377,AST0929,SEC029,Point Machine,Signal Inspection,Aspect error,3,MEDIUM,2025-08-30,2025-09-02,2025-09-30,7.4,2,MEDIUM,Scheduled,True
SIG0378,AST0760,SEC010,Signal,Track Circuit Maintenance,Feed-end issue,4,LOW,2025-08-27,2025-08-27,2025-10-07,2.3,2,LOW,Cancelled,False
SIG0379,AST0920,SEC020,Signal,Axle Counter Calibration,Count error,4,LOW,2025-11-26,2025-11-29,2026-01-26,5.3,5,LOW,Completed,True
SIG0380,AST0894,SEC069,Communication Equipment,Axle Counter Calibration,Count error,3,MEDIUM,2025-04-21,2025-04-24,2025-05-16,11.4,4,MEDIUM,Completed,True
SIG0381,AST0965,SEC065,Relay,Level Crossing Maintenance,Bell failure,2,HIGH,2025-06-25,2025-06-27,2025-07-10,3.1,10,HIGH,Completed,False
SIG0382,AST0977,SEC002,Point Machine,Signal Inspection,Signal post tilt,3,MEDIUM,2025-03-26,2025-03-28,2025-04-19,4.9,10,MEDIUM,Pending,False
SIG0383,AST0881,SEC056,Point Machine,Point Machine Servicing,Lock bar defect,4,LOW,2025-07-10,2025-07-12,2025-08-23,2.3,12,LOW,Completed,False
SIG0384,AST0954,SEC054,Track Circuit,Interlocking Test,Signal interlocking mismatch,3,MEDIUM,2025-02-12,2025-02-13,2025-03-13,6.9,3,MEDIUM,Completed,True
SIG0385,AST0758,SEC008,Communication Equipment,Communication Equipment Repair,OFC splice loss,3,MEDIUM,2025-08-05,2025-08-05,2025-08-27,8.1,9,MEDIUM,Completed,False
SIG0386,AST0839,SEC014,Level Crossing Equipment,Axle Counter Calibration,Reset failure,4,LOW,2025-05-25,2025-05-27,2025-07-26,8.1,2,LOW,Scheduled,True
SIG0387,AST0740,SEC065,Interlocking,Interlocking Test,Overlap fault,3,MEDIUM,2024-12-30,2025-01-02,2025-01-16,5.7,5,MEDIUM,Completed,True
SIG0388,AST0849,SEC024,Point Machine,Point Machine Servicing,Motor fault,4,LOW,2025-05-26,2025-05-26,2025-07-12,6.2,10,LOW,Scheduled,True
SIG0389,AST0807,SEC057,Level Crossing Equipment,Track Circuit Maintenance,Receiver fault,3,MEDIUM,2025-02-26,2025-02-27,2025-03-29,3.3,11,MEDIUM,Pending,False
SIG0390,AST0721,SEC046,Point Machine,Point Machine Servicing,Motor fault,3,MEDIUM,2025-04-10,2025-04-12,2025-05-12,11.0,6,MEDIUM,Completed,True
SIG0391,AST0991,SEC016,Level Crossing Equipment,Axle Counter Calibration,Count error,2,HIGH,2025-06-25,2025-06-26,2025-07-05,9.3,6,HIGH,Pending,False
SIG0392,AST0817,SEC067,Point Machine,Level Crossing Maintenance,Gate motor issue,1,CRITICAL,2025-03-28,2025-03-29,2025-04-05,9.1,5,HIGH,Completed,True
SIG0393,AST0795,SEC045,Axle Counter,Relay Replacement,Coil failure,3,MEDIUM,2025-12-08,2025-12-08,2025-12-30,1.5,14,MEDIUM,Completed,False
SIG0394,AST0964,SEC064,Interlocking,Interlocking Test,Signal interlocking mismatch,4,LOW,2025-04-25,2025-04-28,2025-06-23,7.1,10,LOW,Completed,False
SIG0395,AST0970,SEC070,Track Circuit,Communication Equipment Repair,Control phone failure,4,LOW,2025-05-28,2025-05-29,2025-07-05,10.3,15,LOW,Pending,True
SIG0396,AST0910,SEC010,Communication Equipment,Axle Counter Calibration,Cable fault,5,LOW,2025-08-09,2025-08-10,2025-11-04,6.2,15,LOW,Pending,True
SIG0397,AST0714,SEC039,Track Circuit,Signal Inspection,Aspect error,2,HIGH,2025-03-07,2025-03-08,2025-03-23,11.6,5,HIGH,Completed,True
SIG0398,AST0701,SEC026,Relay,Signal Inspection,Aspect error,3,MEDIUM,2025-03-27,2025-03-28,2025-04-27,6.8,10,MEDIUM,Pending,True
SIG0399,AST0999,SEC024,Level Crossing Equipment,Relay Replacement,Coil failure,3,MEDIUM,2025-03-30,2025-03-31,2025-04-20,5.2,5,MEDIUM,Pending,False
SIG0400,AST0819,SEC069,Axle Counter,Interlocking Test,Overlap fault,1,CRITICAL,2025-12-08,2025-12-09,2025-12-13,1.0,8,HIGH,Completed,False
SIG0401,AST0759,SEC009,Level Crossing Equipment,Interlocking Test,Route locking fault,5,LOW,2025-09-11,2025-09-14,2025-11-26,3.3,7,LOW,Pending,False
SIG0402,AST0882,SEC057,Track Circuit,Axle Counter Calibration,Sensor misalignment,3,MEDIUM,2025-03-15,2025-03-16,2025-04-07,8.3,3,MEDIUM,Pending,True
SIG0403,AST0961,SEC061,Point Machine,Axle Counter Calibration,Reset failure,4,LOW,2025-11-30,2025-12-03,2026-01-26,6.6,12,LOW,Pending,True
SIG0404,AST0866,SEC041,Track Circuit,Communication Equipment Repair,OFC splice loss,1,CRITICAL,2025-06-29,2025-07-01,2025-07-07,7.3,5,HIGH,Completed,False
SIG0405,AST0792,SEC042,Signal,Point Machine Servicing,Motor fault,4,LOW,2025-04-05,2025-04-07,2025-05-16,1.0,10,LOW,Scheduled,True
SIG0406,AST0751,SEC001,Level Crossing Equipment,Level Crossing Maintenance,Boom barrier fault,5,LOW,2025-04-18,2025-04-21,2025-07-18,5.2,4,LOW,Pending,False
SIG0407,AST0896,SEC071,Signal,Interlocking Test,Signal interlocking mismatch,4,LOW,2025-11-06,2025-11-09,2025-12-10,5.7,6,LOW,Scheduled,True
SIG0408,AST0836,SEC011,Interlocking,Level Crossing Maintenance,Bell failure,2,HIGH,2025-12-19,2025-12-19,2025-12-29,2.2,7,HIGH,Scheduled,True
SIG0409,AST0871,SEC046,Level Crossing Equipment,Relay Replacement,Timing drift,2,HIGH,2025-09-05,2025-09-08,2025-09-20,6.0,2,HIGH,Cancelled,False
SIG0410,AST0860,SEC035,Interlocking,Signal Inspection,Lamp failure,4,LOW,2025-04-28,2025-04-28,2025-06-23,11.5,10,LOW,Scheduled,True
SIG0411,AST0970,SEC070,Track Circuit,Signal Inspection,Aspect error,2,HIGH,2025-11-09,2025-11-11,2025-11-26,5.8,10,HIGH,Pending,False
SIG0412,AST0777,SEC027,Point Machine,Point Machine Servicing,Detection rod issue,2,HIGH,2025-03-29,2025-03-31,2025-04-07,2.3,13,HIGH,Scheduled,True
SIG0413,AST0711,SEC036,Level Crossing Equipment,Track Circuit Maintenance,Bonding defect,4,LOW,2025-04-03,2025-04-04,2025-05-07,7.0,5,LOW,Completed,True
SIG0414,AST0995,SEC020,Axle Counter,Point Machine Servicing,Motor fault,3,MEDIUM,2025-04-30,2025-05-02,2025-05-17,11.8,7,MEDIUM,Completed,True
SIG0415,AST0766,SEC016,Communication Equipment,Level Crossing Maintenance,Lighting defect,4,LOW,2025-10-28,2025-10-29,2025-12-02,11.4,7,LOW,Pending,False
SIG0416,AST0949,SEC049,Relay,Axle Counter Calibration,Sensor misalignment,2,HIGH,2025-08-23,2025-08-25,2025-09-03,7.9,9,HIGH,Pending,True
SIG0417,AST0702,SEC027,Communication Equipment,Communication Equipment Repair,Control phone failure,4,LOW,2025-09-28,2025-09-30,2025-11-11,10.4,9,LOW,Completed,False
SIG0418,AST0974,SEC074,Communication Equipment,Track Circuit Maintenance,Receiver fault,4,LOW,2025-05-14,2025-05-17,2025-07-13,7.7,7,LOW,Completed,True
SIG0419,AST0936,SEC036,Signal,Point Machine Servicing,Detection rod issue,2,HIGH,2025-02-05,2025-02-06,2025-02-15,1.6,15,HIGH,Completed,False
SIG0420,AST0788,SEC038,Interlocking,Communication Equipment Repair,Fiber break,3,MEDIUM,2025-09-29,2025-09-29,2025-10-13,3.5,9,MEDIUM,In Progress,False
SIG0421,AST0784,SEC034,Signal,Track Circuit Maintenance,Feed-end issue,3,MEDIUM,2025-04-29,2025-04-30,2025-05-29,11.6,13,MEDIUM,Pending,True
SIG0422,AST0843,SEC018,Axle Counter,Signal Inspection,Aspect error,2,HIGH,2025-09-10,2025-09-12,2025-09-27,6.9,5,HIGH,Scheduled,False
SIG0423,AST0885,SEC060,Relay,Relay Replacement,Contact oxidation,3,MEDIUM,2025-03-19,2025-03-21,2025-04-08,7.5,8,MEDIUM,Pending,False
SIG0424,AST0811,SEC061,Axle Counter,Axle Counter Calibration,Cable fault,2,HIGH,2025-01-19,2025-01-21,2025-02-04,9.2,13,HIGH,Completed,True
SIG0425,AST0915,SEC015,Axle Counter,Point Machine Servicing,Motor fault,2,HIGH,2025-09-27,2025-09-28,2025-10-07,5.2,15,HIGH,Pending,False
SIG0426,AST0761,SEC011,Point Machine,Track Circuit Maintenance,Feed-end issue,5,LOW,2025-07-02,2025-07-02,2025-08-19,4.5,15,LOW,Scheduled,True
SIG0427,AST0991,SEC016,Level Crossing Equipment,Axle Counter Calibration,Cable fault,3,MEDIUM,2025-01-12,2025-01-13,2025-02-01,7.4,10,MEDIUM,Pending,True
SIG0428,AST0741,SEC066,Relay,Communication Equipment Repair,Fiber break,3,MEDIUM,2025-07-15,2025-07-15,2025-07-31,5.7,4,MEDIUM,Cancelled,False
SIG0429,AST0937,SEC037,Point Machine,Interlocking Test,Logic error,5,LOW,2025-01-20,2025-01-21,2025-04-10,3.1,8,LOW,Scheduled,False
SIG0430,AST0893,SEC068,Relay,Communication Equipment Repair,OFC splice loss,5,LOW,2025-09-25,2025-09-26,2025-11-18,5.8,11,LOW,Completed,False
SIG0431,AST0796,SEC046,Interlocking,Signal Inspection,Aspect error,5,LOW,2025-05-10,2025-05-13,2025-08-01,3.1,15,LOW,Pending,False
SIG0432,AST0864,SEC039,Signal,Point Machine Servicing,Motor fault,3,MEDIUM,2025-11-11,2025-11-13,2025-12-03,2.9,10,MEDIUM,Pending,True
SIG0433,AST0998,SEC023,Communication Equipment,Communication Equipment Repair,Radio fault,5,LOW,2025-12-16,2025-12-19,2026-02-14,9.6,4,LOW,Completed,False
SIG0434,AST0746,SEC071,Track Circuit,Axle Counter Calibration,Reset failure,3,MEDIUM,2025-07-06,2025-07-06,2025-07-22,2.8,6,MEDIUM,Cancelled,True
SIG0435,AST0929,SEC029,Point Machine,Relay Replacement,Timing drift,3,MEDIUM,2025-10-13,2025-10-13,2025-11-05,5.9,13,MEDIUM,Cancelled,True
SIG0436,AST0743,SEC068,Level Crossing Equipment,Point Machine Servicing,Motor fault,2,HIGH,2025-06-06,2025-06-06,2025-06-20,10.5,8,HIGH,In Progress,True
SIG0437,AST0847,SEC022,Level Crossing Equipment,Point Machine Servicing,Motor fault,2,HIGH,2025-10-06,2025-10-07,2025-10-21,7.2,14,HIGH,Completed,False
SIG0438,AST0765,SEC015,Relay,Axle Counter Calibration,Reset failure,4,LOW,2025-09-06,2025-09-08,2025-11-01,5.3,11,LOW,Scheduled,True
SIG0439,AST0820,SEC070,Interlocking,Level Crossing Maintenance,Gate motor issue,3,MEDIUM,2025-08-23,2025-08-23,2025-09-20,11.2,8,MEDIUM,In Progress,True
SIG0440,AST0768,SEC018,Signal,Level Crossing Maintenance,Gate motor issue,4,LOW,2025-06-04,2025-06-06,2025-07-11,9.4,8,LOW,Pending,True
SIG0441,AST0712,SEC037,Signal,Interlocking Test,Overlap fault,4,LOW,2025-07-18,2025-07-20,2025-09-14,7.8,15,LOW,Cancelled,True
SIG0442,AST0891,SEC066,Axle Counter,Signal Inspection,Aspect error,2,HIGH,2025-01-07,2025-01-09,2025-01-20,7.9,13,HIGH,Completed,True
SIG0443,AST0937,SEC037,Point Machine,Interlocking Test,Logic error,4,LOW,2025-02-07,2025-02-08,2025-03-15,6.0,8,LOW,Pending,True
SIG0444,AST0799,SEC049,Level Crossing Equipment,Communication Equipment Repair,Radio fault,3,MEDIUM,2025-09-15,2025-09-18,2025-10-11,4.8,3,MEDIUM,In Progress,False
SIG0445,AST0902,SEC002,Communication Equipment,Signal Inspection,Aspect error,3,MEDIUM,2025-01-15,2025-01-15,2025-02-01,9.5,2,MEDIUM,Completed,False
SIG0446,AST0964,SEC064,Interlocking,Level Crossing Maintenance,Boom barrier fault,3,MEDIUM,2025-12-01,2025-12-01,2025-12-22,1.2,6,MEDIUM,In Progress,True
SIG0447,AST0910,SEC010,Communication Equipment,Axle Counter Calibration,Sensor misalignment,2,HIGH,2025-09-23,2025-09-24,2025-10-01,3.7,4,HIGH,In Progress,False
SIG0448,AST0780,SEC030,Interlocking,Interlocking Test,Overlap fault,3,MEDIUM,2025-11-15,2025-11-15,2025-12-11,9.9,12,MEDIUM,Scheduled,True
SIG0449,AST0707,SEC032,Axle Counter,Relay Replacement,Coil failure,1,CRITICAL,2025-12-15,2025-12-16,2025-12-23,3.7,15,HIGH,In Progress,False
SIG0450,AST0916,SEC016,Interlocking,Axle Counter Calibration,Count error,5,LOW,2025-10-07,2025-10-10,2025-11-27,3.1,2,LOW,Scheduled,True
SIG0451,AST0975,SEC075,Level Crossing Equipment,Axle Counter Calibration,Count error,2,HIGH,2025-01-10,2025-01-12,2025-01-27,10.8,6,HIGH,Cancelled,False
SIG0452,AST0781,SEC031,Relay,Point Machine Servicing,Lock bar defect,3,MEDIUM,2025-01-31,2025-02-03,2025-03-02,9.6,15,MEDIUM,Completed,True
SIG0453,AST0798,SEC048,Communication Equipment,Signal Inspection,Signal post tilt,2,HIGH,2025-07-30,2025-07-31,2025-08-12,11.8,6,HIGH,In Progress,False
SIG0454,AST0836,SEC011,Interlocking,Signal Inspection,Lamp failure,3,MEDIUM,2025-06-28,2025-06-29,2025-07-20,9.9,5,MEDIUM,Cancelled,True
SIG0455,AST0875,SEC050,Axle Counter,Communication Equipment Repair,Fiber break,3,MEDIUM,2025-09-19,2025-09-20,2025-10-06,2.5,13,MEDIUM,Pending,True
SIG0456,AST0847,SEC022,Level Crossing Equipment,Level Crossing Maintenance,Gate motor issue,2,HIGH,2025-03-24,2025-03-25,2025-04-09,2.7,9,HIGH,Pending,False
SIG0457,AST0758,SEC008,Communication Equipment,Relay Replacement,Mechanical wear,2,HIGH,2025-12-13,2025-12-14,2025-12-22,3.4,3,HIGH,Scheduled,True
SIG0458,AST0834,SEC009,Track Circuit,Level Crossing Maintenance,Boom barrier fault,4,LOW,2025-09-14,2025-09-14,2025-11-13,8.1,12,LOW,Pending,False
SIG0459,AST0960,SEC060,Signal,Communication Equipment Repair,Control phone failure,3,MEDIUM,2025-07-09,2025-07-12,2025-08-09,7.8,2,MEDIUM,Cancelled,True
SIG0460,AST0997,SEC022,Relay,Communication Equipment Repair,OFC splice loss,3,MEDIUM,2025-06-26,2025-06-27,2025-07-14,2.8,6,MEDIUM,Cancelled,True
SIG0461,AST0771,SEC021,Axle Counter,Interlocking Test,Overlap fault,4,LOW,2025-04-18,2025-04-18,2025-06-15,4.1,11,LOW,Completed,True
SIG0462,AST0776,SEC026,Signal,Axle Counter Calibration,Reset failure,5,LOW,2025-03-21,2025-03-22,2025-06-04,2.7,3,LOW,Completed,True
SIG0463,AST0861,SEC036,Relay,Signal Inspection,Aspect error,5,LOW,2025-10-19,2025-10-19,2025-12-25,5.1,4,LOW,Completed,False
SIG0464,AST0911,SEC011,Level Crossing Equipment,Communication Equipment Repair,OFC splice loss,2,HIGH,2025-07-28,2025-07-30,2025-08-09,10.5,7,HIGH,Completed,False
SIG0465,AST0841,SEC016,Point Machine,Signal Inspection,Lens damage,2,HIGH,2025-04-21,2025-04-22,2025-04-29,10.1,13,HIGH,Completed,True
SIG0466,AST0861,SEC036,Relay,Communication Equipment Repair,OFC splice loss,2,HIGH,2025-05-15,2025-05-16,2025-05-24,7.4,7,HIGH,Pending,True
SIG0467,AST0894,SEC069,Communication Equipment,Signal Inspection,Lamp failure,4,LOW,2025-04-23,2025-04-25,2025-05-23,3.3,9,LOW,Completed,False
SIG0468,AST0973,SEC073,Relay,Relay Replacement,Coil failure,5,LOW,2025-05-26,2025-05-29,2025-08-19,3.9,7,LOW,Completed,False
SIG0469,AST0966,SEC066,Communication Equipment,Interlocking Test,Overlap fault,2,HIGH,2025-11-24,2025-11-25,2025-12-08,5.1,9,HIGH,Pending,True
SIG0470,AST0723,SEC048,Axle Counter,Communication Equipment Repair,OFC splice loss,4,LOW,2025-12-13,2025-12-13,2026-01-08,11.5,5,LOW,Completed,False
SIG0471,AST0864,SEC039,Signal,Interlocking Test,Route locking fault,3,MEDIUM,2024-12-31,2025-01-03,2025-01-25,3.6,11,MEDIUM,Completed,True
SIG0472,AST0725,SEC050,Relay,Interlocking Test,Route locking fault,4,LOW,2025-04-13,2025-04-14,2025-06-02,11.9,7,LOW,Completed,True
SIG0473,AST0869,SEC044,Relay,Interlocking Test,Route locking fault,3,MEDIUM,2025-02-27,2025-02-28,2025-03-27,3.0,14,MEDIUM,Completed,False
SIG0474,AST0986,SEC011,Track Circuit,Point Machine Servicing,Lock bar defect,5,LOW,2025-07-30,2025-07-30,2025-09-14,8.6,2,LOW,Completed,True
SIG0475,AST0912,SEC012,Signal,Relay Replacement,Mechanical wear,4,LOW,2025-03-06,2025-03-07,2025-04-16,2.9,4,LOW,Completed,True
SIG0476,AST0853,SEC028,Relay,Axle Counter Calibration,Count error,3,MEDIUM,2025-02-15,2025-02-18,2025-03-15,1.6,3,MEDIUM,Cancelled,False
SIG0477,AST0812,SEC062,Interlocking,Relay Replacement,Mechanical wear,2,HIGH,2025-12-14,2025-12-16,2025-12-27,9.3,2,HIGH,Pending,False
SIG0478,AST0947,SEC047,Axle Counter,Point Machine Servicing,Clutch slip,3,MEDIUM,2025-10-09,2025-10-10,2025-11-06,3.9,7,MEDIUM,Pending,False
SIG0479,AST0713,SEC038,Point Machine,Signal Inspection,Lamp failure,4,LOW,2025-09-24,2025-09-27,2025-11-11,9.3,3,LOW,Completed,True
SIG0480,AST0820,SEC070,Interlocking,Axle Counter Calibration,Sensor misalignment,1,CRITICAL,2025-03-29,2025-03-30,2025-04-05,2.9,2,HIGH,Cancelled,True
SIG0481,AST0740,SEC065,Interlocking,Track Circuit Maintenance,Receiver fault,4,LOW,2025-10-12,2025-10-15,2025-11-13,4.1,8,LOW,Cancelled,True
SIG0482,AST0867,SEC042,Axle Counter,Track Circuit Maintenance,Bonding defect,2,HIGH,2025-06-07,2025-06-10,2025-06-25,5.9,3,HIGH,Pending,False
SIG0483,AST1000,SEC025,Signal,Relay Replacement,Mechanical wear,1,CRITICAL,2025-01-21,2025-01-23,2025-01-26,10.1,2,HIGH,Completed,True
SIG0484,AST0851,SEC026,Axle Counter,Axle Counter Calibration,Sensor misalignment,5,LOW,2025-06-04,2025-06-06,2025-08-15,4.7,2,LOW,Completed,True
SIG0485,AST0938,SEC038,Track Circuit,Signal Inspection,Lens damage,3,MEDIUM,2025-02-23,2025-02-26,2025-03-15,2.4,5,MEDIUM,Completed,False
SIG0486,AST0769,SEC019,Point Machine,Communication Equipment Repair,Fiber break,3,MEDIUM,2025-05-19,2025-05-20,2025-06-16,3.5,12,MEDIUM,Pending,True
SIG0487,AST0774,SEC024,Communication Equipment,Relay Replacement,Mechanical wear,3,MEDIUM,2025-05-29,2025-05-29,2025-06-16,3.7,9,MEDIUM,Pending,False
SIG0488,AST0778,SEC028,Track Circuit,Communication Equipment Repair,OFC splice loss,3,MEDIUM,2025-02-06,2025-02-09,2025-03-08,2.3,11,MEDIUM,Cancelled,False
SIG0489,AST0986,SEC011,Track Circuit,Interlocking Test,Overlap fault,2,HIGH,2025-03-17,2025-03-17,2025-03-26,4.5,3,HIGH,Scheduled,True
SIG0490,AST0784,SEC034,Signal,Signal Inspection,Signal post tilt,4,LOW,2025-08-24,2025-08-26,2025-10-07,7.5,3,LOW,Completed,False
SIG0491,AST0743,SEC068,Level Crossing Equipment,Track Circuit Maintenance,Receiver fault,5,LOW,2025-10-19,2025-10-22,2025-12-19,9.7,6,LOW,Completed,False
SIG0492,AST0808,SEC058,Signal,Relay Replacement,Timing drift,3,MEDIUM,2025-07-18,2025-07-18,2025-08-13,9.0,13,MEDIUM,Scheduled,False
SIG0493,AST0945,SEC045,Point Machine,Level Crossing Maintenance,Boom barrier fault,4,LOW,2025-05-10,2025-05-12,2025-06-09,9.7,9,LOW,Scheduled,True
SIG0494,AST0710,SEC035,Communication Equipment,Signal Inspection,Lens damage,4,LOW,2025-01-18,2025-01-19,2025-02-21,4.4,9,LOW,Scheduled,True
SIG0495,AST0729,SEC054,Point Machine,Track Circuit Maintenance,Insulation failure,3,MEDIUM,2025-09-05,2025-09-08,2025-09-28,10.4,15,MEDIUM,Pending,True
SIG0496,AST0981,SEC006,Relay,Track Circuit Maintenance,Feed-end issue,4,LOW,2025-01-23,2025-01-25,2025-03-04,7.5,9,LOW,Scheduled,True
SIG0497,AST0738,SEC063,Track Circuit,Relay Replacement,Timing drift,3,MEDIUM,2025-10-12,2025-10-12,2025-11-05,10.8,14,MEDIUM,Completed,True
SIG0498,AST0986,SEC011,Track Circuit,Signal Inspection,Signal post tilt,3,MEDIUM,2025-11-02,2025-11-02,2025-11-27,7.9,6,MEDIUM,In Progress,False
SIG0499,AST0818,SEC068,Track Circuit,Signal Inspection,Signal post tilt,2,HIGH,2025-12-13,2025-12-13,2025-12-28,5.7,14,HIGH,Pending,False
SIG0500,AST0930,SEC030,Track Circuit,Signal Inspection,Lens damage,3,MEDIUM,2025-04-06,2025-04-08,2025-05-01,11.7,2,MEDIUM,Pending,False
SIG0501,AST0851,SEC026,Axle Counter,Communication Equipment Repair,OFC splice loss,3,MEDIUM,2025-02-08,2025-02-11,2025-03-02,2.9,4,MEDIUM,In Progress,True
SIG0502,AST0818,SEC068,Track Circuit,Point Machine Servicing,Clutch slip,3,MEDIUM,2025-08-29,2025-08-29,2025-09-21,2.6,12,MEDIUM,Pending,True
SIG0503,AST0866,SEC041,Track Circuit,Interlocking Test,Logic error,3,MEDIUM,2025-05-20,2025-05-23,2025-06-06,1.7,6,MEDIUM,In Progress,True
SIG0504,AST0799,SEC049,Level Crossing Equipment,Relay Replacement,Mechanical wear,2,HIGH,2025-09-29,2025-10-01,2025-10-13,1.6,11,HIGH,Completed,False
SIG0505,AST0706,SEC031,Track Circuit,Relay Replacement,Contact oxidation,4,LOW,2025-06-08,2025-06-08,2025-08-03,7.3,13,LOW,Completed,True
SIG0506,AST0974,SEC074,Communication Equipment,Track Circuit Maintenance,Feed-end issue,3,MEDIUM,2025-04-13,2025-04-15,2025-05-07,4.6,3,MEDIUM,Completed,True
SIG0507,AST0865,SEC040,Point Machine,Communication Equipment Repair,Fiber break,2,HIGH,2025-12-10,2025-12-10,2025-12-18,2.2,10,HIGH,In Progress,False
SIG0508,AST0723,SEC048,Axle Counter,Level Crossing Maintenance,Lighting defect,3,MEDIUM,2025-01-21,2025-01-22,2025-02-20,4.7,7,MEDIUM,Pending,True
SIG0509,AST0844,SEC019,Interlocking,Axle Counter Calibration,Cable fault,3,MEDIUM,2025-11-06,2025-11-09,2025-12-04,10.7,15,MEDIUM,Scheduled,True
SIG0510,AST0734,SEC059,Communication Equipment,Interlocking Test,Overlap fault,3,MEDIUM,2025-04-29,2025-05-01,2025-05-29,11.5,6,MEDIUM,Pending,False
SIG0511,AST0870,SEC045,Communication Equipment,Point Machine Servicing,Lock bar defect,3,MEDIUM,2025-03-14,2025-03-17,2025-04-11,1.5,5,MEDIUM,Completed,False
SIG0512,AST0933,SEC033,Relay,Track Circuit Maintenance,Feed-end issue,3,MEDIUM,2025-02-27,2025-03-02,2025-03-16,11.2,12,MEDIUM,Completed,True
SIG0513,AST0971,SEC071,Axle Counter,Interlocking Test,Route locking fault,5,LOW,2025-07-26,2025-07-26,2025-10-18,10.5,4,LOW,Pending,False
SIG0514,AST0906,SEC006,Track Circuit,Interlocking Test,Logic error,3,MEDIUM,2025-10-21,2025-10-22,2025-11-20,10.4,15,MEDIUM,Completed,True
SIG0515,AST0918,SEC018,Communication Equipment,Point Machine Servicing,Clutch slip,3,MEDIUM,2025-01-02,2025-01-04,2025-01-28,9.6,3,MEDIUM,Scheduled,True
SIG0516,AST0775,SEC025,Level Crossing Equipment,Communication Equipment Repair,OFC splice loss,3,MEDIUM,2025-02-21,2025-02-21,2025-03-17,1.6,12,MEDIUM,Completed,False
SIG0517,AST0954,SEC054,Track Circuit,Communication Equipment Repair,Radio fault,3,MEDIUM,2025-08-21,2025-08-22,2025-09-11,5.6,3,MEDIUM,Completed,False
SIG0518,AST0710,SEC035,Communication Equipment,Axle Counter Calibration,Cable fault,4,LOW,2025-11-28,2025-11-28,2026-01-06,3.8,10,LOW,Completed,True
SIG0519,AST0999,SEC024,Level Crossing Equipment,Track Circuit Maintenance,Receiver fault,4,LOW,2025-09-10,2025-09-10,2025-11-05,2.1,8,LOW,Pending,True
SIG0520,AST0782,SEC032,Communication Equipment,Track Circuit Maintenance,Receiver fault,4,LOW,2025-05-21,2025-05-23,2025-07-21,4.6,3,LOW,Scheduled,False
SIG0521,AST0863,SEC038,Level Crossing Equipment,Interlocking Test,Signal interlocking mismatch,2,HIGH,2025-02-12,2025-02-15,2025-02-23,11.5,12,HIGH,Completed,False
SIG0522,AST0869,SEC044,Relay,Interlocking Test,Logic error,4,LOW,2025-01-23,2025-01-26,2025-03-04,7.0,14,LOW,Completed,False
SIG0523,AST0750,SEC075,Communication Equipment,Point Machine Servicing,Lock bar defect,3,MEDIUM,2025-02-28,2025-03-02,2025-04-01,6.9,15,MEDIUM,Completed,False
SIG0524,AST0871,SEC046,Level Crossing Equipment,Communication Equipment Repair,Radio fault,5,LOW,2025-12-07,2025-12-08,2026-02-01,5.4,11,LOW,Scheduled,False
SIG0525,AST0815,SEC065,Level Crossing Equipment,Relay Replacement,Contact oxidation,3,MEDIUM,2025-08-27,2025-08-30,2025-09-15,9.8,10,MEDIUM,Completed,False
SIG0526,AST0719,SEC044,Level Crossing Equipment,Relay Replacement,Coil failure,2,HIGH,2025-10-29,2025-10-31,2025-11-11,7.3,11,HIGH,Completed,False
SIG0527,AST0717,SEC042,Relay,Signal Inspection,Lens damage,3,MEDIUM,2025-12-17,2025-12-17,2025-12-31,4.0,8,MEDIUM,Scheduled,False
SIG0528,AST0793,SEC043,Point Machine,Interlocking Test,Route locking fault,3,MEDIUM,2025-10-04,2025-10-06,2025-10-24,2.3,4,MEDIUM,Pending,True
SIG0529,AST0881,SEC056,Point Machine,Axle Counter Calibration,Count error,3,MEDIUM,2025-01-18,2025-01-20,2025-02-17,11.7,7,MEDIUM,Completed,True
SIG0530,AST0745,SEC070,Point Machine,Relay Replacement,Contact oxidation,1,CRITICAL,2025-01-26,2025-01-27,2025-01-30,11.2,4,HIGH,Pending,True
SIG0531,AST0744,SEC069,Signal,Level Crossing Maintenance,Gate motor issue,3,MEDIUM,2025-12-12,2025-12-13,2026-01-02,9.3,15,MEDIUM,In Progress,True
SIG0532,AST0758,SEC008,Communication Equipment,Point Machine Servicing,Lock bar defect,2,HIGH,2025-09-15,2025-09-18,2025-10-01,5.7,11,HIGH,In Progress,True
SIG0533,AST0859,SEC034,Axle Counter,Signal Inspection,Lens damage,3,MEDIUM,2025-08-19,2025-08-20,2025-09-12,4.7,12,MEDIUM,Completed,True
SIG0534,AST0994,SEC019,Track Circuit,Track Circuit Maintenance,Feed-end issue,3,MEDIUM,2025-05-11,2025-05-12,2025-06-10,9.9,8,MEDIUM,Completed,False
SIG0535,AST0887,SEC062,Level Crossing Equipment,Interlocking Test,Logic error,3,MEDIUM,2025-06-05,2025-06-05,2025-06-22,7.3,7,MEDIUM,Scheduled,False
SIG0536,AST0903,SEC003,Level Crossing Equipment,Point Machine Servicing,Lock bar defect,2,HIGH,2025-12-03,2025-12-05,2025-12-19,2.3,3,HIGH,Pending,False
SIG0537,AST0986,SEC011,Track Circuit,Level Crossing Maintenance,Gate motor issue,1,CRITICAL,2025-07-24,2025-07-27,2025-08-03,11.0,8,HIGH,Completed,True
SIG0538,AST0862,SEC037,Communication Equipment,Communication Equipment Repair,OFC splice loss,1,CRITICAL,2025-06-14,2025-06-15,2025-06-22,1.6,3,HIGH,Completed,True
SIG0539,AST0937,SEC037,Point Machine,Axle Counter Calibration,Count error,4,LOW,2025-01-26,2025-01-27,2025-02-24,3.4,8,LOW,Scheduled,True
SIG0540,AST0965,SEC065,Relay,Level Crossing Maintenance,Lighting defect,2,HIGH,2025-05-24,2025-05-25,2025-06-04,1.7,7,HIGH,Completed,False
SIG0541,AST0946,SEC046,Track Circuit,Track Circuit Maintenance,Feed-end issue,2,HIGH,2025-07-15,2025-07-16,2025-07-25,7.3,10,HIGH,Pending,True
SIG0542,AST0972,SEC072,Interlocking,Interlocking Test,Signal interlocking mismatch,3,MEDIUM,2025-03-10,2025-03-13,2025-03-29,5.2,7,MEDIUM,In Progress,True
SIG0543,AST0854,SEC029,Communication Equipment,Level Crossing Maintenance,Boom barrier fault,4,LOW,2025-11-08,2025-11-10,2025-12-29,10.2,9,LOW,Pending,True
SIG0544,AST0808,SEC058,Signal,Relay Replacement,Timing drift,3,MEDIUM,2025-02-05,2025-02-08,2025-03-02,8.0,5,MEDIUM,Completed,True
SIG0545,AST0951,SEC051,Level Crossing Equipment,Communication Equipment Repair,Radio fault,4,LOW,2025-03-05,2025-03-06,2025-04-22,3.0,12,LOW,Completed,True
SIG0546,AST0904,SEC004,Signal,Level Crossing Maintenance,Bell failure,4,LOW,2025-04-24,2025-04-26,2025-06-03,6.2,12,LOW,Completed,True
SIG0547,AST0850,SEC025,Track Circuit,Signal Inspection,Lens damage,3,MEDIUM,2025-09-19,2025-09-21,2025-10-13,1.2,8,MEDIUM,Completed,True
SIG0548,AST0708,SEC033,Interlocking,Track Circuit Maintenance,Feed-end issue,4,LOW,2025-11-12,2025-11-15,2026-01-02,6.0,4,LOW,Cancelled,True
SIG0549,AST0830,SEC005,Communication Equipment,Track Circuit Maintenance,Receiver fault,3,MEDIUM,2025-03-17,2025-03-19,2025-04-06,11.8,5,MEDIUM,In Progress,False
SIG0550,AST0834,SEC009,Track Circuit,Communication Equipment Repair,Control phone failure,2,HIGH,2025-12-08,2025-12-10,2025-12-25,8.5,12,HIGH,Completed,True
SIG0551,AST0882,SEC057,Track Circuit,Interlocking Test,Route locking fault,4,LOW,2025-04-15,2025-04-18,2025-05-17,9.8,3,LOW,Completed,True
SIG0552,AST0752,SEC002,Signal,Relay Replacement,Timing drift,3,MEDIUM,2025-01-04,2025-01-07,2025-01-30,5.1,10,MEDIUM,Cancelled,True
SIG0553,AST0867,SEC042,Axle Counter,Relay Replacement,Mechanical wear,2,HIGH,2025-07-31,2025-08-03,2025-08-13,10.9,4,HIGH,Completed,False
SIG0554,AST0911,SEC011,Level Crossing Equipment,Relay Replacement,Coil failure,3,MEDIUM,2025-11-01,2025-11-01,2025-11-30,8.0,2,MEDIUM,Scheduled,False
SIG0555,AST0993,SEC018,Point Machine,Interlocking Test,Logic error,4,LOW,2025-05-22,2025-05-25,2025-07-22,4.7,13,LOW,Pending,False
SIG0556,AST0877,SEC052,Relay,Axle Counter Calibration,Count error,3,MEDIUM,2025-09-22,2025-09-25,2025-10-10,6.4,15,MEDIUM,Pending,True
SIG0557,AST0790,SEC040,Communication Equipment,Axle Counter Calibration,Reset failure,4,LOW,2025-06-16,2025-06-18,2025-07-15,10.0,5,LOW,Completed,True
SIG0558,AST1000,SEC025,Signal,Interlocking Test,Route locking fault,5,LOW,2025-02-04,2025-02-05,2025-04-06,5.7,7,LOW,Completed,True
SIG0559,AST0924,SEC024,Interlocking,Communication Equipment Repair,OFC splice loss,1,CRITICAL,2025-03-25,2025-03-28,2025-04-01,11.4,14,HIGH,Completed,True
SIG0560,AST0971,SEC071,Axle Counter,Point Machine Servicing,Detection rod issue,2,HIGH,2025-02-11,2025-02-14,2025-02-23,11.9,10,HIGH,Completed,False
SIG0561,AST0985,SEC010,Point Machine,Point Machine Servicing,Lock bar defect,3,MEDIUM,2025-01-11,2025-01-13,2025-02-01,5.3,11,MEDIUM,Completed,True
SIG0562,AST0874,SEC049,Track Circuit,Interlocking Test,Route locking fault,4,LOW,2025-02-21,2025-02-21,2025-04-04,7.7,11,LOW,Pending,True
SIG0563,AST0725,SEC050,Relay,Track Circuit Maintenance,Insulation failure,3,MEDIUM,2025-05-05,2025-05-08,2025-05-31,5.2,12,MEDIUM,Pending,False
SIG0564,AST0819,SEC069,Axle Counter,Point Machine Servicing,Lock bar defect,3,MEDIUM,2025-11-28,2025-11-28,2025-12-19,4.0,7,MEDIUM,Scheduled,False
SIG0565,AST0786,SEC036,Track Circuit,Interlocking Test,Signal interlocking mismatch,4,LOW,2025-12-01,2025-12-04,2026-01-20,11.6,10,LOW,Completed,False
SIG0566,AST0897,SEC072,Point Machine,Interlocking Test,Signal interlocking mismatch,3,MEDIUM,2025-06-16,2025-06-17,2025-07-04,7.4,13,MEDIUM,Completed,True
SIG0567,AST0808,SEC058,Signal,Interlocking Test,Route locking fault,2,HIGH,2025-02-12,2025-02-14,2025-02-25,2.9,12,HIGH,Completed,True
SIG0568,AST0845,SEC020,Relay,Relay Replacement,Mechanical wear,3,MEDIUM,2025-01-24,2025-01-26,2025-02-22,9.4,15,MEDIUM,Pending,False
SIG0569,AST0867,SEC042,Axle Counter,Interlocking Test,Route locking fault,5,LOW,2025-07-24,2025-07-25,2025-10-13,4.2,3,LOW,Completed,False
SIG0570,AST0918,SEC018,Communication Equipment,Signal Inspection,Aspect error,5,LOW,2025-11-22,2025-11-22,2026-01-05,3.7,12,LOW,Completed,False
SIG0571,AST0981,SEC006,Relay,Relay Replacement,Mechanical wear,4,LOW,2025-05-16,2025-05-18,2025-07-01,1.9,11,LOW,In Progress,False
SIG0572,AST0901,SEC001,Relay,Signal Inspection,Lens damage,3,MEDIUM,2025-11-10,2025-11-11,2025-12-04,3.3,2,MEDIUM,Completed,True
SIG0573,AST0706,SEC031,Track Circuit,Point Machine Servicing,Clutch slip,3,MEDIUM,2025-04-29,2025-05-02,2025-05-19,11.3,7,MEDIUM,Cancelled,True
SIG0574,AST0971,SEC071,Axle Counter,Level Crossing Maintenance,Gate motor issue,2,HIGH,2025-04-12,2025-04-14,2025-04-24,6.6,12,HIGH,Scheduled,False
SIG0575,AST0949,SEC049,Relay,Point Machine Servicing,Lock bar defect,4,LOW,2025-08-25,2025-08-27,2025-09-22,10.8,8,LOW,In Progress,False
SIG0576,AST0921,SEC021,Point Machine,Communication Equipment Repair,Control phone failure,2,HIGH,2025-05-12,2025-05-12,2025-05-24,6.4,6,HIGH,Completed,False
SIG0577,AST0790,SEC040,Communication Equipment,Relay Replacement,Contact oxidation,3,MEDIUM,2025-05-13,2025-05-15,2025-06-05,3.1,3,MEDIUM,Pending,False
SIG0578,AST0830,SEC005,Communication Equipment,Communication Equipment Repair,Fiber break,3,MEDIUM,2025-01-21,2025-01-22,2025-02-13,9.4,12,MEDIUM,Pending,False
SIG0579,AST0861,SEC036,Relay,Point Machine Servicing,Clutch slip,2,HIGH,2025-09-28,2025-10-01,2025-10-14,1.3,10,HIGH,In Progress,True
SIG0580,AST0948,SEC048,Interlocking,Interlocking Test,Route locking fault,4,LOW,2025-05-10,2025-05-10,2025-07-08,7.5,7,LOW,Scheduled,True
SIG0581,AST0877,SEC052,Relay,Signal Inspection,Aspect error,5,LOW,2025-09-22,2025-09-23,2025-11-29,8.7,9,LOW,Pending,False
SIG0582,AST0750,SEC075,Communication Equipment,Signal Inspection,Signal post tilt,3,MEDIUM,2025-04-14,2025-04-15,2025-04-29,1.1,8,MEDIUM,Completed,False
SIG0583,AST0762,SEC012,Track Circuit,Point Machine Servicing,Clutch slip,2,HIGH,2025-02-20,2025-02-20,2025-03-05,1.1,11,HIGH,Scheduled,True
SIG0584,AST0751,SEC001,Level Crossing Equipment,Level Crossing Maintenance,Gate motor issue,4,LOW,2025-01-31,2025-02-01,2025-03-25,12.0,13,LOW,Scheduled,False
SIG0585,AST0857,SEC032,Point Machine,Track Circuit Maintenance,Receiver fault,1,CRITICAL,2025-01-10,2025-01-11,2025-01-18,7.2,4,HIGH,Pending,True
SIG0586,AST0808,SEC058,Signal,Signal Inspection,Signal post tilt,2,HIGH,2025-03-02,2025-03-04,2025-03-18,10.4,7,HIGH,Completed,False
SIG0587,AST0754,SEC004,Track Circuit,Axle Counter Calibration,Sensor misalignment,3,MEDIUM,2025-04-22,2025-04-24,2025-05-12,8.2,14,MEDIUM,Completed,True
SIG0588,AST0966,SEC066,Communication Equipment,Signal Inspection,Aspect error,4,LOW,2025-10-28,2025-10-31,2025-12-07,11.6,2,LOW,In Progress,True
SIG0589,AST0856,SEC031,Signal,Axle Counter Calibration,Count error,3,MEDIUM,2025-08-30,2025-08-31,2025-09-28,10.7,9,MEDIUM,Scheduled,True
SIG0590,AST0909,SEC009,Relay,Signal Inspection,Signal post tilt,4,LOW,2025-11-08,2025-11-10,2025-12-20,1.2,2,LOW,Scheduled,False
SIG0591,AST0912,SEC012,Signal,Axle Counter Calibration,Count error,3,MEDIUM,2025-01-27,2025-01-29,2025-02-23,11.5,11,MEDIUM,Pending,False
SIG0592,AST0707,SEC032,Axle Counter,Axle Counter Calibration,Cable fault,5,LOW,2025-06-26,2025-06-28,2025-08-30,11.2,13,LOW,Completed,False
SIG0593,AST0778,SEC028,Track Circuit,Level Crossing Maintenance,Bell failure,3,MEDIUM,2025-01-16,2025-01-17,2025-02-02,5.5,3,MEDIUM,Completed,True
SIG0594,AST0967,SEC067,Level Crossing Equipment,Communication Equipment Repair,OFC splice loss,2,HIGH,2025-03-12,2025-03-14,2025-03-21,4.5,2,HIGH,Scheduled,False
SIG0595,AST0836,SEC011,Interlocking,Interlocking Test,Route locking fault,3,MEDIUM,2025-09-16,2025-09-19,2025-10-04,5.6,2,MEDIUM,Scheduled,True
SIG0596,AST0834,SEC009,Track Circuit,Communication Equipment Repair,Fiber break,4,LOW,2025-03-23,2025-03-25,2025-04-19,11.2,8,LOW,Pending,True
SIG0597,AST0707,SEC032,Axle Counter,Track Circuit Maintenance,Receiver fault,4,LOW,2025-09-26,2025-09-27,2025-11-07,5.6,3,LOW,Scheduled,False
SIG0598,AST0903,SEC003,Level Crossing Equipment,Signal Inspection,Signal post tilt,3,MEDIUM,2025-02-14,2025-02-15,2025-03-14,5.9,6,MEDIUM,Pending,False
SIG0599,AST0813,SEC063,Relay,Point Machine Servicing,Clutch slip,4,LOW,2025-05-03,2025-05-05,2025-06-08,6.5,9,LOW,Completed,False
SIG0600,AST0929,SEC029,Point Machine,Point Machine Servicing,Lock bar defect,3,MEDIUM,2025-06-15,2025-06-17,2025-07-03,5.2,14,MEDIUM,Completed,True
SIG0601,AST0734,SEC059,Communication Equipment,Point Machine Servicing,Motor fault,4,LOW,2025-11-30,2025-11-30,2025-12-28,4.0,10,LOW,Completed,False
SIG0602,AST0708,SEC033,Interlocking,Track Circuit Maintenance,Receiver fault,3,MEDIUM,2025-05-20,2025-05-22,2025-06-10,8.3,6,MEDIUM,Cancelled,True
SIG0603,AST0847,SEC022,Level Crossing Equipment,Signal Inspection,Lamp failure,2,HIGH,2025-09-29,2025-10-01,2025-10-08,8.3,9,HIGH,Completed,True
SIG0604,AST0960,SEC060,Signal,Point Machine Servicing,Lock bar defect,3,MEDIUM,2025-07-02,2025-07-04,2025-08-02,9.3,6,MEDIUM,In Progress,True
SIG0605,AST0719,SEC044,Level Crossing Equipment,Axle Counter Calibration,Count error,4,LOW,2025-11-04,2025-11-04,2026-01-02,11.5,4,LOW,Pending,False
SIG0606,AST0780,SEC030,Interlocking,Point Machine Servicing,Clutch slip,3,MEDIUM,2025-05-16,2025-05-18,2025-06-09,8.8,9,MEDIUM,Completed,False
SIG0607,AST0764,SEC014,Interlocking,Signal Inspection,Lens damage,3,MEDIUM,2025-01-16,2025-01-18,2025-02-14,3.8,2,MEDIUM,Completed,True
SIG0608,AST0791,SEC041,Level Crossing Equipment,Track Circuit Maintenance,Bonding defect,2,HIGH,2025-09-22,2025-09-24,2025-10-05,6.3,6,HIGH,Completed,True
SIG0609,AST0725,SEC050,Relay,Point Machine Servicing,Lock bar defect,3,MEDIUM,2025-02-01,2025-02-02,2025-03-03,8.9,10,MEDIUM,Scheduled,True
SIG0610,AST0956,SEC056,Interlocking,Axle Counter Calibration,Reset failure,3,MEDIUM,2025-11-14,2025-11-15,2025-12-14,5.6,15,MEDIUM,Pending,True
SIG0611,AST0907,SEC007,Axle Counter,Track Circuit Maintenance,Feed-end issue,3,MEDIUM,2025-03-18,2025-03-19,2025-04-07,3.7,12,MEDIUM,In Progress,False
SIG0612,AST0803,SEC053,Axle Counter,Signal Inspection,Signal post tilt,5,LOW,2025-01-06,2025-01-09,2025-03-16,5.2,6,LOW,Completed,True
SIG0613,AST0841,SEC016,Point Machine,Communication Equipment Repair,OFC splice loss,4,LOW,2025-07-30,2025-07-31,2025-09-21,7.1,11,LOW,Completed,True
SIG0614,AST0921,SEC021,Point Machine,Interlocking Test,Route locking fault,4,LOW,2025-09-09,2025-09-12,2025-10-16,5.2,15,LOW,Pending,True
SIG0615,AST0886,SEC061,Communication Equipment,Signal Inspection,Signal post tilt,4,LOW,2025-10-29,2025-10-30,2025-11-30,7.7,6,LOW,Scheduled,False
SIG0616,AST0982,SEC007,Communication Equipment,Track Circuit Maintenance,Feed-end issue,3,MEDIUM,2025-07-29,2025-07-30,2025-08-29,11.9,2,MEDIUM,Completed,False
SIG0617,AST0736,SEC061,Signal,Signal Inspection,Lens damage,5,LOW,2025-03-17,2025-03-19,2025-06-10,2.0,2,LOW,Completed,True
SIG0618,AST0893,SEC068,Relay,Relay Replacement,Mechanical wear,3,MEDIUM,2025-06-12,2025-06-12,2025-07-12,8.6,9,MEDIUM,Pending,False
SIG0619,AST0814,SEC064,Communication Equipment,Signal Inspection,Signal post tilt,3,MEDIUM,2025-10-07,2025-10-08,2025-11-07,11.6,9,MEDIUM,In Progress,False
SIG0620,AST0709,SEC034,Relay,Interlocking Test,Signal interlocking mismatch,2,HIGH,2025-08-09,2025-08-09,2025-08-24,7.1,9,HIGH,Pending,True
SIG0621,AST0869,SEC044,Relay,Point Machine Servicing,Motor fault,5,LOW,2025-05-07,2025-05-09,2025-07-15,10.7,10,LOW,Scheduled,True
SIG0622,AST0703,SEC028,Level Crossing Equipment,Interlocking Test,Route locking fault,2,HIGH,2025-11-09,2025-11-10,2025-11-19,11.8,3,HIGH,Pending,False
SIG0623,AST0738,SEC063,Track Circuit,Level Crossing Maintenance,Gate motor issue,2,HIGH,2025-03-19,2025-03-19,2025-04-03,6.0,9,HIGH,Scheduled,True
SIG0624,AST0751,SEC001,Level Crossing Equipment,Signal Inspection,Signal post tilt,3,MEDIUM,2025-12-05,2025-12-06,2025-12-26,7.4,3,MEDIUM,Pending,True
SIG0625,AST0947,SEC047,Axle Counter,Track Circuit Maintenance,Insulation failure,2,HIGH,2025-11-25,2025-11-27,2025-12-04,5.7,7,HIGH,Pending,False
SIG0626,AST0797,SEC047,Relay,Axle Counter Calibration,Reset failure,3,MEDIUM,2025-07-09,2025-07-11,2025-07-30,8.5,3,MEDIUM,Pending,True
SIG0627,AST0858,SEC033,Track Circuit,Communication Equipment Repair,Radio fault,2,HIGH,2025-01-03,2025-01-03,2025-01-18,1.5,2,HIGH,Completed,True
SIG0628,AST0887,SEC062,Level Crossing Equipment,Signal Inspection,Signal post tilt,2,HIGH,2025-04-21,2025-04-21,2025-05-03,10.4,5,HIGH,Completed,False
SIG0629,AST0949,SEC049,Relay,Signal Inspection,Aspect error,3,MEDIUM,2025-02-18,2025-02-18,2025-03-20,11.4,14,MEDIUM,In Progress,True
SIG0630,AST0938,SEC038,Track Circuit,Interlocking Test,Signal interlocking mismatch,4,LOW,2025-01-16,2025-01-19,2025-03-12,6.0,8,LOW,Completed,True
SIG0631,AST0790,SEC040,Communication Equipment,Track Circuit Maintenance,Insulation failure,5,LOW,2025-04-25,2025-04-27,2025-07-17,11.6,9,LOW,Scheduled,False
SIG0632,AST0966,SEC066,Communication Equipment,Relay Replacement,Timing drift,1,CRITICAL,2025-10-26,2025-10-27,2025-10-31,1.3,14,HIGH,Pending,False
SIG0633,AST0876,SEC051,Interlocking,Interlocking Test,Route locking fault,4,LOW,2025-03-15,2025-03-16,2025-04-24,2.9,4,LOW,Cancelled,True
SIG0634,AST0751,SEC001,Level Crossing Equipment,Level Crossing Maintenance,Bell failure,3,MEDIUM,2025-01-06,2025-01-07,2025-01-30,8.8,7,MEDIUM,Pending,False
SIG0635,AST0857,SEC032,Point Machine,Level Crossing Maintenance,Boom barrier fault,3,MEDIUM,2025-02-14,2025-02-16,2025-03-08,3.9,4,MEDIUM,In Progress,True
SIG0636,AST0945,SEC045,Point Machine,Point Machine Servicing,Motor fault,2,HIGH,2025-09-01,2025-09-01,2025-09-12,7.5,7,HIGH,In Progress,True
SIG0637,AST0992,SEC017,Signal,Communication Equipment Repair,Control phone failure,1,CRITICAL,2025-09-18,2025-09-21,2025-09-27,3.5,12,HIGH,Completed,True
SIG0638,AST0718,SEC043,Communication Equipment,Communication Equipment Repair,Fiber break,4,LOW,2025-07-18,2025-07-19,2025-08-27,7.8,14,LOW,Scheduled,False
SIG0639,AST0774,SEC024,Communication Equipment,Point Machine Servicing,Detection rod issue,2,HIGH,2025-10-31,2025-11-03,2025-11-18,7.6,4,HIGH,Pending,True
SIG0640,AST0877,SEC052,Relay,Point Machine Servicing,Motor fault,4,LOW,2025-09-29,2025-09-30,2025-10-27,11.8,12,LOW,Completed,False
SIG0641,AST0953,SEC053,Point Machine,Interlocking Test,Route locking fault,1,CRITICAL,2025-03-13,2025-03-16,2025-03-22,3.4,6,HIGH,Completed,True
SIG0642,AST0896,SEC071,Signal,Signal Inspection,Signal post tilt,4,LOW,2025-09-26,2025-09-29,2025-11-01,7.1,3,LOW,Pending,True
SIG0643,AST0869,SEC044,Relay,Interlocking Test,Route locking fault,1,CRITICAL,2025-03-03,2025-03-05,2025-03-11,5.4,2,HIGH,Completed,False
SIG0644,AST0756,SEC006,Interlocking,Track Circuit Maintenance,Bonding defect,3,MEDIUM,2025-07-06,2025-07-08,2025-08-06,4.6,9,MEDIUM,Completed,True
SIG0645,AST0958,SEC058,Communication Equipment,Interlocking Test,Route locking fault,4,LOW,2025-08-12,2025-08-13,2025-09-19,11.5,13,LOW,Cancelled,False
SIG0646,AST0718,SEC043,Communication Equipment,Axle Counter Calibration,Cable fault,5,LOW,2025-05-14,2025-05-17,2025-07-13,6.8,15,LOW,Pending,True
SIG0647,AST0722,SEC047,Track Circuit,Point Machine Servicing,Motor fault,4,LOW,2025-08-30,2025-09-02,2025-10-01,2.1,4,LOW,Scheduled,True
SIG0648,AST0942,SEC042,Communication Equipment,Signal Inspection,Lens damage,3,MEDIUM,2025-01-01,2025-01-03,2025-01-30,2.6,6,MEDIUM,Scheduled,False
SIG0649,AST0718,SEC043,Communication Equipment,Level Crossing Maintenance,Gate motor issue,3,MEDIUM,2025-05-01,2025-05-02,2025-05-31,2.6,4,MEDIUM,Completed,False
SIG0650,AST0746,SEC071,Track Circuit,Signal Inspection,Lens damage,3,MEDIUM,2025-06-07,2025-06-08,2025-06-26,4.1,12,MEDIUM,Completed,True
SIG0651,AST0908,SEC008,Interlocking,Track Circuit Maintenance,Bonding defect,2,HIGH,2025-02-20,2025-02-23,2025-03-10,5.1,7,HIGH,Cancelled,True
SIG0652,AST0762,SEC012,Track Circuit,Level Crossing Maintenance,Gate motor issue,4,LOW,2025-03-24,2025-03-26,2025-04-24,4.5,10,LOW,Cancelled,True
SIG0653,AST0774,SEC024,Communication Equipment,Interlocking Test,Overlap fault,3,MEDIUM,2025-12-07,2025-12-08,2026-01-02,9.5,7,MEDIUM,Pending,False
SIG0654,AST0929,SEC029,Point Machine,Communication Equipment Repair,OFC splice loss,3,MEDIUM,2025-07-20,2025-07-22,2025-08-11,7.0,6,MEDIUM,In Progress,False
SIG0655,AST0778,SEC028,Track Circuit,Point Machine Servicing,Clutch slip,2,HIGH,2025-06-30,2025-07-02,2025-07-11,2.0,12,HIGH,Pending,True
SIG0656,AST0773,SEC023,Relay,Interlocking Test,Route locking fault,4,LOW,2025-04-30,2025-05-01,2025-06-06,10.8,8,LOW,Completed,True
SIG0657,AST0708,SEC033,Interlocking,Communication Equipment Repair,Fiber break,4,LOW,2025-07-27,2025-07-28,2025-09-25,7.5,15,LOW,Completed,True
SIG0658,AST0953,SEC053,Point Machine,Track Circuit Maintenance,Insulation failure,4,LOW,2025-06-27,2025-06-29,2025-08-25,11.9,6,LOW,Completed,False
SIG0659,AST0913,SEC013,Point Machine,Interlocking Test,Signal interlocking mismatch,2,HIGH,2025-10-23,2025-10-24,2025-11-03,6.8,12,HIGH,Completed,True
SIG0660,AST0876,SEC051,Interlocking,Level Crossing Maintenance,Boom barrier fault,3,MEDIUM,2025-06-04,2025-06-06,2025-06-20,10.7,6,MEDIUM,Completed,True
SIG0661,AST0919,SEC019,Level Crossing Equipment,Communication Equipment Repair,Radio fault,5,LOW,2025-12-06,2025-12-08,2026-01-27,9.8,11,LOW,Cancelled,False
SIG0662,AST0839,SEC014,Level Crossing Equipment,Communication Equipment Repair,Fiber break,3,MEDIUM,2025-11-30,2025-11-30,2025-12-30,4.0,11,MEDIUM,Completed,False
SIG0663,AST0755,SEC005,Axle Counter,Communication Equipment Repair,Control phone failure,2,HIGH,2025-01-22,2025-01-22,2025-02-02,3.7,9,HIGH,Completed,False
SIG0664,AST0985,SEC010,Point Machine,Point Machine Servicing,Detection rod issue,2,HIGH,2025-01-30,2025-02-01,2025-02-09,3.1,6,HIGH,Scheduled,True
SIG0665,AST0706,SEC031,Track Circuit,Level Crossing Maintenance,Bell failure,5,LOW,2025-01-16,2025-01-16,2025-03-07,5.7,4,LOW,Scheduled,False
SIG0666,AST0810,SEC060,Track Circuit,Level Crossing Maintenance,Boom barrier fault,3,MEDIUM,2025-04-02,2025-04-05,2025-04-29,9.7,7,MEDIUM,Completed,True
SIG0667,AST0831,SEC006,Level Crossing Equipment,Axle Counter Calibration,Sensor misalignment,4,LOW,2025-04-29,2025-04-29,2025-06-03,5.4,13,LOW,In Progress,True
SIG0668,AST0823,SEC073,Level Crossing Equipment,Interlocking Test,Logic error,3,MEDIUM,2025-11-16,2025-11-18,2025-12-06,8.9,14,MEDIUM,Pending,False
SIG0669,AST0985,SEC010,Point Machine,Relay Replacement,Timing drift,3,MEDIUM,2025-08-14,2025-08-17,2025-09-05,7.5,13,MEDIUM,Completed,True
SIG0670,AST0900,SEC075,Interlocking,Track Circuit Maintenance,Receiver fault,1,CRITICAL,2025-09-19,2025-09-21,2025-09-24,9.5,8,HIGH,Completed,True
SIG0671,AST0982,SEC007,Communication Equipment,Track Circuit Maintenance,Feed-end issue,2,HIGH,2025-11-05,2025-11-07,2025-11-16,6.3,15,HIGH,Completed,True
SIG0672,AST0821,SEC071,Relay,Interlocking Test,Signal interlocking mismatch,4,LOW,2025-04-11,2025-04-14,2025-05-27,5.7,3,LOW,Pending,True
SIG0673,AST0932,SEC032,Interlocking,Level Crossing Maintenance,Boom barrier fault,4,LOW,2025-05-07,2025-05-10,2025-07-04,4.3,11,LOW,Scheduled,False
SIG0674,AST0877,SEC052,Relay,Level Crossing Maintenance,Bell failure,1,CRITICAL,2025-11-25,2025-11-28,2025-12-02,7.5,11,HIGH,In Progress,True
SIG0675,AST0828,SEC003,Interlocking,Axle Counter Calibration,Count error,1,CRITICAL,2025-09-20,2025-09-21,2025-09-28,10.7,15,HIGH,Cancelled,True
SIG0676,AST0856,SEC031,Signal,Level Crossing Maintenance,Bell failure,2,HIGH,2025-11-24,2025-11-27,2025-12-10,4.7,15,HIGH,Scheduled,True
SIG0677,AST0757,SEC007,Relay,Level Crossing Maintenance,Lighting defect,5,LOW,2025-07-28,2025-07-29,2025-09-11,10.5,7,LOW,Pending,False
SIG0678,AST0808,SEC058,Signal,Communication Equipment Repair,Radio fault,4,LOW,2025-09-28,2025-10-01,2025-11-18,2.4,4,LOW,Completed,True
SIG0679,AST0810,SEC060,Track Circuit,Track Circuit Maintenance,Receiver fault,4,LOW,2025-06-01,2025-06-01,2025-07-27,9.3,14,LOW,Pending,True
SIG0680,AST0996,SEC021,Interlocking,Axle Counter Calibration,Count error,2,HIGH,2025-10-28,2025-10-28,2025-11-11,6.5,2,HIGH,Completed,True
SIG0681,AST0720,SEC045,Signal,Level Crossing Maintenance,Gate motor issue,3,MEDIUM,2025-11-05,2025-11-05,2025-11-27,4.4,10,MEDIUM,Pending,True
SIG0682,AST0947,SEC047,Axle Counter,Relay Replacement,Contact oxidation,4,LOW,2025-01-28,2025-01-29,2025-03-06,2.2,13,LOW,Pending,True
SIG0683,AST0979,SEC004,Axle Counter,Axle Counter Calibration,Sensor misalignment,5,LOW,2025-08-19,2025-08-22,2025-11-13,8.2,2,LOW,Completed,False
SIG0684,AST0798,SEC048,Communication Equipment,Signal Inspection,Signal post tilt,3,MEDIUM,2025-09-04,2025-09-07,2025-09-27,7.5,7,MEDIUM,Scheduled,True
SIG0685,AST0936,SEC036,Signal,Relay Replacement,Mechanical wear,2,HIGH,2025-04-03,2025-04-04,2025-04-14,4.4,11,HIGH,In Progress,True
SIG0686,AST0736,SEC061,Signal,Communication Equipment Repair,OFC splice loss,3,MEDIUM,2025-05-26,2025-05-28,2025-06-27,7.0,13,MEDIUM,Pending,True
SIG0687,AST0870,SEC045,Communication Equipment,Point Machine Servicing,Lock bar defect,3,MEDIUM,2025-03-30,2025-03-31,2025-04-20,7.3,8,MEDIUM,Completed,True
SIG0688,AST0720,SEC045,Signal,Interlocking Test,Logic error,4,LOW,2025-11-06,2025-11-09,2025-12-25,12.0,2,LOW,Pending,False
SIG0689,AST0888,SEC063,Signal,Signal Inspection,Lamp failure,1,CRITICAL,2025-08-25,2025-08-28,2025-09-03,8.2,3,HIGH,Completed,True
SIG0690,AST0868,SEC043,Interlocking,Interlocking Test,Logic error,4,LOW,2025-12-01,2025-12-02,2026-01-18,5.8,10,LOW,Scheduled,True
SIG0691,AST0908,SEC008,Interlocking,Track Circuit Maintenance,Bonding defect,4,LOW,2025-04-14,2025-04-17,2025-05-29,5.1,15,LOW,In Progress,False
SIG0692,AST0904,SEC004,Signal,Level Crossing Maintenance,Boom barrier fault,3,MEDIUM,2025-08-22,2025-08-22,2025-09-14,10.1,14,MEDIUM,Pending,True
SIG0693,AST0969,SEC069,Point Machine,Interlocking Test,Logic error,4,LOW,2025-12-15,2025-12-15,2026-01-31,4.2,3,LOW,Completed,True
SIG0694,AST0821,SEC071,Relay,Communication Equipment Repair,Fiber break,2,HIGH,2025-06-12,2025-06-13,2025-06-24,9.4,13,HIGH,In Progress,False
SIG0695,AST0856,SEC031,Signal,Interlocking Test,Overlap fault,4,LOW,2025-09-07,2025-09-07,2025-11-03,11.1,5,LOW,Scheduled,False
SIG0696,AST0867,SEC042,Axle Counter,Communication Equipment Repair,OFC splice loss,4,LOW,2025-10-02,2025-10-05,2025-11-30,9.0,9,LOW,Scheduled,False
SIG0697,AST0848,SEC023,Signal,Axle Counter Calibration,Sensor misalignment,5,LOW,2025-04-10,2025-04-10,2025-07-04,7.1,15,LOW,Completed,False
SIG0698,AST0846,SEC021,Communication Equipment,Axle Counter Calibration,Reset failure,2,HIGH,2025-05-09,2025-05-09,2025-05-19,9.9,10,HIGH,Completed,False
SIG0699,AST0952,SEC052,Signal,Interlocking Test,Logic error,4,LOW,2025-01-23,2025-01-26,2025-03-08,8.4,5,LOW,Cancelled,True
SIG0700,AST0762,SEC012,Track Circuit,Track Circuit Maintenance,Insulation failure,3,MEDIUM,2025-01-29,2025-02-01,2025-02-23,2.5,10,MEDIUM,Completed,True
SIG0701,AST0993,SEC018,Point Machine,Interlocking Test,Overlap fault,2,HIGH,2025-07-02,2025-07-02,2025-07-12,3.1,8,HIGH,Completed,True
SIG0702,AST0713,SEC038,Point Machine,Track Circuit Maintenance,Feed-end issue,3,MEDIUM,2025-05-16,2025-05-16,2025-06-02,9.6,10,MEDIUM,Scheduled,True
SIG0703,AST0988,SEC013,Interlocking,Interlocking Test,Signal interlocking mismatch,2,HIGH,2025-04-23,2025-04-23,2025-05-06,8.9,14,HIGH,Pending,True
SIG0704,AST0844,SEC019,Interlocking,Communication Equipment Repair,Fiber break,5,LOW,2025-02-05,2025-02-06,2025-04-01,11.9,13,LOW,In Progress,True
SIG0705,AST0757,SEC007,Relay,Point Machine Servicing,Clutch slip,4,LOW,2025-03-19,2025-03-20,2025-04-24,9.1,2,LOW,Completed,True
SIG0706,AST0764,SEC014,Interlocking,Signal Inspection,Lamp failure,3,MEDIUM,2025-03-02,2025-03-02,2025-03-17,2.3,15,MEDIUM,Completed,True
SIG0707,AST0950,SEC050,Communication Equipment,Level Crossing Maintenance,Bell failure,3,MEDIUM,2025-11-09,2025-11-12,2025-12-01,7.1,12,MEDIUM,Pending,True
SIG0708,AST0932,SEC032,Interlocking,Point Machine Servicing,Detection rod issue,3,MEDIUM,2025-02-05,2025-02-08,2025-02-26,2.0,5,MEDIUM,In Progress,True
SIG0709,AST0744,SEC069,Signal,Point Machine Servicing,Clutch slip,3,MEDIUM,2025-01-08,2025-01-08,2025-01-27,11.0,8,MEDIUM,In Progress,True
SIG0710,AST0976,SEC001,Signal,Relay Replacement,Mechanical wear,4,LOW,2025-09-08,2025-09-09,2025-10-15,2.4,15,LOW,Pending,True
SIG0711,AST0703,SEC028,Level Crossing Equipment,Communication Equipment Repair,OFC splice loss,3,MEDIUM,2025-07-09,2025-07-11,2025-08-03,3.5,6,MEDIUM,Pending,True
SIG0712,AST0767,SEC017,Level Crossing Equipment,Communication Equipment Repair,OFC splice loss,2,HIGH,2025-05-28,2025-05-29,2025-06-06,9.0,2,HIGH,Completed,False
SIG0713,AST0808,SEC058,Signal,Level Crossing Maintenance,Lighting defect,3,MEDIUM,2025-06-25,2025-06-26,2025-07-13,10.2,7,MEDIUM,Pending,True
SIG0714,AST0995,SEC020,Axle Counter,Level Crossing Maintenance,Lighting defect,3,MEDIUM,2025-07-01,2025-07-03,2025-08-02,10.1,4,MEDIUM,Cancelled,False
SIG0715,AST0974,SEC074,Communication Equipment,Track Circuit Maintenance,Receiver fault,3,MEDIUM,2025-08-25,2025-08-28,2025-09-16,7.8,2,MEDIUM,Pending,False
SIG0716,AST0747,SEC072,Axle Counter,Track Circuit Maintenance,Insulation failure,3,MEDIUM,2025-02-22,2025-02-23,2025-03-14,9.2,6,MEDIUM,Cancelled,False
SIG0717,AST0708,SEC033,Interlocking,Axle Counter Calibration,Sensor misalignment,2,HIGH,2025-06-24,2025-06-26,2025-07-06,4.8,5,HIGH,Pending,True
SIG0718,AST0703,SEC028,Level Crossing Equipment,Axle Counter Calibration,Count error,5,LOW,2025-04-23,2025-04-24,2025-06-14,5.1,15,LOW,Pending,False
SIG0719,AST0977,SEC002,Point Machine,Communication Equipment Repair,Control phone failure,4,LOW,2025-08-25,2025-08-25,2025-10-01,5.5,6,LOW,Completed,False
SIG0720,AST0707,SEC032,Axle Counter,Relay Replacement,Coil failure,2,HIGH,2025-02-05,2025-02-07,2025-02-16,11.9,14,HIGH,Completed,False
SIG0721,AST0964,SEC064,Interlocking,Signal Inspection,Lens damage,1,CRITICAL,2025-02-21,2025-02-21,2025-02-25,6.2,7,HIGH,Scheduled,True
SIG0722,AST0948,SEC048,Interlocking,Point Machine Servicing,Clutch slip,3,MEDIUM,2025-02-15,2025-02-15,2025-03-01,6.9,15,MEDIUM,In Progress,True
SIG0723,AST0849,SEC024,Point Machine,Point Machine Servicing,Lock bar defect,5,LOW,2025-08-05,2025-08-08,2025-09-22,8.0,11,LOW,Completed,True
SIG0724,AST0720,SEC045,Signal,Axle Counter Calibration,Reset failure,4,LOW,2025-04-28,2025-05-01,2025-06-25,2.0,8,LOW,Pending,True
SIG0725,AST0729,SEC054,Point Machine,Communication Equipment Repair,Radio fault,2,HIGH,2025-06-25,2025-06-25,2025-07-04,6.2,12,HIGH,Scheduled,True
SIG0726,AST0986,SEC011,Track Circuit,Point Machine Servicing,Motor fault,4,LOW,2025-09-29,2025-10-02,2025-11-01,11.8,2,LOW,Completed,True
SIG0727,AST0974,SEC074,Communication Equipment,Level Crossing Maintenance,Gate motor issue,3,MEDIUM,2025-10-07,2025-10-10,2025-11-08,4.6,4,MEDIUM,Pending,False
SIG0728,AST0825,SEC075,Point Machine,Point Machine Servicing,Motor fault,3,MEDIUM,2025-01-04,2025-01-07,2025-01-28,1.4,14,MEDIUM,Scheduled,True
SIG0729,AST0962,SEC062,Track Circuit,Axle Counter Calibration,Count error,3,MEDIUM,2025-01-03,2025-01-05,2025-01-27,9.5,13,MEDIUM,Scheduled,True
SIG0730,AST0870,SEC045,Communication Equipment,Interlocking Test,Logic error,5,LOW,2025-01-21,2025-01-22,2025-03-07,7.2,8,LOW,Completed,False
SIG0731,AST0777,SEC027,Point Machine,Interlocking Test,Route locking fault,3,MEDIUM,2025-08-29,2025-09-01,2025-09-29,12.0,10,MEDIUM,Pending,True
SIG0732,AST0773,SEC023,Relay,Relay Replacement,Mechanical wear,5,LOW,2025-02-28,2025-03-02,2025-05-17,3.0,5,LOW,Scheduled,False
SIG0733,AST0828,SEC003,Interlocking,Track Circuit Maintenance,Receiver fault,1,CRITICAL,2025-09-27,2025-09-28,2025-10-04,3.4,12,HIGH,Completed,True
SIG0734,AST0705,SEC030,Point Machine,Relay Replacement,Timing drift,3,MEDIUM,2024-12-29,2025-01-01,2025-01-30,4.6,11,MEDIUM,Scheduled,True
SIG0735,AST0877,SEC052,Relay,Point Machine Servicing,Motor fault,1,CRITICAL,2025-07-28,2025-07-30,2025-08-05,8.7,13,HIGH,Completed,False
SIG0736,AST0824,SEC074,Signal,Track Circuit Maintenance,Insulation failure,1,CRITICAL,2025-12-07,2025-12-09,2025-12-12,10.9,8,HIGH,Completed,True
SIG0737,AST0704,SEC029,Signal,Point Machine Servicing,Motor fault,3,MEDIUM,2025-02-12,2025-02-15,2025-03-12,8.2,15,MEDIUM,In Progress,True
SIG0738,AST0991,SEC016,Level Crossing Equipment,Axle Counter Calibration,Reset failure,3,MEDIUM,2025-02-25,2025-02-26,2025-03-14,8.8,9,MEDIUM,Scheduled,False
SIG0739,AST0777,SEC027,Point Machine,Axle Counter Calibration,Cable fault,3,MEDIUM,2025-11-22,2025-11-24,2025-12-19,5.4,5,MEDIUM,Scheduled,True
SIG0740,AST0755,SEC005,Axle Counter,Point Machine Servicing,Lock bar defect,2,HIGH,2025-06-25,2025-06-26,2025-07-05,1.8,6,HIGH,Pending,False
SIG0741,AST0874,SEC049,Track Circuit,Point Machine Servicing,Detection rod issue,3,MEDIUM,2025-09-06,2025-09-07,2025-10-02,11.6,3,MEDIUM,In Progress,False
SIG0742,AST0718,SEC043,Communication Equipment,Axle Counter Calibration,Cable fault,4,LOW,2025-01-25,2025-01-26,2025-03-01,3.7,4,LOW,Scheduled,False
SIG0743,AST0867,SEC042,Axle Counter,Axle Counter Calibration,Count error,1,CRITICAL,2025-05-14,2025-05-15,2025-05-18,5.4,12,HIGH,In Progress,True
SIG0744,AST0758,SEC008,Communication Equipment,Level Crossing Maintenance,Boom barrier fault,4,LOW,2025-06-07,2025-06-09,2025-08-05,11.5,12,LOW,Pending,True
SIG0745,AST0731,SEC056,Axle Counter,Signal Inspection,Aspect error,3,MEDIUM,2025-08-17,2025-08-18,2025-09-07,6.0,3,MEDIUM,Scheduled,True
SIG0746,AST0894,SEC069,Communication Equipment,Signal Inspection,Signal post tilt,3,MEDIUM,2025-06-05,2025-06-05,2025-06-27,9.0,12,MEDIUM,Scheduled,True
SIG0747,AST0876,SEC051,Interlocking,Relay Replacement,Mechanical wear,5,LOW,2025-02-23,2025-02-24,2025-05-25,11.9,7,LOW,Scheduled,True
SIG0748,AST0793,SEC043,Point Machine,Communication Equipment Repair,Fiber break,2,HIGH,2025-03-22,2025-03-25,2025-04-05,8.7,6,HIGH,Pending,True
SIG0749,AST0742,SEC067,Communication Equipment,Interlocking Test,Signal interlocking mismatch,3,MEDIUM,2025-07-19,2025-07-21,2025-08-20,8.7,6,MEDIUM,Completed,False
SIG0750,AST0961,SEC061,Point Machine,Track Circuit Maintenance,Receiver fault,3,MEDIUM,2025-12-08,2025-12-09,2026-01-05,8.1,12,MEDIUM,Scheduled,True
SIG0751,AST0750,SEC075,Communication Equipment,Interlocking Test,Signal interlocking mismatch,4,LOW,2025-01-22,2025-01-23,2025-02-21,7.2,2,LOW,Completed,True
SIG0752,AST0989,SEC014,Relay,Relay Replacement,Timing drift,2,HIGH,2025-07-14,2025-07-17,2025-08-01,11.4,9,HIGH,Pending,False
SIG0753,AST0703,SEC028,Level Crossing Equipment,Level Crossing Maintenance,Gate motor issue,5,LOW,2025-10-24,2025-10-24,2026-01-10,4.4,7,LOW,Pending,True
SIG0754,AST0749,SEC074,Relay,Communication Equipment Repair,Fiber break,3,MEDIUM,2025-10-25,2025-10-26,2025-11-18,11.6,10,MEDIUM,Scheduled,False
SIG0755,AST0838,SEC013,Communication Equipment,Interlocking Test,Logic error,5,LOW,2025-09-03,2025-09-04,2025-11-23,4.3,14,LOW,Scheduled,False
SIG0756,AST0968,SEC068,Signal,Axle Counter Calibration,Reset failure,3,MEDIUM,2025-05-08,2025-05-10,2025-05-29,6.7,14,MEDIUM,Cancelled,True
SIG0757,AST0734,SEC059,Communication Equipment,Signal Inspection,Lens damage,3,MEDIUM,2025-07-26,2025-07-27,2025-08-25,11.0,12,MEDIUM,Completed,True
SIG0758,AST0721,SEC046,Point Machine,Signal Inspection,Signal post tilt,3,MEDIUM,2025-02-09,2025-02-09,2025-03-04,8.5,5,MEDIUM,Pending,True
SIG0759,AST0760,SEC010,Signal,Axle Counter Calibration,Sensor misalignment,4,LOW,2025-02-20,2025-02-20,2025-04-05,2.5,2,LOW,Cancelled,False
SIG0760,AST0732,SEC057,Interlocking,Track Circuit Maintenance,Insulation failure,3,MEDIUM,2025-10-22,2025-10-23,2025-11-11,1.6,8,MEDIUM,Scheduled,True
SIG0761,AST0951,SEC051,Level Crossing Equipment,Axle Counter Calibration,Reset failure,3,MEDIUM,2025-05-17,2025-05-18,2025-06-04,8.5,14,MEDIUM,In Progress,False
SIG0762,AST0987,SEC012,Axle Counter,Signal Inspection,Aspect error,5,LOW,2025-04-14,2025-04-16,2025-06-07,7.6,13,LOW,Scheduled,False
SIG0763,AST0930,SEC030,Track Circuit,Track Circuit Maintenance,Insulation failure,1,CRITICAL,2025-05-04,2025-05-05,2025-05-09,8.7,10,HIGH,Pending,True
SIG0764,AST0895,SEC070,Level Crossing Equipment,Track Circuit Maintenance,Feed-end issue,3,MEDIUM,2025-02-25,2025-02-25,2025-03-27,8.6,15,MEDIUM,Completed,False
SIG0765,AST0702,SEC027,Communication Equipment,Interlocking Test,Signal interlocking mismatch,4,LOW,2025-02-10,2025-02-10,2025-04-07,3.8,3,LOW,In Progress,False
SIG0766,AST0880,SEC055,Signal,Signal Inspection,Lens damage,4,LOW,2025-03-15,2025-03-15,2025-05-13,6.6,5,LOW,Scheduled,True
SIG0767,AST0749,SEC074,Relay,Signal Inspection,Aspect error,5,LOW,2025-03-29,2025-04-01,2025-06-20,4.7,13,LOW,In Progress,True
SIG0768,AST0839,SEC014,Level Crossing Equipment,Point Machine Servicing,Motor fault,5,LOW,2025-07-30,2025-08-02,2025-10-07,6.3,11,LOW,Pending,True
SIG0769,AST0901,SEC001,Relay,Interlocking Test,Overlap fault,4,LOW,2025-07-28,2025-07-30,2025-09-09,5.8,3,LOW,Pending,True
SIG0770,AST0811,SEC061,Axle Counter,Communication Equipment Repair,Control phone failure,3,MEDIUM,2025-02-12,2025-02-15,2025-03-01,10.6,2,MEDIUM,Pending,False
SIG0771,AST0780,SEC030,Interlocking,Track Circuit Maintenance,Receiver fault,3,MEDIUM,2025-02-25,2025-02-26,2025-03-20,4.0,9,MEDIUM,Pending,True
SIG0772,AST0827,SEC002,Axle Counter,Level Crossing Maintenance,Lighting defect,3,MEDIUM,2025-07-06,2025-07-09,2025-07-27,11.5,5,MEDIUM,Pending,True
SIG0773,AST0997,SEC022,Relay,Interlocking Test,Signal interlocking mismatch,2,HIGH,2025-04-18,2025-04-19,2025-04-28,5.8,7,HIGH,In Progress,True
SIG0774,AST0829,SEC004,Relay,Signal Inspection,Signal post tilt,1,CRITICAL,2025-02-26,2025-03-01,2025-03-05,11.4,7,HIGH,Pending,True
SIG0775,AST0860,SEC035,Interlocking,Axle Counter Calibration,Cable fault,4,LOW,2025-12-07,2025-12-09,2026-02-07,11.5,14,LOW,Pending,True
SIG0776,AST0926,SEC026,Communication Equipment,Interlocking Test,Overlap fault,3,MEDIUM,2025-10-08,2025-10-11,2025-10-25,2.2,10,MEDIUM,Pending,True
SIG0777,AST0715,SEC040,Axle Counter,Relay Replacement,Contact oxidation,5,LOW,2025-08-10,2025-08-13,2025-09-22,11.0,10,LOW,Completed,False
SIG0778,AST0884,SEC059,Interlocking,Level Crossing Maintenance,Boom barrier fault,2,HIGH,2025-04-22,2025-04-22,2025-05-01,10.2,5,HIGH,Cancelled,True
SIG0779,AST0831,SEC006,Level Crossing Equipment,Communication Equipment Repair,Fiber break,4,LOW,2025-12-14,2025-12-16,2026-01-21,8.4,7,LOW,Completed,False
SIG0780,AST0739,SEC064,Axle Counter,Interlocking Test,Signal interlocking mismatch,3,MEDIUM,2025-01-24,2025-01-25,2025-02-14,6.7,13,MEDIUM,Completed,False
SIG0781,AST0706,SEC031,Track Circuit,Interlocking Test,Signal interlocking mismatch,1,CRITICAL,2025-04-03,2025-04-06,2025-04-13,1.8,11,HIGH,In Progress,False
SIG0782,AST0978,SEC003,Track Circuit,Interlocking Test,Route locking fault,2,HIGH,2025-09-15,2025-09-18,2025-09-29,4.1,5,HIGH,In Progress,True
SIG0783,AST0922,SEC022,Track Circuit,Interlocking Test,Overlap fault,5,LOW,2025-07-07,2025-07-08,2025-08-18,4.9,13,LOW,Cancelled,True
SIG0784,AST0829,SEC004,Relay,Point Machine Servicing,Motor fault,4,LOW,2025-08-04,2025-08-04,2025-09-30,4.6,7,LOW,Scheduled,False
SIG0785,AST0902,SEC002,Communication Equipment,Point Machine Servicing,Clutch slip,2,HIGH,2025-04-25,2025-04-27,2025-05-07,2.9,7,HIGH,Cancelled,False
SIG0786,AST0778,SEC028,Track Circuit,Track Circuit Maintenance,Feed-end issue,4,LOW,2025-07-29,2025-07-31,2025-09-15,5.6,12,LOW,Pending,True
SIG0787,AST0780,SEC030,Interlocking,Interlocking Test,Route locking fault,3,MEDIUM,2025-10-23,2025-10-23,2025-11-12,7.7,10,MEDIUM,Scheduled,True
SIG0788,AST0786,SEC036,Track Circuit,Axle Counter Calibration,Reset failure,3,MEDIUM,2025-01-25,2025-01-27,2025-02-13,4.2,14,MEDIUM,Scheduled,True
SIG0789,AST0828,SEC003,Interlocking,Track Circuit Maintenance,Receiver fault,3,MEDIUM,2025-07-28,2025-07-29,2025-08-27,1.3,7,MEDIUM,Scheduled,True
SIG0790,AST0975,SEC075,Level Crossing Equipment,Level Crossing Maintenance,Bell failure,1,CRITICAL,2025-08-18,2025-08-18,2025-08-23,10.4,4,HIGH,Scheduled,True
SIG0791,AST0858,SEC033,Track Circuit,Level Crossing Maintenance,Gate motor issue,4,LOW,2025-09-17,2025-09-17,2025-10-24,7.0,15,LOW,Scheduled,True
SIG0792,AST0802,SEC052,Track Circuit,Communication Equipment Repair,Radio fault,2,HIGH,2025-11-27,2025-11-30,2025-12-14,6.4,5,HIGH,Scheduled,True
SIG0793,AST0936,SEC036,Signal,Interlocking Test,Logic error,5,LOW,2025-02-23,2025-02-26,2025-05-27,1.4,13,LOW,Pending,True
SIG0794,AST0773,SEC023,Relay,Signal Inspection,Aspect error,4,LOW,2025-03-09,2025-03-10,2025-04-28,8.2,2,LOW,Pending,True
SIG0795,AST0931,SEC031,Axle Counter,Relay Replacement,Coil failure,4,LOW,2025-01-30,2025-02-01,2025-03-21,11.1,6,LOW,Completed,False
SIG0796,AST0806,SEC056,Communication Equipment,Communication Equipment Repair,Radio fault,2,HIGH,2025-01-09,2025-01-10,2025-01-20,8.4,15,HIGH,Cancelled,True
SIG0797,AST0875,SEC050,Axle Counter,Relay Replacement,Timing drift,2,HIGH,2025-05-04,2025-05-07,2025-05-21,2.6,3,HIGH,Scheduled,False
SIG0798,AST0959,SEC059,Level Crossing Equipment,Interlocking Test,Route locking fault,3,MEDIUM,2025-04-06,2025-04-08,2025-05-02,10.0,6,MEDIUM,Pending,True
SIG0799,AST0925,SEC025,Relay,Signal Inspection,Aspect error,4,LOW,2025-11-12,2025-11-13,2025-12-25,9.8,5,LOW,Cancelled,False
SIG0800,AST0742,SEC067,Communication Equipment,Point Machine Servicing,Clutch slip,5,LOW,2025-09-07,2025-09-07,2025-11-10,4.9,4,LOW,Completed,True
SIG0801,AST0864,SEC039,Signal,Level Crossing Maintenance,Bell failure,5,LOW,2025-09-05,2025-09-08,2025-10-25,9.8,8,LOW,Completed,True
SIG0802,AST0909,SEC009,Relay,Track Circuit Maintenance,Insulation failure,4,LOW,2025-01-25,2025-01-28,2025-03-19,4.2,12,LOW,Cancelled,True
SIG0803,AST0733,SEC058,Relay,Point Machine Servicing,Clutch slip,3,MEDIUM,2025-01-13,2025-01-15,2025-02-01,5.5,8,MEDIUM,Pending,True
SIG0804,AST0761,SEC011,Point Machine,Relay Replacement,Coil failure,1,CRITICAL,2025-03-20,2025-03-20,2025-03-26,10.3,3,HIGH,Scheduled,True
SIG0805,AST0985,SEC010,Point Machine,Signal Inspection,Aspect error,3,MEDIUM,2025-03-04,2025-03-07,2025-04-05,2.0,4,MEDIUM,Pending,True
SIG0806,AST0716,SEC041,Interlocking,Axle Counter Calibration,Sensor misalignment,4,LOW,2025-08-27,2025-08-30,2025-10-02,9.4,3,LOW,Completed,True
SIG0807,AST0906,SEC006,Track Circuit,Level Crossing Maintenance,Boom barrier fault,3,MEDIUM,2025-12-12,2025-12-13,2026-01-01,1.4,14,MEDIUM,Pending,True
SIG0808,AST0927,SEC027,Level Crossing Equipment,Track Circuit Maintenance,Insulation failure,2,HIGH,2025-08-24,2025-08-27,2025-09-11,2.1,10,HIGH,Pending,True
SIG0809,AST0871,SEC046,Level Crossing Equipment,Level Crossing Maintenance,Gate motor issue,3,MEDIUM,2025-04-17,2025-04-17,2025-05-08,1.3,4,MEDIUM,Pending,False
SIG0810,AST0750,SEC075,Communication Equipment,Communication Equipment Repair,Fiber break,4,LOW,2025-07-24,2025-07-26,2025-08-29,2.7,13,LOW,Scheduled,False
SIG0811,AST0917,SEC017,Relay,Axle Counter Calibration,Count error,3,MEDIUM,2025-03-06,2025-03-09,2025-03-25,8.3,4,MEDIUM,Scheduled,False
SIG0812,AST0729,SEC054,Point Machine,Signal Inspection,Aspect error,3,MEDIUM,2025-07-02,2025-07-05,2025-07-22,9.8,10,MEDIUM,Cancelled,False
SIG0813,AST0879,SEC054,Level Crossing Equipment,Communication Equipment Repair,OFC splice loss,3,MEDIUM,2025-08-04,2025-08-04,2025-08-19,4.2,12,MEDIUM,Completed,False
SIG0814,AST0756,SEC006,Interlocking,Point Machine Servicing,Motor fault,3,MEDIUM,2025-09-21,2025-09-21,2025-10-05,8.4,7,MEDIUM,Scheduled,True
SIG0815,AST0975,SEC075,Level Crossing Equipment,Relay Replacement,Timing drift,3,MEDIUM,2025-01-09,2025-01-11,2025-01-31,1.1,9,MEDIUM,Completed,False
SIG0816,AST0708,SEC033,Interlocking,Axle Counter Calibration,Sensor misalignment,4,LOW,2025-11-20,2025-11-23,2026-01-21,9.1,3,LOW,Cancelled,True
SIG0817,AST0993,SEC018,Point Machine,Relay Replacement,Timing drift,1,CRITICAL,2025-08-27,2025-08-30,2025-09-04,7.0,9,HIGH,Scheduled,False
SIG0818,AST0934,SEC034,Communication Equipment,Axle Counter Calibration,Sensor misalignment,4,LOW,2025-10-26,2025-10-27,2025-12-08,1.4,2,LOW,Completed,False
SIG0819,AST0724,SEC049,Interlocking,Point Machine Servicing,Motor fault,4,LOW,2025-10-06,2025-10-08,2025-11-15,4.3,9,LOW,Completed,True
SIG0820,AST0923,SEC023,Axle Counter,Relay Replacement,Contact oxidation,3,MEDIUM,2025-06-14,2025-06-16,2025-07-08,5.2,4,MEDIUM,Scheduled,False
SIG0821,AST0823,SEC073,Level Crossing Equipment,Communication Equipment Repair,Fiber break,2,HIGH,2025-08-29,2025-08-29,2025-09-11,7.2,14,HIGH,Completed,False
SIG0822,AST0881,SEC056,Point Machine,Track Circuit Maintenance,Feed-end issue,2,HIGH,2025-08-11,2025-08-12,2025-08-21,6.3,15,HIGH,Scheduled,False
SIG0823,AST0803,SEC053,Axle Counter,Interlocking Test,Logic error,3,MEDIUM,2025-03-02,2025-03-02,2025-03-17,4.9,4,MEDIUM,Pending,False
SIG0824,AST0725,SEC050,Relay,Axle Counter Calibration,Count error,4,LOW,2025-06-24,2025-06-27,2025-08-23,1.8,5,LOW,Completed,True
SIG0825,AST0746,SEC071,Track Circuit,Point Machine Servicing,Lock bar defect,3,MEDIUM,2025-03-02,2025-03-04,2025-03-28,9.4,5,MEDIUM,Completed,True
SIG0826,AST0964,SEC064,Interlocking,Signal Inspection,Lamp failure,4,LOW,2025-11-03,2025-11-03,2025-12-28,4.1,15,LOW,In Progress,True
SIG0827,AST0785,SEC035,Point Machine,Track Circuit Maintenance,Feed-end issue,3,MEDIUM,2025-09-17,2025-09-20,2025-10-20,3.0,7,MEDIUM,In Progress,True
SIG0828,AST0889,SEC064,Point Machine,Relay Replacement,Coil failure,4,LOW,2025-08-04,2025-08-05,2025-09-02,5.8,5,LOW,In Progress,True
SIG0829,AST0929,SEC029,Point Machine,Signal Inspection,Lens damage,3,MEDIUM,2025-03-09,2025-03-09,2025-04-01,4.9,4,MEDIUM,Cancelled,True
SIG0830,AST0816,SEC066,Signal,Signal Inspection,Lens damage,3,MEDIUM,2025-05-27,2025-05-27,2025-06-19,9.3,5,MEDIUM,Completed,True
SIG0831,AST0874,SEC049,Track Circuit,Level Crossing Maintenance,Lighting defect,4,LOW,2025-06-25,2025-06-25,2025-08-06,1.9,7,LOW,Completed,True
SIG0832,AST0775,SEC025,Level Crossing Equipment,Track Circuit Maintenance,Insulation failure,3,MEDIUM,2025-11-06,2025-11-07,2025-11-26,7.7,4,MEDIUM,Completed,False
SIG0833,AST0844,SEC019,Interlocking,Interlocking Test,Signal interlocking mismatch,3,MEDIUM,2025-11-09,2025-11-11,2025-12-05,4.8,13,MEDIUM,Completed,False
SIG0834,AST0894,SEC069,Communication Equipment,Axle Counter Calibration,Cable fault,4,LOW,2025-10-28,2025-10-31,2025-12-17,8.1,6,LOW,In Progress,False
SIG0835,AST0853,SEC028,Relay,Interlocking Test,Route locking fault,2,HIGH,2025-06-28,2025-06-29,2025-07-09,8.8,8,HIGH,Cancelled,False
SIG0836,AST0836,SEC011,Interlocking,Interlocking Test,Overlap fault,4,LOW,2025-10-12,2025-10-14,2025-11-23,7.0,5,LOW,Completed,True
SIG0837,AST0753,SEC003,Point Machine,Track Circuit Maintenance,Bonding defect,2,HIGH,2025-08-06,2025-08-07,2025-08-21,8.2,7,HIGH,Pending,True
SIG0838,AST0940,SEC040,Interlocking,Relay Replacement,Mechanical wear,4,LOW,2025-11-04,2025-11-06,2025-12-13,1.8,7,LOW,Completed,False
SIG0839,AST0738,SEC063,Track Circuit,Point Machine Servicing,Lock bar defect,2,HIGH,2025-04-27,2025-04-29,2025-05-14,5.1,14,HIGH,Scheduled,True
SIG0840,AST0814,SEC064,Communication Equipment,Relay Replacement,Contact oxidation,4,LOW,2025-02-09,2025-02-09,2025-04-07,3.7,7,LOW,Pending,True
SIG0841,AST0814,SEC064,Communication Equipment,Axle Counter Calibration,Sensor misalignment,3,MEDIUM,2025-03-07,2025-03-08,2025-04-06,10.5,11,MEDIUM,Completed,False
SIG0842,AST0854,SEC029,Communication Equipment,Level Crossing Maintenance,Gate motor issue,5,LOW,2025-08-20,2025-08-22,2025-11-01,4.1,12,LOW,Scheduled,False
SIG0843,AST0948,SEC048,Interlocking,Relay Replacement,Coil failure,3,MEDIUM,2025-07-18,2025-07-21,2025-08-13,3.2,9,MEDIUM,In Progress,True
SIG0844,AST0822,SEC072,Communication Equipment,Relay Replacement,Contact oxidation,3,MEDIUM,2025-04-19,2025-04-20,2025-05-20,1.6,15,MEDIUM,Completed,False
SIG0845,AST0792,SEC042,Signal,Track Circuit Maintenance,Insulation failure,3,MEDIUM,2025-03-30,2025-04-02,2025-04-28,8.6,13,MEDIUM,Completed,True
SIG0846,AST0841,SEC016,Point Machine,Track Circuit Maintenance,Feed-end issue,2,HIGH,2025-02-13,2025-02-13,2025-02-24,10.2,7,HIGH,In Progress,True
SIG0847,AST0754,SEC004,Track Circuit,Level Crossing Maintenance,Boom barrier fault,4,LOW,2025-04-29,2025-05-01,2025-06-19,6.5,8,LOW,Completed,True
SIG0848,AST0996,SEC021,Interlocking,Communication Equipment Repair,Radio fault,2,HIGH,2025-06-24,2025-06-26,2025-07-06,10.3,8,HIGH,Scheduled,True
SIG0849,AST0960,SEC060,Signal,Signal Inspection,Aspect error,1,CRITICAL,2025-02-20,2025-02-20,2025-02-23,10.6,9,HIGH,Completed,True
SIG0850,AST0932,SEC032,Interlocking,Axle Counter Calibration,Reset failure,4,LOW,2025-12-12,2025-12-15,2026-02-07,3.9,2,LOW,Pending,True
SIG0851,AST0957,SEC057,Relay,Track Circuit Maintenance,Insulation failure,3,MEDIUM,2025-11-21,2025-11-21,2025-12-16,7.0,14,MEDIUM,In Progress,False
SIG0852,AST0878,SEC053,Communication Equipment,Track Circuit Maintenance,Feed-end issue,4,LOW,2025-04-26,2025-04-28,2025-06-15,10.9,2,LOW,In Progress,False
SIG0853,AST0767,SEC017,Level Crossing Equipment,Level Crossing Maintenance,Gate motor issue,1,CRITICAL,2025-07-01,2025-07-03,2025-07-06,6.9,9,HIGH,Pending,False
SIG0854,AST0990,SEC015,Communication Equipment,Axle Counter Calibration,Reset failure,2,HIGH,2025-08-08,2025-08-10,2025-08-19,6.8,13,HIGH,Pending,True
SIG0855,AST0719,SEC044,Level Crossing Equipment,Interlocking Test,Signal interlocking mismatch,5,LOW,2025-04-10,2025-04-13,2025-06-29,11.3,13,LOW,Pending,False
SIG0856,AST0739,SEC064,Axle Counter,Relay Replacement,Mechanical wear,4,LOW,2025-05-26,2025-05-26,2025-07-08,6.2,12,LOW,Pending,False
SIG0857,AST0719,SEC044,Level Crossing Equipment,Level Crossing Maintenance,Lighting defect,3,MEDIUM,2025-05-16,2025-05-16,2025-06-14,11.5,3,MEDIUM,Cancelled,False
SIG0858,AST0766,SEC016,Communication Equipment,Track Circuit Maintenance,Insulation failure,5,LOW,2025-06-27,2025-06-29,2025-08-17,11.3,13,LOW,In Progress,True
SIG0859,AST0787,SEC037,Axle Counter,Interlocking Test,Signal interlocking mismatch,3,MEDIUM,2025-07-26,2025-07-27,2025-08-15,6.6,9,MEDIUM,Pending,False
SIG0860,AST0975,SEC075,Level Crossing Equipment,Interlocking Test,Overlap fault,4,LOW,2025-02-24,2025-02-25,2025-04-14,2.7,12,LOW,Completed,False
SIG0861,AST0940,SEC040,Interlocking,Level Crossing Maintenance,Gate motor issue,5,LOW,2025-08-23,2025-08-25,2025-11-09,5.3,8,LOW,Scheduled,True
SIG0862,AST0734,SEC059,Communication Equipment,Level Crossing Maintenance,Boom barrier fault,3,MEDIUM,2025-03-18,2025-03-20,2025-04-11,6.2,7,MEDIUM,In Progress,False
SIG0863,AST0795,SEC045,Axle Counter,Signal Inspection,Lamp failure,3,MEDIUM,2025-11-23,2025-11-26,2025-12-11,3.7,15,MEDIUM,Scheduled,False
SIG0864,AST0928,SEC028,Signal,Track Circuit Maintenance,Feed-end issue,2,HIGH,2025-06-05,2025-06-08,2025-06-23,5.4,5,HIGH,Scheduled,True
SIG0865,AST0878,SEC053,Communication Equipment,Interlocking Test,Signal interlocking mismatch,4,LOW,2025-11-18,2025-11-21,2025-12-26,9.7,10,LOW,Completed,True
SIG0866,AST0750,SEC075,Communication Equipment,Point Machine Servicing,Detection rod issue,3,MEDIUM,2025-09-25,2025-09-28,2025-10-15,4.6,15,MEDIUM,Completed,True
SIG0867,AST0765,SEC015,Relay,Point Machine Servicing,Motor fault,2,HIGH,2025-10-06,2025-10-09,2025-10-22,3.6,9,HIGH,Pending,False
SIG0868,AST0937,SEC037,Point Machine,Level Crossing Maintenance,Lighting defect,3,MEDIUM,2025-04-24,2025-04-24,2025-05-20,11.9,9,MEDIUM,Scheduled,True
SIG0869,AST0719,SEC044,Level Crossing Equipment,Point Machine Servicing,Detection rod issue,4,LOW,2025-03-24,2025-03-24,2025-05-11,3.6,9,LOW,Pending,False
SIG0870,AST0701,SEC026,Relay,Relay Replacement,Coil failure,3,MEDIUM,2025-05-01,2025-05-01,2025-05-23,6.2,7,MEDIUM,Completed,False
SIG0871,AST0727,SEC052,Level Crossing Equipment,Level Crossing Maintenance,Bell failure,3,MEDIUM,2025-08-18,2025-08-18,2025-09-14,1.6,8,MEDIUM,Scheduled,True
SIG0872,AST0720,SEC045,Signal,Relay Replacement,Mechanical wear,4,LOW,2025-11-23,2025-11-25,2026-01-24,8.8,2,LOW,Scheduled,True
SIG0873,AST0836,SEC011,Interlocking,Interlocking Test,Overlap fault,3,MEDIUM,2025-03-18,2025-03-20,2025-04-10,6.7,4,MEDIUM,Completed,True
SIG0874,AST0782,SEC032,Communication Equipment,Communication Equipment Repair,OFC splice loss,4,LOW,2025-11-13,2025-11-13,2025-12-12,8.5,9,LOW,Pending,True
SIG0875,AST0761,SEC011,Point Machine,Level Crossing Maintenance,Lighting defect,4,LOW,2025-09-16,2025-09-18,2025-10-20,9.4,6,LOW,Scheduled,True
SIG0876,AST0907,SEC007,Axle Counter,Point Machine Servicing,Clutch slip,2,HIGH,2025-10-27,2025-10-29,2025-11-08,7.4,11,HIGH,Pending,False
SIG0877,AST0798,SEC048,Communication Equipment,Track Circuit Maintenance,Feed-end issue,3,MEDIUM,2025-03-01,2025-03-02,2025-03-21,2.6,4,MEDIUM,Completed,False
SIG0878,AST0923,SEC023,Axle Counter,Relay Replacement,Mechanical wear,1,CRITICAL,2025-06-21,2025-06-24,2025-07-01,9.2,10,HIGH,Completed,False
SIG0879,AST0933,SEC033,Relay,Interlocking Test,Logic error,3,MEDIUM,2025-07-06,2025-07-07,2025-07-29,6.6,13,MEDIUM,Scheduled,True
SIG0880,AST0973,SEC073,Relay,Interlocking Test,Signal interlocking mismatch,4,LOW,2025-10-09,2025-10-09,2025-11-26,3.4,13,LOW,Completed,False
SIG0881,AST0994,SEC019,Track Circuit,Axle Counter Calibration,Sensor misalignment,3,MEDIUM,2025-05-28,2025-05-31,2025-06-25,8.4,8,MEDIUM,Completed,True
SIG0882,AST0892,SEC067,Interlocking,Track Circuit Maintenance,Feed-end issue,5,LOW,2025-01-12,2025-01-13,2025-02-27,7.5,3,LOW,Pending,True
SIG0883,AST0961,SEC061,Point Machine,Relay Replacement,Timing drift,4,LOW,2025-06-02,2025-06-05,2025-07-19,2.2,6,LOW,Scheduled,True
SIG0884,AST0956,SEC056,Interlocking,Track Circuit Maintenance,Bonding defect,2,HIGH,2025-01-28,2025-01-30,2025-02-07,8.3,12,HIGH,Scheduled,True
SIG0885,AST0930,SEC030,Track Circuit,Track Circuit Maintenance,Receiver fault,4,LOW,2025-12-02,2025-12-04,2026-01-30,8.5,4,LOW,Cancelled,True
SIG0886,AST0849,SEC024,Point Machine,Track Circuit Maintenance,Insulation failure,4,LOW,2025-04-30,2025-05-02,2025-05-27,8.9,3,LOW,In Progress,True
SIG0887,AST0834,SEC009,Track Circuit,Level Crossing Maintenance,Lighting defect,4,LOW,2025-04-14,2025-04-14,2025-05-30,6.0,10,LOW,Completed,True
SIG0888,AST0861,SEC036,Relay,Level Crossing Maintenance,Boom barrier fault,2,HIGH,2025-08-04,2025-08-06,2025-08-14,7.6,8,HIGH,Scheduled,False
SIG0889,AST0901,SEC001,Relay,Point Machine Servicing,Clutch slip,1,CRITICAL,2025-11-17,2025-11-18,2025-11-25,10.8,3,HIGH,Completed,True
SIG0890,AST0981,SEC006,Relay,Interlocking Test,Overlap fault,3,MEDIUM,2025-06-26,2025-06-26,2025-07-14,3.8,8,MEDIUM,Pending,False
SIG0891,AST0830,SEC005,Communication Equipment,Interlocking Test,Overlap fault,2,HIGH,2025-05-15,2025-05-16,2025-05-29,10.0,5,HIGH,Scheduled,False
SIG0892,AST0994,SEC019,Track Circuit,Axle Counter Calibration,Sensor misalignment,3,MEDIUM,2025-05-22,2025-05-25,2025-06-10,8.2,12,MEDIUM,Pending,True
SIG0893,AST0948,SEC048,Interlocking,Level Crossing Maintenance,Bell failure,4,LOW,2025-08-23,2025-08-23,2025-09-25,5.7,2,LOW,Completed,True
SIG0894,AST0937,SEC037,Point Machine,Point Machine Servicing,Detection rod issue,4,LOW,2025-10-22,2025-10-23,2025-12-08,4.0,11,LOW,Pending,True
SIG0895,AST0830,SEC005,Communication Equipment,Communication Equipment Repair,Radio fault,1,CRITICAL,2025-06-29,2025-06-30,2025-07-05,9.1,3,HIGH,Completed,False
SIG0896,AST0715,SEC040,Axle Counter,Communication Equipment Repair,OFC splice loss,3,MEDIUM,2025-01-23,2025-01-23,2025-02-08,9.7,13,MEDIUM,Completed,False
SIG0897,AST0784,SEC034,Signal,Interlocking Test,Signal interlocking mismatch,1,CRITICAL,2025-11-16,2025-11-19,2025-11-26,10.4,14,HIGH,Scheduled,False
SIG0898,AST0839,SEC014,Level Crossing Equipment,Communication Equipment Repair,OFC splice loss,2,HIGH,2025-12-10,2025-12-11,2025-12-26,9.6,11,HIGH,Completed,False
SIG0899,AST0740,SEC065,Interlocking,Signal Inspection,Signal post tilt,3,MEDIUM,2025-05-26,2025-05-29,2025-06-16,3.6,10,MEDIUM,Cancelled,True
SIG0900,AST0872,SEC047,Signal,Interlocking Test,Route locking fault,2,HIGH,2025-07-24,2025-07-25,2025-08-03,8.9,13,HIGH,Scheduled,True
SIG0901,AST0782,SEC032,Communication Equipment,Level Crossing Maintenance,Boom barrier fault,5,LOW,2025-08-22,2025-08-23,2025-10-27,4.0,6,LOW,Pending,False
SIG0902,AST0975,SEC075,Level Crossing Equipment,Point Machine Servicing,Lock bar defect,3,MEDIUM,2025-08-31,2025-09-03,2025-09-21,9.9,6,MEDIUM,Scheduled,False
SIG0903,AST0711,SEC036,Level Crossing Equipment,Level Crossing Maintenance,Boom barrier fault,3,MEDIUM,2025-05-10,2025-05-11,2025-06-06,10.5,7,MEDIUM,Completed,False
SIG0904,AST0991,SEC016,Level Crossing Equipment,Interlocking Test,Route locking fault,3,MEDIUM,2025-12-16,2025-12-19,2026-01-12,7.7,15,MEDIUM,Scheduled,True
SIG0905,AST0788,SEC038,Interlocking,Signal Inspection,Lens damage,2,HIGH,2025-01-25,2025-01-25,2025-02-06,1.1,6,HIGH,Completed,True
SIG0906,AST0744,SEC069,Signal,Interlocking Test,Signal interlocking mismatch,3,MEDIUM,2025-04-15,2025-04-15,2025-05-02,2.3,7,MEDIUM,Completed,True
SIG0907,AST0814,SEC064,Communication Equipment,Axle Counter Calibration,Sensor misalignment,1,CRITICAL,2025-09-10,2025-09-12,2025-09-15,7.5,13,HIGH,Cancelled,False
SIG0908,AST0788,SEC038,Interlocking,Point Machine Servicing,Motor fault,3,MEDIUM,2025-05-18,2025-05-19,2025-06-17,7.5,3,MEDIUM,Scheduled,True
SIG0909,AST0938,SEC038,Track Circuit,Point Machine Servicing,Detection rod issue,4,LOW,2025-10-31,2025-11-03,2026-01-02,4.7,4,LOW,Pending,True
SIG0910,AST0753,SEC003,Point Machine,Axle Counter Calibration,Count error,3,MEDIUM,2025-10-28,2025-10-29,2025-11-20,2.6,15,MEDIUM,Pending,True
SIG0911,AST0706,SEC031,Track Circuit,Track Circuit Maintenance,Feed-end issue,1,CRITICAL,2025-06-22,2025-06-22,2025-06-28,11.2,4,HIGH,Completed,True
SIG0912,AST0878,SEC053,Communication Equipment,Point Machine Servicing,Lock bar defect,3,MEDIUM,2025-06-19,2025-06-21,2025-07-13,7.2,2,MEDIUM,Completed,False
SIG0913,AST0883,SEC058,Axle Counter,Signal Inspection,Lens damage,3,MEDIUM,2025-07-20,2025-07-21,2025-08-20,4.6,10,MEDIUM,Scheduled,True
SIG0914,AST0792,SEC042,Signal,Point Machine Servicing,Clutch slip,4,LOW,2025-10-18,2025-10-18,2025-11-27,10.2,2,LOW,In Progress,True
SIG0915,AST0786,SEC036,Track Circuit,Relay Replacement,Contact oxidation,2,HIGH,2025-05-16,2025-05-18,2025-05-28,3.4,3,HIGH,Completed,True
SIG0916,AST0810,SEC060,Track Circuit,Level Crossing Maintenance,Gate motor issue,1,CRITICAL,2025-02-09,2025-02-09,2025-02-14,9.4,10,HIGH,Pending,True
SIG0917,AST0849,SEC024,Point Machine,Point Machine Servicing,Clutch slip,3,MEDIUM,2025-06-22,2025-06-23,2025-07-23,3.2,8,MEDIUM,Pending,True
SIG0918,AST0920,SEC020,Signal,Signal Inspection,Signal post tilt,2,HIGH,2025-09-05,2025-09-08,2025-09-21,4.9,4,HIGH,Completed,True
SIG0919,AST0823,SEC073,Level Crossing Equipment,Interlocking Test,Overlap fault,2,HIGH,2025-11-28,2025-11-30,2025-12-11,10.5,4,HIGH,In Progress,False
SIG0920,AST0805,SEC055,Relay,Track Circuit Maintenance,Insulation failure,3,MEDIUM,2025-04-08,2025-04-11,2025-05-07,10.8,8,MEDIUM,Scheduled,False
SIG0921,AST0798,SEC048,Communication Equipment,Level Crossing Maintenance,Lighting defect,2,HIGH,2025-01-22,2025-01-23,2025-01-31,7.7,10,HIGH,Scheduled,False
SIG0922,AST0869,SEC044,Relay,Point Machine Servicing,Lock bar defect,1,CRITICAL,2025-08-10,2025-08-10,2025-08-14,3.8,12,HIGH,Scheduled,True
SIG0923,AST0841,SEC016,Point Machine,Track Circuit Maintenance,Feed-end issue,2,HIGH,2025-02-17,2025-02-18,2025-02-28,5.3,3,HIGH,In Progress,True
SIG0924,AST0792,SEC042,Signal,Point Machine Servicing,Detection rod issue,3,MEDIUM,2025-05-22,2025-05-24,2025-06-08,1.0,13,MEDIUM,In Progress,True
SIG0925,AST0959,SEC059,Level Crossing Equipment,Track Circuit Maintenance,Receiver fault,4,LOW,2025-04-09,2025-04-12,2025-06-06,3.2,3,LOW,Completed,False
SIG0926,AST0880,SEC055,Signal,Signal Inspection,Lens damage,2,HIGH,2025-09-26,2025-09-29,2025-10-11,9.9,14,HIGH,Pending,True
SIG0927,AST0735,SEC060,Level Crossing Equipment,Relay Replacement,Coil failure,3,MEDIUM,2025-06-30,2025-07-02,2025-07-28,10.0,15,MEDIUM,Cancelled,False
SIG0928,AST0870,SEC045,Communication Equipment,Level Crossing Maintenance,Gate motor issue,3,MEDIUM,2025-12-03,2025-12-06,2025-12-25,11.2,9,MEDIUM,Completed,True
SIG0929,AST0889,SEC064,Point Machine,Interlocking Test,Logic error,3,MEDIUM,2025-02-10,2025-02-11,2025-02-25,6.5,3,MEDIUM,Completed,True
SIG0930,AST0785,SEC035,Point Machine,Level Crossing Maintenance,Gate motor issue,5,LOW,2025-03-04,2025-03-06,2025-04-24,5.0,9,LOW,Scheduled,True
SIG0931,AST0899,SEC074,Axle Counter,Relay Replacement,Mechanical wear,2,HIGH,2025-07-06,2025-07-08,2025-07-20,4.5,14,HIGH,Scheduled,False
SIG0932,AST0851,SEC026,Axle Counter,Signal Inspection,Signal post tilt,4,LOW,2025-08-02,2025-08-03,2025-09-12,2.1,10,LOW,Completed,False
SIG0933,AST0961,SEC061,Point Machine,Signal Inspection,Signal post tilt,4,LOW,2025-11-09,2025-11-11,2025-12-12,2.0,14,LOW,Completed,True
SIG0934,AST0744,SEC069,Signal,Track Circuit Maintenance,Receiver fault,4,LOW,2025-09-14,2025-09-15,2025-11-12,7.0,11,LOW,Completed,True
SIG0935,AST0771,SEC021,Axle Counter,Level Crossing Maintenance,Lighting defect,4,LOW,2025-07-08,2025-07-08,2025-08-05,6.8,2,LOW,Pending,True
SIG0936,AST0898,SEC073,Track Circuit,Track Circuit Maintenance,Receiver fault,3,MEDIUM,2025-04-08,2025-04-11,2025-05-04,6.6,13,MEDIUM,Pending,True
SIG0937,AST0934,SEC034,Communication Equipment,Interlocking Test,Signal interlocking mismatch,4,LOW,2025-01-13,2025-01-16,2025-02-25,1.2,4,LOW,Completed,True
SIG0938,AST0797,SEC047,Relay,Track Circuit Maintenance,Insulation failure,3,MEDIUM,2025-10-09,2025-10-10,2025-11-09,7.4,7,MEDIUM,Completed,False
SIG0939,AST0728,SEC053,Signal,Point Machine Servicing,Clutch slip,5,LOW,2025-11-03,2025-11-05,2026-01-26,1.7,13,LOW,Scheduled,True
SIG0940,AST0930,SEC030,Track Circuit,Axle Counter Calibration,Cable fault,5,LOW,2025-12-14,2025-12-16,2026-03-02,4.1,7,LOW,Scheduled,True
SIG0941,AST0731,SEC056,Axle Counter,Level Crossing Maintenance,Boom barrier fault,3,MEDIUM,2025-04-11,2025-04-11,2025-04-27,11.5,6,MEDIUM,Scheduled,False
SIG0942,AST0927,SEC027,Level Crossing Equipment,Communication Equipment Repair,Control phone failure,3,MEDIUM,2025-02-01,2025-02-01,2025-02-18,8.0,4,MEDIUM,Pending,False
SIG0943,AST0725,SEC050,Relay,Communication Equipment Repair,Fiber break,3,MEDIUM,2025-02-05,2025-02-06,2025-03-08,10.4,13,MEDIUM,Completed,False
SIG0944,AST0737,SEC062,Point Machine,Communication Equipment Repair,Radio fault,3,MEDIUM,2025-07-22,2025-07-25,2025-08-23,1.3,12,MEDIUM,Scheduled,True
SIG0945,AST0780,SEC030,Interlocking,Communication Equipment Repair,Radio fault,4,LOW,2025-06-05,2025-06-07,2025-08-01,5.6,4,LOW,Completed,True
SIG0946,AST0798,SEC048,Communication Equipment,Interlocking Test,Signal interlocking mismatch,2,HIGH,2025-08-28,2025-08-29,2025-09-13,9.8,8,HIGH,In Progress,False
SIG0947,AST0750,SEC075,Communication Equipment,Point Machine Servicing,Clutch slip,4,LOW,2025-12-15,2025-12-18,2026-01-27,8.0,2,LOW,Pending,True
SIG0948,AST0905,SEC005,Point Machine,Interlocking Test,Logic error,3,MEDIUM,2025-02-18,2025-02-19,2025-03-21,9.8,11,MEDIUM,Completed,True
SIG0949,AST0885,SEC060,Relay,Signal Inspection,Aspect error,4,LOW,2025-06-10,2025-06-11,2025-07-25,2.8,13,LOW,Completed,True
SIG0950,AST0899,SEC074,Axle Counter,Level Crossing Maintenance,Gate motor issue,3,MEDIUM,2025-03-20,2025-03-22,2025-04-16,2.8,8,MEDIUM,Pending,False
SIG0951,AST0832,SEC007,Signal,Track Circuit Maintenance,Feed-end issue,2,HIGH,2025-10-08,2025-10-09,2025-10-16,10.6,11,HIGH,Scheduled,True
SIG0952,AST0726,SEC051,Communication Equipment,Communication Equipment Repair,Control phone failure,2,HIGH,2025-04-05,2025-04-08,2025-04-20,5.9,15,HIGH,Pending,True
SIG0953,AST0787,SEC037,Axle Counter,Level Crossing Maintenance,Boom barrier fault,2,HIGH,2025-02-23,2025-02-24,2025-03-05,6.7,12,HIGH,Pending,False
SIG0954,AST0702,SEC027,Communication Equipment,Point Machine Servicing,Lock bar defect,4,LOW,2025-11-22,2025-11-22,2026-01-11,10.1,8,LOW,Pending,False
SIG0955,AST0808,SEC058,Signal,Axle Counter Calibration,Count error,3,MEDIUM,2025-04-13,2025-04-14,2025-05-07,3.4,13,MEDIUM,Completed,True
SIG0956,AST0707,SEC032,Axle Counter,Relay Replacement,Mechanical wear,2,HIGH,2025-10-06,2025-10-08,2025-10-16,3.0,11,HIGH,Pending,False
SIG0957,AST0915,SEC015,Axle Counter,Communication Equipment Repair,Radio fault,4,LOW,2025-04-01,2025-04-03,2025-05-20,3.9,14,LOW,Cancelled,True
SIG0958,AST0724,SEC049,Interlocking,Signal Inspection,Signal post tilt,2,HIGH,2025-02-24,2025-02-26,2025-03-06,9.8,5,HIGH,Completed,True
SIG0959,AST0916,SEC016,Interlocking,Interlocking Test,Logic error,3,MEDIUM,2025-12-15,2025-12-18,2026-01-11,5.5,9,MEDIUM,Scheduled,True
SIG0960,AST0770,SEC020,Track Circuit,Signal Inspection,Aspect error,1,CRITICAL,2025-07-28,2025-07-29,2025-08-01,6.6,7,HIGH,Completed,True
SIG0961,AST0976,SEC001,Signal,Relay Replacement,Mechanical wear,5,LOW,2025-04-16,2025-04-17,2025-06-22,5.1,11,LOW,Pending,True
SIG0962,AST0874,SEC049,Track Circuit,Interlocking Test,Signal interlocking mismatch,2,HIGH,2025-09-25,2025-09-25,2025-10-07,6.4,4,HIGH,In Progress,True
SIG0963,AST0734,SEC059,Communication Equipment,Relay Replacement,Mechanical wear,5,LOW,2025-10-01,2025-10-03,2025-11-16,10.3,13,LOW,Completed,False
SIG0964,AST0718,SEC043,Communication Equipment,Signal Inspection,Lens damage,3,MEDIUM,2025-11-26,2025-11-26,2025-12-20,10.5,14,MEDIUM,In Progress,True
SIG0965,AST0782,SEC032,Communication Equipment,Relay Replacement,Mechanical wear,1,CRITICAL,2025-10-20,2025-10-23,2025-10-27,2.8,11,HIGH,Completed,False
SIG0966,AST0820,SEC070,Interlocking,Point Machine Servicing,Lock bar defect,4,LOW,2025-04-05,2025-04-06,2025-06-04,7.4,6,LOW,Completed,True
SIG0967,AST0723,SEC048,Axle Counter,Axle Counter Calibration,Count error,3,MEDIUM,2025-06-24,2025-06-26,2025-07-15,6.3,8,MEDIUM,Completed,False
SIG0968,AST0807,SEC057,Level Crossing Equipment,Signal Inspection,Signal post tilt,2,HIGH,2025-08-09,2025-08-09,2025-08-21,2.1,6,HIGH,In Progress,False
SIG0969,AST0945,SEC045,Point Machine,Signal Inspection,Signal post tilt,2,HIGH,2025-11-27,2025-11-27,2025-12-04,8.2,8,HIGH,Completed,True
SIG0970,AST0869,SEC044,Relay,Communication Equipment Repair,Radio fault,2,HIGH,2025-04-29,2025-04-29,2025-05-10,3.8,7,HIGH,Pending,False
SIG0971,AST0719,SEC044,Level Crossing Equipment,Level Crossing Maintenance,Boom barrier fault,4,LOW,2025-02-05,2025-02-05,2025-03-23,1.8,14,LOW,Completed,False
SIG0972,AST0785,SEC035,Point Machine,Point Machine Servicing,Lock bar defect,1,CRITICAL,2025-09-19,2025-09-20,2025-09-25,7.7,12,HIGH,Cancelled,True
SIG0973,AST0999,SEC024,Level Crossing Equipment,Level Crossing Maintenance,Gate motor issue,3,MEDIUM,2025-06-07,2025-06-08,2025-07-05,4.0,3,MEDIUM,Scheduled,False
SIG0974,AST0965,SEC065,Relay,Interlocking Test,Logic error,4,LOW,2025-07-14,2025-07-14,2025-09-03,1.1,7,LOW,Pending,False
SIG0975,AST0746,SEC071,Track Circuit,Axle Counter Calibration,Reset failure,3,MEDIUM,2025-05-14,2025-05-14,2025-05-31,3.1,7,MEDIUM,Completed,False
SIG0976,AST0929,SEC029,Point Machine,Point Machine Servicing,Clutch slip,1,CRITICAL,2025-11-03,2025-11-05,2025-11-09,5.4,10,HIGH,Completed,True
SIG0977,AST0724,SEC049,Interlocking,Relay Replacement,Contact oxidation,3,MEDIUM,2025-08-22,2025-08-22,2025-09-10,6.5,3,MEDIUM,Scheduled,False
SIG0978,AST0854,SEC029,Communication Equipment,Signal Inspection,Signal post tilt,1,CRITICAL,2025-01-04,2025-01-06,2025-01-13,9.6,5,HIGH,Pending,False
SIG0979,AST0981,SEC006,Relay,Communication Equipment Repair,Radio fault,2,HIGH,2025-09-22,2025-09-25,2025-10-04,6.5,14,HIGH,Cancelled,True
SIG0980,AST0764,SEC014,Interlocking,Signal Inspection,Lens damage,4,LOW,2025-05-31,2025-06-01,2025-07-02,3.0,2,LOW,Completed,True
SIG0981,AST0915,SEC015,Axle Counter,Track Circuit Maintenance,Feed-end issue,3,MEDIUM,2025-09-17,2025-09-19,2025-10-19,4.3,5,MEDIUM,Pending,False
SIG0982,AST0919,SEC019,Level Crossing Equipment,Axle Counter Calibration,Sensor misalignment,2,HIGH,2025-11-03,2025-11-05,2025-11-15,5.7,14,HIGH,Completed,False
SIG0983,AST0807,SEC057,Level Crossing Equipment,Relay Replacement,Timing drift,3,MEDIUM,2025-09-20,2025-09-21,2025-10-10,8.3,14,MEDIUM,Completed,False
SIG0984,AST0712,SEC037,Signal,Track Circuit Maintenance,Receiver fault,5,LOW,2025-04-10,2025-04-13,2025-06-11,1.1,13,LOW,Completed,True
SIG0985,AST0879,SEC054,Level Crossing Equipment,Axle Counter Calibration,Cable fault,2,HIGH,2025-10-29,2025-10-30,2025-11-11,9.5,11,HIGH,Completed,True
SIG0986,AST0920,SEC020,Signal,Point Machine Servicing,Clutch slip,5,LOW,2025-08-15,2025-08-18,2025-10-22,11.1,15,LOW,Pending,True
SIG0987,AST0890,SEC065,Track Circuit,Interlocking Test,Route locking fault,3,MEDIUM,2025-06-28,2025-06-28,2025-07-24,1.5,6,MEDIUM,In Progress,True
SIG0988,AST0829,SEC004,Relay,Relay Replacement,Timing drift,3,MEDIUM,2025-02-10,2025-02-10,2025-03-09,10.6,3,MEDIUM,Pending,False
SIG0989,AST0751,SEC001,Level Crossing Equipment,Relay Replacement,Timing drift,1,CRITICAL,2025-06-06,2025-06-09,2025-06-12,8.6,4,HIGH,Pending,False
SIG0990,AST0758,SEC008,Communication Equipment,Track Circuit Maintenance,Bonding defect,4,LOW,2025-01-11,2025-01-13,2025-02-20,1.0,2,LOW,In Progress,False
SIG0991,AST0971,SEC071,Axle Counter,Track Circuit Maintenance,Bonding defect,5,LOW,2025-10-31,2025-10-31,2025-12-30,4.4,12,LOW,Scheduled,False
SIG0992,AST0847,SEC022,Level Crossing Equipment,Communication Equipment Repair,Control phone failure,3,MEDIUM,2025-01-27,2025-01-29,2025-02-12,1.5,14,MEDIUM,Cancelled,True
SIG0993,AST0908,SEC008,Interlocking,Axle Counter Calibration,Sensor misalignment,5,LOW,2025-02-14,2025-02-17,2025-04-13,3.2,14,LOW,Completed,False
SIG0994,AST0814,SEC064,Communication Equipment,Relay Replacement,Contact oxidation,3,MEDIUM,2025-01-13,2025-01-14,2025-02-04,4.4,4,MEDIUM,Pending,True
SIG0995,AST0749,SEC074,Relay,Track Circuit Maintenance,Feed-end issue,3,MEDIUM,2025-01-22,2025-01-24,2025-02-15,6.2,3,MEDIUM,Pending,True
SIG0996,AST0833,SEC008,Point Machine,Point Machine Servicing,Detection rod issue,4,LOW,2025-09-25,2025-09-26,2025-11-01,7.4,6,LOW,Pending,True
SIG0997,AST0827,SEC002,Axle Counter,Relay Replacement,Contact oxidation,1,CRITICAL,2025-04-14,2025-04-15,2025-04-18,10.0,3,HIGH,Completed,False
SIG0998,AST0869,SEC044,Relay,Relay Replacement,Contact oxidation,2,HIGH,2025-06-24,2025-06-24,2025-07-03,6.0,4,HIGH,Scheduled,False
SIG0999,AST0749,SEC074,Relay,Signal Inspection,Aspect error,4,LOW,2025-06-14,2025-06-15,2025-07-16,6.9,11,LOW,Completed,False
SIG1000,AST0708,SEC033,Interlocking,Communication Equipment Repair,Control phone failure,5,LOW,2025-07-05,2025-07-07,2025-09-12,11.2,8,LOW,Cancelled,True
SIG1001,AST0775,SEC025,Level Crossing Equipment,Signal Inspection,Aspect error,4,LOW,2025-11-18,2025-11-20,2026-01-15,5.0,12,LOW,Completed,True
SIG1002,AST0816,SEC066,Signal,Signal Inspection,Lens damage,3,MEDIUM,2025-02-22,2025-02-23,2025-03-16,2.6,13,MEDIUM,Completed,True
SIG1003,AST0749,SEC074,Relay,Signal Inspection,Lens damage,3,MEDIUM,2025-07-25,2025-07-28,2025-08-24,8.2,14,MEDIUM,Cancelled,False
SIG1004,AST0806,SEC056,Communication Equipment,Communication Equipment Repair,Fiber break,5,LOW,2025-08-13,2025-08-15,2025-11-07,6.4,14,LOW,In Progress,False
SIG1005,AST0835,SEC010,Axle Counter,Point Machine Servicing,Clutch slip,5,LOW,2025-11-18,2025-11-19,2026-02-14,9.8,12,LOW,Pending,False
SIG1006,AST0820,SEC070,Interlocking,Relay Replacement,Coil failure,5,LOW,2025-01-22,2025-01-24,2025-03-30,3.2,11,LOW,Scheduled,True
SIG1007,AST0854,SEC029,Communication Equipment,Relay Replacement,Mechanical wear,3,MEDIUM,2025-09-10,2025-09-11,2025-10-02,6.0,7,MEDIUM,Pending,False
SIG1008,AST0997,SEC022,Relay,Level Crossing Maintenance,Lighting defect,4,LOW,2025-01-21,2025-01-21,2025-03-14,2.2,2,LOW,Completed,True
SIG1009,AST0747,SEC072,Axle Counter,Relay Replacement,Mechanical wear,2,HIGH,2025-02-26,2025-02-28,2025-03-08,1.2,2,HIGH,In Progress,False
SIG1010,AST0857,SEC032,Point Machine,Relay Replacement,Timing drift,4,LOW,2025-05-12,2025-05-13,2025-06-23,10.7,3,LOW,In Progress,True
SIG1011,AST0979,SEC004,Axle Counter,Point Machine Servicing,Clutch slip,2,HIGH,2025-11-02,2025-11-04,2025-11-12,11.6,15,HIGH,Scheduled,False
SIG1012,AST0857,SEC032,Point Machine,Relay Replacement,Coil failure,2,HIGH,2025-10-11,2025-10-11,2025-10-20,6.2,3,HIGH,Pending,True
SIG1013,AST0774,SEC024,Communication Equipment,Signal Inspection,Signal post tilt,1,CRITICAL,2025-10-19,2025-10-22,2025-10-28,10.5,7,HIGH,Completed,False
SIG1014,AST0987,SEC012,Axle Counter,Relay Replacement,Timing drift,4,LOW,2025-07-20,2025-07-23,2025-09-10,2.0,14,LOW,Pending,False
SIG1015,AST0983,SEC008,Level Crossing Equipment,Track Circuit Maintenance,Bonding defect,1,CRITICAL,2025-07-17,2025-07-20,2025-07-26,2.9,5,HIGH,Completed,True
SIG1016,AST0719,SEC044,Level Crossing Equipment,Communication Equipment Repair,Control phone failure,1,CRITICAL,2025-06-24,2025-06-27,2025-07-01,11.8,5,HIGH,Cancelled,True
SIG1017,AST0854,SEC029,Communication Equipment,Track Circuit Maintenance,Insulation failure,2,HIGH,2025-05-06,2025-05-08,2025-05-18,6.3,2,HIGH,Pending,False
SIG1018,AST0847,SEC022,Level Crossing Equipment,Relay Replacement,Mechanical wear,3,MEDIUM,2025-08-20,2025-08-21,2025-09-04,10.8,14,MEDIUM,In Progress,False
SIG1019,AST0763,SEC013,Axle Counter,Axle Counter Calibration,Sensor misalignment,4,LOW,2025-02-02,2025-02-02,2025-04-02,8.8,6,LOW,Completed,True
SIG1020,AST0723,SEC048,Axle Counter,Point Machine Servicing,Detection rod issue,4,LOW,2025-07-13,2025-07-13,2025-08-14,10.1,7,LOW,Completed,True
SIG1021,AST0769,SEC019,Point Machine,Communication Equipment Repair,Control phone failure,5,LOW,2025-06-17,2025-06-19,2025-08-26,5.1,12,LOW,Scheduled,True
SIG1022,AST0944,SEC044,Signal,Communication Equipment Repair,OFC splice loss,3,MEDIUM,2025-05-25,2025-05-26,2025-06-16,2.0,11,MEDIUM,Pending,True
SIG1023,AST0765,SEC015,Relay,Level Crossing Maintenance,Gate motor issue,4,LOW,2025-04-05,2025-04-05,2025-05-01,6.7,10,LOW,Completed,False
SIG1024,AST0991,SEC016,Level Crossing Equipment,Relay Replacement,Timing drift,2,HIGH,2025-11-28,2025-11-28,2025-12-06,1.7,12,HIGH,In Progress,True
SIG1025,AST0857,SEC032,Point Machine,Communication Equipment Repair,Control phone failure,3,MEDIUM,2025-03-20,2025-03-20,2025-04-19,8.8,7,MEDIUM,Completed,True
SIG1026,AST0708,SEC033,Interlocking,Communication Equipment Repair,OFC splice loss,5,LOW,2025-05-27,2025-05-29,2025-07-24,8.0,2,LOW,Pending,True
SIG1027,AST0950,SEC050,Communication Equipment,Relay Replacement,Contact oxidation,3,MEDIUM,2025-04-23,2025-04-23,2025-05-12,7.6,10,MEDIUM,Pending,False
SIG1028,AST0942,SEC042,Communication Equipment,Signal Inspection,Lens damage,2,HIGH,2025-05-10,2025-05-11,2025-05-23,4.7,5,HIGH,Completed,False
SIG1029,AST0921,SEC021,Point Machine,Track Circuit Maintenance,Bonding defect,2,HIGH,2025-03-01,2025-03-03,2025-03-12,3.4,6,HIGH,Scheduled,False
SIG1030,AST0947,SEC047,Axle Counter,Axle Counter Calibration,Cable fault,3,MEDIUM,2025-06-18,2025-06-18,2025-07-12,8.7,13,MEDIUM,Completed,False
SIG1031,AST0836,SEC011,Interlocking,Level Crossing Maintenance,Lighting defect,4,LOW,2025-07-09,2025-07-10,2025-08-13,6.6,10,LOW,Scheduled,False
SIG1032,AST0902,SEC002,Communication Equipment,Track Circuit Maintenance,Bonding defect,1,CRITICAL,2025-02-16,2025-02-16,2025-02-23,10.2,7,HIGH,Scheduled,False
SIG1033,AST0776,SEC026,Signal,Communication Equipment Repair,Radio fault,4,LOW,2025-10-21,2025-10-24,2025-12-05,8.7,8,LOW,Completed,True
SIG1034,AST0820,SEC070,Interlocking,Interlocking Test,Signal interlocking mismatch,4,LOW,2025-01-25,2025-01-25,2025-02-26,11.4,6,LOW,Pending,True
SIG1035,AST0770,SEC020,Track Circuit,Track Circuit Maintenance,Feed-end issue,5,LOW,2025-02-06,2025-02-09,2025-04-21,5.4,9,LOW,Completed,True
SIG1036,AST0889,SEC064,Point Machine,Communication Equipment Repair,Fiber break,2,HIGH,2025-03-15,2025-03-15,2025-03-23,9.0,3,HIGH,Pending,False
SIG1037,AST0712,SEC037,Signal,Point Machine Servicing,Lock bar defect,2,HIGH,2025-03-20,2025-03-20,2025-03-28,7.5,12,HIGH,Scheduled,True
SIG1038,AST0884,SEC059,Interlocking,Interlocking Test,Overlap fault,3,MEDIUM,2025-10-18,2025-10-18,2025-11-01,6.0,12,MEDIUM,Completed,False
SIG1039,AST0739,SEC064,Axle Counter,Point Machine Servicing,Clutch slip,3,MEDIUM,2025-01-13,2025-01-15,2025-02-07,11.8,15,MEDIUM,Scheduled,False
SIG1040,AST0978,SEC003,Track Circuit,Point Machine Servicing,Motor fault,3,MEDIUM,2025-01-20,2025-01-23,2025-02-18,7.5,2,MEDIUM,Completed,True
SIG1041,AST0975,SEC075,Level Crossing Equipment,Axle Counter Calibration,Count error,4,LOW,2025-03-22,2025-03-23,2025-05-01,4.3,14,LOW,In Progress,False
SIG1042,AST0813,SEC063,Relay,Axle Counter Calibration,Reset failure,1,CRITICAL,2025-05-30,2025-05-30,2025-06-03,4.2,7,HIGH,Pending,True
SIG1043,AST0867,SEC042,Axle Counter,Level Crossing Maintenance,Lighting defect,4,LOW,2025-05-21,2025-05-23,2025-06-18,5.2,9,LOW,Pending,True
SIG1044,AST0857,SEC032,Point Machine,Track Circuit Maintenance,Insulation failure,1,CRITICAL,2025-01-13,2025-01-14,2025-01-21,6.8,10,HIGH,Scheduled,True
SIG1045,AST0757,SEC007,Relay,Signal Inspection,Signal post tilt,5,LOW,2025-12-14,2025-12-17,2026-02-12,4.7,13,LOW,Scheduled,False
SIG1046,AST0936,SEC036,Signal,Level Crossing Maintenance,Boom barrier fault,4,LOW,2025-05-03,2025-05-04,2025-06-14,9.4,7,LOW,Completed,True
SIG1047,AST0794,SEC044,Track Circuit,Axle Counter Calibration,Reset failure,1,CRITICAL,2025-11-01,2025-11-02,2025-11-09,8.7,4,HIGH,Completed,True
SIG1048,AST0860,SEC035,Interlocking,Relay Replacement,Timing drift,4,LOW,2025-02-18,2025-02-18,2025-04-06,11.5,6,LOW,Pending,True
SIG1049,AST0782,SEC032,Communication Equipment,Communication Equipment Repair,Radio fault,3,MEDIUM,2025-09-05,2025-09-07,2025-09-21,4.4,7,MEDIUM,Scheduled,False
SIG1050,AST0850,SEC025,Track Circuit,Axle Counter Calibration,Sensor misalignment,2,HIGH,2025-06-23,2025-06-25,2025-07-06,1.7,10,HIGH,In Progress,True
SIG1051,AST0743,SEC068,Level Crossing Equipment,Point Machine Servicing,Motor fault,3,MEDIUM,2025-07-29,2025-08-01,2025-08-15,8.0,8,MEDIUM,Completed,False
SIG1052,AST0977,SEC002,Point Machine,Relay Replacement,Timing drift,5,LOW,2025-01-18,2025-01-19,2025-03-16,9.5,14,LOW,In Progress,True
SIG1053,AST0701,SEC026,Relay,Signal Inspection,Lamp failure,5,LOW,2025-05-25,2025-05-25,2025-08-15,4.0,7,LOW,Scheduled,True
SIG1054,AST0989,SEC014,Relay,Communication Equipment Repair,Fiber break,3,MEDIUM,2025-09-26,2025-09-28,2025-10-21,6.1,13,MEDIUM,Completed,False
SIG1055,AST0960,SEC060,Signal,Communication Equipment Repair,Radio fault,3,MEDIUM,2025-02-13,2025-02-14,2025-02-28,1.0,8,MEDIUM,Cancelled,False
SIG1056,AST0822,SEC072,Communication Equipment,Relay Replacement,Mechanical wear,3,MEDIUM,2025-04-20,2025-04-23,2025-05-18,4.5,15,MEDIUM,Pending,True
SIG1057,AST0826,SEC001,Track Circuit,Axle Counter Calibration,Cable fault,2,HIGH,2025-12-03,2025-12-05,2025-12-18,1.1,3,HIGH,Completed,False
SIG1058,AST0921,SEC021,Point Machine,Interlocking Test,Overlap fault,2,HIGH,2025-11-30,2025-12-01,2025-12-11,8.3,7,HIGH,Completed,True
SIG1059,AST0848,SEC023,Signal,Point Machine Servicing,Clutch slip,1,CRITICAL,2025-05-14,2025-05-17,2025-05-20,2.2,3,HIGH,Scheduled,True
SIG1060,AST0855,SEC030,Level Crossing Equipment,Track Circuit Maintenance,Feed-end issue,3,MEDIUM,2025-03-05,2025-03-07,2025-04-03,4.9,2,MEDIUM,Pending,False
SIG1061,AST0783,SEC033,Level Crossing Equipment,Signal Inspection,Lamp failure,4,LOW,2025-09-02,2025-09-05,2025-10-13,9.3,10,LOW,In Progress,True
SIG1062,AST0861,SEC036,Relay,Signal Inspection,Lamp failure,4,LOW,2025-09-18,2025-09-21,2025-11-18,3.3,3,LOW,In Progress,True
SIG1063,AST0739,SEC064,Axle Counter,Track Circuit Maintenance,Feed-end issue,2,HIGH,2025-10-15,2025-10-17,2025-11-01,11.4,6,HIGH,Pending,False
SIG1064,AST0874,SEC049,Track Circuit,Level Crossing Maintenance,Boom barrier fault,3,MEDIUM,2025-01-16,2025-01-16,2025-02-05,11.9,10,MEDIUM,Pending,True
SIG1065,AST0892,SEC067,Interlocking,Signal Inspection,Aspect error,2,HIGH,2025-05-10,2025-05-13,2025-05-24,3.2,3,HIGH,In Progress,True
SIG1066,AST0845,SEC020,Relay,Communication Equipment Repair,OFC splice loss,1,CRITICAL,2025-12-14,2025-12-15,2025-12-21,10.2,10,HIGH,In Progress,False
SIG1067,AST0876,SEC051,Interlocking,Point Machine Servicing,Detection rod issue,3,MEDIUM,2025-05-26,2025-05-29,2025-06-27,3.9,14,MEDIUM,Completed,False
SIG1068,AST0793,SEC043,Point Machine,Relay Replacement,Mechanical wear,4,LOW,2025-06-14,2025-06-15,2025-08-06,10.1,10,LOW,Pending,True
SIG1069,AST0749,SEC074,Relay,Relay Replacement,Contact oxidation,4,LOW,2025-04-24,2025-04-26,2025-06-10,7.4,14,LOW,Completed,True
SIG1070,AST0983,SEC008,Level Crossing Equipment,Point Machine Servicing,Detection rod issue,5,LOW,2025-09-13,2025-09-15,2025-11-17,10.4,10,LOW,Completed,False
SIG1071,AST0889,SEC064,Point Machine,Track Circuit Maintenance,Bonding defect,1,CRITICAL,2025-09-10,2025-09-10,2025-09-13,5.3,13,HIGH,Scheduled,False
SIG1072,AST0996,SEC021,Interlocking,Signal Inspection,Lamp failure,2,HIGH,2025-12-13,2025-12-15,2025-12-25,2.9,6,HIGH,Scheduled,True
SIG1073,AST0867,SEC042,Axle Counter,Axle Counter Calibration,Sensor misalignment,4,LOW,2025-05-06,2025-05-07,2025-06-03,4.8,6,LOW,Pending,True
SIG1074,AST0936,SEC036,Signal,Point Machine Servicing,Lock bar defect,4,LOW,2025-10-28,2025-10-29,2025-12-25,2.7,12,LOW,Scheduled,True
SIG1075,AST0931,SEC031,Axle Counter,Level Crossing Maintenance,Gate motor issue,2,HIGH,2025-03-08,2025-03-10,2025-03-18,9.2,2,HIGH,Pending,False
SIG1076,AST0803,SEC053,Axle Counter,Relay Replacement,Coil failure,1,CRITICAL,2025-07-20,2025-07-21,2025-07-26,9.1,6,HIGH,Completed,True
SIG1077,AST1000,SEC025,Signal,Point Machine Servicing,Motor fault,1,CRITICAL,2025-07-14,2025-07-16,2025-07-20,9.0,15,HIGH,Pending,True
SIG1078,AST0970,SEC070,Track Circuit,Point Machine Servicing,Clutch slip,3,MEDIUM,2025-11-16,2025-11-18,2025-12-16,10.1,15,MEDIUM,Pending,True
SIG1079,AST0727,SEC052,Level Crossing Equipment,Relay Replacement,Contact oxidation,4,LOW,2025-09-03,2025-09-04,2025-10-29,6.6,9,LOW,Completed,True
SIG1080,AST0703,SEC028,Level Crossing Equipment,Interlocking Test,Logic error,4,LOW,2025-04-27,2025-04-30,2025-06-02,1.4,4,LOW,Pending,False
SIG1081,AST0829,SEC004,Relay,Communication Equipment Repair,Fiber break,2,HIGH,2025-09-12,2025-09-14,2025-09-28,2.4,14,HIGH,Scheduled,False
SIG1082,AST0939,SEC039,Axle Counter,Point Machine Servicing,Motor fault,3,MEDIUM,2025-03-12,2025-03-12,2025-03-27,3.5,10,MEDIUM,Scheduled,False
SIG1083,AST0883,SEC058,Axle Counter,Interlocking Test,Signal interlocking mismatch,3,MEDIUM,2025-10-01,2025-10-03,2025-10-27,11.3,3,MEDIUM,Completed,False
SIG1084,AST0779,SEC029,Axle Counter,Point Machine Servicing,Lock bar defect,3,MEDIUM,2025-10-13,2025-10-16,2025-11-12,7.2,7,MEDIUM,Pending,False
SIG1085,AST0828,SEC003,Interlocking,Point Machine Servicing,Lock bar defect,3,MEDIUM,2025-04-28,2025-05-01,2025-05-22,9.2,12,MEDIUM,Scheduled,False
SIG1086,AST0964,SEC064,Interlocking,Level Crossing Maintenance,Gate motor issue,5,LOW,2025-03-17,2025-03-18,2025-05-02,7.7,9,LOW,Pending,True
SIG1087,AST0709,SEC034,Relay,Level Crossing Maintenance,Lighting defect,5,LOW,2025-12-09,2025-12-10,2026-03-09,5.3,11,LOW,Pending,False
SIG1088,AST0763,SEC013,Axle Counter,Communication Equipment Repair,Fiber break,3,MEDIUM,2025-05-26,2025-05-26,2025-06-20,7.2,15,MEDIUM,Pending,False
SIG1089,AST0818,SEC068,Track Circuit,Interlocking Test,Route locking fault,5,LOW,2025-01-09,2025-01-10,2025-03-23,4.0,14,LOW,Pending,True
SIG1090,AST0869,SEC044,Relay,Point Machine Servicing,Motor fault,2,HIGH,2025-02-03,2025-02-04,2025-02-18,10.8,10,HIGH,Completed,False
SIG1091,AST0810,SEC060,Track Circuit,Track Circuit Maintenance,Bonding defect,3,MEDIUM,2025-04-25,2025-04-27,2025-05-19,7.4,7,MEDIUM,Completed,True
SIG1092,AST0748,SEC073,Interlocking,Axle Counter Calibration,Sensor misalignment,3,MEDIUM,2025-01-02,2025-01-05,2025-01-23,3.8,8,MEDIUM,Scheduled,True
SIG1093,AST0912,SEC012,Signal,Track Circuit Maintenance,Bonding defect,2,HIGH,2025-03-05,2025-03-06,2025-03-14,11.9,6,HIGH,Completed,True
SIG1094,AST0704,SEC029,Signal,Interlocking Test,Signal interlocking mismatch,3,MEDIUM,2025-06-24,2025-06-25,2025-07-13,9.8,4,MEDIUM,Pending,True
SIG1095,AST0938,SEC038,Track Circuit,Level Crossing Maintenance,Gate motor issue,2,HIGH,2025-11-11,2025-11-14,2025-11-22,10.4,12,HIGH,Completed,True
SIG1096,AST0978,SEC003,Track Circuit,Track Circuit Maintenance,Bonding defect,2,HIGH,2025-04-06,2025-04-08,2025-04-18,6.7,4,HIGH,Completed,True
SIG1097,AST0950,SEC050,Communication Equipment,Communication Equipment Repair,OFC splice loss,4,LOW,2025-10-10,2025-10-12,2025-11-20,5.7,7,LOW,Scheduled,False
SIG1098,AST0709,SEC034,Relay,Communication Equipment Repair,Fiber break,3,MEDIUM,2025-02-03,2025-02-04,2025-03-03,7.8,2,MEDIUM,Completed,True
SIG1099,AST0718,SEC043,Communication Equipment,Axle Counter Calibration,Sensor misalignment,2,HIGH,2025-11-07,2025-11-09,2025-11-18,8.0,11,HIGH,Pending,False
SIG1100,AST0875,SEC050,Axle Counter,Signal Inspection,Signal post tilt,2,HIGH,2025-08-15,2025-08-17,2025-08-26,10.4,9,HIGH,Pending,False
SIG1101,AST0732,SEC057,Interlocking,Signal Inspection,Lamp failure,3,MEDIUM,2025-06-05,2025-06-07,2025-07-07,6.1,15,MEDIUM,Pending,True
SIG1102,AST0840,SEC015,Signal,Signal Inspection,Lens damage,2,HIGH,2025-12-14,2025-12-17,2025-12-26,4.8,8,HIGH,Scheduled,True
SIG1103,AST0773,SEC023,Relay,Point Machine Servicing,Motor fault,4,LOW,2025-02-21,2025-02-22,2025-04-05,7.9,12,LOW,Scheduled,False
SIG1104,AST0814,SEC064,Communication Equipment,Axle Counter Calibration,Reset failure,2,HIGH,2025-09-15,2025-09-16,2025-09-27,8.4,11,HIGH,Completed,False
SIG1105,AST0930,SEC030,Track Circuit,Communication Equipment Repair,Control phone failure,4,LOW,2025-02-24,2025-02-27,2025-04-19,2.7,13,LOW,Scheduled,True
SIG1106,AST0870,SEC045,Communication Equipment,Relay Replacement,Timing drift,1,CRITICAL,2025-01-30,2025-02-01,2025-02-07,10.4,12,HIGH,Completed,False
SIG1107,AST0919,SEC019,Level Crossing Equipment,Point Machine Servicing,Detection rod issue,5,LOW,2025-11-06,2025-11-09,2026-01-25,8.0,15,LOW,Cancelled,True
SIG1108,AST0730,SEC055,Track Circuit,Level Crossing Maintenance,Lighting defect,4,LOW,2025-02-02,2025-02-03,2025-02-28,7.8,10,LOW,Completed,True
SIG1109,AST0820,SEC070,Interlocking,Axle Counter Calibration,Count error,1,CRITICAL,2025-03-04,2025-03-06,2025-03-13,5.6,12,HIGH,Scheduled,True
SIG1110,AST0840,SEC015,Signal,Level Crossing Maintenance,Gate motor issue,4,LOW,2025-01-21,2025-01-24,2025-03-21,11.4,7,LOW,Scheduled,True
SIG1111,AST0891,SEC066,Axle Counter,Relay Replacement,Coil failure,4,LOW,2025-01-10,2025-01-10,2025-03-02,10.5,9,LOW,Scheduled,True
SIG1112,AST0736,SEC061,Signal,Track Circuit Maintenance,Feed-end issue,3,MEDIUM,2025-12-06,2025-12-07,2025-12-22,5.2,7,MEDIUM,Cancelled,True
SIG1113,AST0853,SEC028,Relay,Communication Equipment Repair,Radio fault,3,MEDIUM,2025-03-31,2025-04-01,2025-04-23,2.5,7,MEDIUM,In Progress,False
SIG1114,AST0735,SEC060,Level Crossing Equipment,Signal Inspection,Lens damage,1,CRITICAL,2025-04-30,2025-05-03,2025-05-10,11.7,7,HIGH,Completed,True
SIG1115,AST0942,SEC042,Communication Equipment,Axle Counter Calibration,Count error,3,MEDIUM,2025-04-16,2025-04-18,2025-05-15,4.9,14,MEDIUM,Completed,True
SIG1116,AST0809,SEC059,Point Machine,Signal Inspection,Lens damage,3,MEDIUM,2025-07-23,2025-07-25,2025-08-19,2.3,10,MEDIUM,Completed,False
SIG1117,AST0908,SEC008,Interlocking,Interlocking Test,Route locking fault,3,MEDIUM,2025-04-25,2025-04-28,2025-05-27,6.9,3,MEDIUM,Cancelled,True
SIG1118,AST0992,SEC017,Signal,Signal Inspection,Signal post tilt,3,MEDIUM,2025-10-17,2025-10-20,2025-11-04,9.7,11,MEDIUM,Pending,True
SIG1119,AST0759,SEC009,Level Crossing Equipment,Interlocking Test,Route locking fault,4,LOW,2025-06-12,2025-06-15,2025-07-27,7.8,6,LOW,Cancelled,False
SIG1120,AST0974,SEC074,Communication Equipment,Relay Replacement,Contact oxidation,2,HIGH,2025-05-02,2025-05-04,2025-05-14,1.4,14,HIGH,Pending,False
SIG1121,AST0846,SEC021,Communication Equipment,Level Crossing Maintenance,Bell failure,3,MEDIUM,2025-11-11,2025-11-11,2025-11-26,5.9,9,MEDIUM,Pending,True
SIG1122,AST0721,SEC046,Point Machine,Communication Equipment Repair,Fiber break,5,LOW,2025-10-16,2025-10-18,2025-12-19,2.2,15,LOW,Completed,True
SIG1123,AST0704,SEC029,Signal,Interlocking Test,Signal interlocking mismatch,2,HIGH,2025-08-31,2025-08-31,2025-09-11,4.9,10,HIGH,In Progress,False
SIG1124,AST0856,SEC031,Signal,Level Crossing Maintenance,Lighting defect,3,MEDIUM,2025-03-26,2025-03-27,2025-04-19,7.0,13,MEDIUM,Scheduled,True
SIG1125,AST0918,SEC018,Communication Equipment,Track Circuit Maintenance,Receiver fault,3,MEDIUM,2025-07-14,2025-07-16,2025-08-05,5.2,14,MEDIUM,Pending,True
SIG1126,AST0897,SEC072,Point Machine,Relay Replacement,Contact oxidation,2,HIGH,2025-01-08,2025-01-08,2025-01-21,1.3,15,HIGH,Completed,True
SIG1127,AST0886,SEC061,Communication Equipment,Signal Inspection,Aspect error,3,MEDIUM,2025-03-19,2025-03-19,2025-04-15,10.2,3,MEDIUM,Pending,False
SIG1128,AST0785,SEC035,Point Machine,Point Machine Servicing,Lock bar defect,4,LOW,2025-05-18,2025-05-20,2025-06-27,2.7,15,LOW,Scheduled,True
SIG1129,AST0910,SEC010,Communication Equipment,Track Circuit Maintenance,Feed-end issue,3,MEDIUM,2025-06-16,2025-06-16,2025-07-09,4.9,8,MEDIUM,Scheduled,False
SIG1130,AST0826,SEC001,Track Circuit,Relay Replacement,Timing drift,4,LOW,2025-11-01,2025-11-03,2025-12-06,1.3,10,LOW,Completed,False
SIG1131,AST0927,SEC027,Level Crossing Equipment,Communication Equipment Repair,Control phone failure,3,MEDIUM,2025-06-26,2025-06-28,2025-07-25,11.5,15,MEDIUM,Scheduled,False
SIG1132,AST0831,SEC006,Level Crossing Equipment,Level Crossing Maintenance,Boom barrier fault,4,LOW,2025-06-16,2025-06-19,2025-07-17,7.0,11,LOW,Pending,False
SIG1133,AST0939,SEC039,Axle Counter,Relay Replacement,Mechanical wear,3,MEDIUM,2025-11-27,2025-11-30,2025-12-26,5.7,8,MEDIUM,Completed,True
SIG1134,AST0963,SEC063,Axle Counter,Axle Counter Calibration,Sensor misalignment,2,HIGH,2025-06-30,2025-07-01,2025-07-14,11.9,5,HIGH,Completed,False
SIG1135,AST0984,SEC009,Signal,Signal Inspection,Aspect error,3,MEDIUM,2025-08-07,2025-08-08,2025-08-25,5.5,10,MEDIUM,Pending,True
SIG1136,AST0804,SEC054,Interlocking,Axle Counter Calibration,Cable fault,3,MEDIUM,2025-01-29,2025-01-29,2025-02-26,7.6,3,MEDIUM,Pending,True
SIG1137,AST0874,SEC049,Track Circuit,Point Machine Servicing,Motor fault,3,MEDIUM,2025-04-06,2025-04-06,2025-05-06,10.3,10,MEDIUM,Completed,True
SIG1138,AST0801,SEC051,Point Machine,Track Circuit Maintenance,Insulation failure,4,LOW,2025-11-27,2025-11-28,2026-01-09,2.3,6,LOW,Pending,True
SIG1139,AST0910,SEC010,Communication Equipment,Point Machine Servicing,Detection rod issue,3,MEDIUM,2025-06-08,2025-06-09,2025-07-04,7.1,8,MEDIUM,Completed,True
SIG1140,AST0940,SEC040,Interlocking,Level Crossing Maintenance,Gate motor issue,3,MEDIUM,2025-01-05,2025-01-07,2025-01-30,11.8,10,MEDIUM,Pending,True
SIG1141,AST0806,SEC056,Communication Equipment,Relay Replacement,Coil failure,2,HIGH,2025-08-11,2025-08-13,2025-08-27,5.0,14,HIGH,Completed,True
SIG1142,AST0733,SEC058,Relay,Interlocking Test,Overlap fault,2,HIGH,2025-09-13,2025-09-16,2025-09-23,6.6,4,HIGH,Pending,False
SIG1143,AST0947,SEC047,Axle Counter,Track Circuit Maintenance,Insulation failure,3,MEDIUM,2025-09-06,2025-09-06,2025-10-01,6.8,12,MEDIUM,Pending,False
SIG1144,AST0839,SEC014,Level Crossing Equipment,Relay Replacement,Timing drift,1,CRITICAL,2025-11-11,2025-11-11,2025-11-14,8.8,8,HIGH,Completed,False
SIG1145,AST0944,SEC044,Signal,Track Circuit Maintenance,Feed-end issue,3,MEDIUM,2025-10-29,2025-10-30,2025-11-18,4.2,9,MEDIUM,Pending,True
SIG1146,AST0916,SEC016,Interlocking,Track Circuit Maintenance,Receiver fault,4,LOW,2025-08-27,2025-08-27,2025-09-21,9.7,15,LOW,Scheduled,True
SIG1147,AST0952,SEC052,Signal,Communication Equipment Repair,Control phone failure,1,CRITICAL,2025-06-10,2025-06-12,2025-06-17,2.9,15,HIGH,Completed,True
SIG1148,AST0902,SEC002,Communication Equipment,Communication Equipment Repair,OFC splice loss,4,LOW,2025-05-10,2025-05-13,2025-07-12,7.0,14,LOW,Pending,False
SIG1149,AST0887,SEC062,Level Crossing Equipment,Communication Equipment Repair,Fiber break,3,MEDIUM,2025-04-05,2025-04-05,2025-04-30,7.3,13,MEDIUM,Completed,False
SIG1150,AST0779,SEC029,Axle Counter,Interlocking Test,Route locking fault,3,MEDIUM,2025-03-27,2025-03-27,2025-04-19,4.8,5,MEDIUM,Completed,True
SIG1151,AST0902,SEC002,Communication Equipment,Point Machine Servicing,Clutch slip,2,HIGH,2025-06-29,2025-07-01,2025-07-09,8.8,10,HIGH,Pending,False
SIG1152,AST0734,SEC059,Communication Equipment,Track Circuit Maintenance,Feed-end issue,4,LOW,2025-08-05,2025-08-07,2025-09-08,6.3,13,LOW,Completed,False
SIG1153,AST0923,SEC023,Axle Counter,Interlocking Test,Logic error,5,LOW,2025-02-28,2025-03-01,2025-05-15,9.8,6,LOW,Cancelled,True
SIG1154,AST0991,SEC016,Level Crossing Equipment,Interlocking Test,Logic error,4,LOW,2025-11-16,2025-11-16,2025-12-14,1.6,12,LOW,Completed,True
SIG1155,AST0832,SEC007,Signal,Signal Inspection,Lens damage,1,CRITICAL,2025-01-28,2025-01-29,2025-02-05,2.2,13,HIGH,Pending,True
SIG1156,AST0836,SEC011,Interlocking,Communication Equipment Repair,Radio fault,3,MEDIUM,2025-06-15,2025-06-17,2025-07-15,4.7,5,MEDIUM,Pending,True
SIG1157,AST0991,SEC016,Level Crossing Equipment,Level Crossing Maintenance,Lighting defect,3,MEDIUM,2025-07-28,2025-07-31,2025-08-14,8.3,4,MEDIUM,In Progress,False
SIG1158,AST0819,SEC069,Axle Counter,Relay Replacement,Coil failure,3,MEDIUM,2025-03-02,2025-03-04,2025-03-27,11.5,12,MEDIUM,Pending,False
SIG1159,AST0852,SEC027,Interlocking,Point Machine Servicing,Clutch slip,4,LOW,2025-01-30,2025-01-31,2025-03-05,11.6,9,LOW,Cancelled,True
SIG1160,AST0749,SEC074,Relay,Level Crossing Maintenance,Bell failure,2,HIGH,2025-08-21,2025-08-21,2025-09-03,10.5,15,HIGH,Cancelled,False
SIG1161,AST0716,SEC041,Interlocking,Point Machine Servicing,Clutch slip,3,MEDIUM,2025-05-30,2025-05-30,2025-06-13,8.9,3,MEDIUM,Completed,True
SIG1162,AST0716,SEC041,Interlocking,Point Machine Servicing,Lock bar defect,4,LOW,2025-07-25,2025-07-26,2025-09-16,4.4,9,LOW,Pending,False
SIG1163,AST0733,SEC058,Relay,Signal Inspection,Lens damage,1,CRITICAL,2025-06-18,2025-06-18,2025-06-21,3.8,12,HIGH,Scheduled,False
SIG1164,AST0832,SEC007,Signal,Relay Replacement,Mechanical wear,5,LOW,2025-09-01,2025-09-01,2025-11-12,2.9,10,LOW,Completed,True
SIG1165,AST0827,SEC002,Axle Counter,Relay Replacement,Coil failure,3,MEDIUM,2025-03-11,2025-03-12,2025-04-04,11.3,12,MEDIUM,Cancelled,False
SIG1166,AST0809,SEC059,Point Machine,Interlocking Test,Logic error,4,LOW,2025-01-02,2025-01-05,2025-02-10,11.4,8,LOW,Pending,True
SIG1167,AST0776,SEC026,Signal,Communication Equipment Repair,OFC splice loss,3,MEDIUM,2025-11-30,2025-12-01,2025-12-27,7.8,7,MEDIUM,Cancelled,True
SIG1168,AST0776,SEC026,Signal,Signal Inspection,Lamp failure,5,LOW,2025-02-16,2025-02-18,2025-04-07,10.8,5,LOW,Completed,True
SIG1169,AST0979,SEC004,Axle Counter,Level Crossing Maintenance,Lighting defect,2,HIGH,2025-10-05,2025-10-05,2025-10-15,8.0,11,HIGH,Cancelled,True
SIG1170,AST0705,SEC030,Point Machine,Level Crossing Maintenance,Gate motor issue,1,CRITICAL,2025-03-05,2025-03-07,2025-03-11,11.1,8,HIGH,Pending,False
SIG1171,AST0828,SEC003,Interlocking,Level Crossing Maintenance,Lighting defect,4,LOW,2025-07-12,2025-07-15,2025-09-06,5.9,15,LOW,In Progress,True
SIG1172,AST0810,SEC060,Track Circuit,Interlocking Test,Logic error,4,LOW,2025-03-31,2025-04-01,2025-05-08,7.3,5,LOW,Completed,True
SIG1173,AST0904,SEC004,Signal,Point Machine Servicing,Motor fault,5,LOW,2025-07-01,2025-07-04,2025-08-13,7.1,10,LOW,Scheduled,True
SIG1174,AST0883,SEC058,Axle Counter,Relay Replacement,Mechanical wear,2,HIGH,2025-12-15,2025-12-18,2026-01-01,9.8,14,HIGH,Pending,False
SIG1175,AST0914,SEC014,Track Circuit,Signal Inspection,Signal post tilt,4,LOW,2025-10-05,2025-10-08,2025-11-24,9.6,6,LOW,Pending,False
SIG1176,AST0731,SEC056,Axle Counter,Level Crossing Maintenance,Boom barrier fault,5,LOW,2025-07-21,2025-07-22,2025-10-20,5.0,8,LOW,Pending,False
SIG1177,AST0706,SEC031,Track Circuit,Level Crossing Maintenance,Boom barrier fault,2,HIGH,2025-03-12,2025-03-13,2025-03-22,2.0,5,HIGH,Scheduled,True
SIG1178,AST0794,SEC044,Track Circuit,Interlocking Test,Route locking fault,5,LOW,2025-06-14,2025-06-17,2025-09-05,3.3,6,LOW,Cancelled,True
SIG1179,AST0887,SEC062,Level Crossing Equipment,Track Circuit Maintenance,Insulation failure,4,LOW,2025-10-24,2025-10-25,2025-11-29,7.5,13,LOW,Completed,False
SIG1180,AST0827,SEC002,Axle Counter,Interlocking Test,Overlap fault,1,CRITICAL,2025-11-27,2025-11-27,2025-12-01,11.6,9,HIGH,Completed,False
SIG1181,AST0751,SEC001,Level Crossing Equipment,Point Machine Servicing,Motor fault,4,LOW,2025-06-15,2025-06-15,2025-07-25,10.4,14,LOW,Completed,True
SIG1182,AST0723,SEC048,Axle Counter,Point Machine Servicing,Lock bar defect,2,HIGH,2025-10-27,2025-10-27,2025-11-04,3.5,2,HIGH,Scheduled,True
SIG1183,AST0861,SEC036,Relay,Point Machine Servicing,Clutch slip,4,LOW,2025-08-03,2025-08-06,2025-09-05,8.4,6,LOW,Scheduled,False
SIG1184,AST0741,SEC066,Relay,Relay Replacement,Coil failure,1,CRITICAL,2025-03-25,2025-03-26,2025-03-31,11.2,6,HIGH,Completed,False
SIG1185,AST0703,SEC028,Level Crossing Equipment,Axle Counter Calibration,Sensor misalignment,4,LOW,2025-02-25,2025-02-27,2025-04-07,5.2,8,LOW,Scheduled,False
SIG1186,AST0865,SEC040,Point Machine,Signal Inspection,Lens damage,4,LOW,2025-10-16,2025-10-18,2025-11-27,8.7,3,LOW,In Progress,True
SIG1187,AST0894,SEC069,Communication Equipment,Axle Counter Calibration,Count error,3,MEDIUM,2025-06-29,2025-06-30,2025-07-27,10.9,9,MEDIUM,In Progress,True
SIG1188,AST0819,SEC069,Axle Counter,Signal Inspection,Lens damage,2,HIGH,2025-08-06,2025-08-07,2025-08-18,2.7,3,HIGH,Completed,True
SIG1189,AST0889,SEC064,Point Machine,Signal Inspection,Lamp failure,4,LOW,2025-11-14,2025-11-14,2026-01-05,1.7,4,LOW,Completed,True
SIG1190,AST0826,SEC001,Track Circuit,Level Crossing Maintenance,Boom barrier fault,1,CRITICAL,2025-06-05,2025-06-06,2025-06-10,10.4,5,HIGH,Pending,True
SIG1191,AST0805,SEC055,Relay,Communication Equipment Repair,Radio fault,2,HIGH,2025-12-07,2025-12-08,2025-12-18,4.9,15,HIGH,Completed,False
SIG1192,AST0826,SEC001,Track Circuit,Axle Counter Calibration,Cable fault,4,LOW,2025-05-20,2025-05-20,2025-07-02,7.2,4,LOW,Completed,True
SIG1193,AST0983,SEC008,Level Crossing Equipment,Communication Equipment Repair,Control phone failure,3,MEDIUM,2025-01-27,2025-01-28,2025-02-14,5.3,11,MEDIUM,Scheduled,False
SIG1194,AST0887,SEC062,Level Crossing Equipment,Communication Equipment Repair,Radio fault,3,MEDIUM,2025-08-14,2025-08-15,2025-09-04,1.5,7,MEDIUM,Pending,True
SIG1195,AST0713,SEC038,Point Machine,Communication Equipment Repair,Fiber break,4,LOW,2025-01-09,2025-01-12,2025-02-25,8.7,7,LOW,In Progress,True
SIG1196,AST0982,SEC007,Communication Equipment,Level Crossing Maintenance,Boom barrier fault,1,CRITICAL,2025-03-03,2025-03-04,2025-03-10,10.7,4,HIGH,Scheduled,False
SIG1197,AST0741,SEC066,Relay,Communication Equipment Repair,OFC splice loss,1,CRITICAL,2025-08-20,2025-08-23,2025-08-27,1.3,2,HIGH,Scheduled,False
SIG1198,AST0728,SEC053,Signal,Point Machine Servicing,Clutch slip,1,CRITICAL,2025-04-19,2025-04-20,2025-04-27,4.0,7,HIGH,Completed,True
SIG1199,AST0726,SEC051,Communication Equipment,Axle Counter Calibration,Reset failure,3,MEDIUM,2025-11-27,2025-11-30,2025-12-14,7.2,10,MEDIUM,Pending,False
SIG1200,AST0997,SEC022,Relay,Relay Replacement,Mechanical wear,5,LOW,2025-03-05,2025-03-08,2025-05-31,8.5,3,LOW,Completed,False
SIG1201,AST0836,SEC011,Interlocking,Interlocking Test,Logic error,3,MEDIUM,2025-06-20,2025-06-22,2025-07-22,10.3,3,MEDIUM,Pending,True
SIG1202,AST0969,SEC069,Point Machine,Point Machine Servicing,Clutch slip,3,MEDIUM,2025-09-07,2025-09-08,2025-10-01,7.6,6,MEDIUM,In Progress,True
SIG1203,AST0816,SEC066,Signal,Relay Replacement,Mechanical wear,4,LOW,2025-03-13,2025-03-16,2025-04-10,1.9,6,LOW,Completed,True
SIG1204,AST0914,SEC014,Track Circuit,Level Crossing Maintenance,Boom barrier fault,4,LOW,2025-01-13,2025-01-13,2025-02-17,3.6,5,LOW,Pending,True
SIG1205,AST0857,SEC032,Point Machine,Level Crossing Maintenance,Lighting defect,3,MEDIUM,2025-10-11,2025-10-11,2025-11-05,9.6,13,MEDIUM,Scheduled,True
SIG1206,AST0942,SEC042,Communication Equipment,Point Machine Servicing,Detection rod issue,5,LOW,2025-10-16,2025-10-19,2026-01-06,2.9,14,LOW,Pending,True
SIG1207,AST0835,SEC010,Axle Counter,Axle Counter Calibration,Count error,5,LOW,2025-01-08,2025-01-11,2025-02-24,5.2,8,LOW,In Progress,False
SIG1208,AST0737,SEC062,Point Machine,Interlocking Test,Logic error,3,MEDIUM,2025-02-01,2025-02-03,2025-02-19,2.1,3,MEDIUM,Pending,False
SIG1209,AST0908,SEC008,Interlocking,Axle Counter Calibration,Reset failure,3,MEDIUM,2025-11-12,2025-11-12,2025-12-10,4.0,11,MEDIUM,Completed,True
SIG1210,AST0921,SEC021,Point Machine,Level Crossing Maintenance,Gate motor issue,2,HIGH,2025-03-20,2025-03-23,2025-04-04,9.3,13,HIGH,In Progress,True
SIG1211,AST0736,SEC061,Signal,Track Circuit Maintenance,Feed-end issue,4,LOW,2025-04-17,2025-04-20,2025-06-09,2.9,7,LOW,Completed,True
SIG1212,AST0934,SEC034,Communication Equipment,Point Machine Servicing,Motor fault,3,MEDIUM,2025-02-19,2025-02-19,2025-03-08,6.0,15,MEDIUM,Completed,False
SIG1213,AST0786,SEC036,Track Circuit,Track Circuit Maintenance,Bonding defect,4,LOW,2025-03-05,2025-03-07,2025-04-30,3.9,3,LOW,In Progress,True
SIG1214,AST0806,SEC056,Communication Equipment,Relay Replacement,Coil failure,4,LOW,2025-03-02,2025-03-04,2025-04-18,4.6,3,LOW,In Progress,False
SIG1215,AST0883,SEC058,Axle Counter,Axle Counter Calibration,Sensor misalignment,1,CRITICAL,2025-03-24,2025-03-24,2025-03-30,1.6,12,HIGH,Scheduled,False
SIG1216,AST0885,SEC060,Relay,Point Machine Servicing,Detection rod issue,1,CRITICAL,2025-05-27,2025-05-27,2025-06-02,8.2,6,HIGH,Pending,True
SIG1217,AST0968,SEC068,Signal,Axle Counter Calibration,Sensor misalignment,3,MEDIUM,2025-10-18,2025-10-19,2025-11-10,7.8,12,MEDIUM,Pending,False
SIG1218,AST0860,SEC035,Interlocking,Communication Equipment Repair,OFC splice loss,2,HIGH,2025-01-18,2025-01-21,2025-02-05,11.7,2,HIGH,Completed,True
SIG1219,AST0909,SEC009,Relay,Point Machine Servicing,Clutch slip,2,HIGH,2025-03-06,2025-03-07,2025-03-16,4.0,10,HIGH,Pending,False
SIG1220,AST0747,SEC072,Axle Counter,Axle Counter Calibration,Count error,1,CRITICAL,2025-11-18,2025-11-18,2025-11-21,7.9,2,HIGH,Completed,False
SIG1221,AST0773,SEC023,Relay,Axle Counter Calibration,Reset failure,1,CRITICAL,2025-02-01,2025-02-04,2025-02-11,9.0,7,HIGH,Pending,True
SIG1222,AST0821,SEC071,Relay,Interlocking Test,Signal interlocking mismatch,3,MEDIUM,2025-05-06,2025-05-08,2025-06-03,5.0,6,MEDIUM,In Progress,False
SIG1223,AST0738,SEC063,Track Circuit,Point Machine Servicing,Clutch slip,3,MEDIUM,2025-11-30,2025-12-03,2026-01-02,7.4,5,MEDIUM,Pending,False
SIG1224,AST0796,SEC046,Interlocking,Interlocking Test,Signal interlocking mismatch,2,HIGH,2025-01-29,2025-01-31,2025-02-10,9.8,10,HIGH,Pending,True
SIG1225,AST0767,SEC017,Level Crossing Equipment,Point Machine Servicing,Detection rod issue,4,LOW,2025-09-16,2025-09-16,2025-11-04,4.4,13,LOW,In Progress,True
SIG1226,AST0755,SEC005,Axle Counter,Track Circuit Maintenance,Feed-end issue,4,LOW,2025-07-16,2025-07-16,2025-08-11,11.1,15,LOW,Completed,False
SIG1227,AST0990,SEC015,Communication Equipment,Relay Replacement,Mechanical wear,3,MEDIUM,2025-09-17,2025-09-20,2025-10-09,8.8,14,MEDIUM,Completed,False
SIG1228,AST0755,SEC005,Axle Counter,Axle Counter Calibration,Count error,2,HIGH,2025-04-02,2025-04-05,2025-04-13,5.2,9,HIGH,Cancelled,False
SIG1229,AST0744,SEC069,Signal,Level Crossing Maintenance,Lighting defect,1,CRITICAL,2025-09-24,2025-09-25,2025-09-28,2.7,10,HIGH,In Progress,True
SIG1230,AST0803,SEC053,Axle Counter,Track Circuit Maintenance,Feed-end issue,4,LOW,2025-05-16,2025-05-18,2025-06-20,8.6,11,LOW,Completed,False
SIG1231,AST0819,SEC069,Axle Counter,Track Circuit Maintenance,Receiver fault,1,CRITICAL,2025-02-22,2025-02-24,2025-03-01,4.0,4,HIGH,Scheduled,True
SIG1232,AST0734,SEC059,Communication Equipment,Interlocking Test,Route locking fault,3,MEDIUM,2025-04-05,2025-04-08,2025-05-07,9.6,3,MEDIUM,Cancelled,True
SIG1233,AST0719,SEC044,Level Crossing Equipment,Signal Inspection,Aspect error,3,MEDIUM,2025-09-11,2025-09-11,2025-09-25,5.5,5,MEDIUM,Scheduled,False
SIG1234,AST0894,SEC069,Communication Equipment,Axle Counter Calibration,Sensor misalignment,3,MEDIUM,2025-07-28,2025-07-30,2025-08-18,4.3,11,MEDIUM,Completed,False
SIG1235,AST0898,SEC073,Track Circuit,Communication Equipment Repair,Radio fault,3,MEDIUM,2025-10-22,2025-10-23,2025-11-11,2.3,11,MEDIUM,Scheduled,True
SIG1236,AST0929,SEC029,Point Machine,Axle Counter Calibration,Cable fault,5,LOW,2025-06-02,2025-06-02,2025-07-28,2.6,14,LOW,Pending,True
SIG1237,AST0753,SEC003,Point Machine,Signal Inspection,Signal post tilt,3,MEDIUM,2025-03-14,2025-03-14,2025-04-11,3.5,3,MEDIUM,Pending,True
SIG1238,AST0870,SEC045,Communication Equipment,Axle Counter Calibration,Count error,5,LOW,2025-09-07,2025-09-10,2025-12-07,2.6,13,LOW,Cancelled,False
SIG1239,AST0836,SEC011,Interlocking,Signal Inspection,Signal post tilt,3,MEDIUM,2025-09-19,2025-09-22,2025-10-20,8.6,7,MEDIUM,Completed,False
SIG1240,AST0958,SEC058,Communication Equipment,Signal Inspection,Aspect error,3,MEDIUM,2025-10-25,2025-10-27,2025-11-11,5.4,10,MEDIUM,Cancelled,True
SIG1241,AST0877,SEC052,Relay,Point Machine Servicing,Detection rod issue,2,HIGH,2025-03-08,2025-03-11,2025-03-20,11.2,7,HIGH,Scheduled,False
SIG1242,AST0846,SEC021,Communication Equipment,Signal Inspection,Aspect error,2,HIGH,2025-06-09,2025-06-10,2025-06-22,1.1,2,HIGH,Scheduled,False
SIG1243,AST0925,SEC025,Relay,Track Circuit Maintenance,Receiver fault,1,CRITICAL,2025-11-14,2025-11-15,2025-11-22,5.5,4,HIGH,Scheduled,False
SIG1244,AST0718,SEC043,Communication Equipment,Axle Counter Calibration,Cable fault,1,CRITICAL,2025-07-26,2025-07-27,2025-08-03,2.7,2,HIGH,In Progress,True
SIG1245,AST0981,SEC006,Relay,Axle Counter Calibration,Sensor misalignment,2,HIGH,2025-12-11,2025-12-11,2025-12-26,8.9,14,HIGH,Scheduled,False
SIG1246,AST0896,SEC071,Signal,Track Circuit Maintenance,Insulation failure,2,HIGH,2025-06-03,2025-06-04,2025-06-15,3.2,2,HIGH,Scheduled,True
SIG1247,AST0955,SEC055,Axle Counter,Level Crossing Maintenance,Gate motor issue,4,LOW,2025-04-06,2025-04-09,2025-05-26,2.3,2,LOW,Cancelled,False
SIG1248,AST0768,SEC018,Signal,Signal Inspection,Lamp failure,2,HIGH,2025-03-19,2025-03-20,2025-03-27,4.5,13,HIGH,Pending,True
SIG1249,AST0965,SEC065,Relay,Signal Inspection,Aspect error,4,LOW,2025-02-06,2025-02-07,2025-03-30,6.2,3,LOW,Scheduled,True
SIG1250,AST0793,SEC043,Point Machine,Level Crossing Maintenance,Boom barrier fault,4,LOW,2025-01-28,2025-01-28,2025-03-05,1.5,13,LOW,Scheduled,True
SIG1251,AST0847,SEC022,Level Crossing Equipment,Relay Replacement,Contact oxidation,5,LOW,2025-07-15,2025-07-18,2025-09-02,3.6,13,LOW,Pending,False
SIG1252,AST0928,SEC028,Signal,Interlocking Test,Signal interlocking mismatch,4,LOW,2025-06-25,2025-06-28,2025-07-27,1.7,7,LOW,Completed,True
SIG1253,AST0759,SEC009,Level Crossing Equipment,Point Machine Servicing,Detection rod issue,4,LOW,2025-01-03,2025-01-06,2025-02-06,1.0,9,LOW,Completed,True
SIG1254,AST0891,SEC066,Axle Counter,Signal Inspection,Signal post tilt,4,LOW,2025-09-27,2025-09-29,2025-11-11,4.3,9,LOW,Completed,True
SIG1255,AST0877,SEC052,Relay,Axle Counter Calibration,Cable fault,4,LOW,2025-09-11,2025-09-12,2025-11-04,11.8,4,LOW,Scheduled,False
SIG1256,AST0744,SEC069,Signal,Communication Equipment Repair,Radio fault,2,HIGH,2025-09-25,2025-09-26,2025-10-05,2.1,6,HIGH,Cancelled,True
SIG1257,AST0909,SEC009,Relay,Interlocking Test,Route locking fault,5,LOW,2025-07-07,2025-07-09,2025-09-10,5.1,12,LOW,Completed,True
SIG1258,AST0720,SEC045,Signal,Track Circuit Maintenance,Feed-end issue,3,MEDIUM,2025-11-19,2025-11-22,2025-12-20,8.0,4,MEDIUM,Cancelled,True
SIG1259,AST0711,SEC036,Level Crossing Equipment,Interlocking Test,Logic error,1,CRITICAL,2025-04-11,2025-04-11,2025-04-18,5.7,13,HIGH,Completed,False
SIG1260,AST0753,SEC003,Point Machine,Point Machine Servicing,Motor fault,3,MEDIUM,2025-03-25,2025-03-25,2025-04-21,1.4,7,MEDIUM,Scheduled,True
SIG1261,AST0977,SEC002,Point Machine,Track Circuit Maintenance,Insulation failure,5,LOW,2025-10-06,2025-10-06,2025-11-21,8.6,15,LOW,Scheduled,True
SIG1262,AST0968,SEC068,Signal,Level Crossing Maintenance,Lighting defect,3,MEDIUM,2025-12-12,2025-12-15,2026-01-08,2.0,11,MEDIUM,Pending,True
SIG1263,AST0821,SEC071,Relay,Signal Inspection,Lamp failure,3,MEDIUM,2025-02-18,2025-02-21,2025-03-20,10.6,9,MEDIUM,Scheduled,False
SIG1264,AST0939,SEC039,Axle Counter,Interlocking Test,Signal interlocking mismatch,3,MEDIUM,2025-02-28,2025-03-01,2025-03-20,11.6,14,MEDIUM,Scheduled,False
SIG1265,AST0816,SEC066,Signal,Signal Inspection,Signal post tilt,2,HIGH,2025-01-04,2025-01-06,2025-01-13,8.6,5,HIGH,Cancelled,True
SIG1266,AST0750,SEC075,Communication Equipment,Signal Inspection,Signal post tilt,3,MEDIUM,2025-02-17,2025-02-19,2025-03-19,10.4,11,MEDIUM,Completed,True
SIG1267,AST0803,SEC053,Axle Counter,Relay Replacement,Contact oxidation,4,LOW,2025-12-19,2025-12-21,2026-02-18,9.8,3,LOW,Pending,True
SIG1268,AST0966,SEC066,Communication Equipment,Communication Equipment Repair,OFC splice loss,3,MEDIUM,2025-06-10,2025-06-10,2025-07-08,7.1,11,MEDIUM,Pending,False
SIG1269,AST0916,SEC016,Interlocking,Point Machine Servicing,Detection rod issue,4,LOW,2025-04-07,2025-04-08,2025-06-06,2.4,6,LOW,Completed,True
SIG1270,AST0891,SEC066,Axle Counter,Axle Counter Calibration,Sensor misalignment,3,MEDIUM,2025-01-03,2025-01-03,2025-02-01,9.3,10,MEDIUM,In Progress,False
SIG1271,AST0780,SEC030,Interlocking,Relay Replacement,Coil failure,3,MEDIUM,2025-06-05,2025-06-07,2025-06-21,10.3,11,MEDIUM,Pending,True
SIG1272,AST0758,SEC008,Communication Equipment,Axle Counter Calibration,Reset failure,3,MEDIUM,2025-10-20,2025-10-23,2025-11-17,8.4,6,MEDIUM,Scheduled,False
SIG1273,AST0948,SEC048,Interlocking,Relay Replacement,Coil failure,4,LOW,2025-11-16,2025-11-16,2025-12-22,3.2,4,LOW,Scheduled,True
SIG1274,AST0758,SEC008,Communication Equipment,Communication Equipment Repair,OFC splice loss,3,MEDIUM,2025-12-08,2025-12-08,2025-12-23,11.9,13,MEDIUM,Completed,False
SIG1275,AST0770,SEC020,Track Circuit,Track Circuit Maintenance,Feed-end issue,4,LOW,2025-07-07,2025-07-08,2025-08-30,4.8,5,LOW,Scheduled,True
SIG1276,AST0842,SEC017,Track Circuit,Level Crossing Maintenance,Bell failure,2,HIGH,2025-03-27,2025-03-29,2025-04-10,10.4,10,HIGH,Cancelled,True
SIG1277,AST0715,SEC040,Axle Counter,Axle Counter Calibration,Count error,5,LOW,2025-08-11,2025-08-11,2025-10-27,4.8,9,LOW,Completed,False
SIG1278,AST0995,SEC020,Axle Counter,Level Crossing Maintenance,Lighting defect,2,HIGH,2025-05-21,2025-05-23,2025-06-02,9.3,7,HIGH,Cancelled,False
SIG1279,AST0826,SEC001,Track Circuit,Interlocking Test,Route locking fault,5,LOW,2025-05-24,2025-05-25,2025-08-15,10.9,14,LOW,Scheduled,True
SIG1280,AST0955,SEC055,Axle Counter,Interlocking Test,Signal interlocking mismatch,3,MEDIUM,2025-08-28,2025-08-30,2025-09-24,6.9,12,MEDIUM,Scheduled,False
SIG1281,AST0901,SEC001,Relay,Track Circuit Maintenance,Receiver fault,4,LOW,2025-08-23,2025-08-25,2025-10-05,9.1,13,LOW,Scheduled,False
SIG1282,AST0985,SEC010,Point Machine,Communication Equipment Repair,Fiber break,2,HIGH,2025-03-01,2025-03-02,2025-03-10,4.6,2,HIGH,Pending,True
SIG1283,AST0822,SEC072,Communication Equipment,Signal Inspection,Lens damage,2,HIGH,2025-08-13,2025-08-14,2025-08-28,8.4,10,HIGH,In Progress,False
SIG1284,AST0944,SEC044,Signal,Axle Counter Calibration,Cable fault,3,MEDIUM,2025-04-08,2025-04-10,2025-04-25,5.3,8,MEDIUM,Cancelled,True
SIG1285,AST0854,SEC029,Communication Equipment,Signal Inspection,Signal post tilt,2,HIGH,2025-12-09,2025-12-10,2025-12-25,9.9,5,HIGH,Pending,True
SIG1286,AST0819,SEC069,Axle Counter,Interlocking Test,Route locking fault,3,MEDIUM,2025-12-17,2025-12-18,2026-01-08,10.9,11,MEDIUM,Completed,False
SIG1287,AST0856,SEC031,Signal,Relay Replacement,Mechanical wear,3,MEDIUM,2025-10-23,2025-10-24,2025-11-16,11.8,15,MEDIUM,Completed,False
SIG1288,AST0991,SEC016,Level Crossing Equipment,Point Machine Servicing,Clutch slip,3,MEDIUM,2025-03-31,2025-04-02,2025-04-21,4.9,9,MEDIUM,Pending,False
SIG1289,AST0757,SEC007,Relay,Level Crossing Maintenance,Lighting defect,3,MEDIUM,2025-05-31,2025-06-02,2025-06-26,7.9,9,MEDIUM,Scheduled,True
SIG1290,AST0756,SEC006,Interlocking,Point Machine Servicing,Clutch slip,3,MEDIUM,2025-07-29,2025-07-31,2025-08-30,1.5,8,MEDIUM,Completed,True
SIG1291,AST0712,SEC037,Signal,Axle Counter Calibration,Sensor misalignment,4,LOW,2025-11-07,2025-11-09,2025-12-17,4.4,5,LOW,Pending,True
SIG1292,AST0721,SEC046,Point Machine,Track Circuit Maintenance,Insulation failure,5,LOW,2025-08-12,2025-08-15,2025-09-28,3.6,15,LOW,Pending,True
SIG1293,AST0773,SEC023,Relay,Point Machine Servicing,Lock bar defect,4,LOW,2025-05-22,2025-05-23,2025-07-11,6.6,10,LOW,Completed,False
SIG1294,AST0851,SEC026,Axle Counter,Communication Equipment Repair,Fiber break,2,HIGH,2025-07-14,2025-07-14,2025-07-23,11.8,4,HIGH,Scheduled,False
SIG1295,AST0859,SEC034,Axle Counter,Signal Inspection,Lamp failure,4,LOW,2025-05-02,2025-05-03,2025-06-20,5.2,15,LOW,Cancelled,True
SIG1296,AST0717,SEC042,Relay,Interlocking Test,Signal interlocking mismatch,1,CRITICAL,2025-09-14,2025-09-15,2025-09-22,10.6,2,HIGH,Scheduled,False
SIG1297,AST0960,SEC060,Signal,Level Crossing Maintenance,Boom barrier fault,5,LOW,2025-09-08,2025-09-08,2025-11-17,11.5,4,LOW,Scheduled,True
SIG1298,AST0786,SEC036,Track Circuit,Level Crossing Maintenance,Boom barrier fault,2,HIGH,2025-07-13,2025-07-14,2025-07-21,6.6,6,HIGH,Completed,True
SIG1299,AST0780,SEC030,Interlocking,Point Machine Servicing,Clutch slip,1,CRITICAL,2025-04-28,2025-04-29,2025-05-02,5.4,14,HIGH,Cancelled,True
SIG1300,AST0797,SEC047,Relay,Point Machine Servicing,Detection rod issue,3,MEDIUM,2025-05-23,2025-05-24,2025-06-22,1.8,6,MEDIUM,In Progress,False
SIG1301,AST0895,SEC070,Level Crossing Equipment,Signal Inspection,Aspect error,5,LOW,2025-01-01,2025-01-04,2025-03-01,11.4,5,LOW,Scheduled,False
SIG1302,AST0936,SEC036,Signal,Relay Replacement,Mechanical wear,4,LOW,2025-06-19,2025-06-22,2025-07-28,10.3,9,LOW,Completed,True
SIG1303,AST0885,SEC060,Relay,Axle Counter Calibration,Count error,3,MEDIUM,2025-09-21,2025-09-21,2025-10-08,7.7,4,MEDIUM,Scheduled,False
SIG1304,AST0798,SEC048,Communication Equipment,Relay Replacement,Mechanical wear,4,LOW,2025-01-30,2025-02-02,2025-02-28,5.2,8,LOW,Cancelled,False
SIG1305,AST0981,SEC006,Relay,Point Machine Servicing,Motor fault,3,MEDIUM,2025-10-21,2025-10-23,2025-11-10,9.1,4,MEDIUM,Pending,True
SIG1306,AST0822,SEC072,Communication Equipment,Relay Replacement,Mechanical wear,3,MEDIUM,2025-07-18,2025-07-20,2025-08-06,5.9,9,MEDIUM,Completed,False
SIG1307,AST0790,SEC040,Communication Equipment,Axle Counter Calibration,Cable fault,5,LOW,2025-05-07,2025-05-09,2025-07-28,3.8,9,LOW,Completed,False
SIG1308,AST0864,SEC039,Signal,Track Circuit Maintenance,Receiver fault,3,MEDIUM,2025-12-19,2025-12-20,2026-01-12,8.8,10,MEDIUM,Pending,False
SIG1309,AST0940,SEC040,Interlocking,Level Crossing Maintenance,Lighting defect,3,MEDIUM,2025-09-15,2025-09-16,2025-10-16,2.9,12,MEDIUM,Pending,True
SIG1310,AST0850,SEC025,Track Circuit,Relay Replacement,Contact oxidation,4,LOW,2025-11-16,2025-11-19,2025-12-21,7.1,13,LOW,Scheduled,True
SIG1311,AST0931,SEC031,Axle Counter,Level Crossing Maintenance,Lighting defect,4,LOW,2025-04-01,2025-04-04,2025-05-08,3.5,13,LOW,Scheduled,False
SIG1312,AST0947,SEC047,Axle Counter,Axle Counter Calibration,Reset failure,3,MEDIUM,2025-10-01,2025-10-03,2025-10-22,1.5,3,MEDIUM,In Progress,False
SIG1313,AST0706,SEC031,Track Circuit,Interlocking Test,Overlap fault,1,CRITICAL,2025-01-27,2025-01-28,2025-02-04,3.4,13,HIGH,Pending,True
SIG1314,AST0715,SEC040,Axle Counter,Relay Replacement,Timing drift,2,HIGH,2025-04-24,2025-04-24,2025-05-06,1.8,7,HIGH,Scheduled,True
SIG1315,AST0904,SEC004,Signal,Point Machine Servicing,Clutch slip,3,MEDIUM,2025-02-25,2025-02-25,2025-03-25,2.6,3,MEDIUM,Scheduled,True
SIG1316,AST0769,SEC019,Point Machine,Level Crossing Maintenance,Gate motor issue,1,CRITICAL,2025-08-12,2025-08-12,2025-08-17,4.3,4,HIGH,Scheduled,True
SIG1317,AST0811,SEC061,Axle Counter,Track Circuit Maintenance,Receiver fault,1,CRITICAL,2025-05-23,2025-05-26,2025-05-29,6.8,10,HIGH,In Progress,False
SIG1318,AST0863,SEC038,Level Crossing Equipment,Interlocking Test,Signal interlocking mismatch,2,HIGH,2025-08-17,2025-08-20,2025-08-31,9.0,7,HIGH,Pending,False
SIG1319,AST0727,SEC052,Level Crossing Equipment,Signal Inspection,Signal post tilt,1,CRITICAL,2025-03-01,2025-03-03,2025-03-09,1.4,13,HIGH,Scheduled,True
SIG1320,AST0783,SEC033,Level Crossing Equipment,Relay Replacement,Coil failure,5,LOW,2025-05-19,2025-05-22,2025-07-01,5.4,2,LOW,Pending,True
SIG1321,AST0895,SEC070,Level Crossing Equipment,Interlocking Test,Signal interlocking mismatch,1,CRITICAL,2025-05-30,2025-05-30,2025-06-06,7.4,2,HIGH,In Progress,False
SIG1322,AST0933,SEC033,Relay,Track Circuit Maintenance,Bonding defect,4,LOW,2025-10-10,2025-10-10,2025-12-08,8.3,11,LOW,Scheduled,False
SIG1323,AST0784,SEC034,Signal,Signal Inspection,Signal post tilt,2,HIGH,2025-01-26,2025-01-27,2025-02-11,11.0,3,HIGH,Pending,True
SIG1324,AST0842,SEC017,Track Circuit,Signal Inspection,Signal post tilt,2,HIGH,2025-02-07,2025-02-08,2025-02-23,10.2,4,HIGH,Completed,True
SIG1325,AST0871,SEC046,Level Crossing Equipment,Communication Equipment Repair,Fiber break,2,HIGH,2025-10-30,2025-10-31,2025-11-15,1.1,15,HIGH,Completed,True
SIG1326,AST0944,SEC044,Signal,Interlocking Test,Overlap fault,2,HIGH,2025-06-19,2025-06-21,2025-06-29,4.5,9,HIGH,Completed,True
SIG1327,AST0851,SEC026,Axle Counter,Axle Counter Calibration,Reset failure,1,CRITICAL,2025-12-13,2025-12-13,2025-12-18,5.8,3,HIGH,In Progress,True
SIG1328,AST0729,SEC054,Point Machine,Level Crossing Maintenance,Boom barrier fault,3,MEDIUM,2025-10-29,2025-10-29,2025-11-28,8.1,8,MEDIUM,Pending,True
SIG1329,AST0773,SEC023,Relay,Signal Inspection,Signal post tilt,2,HIGH,2025-09-16,2025-09-16,2025-09-28,4.2,7,HIGH,In Progress,False
SIG1330,AST0728,SEC053,Signal,Communication Equipment Repair,Radio fault,3,MEDIUM,2025-03-26,2025-03-26,2025-04-19,10.4,12,MEDIUM,Pending,True
SIG1331,AST0765,SEC015,Relay,Track Circuit Maintenance,Bonding defect,3,MEDIUM,2025-04-04,2025-04-04,2025-04-26,7.5,9,MEDIUM,Completed,False
SIG1332,AST0728,SEC053,Signal,Level Crossing Maintenance,Bell failure,4,LOW,2025-04-25,2025-04-28,2025-06-03,1.2,12,LOW,Pending,True
SIG1333,AST0722,SEC047,Track Circuit,Relay Replacement,Contact oxidation,3,MEDIUM,2025-03-16,2025-03-18,2025-04-07,9.1,3,MEDIUM,Cancelled,True
SIG1334,AST0825,SEC075,Point Machine,Axle Counter Calibration,Count error,4,LOW,2025-05-18,2025-05-18,2025-07-01,12.0,9,LOW,Pending,True
SIG1335,AST0743,SEC068,Level Crossing Equipment,Level Crossing Maintenance,Lighting defect,3,MEDIUM,2025-12-05,2025-12-08,2025-12-28,1.6,6,MEDIUM,Completed,False
SIG1336,AST0738,SEC063,Track Circuit,Relay Replacement,Contact oxidation,3,MEDIUM,2025-08-06,2025-08-07,2025-08-30,3.5,7,MEDIUM,Pending,True
SIG1337,AST0990,SEC015,Communication Equipment,Point Machine Servicing,Detection rod issue,2,HIGH,2025-07-10,2025-07-13,2025-07-26,11.9,6,HIGH,Completed,False
SIG1338,AST0974,SEC074,Communication Equipment,Point Machine Servicing,Lock bar defect,3,MEDIUM,2025-04-29,2025-04-29,2025-05-18,7.9,9,MEDIUM,Cancelled,False
SIG1339,AST0940,SEC040,Interlocking,Interlocking Test,Logic error,3,MEDIUM,2025-05-20,2025-05-20,2025-06-06,2.5,14,MEDIUM,Scheduled,True
SIG1340,AST0954,SEC054,Track Circuit,Axle Counter Calibration,Reset failure,1,CRITICAL,2025-07-03,2025-07-04,2025-07-07,1.9,14,HIGH,Scheduled,True
SIG1341,AST0937,SEC037,Point Machine,Track Circuit Maintenance,Bonding defect,2,HIGH,2025-03-05,2025-03-06,2025-03-21,7.8,4,HIGH,Pending,True
SIG1342,AST0802,SEC052,Track Circuit,Relay Replacement,Timing drift,3,MEDIUM,2025-12-02,2025-12-05,2025-12-19,11.3,5,MEDIUM,Cancelled,True
SIG1343,AST0773,SEC023,Relay,Track Circuit Maintenance,Feed-end issue,4,LOW,2025-02-21,2025-02-24,2025-03-26,10.4,5,LOW,Completed,True
SIG1344,AST0735,SEC060,Level Crossing Equipment,Track Circuit Maintenance,Feed-end issue,3,MEDIUM,2025-03-31,2025-03-31,2025-04-15,11.6,11,MEDIUM,Completed,False
SIG1345,AST0890,SEC065,Track Circuit,Axle Counter Calibration,Sensor misalignment,3,MEDIUM,2025-12-14,2025-12-14,2026-01-01,8.5,2,MEDIUM,Completed,True
SIG1346,AST0854,SEC029,Communication Equipment,Axle Counter Calibration,Sensor misalignment,2,HIGH,2025-01-18,2025-01-18,2025-01-31,7.2,4,HIGH,Completed,False
SIG1347,AST0708,SEC033,Interlocking,Axle Counter Calibration,Count error,3,MEDIUM,2025-11-03,2025-11-03,2025-11-24,4.5,11,MEDIUM,Pending,True
SIG1348,AST0923,SEC023,Axle Counter,Track Circuit Maintenance,Feed-end issue,5,LOW,2025-02-02,2025-02-04,2025-03-25,3.2,9,LOW,Pending,False
SIG1349,AST0935,SEC035,Level Crossing Equipment,Relay Replacement,Coil failure,4,LOW,2025-10-01,2025-10-01,2025-10-31,4.6,14,LOW,Completed,True
SIG1350,AST0802,SEC052,Track Circuit,Axle Counter Calibration,Reset failure,3,MEDIUM,2025-05-31,2025-05-31,2025-06-26,7.8,12,MEDIUM,Cancelled,True
SIG1351,AST0917,SEC017,Relay,Level Crossing Maintenance,Boom barrier fault,3,MEDIUM,2025-10-30,2025-10-30,2025-11-25,1.4,7,MEDIUM,In Progress,False
SIG1352,AST0747,SEC072,Axle Counter,Interlocking Test,Overlap fault,3,MEDIUM,2025-11-21,2025-11-22,2025-12-20,6.1,11,MEDIUM,Pending,True
SIG1353,AST0992,SEC017,Signal,Communication Equipment Repair,Fiber break,1,CRITICAL,2025-02-03,2025-02-03,2025-02-06,2.9,14,HIGH,Completed,True
SIG1354,AST0790,SEC040,Communication Equipment,Track Circuit Maintenance,Insulation failure,3,MEDIUM,2025-09-13,2025-09-13,2025-10-04,8.1,5,MEDIUM,Scheduled,False
SIG1355,AST0861,SEC036,Relay,Level Crossing Maintenance,Bell failure,3,MEDIUM,2025-11-25,2025-11-27,2025-12-20,8.8,12,MEDIUM,Pending,False
SIG1356,AST0961,SEC061,Point Machine,Axle Counter Calibration,Cable fault,3,MEDIUM,2025-10-26,2025-10-26,2025-11-12,10.9,13,MEDIUM,Pending,False
SIG1357,AST0930,SEC030,Track Circuit,Point Machine Servicing,Clutch slip,4,LOW,2025-10-15,2025-10-17,2025-12-08,10.8,4,LOW,Pending,True
SIG1358,AST1000,SEC025,Signal,Relay Replacement,Mechanical wear,4,LOW,2025-01-14,2025-01-16,2025-02-13,7.2,5,LOW,Cancelled,True
SIG1359,AST0891,SEC066,Axle Counter,Signal Inspection,Lamp failure,4,LOW,2025-04-09,2025-04-09,2025-05-27,8.9,8,LOW,Completed,True
SIG1360,AST0725,SEC050,Relay,Track Circuit Maintenance,Feed-end issue,4,LOW,2025-07-31,2025-08-01,2025-09-07,6.9,3,LOW,Scheduled,False
SIG1361,AST0909,SEC009,Relay,Interlocking Test,Route locking fault,3,MEDIUM,2025-04-07,2025-04-07,2025-04-28,4.2,10,MEDIUM,Scheduled,False
SIG1362,AST0788,SEC038,Interlocking,Interlocking Test,Overlap fault,5,LOW,2025-08-26,2025-08-28,2025-11-16,1.1,13,LOW,Completed,True
SIG1363,AST0998,SEC023,Communication Equipment,Point Machine Servicing,Clutch slip,4,LOW,2025-04-11,2025-04-11,2025-05-23,8.5,14,LOW,Scheduled,False
SIG1364,AST0963,SEC063,Axle Counter,Level Crossing Maintenance,Lighting defect,2,HIGH,2025-06-25,2025-06-27,2025-07-07,4.1,11,HIGH,Completed,False
SIG1365,AST0784,SEC034,Signal,Level Crossing Maintenance,Boom barrier fault,3,MEDIUM,2025-08-21,2025-08-21,2025-09-09,11.9,14,MEDIUM,Completed,True
SIG1366,AST0831,SEC006,Level Crossing Equipment,Track Circuit Maintenance,Insulation failure,2,HIGH,2025-03-11,2025-03-14,2025-03-26,2.5,15,HIGH,Pending,True
SIG1367,AST0972,SEC072,Interlocking,Level Crossing Maintenance,Lighting defect,2,HIGH,2025-02-14,2025-02-16,2025-02-25,8.3,7,HIGH,Pending,True
SIG1368,AST0940,SEC040,Interlocking,Communication Equipment Repair,Control phone failure,3,MEDIUM,2025-01-09,2025-01-09,2025-02-01,7.9,9,MEDIUM,Pending,True
SIG1369,AST0780,SEC030,Interlocking,Interlocking Test,Overlap fault,3,MEDIUM,2025-07-06,2025-07-09,2025-08-07,4.0,13,MEDIUM,In Progress,True
SIG1370,AST0742,SEC067,Communication Equipment,Axle Counter Calibration,Count error,2,HIGH,2025-01-23,2025-01-26,2025-02-06,8.1,2,HIGH,Completed,False
SIG1371,AST0898,SEC073,Track Circuit,Interlocking Test,Overlap fault,3,MEDIUM,2025-04-09,2025-04-11,2025-04-25,5.2,6,MEDIUM,Pending,True
SIG1372,AST0777,SEC027,Point Machine,Signal Inspection,Lens damage,4,LOW,2025-09-07,2025-09-10,2025-10-05,1.0,12,LOW,Completed,True
SIG1373,AST0847,SEC022,Level Crossing Equipment,Relay Replacement,Contact oxidation,5,LOW,2025-06-29,2025-06-30,2025-08-20,8.0,13,LOW,Completed,False
SIG1374,AST0993,SEC018,Point Machine,Signal Inspection,Aspect error,2,HIGH,2025-03-16,2025-03-16,2025-03-24,4.5,15,HIGH,Completed,True
SIG1375,AST0900,SEC075,Interlocking,Communication Equipment Repair,Fiber break,3,MEDIUM,2025-08-28,2025-08-30,2025-09-16,7.6,15,MEDIUM,Pending,True
SIG1376,AST0996,SEC021,Interlocking,Relay Replacement,Contact oxidation,2,HIGH,2025-10-08,2025-10-09,2025-10-22,2.7,2,HIGH,Completed,True
SIG1377,AST0794,SEC044,Track Circuit,Relay Replacement,Coil failure,3,MEDIUM,2025-04-17,2025-04-20,2025-05-14,9.2,8,MEDIUM,In Progress,False
SIG1378,AST0884,SEC059,Interlocking,Communication Equipment Repair,Radio fault,2,HIGH,2025-03-31,2025-03-31,2025-04-09,7.2,6,HIGH,Cancelled,True
SIG1379,AST0951,SEC051,Level Crossing Equipment,Interlocking Test,Overlap fault,2,HIGH,2025-05-27,2025-05-29,2025-06-11,1.1,13,HIGH,Completed,True
SIG1380,AST0825,SEC075,Point Machine,Axle Counter Calibration,Sensor misalignment,2,HIGH,2025-12-08,2025-12-08,2025-12-20,1.7,3,HIGH,Pending,False
SIG1381,AST0735,SEC060,Level Crossing Equipment,Axle Counter Calibration,Count error,4,LOW,2025-10-01,2025-10-04,2025-11-13,12.0,4,LOW,Scheduled,True
SIG1382,AST0821,SEC071,Relay,Point Machine Servicing,Lock bar defect,2,HIGH,2025-02-13,2025-02-15,2025-02-22,4.6,4,HIGH,Completed,False
SIG1383,AST0842,SEC017,Track Circuit,Interlocking Test,Logic error,2,HIGH,2025-01-18,2025-01-19,2025-01-28,8.8,6,HIGH,Completed,True
SIG1384,AST0854,SEC029,Communication Equipment,Signal Inspection,Aspect error,3,MEDIUM,2025-10-27,2025-10-28,2025-11-21,5.4,7,MEDIUM,Scheduled,False
SIG1385,AST0727,SEC052,Level Crossing Equipment,Relay Replacement,Timing drift,4,LOW,2025-12-08,2025-12-09,2026-02-03,6.7,6,LOW,Completed,True
SIG1386,AST0747,SEC072,Axle Counter,Track Circuit Maintenance,Bonding defect,4,LOW,2025-01-29,2025-01-30,2025-03-13,7.0,3,LOW,Completed,False
SIG1387,AST0938,SEC038,Track Circuit,Communication Equipment Repair,Fiber break,3,MEDIUM,2025-06-10,2025-06-10,2025-06-27,5.1,5,MEDIUM,Completed,True
SIG1388,AST0910,SEC010,Communication Equipment,Communication Equipment Repair,Radio fault,4,LOW,2025-08-15,2025-08-17,2025-10-08,6.3,9,LOW,Scheduled,False
SIG1389,AST0764,SEC014,Interlocking,Communication Equipment Repair,Radio fault,3,MEDIUM,2025-07-24,2025-07-26,2025-08-23,3.6,8,MEDIUM,Cancelled,True
SIG1390,AST0793,SEC043,Point Machine,Relay Replacement,Coil failure,3,MEDIUM,2025-11-09,2025-11-10,2025-12-08,7.6,7,MEDIUM,Completed,True
SIG1391,AST0952,SEC052,Signal,Signal Inspection,Signal post tilt,2,HIGH,2025-11-12,2025-11-15,2025-11-22,4.6,2,HIGH,Pending,True
SIG1392,AST0886,SEC061,Communication Equipment,Track Circuit Maintenance,Insulation failure,2,HIGH,2025-09-28,2025-09-30,2025-10-10,7.4,7,HIGH,Pending,False
SIG1393,AST0995,SEC020,Axle Counter,Relay Replacement,Contact oxidation,3,MEDIUM,2025-09-02,2025-09-03,2025-09-21,5.2,12,MEDIUM,Completed,False
SIG1394,AST0884,SEC059,Interlocking,Point Machine Servicing,Motor fault,3,MEDIUM,2025-02-17,2025-02-18,2025-03-15,11.8,4,MEDIUM,Completed,False
SIG1395,AST0913,SEC013,Point Machine,Point Machine Servicing,Clutch slip,5,LOW,2025-09-23,2025-09-26,2025-11-10,2.6,5,LOW,Scheduled,False
SIG1396,AST0784,SEC034,Signal,Point Machine Servicing,Motor fault,3,MEDIUM,2025-05-11,2025-05-13,2025-06-08,2.6,6,MEDIUM,Completed,True
SIG1397,AST0776,SEC026,Signal,Interlocking Test,Overlap fault,4,LOW,2025-03-16,2025-03-17,2025-05-07,7.5,13,LOW,Completed,True
SIG1398,AST0871,SEC046,Level Crossing Equipment,Signal Inspection,Lens damage,4,LOW,2025-05-12,2025-05-13,2025-07-07,10.2,14,LOW,Completed,False
SIG1399,AST0949,SEC049,Relay,Interlocking Test,Signal interlocking mismatch,4,LOW,2025-07-18,2025-07-21,2025-08-17,12.0,7,LOW,Pending,True
SIG1400,AST0704,SEC029,Signal,Communication Equipment Repair,Control phone failure,3,MEDIUM,2025-01-10,2025-01-11,2025-01-30,11.1,15,MEDIUM,Completed,True
SIG1401,AST0822,SEC072,Communication Equipment,Axle Counter Calibration,Reset failure,3,MEDIUM,2025-06-09,2025-06-11,2025-07-06,4.9,10,MEDIUM,Completed,True
SIG1402,AST0979,SEC004,Axle Counter,Relay Replacement,Coil failure,3,MEDIUM,2025-06-05,2025-06-07,2025-06-28,6.1,2,MEDIUM,Completed,True
SIG1403,AST0967,SEC067,Level Crossing Equipment,Level Crossing Maintenance,Bell failure,5,LOW,2025-03-26,2025-03-26,2025-05-26,10.1,3,LOW,Completed,False
SIG1404,AST0915,SEC015,Axle Counter,Signal Inspection,Lens damage,3,MEDIUM,2025-05-13,2025-05-16,2025-06-14,6.4,15,MEDIUM,Completed,False
SIG1405,AST0737,SEC062,Point Machine,Interlocking Test,Overlap fault,2,HIGH,2025-10-26,2025-10-27,2025-11-08,1.7,11,HIGH,Pending,True
SIG1406,AST0959,SEC059,Level Crossing Equipment,Level Crossing Maintenance,Gate motor issue,4,LOW,2025-07-04,2025-07-04,2025-08-22,1.2,11,LOW,Pending,False
SIG1407,AST0835,SEC010,Axle Counter,Track Circuit Maintenance,Feed-end issue,4,LOW,2025-09-19,2025-09-22,2025-10-17,10.1,15,LOW,Completed,True
SIG1408,AST0978,SEC003,Track Circuit,Relay Replacement,Timing drift,3,MEDIUM,2025-02-16,2025-02-16,2025-03-03,7.1,9,MEDIUM,Cancelled,False
SIG1409,AST0812,SEC062,Interlocking,Track Circuit Maintenance,Insulation failure,4,LOW,2025-11-11,2025-11-13,2025-12-30,8.1,13,LOW,Pending,True
SIG1410,AST0985,SEC010,Point Machine,Track Circuit Maintenance,Insulation failure,4,LOW,2025-10-29,2025-11-01,2025-12-31,4.2,9,LOW,Scheduled,False
SIG1411,AST0852,SEC027,Interlocking,Track Circuit Maintenance,Bonding defect,5,LOW,2025-07-15,2025-07-15,2025-09-23,4.4,2,LOW,Cancelled,True
SIG1412,AST0711,SEC036,Level Crossing Equipment,Signal Inspection,Lamp failure,3,MEDIUM,2025-08-22,2025-08-24,2025-09-10,3.2,14,MEDIUM,Pending,True
SIG1413,AST0810,SEC060,Track Circuit,Communication Equipment Repair,Control phone failure,2,HIGH,2025-04-19,2025-04-19,2025-04-29,6.5,2,HIGH,Pending,True
SIG1414,AST0763,SEC013,Axle Counter,Interlocking Test,Signal interlocking mismatch,4,LOW,2025-02-05,2025-02-08,2025-03-26,11.9,13,LOW,Scheduled,False
SIG1415,AST0896,SEC071,Signal,Level Crossing Maintenance,Lighting defect,3,MEDIUM,2025-02-01,2025-02-03,2025-02-25,8.5,12,MEDIUM,Cancelled,False
SIG1416,AST0952,SEC052,Signal,Relay Replacement,Timing drift,4,LOW,2025-12-05,2025-12-07,2026-01-10,9.8,2,LOW,Completed,True
SIG1417,AST0968,SEC068,Signal,Relay Replacement,Timing drift,4,LOW,2025-02-08,2025-02-08,2025-03-21,8.0,7,LOW,Completed,True
SIG1418,AST0788,SEC038,Interlocking,Axle Counter Calibration,Count error,4,LOW,2025-08-08,2025-08-08,2025-10-04,2.2,5,LOW,Pending,True
SIG1419,AST0946,SEC046,Track Circuit,Communication Equipment Repair,Radio fault,4,LOW,2025-07-05,2025-07-08,2025-08-02,10.9,14,LOW,Pending,True
SIG1420,AST0764,SEC014,Interlocking,Track Circuit Maintenance,Bonding defect,3,MEDIUM,2025-11-26,2025-11-28,2025-12-23,3.3,14,MEDIUM,Completed,True
SIG1421,AST0991,SEC016,Level Crossing Equipment,Point Machine Servicing,Motor fault,4,LOW,2025-02-26,2025-02-28,2025-04-10,5.9,9,LOW,Pending,False
SIG1422,AST0762,SEC012,Track Circuit,Axle Counter Calibration,Reset failure,2,HIGH,2025-02-05,2025-02-07,2025-02-19,4.1,14,HIGH,Scheduled,False
SIG1423,AST0966,SEC066,Communication Equipment,Level Crossing Maintenance,Lighting defect,1,CRITICAL,2025-03-07,2025-03-08,2025-03-15,8.3,5,HIGH,Pending,True
SIG1424,AST0985,SEC010,Point Machine,Level Crossing Maintenance,Boom barrier fault,4,LOW,2025-08-05,2025-08-07,2025-09-25,4.2,4,LOW,Pending,False
SIG1425,AST0770,SEC020,Track Circuit,Axle Counter Calibration,Cable fault,4,LOW,2025-11-03,2025-11-05,2025-12-22,5.4,7,LOW,Completed,True
SIG1426,AST0717,SEC042,Relay,Interlocking Test,Overlap fault,2,HIGH,2025-08-31,2025-09-01,2025-09-12,6.1,8,HIGH,Completed,True
SIG1427,AST0726,SEC051,Communication Equipment,Relay Replacement,Mechanical wear,4,LOW,2025-09-25,2025-09-26,2025-11-13,6.3,4,LOW,Completed,False
SIG1428,AST0805,SEC055,Relay,Communication Equipment Repair,Fiber break,5,LOW,2025-06-02,2025-06-02,2025-08-13,7.4,12,LOW,Cancelled,True
SIG1429,AST0770,SEC020,Track Circuit,Communication Equipment Repair,Fiber break,2,HIGH,2025-05-27,2025-05-30,2025-06-07,11.3,5,HIGH,Completed,False
SIG1430,AST0918,SEC018,Communication Equipment,Signal Inspection,Aspect error,1,CRITICAL,2025-06-23,2025-06-23,2025-06-28,8.1,4,HIGH,Completed,False
SIG1431,AST0940,SEC040,Interlocking,Axle Counter Calibration,Sensor misalignment,3,MEDIUM,2025-09-10,2025-09-12,2025-10-11,2.8,7,MEDIUM,Completed,False
SIG1432,AST0767,SEC017,Level Crossing Equipment,Communication Equipment Repair,Fiber break,3,MEDIUM,2025-05-20,2025-05-22,2025-06-19,9.3,15,MEDIUM,Scheduled,True
SIG1433,AST0742,SEC067,Communication Equipment,Axle Counter Calibration,Reset failure,4,LOW,2025-05-08,2025-05-08,2025-06-14,1.2,9,LOW,Scheduled,True
SIG1434,AST0829,SEC004,Relay,Axle Counter Calibration,Sensor misalignment,3,MEDIUM,2025-11-23,2025-11-24,2025-12-11,10.8,12,MEDIUM,Scheduled,False
SIG1435,AST0845,SEC020,Relay,Signal Inspection,Signal post tilt,3,MEDIUM,2025-04-01,2025-04-01,2025-05-01,11.2,6,MEDIUM,Completed,True
SIG1436,AST0897,SEC072,Point Machine,Relay Replacement,Contact oxidation,2,HIGH,2025-02-03,2025-02-06,2025-02-19,7.9,3,HIGH,Completed,True
SIG1437,AST0785,SEC035,Point Machine,Signal Inspection,Lamp failure,3,MEDIUM,2025-09-18,2025-09-19,2025-10-14,11.3,14,MEDIUM,Cancelled,True
SIG1438,AST0860,SEC035,Interlocking,Axle Counter Calibration,Sensor misalignment,2,HIGH,2025-11-30,2025-12-02,2025-12-10,1.6,8,HIGH,Completed,False
SIG1439,AST0947,SEC047,Axle Counter,Level Crossing Maintenance,Lighting defect,3,MEDIUM,2025-02-24,2025-02-24,2025-03-17,9.6,9,MEDIUM,Completed,False
SIG1440,AST0879,SEC054,Level Crossing Equipment,Point Machine Servicing,Motor fault,3,MEDIUM,2025-07-16,2025-07-17,2025-08-07,3.7,2,MEDIUM,Pending,False
SIG1441,AST0949,SEC049,Relay,Point Machine Servicing,Detection rod issue,2,HIGH,2025-02-02,2025-02-04,2025-02-18,4.4,6,HIGH,Completed,True
SIG1442,AST0785,SEC035,Point Machine,Point Machine Servicing,Motor fault,3,MEDIUM,2025-07-03,2025-07-06,2025-07-30,8.5,9,MEDIUM,Scheduled,True
SIG1443,AST0753,SEC003,Point Machine,Level Crossing Maintenance,Gate motor issue,4,LOW,2025-06-02,2025-06-03,2025-07-31,6.3,11,LOW,Completed,True
SIG1444,AST0868,SEC043,Interlocking,Relay Replacement,Timing drift,4,LOW,2025-01-13,2025-01-15,2025-03-01,1.6,5,LOW,Pending,False
SIG1445,AST0876,SEC051,Interlocking,Communication Equipment Repair,Radio fault,2,HIGH,2025-12-01,2025-12-04,2025-12-19,2.4,6,HIGH,Completed,True
SIG1446,AST0887,SEC062,Level Crossing Equipment,Point Machine Servicing,Lock bar defect,5,LOW,2025-06-01,2025-06-04,2025-08-23,4.4,6,LOW,Pending,False
SIG1447,AST0876,SEC051,Interlocking,Point Machine Servicing,Motor fault,4,LOW,2025-12-08,2025-12-11,2026-01-14,1.3,12,LOW,Completed,False
SIG1448,AST0866,SEC041,Track Circuit,Relay Replacement,Mechanical wear,5,LOW,2025-10-17,2025-10-19,2026-01-07,8.0,3,LOW,Scheduled,True
SIG1449,AST0740,SEC065,Interlocking,Axle Counter Calibration,Cable fault,3,MEDIUM,2025-10-11,2025-10-13,2025-11-06,6.3,5,MEDIUM,Cancelled,True
SIG1450,AST0893,SEC068,Relay,Track Circuit Maintenance,Insulation failure,3,MEDIUM,2025-09-21,2025-09-21,2025-10-07,3.0,10,MEDIUM,Completed,True
SIG1451,AST0711,SEC036,Level Crossing Equipment,Communication Equipment Repair,Fiber break,5,LOW,2025-11-27,2025-11-29,2026-01-20,1.1,3,LOW,Completed,False
SIG1452,AST0787,SEC037,Axle Counter,Relay Replacement,Contact oxidation,4,LOW,2025-04-05,2025-04-08,2025-05-10,1.4,3,LOW,Completed,False
SIG1453,AST0969,SEC069,Point Machine,Relay Replacement,Contact oxidation,4,LOW,2025-10-11,2025-10-11,2025-12-02,11.5,4,LOW,Completed,False
SIG1454,AST0771,SEC021,Axle Counter,Point Machine Servicing,Lock bar defect,4,LOW,2025-02-13,2025-02-15,2025-03-30,7.7,5,LOW,Completed,False
SIG1455,AST0912,SEC012,Signal,Interlocking Test,Signal interlocking mismatch,1,CRITICAL,2025-04-05,2025-04-08,2025-04-14,8.2,13,HIGH,Pending,False
SIG1456,AST0903,SEC003,Level Crossing Equipment,Communication Equipment Repair,Control phone failure,1,CRITICAL,2025-08-02,2025-08-02,2025-08-05,10.9,7,HIGH,Pending,False
SIG1457,AST0706,SEC031,Track Circuit,Interlocking Test,Route locking fault,3,MEDIUM,2025-06-09,2025-06-09,2025-07-02,9.0,3,MEDIUM,Scheduled,True
SIG1458,AST0730,SEC055,Track Circuit,Interlocking Test,Logic error,4,LOW,2025-12-10,2025-12-13,2026-01-28,1.8,5,LOW,Scheduled,True
SIG1459,AST0734,SEC059,Communication Equipment,Track Circuit Maintenance,Receiver fault,2,HIGH,2025-02-21,2025-02-22,2025-03-09,7.4,8,HIGH,Completed,False
SIG1460,AST0705,SEC030,Point Machine,Axle Counter Calibration,Reset failure,3,MEDIUM,2025-09-27,2025-09-30,2025-10-19,8.3,13,MEDIUM,Scheduled,True
SIG1461,AST0963,SEC063,Axle Counter,Point Machine Servicing,Clutch slip,2,HIGH,2025-01-12,2025-01-12,2025-01-26,9.8,7,HIGH,Pending,False
SIG1462,AST0935,SEC035,Level Crossing Equipment,Axle Counter Calibration,Sensor misalignment,3,MEDIUM,2025-12-09,2025-12-12,2025-12-29,10.0,8,MEDIUM,Pending,True
SIG1463,AST0818,SEC068,Track Circuit,Track Circuit Maintenance,Feed-end issue,1,CRITICAL,2025-05-11,2025-05-14,2025-05-21,9.3,8,HIGH,Completed,True
SIG1464,AST0748,SEC073,Interlocking,Signal Inspection,Lens damage,1,CRITICAL,2025-05-24,2025-05-25,2025-05-31,10.1,2,HIGH,Pending,True
SIG1465,AST0783,SEC033,Level Crossing Equipment,Axle Counter Calibration,Count error,2,HIGH,2025-05-03,2025-05-04,2025-05-17,5.4,7,HIGH,Pending,True
SIG1466,AST0831,SEC006,Level Crossing Equipment,Relay Replacement,Coil failure,4,LOW,2025-01-13,2025-01-13,2025-02-25,2.7,10,LOW,Completed,True
SIG1467,AST0762,SEC012,Track Circuit,Communication Equipment Repair,Fiber break,1,CRITICAL,2025-09-27,2025-09-27,2025-10-04,8.2,14,HIGH,Completed,True
SIG1468,AST0894,SEC069,Communication Equipment,Communication Equipment Repair,Radio fault,2,HIGH,2025-06-20,2025-06-21,2025-07-04,11.6,3,HIGH,In Progress,True
SIG1469,AST0930,SEC030,Track Circuit,Signal Inspection,Aspect error,2,HIGH,2025-04-14,2025-04-14,2025-04-25,5.6,6,HIGH,Cancelled,True
SIG1470,AST0790,SEC040,Communication Equipment,Track Circuit Maintenance,Insulation failure,1,CRITICAL,2025-02-17,2025-02-17,2025-02-20,5.8,15,HIGH,Completed,False
SIG1471,AST0740,SEC065,Interlocking,Axle Counter Calibration,Count error,1,CRITICAL,2025-11-24,2025-11-27,2025-12-04,8.5,6,HIGH,Completed,True
SIG1472,AST0706,SEC031,Track Circuit,Level Crossing Maintenance,Gate motor issue,2,HIGH,2025-11-12,2025-11-15,2025-11-28,1.4,8,HIGH,Completed,True
SIG1473,AST0745,SEC070,Point Machine,Point Machine Servicing,Detection rod issue,3,MEDIUM,2025-05-07,2025-05-08,2025-05-22,11.7,10,MEDIUM,Scheduled,True
SIG1474,AST0978,SEC003,Track Circuit,Track Circuit Maintenance,Bonding defect,2,HIGH,2025-11-17,2025-11-18,2025-11-28,6.2,6,HIGH,Scheduled,True
SIG1475,AST0995,SEC020,Axle Counter,Interlocking Test,Route locking fault,1,CRITICAL,2025-03-06,2025-03-06,2025-03-12,4.3,11,HIGH,In Progress,True
SIG1476,AST0875,SEC050,Axle Counter,Relay Replacement,Timing drift,2,HIGH,2025-09-12,2025-09-14,2025-09-27,7.0,11,HIGH,Completed,True
SIG1477,AST0797,SEC047,Relay,Level Crossing Maintenance,Boom barrier fault,3,MEDIUM,2025-05-04,2025-05-07,2025-06-03,10.5,3,MEDIUM,Pending,False
SIG1478,AST0726,SEC051,Communication Equipment,Level Crossing Maintenance,Boom barrier fault,2,HIGH,2025-06-24,2025-06-25,2025-07-08,2.1,13,HIGH,In Progress,False
SIG1479,AST0844,SEC019,Interlocking,Level Crossing Maintenance,Bell failure,2,HIGH,2025-04-24,2025-04-25,2025-05-06,8.3,8,HIGH,Pending,True
SIG1480,AST0847,SEC022,Level Crossing Equipment,Track Circuit Maintenance,Bonding defect,5,LOW,2025-01-04,2025-01-04,2025-03-08,1.5,2,LOW,Scheduled,True
SIG1481,AST0722,SEC047,Track Circuit,Level Crossing Maintenance,Bell failure,2,HIGH,2025-04-09,2025-04-11,2025-04-26,10.4,14,HIGH,Pending,False
SIG1482,AST0992,SEC017,Signal,Axle Counter Calibration,Sensor misalignment,4,LOW,2025-05-04,2025-05-05,2025-07-04,9.5,11,LOW,Completed,True
SIG1483,AST0851,SEC026,Axle Counter,Axle Counter Calibration,Cable fault,2,HIGH,2025-06-08,2025-06-11,2025-06-20,10.0,7,HIGH,Completed,True
SIG1484,AST0927,SEC027,Level Crossing Equipment,Communication Equipment Repair,Fiber break,4,LOW,2025-06-27,2025-06-29,2025-08-02,1.6,6,LOW,Pending,False
SIG1485,AST0817,SEC067,Point Machine,Signal Inspection,Lamp failure,5,LOW,2025-04-27,2025-04-28,2025-06-21,8.6,11,LOW,In Progress,True
SIG1486,AST0722,SEC047,Track Circuit,Track Circuit Maintenance,Receiver fault,3,MEDIUM,2025-12-17,2025-12-20,2026-01-09,10.6,7,MEDIUM,Cancelled,True
SIG1487,AST0986,SEC011,Track Circuit,Axle Counter Calibration,Reset failure,4,LOW,2025-09-03,2025-09-05,2025-10-10,6.4,5,LOW,In Progress,True
SIG1488,AST0831,SEC006,Level Crossing Equipment,Point Machine Servicing,Clutch slip,3,MEDIUM,2025-12-01,2025-12-03,2025-12-21,7.0,8,MEDIUM,In Progress,False
SIG1489,AST0996,SEC021,Interlocking,Signal Inspection,Aspect error,3,MEDIUM,2025-09-22,2025-09-25,2025-10-09,6.3,13,MEDIUM,Completed,True
SIG1490,AST0788,SEC038,Interlocking,Signal Inspection,Lamp failure,4,LOW,2025-06-09,2025-06-09,2025-07-21,6.3,4,LOW,In Progress,True
SIG1491,AST0878,SEC053,Communication Equipment,Track Circuit Maintenance,Insulation failure,4,LOW,2025-06-17,2025-06-17,2025-07-15,4.4,5,LOW,Pending,False
SIG1492,AST0947,SEC047,Axle Counter,Interlocking Test,Signal interlocking mismatch,4,LOW,2025-06-27,2025-06-30,2025-08-03,7.5,5,LOW,Completed,True
SIG1493,AST0816,SEC066,Signal,Relay Replacement,Timing drift,3,MEDIUM,2025-08-28,2025-08-31,2025-09-30,1.3,12,MEDIUM,In Progress,True
SIG1494,AST0907,SEC007,Axle Counter,Signal Inspection,Lamp failure,3,MEDIUM,2025-01-14,2025-01-17,2025-02-05,4.1,3,MEDIUM,Cancelled,False
SIG1495,AST0946,SEC046,Track Circuit,Track Circuit Maintenance,Receiver fault,5,LOW,2025-06-05,2025-06-06,2025-09-03,4.0,9,LOW,Cancelled,True
SIG1496,AST0739,SEC064,Axle Counter,Communication Equipment Repair,Radio fault,2,HIGH,2025-06-10,2025-06-13,2025-06-20,5.7,14,HIGH,Completed,True
SIG1497,AST0903,SEC003,Level Crossing Equipment,Point Machine Servicing,Lock bar defect,2,HIGH,2025-04-06,2025-04-09,2025-04-24,11.4,2,HIGH,Pending,False
SIG1498,AST0843,SEC018,Axle Counter,Axle Counter Calibration,Sensor misalignment,3,MEDIUM,2025-02-08,2025-02-09,2025-03-01,9.8,4,MEDIUM,Completed,False
SIG1499,AST0838,SEC013,Communication Equipment,Signal Inspection,Lamp failure,3,MEDIUM,2025-02-25,2025-02-25,2025-03-18,1.3,12,MEDIUM,Completed,False
SIG1500,AST0798,SEC048,Communication Equipment,Interlocking Test,Signal interlocking mismatch,3,MEDIUM,2025-12-05,2025-12-05,2026-01-04,7.5,5,MEDIUM,Scheduled,False
SIG1501,AST0755,SEC005,Axle Counter,Signal Inspection,Lamp failure,1,CRITICAL,2025-06-17,2025-06-17,2025-06-24,11.6,9,HIGH,Cancelled,True
SIG1502,AST0921,SEC021,Point Machine,Axle Counter Calibration,Count error,2,HIGH,2025-04-29,2025-05-02,2025-05-15,1.1,2,HIGH,Pending,False
SIG1503,AST0968,SEC068,Signal,Axle Counter Calibration,Reset failure,5,LOW,2025-02-15,2025-02-18,2025-04-30,10.0,6,LOW,Pending,True
SIG1504,AST0799,SEC049,Level Crossing Equipment,Interlocking Test,Signal interlocking mismatch,3,MEDIUM,2025-03-08,2025-03-11,2025-04-07,9.0,14,MEDIUM,Cancelled,True
SIG1505,AST0973,SEC073,Relay,Interlocking Test,Overlap fault,3,MEDIUM,2025-05-26,2025-05-29,2025-06-17,1.1,10,MEDIUM,Pending,False
SIG1506,AST0732,SEC057,Interlocking,Relay Replacement,Contact oxidation,1,CRITICAL,2025-03-06,2025-03-07,2025-03-13,4.2,7,HIGH,Completed,True
SIG1507,AST0872,SEC047,Signal,Communication Equipment Repair,Control phone failure,2,HIGH,2025-02-24,2025-02-24,2025-03-03,6.1,9,HIGH,Completed,False
SIG1508,AST0826,SEC001,Track Circuit,Signal Inspection,Lens damage,4,LOW,2025-07-12,2025-07-14,2025-08-13,8.8,2,LOW,Pending,True
SIG1509,AST0808,SEC058,Signal,Track Circuit Maintenance,Bonding defect,4,LOW,2025-03-07,2025-03-07,2025-05-03,7.2,2,LOW,Pending,True
SIG1510,AST0804,SEC054,Interlocking,Level Crossing Maintenance,Lighting defect,3,MEDIUM,2025-02-10,2025-02-13,2025-03-01,5.9,5,MEDIUM,Scheduled,True
SIG1511,AST0990,SEC015,Communication Equipment,Point Machine Servicing,Lock bar defect,3,MEDIUM,2025-11-14,2025-11-14,2025-12-12,9.4,6,MEDIUM,Scheduled,True
SIG1512,AST0955,SEC055,Axle Counter,Axle Counter Calibration,Reset failure,1,CRITICAL,2025-10-03,2025-10-05,2025-10-12,6.9,2,HIGH,Pending,True
SIG1513,AST0730,SEC055,Track Circuit,Signal Inspection,Lamp failure,3,MEDIUM,2025-03-08,2025-03-10,2025-04-02,9.0,6,MEDIUM,Pending,False
SIG1514,AST0930,SEC030,Track Circuit,Level Crossing Maintenance,Bell failure,5,LOW,2025-08-18,2025-08-20,2025-11-15,2.0,2,LOW,Pending,True
SIG1515,AST0962,SEC062,Track Circuit,Track Circuit Maintenance,Insulation failure,3,MEDIUM,2025-11-24,2025-11-27,2025-12-14,5.7,9,MEDIUM,Cancelled,True
SIG1516,AST0959,SEC059,Level Crossing Equipment,Signal Inspection,Lens damage,4,LOW,2025-05-13,2025-05-13,2025-06-13,7.7,2,LOW,Completed,False
SIG1517,AST0774,SEC024,Communication Equipment,Communication Equipment Repair,Fiber break,2,HIGH,2025-01-22,2025-01-23,2025-02-02,3.9,4,HIGH,Cancelled,False
SIG1518,AST0713,SEC038,Point Machine,Relay Replacement,Mechanical wear,5,LOW,2025-10-09,2025-10-11,2026-01-02,6.6,14,LOW,Completed,False
SIG1519,AST0730,SEC055,Track Circuit,Axle Counter Calibration,Cable fault,3,MEDIUM,2025-03-02,2025-03-04,2025-04-03,9.6,10,MEDIUM,Scheduled,True
SIG1520,AST0855,SEC030,Level Crossing Equipment,Signal Inspection,Lamp failure,4,LOW,2025-05-13,2025-05-13,2025-06-26,10.4,14,LOW,Pending,True
SIG1521,AST0810,SEC060,Track Circuit,Track Circuit Maintenance,Feed-end issue,3,MEDIUM,2025-07-23,2025-07-24,2025-08-19,3.0,8,MEDIUM,Cancelled,True
SIG1522,AST0983,SEC008,Level Crossing Equipment,Relay Replacement,Mechanical wear,5,LOW,2025-06-22,2025-06-22,2025-09-17,2.1,4,LOW,Scheduled,True
SIG1523,AST0807,SEC057,Level Crossing Equipment,Track Circuit Maintenance,Feed-end issue,1,CRITICAL,2025-08-07,2025-08-10,2025-08-13,9.2,5,HIGH,In Progress,False
SIG1524,AST0714,SEC039,Track Circuit,Signal Inspection,Lens damage,3,MEDIUM,2025-07-05,2025-07-06,2025-07-26,5.6,10,MEDIUM,Completed,True
SIG1525,AST0780,SEC030,Interlocking,Interlocking Test,Logic error,3,MEDIUM,2025-01-05,2025-01-06,2025-02-04,6.2,4,MEDIUM,Completed,True
SIG1526,AST0708,SEC033,Interlocking,Axle Counter Calibration,Cable fault,1,CRITICAL,2025-09-22,2025-09-22,2025-09-29,3.8,2,HIGH,Cancelled,False
SIG1527,AST0711,SEC036,Level Crossing Equipment,Level Crossing Maintenance,Bell failure,4,LOW,2025-07-18,2025-07-20,2025-09-10,9.1,14,LOW,Pending,False
SIG1528,AST0886,SEC061,Communication Equipment,Level Crossing Maintenance,Gate motor issue,2,HIGH,2025-03-11,2025-03-13,2025-03-20,7.7,12,HIGH,Pending,False
SIG1529,AST0983,SEC008,Level Crossing Equipment,Signal Inspection,Lamp failure,3,MEDIUM,2025-06-18,2025-06-20,2025-07-16,1.5,9,MEDIUM,Completed,True
SIG1530,AST0786,SEC036,Track Circuit,Interlocking Test,Overlap fault,5,LOW,2025-10-11,2025-10-14,2025-12-17,4.6,4,LOW,Pending,True
SIG1531,AST0905,SEC005,Point Machine,Interlocking Test,Route locking fault,3,MEDIUM,2025-03-20,2025-03-20,2025-04-05,4.2,4,MEDIUM,Scheduled,True
SIG1532,AST0953,SEC053,Point Machine,Signal Inspection,Lamp failure,4,LOW,2025-07-11,2025-07-12,2025-08-14,6.3,11,LOW,Pending,True
SIG1533,AST0995,SEC020,Axle Counter,Relay Replacement,Contact oxidation,5,LOW,2025-09-20,2025-09-22,2025-11-17,2.0,11,LOW,In Progress,True
SIG1534,AST0948,SEC048,Interlocking,Relay Replacement,Contact oxidation,3,MEDIUM,2025-11-12,2025-11-13,2025-12-05,9.5,10,MEDIUM,In Progress,False
SIG1535,AST0887,SEC062,Level Crossing Equipment,Communication Equipment Repair,Radio fault,1,CRITICAL,2025-06-12,2025-06-14,2025-06-18,7.6,5,HIGH,Completed,False
SIG1536,AST0778,SEC028,Track Circuit,Communication Equipment Repair,OFC splice loss,2,HIGH,2025-02-05,2025-02-08,2025-02-15,2.3,8,HIGH,Completed,True
SIG1537,AST0841,SEC016,Point Machine,Communication Equipment Repair,OFC splice loss,2,HIGH,2025-07-13,2025-07-16,2025-07-25,6.8,8,HIGH,Scheduled,True
SIG1538,AST0767,SEC017,Level Crossing Equipment,Axle Counter Calibration,Reset failure,3,MEDIUM,2025-08-02,2025-08-05,2025-08-24,8.8,12,MEDIUM,Cancelled,True
SIG1539,AST0927,SEC027,Level Crossing Equipment,Interlocking Test,Route locking fault,2,HIGH,2025-06-02,2025-06-03,2025-06-14,7.1,3,HIGH,Pending,True
SIG1540,AST0905,SEC005,Point Machine,Axle Counter Calibration,Count error,3,MEDIUM,2025-05-04,2025-05-06,2025-05-22,4.2,3,MEDIUM,Completed,True
SIG1541,AST0879,SEC054,Level Crossing Equipment,Track Circuit Maintenance,Receiver fault,3,MEDIUM,2025-08-09,2025-08-11,2025-09-02,9.8,5,MEDIUM,Pending,True
SIG1542,AST0942,SEC042,Communication Equipment,Axle Counter Calibration,Sensor misalignment,4,LOW,2025-06-01,2025-06-03,2025-07-18,9.5,3,LOW,Scheduled,False
SIG1543,AST0922,SEC022,Track Circuit,Track Circuit Maintenance,Insulation failure,3,MEDIUM,2025-07-30,2025-08-01,2025-08-24,10.8,9,MEDIUM,Scheduled,True
SIG1544,AST0949,SEC049,Relay,Axle Counter Calibration,Cable fault,3,MEDIUM,2025-03-08,2025-03-10,2025-03-31,10.4,14,MEDIUM,Completed,False
SIG1545,AST0939,SEC039,Axle Counter,Point Machine Servicing,Detection rod issue,4,LOW,2025-01-29,2025-02-01,2025-03-03,11.0,8,LOW,Pending,True
SIG1546,AST0871,SEC046,Level Crossing Equipment,Track Circuit Maintenance,Feed-end issue,3,MEDIUM,2025-10-26,2025-10-28,2025-11-23,7.7,4,MEDIUM,Scheduled,False
SIG1547,AST0923,SEC023,Axle Counter,Communication Equipment Repair,OFC splice loss,2,HIGH,2025-07-28,2025-07-31,2025-08-08,11.0,9,HIGH,Scheduled,True
SIG1548,AST0885,SEC060,Relay,Signal Inspection,Signal post tilt,2,HIGH,2025-12-10,2025-12-11,2025-12-26,8.3,8,HIGH,Pending,False
SIG1549,AST0984,SEC009,Signal,Point Machine Servicing,Clutch slip,5,LOW,2025-01-08,2025-01-11,2025-03-17,7.5,8,LOW,Completed,False
SIG1550,AST0726,SEC051,Communication Equipment,Level Crossing Maintenance,Bell failure,5,LOW,2025-03-11,2025-03-11,2025-05-30,11.7,12,LOW,Pending,False
SIG1551,AST0943,SEC043,Level Crossing Equipment,Level Crossing Maintenance,Gate motor issue,4,LOW,2025-07-08,2025-07-08,2025-09-03,7.8,13,LOW,Scheduled,True
SIG1552,AST0914,SEC014,Track Circuit,Interlocking Test,Route locking fault,3,MEDIUM,2025-10-29,2025-10-29,2025-11-21,3.1,8,MEDIUM,In Progress,True
SIG1553,AST0944,SEC044,Signal,Interlocking Test,Signal interlocking mismatch,3,MEDIUM,2025-01-24,2025-01-25,2025-02-20,7.0,14,MEDIUM,Completed,True
SIG1554,AST0715,SEC040,Axle Counter,Signal Inspection,Signal post tilt,5,LOW,2025-06-12,2025-06-15,2025-08-15,10.7,15,LOW,Scheduled,True
SIG1555,AST0888,SEC063,Signal,Relay Replacement,Mechanical wear,1,CRITICAL,2025-04-12,2025-04-15,2025-04-20,4.4,8,HIGH,Pending,False
SIG1556,AST0942,SEC042,Communication Equipment,Relay Replacement,Mechanical wear,5,LOW,2025-01-01,2025-01-02,2025-03-10,2.4,5,LOW,Cancelled,True
SIG1557,AST0836,SEC011,Interlocking,Interlocking Test,Route locking fault,4,LOW,2025-12-12,2025-12-12,2026-02-02,1.3,8,LOW,Completed,True
SIG1558,AST0832,SEC007,Signal,Communication Equipment Repair,Control phone failure,2,HIGH,2025-01-31,2025-01-31,2025-02-10,3.1,2,HIGH,Completed,True
SIG1559,AST0963,SEC063,Axle Counter,Track Circuit Maintenance,Insulation failure,2,HIGH,2025-11-16,2025-11-18,2025-11-28,3.0,4,HIGH,In Progress,False
SIG1560,AST0875,SEC050,Axle Counter,Level Crossing Maintenance,Bell failure,1,CRITICAL,2025-03-20,2025-03-23,2025-03-26,11.3,5,HIGH,Pending,True
SIG1561,AST0832,SEC007,Signal,Point Machine Servicing,Clutch slip,4,LOW,2025-07-19,2025-07-22,2025-09-02,7.5,15,LOW,Pending,True
SIG1562,AST0786,SEC036,Track Circuit,Interlocking Test,Route locking fault,4,LOW,2025-11-26,2025-11-29,2026-01-24,2.7,9,LOW,In Progress,True
SIG1563,AST0837,SEC012,Relay,Track Circuit Maintenance,Bonding defect,4,LOW,2025-01-30,2025-02-01,2025-03-28,8.0,5,LOW,Completed,False
SIG1564,AST0940,SEC040,Interlocking,Track Circuit Maintenance,Bonding defect,2,HIGH,2025-08-14,2025-08-17,2025-08-28,1.9,2,HIGH,Completed,True
SIG1565,AST0883,SEC058,Axle Counter,Level Crossing Maintenance,Boom barrier fault,3,MEDIUM,2025-01-07,2025-01-08,2025-01-30,2.1,7,MEDIUM,Completed,True
SIG1566,AST0733,SEC058,Relay,Interlocking Test,Logic error,2,HIGH,2025-07-13,2025-07-15,2025-07-29,9.8,9,HIGH,Pending,False
SIG1567,AST0720,SEC045,Signal,Interlocking Test,Route locking fault,4,LOW,2025-06-08,2025-06-10,2025-07-21,11.2,14,LOW,Completed,True
SIG1568,AST0735,SEC060,Level Crossing Equipment,Point Machine Servicing,Lock bar defect,4,LOW,2025-04-05,2025-04-06,2025-05-27,2.4,4,LOW,Completed,True
SIG1569,AST0884,SEC059,Interlocking,Signal Inspection,Lens damage,3,MEDIUM,2025-11-06,2025-11-09,2025-12-04,8.1,14,MEDIUM,Pending,True
SIG1570,AST0719,SEC044,Level Crossing Equipment,Axle Counter Calibration,Sensor misalignment,4,LOW,2025-01-07,2025-01-08,2025-02-03,2.6,13,LOW,Completed,True
SIG1571,AST0755,SEC005,Axle Counter,Communication Equipment Repair,Fiber break,3,MEDIUM,2025-02-04,2025-02-06,2025-03-03,9.8,5,MEDIUM,Completed,False
SIG1572,AST0807,SEC057,Level Crossing Equipment,Point Machine Servicing,Clutch slip,5,LOW,2025-09-29,2025-10-02,2025-12-17,3.4,7,LOW,Pending,False
SIG1573,AST0721,SEC046,Point Machine,Point Machine Servicing,Motor fault,2,HIGH,2025-12-05,2025-12-07,2025-12-22,3.2,10,HIGH,Pending,True
SIG1574,AST0911,SEC011,Level Crossing Equipment,Axle Counter Calibration,Cable fault,2,HIGH,2025-08-25,2025-08-27,2025-09-06,4.0,13,HIGH,Completed,False
SIG1575,AST0975,SEC075,Level Crossing Equipment,Communication Equipment Repair,Radio fault,2,HIGH,2025-03-15,2025-03-18,2025-04-01,1.2,8,HIGH,Cancelled,False
SIG1576,AST0957,SEC057,Relay,Interlocking Test,Route locking fault,2,HIGH,2025-03-22,2025-03-22,2025-04-04,7.8,5,HIGH,Pending,False
SIG1577,AST0816,SEC066,Signal,Interlocking Test,Signal interlocking mismatch,2,HIGH,2025-08-27,2025-08-30,2025-09-11,5.7,13,HIGH,Pending,True
SIG1578,AST0764,SEC014,Interlocking,Relay Replacement,Timing drift,4,LOW,2025-10-20,2025-10-21,2025-12-03,5.1,5,LOW,Scheduled,True
SIG1579,AST0983,SEC008,Level Crossing Equipment,Signal Inspection,Signal post tilt,3,MEDIUM,2025-02-01,2025-02-02,2025-02-16,9.6,2,MEDIUM,Cancelled,True
SIG1580,AST0807,SEC057,Level Crossing Equipment,Point Machine Servicing,Motor fault,3,MEDIUM,2025-04-06,2025-04-07,2025-05-01,9.6,15,MEDIUM,Completed,False
SIG1581,AST0997,SEC022,Relay,Communication Equipment Repair,OFC splice loss,2,HIGH,2025-12-15,2025-12-16,2025-12-30,8.3,6,HIGH,Completed,False
SIG1582,AST0786,SEC036,Track Circuit,Axle Counter Calibration,Cable fault,5,LOW,2025-12-15,2025-12-16,2026-03-16,10.7,9,LOW,Scheduled,True
SIG1583,AST0735,SEC060,Level Crossing Equipment,Interlocking Test,Logic error,4,LOW,2025-01-02,2025-01-04,2025-02-21,3.1,11,LOW,Scheduled,False
SIG1584,AST0799,SEC049,Level Crossing Equipment,Interlocking Test,Logic error,3,MEDIUM,2025-01-22,2025-01-25,2025-02-14,8.5,12,MEDIUM,Pending,True
SIG1585,AST0817,SEC067,Point Machine,Relay Replacement,Coil failure,3,MEDIUM,2025-01-13,2025-01-13,2025-02-07,9.7,3,MEDIUM,Completed,True
SIG1586,AST0892,SEC067,Interlocking,Axle Counter Calibration,Count error,4,LOW,2025-10-25,2025-10-26,2025-12-18,2.8,15,LOW,Pending,True
SIG1587,AST0708,SEC033,Interlocking,Point Machine Servicing,Lock bar defect,5,LOW,2025-11-03,2025-11-05,2025-12-28,3.1,7,LOW,Completed,True
SIG1588,AST0843,SEC018,Axle Counter,Relay Replacement,Timing drift,2,HIGH,2025-08-09,2025-08-12,2025-08-26,4.5,5,HIGH,Pending,False
SIG1589,AST0711,SEC036,Level Crossing Equipment,Level Crossing Maintenance,Bell failure,1,CRITICAL,2025-03-02,2025-03-04,2025-03-08,2.1,10,HIGH,Cancelled,True
SIG1590,AST0806,SEC056,Communication Equipment,Communication Equipment Repair,Fiber break,3,MEDIUM,2025-07-31,2025-08-01,2025-08-25,5.3,8,MEDIUM,Scheduled,False
SIG1591,AST0913,SEC013,Point Machine,Track Circuit Maintenance,Receiver fault,2,HIGH,2025-01-02,2025-01-03,2025-01-17,5.0,8,HIGH,In Progress,True
SIG1592,AST0751,SEC001,Level Crossing Equipment,Level Crossing Maintenance,Bell failure,5,LOW,2025-04-29,2025-05-01,2025-06-22,11.7,4,LOW,Completed,False
SIG1593,AST0882,SEC057,Track Circuit,Communication Equipment Repair,Fiber break,3,MEDIUM,2025-08-30,2025-09-02,2025-09-24,8.0,15,MEDIUM,Completed,False
SIG1594,AST0909,SEC009,Relay,Interlocking Test,Overlap fault,5,LOW,2025-09-03,2025-09-05,2025-10-17,11.7,6,LOW,In Progress,False
SIG1595,AST0721,SEC046,Point Machine,Point Machine Servicing,Motor fault,4,LOW,2025-12-18,2025-12-21,2026-01-22,1.0,13,LOW,Scheduled,True
SIG1596,AST0845,SEC020,Relay,Level Crossing Maintenance,Boom barrier fault,2,HIGH,2025-10-12,2025-10-12,2025-10-25,6.3,15,HIGH,Pending,False
SIG1597,AST0893,SEC068,Relay,Relay Replacement,Mechanical wear,3,MEDIUM,2025-09-16,2025-09-19,2025-10-11,1.6,7,MEDIUM,In Progress,False
SIG1598,AST0710,SEC035,Communication Equipment,Communication Equipment Repair,Fiber break,3,MEDIUM,2025-11-04,2025-11-05,2025-12-02,9.4,10,MEDIUM,Completed,True
SIG1599,AST0842,SEC017,Track Circuit,Signal Inspection,Lens damage,4,LOW,2025-08-11,2025-08-12,2025-09-08,3.4,4,LOW,Pending,True
SIG1600,AST0987,SEC012,Axle Counter,Track Circuit Maintenance,Bonding defect,3,MEDIUM,2025-03-15,2025-03-18,2025-04-14,11.6,2,MEDIUM,Completed,True
SIG1601,AST0725,SEC050,Relay,Track Circuit Maintenance,Receiver fault,4,LOW,2025-11-14,2025-11-15,2026-01-11,11.9,13,LOW,Scheduled,False
SIG1602,AST0908,SEC008,Interlocking,Communication Equipment Repair,OFC splice loss,5,LOW,2025-04-19,2025-04-21,2025-06-11,6.2,10,LOW,Pending,True
SIG1603,AST0786,SEC036,Track Circuit,Level Crossing Maintenance,Boom barrier fault,3,MEDIUM,2025-05-30,2025-06-01,2025-06-16,7.0,12,MEDIUM,Scheduled,True
SIG1604,AST0930,SEC030,Track Circuit,Signal Inspection,Lamp failure,4,LOW,2025-12-20,2025-12-20,2026-01-14,1.2,15,LOW,Completed,True
SIG1605,AST0986,SEC011,Track Circuit,Signal Inspection,Aspect error,4,LOW,2025-03-20,2025-03-21,2025-04-17,8.5,4,LOW,Pending,True
SIG1606,AST0858,SEC033,Track Circuit,Axle Counter Calibration,Reset failure,4,LOW,2025-03-11,2025-03-12,2025-04-27,9.2,4,LOW,Scheduled,False
SIG1607,AST0876,SEC051,Interlocking,Communication Equipment Repair,OFC splice loss,4,LOW,2025-08-31,2025-08-31,2025-10-25,4.6,13,LOW,Completed,True
SIG1608,AST0947,SEC047,Axle Counter,Point Machine Servicing,Clutch slip,1,CRITICAL,2025-02-20,2025-02-22,2025-02-28,6.8,13,HIGH,Pending,True
SIG1609,AST0911,SEC011,Level Crossing Equipment,Relay Replacement,Contact oxidation,3,MEDIUM,2025-11-30,2025-12-01,2025-12-23,10.3,12,MEDIUM,In Progress,False
SIG1610,AST0816,SEC066,Signal,Relay Replacement,Contact oxidation,3,MEDIUM,2025-02-09,2025-02-12,2025-03-10,11.3,8,MEDIUM,Scheduled,True
SIG1611,AST0994,SEC019,Track Circuit,Signal Inspection,Aspect error,1,CRITICAL,2025-06-05,2025-06-08,2025-06-13,6.1,4,HIGH,Completed,False
SIG1612,AST0933,SEC033,Relay,Point Machine Servicing,Lock bar defect,3,MEDIUM,2025-10-24,2025-10-26,2025-11-13,6.5,15,MEDIUM,Pending,True
SIG1613,AST0742,SEC067,Communication Equipment,Axle Counter Calibration,Sensor misalignment,4,LOW,2025-11-25,2025-11-25,2026-01-07,3.8,8,LOW,Scheduled,True
SIG1614,AST0884,SEC059,Interlocking,Communication Equipment Repair,Control phone failure,2,HIGH,2025-09-29,2025-10-01,2025-10-10,8.8,14,HIGH,Completed,True
SIG1615,AST0878,SEC053,Communication Equipment,Point Machine Servicing,Clutch slip,2,HIGH,2025-05-28,2025-05-28,2025-06-09,2.4,8,HIGH,Pending,False
SIG1616,AST0915,SEC015,Axle Counter,Level Crossing Maintenance,Lighting defect,1,CRITICAL,2025-03-18,2025-03-20,2025-03-26,9.2,4,HIGH,Completed,False
SIG1617,AST0743,SEC068,Level Crossing Equipment,Signal Inspection,Lens damage,1,CRITICAL,2025-08-23,2025-08-23,2025-08-27,7.7,12,HIGH,Scheduled,True
SIG1618,AST0745,SEC070,Point Machine,Interlocking Test,Route locking fault,4,LOW,2025-03-14,2025-03-14,2025-05-10,11.6,2,LOW,Pending,True
SIG1619,AST0940,SEC040,Interlocking,Relay Replacement,Coil failure,2,HIGH,2025-11-29,2025-11-30,2025-12-11,1.4,15,HIGH,In Progress,True
SIG1620,AST0859,SEC034,Axle Counter,Axle Counter Calibration,Sensor misalignment,3,MEDIUM,2025-08-19,2025-08-19,2025-09-10,3.5,2,MEDIUM,Completed,False
SIG1621,AST0889,SEC064,Point Machine,Signal Inspection,Signal post tilt,4,LOW,2025-08-30,2025-08-30,2025-10-21,11.1,10,LOW,Cancelled,True
SIG1622,AST0738,SEC063,Track Circuit,Signal Inspection,Lens damage,4,LOW,2025-06-02,2025-06-05,2025-07-01,1.9,2,LOW,Scheduled,False
SIG1623,AST0813,SEC063,Relay,Communication Equipment Repair,Radio fault,2,HIGH,2025-09-12,2025-09-15,2025-09-28,9.9,5,HIGH,Scheduled,True
SIG1624,AST0828,SEC003,Interlocking,Point Machine Servicing,Motor fault,2,HIGH,2025-12-18,2025-12-21,2025-12-31,9.0,8,HIGH,Completed,True
SIG1625,AST0755,SEC005,Axle Counter,Axle Counter Calibration,Cable fault,5,LOW,2025-09-29,2025-10-02,2025-12-28,2.8,5,LOW,Pending,False
SIG1626,AST0730,SEC055,Track Circuit,Relay Replacement,Contact oxidation,3,MEDIUM,2025-05-24,2025-05-25,2025-06-14,9.0,3,MEDIUM,Completed,True
SIG1627,AST0777,SEC027,Point Machine,Relay Replacement,Coil failure,4,LOW,2025-10-30,2025-10-31,2025-12-28,9.3,15,LOW,Completed,True
SIG1628,AST0855,SEC030,Level Crossing Equipment,Signal Inspection,Signal post tilt,4,LOW,2025-05-04,2025-05-04,2025-06-27,2.0,11,LOW,Pending,False
SIG1629,AST0995,SEC020,Axle Counter,Axle Counter Calibration,Cable fault,4,LOW,2025-08-21,2025-08-24,2025-10-04,5.7,13,LOW,Completed,False
SIG1630,AST0992,SEC017,Signal,Track Circuit Maintenance,Insulation failure,4,LOW,2025-09-18,2025-09-20,2025-10-29,1.4,2,LOW,Pending,True
SIG1631,AST0958,SEC058,Communication Equipment,Interlocking Test,Route locking fault,3,MEDIUM,2025-02-24,2025-02-26,2025-03-13,5.5,13,MEDIUM,Scheduled,False
SIG1632,AST0985,SEC010,Point Machine,Point Machine Servicing,Detection rod issue,4,LOW,2025-11-28,2025-12-01,2026-01-22,2.2,8,LOW,Pending,True
SIG1633,AST0869,SEC044,Relay,Interlocking Test,Signal interlocking mismatch,3,MEDIUM,2025-05-14,2025-05-16,2025-06-14,6.7,13,MEDIUM,Scheduled,False
SIG1634,AST0812,SEC062,Interlocking,Communication Equipment Repair,OFC splice loss,4,LOW,2025-06-05,2025-06-05,2025-07-20,2.8,11,LOW,Completed,True
SIG1635,AST0776,SEC026,Signal,Relay Replacement,Timing drift,3,MEDIUM,2025-01-21,2025-01-22,2025-02-07,9.1,5,MEDIUM,In Progress,True
SIG1636,AST0910,SEC010,Communication Equipment,Level Crossing Maintenance,Bell failure,4,LOW,2025-01-11,2025-01-12,2025-03-07,3.1,9,LOW,In Progress,False
SIG1637,AST0806,SEC056,Communication Equipment,Axle Counter Calibration,Reset failure,2,HIGH,2025-11-17,2025-11-19,2025-11-29,2.0,6,HIGH,Pending,True
SIG1638,AST0991,SEC016,Level Crossing Equipment,Communication Equipment Repair,Control phone failure,2,HIGH,2025-11-04,2025-11-05,2025-11-17,3.0,15,HIGH,Completed,False
SIG1639,AST0917,SEC017,Relay,Point Machine Servicing,Detection rod issue,2,HIGH,2025-01-09,2025-01-09,2025-01-18,6.3,7,HIGH,Pending,False
SIG1640,AST0943,SEC043,Level Crossing Equipment,Axle Counter Calibration,Count error,3,MEDIUM,2025-12-09,2025-12-12,2026-01-03,3.9,12,MEDIUM,Pending,False
SIG1641,AST0781,SEC031,Relay,Level Crossing Maintenance,Boom barrier fault,3,MEDIUM,2025-01-16,2025-01-19,2025-02-03,3.5,6,MEDIUM,Cancelled,True
SIG1642,AST0857,SEC032,Point Machine,Interlocking Test,Overlap fault,2,HIGH,2025-06-07,2025-06-08,2025-06-22,10.9,13,HIGH,In Progress,True
SIG1643,AST0794,SEC044,Track Circuit,Track Circuit Maintenance,Receiver fault,3,MEDIUM,2025-04-07,2025-04-08,2025-04-27,11.3,14,MEDIUM,Completed,True
SIG1644,AST0765,SEC015,Relay,Axle Counter Calibration,Count error,3,MEDIUM,2025-02-13,2025-02-16,2025-03-16,11.5,8,MEDIUM,In Progress,False
SIG1645,AST0872,SEC047,Signal,Communication Equipment Repair,OFC splice loss,3,MEDIUM,2025-09-18,2025-09-19,2025-10-03,8.2,8,MEDIUM,Cancelled,True
SIG1646,AST0841,SEC016,Point Machine,Track Circuit Maintenance,Feed-end issue,2,HIGH,2025-08-15,2025-08-17,2025-08-25,6.2,10,HIGH,In Progress,True
SIG1647,AST0717,SEC042,Relay,Interlocking Test,Route locking fault,3,MEDIUM,2025-10-03,2025-10-05,2025-10-22,6.6,6,MEDIUM,Pending,True
SIG1648,AST0965,SEC065,Relay,Point Machine Servicing,Detection rod issue,1,CRITICAL,2025-05-20,2025-05-23,2025-05-28,8.8,5,HIGH,Completed,False
SIG1649,AST0927,SEC027,Level Crossing Equipment,Point Machine Servicing,Detection rod issue,2,HIGH,2025-02-01,2025-02-01,2025-02-14,6.1,7,HIGH,Scheduled,True
SIG1650,AST0795,SEC045,Axle Counter,Relay Replacement,Timing drift,5,LOW,2025-10-23,2025-10-25,2026-01-15,8.2,6,LOW,Pending,False
SIG1651,AST0773,SEC023,Relay,Relay Replacement,Mechanical wear,2,HIGH,2025-08-06,2025-08-08,2025-08-20,3.0,6,HIGH,Completed,True
SIG1652,AST0945,SEC045,Point Machine,Communication Equipment Repair,Control phone failure,3,MEDIUM,2025-08-19,2025-08-20,2025-09-08,8.8,12,MEDIUM,Completed,True
SIG1653,AST0705,SEC030,Point Machine,Communication Equipment Repair,Radio fault,2,HIGH,2025-08-20,2025-08-21,2025-09-05,11.6,2,HIGH,Cancelled,True
SIG1654,AST0845,SEC020,Relay,Level Crossing Maintenance,Gate motor issue,3,MEDIUM,2025-11-03,2025-11-04,2025-11-28,7.7,11,MEDIUM,Cancelled,True
SIG1655,AST0745,SEC070,Point Machine,Track Circuit Maintenance,Feed-end issue,4,LOW,2025-03-07,2025-03-09,2025-05-06,8.1,14,LOW,Completed,True
SIG1656,AST0979,SEC004,Axle Counter,Point Machine Servicing,Motor fault,3,MEDIUM,2025-03-14,2025-03-14,2025-03-29,9.2,10,MEDIUM,Completed,True
SIG1657,AST0733,SEC058,Relay,Axle Counter Calibration,Count error,2,HIGH,2025-08-22,2025-08-23,2025-09-06,7.9,3,HIGH,Pending,False
SIG1658,AST0710,SEC035,Communication Equipment,Communication Equipment Repair,Radio fault,1,CRITICAL,2025-09-02,2025-09-02,2025-09-08,7.4,15,HIGH,Completed,False
SIG1659,AST0750,SEC075,Communication Equipment,Track Circuit Maintenance,Bonding defect,3,MEDIUM,2025-10-03,2025-10-04,2025-10-19,2.0,2,MEDIUM,Completed,True
SIG1660,AST0930,SEC030,Track Circuit,Point Machine Servicing,Clutch slip,4,LOW,2025-05-07,2025-05-09,2025-06-11,3.7,15,LOW,Completed,False
SIG1661,AST0977,SEC002,Point Machine,Relay Replacement,Timing drift,3,MEDIUM,2025-05-04,2025-05-04,2025-05-23,8.1,4,MEDIUM,Pending,True
SIG1662,AST0823,SEC073,Level Crossing Equipment,Communication Equipment Repair,OFC splice loss,4,LOW,2025-01-29,2025-01-30,2025-03-27,10.9,9,LOW,Pending,True
SIG1663,AST0902,SEC002,Communication Equipment,Track Circuit Maintenance,Insulation failure,3,MEDIUM,2025-07-27,2025-07-27,2025-08-13,10.4,3,MEDIUM,Pending,False
SIG1664,AST0880,SEC055,Signal,Communication Equipment Repair,OFC splice loss,4,LOW,2025-08-25,2025-08-26,2025-10-07,10.5,10,LOW,Scheduled,True
SIG1665,AST0718,SEC043,Communication Equipment,Track Circuit Maintenance,Bonding defect,3,MEDIUM,2025-11-06,2025-11-06,2025-11-21,3.7,6,MEDIUM,Pending,False
SIG1666,AST0954,SEC054,Track Circuit,Track Circuit Maintenance,Insulation failure,2,HIGH,2025-06-13,2025-06-14,2025-06-28,8.1,6,HIGH,Cancelled,True
SIG1667,AST0868,SEC043,Interlocking,Signal Inspection,Lamp failure,3,MEDIUM,2025-08-21,2025-08-22,2025-09-19,9.7,13,MEDIUM,Completed,True
SIG1668,AST0760,SEC010,Signal,Track Circuit Maintenance,Insulation failure,2,HIGH,2025-02-19,2025-02-21,2025-03-08,5.5,6,HIGH,Pending,False
SIG1669,AST0739,SEC064,Axle Counter,Track Circuit Maintenance,Receiver fault,2,HIGH,2025-10-05,2025-10-06,2025-10-20,12.0,15,HIGH,Completed,False
SIG1670,AST0850,SEC025,Track Circuit,Communication Equipment Repair,Radio fault,3,MEDIUM,2025-12-09,2025-12-12,2026-01-09,3.4,6,MEDIUM,In Progress,True
SIG1671,AST0940,SEC040,Interlocking,Signal Inspection,Lamp failure,5,LOW,2025-08-29,2025-09-01,2025-11-06,1.3,4,LOW,Cancelled,True
SIG1672,AST0924,SEC024,Interlocking,Communication Equipment Repair,OFC splice loss,2,HIGH,2025-06-16,2025-06-17,2025-07-01,1.4,11,HIGH,In Progress,True
SIG1673,AST0872,SEC047,Signal,Interlocking Test,Overlap fault,5,LOW,2025-10-23,2025-10-23,2025-12-31,6.9,8,LOW,Cancelled,True
SIG1674,AST0806,SEC056,Communication Equipment,Signal Inspection,Lens damage,2,HIGH,2025-08-17,2025-08-17,2025-08-24,7.5,10,HIGH,Scheduled,True
SIG1675,AST0842,SEC017,Track Circuit,Relay Replacement,Mechanical wear,1,CRITICAL,2025-10-19,2025-10-22,2025-10-26,5.7,4,HIGH,Completed,True
SIG1676,AST0880,SEC055,Signal,Interlocking Test,Overlap fault,3,MEDIUM,2025-08-06,2025-08-06,2025-08-22,4.6,9,MEDIUM,Pending,True
SIG1677,AST0855,SEC030,Level Crossing Equipment,Relay Replacement,Coil failure,3,MEDIUM,2025-04-09,2025-04-12,2025-05-07,5.7,14,MEDIUM,Pending,False
SIG1678,AST0905,SEC005,Point Machine,Level Crossing Maintenance,Gate motor issue,1,CRITICAL,2025-05-03,2025-05-04,2025-05-11,4.4,13,HIGH,Pending,True
SIG1679,AST0798,SEC048,Communication Equipment,Axle Counter Calibration,Count error,2,HIGH,2025-02-01,2025-02-01,2025-02-11,6.4,15,HIGH,Completed,False
SIG1680,AST0865,SEC040,Point Machine,Track Circuit Maintenance,Insulation failure,3,MEDIUM,2025-04-15,2025-04-18,2025-05-08,4.7,13,MEDIUM,Completed,True
SIG1681,AST0742,SEC067,Communication Equipment,Axle Counter Calibration,Cable fault,3,MEDIUM,2025-05-23,2025-05-23,2025-06-20,2.8,14,MEDIUM,Scheduled,True
SIG1682,AST0923,SEC023,Axle Counter,Level Crossing Maintenance,Boom barrier fault,3,MEDIUM,2025-07-09,2025-07-10,2025-08-04,9.6,11,MEDIUM,Completed,True
SIG1683,AST0724,SEC049,Interlocking,Track Circuit Maintenance,Bonding defect,1,CRITICAL,2025-10-25,2025-10-26,2025-10-29,3.8,9,HIGH,Completed,True
SIG1684,AST0817,SEC067,Point Machine,Level Crossing Maintenance,Bell failure,3,MEDIUM,2025-05-19,2025-05-19,2025-06-16,2.3,10,MEDIUM,Pending,False
SIG1685,AST0792,SEC042,Signal,Interlocking Test,Overlap fault,4,LOW,2025-08-28,2025-08-30,2025-10-17,1.6,15,LOW,Completed,True
SIG1686,AST0984,SEC009,Signal,Axle Counter Calibration,Count error,2,HIGH,2025-12-15,2025-12-16,2025-12-31,8.2,15,HIGH,Completed,True
SIG1687,AST0977,SEC002,Point Machine,Axle Counter Calibration,Sensor misalignment,3,MEDIUM,2025-08-02,2025-08-02,2025-08-31,7.3,7,MEDIUM,Cancelled,True
SIG1688,AST0724,SEC049,Interlocking,Axle Counter Calibration,Cable fault,4,LOW,2025-07-01,2025-07-03,2025-08-19,5.0,10,LOW,Scheduled,True
SIG1689,AST0795,SEC045,Axle Counter,Track Circuit Maintenance,Receiver fault,4,LOW,2025-08-14,2025-08-16,2025-10-04,9.2,14,LOW,Completed,True
SIG1690,AST0793,SEC043,Point Machine,Axle Counter Calibration,Count error,3,MEDIUM,2025-04-01,2025-04-02,2025-04-27,10.6,9,MEDIUM,Scheduled,True
SIG1691,AST0994,SEC019,Track Circuit,Signal Inspection,Lens damage,2,HIGH,2025-12-13,2025-12-13,2025-12-25,1.9,3,HIGH,Completed,True
SIG1692,AST0909,SEC009,Relay,Interlocking Test,Overlap fault,5,LOW,2025-12-07,2025-12-07,2026-01-26,2.4,2,LOW,Scheduled,False
SIG1693,AST0899,SEC074,Axle Counter,Axle Counter Calibration,Reset failure,5,LOW,2025-05-16,2025-05-17,2025-07-16,1.7,7,LOW,Completed,False
SIG1694,AST0977,SEC002,Point Machine,Communication Equipment Repair,Control phone failure,3,MEDIUM,2025-03-15,2025-03-18,2025-04-08,11.1,11,MEDIUM,Pending,False
SIG1695,AST0852,SEC027,Interlocking,Point Machine Servicing,Lock bar defect,3,MEDIUM,2025-08-08,2025-08-11,2025-09-01,9.2,11,MEDIUM,In Progress,True
SIG1696,AST0939,SEC039,Axle Counter,Signal Inspection,Lens damage,5,LOW,2025-04-15,2025-04-18,2025-06-29,3.0,14,LOW,Cancelled,False
SIG1697,AST0919,SEC019,Level Crossing Equipment,Axle Counter Calibration,Cable fault,3,MEDIUM,2025-01-14,2025-01-16,2025-02-13,4.5,14,MEDIUM,Completed,True
SIG1698,AST0992,SEC017,Signal,Point Machine Servicing,Detection rod issue,3,MEDIUM,2025-12-18,2025-12-19,2026-01-12,7.2,8,MEDIUM,Pending,False
SIG1699,AST0759,SEC009,Level Crossing Equipment,Signal Inspection,Lens damage,4,LOW,2025-04-21,2025-04-21,2025-05-25,5.1,10,LOW,Scheduled,False
SIG1700,AST0921,SEC021,Point Machine,Interlocking Test,Overlap fault,3,MEDIUM,2025-08-08,2025-08-08,2025-08-30,8.9,8,MEDIUM,Completed,False
SIG1701,AST0999,SEC024,Level Crossing Equipment,Point Machine Servicing,Lock bar defect,3,MEDIUM,2025-08-28,2025-08-31,2025-09-18,9.7,9,MEDIUM,Scheduled,False
SIG1702,AST0784,SEC034,Signal,Point Machine Servicing,Detection rod issue,2,HIGH,2025-01-11,2025-01-11,2025-01-19,3.3,9,HIGH,Completed,True
SIG1703,AST0902,SEC002,Communication Equipment,Track Circuit Maintenance,Bonding defect,3,MEDIUM,2025-12-20,2025-12-20,2026-01-19,1.3,9,MEDIUM,Scheduled,True
SIG1704,AST1000,SEC025,Signal,Interlocking Test,Signal interlocking mismatch,3,MEDIUM,2025-12-01,2025-12-04,2025-12-21,7.0,12,MEDIUM,Scheduled,True
SIG1705,AST0897,SEC072,Point Machine,Axle Counter Calibration,Cable fault,3,MEDIUM,2025-05-28,2025-05-28,2025-06-22,6.6,3,MEDIUM,Pending,False
SIG1706,AST0729,SEC054,Point Machine,Signal Inspection,Lamp failure,3,MEDIUM,2025-11-14,2025-11-17,2025-12-15,2.9,8,MEDIUM,Completed,False
SIG1707,AST0827,SEC002,Axle Counter,Interlocking Test,Overlap fault,3,MEDIUM,2025-11-15,2025-11-18,2025-12-08,3.6,8,MEDIUM,Cancelled,False
SIG1708,AST0912,SEC012,Signal,Axle Counter Calibration,Sensor misalignment,2,HIGH,2025-05-20,2025-05-20,2025-06-04,8.4,15,HIGH,Cancelled,True
SIG1709,AST0884,SEC059,Interlocking,Axle Counter Calibration,Count error,3,MEDIUM,2025-09-12,2025-09-13,2025-10-02,11.4,11,MEDIUM,Completed,True
SIG1710,AST0906,SEC006,Track Circuit,Signal Inspection,Lens damage,4,LOW,2025-10-17,2025-10-17,2025-12-03,10.9,11,LOW,Completed,True
SIG1711,AST1000,SEC025,Signal,Relay Replacement,Coil failure,2,HIGH,2025-12-17,2025-12-18,2025-12-30,9.7,2,HIGH,Completed,True
SIG1712,AST0716,SEC041,Interlocking,Level Crossing Maintenance,Boom barrier fault,1,CRITICAL,2025-10-07,2025-10-09,2025-10-12,3.2,5,HIGH,Completed,True
SIG1713,AST0907,SEC007,Axle Counter,Interlocking Test,Overlap fault,2,HIGH,2025-01-06,2025-01-08,2025-01-19,8.3,4,HIGH,Pending,False
SIG1714,AST0809,SEC059,Point Machine,Track Circuit Maintenance,Bonding defect,3,MEDIUM,2025-02-24,2025-02-26,2025-03-17,10.4,11,MEDIUM,Scheduled,True
SIG1715,AST0845,SEC020,Relay,Level Crossing Maintenance,Bell failure,2,HIGH,2025-01-11,2025-01-14,2025-01-26,4.6,8,HIGH,Completed,False
SIG1716,AST0977,SEC002,Point Machine,Track Circuit Maintenance,Insulation failure,4,LOW,2025-07-14,2025-07-15,2025-09-05,5.4,14,LOW,Completed,True
SIG1717,AST0957,SEC057,Relay,Interlocking Test,Signal interlocking mismatch,3,MEDIUM,2025-04-13,2025-04-15,2025-05-04,3.2,12,MEDIUM,Scheduled,False
SIG1718,AST0995,SEC020,Axle Counter,Relay Replacement,Contact oxidation,3,MEDIUM,2025-01-16,2025-01-17,2025-02-04,4.5,5,MEDIUM,In Progress,True
SIG1719,AST0789,SEC039,Relay,Relay Replacement,Coil failure,4,LOW,2025-01-12,2025-01-14,2025-02-12,5.4,9,LOW,In Progress,False
SIG1720,AST0988,SEC013,Interlocking,Interlocking Test,Logic error,4,LOW,2025-03-02,2025-03-04,2025-05-01,10.6,11,LOW,Pending,True
SIG1721,AST0956,SEC056,Interlocking,Track Circuit Maintenance,Receiver fault,4,LOW,2025-05-19,2025-05-19,2025-06-28,8.7,4,LOW,Pending,True
SIG1722,AST0787,SEC037,Axle Counter,Track Circuit Maintenance,Feed-end issue,2,HIGH,2025-05-07,2025-05-09,2025-05-20,3.0,8,HIGH,Scheduled,False
SIG1723,AST0974,SEC074,Communication Equipment,Relay Replacement,Coil failure,1,CRITICAL,2025-03-20,2025-03-20,2025-03-24,5.8,10,HIGH,Pending,True
SIG1724,AST0793,SEC043,Point Machine,Communication Equipment Repair,OFC splice loss,3,MEDIUM,2025-04-03,2025-04-06,2025-05-06,6.8,15,MEDIUM,In Progress,False
SIG1725,AST0798,SEC048,Communication Equipment,Track Circuit Maintenance,Bonding defect,2,HIGH,2025-05-11,2025-05-12,2025-05-25,10.9,5,HIGH,Pending,False
SIG1726,AST0705,SEC030,Point Machine,Interlocking Test,Logic error,4,LOW,2025-01-16,2025-01-17,2025-03-12,6.1,3,LOW,Scheduled,True
SIG1727,AST0787,SEC037,Axle Counter,Communication Equipment Repair,Radio fault,4,LOW,2025-10-05,2025-10-06,2025-11-12,4.2,12,LOW,Completed,False
SIG1728,AST0721,SEC046,Point Machine,Communication Equipment Repair,Radio fault,2,HIGH,2025-11-16,2025-11-17,2025-11-30,8.5,12,HIGH,Completed,False
SIG1729,AST0984,SEC009,Signal,Signal Inspection,Signal post tilt,4,LOW,2025-02-27,2025-03-01,2025-04-22,6.2,14,LOW,Completed,True
SIG1730,AST0981,SEC006,Relay,Track Circuit Maintenance,Bonding defect,5,LOW,2025-08-12,2025-08-14,2025-10-15,2.2,11,LOW,Completed,False
SIG1731,AST0701,SEC026,Relay,Axle Counter Calibration,Count error,4,LOW,2025-01-24,2025-01-26,2025-03-04,4.7,13,LOW,Scheduled,False
SIG1732,AST0746,SEC071,Track Circuit,Interlocking Test,Logic error,3,MEDIUM,2025-09-18,2025-09-20,2025-10-12,10.6,10,MEDIUM,Scheduled,False
SIG1733,AST0738,SEC063,Track Circuit,Communication Equipment Repair,Fiber break,1,CRITICAL,2025-06-29,2025-07-02,2025-07-07,5.6,3,HIGH,In Progress,True
SIG1734,AST0764,SEC014,Interlocking,Point Machine Servicing,Detection rod issue,3,MEDIUM,2025-05-16,2025-05-16,2025-06-01,9.8,9,MEDIUM,Completed,False
SIG1735,AST0770,SEC020,Track Circuit,Communication Equipment Repair,Control phone failure,4,LOW,2025-02-01,2025-02-01,2025-03-06,2.5,13,LOW,In Progress,True
SIG1736,AST0976,SEC001,Signal,Relay Replacement,Coil failure,3,MEDIUM,2025-06-14,2025-06-14,2025-07-10,6.6,4,MEDIUM,Completed,True
SIG1737,AST0736,SEC061,Signal,Relay Replacement,Contact oxidation,4,LOW,2025-01-26,2025-01-27,2025-03-06,6.5,12,LOW,In Progress,True
SIG1738,AST0898,SEC073,Track Circuit,Track Circuit Maintenance,Insulation failure,2,HIGH,2025-07-09,2025-07-09,2025-07-17,8.0,8,HIGH,Scheduled,True
SIG1739,AST0726,SEC051,Communication Equipment,Level Crossing Maintenance,Boom barrier fault,4,LOW,2025-01-24,2025-01-24,2025-02-20,1.2,13,LOW,Pending,False
SIG1740,AST0899,SEC074,Axle Counter,Level Crossing Maintenance,Boom barrier fault,2,HIGH,2025-01-10,2025-01-10,2025-01-21,6.5,11,HIGH,Completed,False
SIG1741,AST0868,SEC043,Interlocking,Interlocking Test,Logic error,1,CRITICAL,2025-02-04,2025-02-04,2025-02-07,9.9,14,HIGH,Scheduled,True
SIG1742,AST0805,SEC055,Relay,Signal Inspection,Lamp failure,4,LOW,2025-05-29,2025-06-01,2025-06-30,1.6,4,LOW,Completed,False
SIG1743,AST0745,SEC070,Point Machine,Communication Equipment Repair,Fiber break,3,MEDIUM,2025-07-29,2025-07-30,2025-08-19,8.9,6,MEDIUM,Cancelled,True
SIG1744,AST0897,SEC072,Point Machine,Signal Inspection,Aspect error,4,LOW,2025-12-12,2025-12-14,2026-01-23,11.9,7,LOW,Cancelled,True
SIG1745,AST0825,SEC075,Point Machine,Relay Replacement,Mechanical wear,2,HIGH,2025-01-10,2025-01-11,2025-01-21,6.4,2,HIGH,Pending,True
SIG1746,AST0906,SEC006,Track Circuit,Point Machine Servicing,Motor fault,3,MEDIUM,2025-09-07,2025-09-07,2025-09-30,10.9,11,MEDIUM,Completed,True
SIG1747,AST0848,SEC023,Signal,Point Machine Servicing,Motor fault,4,LOW,2025-09-15,2025-09-15,2025-10-29,8.4,14,LOW,Scheduled,True
SIG1748,AST0934,SEC034,Communication Equipment,Signal Inspection,Lamp failure,3,MEDIUM,2025-08-29,2025-08-31,2025-09-20,6.1,10,MEDIUM,In Progress,False
SIG1749,AST0753,SEC003,Point Machine,Communication Equipment Repair,Fiber break,4,LOW,2025-10-05,2025-10-06,2025-11-30,10.0,5,LOW,Scheduled,True
SIG1750,AST0974,SEC074,Communication Equipment,Track Circuit Maintenance,Insulation failure,3,MEDIUM,2025-01-10,2025-01-13,2025-01-29,5.2,7,MEDIUM,Completed,False
SIG1751,AST0835,SEC010,Axle Counter,Track Circuit Maintenance,Receiver fault,3,MEDIUM,2025-05-09,2025-05-10,2025-05-26,1.5,6,MEDIUM,Pending,False
SIG1752,AST0766,SEC016,Communication Equipment,Relay Replacement,Contact oxidation,3,MEDIUM,2025-01-15,2025-01-15,2025-02-09,2.9,11,MEDIUM,In Progress,False
SIG1753,AST0707,SEC032,Axle Counter,Point Machine Servicing,Lock bar defect,3,MEDIUM,2025-01-23,2025-01-24,2025-02-16,7.6,5,MEDIUM,Pending,False
SIG1754,AST0905,SEC005,Point Machine,Track Circuit Maintenance,Insulation failure,2,HIGH,2025-08-29,2025-08-29,2025-09-06,4.0,11,HIGH,Scheduled,True
SIG1755,AST0864,SEC039,Signal,Level Crossing Maintenance,Boom barrier fault,5,LOW,2025-03-19,2025-03-21,2025-05-14,7.2,9,LOW,Pending,True
SIG1756,AST0837,SEC012,Relay,Relay Replacement,Contact oxidation,3,MEDIUM,2025-03-11,2025-03-12,2025-04-03,3.7,10,MEDIUM,Completed,True
SIG1757,AST0868,SEC043,Interlocking,Level Crossing Maintenance,Gate motor issue,3,MEDIUM,2025-08-18,2025-08-19,2025-09-05,2.9,3,MEDIUM,Pending,True
SIG1758,AST0974,SEC074,Communication Equipment,Level Crossing Maintenance,Lighting defect,3,MEDIUM,2025-05-02,2025-05-03,2025-05-27,6.4,11,MEDIUM,Completed,False
SIG1759,AST0746,SEC071,Track Circuit,Interlocking Test,Route locking fault,2,HIGH,2025-07-12,2025-07-15,2025-07-23,11.9,8,HIGH,Completed,True
SIG1760,AST0834,SEC009,Track Circuit,Relay Replacement,Coil failure,3,MEDIUM,2025-09-26,2025-09-29,2025-10-21,9.0,4,MEDIUM,Scheduled,True
SIG1761,AST0775,SEC025,Level Crossing Equipment,Relay Replacement,Contact oxidation,2,HIGH,2025-02-23,2025-02-25,2025-03-08,5.5,14,HIGH,Completed,False
SIG1762,AST0876,SEC051,Interlocking,Communication Equipment Repair,OFC splice loss,3,MEDIUM,2025-05-09,2025-05-12,2025-05-28,11.1,5,MEDIUM,Scheduled,True
SIG1763,AST0764,SEC014,Interlocking,Interlocking Test,Overlap fault,4,LOW,2025-06-17,2025-06-18,2025-07-25,10.6,2,LOW,Cancelled,True
SIG1764,AST0702,SEC027,Communication Equipment,Relay Replacement,Contact oxidation,5,LOW,2025-01-22,2025-01-22,2025-03-19,3.8,14,LOW,In Progress,True
SIG1765,AST0747,SEC072,Axle Counter,Interlocking Test,Overlap fault,2,HIGH,2025-08-26,2025-08-29,2025-09-11,8.9,7,HIGH,Pending,False
SIG1766,AST0820,SEC070,Interlocking,Communication Equipment Repair,Fiber break,3,MEDIUM,2025-07-25,2025-07-28,2025-08-16,5.9,4,MEDIUM,Pending,True
SIG1767,AST0920,SEC020,Signal,Point Machine Servicing,Clutch slip,5,LOW,2025-04-12,2025-04-12,2025-06-29,1.4,2,LOW,Cancelled,True
SIG1768,AST0863,SEC038,Level Crossing Equipment,Point Machine Servicing,Clutch slip,4,LOW,2025-06-27,2025-06-28,2025-08-16,7.7,15,LOW,Cancelled,False
SIG1769,AST0832,SEC007,Signal,Axle Counter Calibration,Sensor misalignment,5,LOW,2025-02-12,2025-02-12,2025-05-07,6.6,8,LOW,Cancelled,True
SIG1770,AST0811,SEC061,Axle Counter,Track Circuit Maintenance,Feed-end issue,2,HIGH,2025-12-10,2025-12-12,2025-12-25,3.2,9,HIGH,Scheduled,False
SIG1771,AST0885,SEC060,Relay,Level Crossing Maintenance,Bell failure,4,LOW,2025-10-26,2025-10-27,2025-12-14,12.0,12,LOW,Cancelled,False
SIG1772,AST0889,SEC064,Point Machine,Point Machine Servicing,Clutch slip,5,LOW,2025-12-06,2025-12-08,2026-02-25,10.4,2,LOW,In Progress,True
SIG1773,AST0781,SEC031,Relay,Communication Equipment Repair,OFC splice loss,2,HIGH,2025-02-19,2025-02-19,2025-03-04,8.5,8,HIGH,Pending,True
SIG1774,AST0952,SEC052,Signal,Signal Inspection,Signal post tilt,3,MEDIUM,2025-03-30,2025-04-01,2025-04-25,5.3,4,MEDIUM,Pending,True
SIG1775,AST0702,SEC027,Communication Equipment,Relay Replacement,Contact oxidation,3,MEDIUM,2025-04-11,2025-04-13,2025-04-27,11.2,5,MEDIUM,Completed,False
SIG1776,AST0717,SEC042,Relay,Communication Equipment Repair,Control phone failure,1,CRITICAL,2025-03-11,2025-03-13,2025-03-19,2.1,8,HIGH,Completed,False
SIG1777,AST0955,SEC055,Axle Counter,Axle Counter Calibration,Cable fault,3,MEDIUM,2025-07-09,2025-07-11,2025-08-03,9.7,6,MEDIUM,Completed,False
SIG1778,AST0882,SEC057,Track Circuit,Point Machine Servicing,Detection rod issue,1,CRITICAL,2025-02-26,2025-02-26,2025-03-02,3.6,11,HIGH,Scheduled,True
SIG1779,AST0999,SEC024,Level Crossing Equipment,Point Machine Servicing,Detection rod issue,5,LOW,2025-03-25,2025-03-27,2025-05-28,8.0,3,LOW,Pending,False
SIG1780,AST0916,SEC016,Interlocking,Interlocking Test,Overlap fault,4,LOW,2025-03-28,2025-03-28,2025-05-18,9.2,6,LOW,Completed,False
SIG1781,AST0912,SEC012,Signal,Track Circuit Maintenance,Insulation failure,3,MEDIUM,2025-03-10,2025-03-12,2025-03-31,6.4,2,MEDIUM,Pending,True
SIG1782,AST0788,SEC038,Interlocking,Communication Equipment Repair,Control phone failure,1,CRITICAL,2025-05-05,2025-05-06,2025-05-12,6.1,12,HIGH,Scheduled,True
SIG1783,AST0936,SEC036,Signal,Point Machine Servicing,Lock bar defect,3,MEDIUM,2025-04-25,2025-04-28,2025-05-17,6.4,3,MEDIUM,Cancelled,False
SIG1784,AST0964,SEC064,Interlocking,Interlocking Test,Signal interlocking mismatch,3,MEDIUM,2025-02-24,2025-02-27,2025-03-13,1.4,15,MEDIUM,Scheduled,True
SIG1785,AST0799,SEC049,Level Crossing Equipment,Interlocking Test,Route locking fault,1,CRITICAL,2025-02-03,2025-02-04,2025-02-11,8.9,9,HIGH,Pending,True
SIG1786,AST0921,SEC021,Point Machine,Axle Counter Calibration,Cable fault,2,HIGH,2025-02-07,2025-02-09,2025-02-24,4.9,9,HIGH,Pending,True
SIG1787,AST0769,SEC019,Point Machine,Interlocking Test,Logic error,2,HIGH,2025-08-07,2025-08-08,2025-08-19,10.8,4,HIGH,Scheduled,True
SIG1788,AST0911,SEC011,Level Crossing Equipment,Point Machine Servicing,Clutch slip,1,CRITICAL,2025-07-16,2025-07-19,2025-07-26,6.6,8,HIGH,Pending,True
SIG1789,AST0988,SEC013,Interlocking,Point Machine Servicing,Clutch slip,2,HIGH,2025-10-13,2025-10-14,2025-10-26,2.0,13,HIGH,Pending,False
SIG1790,AST0742,SEC067,Communication Equipment,Relay Replacement,Timing drift,1,CRITICAL,2025-01-25,2025-01-27,2025-01-30,8.0,14,HIGH,Scheduled,False
SIG1791,AST0829,SEC004,Relay,Signal Inspection,Aspect error,5,LOW,2025-03-12,2025-03-14,2025-05-11,8.2,4,LOW,In Progress,False
SIG1792,AST0890,SEC065,Track Circuit,Point Machine Servicing,Motor fault,4,LOW,2025-11-01,2025-11-02,2025-12-25,9.3,8,LOW,Pending,True
SIG1793,AST0717,SEC042,Relay,Communication Equipment Repair,Fiber break,2,HIGH,2025-10-30,2025-10-30,2025-11-10,1.2,14,HIGH,Scheduled,False
SIG1794,AST0957,SEC057,Relay,Communication Equipment Repair,Control phone failure,3,MEDIUM,2025-12-05,2025-12-06,2025-12-31,11.0,3,MEDIUM,Cancelled,True
SIG1795,AST0842,SEC017,Track Circuit,Communication Equipment Repair,Radio fault,4,LOW,2025-06-11,2025-06-12,2025-08-08,4.8,10,LOW,Scheduled,True
SIG1796,AST0763,SEC013,Axle Counter,Interlocking Test,Signal interlocking mismatch,3,MEDIUM,2025-02-21,2025-02-21,2025-03-07,2.0,10,MEDIUM,Cancelled,False
SIG1797,AST0816,SEC066,Signal,Level Crossing Maintenance,Lighting defect,3,MEDIUM,2025-11-20,2025-11-21,2025-12-20,10.9,15,MEDIUM,Pending,True
SIG1798,AST0750,SEC075,Communication Equipment,Communication Equipment Repair,OFC splice loss,4,LOW,2025-11-26,2025-11-29,2026-01-08,2.6,8,LOW,Completed,True
SIG1799,AST0848,SEC023,Signal,Interlocking Test,Logic error,2,HIGH,2025-05-25,2025-05-28,2025-06-09,5.5,8,HIGH,Completed,False
SIG1800,AST0800,SEC050,Signal,Axle Counter Calibration,Sensor misalignment,3,MEDIUM,2025-08-29,2025-09-01,2025-09-17,3.5,6,MEDIUM,In Progress,True
SIG1801,AST0847,SEC022,Level Crossing Equipment,Interlocking Test,Overlap fault,3,MEDIUM,2025-04-20,2025-04-20,2025-05-04,2.4,3,MEDIUM,Completed,False
SIG1802,AST0773,SEC023,Relay,Level Crossing Maintenance,Bell failure,2,HIGH,2025-07-06,2025-07-09,2025-07-19,3.6,4,HIGH,Cancelled,True
SIG1803,AST0836,SEC011,Interlocking,Track Circuit Maintenance,Insulation failure,3,MEDIUM,2025-03-01,2025-03-04,2025-03-21,6.0,6,MEDIUM,Scheduled,True
SIG1804,AST0985,SEC010,Point Machine,Track Circuit Maintenance,Feed-end issue,3,MEDIUM,2025-03-22,2025-03-24,2025-04-14,3.4,8,MEDIUM,In Progress,True
SIG1805,AST0899,SEC074,Axle Counter,Level Crossing Maintenance,Boom barrier fault,2,HIGH,2025-09-03,2025-09-03,2025-09-18,4.5,10,HIGH,Completed,False
SIG1806,AST0877,SEC052,Relay,Point Machine Servicing,Motor fault,5,LOW,2025-05-28,2025-05-29,2025-07-27,8.8,7,LOW,Pending,True
SIG1807,AST0743,SEC068,Level Crossing Equipment,Communication Equipment Repair,Radio fault,4,LOW,2025-10-06,2025-10-09,2025-11-06,10.3,15,LOW,In Progress,False
SIG1808,AST0821,SEC071,Relay,Track Circuit Maintenance,Insulation failure,1,CRITICAL,2025-07-05,2025-07-08,2025-07-15,10.0,10,HIGH,Pending,False
SIG1809,AST0702,SEC027,Communication Equipment,Relay Replacement,Timing drift,2,HIGH,2025-08-10,2025-08-11,2025-08-18,5.9,6,HIGH,In Progress,False
SIG1810,AST0954,SEC054,Track Circuit,Level Crossing Maintenance,Boom barrier fault,4,LOW,2025-11-03,2025-11-03,2025-12-11,3.7,5,LOW,Completed,True
SIG1811,AST0766,SEC016,Communication Equipment,Interlocking Test,Route locking fault,3,MEDIUM,2025-03-30,2025-03-30,2025-04-17,6.4,11,MEDIUM,Completed,False
SIG1812,AST0744,SEC069,Signal,Interlocking Test,Logic error,3,MEDIUM,2025-10-19,2025-10-21,2025-11-13,1.3,14,MEDIUM,In Progress,True
SIG1813,AST0711,SEC036,Level Crossing Equipment,Level Crossing Maintenance,Bell failure,3,MEDIUM,2025-02-02,2025-02-05,2025-02-24,8.4,7,MEDIUM,Completed,False
SIG1814,AST0737,SEC062,Point Machine,Communication Equipment Repair,Control phone failure,4,LOW,2025-05-28,2025-05-28,2025-07-26,7.8,5,LOW,Pending,True
SIG1815,AST0968,SEC068,Signal,Interlocking Test,Overlap fault,3,MEDIUM,2025-08-02,2025-08-02,2025-08-23,6.8,12,MEDIUM,Pending,True
SIG1816,AST0923,SEC023,Axle Counter,Relay Replacement,Timing drift,4,LOW,2025-09-24,2025-09-27,2025-11-24,4.0,5,LOW,Pending,False
SIG1817,AST0852,SEC027,Interlocking,Signal Inspection,Lens damage,3,MEDIUM,2025-02-04,2025-02-07,2025-02-28,4.6,11,MEDIUM,Completed,True
SIG1818,AST0950,SEC050,Communication Equipment,Axle Counter Calibration,Count error,3,MEDIUM,2025-05-11,2025-05-13,2025-06-11,9.9,3,MEDIUM,In Progress,False
SIG1819,AST0738,SEC063,Track Circuit,Signal Inspection,Signal post tilt,3,MEDIUM,2025-05-07,2025-05-08,2025-06-06,11.6,2,MEDIUM,Pending,True
SIG1820,AST0765,SEC015,Relay,Interlocking Test,Route locking fault,2,HIGH,2025-01-19,2025-01-21,2025-02-01,1.7,4,HIGH,Completed,False
SIG1821,AST0856,SEC031,Signal,Axle Counter Calibration,Count error,4,LOW,2025-01-26,2025-01-28,2025-03-03,2.7,7,LOW,Cancelled,True
SIG1822,AST0831,SEC006,Level Crossing Equipment,Communication Equipment Repair,Control phone failure,3,MEDIUM,2025-02-11,2025-02-12,2025-02-27,1.7,7,MEDIUM,Scheduled,False
SIG1823,AST0755,SEC005,Axle Counter,Axle Counter Calibration,Sensor misalignment,3,MEDIUM,2025-08-12,2025-08-15,2025-09-04,4.0,8,MEDIUM,Completed,False
SIG1824,AST0703,SEC028,Level Crossing Equipment,Interlocking Test,Signal interlocking mismatch,4,LOW,2025-08-09,2025-08-10,2025-10-09,2.8,8,LOW,Scheduled,False
SIG1825,AST0817,SEC067,Point Machine,Communication Equipment Repair,OFC splice loss,4,LOW,2025-01-30,2025-02-02,2025-03-15,7.7,4,LOW,In Progress,True
SIG1826,AST0793,SEC043,Point Machine,Track Circuit Maintenance,Insulation failure,2,HIGH,2025-11-24,2025-11-26,2025-12-04,8.1,12,HIGH,Cancelled,True
SIG1827,AST0949,SEC049,Relay,Track Circuit Maintenance,Feed-end issue,3,MEDIUM,2025-11-16,2025-11-16,2025-12-11,11.5,4,MEDIUM,Pending,True
SIG1828,AST0797,SEC047,Relay,Level Crossing Maintenance,Bell failure,4,LOW,2025-10-29,2025-11-01,2025-12-04,1.5,2,LOW,Pending,False
SIG1829,AST0731,SEC056,Axle Counter,Interlocking Test,Logic error,4,LOW,2025-05-31,2025-05-31,2025-07-24,5.0,6,LOW,Completed,True
SIG1830,AST0942,SEC042,Communication Equipment,Signal Inspection,Lens damage,1,CRITICAL,2025-01-06,2025-01-06,2025-01-13,9.0,8,HIGH,Completed,True
SIG1831,AST0821,SEC071,Relay,Track Circuit Maintenance,Feed-end issue,2,HIGH,2025-01-25,2025-01-26,2025-02-02,3.0,10,HIGH,Pending,True
SIG1832,AST0991,SEC016,Level Crossing Equipment,Point Machine Servicing,Lock bar defect,2,HIGH,2025-07-23,2025-07-23,2025-08-03,6.0,12,HIGH,Pending,False
SIG1833,AST0701,SEC026,Relay,Communication Equipment Repair,Radio fault,3,MEDIUM,2025-04-18,2025-04-20,2025-05-13,1.3,12,MEDIUM,Scheduled,False
SIG1834,AST0813,SEC063,Relay,Axle Counter Calibration,Count error,4,LOW,2025-02-27,2025-03-02,2025-04-29,2.1,15,LOW,Scheduled,False
SIG1835,AST0965,SEC065,Relay,Axle Counter Calibration,Count error,3,MEDIUM,2025-03-24,2025-03-25,2025-04-14,9.2,14,MEDIUM,Pending,False
SIG1836,AST0732,SEC057,Interlocking,Track Circuit Maintenance,Insulation failure,1,CRITICAL,2025-01-17,2025-01-19,2025-01-25,10.7,5,HIGH,Completed,False
SIG1837,AST0966,SEC066,Communication Equipment,Axle Counter Calibration,Cable fault,4,LOW,2025-05-25,2025-05-26,2025-07-02,10.1,14,LOW,Scheduled,False
SIG1838,AST0791,SEC041,Level Crossing Equipment,Signal Inspection,Lamp failure,3,MEDIUM,2025-04-15,2025-04-18,2025-05-13,6.7,10,MEDIUM,Completed,False
SIG1839,AST0858,SEC033,Track Circuit,Point Machine Servicing,Lock bar defect,3,MEDIUM,2025-11-14,2025-11-15,2025-12-08,6.9,8,MEDIUM,In Progress,True
SIG1840,AST0901,SEC001,Relay,Track Circuit Maintenance,Insulation failure,4,LOW,2025-11-01,2025-11-02,2025-12-26,3.6,12,LOW,Cancelled,False
SIG1841,AST0767,SEC017,Level Crossing Equipment,Signal Inspection,Aspect error,4,LOW,2025-08-30,2025-09-02,2025-10-31,1.6,15,LOW,In Progress,False
SIG1842,AST0945,SEC045,Point Machine,Communication Equipment Repair,Radio fault,4,LOW,2025-10-19,2025-10-21,2025-12-04,1.9,13,LOW,In Progress,True
SIG1843,AST0752,SEC002,Signal,Point Machine Servicing,Clutch slip,3,MEDIUM,2025-06-16,2025-06-17,2025-07-15,11.5,3,MEDIUM,Scheduled,True
SIG1844,AST0752,SEC002,Signal,Level Crossing Maintenance,Boom barrier fault,3,MEDIUM,2025-02-25,2025-02-25,2025-03-11,4.3,6,MEDIUM,Pending,True
SIG1845,AST0811,SEC061,Axle Counter,Point Machine Servicing,Detection rod issue,3,MEDIUM,2025-11-12,2025-11-13,2025-12-06,1.3,4,MEDIUM,Scheduled,False
SIG1846,AST0720,SEC045,Signal,Track Circuit Maintenance,Receiver fault,1,CRITICAL,2025-08-05,2025-08-08,2025-08-15,3.5,12,HIGH,Pending,True
SIG1847,AST0880,SEC055,Signal,Point Machine Servicing,Lock bar defect,5,LOW,2025-11-10,2025-11-13,2025-12-31,3.0,15,LOW,Completed,True
SIG1848,AST0799,SEC049,Level Crossing Equipment,Axle Counter Calibration,Count error,5,LOW,2025-08-27,2025-08-28,2025-10-09,8.7,11,LOW,Completed,False
SIG1849,AST0948,SEC048,Interlocking,Level Crossing Maintenance,Boom barrier fault,4,LOW,2025-12-20,2025-12-20,2026-02-01,3.4,11,LOW,Pending,True
SIG1850,AST0770,SEC020,Track Circuit,Interlocking Test,Route locking fault,5,LOW,2025-03-29,2025-03-30,2025-06-07,7.3,9,LOW,Completed,True
SIG1851,AST0902,SEC002,Communication Equipment,Track Circuit Maintenance,Feed-end issue,4,LOW,2025-06-08,2025-06-10,2025-08-05,8.2,11,LOW,Cancelled,False
SIG1852,AST0754,SEC004,Track Circuit,Point Machine Servicing,Lock bar defect,1,CRITICAL,2025-10-24,2025-10-24,2025-10-31,10.3,3,HIGH,Completed,True
SIG1853,AST0752,SEC002,Signal,Interlocking Test,Signal interlocking mismatch,3,MEDIUM,2025-09-02,2025-09-04,2025-09-23,6.5,14,MEDIUM,Completed,True
SIG1854,AST0764,SEC014,Interlocking,Track Circuit Maintenance,Receiver fault,1,CRITICAL,2025-06-16,2025-06-18,2025-06-23,9.7,12,HIGH,Pending,False
SIG1855,AST0949,SEC049,Relay,Communication Equipment Repair,Radio fault,1,CRITICAL,2025-05-12,2025-05-13,2025-05-16,2.4,5,HIGH,Completed,True
SIG1856,AST0855,SEC030,Level Crossing Equipment,Relay Replacement,Coil failure,1,CRITICAL,2025-09-06,2025-09-06,2025-09-13,6.0,11,HIGH,Pending,False
SIG1857,AST0962,SEC062,Track Circuit,Interlocking Test,Overlap fault,2,HIGH,2025-01-28,2025-01-29,2025-02-05,4.4,7,HIGH,Completed,True
SIG1858,AST0862,SEC037,Communication Equipment,Axle Counter Calibration,Count error,4,LOW,2025-08-24,2025-08-25,2025-10-14,9.2,12,LOW,Scheduled,True
SIG1859,AST0867,SEC042,Axle Counter,Relay Replacement,Timing drift,5,LOW,2025-12-05,2025-12-05,2026-02-11,6.3,12,LOW,Completed,True
SIG1860,AST0786,SEC036,Track Circuit,Relay Replacement,Mechanical wear,3,MEDIUM,2025-06-13,2025-06-14,2025-07-10,2.4,15,MEDIUM,Pending,True
SIG1861,AST0926,SEC026,Communication Equipment,Signal Inspection,Lens damage,4,LOW,2025-11-29,2025-12-02,2025-12-28,5.7,10,LOW,In Progress,True
SIG1862,AST0921,SEC021,Point Machine,Level Crossing Maintenance,Bell failure,2,HIGH,2025-03-30,2025-03-30,2025-04-09,4.6,10,HIGH,Pending,True
SIG1863,AST0707,SEC032,Axle Counter,Level Crossing Maintenance,Bell failure,4,LOW,2025-01-10,2025-01-10,2025-03-11,10.3,11,LOW,Scheduled,False
SIG1864,AST0777,SEC027,Point Machine,Interlocking Test,Logic error,2,HIGH,2025-11-01,2025-11-02,2025-11-15,5.5,13,HIGH,Cancelled,True
SIG1865,AST0780,SEC030,Interlocking,Axle Counter Calibration,Reset failure,3,MEDIUM,2025-02-10,2025-02-11,2025-03-08,7.8,2,MEDIUM,Scheduled,True
SIG1866,AST0846,SEC021,Communication Equipment,Level Crossing Maintenance,Bell failure,1,CRITICAL,2025-07-29,2025-08-01,2025-08-08,4.1,15,HIGH,Scheduled,False
SIG1867,AST0849,SEC024,Point Machine,Point Machine Servicing,Lock bar defect,5,LOW,2025-08-24,2025-08-24,2025-10-10,9.1,7,LOW,Completed,True
SIG1868,AST0982,SEC007,Communication Equipment,Interlocking Test,Overlap fault,5,LOW,2025-07-30,2025-07-30,2025-09-11,1.6,3,LOW,Completed,False
SIG1869,AST0902,SEC002,Communication Equipment,Interlocking Test,Overlap fault,3,MEDIUM,2025-03-08,2025-03-09,2025-04-07,10.1,14,MEDIUM,Cancelled,True
SIG1870,AST0922,SEC022,Track Circuit,Interlocking Test,Logic error,4,LOW,2025-06-27,2025-06-30,2025-08-26,10.0,7,LOW,Completed,True
SIG1871,AST0851,SEC026,Axle Counter,Point Machine Servicing,Motor fault,3,MEDIUM,2025-12-19,2025-12-19,2026-01-09,4.2,6,MEDIUM,Completed,True
SIG1872,AST0943,SEC043,Level Crossing Equipment,Level Crossing Maintenance,Lighting defect,2,HIGH,2025-09-22,2025-09-25,2025-10-02,8.8,3,HIGH,Completed,True
SIG1873,AST0994,SEC019,Track Circuit,Communication Equipment Repair,Fiber break,1,CRITICAL,2025-05-18,2025-05-21,2025-05-25,6.7,2,HIGH,Cancelled,True
SIG1874,AST0999,SEC024,Level Crossing Equipment,Signal Inspection,Lamp failure,4,LOW,2025-11-26,2025-11-29,2026-01-06,5.4,7,LOW,Scheduled,True
SIG1875,AST0888,SEC063,Signal,Axle Counter Calibration,Sensor misalignment,4,LOW,2025-03-08,2025-03-10,2025-04-08,8.0,4,LOW,Pending,True
SIG1876,AST0932,SEC032,Interlocking,Interlocking Test,Route locking fault,3,MEDIUM,2025-09-19,2025-09-22,2025-10-16,11.7,14,MEDIUM,Cancelled,True
SIG1877,AST0959,SEC059,Level Crossing Equipment,Signal Inspection,Lens damage,3,MEDIUM,2025-02-23,2025-02-25,2025-03-24,9.5,11,MEDIUM,Pending,False
SIG1878,AST0964,SEC064,Interlocking,Interlocking Test,Logic error,4,LOW,2025-05-08,2025-05-08,2025-06-19,10.8,7,LOW,Completed,True
SIG1879,AST0745,SEC070,Point Machine,Point Machine Servicing,Clutch slip,3,MEDIUM,2025-04-26,2025-04-28,2025-05-20,5.9,4,MEDIUM,Completed,True
SIG1880,AST0774,SEC024,Communication Equipment,Point Machine Servicing,Clutch slip,4,LOW,2025-04-03,2025-04-05,2025-05-29,4.9,10,LOW,Completed,True
SIG1881,AST0982,SEC007,Communication Equipment,Level Crossing Maintenance,Lighting defect,1,CRITICAL,2025-08-06,2025-08-07,2025-08-13,11.4,2,HIGH,Completed,True
SIG1882,AST0802,SEC052,Track Circuit,Level Crossing Maintenance,Gate motor issue,2,HIGH,2025-06-07,2025-06-07,2025-06-14,3.2,7,HIGH,Completed,True
SIG1883,AST0879,SEC054,Level Crossing Equipment,Interlocking Test,Overlap fault,4,LOW,2025-11-10,2025-11-11,2026-01-07,8.7,4,LOW,Completed,False
SIG1884,AST0937,SEC037,Point Machine,Point Machine Servicing,Clutch slip,3,MEDIUM,2025-07-04,2025-07-05,2025-07-25,3.2,8,MEDIUM,Pending,False
SIG1885,AST0873,SEC048,Point Machine,Axle Counter Calibration,Sensor misalignment,4,LOW,2025-09-30,2025-09-30,2025-11-17,4.4,13,LOW,Completed,True
SIG1886,AST0823,SEC073,Level Crossing Equipment,Point Machine Servicing,Lock bar defect,3,MEDIUM,2025-08-17,2025-08-20,2025-09-06,1.5,14,MEDIUM,Completed,False
SIG1887,AST0732,SEC057,Interlocking,Interlocking Test,Overlap fault,2,HIGH,2025-07-06,2025-07-08,2025-07-18,7.7,15,HIGH,Completed,True
SIG1888,AST0900,SEC075,Interlocking,Relay Replacement,Mechanical wear,3,MEDIUM,2025-10-13,2025-10-14,2025-11-12,2.6,3,MEDIUM,Pending,True
SIG1889,AST0744,SEC069,Signal,Communication Equipment Repair,Radio fault,2,HIGH,2025-07-14,2025-07-15,2025-07-24,4.3,12,HIGH,Cancelled,True
SIG1890,AST0849,SEC024,Point Machine,Interlocking Test,Route locking fault,2,HIGH,2025-11-09,2025-11-09,2025-11-19,9.9,7,HIGH,In Progress,True
SIG1891,AST0784,SEC034,Signal,Axle Counter Calibration,Reset failure,4,LOW,2025-08-11,2025-08-14,2025-10-05,10.2,4,LOW,Pending,True
SIG1892,AST0859,SEC034,Axle Counter,Communication Equipment Repair,OFC splice loss,3,MEDIUM,2025-04-21,2025-04-21,2025-05-18,7.8,12,MEDIUM,Scheduled,False
SIG1893,AST0986,SEC011,Track Circuit,Track Circuit Maintenance,Feed-end issue,3,MEDIUM,2025-06-24,2025-06-26,2025-07-13,6.2,8,MEDIUM,Completed,True
SIG1894,AST0841,SEC016,Point Machine,Track Circuit Maintenance,Feed-end issue,5,LOW,2025-07-25,2025-07-27,2025-10-04,4.3,12,LOW,Completed,True
SIG1895,AST0793,SEC043,Point Machine,Level Crossing Maintenance,Lighting defect,4,LOW,2025-01-23,2025-01-26,2025-02-23,5.6,4,LOW,Completed,False
SIG1896,AST0802,SEC052,Track Circuit,Point Machine Servicing,Detection rod issue,5,LOW,2025-11-21,2025-11-23,2026-01-24,7.3,15,LOW,Scheduled,True
SIG1897,AST0903,SEC003,Level Crossing Equipment,Interlocking Test,Route locking fault,3,MEDIUM,2025-09-17,2025-09-17,2025-10-14,9.4,3,MEDIUM,Scheduled,False
SIG1898,AST0786,SEC036,Track Circuit,Axle Counter Calibration,Reset failure,4,LOW,2025-04-08,2025-04-08,2025-05-29,7.7,4,LOW,Cancelled,False
SIG1899,AST0819,SEC069,Axle Counter,Relay Replacement,Timing drift,3,MEDIUM,2025-11-20,2025-11-23,2025-12-10,11.7,13,MEDIUM,Cancelled,False
SIG1900,AST0799,SEC049,Level Crossing Equipment,Track Circuit Maintenance,Receiver fault,5,LOW,2025-11-10,2025-11-12,2026-02-07,12.0,4,LOW,Completed,False
SIG1901,AST0810,SEC060,Track Circuit,Communication Equipment Repair,OFC splice loss,1,CRITICAL,2025-09-18,2025-09-21,2025-09-24,3.0,14,HIGH,Scheduled,True
SIG1902,AST0834,SEC009,Track Circuit,Communication Equipment Repair,OFC splice loss,3,MEDIUM,2025-06-17,2025-06-18,2025-07-14,5.3,15,MEDIUM,Scheduled,True
SIG1903,AST0768,SEC018,Signal,Track Circuit Maintenance,Receiver fault,1,CRITICAL,2025-05-14,2025-05-15,2025-05-18,6.6,4,HIGH,Completed,True
SIG1904,AST0704,SEC029,Signal,Level Crossing Maintenance,Boom barrier fault,3,MEDIUM,2025-03-04,2025-03-06,2025-03-26,1.9,12,MEDIUM,Completed,True
SIG1905,AST0958,SEC058,Communication Equipment,Signal Inspection,Signal post tilt,4,LOW,2025-11-20,2025-11-22,2025-12-23,11.9,4,LOW,Cancelled,False
SIG1906,AST0805,SEC055,Relay,Level Crossing Maintenance,Bell failure,2,HIGH,2025-07-05,2025-07-07,2025-07-17,8.2,14,HIGH,Scheduled,False
SIG1907,AST0735,SEC060,Level Crossing Equipment,Communication Equipment Repair,Radio fault,4,LOW,2025-01-09,2025-01-09,2025-02-07,7.9,2,LOW,Scheduled,True
SIG1908,AST0841,SEC016,Point Machine,Communication Equipment Repair,OFC splice loss,2,HIGH,2025-04-14,2025-04-16,2025-04-26,2.4,11,HIGH,Scheduled,True
SIG1909,AST0854,SEC029,Communication Equipment,Relay Replacement,Coil failure,3,MEDIUM,2025-06-29,2025-07-02,2025-07-29,2.6,13,MEDIUM,Cancelled,False
SIG1910,AST0794,SEC044,Track Circuit,Signal Inspection,Lamp failure,3,MEDIUM,2025-09-05,2025-09-05,2025-09-24,8.6,13,MEDIUM,Pending,True
SIG1911,AST0708,SEC033,Interlocking,Interlocking Test,Signal interlocking mismatch,4,LOW,2025-05-22,2025-05-22,2025-07-01,7.6,5,LOW,In Progress,True
SIG1912,AST0975,SEC075,Level Crossing Equipment,Axle Counter Calibration,Cable fault,3,MEDIUM,2025-09-13,2025-09-13,2025-10-13,4.2,5,MEDIUM,Pending,True
SIG1913,AST0968,SEC068,Signal,Communication Equipment Repair,OFC splice loss,2,HIGH,2025-05-01,2025-05-04,2025-05-12,11.5,14,HIGH,Pending,True
SIG1914,AST0762,SEC012,Track Circuit,Track Circuit Maintenance,Feed-end issue,3,MEDIUM,2025-01-10,2025-01-11,2025-02-02,3.9,12,MEDIUM,Completed,True
SIG1915,AST0983,SEC008,Level Crossing Equipment,Communication Equipment Repair,OFC splice loss,3,MEDIUM,2025-01-14,2025-01-17,2025-02-16,9.3,8,MEDIUM,Scheduled,False
SIG1916,AST0910,SEC010,Communication Equipment,Signal Inspection,Aspect error,2,HIGH,2025-06-24,2025-06-24,2025-07-06,3.9,14,HIGH,Scheduled,False
SIG1917,AST0725,SEC050,Relay,Signal Inspection,Lens damage,4,LOW,2025-12-18,2025-12-21,2026-01-22,2.0,5,LOW,Completed,True
SIG1918,AST0794,SEC044,Track Circuit,Level Crossing Maintenance,Lighting defect,2,HIGH,2025-08-23,2025-08-23,2025-09-07,7.8,8,HIGH,Pending,True
SIG1919,AST0765,SEC015,Relay,Point Machine Servicing,Clutch slip,3,MEDIUM,2025-01-23,2025-01-25,2025-02-21,3.1,12,MEDIUM,Pending,False
SIG1920,AST0970,SEC070,Track Circuit,Interlocking Test,Signal interlocking mismatch,3,MEDIUM,2025-11-10,2025-11-12,2025-12-10,10.4,2,MEDIUM,Pending,True
SIG1921,AST0925,SEC025,Relay,Track Circuit Maintenance,Feed-end issue,2,HIGH,2025-07-15,2025-07-15,2025-07-27,8.5,14,HIGH,In Progress,False
SIG1922,AST0886,SEC061,Communication Equipment,Signal Inspection,Aspect error,3,MEDIUM,2025-05-05,2025-05-06,2025-05-29,11.3,13,MEDIUM,Scheduled,False
SIG1923,AST0942,SEC042,Communication Equipment,Signal Inspection,Lens damage,1,CRITICAL,2025-09-14,2025-09-15,2025-09-22,6.0,8,HIGH,Completed,True
SIG1924,AST0964,SEC064,Interlocking,Relay Replacement,Contact oxidation,5,LOW,2025-06-28,2025-06-30,2025-08-16,8.0,6,LOW,Cancelled,True
SIG1925,AST0736,SEC061,Signal,Relay Replacement,Mechanical wear,3,MEDIUM,2025-10-09,2025-10-11,2025-10-30,1.1,4,MEDIUM,Completed,True
SIG1926,AST0748,SEC073,Interlocking,Axle Counter Calibration,Count error,2,HIGH,2025-01-21,2025-01-23,2025-01-30,4.9,12,HIGH,Scheduled,True
SIG1927,AST0822,SEC072,Communication Equipment,Signal Inspection,Signal post tilt,3,MEDIUM,2025-06-18,2025-06-20,2025-07-20,2.3,3,MEDIUM,In Progress,True
SIG1928,AST0927,SEC027,Level Crossing Equipment,Track Circuit Maintenance,Bonding defect,3,MEDIUM,2025-09-16,2025-09-17,2025-10-14,1.6,3,MEDIUM,Cancelled,False
SIG1929,AST0902,SEC002,Communication Equipment,Communication Equipment Repair,Radio fault,4,LOW,2025-01-23,2025-01-24,2025-03-16,6.5,7,LOW,In Progress,True
SIG1930,AST0914,SEC014,Track Circuit,Track Circuit Maintenance,Insulation failure,3,MEDIUM,2025-12-10,2025-12-13,2025-12-28,11.2,3,MEDIUM,Scheduled,True
SIG1931,AST0845,SEC020,Relay,Level Crossing Maintenance,Boom barrier fault,3,MEDIUM,2025-06-14,2025-06-16,2025-07-09,5.6,9,MEDIUM,Pending,True
SIG1932,AST0794,SEC044,Track Circuit,Axle Counter Calibration,Cable fault,1,CRITICAL,2025-01-09,2025-01-11,2025-01-17,5.1,5,HIGH,Scheduled,True
SIG1933,AST0961,SEC061,Point Machine,Point Machine Servicing,Lock bar defect,4,LOW,2025-07-31,2025-07-31,2025-09-12,2.7,12,LOW,Completed,True
SIG1934,AST0958,SEC058,Communication Equipment,Level Crossing Maintenance,Boom barrier fault,1,CRITICAL,2025-09-04,2025-09-06,2025-09-10,2.9,14,HIGH,Pending,False
SIG1935,AST0703,SEC028,Level Crossing Equipment,Interlocking Test,Signal interlocking mismatch,3,MEDIUM,2025-11-21,2025-11-22,2025-12-17,3.2,15,MEDIUM,Completed,False
SIG1936,AST0996,SEC021,Interlocking,Relay Replacement,Mechanical wear,3,MEDIUM,2025-11-27,2025-11-30,2025-12-16,8.2,11,MEDIUM,Pending,True
SIG1937,AST0972,SEC072,Interlocking,Interlocking Test,Signal interlocking mismatch,4,LOW,2025-05-27,2025-05-27,2025-07-09,1.2,4,LOW,Completed,True
SIG1938,AST0831,SEC006,Level Crossing Equipment,Level Crossing Maintenance,Lighting defect,5,LOW,2025-06-08,2025-06-11,2025-08-29,3.8,15,LOW,In Progress,True
SIG1939,AST0739,SEC064,Axle Counter,Communication Equipment Repair,OFC splice loss,3,MEDIUM,2025-10-20,2025-10-23,2025-11-11,12.0,14,MEDIUM,Pending,False
SIG1940,AST0723,SEC048,Axle Counter,Level Crossing Maintenance,Lighting defect,3,MEDIUM,2025-07-17,2025-07-20,2025-08-14,1.6,3,MEDIUM,Completed,False
SIG1941,AST0974,SEC074,Communication Equipment,Axle Counter Calibration,Count error,1,CRITICAL,2025-03-22,2025-03-23,2025-03-30,9.2,10,HIGH,Pending,False
SIG1942,AST0798,SEC048,Communication Equipment,Level Crossing Maintenance,Gate motor issue,2,HIGH,2025-03-05,2025-03-07,2025-03-18,11.3,9,HIGH,Completed,False
SIG1943,AST0785,SEC035,Point Machine,Axle Counter Calibration,Reset failure,3,MEDIUM,2025-01-23,2025-01-24,2025-02-11,8.7,12,MEDIUM,Completed,True
SIG1944,AST0856,SEC031,Signal,Interlocking Test,Logic error,2,HIGH,2025-06-28,2025-07-01,2025-07-13,11.8,5,HIGH,Pending,True
SIG1945,AST0758,SEC008,Communication Equipment,Axle Counter Calibration,Count error,4,LOW,2025-08-22,2025-08-24,2025-10-01,1.8,13,LOW,Completed,False
SIG1946,AST0887,SEC062,Level Crossing Equipment,Relay Replacement,Coil failure,2,HIGH,2025-09-23,2025-09-24,2025-10-08,2.9,6,HIGH,Completed,False
SIG1947,AST0931,SEC031,Axle Counter,Level Crossing Maintenance,Gate motor issue,4,LOW,2025-12-11,2025-12-14,2026-02-09,3.8,15,LOW,Pending,False
SIG1948,AST0877,SEC052,Relay,Communication Equipment Repair,Fiber break,3,MEDIUM,2025-07-26,2025-07-29,2025-08-17,1.7,2,MEDIUM,Scheduled,True
SIG1949,AST0826,SEC001,Track Circuit,Communication Equipment Repair,Fiber break,1,CRITICAL,2025-06-24,2025-06-26,2025-06-29,1.8,6,HIGH,Scheduled,True
SIG1950,AST0905,SEC005,Point Machine,Interlocking Test,Signal interlocking mismatch,3,MEDIUM,2025-08-26,2025-08-27,2025-09-11,10.8,9,MEDIUM,Pending,True
SIG1951,AST0717,SEC042,Relay,Track Circuit Maintenance,Receiver fault,4,LOW,2025-05-25,2025-05-25,2025-06-21,3.8,15,LOW,Pending,True
SIG1952,AST0933,SEC033,Relay,Axle Counter Calibration,Cable fault,1,CRITICAL,2025-09-04,2025-09-05,2025-09-10,8.2,10,HIGH,Scheduled,False
SIG1953,AST0922,SEC022,Track Circuit,Interlocking Test,Overlap fault,1,CRITICAL,2025-06-25,2025-06-27,2025-06-30,3.5,15,HIGH,Cancelled,True
SIG1954,AST0989,SEC014,Relay,Axle Counter Calibration,Sensor misalignment,2,HIGH,2025-07-24,2025-07-25,2025-08-01,11.5,5,HIGH,Completed,False
SIG1955,AST0726,SEC051,Communication Equipment,Level Crossing Maintenance,Lighting defect,2,HIGH,2025-07-28,2025-07-31,2025-08-15,3.4,11,HIGH,Pending,False
SIG1956,AST0849,SEC024,Point Machine,Communication Equipment Repair,Radio fault,5,LOW,2025-03-22,2025-03-25,2025-06-12,4.9,6,LOW,Completed,True
SIG1957,AST0774,SEC024,Communication Equipment,Level Crossing Maintenance,Gate motor issue,4,LOW,2024-12-31,2025-01-03,2025-02-22,10.8,5,LOW,Completed,False
SIG1958,AST0960,SEC060,Signal,Track Circuit Maintenance,Receiver fault,4,LOW,2025-09-12,2025-09-15,2025-10-22,11.5,4,LOW,Completed,True
SIG1959,AST0924,SEC024,Interlocking,Point Machine Servicing,Clutch slip,2,HIGH,2025-04-14,2025-04-17,2025-04-27,4.0,7,HIGH,Cancelled,True
SIG1960,AST0820,SEC070,Interlocking,Relay Replacement,Coil failure,3,MEDIUM,2025-11-12,2025-11-14,2025-12-14,6.0,2,MEDIUM,Pending,False
SIG1961,AST0756,SEC006,Interlocking,Point Machine Servicing,Motor fault,3,MEDIUM,2025-10-31,2025-11-01,2025-11-17,11.9,8,MEDIUM,Completed,True
SIG1962,AST0788,SEC038,Interlocking,Relay Replacement,Mechanical wear,4,LOW,2025-11-21,2025-11-23,2026-01-19,5.5,11,LOW,Completed,False
SIG1963,AST0828,SEC003,Interlocking,Point Machine Servicing,Lock bar defect,5,LOW,2025-07-26,2025-07-29,2025-09-16,9.4,8,LOW,In Progress,True
SIG1964,AST0900,SEC075,Interlocking,Track Circuit Maintenance,Feed-end issue,4,LOW,2025-11-30,2025-12-02,2026-01-09,2.5,3,LOW,Completed,True
SIG1965,AST0865,SEC040,Point Machine,Relay Replacement,Mechanical wear,4,LOW,2025-06-21,2025-06-22,2025-08-12,11.9,7,LOW,Pending,True
SIG1966,AST0782,SEC032,Communication Equipment,Interlocking Test,Route locking fault,4,LOW,2025-12-07,2025-12-09,2026-01-25,5.5,4,LOW,Scheduled,False
SIG1967,AST0870,SEC045,Communication Equipment,Axle Counter Calibration,Cable fault,4,LOW,2025-10-12,2025-10-13,2025-11-12,1.9,6,LOW,Pending,False
SIG1968,AST0709,SEC034,Relay,Level Crossing Maintenance,Bell failure,3,MEDIUM,2025-01-28,2025-01-28,2025-02-26,1.2,4,MEDIUM,Cancelled,True
SIG1969,AST0805,SEC055,Relay,Signal Inspection,Lens damage,4,LOW,2025-03-31,2025-04-02,2025-05-13,5.2,14,LOW,Pending,False
SIG1970,AST0858,SEC033,Track Circuit,Axle Counter Calibration,Cable fault,1,CRITICAL,2025-11-06,2025-11-07,2025-11-13,9.1,10,HIGH,Completed,True
SIG1971,AST0706,SEC031,Track Circuit,Interlocking Test,Signal interlocking mismatch,3,MEDIUM,2025-05-27,2025-05-28,2025-06-17,2.6,2,MEDIUM,Completed,True
SIG1972,AST0936,SEC036,Signal,Signal Inspection,Aspect error,3,MEDIUM,2025-08-20,2025-08-20,2025-09-13,9.6,14,MEDIUM,Pending,True
SIG1973,AST0951,SEC051,Level Crossing Equipment,Axle Counter Calibration,Cable fault,3,MEDIUM,2025-09-22,2025-09-24,2025-10-18,7.6,4,MEDIUM,Completed,False
SIG1974,AST0749,SEC074,Relay,Relay Replacement,Mechanical wear,2,HIGH,2025-12-12,2025-12-12,2025-12-20,4.6,5,HIGH,Completed,True
SIG1975,AST0822,SEC072,Communication Equipment,Track Circuit Maintenance,Feed-end issue,4,LOW,2025-03-24,2025-03-24,2025-04-20,8.9,3,LOW,In Progress,True
SIG1976,AST0762,SEC012,Track Circuit,Track Circuit Maintenance,Insulation failure,3,MEDIUM,2025-10-02,2025-10-03,2025-10-31,8.7,15,MEDIUM,Scheduled,True
SIG1977,AST0871,SEC046,Level Crossing Equipment,Communication Equipment Repair,Fiber break,3,MEDIUM,2025-05-07,2025-05-09,2025-06-03,5.2,2,MEDIUM,Pending,False
SIG1978,AST0956,SEC056,Interlocking,Track Circuit Maintenance,Feed-end issue,3,MEDIUM,2025-05-15,2025-05-16,2025-06-07,11.3,7,MEDIUM,In Progress,True
SIG1979,AST0737,SEC062,Point Machine,Signal Inspection,Lamp failure,4,LOW,2025-10-31,2025-10-31,2025-12-27,1.1,4,LOW,Pending,True
SIG1980,AST0994,SEC019,Track Circuit,Point Machine Servicing,Motor fault,5,LOW,2025-02-16,2025-02-17,2025-03-29,9.3,8,LOW,Scheduled,True
SIG1981,AST0752,SEC002,Signal,Communication Equipment Repair,Fiber break,1,CRITICAL,2025-04-08,2025-04-08,2025-04-11,10.0,7,HIGH,Scheduled,True
SIG1982,AST0838,SEC013,Communication Equipment,Signal Inspection,Signal post tilt,3,MEDIUM,2025-08-27,2025-08-28,2025-09-11,5.6,9,MEDIUM,Completed,True
SIG1983,AST0819,SEC069,Axle Counter,Track Circuit Maintenance,Feed-end issue,3,MEDIUM,2025-12-20,2025-12-21,2026-01-08,7.0,13,MEDIUM,Cancelled,True
SIG1984,AST0844,SEC019,Interlocking,Communication Equipment Repair,Fiber break,2,HIGH,2025-11-18,2025-11-19,2025-12-02,8.0,8,HIGH,Cancelled,True
SIG1985,AST0843,SEC018,Axle Counter,Communication Equipment Repair,OFC splice loss,3,MEDIUM,2025-11-10,2025-11-11,2025-12-09,2.4,13,MEDIUM,Completed,True
SIG1986,AST0943,SEC043,Level Crossing Equipment,Signal Inspection,Lamp failure,2,HIGH,2025-12-09,2025-12-12,2025-12-23,7.6,4,HIGH,Completed,False
SIG1987,AST0905,SEC005,Point Machine,Axle Counter Calibration,Count error,5,LOW,2025-12-19,2025-12-20,2026-02-18,10.8,5,LOW,In Progress,True
SIG1988,AST0753,SEC003,Point Machine,Relay Replacement,Timing drift,4,LOW,2025-08-02,2025-08-04,2025-09-20,8.1,10,LOW,In Progress,True
SIG1989,AST0735,SEC060,Level Crossing Equipment,Level Crossing Maintenance,Lighting defect,4,LOW,2025-02-27,2025-03-02,2025-04-29,8.3,3,LOW,Cancelled,False
SIG1990,AST0983,SEC008,Level Crossing Equipment,Interlocking Test,Signal interlocking mismatch,4,LOW,2025-07-21,2025-07-22,2025-08-24,2.4,11,LOW,Completed,False
SIG1991,AST0936,SEC036,Signal,Relay Replacement,Timing drift,3,MEDIUM,2025-07-15,2025-07-15,2025-08-01,11.9,14,MEDIUM,In Progress,False
SIG1992,AST0814,SEC064,Communication Equipment,Axle Counter Calibration,Sensor misalignment,1,CRITICAL,2025-10-17,2025-10-20,2025-10-23,5.2,13,HIGH,Pending,False
SIG1993,AST0911,SEC011,Level Crossing Equipment,Relay Replacement,Contact oxidation,3,MEDIUM,2025-04-10,2025-04-12,2025-05-10,4.8,4,MEDIUM,Pending,True
SIG1994,AST0715,SEC040,Axle Counter,Track Circuit Maintenance,Feed-end issue,5,LOW,2025-02-21,2025-02-23,2025-04-29,10.7,2,LOW,Cancelled,False
SIG1995,AST0834,SEC009,Track Circuit,Signal Inspection,Signal post tilt,4,LOW,2025-09-17,2025-09-20,2025-10-25,10.0,11,LOW,Pending,True
SIG1996,AST0992,SEC017,Signal,Signal Inspection,Lamp failure,3,MEDIUM,2024-12-31,2025-01-02,2025-01-21,2.1,7,MEDIUM,Scheduled,True
SIG1997,AST0921,SEC021,Point Machine,Level Crossing Maintenance,Bell failure,3,MEDIUM,2025-12-04,2025-12-05,2026-01-02,10.5,15,MEDIUM,Scheduled,True
SIG1998,AST0846,SEC021,Communication Equipment,Signal Inspection,Aspect error,2,HIGH,2025-05-24,2025-05-26,2025-06-02,11.8,10,HIGH,Scheduled,False
SIG1999,AST0808,SEC058,Signal,Axle Counter Calibration,Sensor misalignment,5,LOW,2025-10-27,2025-10-28,2025-12-19,1.3,10,LOW,Completed,True
SIG2000,AST0924,SEC024,Interlocking,Relay Replacement,Timing drift,2,HIGH,2025-12-05,2025-12-07,2025-12-19,11.5,15,HIGH,In Progress,True
SIG2001,AST0842,SEC017,Track Circuit,Track Circuit Maintenance,Bonding defect,3,MEDIUM,2025-11-01,2025-11-03,2025-11-22,6.4,2,MEDIUM,Completed,True
SIG2002,AST0701,SEC026,Relay,Axle Counter Calibration,Reset failure,4,LOW,2025-12-11,2025-12-14,2026-01-28,11.9,14,LOW,In Progress,False
SIG2003,AST0988,SEC013,Interlocking,Relay Replacement,Contact oxidation,2,HIGH,2025-03-07,2025-03-09,2025-03-19,4.2,4,HIGH,Pending,True
SIG2004,AST0875,SEC050,Axle Counter,Axle Counter Calibration,Count error,5,LOW,2025-11-24,2025-11-27,2026-02-09,7.7,10,LOW,Pending,False
SIG2005,AST0791,SEC041,Level Crossing Equipment,Interlocking Test,Overlap fault,4,LOW,2025-06-18,2025-06-19,2025-07-15,5.5,5,LOW,Cancelled,False
SIG2006,AST0921,SEC021,Point Machine,Communication Equipment Repair,Fiber break,3,MEDIUM,2025-04-12,2025-04-14,2025-05-08,9.7,10,MEDIUM,Pending,True
SIG2007,AST0711,SEC036,Level Crossing Equipment,Interlocking Test,Overlap fault,5,LOW,2025-02-16,2025-02-17,2025-03-30,4.4,7,LOW,Pending,False
SIG2008,AST0903,SEC003,Level Crossing Equipment,Axle Counter Calibration,Cable fault,3,MEDIUM,2025-02-22,2025-02-25,2025-03-27,9.4,4,MEDIUM,In Progress,False
SIG2009,AST0949,SEC049,Relay,Relay Replacement,Timing drift,2,HIGH,2025-08-14,2025-08-15,2025-08-28,3.9,11,HIGH,Completed,False
SIG2010,AST0883,SEC058,Axle Counter,Track Circuit Maintenance,Feed-end issue,4,LOW,2025-03-16,2025-03-17,2025-04-17,2.7,11,LOW,Completed,False
SIG2011,AST0999,SEC024,Level Crossing Equipment,Communication Equipment Repair,OFC splice loss,2,HIGH,2025-06-13,2025-06-14,2025-06-26,4.8,8,HIGH,Scheduled,False
SIG2012,AST0840,SEC015,Signal,Relay Replacement,Coil failure,4,LOW,2025-10-26,2025-10-27,2025-12-25,4.1,12,LOW,In Progress,True
SIG2013,AST0997,SEC022,Relay,Interlocking Test,Signal interlocking mismatch,3,MEDIUM,2025-03-02,2025-03-02,2025-03-19,7.1,12,MEDIUM,Scheduled,True
SIG2014,AST0792,SEC042,Signal,Relay Replacement,Contact oxidation,5,LOW,2025-12-07,2025-12-08,2026-02-12,8.7,2,LOW,Completed,True
SIG2015,AST0704,SEC029,Signal,Axle Counter Calibration,Sensor misalignment,3,MEDIUM,2025-12-01,2025-12-03,2025-12-25,6.3,3,MEDIUM,Pending,True
SIG2016,AST0841,SEC016,Point Machine,Communication Equipment Repair,Control phone failure,5,LOW,2025-06-10,2025-06-12,2025-08-01,6.1,5,LOW,In Progress,False
SIG2017,AST0865,SEC040,Point Machine,Level Crossing Maintenance,Bell failure,2,HIGH,2025-08-31,2025-08-31,2025-09-10,10.2,7,HIGH,Cancelled,True
SIG2018,AST0849,SEC024,Point Machine,Signal Inspection,Lamp failure,4,LOW,2025-06-29,2025-07-01,2025-08-12,1.1,8,LOW,Scheduled,True
SIG2019,AST0829,SEC004,Relay,Signal Inspection,Signal post tilt,3,MEDIUM,2025-07-23,2025-07-23,2025-08-22,3.8,2,MEDIUM,Pending,False
SIG2020,AST0909,SEC009,Relay,Relay Replacement,Coil failure,4,LOW,2025-09-13,2025-09-15,2025-10-23,3.5,4,LOW,In Progress,True
SIG2021,AST0921,SEC021,Point Machine,Point Machine Servicing,Motor fault,4,LOW,2025-10-30,2025-10-31,2025-12-14,5.8,2,LOW,Pending,True
SIG2022,AST0797,SEC047,Relay,Interlocking Test,Signal interlocking mismatch,2,HIGH,2025-01-13,2025-01-13,2025-01-26,2.8,3,HIGH,Pending,False
SIG2023,AST0871,SEC046,Level Crossing Equipment,Level Crossing Maintenance,Lighting defect,3,MEDIUM,2025-08-25,2025-08-28,2025-09-22,1.3,11,MEDIUM,Pending,True
SIG2024,AST0975,SEC075,Level Crossing Equipment,Point Machine Servicing,Detection rod issue,4,LOW,2025-05-20,2025-05-22,2025-07-09,1.2,11,LOW,Pending,True
SIG2025,AST0906,SEC006,Track Circuit,Level Crossing Maintenance,Lighting defect,2,HIGH,2025-06-15,2025-06-16,2025-06-25,4.9,3,HIGH,Pending,True
SIG2026,AST0866,SEC041,Track Circuit,Relay Replacement,Coil failure,1,CRITICAL,2025-01-30,2025-02-02,2025-02-08,4.2,2,HIGH,Completed,True
SIG2027,AST0735,SEC060,Level Crossing Equipment,Level Crossing Maintenance,Gate motor issue,3,MEDIUM,2025-03-30,2025-04-01,2025-04-24,3.7,15,MEDIUM,Completed,True
SIG2028,AST0975,SEC075,Level Crossing Equipment,Interlocking Test,Overlap fault,3,MEDIUM,2025-08-31,2025-08-31,2025-09-17,1.9,4,MEDIUM,Pending,False
SIG2029,AST0877,SEC052,Relay,Relay Replacement,Contact oxidation,3,MEDIUM,2025-04-29,2025-05-02,2025-05-27,3.0,9,MEDIUM,Completed,False
SIG2030,AST0806,SEC056,Communication Equipment,Interlocking Test,Signal interlocking mismatch,2,HIGH,2025-02-14,2025-02-14,2025-02-28,9.6,2,HIGH,Pending,True
SIG2031,AST0865,SEC040,Point Machine,Axle Counter Calibration,Reset failure,5,LOW,2025-01-25,2025-01-26,2025-03-18,2.6,8,LOW,Completed,True
SIG2032,AST0916,SEC016,Interlocking,Level Crossing Maintenance,Boom barrier fault,3,MEDIUM,2025-11-12,2025-11-15,2025-12-05,5.6,11,MEDIUM,Pending,True
SIG2033,AST0767,SEC017,Level Crossing Equipment,Relay Replacement,Contact oxidation,2,HIGH,2025-07-07,2025-07-10,2025-07-18,2.4,6,HIGH,Completed,False
SIG2034,AST0720,SEC045,Signal,Axle Counter Calibration,Reset failure,4,LOW,2025-12-07,2025-12-10,2026-01-26,1.6,12,LOW,In Progress,True
SIG2035,AST0964,SEC064,Interlocking,Signal Inspection,Lamp failure,2,HIGH,2025-10-07,2025-10-10,2025-10-17,5.8,14,HIGH,Completed,False
SIG2036,AST0740,SEC065,Interlocking,Communication Equipment Repair,OFC splice loss,3,MEDIUM,2025-08-01,2025-08-04,2025-08-20,7.8,14,MEDIUM,Completed,True
SIG2037,AST0971,SEC071,Axle Counter,Level Crossing Maintenance,Boom barrier fault,3,MEDIUM,2025-03-22,2025-03-23,2025-04-18,3.9,5,MEDIUM,Pending,True
SIG2038,AST0878,SEC053,Communication Equipment,Signal Inspection,Lamp failure,3,MEDIUM,2025-09-25,2025-09-28,2025-10-23,11.5,14,MEDIUM,In Progress,False
SIG2039,AST0896,SEC071,Signal,Communication Equipment Repair,OFC splice loss,4,LOW,2025-03-08,2025-03-09,2025-04-27,8.8,5,LOW,Pending,False
SIG2040,AST0862,SEC037,Communication Equipment,Communication Equipment Repair,OFC splice loss,4,LOW,2025-05-01,2025-05-03,2025-06-03,5.4,8,LOW,Completed,False
SIG2041,AST0811,SEC061,Axle Counter,Signal Inspection,Aspect error,5,LOW,2025-11-17,2025-11-18,2026-01-01,5.7,5,LOW,Scheduled,True
SIG2042,AST0856,SEC031,Signal,Point Machine Servicing,Detection rod issue,3,MEDIUM,2025-09-26,2025-09-28,2025-10-24,1.8,8,MEDIUM,Pending,True
SIG2043,AST0812,SEC062,Interlocking,Interlocking Test,Route locking fault,3,MEDIUM,2025-04-27,2025-04-27,2025-05-11,10.4,3,MEDIUM,Pending,True
SIG2044,AST0844,SEC019,Interlocking,Point Machine Servicing,Clutch slip,4,LOW,2025-01-17,2025-01-17,2025-03-01,3.5,14,LOW,Cancelled,True
SIG2045,AST0758,SEC008,Communication Equipment,Relay Replacement,Coil failure,3,MEDIUM,2025-06-26,2025-06-27,2025-07-22,1.1,11,MEDIUM,Completed,True
SIG2046,AST0855,SEC030,Level Crossing Equipment,Axle Counter Calibration,Count error,2,HIGH,2025-03-27,2025-03-28,2025-04-06,9.4,9,HIGH,Pending,True
SIG2047,AST0939,SEC039,Axle Counter,Track Circuit Maintenance,Receiver fault,3,MEDIUM,2025-02-18,2025-02-19,2025-03-07,10.3,4,MEDIUM,Scheduled,False
SIG2048,AST0978,SEC003,Track Circuit,Axle Counter Calibration,Count error,5,LOW,2025-01-02,2025-01-05,2025-02-21,5.1,7,LOW,Completed,True
SIG2049,AST0723,SEC048,Axle Counter,Relay Replacement,Contact oxidation,3,MEDIUM,2025-10-18,2025-10-21,2025-11-07,4.9,13,MEDIUM,Scheduled,True
SIG2050,AST0933,SEC033,Relay,Axle Counter Calibration,Count error,1,CRITICAL,2025-07-23,2025-07-25,2025-07-29,10.7,8,HIGH,Completed,True
SIG2051,AST0834,SEC009,Track Circuit,Point Machine Servicing,Motor fault,4,LOW,2025-01-31,2025-01-31,2025-03-15,6.8,14,LOW,Scheduled,True
SIG2052,AST0797,SEC047,Relay,Signal Inspection,Signal post tilt,2,HIGH,2025-06-19,2025-06-20,2025-06-28,3.9,5,HIGH,In Progress,False
SIG2053,AST0728,SEC053,Signal,Level Crossing Maintenance,Lighting defect,2,HIGH,2025-10-21,2025-10-21,2025-10-30,8.0,9,HIGH,Scheduled,True
SIG2054,AST0957,SEC057,Relay,Signal Inspection,Signal post tilt,2,HIGH,2025-05-03,2025-05-06,2025-05-21,4.9,12,HIGH,Pending,False
SIG2055,AST0775,SEC025,Level Crossing Equipment,Signal Inspection,Signal post tilt,2,HIGH,2025-03-29,2025-03-30,2025-04-07,4.9,4,HIGH,Completed,False
SIG2056,AST0903,SEC003,Level Crossing Equipment,Axle Counter Calibration,Cable fault,2,HIGH,2025-10-16,2025-10-19,2025-10-31,5.3,4,HIGH,Completed,False
SIG2057,AST0713,SEC038,Point Machine,Signal Inspection,Aspect error,3,MEDIUM,2025-05-10,2025-05-10,2025-05-29,3.3,5,MEDIUM,Scheduled,True
SIG2058,AST0912,SEC012,Signal,Communication Equipment Repair,Control phone failure,2,HIGH,2025-03-10,2025-03-12,2025-03-22,9.9,7,HIGH,Cancelled,True
SIG2059,AST0884,SEC059,Interlocking,Track Circuit Maintenance,Feed-end issue,3,MEDIUM,2025-04-09,2025-04-10,2025-04-28,3.8,3,MEDIUM,Cancelled,True
SIG2060,AST0843,SEC018,Axle Counter,Communication Equipment Repair,Radio fault,2,HIGH,2025-02-10,2025-02-13,2025-02-24,10.2,14,HIGH,Completed,False
SIG2061,AST1000,SEC025,Signal,Interlocking Test,Overlap fault,1,CRITICAL,2025-12-03,2025-12-06,2025-12-13,7.1,9,HIGH,Scheduled,False
SIG2062,AST0952,SEC052,Signal,Track Circuit Maintenance,Insulation failure,3,MEDIUM,2025-10-07,2025-10-09,2025-11-01,3.8,2,MEDIUM,Pending,True
SIG2063,AST0904,SEC004,Signal,Interlocking Test,Overlap fault,2,HIGH,2025-11-20,2025-11-22,2025-12-07,3.9,4,HIGH,Pending,True
SIG2064,AST0725,SEC050,Relay,Track Circuit Maintenance,Feed-end issue,4,LOW,2025-04-21,2025-04-21,2025-06-11,7.3,10,LOW,Completed,False
SIG2065,AST0883,SEC058,Axle Counter,Relay Replacement,Timing drift,2,HIGH,2025-06-02,2025-06-04,2025-06-16,1.3,9,HIGH,Completed,False
SIG2066,AST0748,SEC073,Interlocking,Communication Equipment Repair,OFC splice loss,2,HIGH,2025-12-14,2025-12-16,2025-12-24,9.0,11,HIGH,Pending,True
SIG2067,AST0883,SEC058,Axle Counter,Level Crossing Maintenance,Boom barrier fault,2,HIGH,2025-12-01,2025-12-03,2025-12-17,8.5,13,HIGH,Scheduled,True
SIG2068,AST0786,SEC036,Track Circuit,Point Machine Servicing,Clutch slip,3,MEDIUM,2025-08-18,2025-08-18,2025-09-11,11.9,12,MEDIUM,Pending,True
SIG2069,AST0748,SEC073,Interlocking,Interlocking Test,Overlap fault,1,CRITICAL,2025-11-11,2025-11-14,2025-11-19,4.3,2,HIGH,Scheduled,True
SIG2070,AST0813,SEC063,Relay,Point Machine Servicing,Motor fault,4,LOW,2025-02-17,2025-02-17,2025-03-20,5.1,14,LOW,Pending,False
SIG2071,AST0805,SEC055,Relay,Level Crossing Maintenance,Bell failure,3,MEDIUM,2025-06-01,2025-06-04,2025-06-23,3.3,8,MEDIUM,Scheduled,False
SIG2072,AST0767,SEC017,Level Crossing Equipment,Level Crossing Maintenance,Boom barrier fault,5,LOW,2025-07-23,2025-07-24,2025-10-07,10.3,3,LOW,Pending,True
SIG2073,AST0986,SEC011,Track Circuit,Relay Replacement,Coil failure,4,LOW,2025-02-04,2025-02-07,2025-03-05,10.7,2,LOW,Pending,True
SIG2074,AST0982,SEC007,Communication Equipment,Relay Replacement,Mechanical wear,5,LOW,2025-10-27,2025-10-29,2026-01-10,1.1,10,LOW,Completed,False
SIG2075,AST0843,SEC018,Axle Counter,Track Circuit Maintenance,Receiver fault,1,CRITICAL,2025-04-03,2025-04-04,2025-04-07,7.1,3,HIGH,Completed,False
SIG2076,AST0926,SEC026,Communication Equipment,Communication Equipment Repair,Fiber break,3,MEDIUM,2025-01-02,2025-01-05,2025-01-30,4.1,12,MEDIUM,In Progress,True
SIG2077,AST0764,SEC014,Interlocking,Point Machine Servicing,Motor fault,5,LOW,2025-05-01,2025-05-04,2025-06-30,7.1,13,LOW,Pending,True
SIG2078,AST0870,SEC045,Communication Equipment,Track Circuit Maintenance,Insulation failure,1,CRITICAL,2025-10-27,2025-10-27,2025-11-02,8.9,2,HIGH,In Progress,True
SIG2079,AST0923,SEC023,Axle Counter,Signal Inspection,Signal post tilt,2,HIGH,2025-03-09,2025-03-12,2025-03-23,3.3,6,HIGH,Scheduled,True
SIG2080,AST0992,SEC017,Signal,Communication Equipment Repair,OFC splice loss,3,MEDIUM,2025-05-21,2025-05-24,2025-06-23,5.6,15,MEDIUM,Completed,True
SIG2081,AST0784,SEC034,Signal,Level Crossing Maintenance,Lighting defect,5,LOW,2025-11-07,2025-11-08,2026-01-23,11.8,7,LOW,Completed,True
SIG2082,AST0825,SEC075,Point Machine,Axle Counter Calibration,Count error,4,LOW,2025-03-01,2025-03-02,2025-04-10,2.1,10,LOW,Pending,True
SIG2083,AST0714,SEC039,Track Circuit,Signal Inspection,Signal post tilt,3,MEDIUM,2025-04-09,2025-04-12,2025-05-02,3.1,5,MEDIUM,Completed,True
SIG2084,AST0943,SEC043,Level Crossing Equipment,Point Machine Servicing,Lock bar defect,3,MEDIUM,2025-08-11,2025-08-12,2025-09-02,8.9,5,MEDIUM,In Progress,False
SIG2085,AST0724,SEC049,Interlocking,Communication Equipment Repair,Fiber break,4,LOW,2025-06-24,2025-06-27,2025-08-01,2.3,7,LOW,Cancelled,True
SIG2086,AST0855,SEC030,Level Crossing Equipment,Communication Equipment Repair,Control phone failure,2,HIGH,2025-03-15,2025-03-18,2025-03-27,9.8,13,HIGH,Cancelled,False
SIG2087,AST0891,SEC066,Axle Counter,Track Circuit Maintenance,Insulation failure,3,MEDIUM,2025-04-10,2025-04-13,2025-05-10,7.0,4,MEDIUM,Pending,False
SIG2088,AST0877,SEC052,Relay,Signal Inspection,Aspect error,4,LOW,2025-04-16,2025-04-18,2025-05-21,3.5,14,LOW,Pending,False
SIG2089,AST0843,SEC018,Axle Counter,Axle Counter Calibration,Reset failure,2,HIGH,2025-06-12,2025-06-14,2025-06-21,10.9,7,HIGH,Pending,False
SIG2090,AST0884,SEC059,Interlocking,Interlocking Test,Signal interlocking mismatch,5,LOW,2025-09-27,2025-09-30,2025-11-30,10.4,15,LOW,Scheduled,True
SIG2091,AST0764,SEC014,Interlocking,Signal Inspection,Lamp failure,3,MEDIUM,2025-05-30,2025-06-01,2025-06-22,8.8,12,MEDIUM,In Progress,True
SIG2092,AST0721,SEC046,Point Machine,Signal Inspection,Lamp failure,4,LOW,2025-09-24,2025-09-25,2025-11-15,11.0,13,LOW,Pending,False
SIG2093,AST0922,SEC022,Track Circuit,Track Circuit Maintenance,Feed-end issue,4,LOW,2025-08-31,2025-08-31,2025-10-09,11.3,5,LOW,Completed,False
SIG2094,AST0950,SEC050,Communication Equipment,Relay Replacement,Contact oxidation,2,HIGH,2025-03-21,2025-03-22,2025-04-05,9.5,4,HIGH,Pending,False
SIG2095,AST0763,SEC013,Axle Counter,Axle Counter Calibration,Reset failure,1,CRITICAL,2025-06-01,2025-06-03,2025-06-07,7.3,9,HIGH,Cancelled,False
SIG2096,AST0774,SEC024,Communication Equipment,Axle Counter Calibration,Reset failure,3,MEDIUM,2025-04-08,2025-04-08,2025-05-06,10.8,11,MEDIUM,Scheduled,True
SIG2097,AST0865,SEC040,Point Machine,Signal Inspection,Aspect error,3,MEDIUM,2025-08-13,2025-08-15,2025-09-02,6.6,6,MEDIUM,In Progress,True
SIG2098,AST0740,SEC065,Interlocking,Communication Equipment Repair,OFC splice loss,5,LOW,2025-11-03,2025-11-03,2026-01-15,7.4,5,LOW,Completed,True
SIG2099,AST0974,SEC074,Communication Equipment,Level Crossing Maintenance,Bell failure,1,CRITICAL,2025-07-04,2025-07-04,2025-07-09,10.5,10,HIGH,In Progress,False
SIG2100,AST0994,SEC019,Track Circuit,Relay Replacement,Coil failure,2,HIGH,2025-11-23,2025-11-25,2025-12-09,7.1,3,HIGH,Pending,True
SIG2101,AST0955,SEC055,Axle Counter,Point Machine Servicing,Clutch slip,4,LOW,2025-07-23,2025-07-24,2025-08-24,11.7,14,LOW,Scheduled,True
SIG2102,AST0987,SEC012,Axle Counter,Interlocking Test,Route locking fault,5,LOW,2025-09-29,2025-10-02,2025-11-24,4.7,9,LOW,Scheduled,False
SIG2103,AST0831,SEC006,Level Crossing Equipment,Relay Replacement,Mechanical wear,1,CRITICAL,2025-09-24,2025-09-24,2025-09-28,7.1,8,HIGH,Pending,False
SIG2104,AST0786,SEC036,Track Circuit,Signal Inspection,Signal post tilt,3,MEDIUM,2025-02-23,2025-02-24,2025-03-24,4.4,9,MEDIUM,Pending,True
SIG2105,AST0885,SEC060,Relay,Point Machine Servicing,Lock bar defect,3,MEDIUM,2025-05-02,2025-05-02,2025-05-28,4.6,5,MEDIUM,Completed,True
SIG2106,AST0719,SEC044,Level Crossing Equipment,Signal Inspection,Aspect error,2,HIGH,2025-08-25,2025-08-26,2025-09-08,5.4,8,HIGH,In Progress,False
SIG2107,AST0801,SEC051,Point Machine,Track Circuit Maintenance,Insulation failure,4,LOW,2025-07-20,2025-07-21,2025-09-19,5.7,8,LOW,Pending,True
SIG2108,AST0927,SEC027,Level Crossing Equipment,Axle Counter Calibration,Count error,3,MEDIUM,2025-03-07,2025-03-07,2025-03-27,7.8,14,MEDIUM,Scheduled,False
SIG2109,AST0900,SEC075,Interlocking,Level Crossing Maintenance,Lighting defect,4,LOW,2025-03-26,2025-03-29,2025-04-26,2.9,11,LOW,Scheduled,True
SIG2110,AST0754,SEC004,Track Circuit,Signal Inspection,Signal post tilt,5,LOW,2025-04-18,2025-04-18,2025-05-31,5.1,14,LOW,Pending,True
SIG2111,AST0918,SEC018,Communication Equipment,Interlocking Test,Logic error,4,LOW,2025-03-20,2025-03-22,2025-04-18,5.1,15,LOW,Pending,True
SIG2112,AST0844,SEC019,Interlocking,Point Machine Servicing,Motor fault,1,CRITICAL,2025-01-07,2025-01-10,2025-01-16,9.5,12,HIGH,Pending,True
SIG2113,AST0940,SEC040,Interlocking,Level Crossing Maintenance,Gate motor issue,5,LOW,2024-12-31,2025-01-03,2025-03-26,1.1,12,LOW,Completed,True
SIG2114,AST0841,SEC016,Point Machine,Interlocking Test,Signal interlocking mismatch,4,LOW,2025-11-10,2025-11-13,2025-12-29,7.3,7,LOW,Cancelled,True
SIG2115,AST0834,SEC009,Track Circuit,Interlocking Test,Overlap fault,3,MEDIUM,2025-06-17,2025-06-18,2025-07-07,3.4,6,MEDIUM,Completed,False
SIG2116,AST0834,SEC009,Track Circuit,Communication Equipment Repair,OFC splice loss,5,LOW,2025-03-10,2025-03-13,2025-05-07,11.8,12,LOW,Scheduled,False
SIG2117,AST0807,SEC057,Level Crossing Equipment,Axle Counter Calibration,Sensor misalignment,3,MEDIUM,2025-09-19,2025-09-21,2025-10-16,6.5,3,MEDIUM,Completed,False
SIG2118,AST0771,SEC021,Axle Counter,Track Circuit Maintenance,Feed-end issue,3,MEDIUM,2025-08-22,2025-08-24,2025-09-21,4.8,3,MEDIUM,Completed,True
SIG2119,AST0707,SEC032,Axle Counter,Track Circuit Maintenance,Insulation failure,4,LOW,2025-09-02,2025-09-05,2025-10-03,5.7,6,LOW,Scheduled,True
SIG2120,AST0880,SEC055,Signal,Track Circuit Maintenance,Bonding defect,2,HIGH,2025-11-25,2025-11-27,2025-12-04,2.8,2,HIGH,Completed,True
SIG2121,AST0813,SEC063,Relay,Signal Inspection,Lens damage,5,LOW,2025-07-02,2025-07-05,2025-09-14,5.1,10,LOW,Pending,True
SIG2122,AST0973,SEC073,Relay,Relay Replacement,Timing drift,3,MEDIUM,2025-09-22,2025-09-25,2025-10-20,2.9,5,MEDIUM,Scheduled,True
SIG2123,AST0973,SEC073,Relay,Relay Replacement,Contact oxidation,5,LOW,2025-03-29,2025-03-30,2025-06-21,3.9,11,LOW,Scheduled,True
SIG2124,AST0980,SEC005,Interlocking,Track Circuit Maintenance,Bonding defect,4,LOW,2025-09-27,2025-09-28,2025-11-21,3.4,12,LOW,Pending,True
SIG2125,AST0923,SEC023,Axle Counter,Point Machine Servicing,Lock bar defect,3,MEDIUM,2025-12-08,2025-12-10,2026-01-01,7.2,15,MEDIUM,Scheduled,False
SIG2126,AST0944,SEC044,Signal,Point Machine Servicing,Motor fault,3,MEDIUM,2025-11-02,2025-11-03,2025-11-30,11.0,6,MEDIUM,Pending,True
SIG2127,AST0726,SEC051,Communication Equipment,Level Crossing Maintenance,Bell failure,3,MEDIUM,2025-01-11,2025-01-11,2025-02-07,2.5,11,MEDIUM,Completed,False
SIG2128,AST0877,SEC052,Relay,Relay Replacement,Timing drift,3,MEDIUM,2025-04-24,2025-04-25,2025-05-15,3.5,11,MEDIUM,Completed,False
SIG2129,AST0949,SEC049,Relay,Track Circuit Maintenance,Feed-end issue,4,LOW,2025-06-05,2025-06-05,2025-07-21,2.8,5,LOW,Completed,False
SIG2130,AST0979,SEC004,Axle Counter,Track Circuit Maintenance,Bonding defect,2,HIGH,2025-01-29,2025-01-31,2025-02-09,5.4,11,HIGH,Pending,True
SIG2131,AST0783,SEC033,Level Crossing Equipment,Level Crossing Maintenance,Boom barrier fault,2,HIGH,2025-03-03,2025-03-03,2025-03-13,2.3,8,HIGH,In Progress,True
SIG2132,AST0845,SEC020,Relay,Level Crossing Maintenance,Gate motor issue,5,LOW,2025-12-12,2025-12-14,2026-03-02,1.2,7,LOW,Pending,True
SIG2133,AST0919,SEC019,Level Crossing Equipment,Relay Replacement,Timing drift,3,MEDIUM,2025-10-21,2025-10-24,2025-11-10,5.1,6,MEDIUM,Pending,False
SIG2134,AST0830,SEC005,Communication Equipment,Signal Inspection,Signal post tilt,3,MEDIUM,2025-05-27,2025-05-27,2025-06-24,1.9,10,MEDIUM,Pending,False
SIG2135,AST0938,SEC038,Track Circuit,Interlocking Test,Logic error,2,HIGH,2025-02-26,2025-03-01,2025-03-11,9.3,6,HIGH,Completed,True
SIG2136,AST0744,SEC069,Signal,Relay Replacement,Coil failure,1,CRITICAL,2025-06-27,2025-06-28,2025-07-03,7.8,7,HIGH,Completed,True
SIG2137,AST0736,SEC061,Signal,Track Circuit Maintenance,Receiver fault,3,MEDIUM,2025-03-17,2025-03-17,2025-04-11,1.5,11,MEDIUM,Pending,True
SIG2138,AST0942,SEC042,Communication Equipment,Relay Replacement,Contact oxidation,4,LOW,2025-05-24,2025-05-26,2025-07-25,9.6,11,LOW,Completed,False
SIG2139,AST0850,SEC025,Track Circuit,Track Circuit Maintenance,Bonding defect,2,HIGH,2025-06-22,2025-06-25,2025-07-04,3.4,4,HIGH,Completed,True
SIG2140,AST0921,SEC021,Point Machine,Relay Replacement,Contact oxidation,5,LOW,2025-06-01,2025-06-03,2025-07-25,11.7,12,LOW,Completed,True
SIG2141,AST0901,SEC001,Relay,Track Circuit Maintenance,Bonding defect,3,MEDIUM,2025-04-30,2025-05-01,2025-05-18,6.4,7,MEDIUM,Scheduled,False
SIG2142,AST0883,SEC058,Axle Counter,Relay Replacement,Mechanical wear,2,HIGH,2025-02-23,2025-02-25,2025-03-06,2.4,8,HIGH,Pending,False
SIG2143,AST0752,SEC002,Signal,Point Machine Servicing,Detection rod issue,1,CRITICAL,2025-06-20,2025-06-23,2025-06-28,9.0,15,HIGH,In Progress,True
SIG2144,AST0970,SEC070,Track Circuit,Axle Counter Calibration,Cable fault,3,MEDIUM,2025-08-28,2025-08-28,2025-09-16,4.1,13,MEDIUM,Completed,True
SIG2145,AST0806,SEC056,Communication Equipment,Axle Counter Calibration,Cable fault,4,LOW,2025-01-12,2025-01-14,2025-02-15,1.0,6,LOW,Scheduled,False
SIG2146,AST0978,SEC003,Track Circuit,Track Circuit Maintenance,Bonding defect,3,MEDIUM,2025-11-24,2025-11-27,2025-12-11,9.7,11,MEDIUM,Pending,True
SIG2147,AST0877,SEC052,Relay,Point Machine Servicing,Detection rod issue,3,MEDIUM,2025-04-13,2025-04-16,2025-05-01,7.8,14,MEDIUM,Completed,True
SIG2148,AST0778,SEC028,Track Circuit,Point Machine Servicing,Clutch slip,4,LOW,2025-04-24,2025-04-27,2025-06-01,1.8,11,LOW,Cancelled,True
SIG2149,AST0915,SEC015,Axle Counter,Track Circuit Maintenance,Insulation failure,4,LOW,2025-09-27,2025-09-27,2025-10-29,8.8,7,LOW,Scheduled,False
SIG2150,AST0709,SEC034,Relay,Point Machine Servicing,Lock bar defect,1,CRITICAL,2025-02-20,2025-02-21,2025-02-25,11.2,8,HIGH,In Progress,False
SIG2151,AST0919,SEC019,Level Crossing Equipment,Level Crossing Maintenance,Bell failure,4,LOW,2025-02-11,2025-02-11,2025-03-22,7.1,7,LOW,Cancelled,True
SIG2152,AST0866,SEC041,Track Circuit,Signal Inspection,Aspect error,2,HIGH,2025-06-21,2025-06-24,2025-07-09,11.7,11,HIGH,Scheduled,True
SIG2153,AST0932,SEC032,Interlocking,Relay Replacement,Timing drift,2,HIGH,2025-06-06,2025-06-06,2025-06-21,8.3,15,HIGH,Pending,True
SIG2154,AST0760,SEC010,Signal,Track Circuit Maintenance,Feed-end issue,3,MEDIUM,2025-09-27,2025-09-27,2025-10-25,11.2,7,MEDIUM,Scheduled,True
SIG2155,AST0961,SEC061,Point Machine,Relay Replacement,Contact oxidation,4,LOW,2025-01-12,2025-01-13,2025-03-09,4.4,15,LOW,Completed,True
SIG2156,AST0971,SEC071,Axle Counter,Point Machine Servicing,Clutch slip,1,CRITICAL,2025-03-25,2025-03-26,2025-04-02,11.0,4,HIGH,Scheduled,False
SIG2157,AST0709,SEC034,Relay,Signal Inspection,Aspect error,2,HIGH,2025-01-30,2025-01-30,2025-02-14,11.8,9,HIGH,Completed,True
SIG2158,AST0952,SEC052,Signal,Track Circuit Maintenance,Bonding defect,1,CRITICAL,2025-06-07,2025-06-08,2025-06-15,9.6,11,HIGH,Completed,True
SIG2159,AST0757,SEC007,Relay,Communication Equipment Repair,Control phone failure,3,MEDIUM,2025-09-20,2025-09-23,2025-10-10,2.0,10,MEDIUM,Pending,True
SIG2160,AST0954,SEC054,Track Circuit,Relay Replacement,Contact oxidation,2,HIGH,2025-10-12,2025-10-13,2025-10-20,7.4,8,HIGH,Cancelled,True
SIG2161,AST0941,SEC041,Relay,Axle Counter Calibration,Cable fault,3,MEDIUM,2025-11-24,2025-11-24,2025-12-24,8.0,13,MEDIUM,Pending,False
SIG2162,AST0749,SEC074,Relay,Track Circuit Maintenance,Insulation failure,3,MEDIUM,2025-01-31,2025-02-03,2025-02-19,3.6,4,MEDIUM,Pending,True
SIG2163,AST0788,SEC038,Interlocking,Interlocking Test,Signal interlocking mismatch,3,MEDIUM,2025-08-16,2025-08-19,2025-09-16,5.5,15,MEDIUM,Completed,True
SIG2164,AST0969,SEC069,Point Machine,Point Machine Servicing,Detection rod issue,1,CRITICAL,2025-05-19,2025-05-22,2025-05-29,10.6,13,HIGH,Completed,False
SIG2165,AST0868,SEC043,Interlocking,Level Crossing Maintenance,Boom barrier fault,3,MEDIUM,2025-01-29,2025-01-29,2025-02-21,11.1,9,MEDIUM,In Progress,True
SIG2166,AST0858,SEC033,Track Circuit,Axle Counter Calibration,Cable fault,4,LOW,2025-09-15,2025-09-17,2025-11-14,8.1,13,LOW,Completed,False
SIG2167,AST0735,SEC060,Level Crossing Equipment,Axle Counter Calibration,Cable fault,2,HIGH,2025-11-06,2025-11-08,2025-11-22,9.3,2,HIGH,Cancelled,False
SIG2168,AST0996,SEC021,Interlocking,Interlocking Test,Route locking fault,4,LOW,2025-10-12,2025-10-14,2025-11-27,7.0,11,LOW,Completed,True
SIG2169,AST0946,SEC046,Track Circuit,Interlocking Test,Overlap fault,2,HIGH,2025-06-10,2025-06-13,2025-06-26,5.8,12,HIGH,Completed,True
SIG2170,AST0905,SEC005,Point Machine,Relay Replacement,Contact oxidation,4,LOW,2025-05-30,2025-05-30,2025-06-30,10.8,14,LOW,In Progress,True
SIG2171,AST0909,SEC009,Relay,Level Crossing Maintenance,Bell failure,5,LOW,2025-04-26,2025-04-26,2025-06-11,1.6,8,LOW,Pending,False
SIG2172,AST0807,SEC057,Level Crossing Equipment,Interlocking Test,Overlap fault,1,CRITICAL,2025-06-06,2025-06-06,2025-06-12,4.5,3,HIGH,Pending,True
SIG2173,AST0959,SEC059,Level Crossing Equipment,Interlocking Test,Route locking fault,3,MEDIUM,2025-07-14,2025-07-14,2025-08-11,3.6,15,MEDIUM,Cancelled,True
SIG2174,AST0986,SEC011,Track Circuit,Interlocking Test,Route locking fault,4,LOW,2025-08-27,2025-08-29,2025-10-13,5.1,12,LOW,Completed,True
SIG2175,AST0969,SEC069,Point Machine,Communication Equipment Repair,Control phone failure,3,MEDIUM,2025-09-17,2025-09-18,2025-10-12,6.9,10,MEDIUM,In Progress,True
SIG2176,AST0933,SEC033,Relay,Signal Inspection,Lamp failure,5,LOW,2025-04-16,2025-04-18,2025-07-02,9.9,2,LOW,Pending,False
SIG2177,AST0774,SEC024,Communication Equipment,Communication Equipment Repair,Radio fault,3,MEDIUM,2025-01-17,2025-01-17,2025-02-13,7.0,2,MEDIUM,Pending,False
SIG2178,AST0875,SEC050,Axle Counter,Interlocking Test,Route locking fault,2,HIGH,2025-05-18,2025-05-21,2025-06-04,10.0,3,HIGH,Completed,True
SIG2179,AST0959,SEC059,Level Crossing Equipment,Relay Replacement,Coil failure,4,LOW,2025-10-14,2025-10-15,2025-11-22,9.9,5,LOW,Completed,True
SIG2180,AST0773,SEC023,Relay,Track Circuit Maintenance,Feed-end issue,1,CRITICAL,2025-02-17,2025-02-19,2025-02-25,5.2,4,HIGH,Cancelled,False
SIG2181,AST0993,SEC018,Point Machine,Level Crossing Maintenance,Gate motor issue,4,LOW,2025-01-20,2025-01-22,2025-02-27,3.2,3,LOW,Completed,True
SIG2182,AST0873,SEC048,Point Machine,Point Machine Servicing,Clutch slip,3,MEDIUM,2025-11-02,2025-11-03,2025-11-23,7.0,5,MEDIUM,Pending,False
SIG2183,AST0766,SEC016,Communication Equipment,Communication Equipment Repair,Fiber break,3,MEDIUM,2025-10-24,2025-10-24,2025-11-20,2.0,11,MEDIUM,Completed,True
SIG2184,AST0819,SEC069,Axle Counter,Point Machine Servicing,Detection rod issue,2,HIGH,2025-10-28,2025-10-28,2025-11-10,6.0,10,HIGH,Completed,True
SIG2185,AST0800,SEC050,Signal,Signal Inspection,Signal post tilt,3,MEDIUM,2025-03-01,2025-03-04,2025-03-28,8.3,11,MEDIUM,Scheduled,True
SIG2186,AST0741,SEC066,Relay,Axle Counter Calibration,Reset failure,4,LOW,2025-10-06,2025-10-06,2025-12-05,6.4,13,LOW,Completed,True
SIG2187,AST0878,SEC053,Communication Equipment,Interlocking Test,Signal interlocking mismatch,1,CRITICAL,2025-06-09,2025-06-10,2025-06-16,7.8,14,HIGH,Pending,False
SIG2188,AST0998,SEC023,Communication Equipment,Track Circuit Maintenance,Receiver fault,5,LOW,2025-11-03,2025-11-05,2025-12-28,7.9,7,LOW,Scheduled,False
SIG2189,AST0885,SEC060,Relay,Point Machine Servicing,Clutch slip,3,MEDIUM,2025-12-11,2025-12-14,2025-12-29,7.8,2,MEDIUM,Scheduled,False
SIG2190,AST0906,SEC006,Track Circuit,Axle Counter Calibration,Reset failure,2,HIGH,2025-02-05,2025-02-07,2025-02-17,11.1,13,HIGH,Completed,True
SIG2191,AST0761,SEC011,Point Machine,Level Crossing Maintenance,Gate motor issue,4,LOW,2025-06-06,2025-06-08,2025-08-07,7.2,10,LOW,Cancelled,True
SIG2192,AST0991,SEC016,Level Crossing Equipment,Point Machine Servicing,Motor fault,1,CRITICAL,2025-01-05,2025-01-06,2025-01-11,9.0,14,HIGH,In Progress,False
SIG2193,AST0707,SEC032,Axle Counter,Relay Replacement,Coil failure,4,LOW,2025-06-12,2025-06-15,2025-07-25,7.6,4,LOW,Cancelled,False
SIG2194,AST0886,SEC061,Communication Equipment,Relay Replacement,Timing drift,1,CRITICAL,2025-12-13,2025-12-16,2025-12-19,4.1,5,HIGH,Completed,False
SIG2195,AST0927,SEC027,Level Crossing Equipment,Interlocking Test,Overlap fault,1,CRITICAL,2025-08-20,2025-08-21,2025-08-27,7.4,7,HIGH,Completed,False
SIG2196,AST0804,SEC054,Interlocking,Interlocking Test,Logic error,4,LOW,2025-06-14,2025-06-14,2025-08-03,3.5,6,LOW,Completed,False
SIG2197,AST0761,SEC011,Point Machine,Track Circuit Maintenance,Bonding defect,4,LOW,2025-05-12,2025-05-15,2025-06-20,3.4,5,LOW,Completed,False
SIG2198,AST0711,SEC036,Level Crossing Equipment,Level Crossing Maintenance,Boom barrier fault,3,MEDIUM,2025-08-31,2025-09-01,2025-09-16,7.7,11,MEDIUM,Cancelled,False
SIG2199,AST0714,SEC039,Track Circuit,Track Circuit Maintenance,Insulation failure,3,MEDIUM,2025-10-05,2025-10-08,2025-11-02,6.4,3,MEDIUM,Pending,True
SIG2200,AST0838,SEC013,Communication Equipment,Track Circuit Maintenance,Bonding defect,2,HIGH,2025-07-25,2025-07-25,2025-08-05,1.1,13,HIGH,Scheduled,False
SIG2201,AST0951,SEC051,Level Crossing Equipment,Communication Equipment Repair,Radio fault,3,MEDIUM,2025-02-13,2025-02-13,2025-03-04,2.8,7,MEDIUM,Pending,True
SIG2202,AST0746,SEC071,Track Circuit,Point Machine Servicing,Detection rod issue,4,LOW,2025-11-29,2025-11-29,2026-01-12,7.7,13,LOW,Completed,True
SIG2203,AST0768,SEC018,Signal,Level Crossing Maintenance,Bell failure,4,LOW,2025-03-15,2025-03-17,2025-04-19,4.3,3,LOW,In Progress,True
SIG2204,AST0833,SEC008,Point Machine,Interlocking Test,Overlap fault,5,LOW,2025-10-06,2025-10-09,2025-11-24,7.1,15,LOW,Pending,True
SIG2205,AST0833,SEC008,Point Machine,Interlocking Test,Signal interlocking mismatch,4,LOW,2025-12-18,2025-12-19,2026-01-17,8.5,10,LOW,Pending,True
SIG2206,AST0798,SEC048,Communication Equipment,Signal Inspection,Lamp failure,3,MEDIUM,2025-08-04,2025-08-06,2025-08-24,4.0,2,MEDIUM,Completed,True
SIG2207,AST0773,SEC023,Relay,Axle Counter Calibration,Count error,3,MEDIUM,2025-11-26,2025-11-26,2025-12-17,11.5,6,MEDIUM,Completed,False
SIG2208,AST0774,SEC024,Communication Equipment,Communication Equipment Repair,OFC splice loss,2,HIGH,2025-10-30,2025-10-31,2025-11-11,2.6,5,HIGH,Pending,True
SIG2209,AST0884,SEC059,Interlocking,Point Machine Servicing,Lock bar defect,3,MEDIUM,2025-03-02,2025-03-05,2025-03-24,9.4,6,MEDIUM,Completed,True
SIG2210,AST0746,SEC071,Track Circuit,Signal Inspection,Aspect error,4,LOW,2025-02-25,2025-02-28,2025-04-06,6.4,7,LOW,In Progress,False
SIG2211,AST0807,SEC057,Level Crossing Equipment,Signal Inspection,Signal post tilt,4,LOW,2025-02-27,2025-03-01,2025-04-15,10.4,14,LOW,Pending,True
SIG2212,AST0865,SEC040,Point Machine,Axle Counter Calibration,Sensor misalignment,3,MEDIUM,2025-11-12,2025-11-15,2025-12-13,7.3,11,MEDIUM,Scheduled,True
SIG2213,AST0854,SEC029,Communication Equipment,Relay Replacement,Timing drift,2,HIGH,2025-06-11,2025-06-12,2025-06-27,5.1,14,HIGH,Completed,True
SIG2214,AST0939,SEC039,Axle Counter,Point Machine Servicing,Motor fault,1,CRITICAL,2025-07-13,2025-07-15,2025-07-22,5.3,7,HIGH,Cancelled,False
SIG2215,AST0771,SEC021,Axle Counter,Track Circuit Maintenance,Receiver fault,4,LOW,2025-12-03,2025-12-04,2026-02-02,11.7,9,LOW,Scheduled,False
SIG2216,AST0893,SEC068,Relay,Track Circuit Maintenance,Bonding defect,4,LOW,2025-06-10,2025-06-13,2025-07-12,4.3,14,LOW,Scheduled,False
SIG2217,AST0945,SEC045,Point Machine,Relay Replacement,Contact oxidation,3,MEDIUM,2025-02-14,2025-02-15,2025-03-06,2.5,14,MEDIUM,Completed,True
SIG2218,AST0907,SEC007,Axle Counter,Relay Replacement,Mechanical wear,1,CRITICAL,2025-07-18,2025-07-18,2025-07-24,5.1,14,HIGH,Completed,False
SIG2219,AST0851,SEC026,Axle Counter,Interlocking Test,Overlap fault,3,MEDIUM,2025-09-02,2025-09-04,2025-09-23,11.7,9,MEDIUM,Completed,False
SIG2220,AST0730,SEC055,Track Circuit,Signal Inspection,Lamp failure,4,LOW,2025-03-30,2025-04-01,2025-04-30,11.7,15,LOW,In Progress,True
SIG2221,AST0857,SEC032,Point Machine,Signal Inspection,Lamp failure,1,CRITICAL,2025-03-28,2025-03-28,2025-04-01,5.4,11,HIGH,In Progress,True
SIG2222,AST0750,SEC075,Communication Equipment,Communication Equipment Repair,Control phone failure,3,MEDIUM,2025-10-17,2025-10-19,2025-11-18,11.9,13,MEDIUM,In Progress,True
SIG2223,AST0810,SEC060,Track Circuit,Axle Counter Calibration,Cable fault,2,HIGH,2025-08-09,2025-08-09,2025-08-24,8.4,8,HIGH,Pending,True
SIG2224,AST0849,SEC024,Point Machine,Track Circuit Maintenance,Receiver fault,5,LOW,2025-05-10,2025-05-10,2025-07-23,5.8,12,LOW,Pending,True
SIG2225,AST0884,SEC059,Interlocking,Relay Replacement,Contact oxidation,3,MEDIUM,2025-01-10,2025-01-10,2025-02-06,2.5,5,MEDIUM,Scheduled,True
SIG2226,AST0745,SEC070,Point Machine,Relay Replacement,Contact oxidation,2,HIGH,2025-12-01,2025-12-01,2025-12-14,3.2,15,HIGH,Completed,True
SIG2227,AST0899,SEC074,Axle Counter,Axle Counter Calibration,Sensor misalignment,2,HIGH,2025-06-25,2025-06-25,2025-07-04,2.2,6,HIGH,Completed,False
SIG2228,AST0999,SEC024,Level Crossing Equipment,Signal Inspection,Lamp failure,3,MEDIUM,2025-10-25,2025-10-26,2025-11-12,3.4,4,MEDIUM,Pending,True
SIG2229,AST0975,SEC075,Level Crossing Equipment,Signal Inspection,Lens damage,4,LOW,2025-08-09,2025-08-09,2025-09-17,8.5,14,LOW,Pending,False
SIG2230,AST0787,SEC037,Axle Counter,Communication Equipment Repair,OFC splice loss,2,HIGH,2025-09-19,2025-09-22,2025-10-07,5.6,2,HIGH,Completed,True
SIG2231,AST0822,SEC072,Communication Equipment,Axle Counter Calibration,Count error,4,LOW,2025-02-28,2025-02-28,2025-04-29,7.8,10,LOW,Completed,True
SIG2232,AST0824,SEC074,Signal,Axle Counter Calibration,Cable fault,4,LOW,2025-06-18,2025-06-19,2025-08-06,11.6,15,LOW,Completed,True
SIG2233,AST0892,SEC067,Interlocking,Level Crossing Maintenance,Lighting defect,2,HIGH,2025-08-10,2025-08-10,2025-08-22,4.4,13,HIGH,Scheduled,False
SIG2234,AST0768,SEC018,Signal,Axle Counter Calibration,Count error,2,HIGH,2025-10-27,2025-10-27,2025-11-06,6.3,5,HIGH,Completed,True
SIG2235,AST0981,SEC006,Relay,Track Circuit Maintenance,Insulation failure,3,MEDIUM,2025-01-26,2025-01-26,2025-02-25,1.3,4,MEDIUM,Cancelled,False
SIG2236,AST0701,SEC026,Relay,Point Machine Servicing,Clutch slip,3,MEDIUM,2025-01-15,2025-01-17,2025-02-09,10.8,8,MEDIUM,Cancelled,False
SIG2237,AST0709,SEC034,Relay,Signal Inspection,Aspect error,3,MEDIUM,2025-05-25,2025-05-25,2025-06-20,6.7,15,MEDIUM,Completed,True
SIG2238,AST0788,SEC038,Interlocking,Interlocking Test,Logic error,2,HIGH,2025-12-09,2025-12-09,2025-12-23,11.5,9,HIGH,Pending,True
SIG2239,AST0713,SEC038,Point Machine,Communication Equipment Repair,Control phone failure,3,MEDIUM,2025-07-10,2025-07-13,2025-08-03,8.6,14,MEDIUM,In Progress,True
SIG2240,AST0970,SEC070,Track Circuit,Level Crossing Maintenance,Bell failure,3,MEDIUM,2025-01-18,2025-01-20,2025-02-17,3.8,5,MEDIUM,Completed,True
SIG2241,AST0719,SEC044,Level Crossing Equipment,Communication Equipment Repair,Control phone failure,1,CRITICAL,2025-04-02,2025-04-02,2025-04-08,2.3,7,HIGH,Pending,False
SIG2242,AST0814,SEC064,Communication Equipment,Track Circuit Maintenance,Feed-end issue,1,CRITICAL,2025-08-10,2025-08-13,2025-08-20,11.3,3,HIGH,Scheduled,False
SIG2243,AST0731,SEC056,Axle Counter,Axle Counter Calibration,Sensor misalignment,5,LOW,2025-10-25,2025-10-26,2026-01-19,4.3,2,LOW,Completed,False
SIG2244,AST0890,SEC065,Track Circuit,Signal Inspection,Signal post tilt,2,HIGH,2025-10-14,2025-10-14,2025-10-23,11.0,12,HIGH,Completed,True
SIG2245,AST0843,SEC018,Axle Counter,Interlocking Test,Signal interlocking mismatch,2,HIGH,2025-04-17,2025-04-18,2025-04-29,2.3,13,HIGH,Pending,False
SIG2246,AST0811,SEC061,Axle Counter,Axle Counter Calibration,Reset failure,5,LOW,2025-09-11,2025-09-14,2025-11-22,8.9,6,LOW,Pending,False
SIG2247,AST0768,SEC018,Signal,Track Circuit Maintenance,Receiver fault,3,MEDIUM,2025-10-21,2025-10-22,2025-11-18,2.2,14,MEDIUM,Cancelled,True
SIG2248,AST0974,SEC074,Communication Equipment,Level Crossing Maintenance,Boom barrier fault,2,HIGH,2025-12-19,2025-12-19,2026-01-02,4.4,3,HIGH,Pending,False
SIG2249,AST0760,SEC010,Signal,Track Circuit Maintenance,Insulation failure,2,HIGH,2025-06-10,2025-06-13,2025-06-21,9.6,14,HIGH,Pending,True
SIG2250,AST0773,SEC023,Relay,Axle Counter Calibration,Sensor misalignment,3,MEDIUM,2025-05-23,2025-05-24,2025-06-11,10.0,3,MEDIUM,Completed,False
SIG2251,AST0829,SEC004,Relay,Level Crossing Maintenance,Boom barrier fault,5,LOW,2025-10-22,2025-10-22,2026-01-08,9.7,15,LOW,Scheduled,False
SIG2252,AST0935,SEC035,Level Crossing Equipment,Level Crossing Maintenance,Lighting defect,2,HIGH,2025-02-10,2025-02-12,2025-02-22,6.7,4,HIGH,Scheduled,False
SIG2253,AST0976,SEC001,Signal,Track Circuit Maintenance,Insulation failure,3,MEDIUM,2025-08-09,2025-08-12,2025-09-08,1.8,7,MEDIUM,Pending,False
SIG2254,AST0811,SEC061,Axle Counter,Track Circuit Maintenance,Receiver fault,3,MEDIUM,2025-02-01,2025-02-04,2025-03-01,2.0,4,MEDIUM,Completed,False
SIG2255,AST0751,SEC001,Level Crossing Equipment,Communication Equipment Repair,OFC splice loss,2,HIGH,2025-12-10,2025-12-10,2025-12-24,7.4,8,HIGH,Scheduled,False
SIG2256,AST0849,SEC024,Point Machine,Track Circuit Maintenance,Insulation failure,3,MEDIUM,2025-09-14,2025-09-16,2025-10-15,5.2,6,MEDIUM,Completed,True
SIG2257,AST0915,SEC015,Axle Counter,Relay Replacement,Mechanical wear,2,HIGH,2025-07-15,2025-07-15,2025-07-29,3.5,13,HIGH,Completed,False
SIG2258,AST0879,SEC054,Level Crossing Equipment,Relay Replacement,Mechanical wear,4,LOW,2025-06-12,2025-06-13,2025-07-27,4.3,12,LOW,Completed,False
SIG2259,AST0938,SEC038,Track Circuit,Level Crossing Maintenance,Gate motor issue,1,CRITICAL,2025-05-03,2025-05-06,2025-05-11,4.8,10,HIGH,Completed,False
SIG2260,AST0739,SEC064,Axle Counter,Communication Equipment Repair,Control phone failure,4,LOW,2025-12-16,2025-12-18,2026-02-13,8.3,10,LOW,In Progress,False
SIG2261,AST0968,SEC068,Signal,Axle Counter Calibration,Sensor misalignment,2,HIGH,2025-12-01,2025-12-01,2025-12-12,5.3,9,HIGH,Completed,True
SIG2262,AST0742,SEC067,Communication Equipment,Signal Inspection,Signal post tilt,3,MEDIUM,2025-11-23,2025-11-25,2025-12-09,3.4,10,MEDIUM,Completed,False
SIG2263,AST0995,SEC020,Axle Counter,Level Crossing Maintenance,Lighting defect,1,CRITICAL,2025-10-09,2025-10-09,2025-10-13,1.6,4,HIGH,Pending,True
SIG2264,AST0717,SEC042,Relay,Axle Counter Calibration,Cable fault,5,LOW,2025-02-28,2025-02-28,2025-04-20,9.0,5,LOW,Scheduled,True
SIG2265,AST0870,SEC045,Communication Equipment,Relay Replacement,Mechanical wear,3,MEDIUM,2025-11-09,2025-11-11,2025-11-27,8.6,10,MEDIUM,Scheduled,False
SIG2266,AST0925,SEC025,Relay,Relay Replacement,Mechanical wear,1,CRITICAL,2025-11-03,2025-11-04,2025-11-07,9.8,15,HIGH,Completed,False
SIG2267,AST0907,SEC007,Axle Counter,Relay Replacement,Contact oxidation,3,MEDIUM,2025-07-06,2025-07-09,2025-08-08,6.8,4,MEDIUM,Completed,True
SIG2268,AST0932,SEC032,Interlocking,Interlocking Test,Route locking fault,3,MEDIUM,2025-10-19,2025-10-21,2025-11-17,7.5,12,MEDIUM,Completed,False
SIG2269,AST0819,SEC069,Axle Counter,Track Circuit Maintenance,Insulation failure,4,LOW,2025-11-30,2025-11-30,2026-01-22,5.4,13,LOW,In Progress,True
SIG2270,AST0867,SEC042,Axle Counter,Level Crossing Maintenance,Boom barrier fault,4,LOW,2025-08-08,2025-08-09,2025-09-05,11.3,10,LOW,Pending,False
SIG2271,AST0720,SEC045,Signal,Interlocking Test,Route locking fault,3,MEDIUM,2025-04-10,2025-04-10,2025-04-29,11.8,6,MEDIUM,Pending,True
SIG2272,AST0739,SEC064,Axle Counter,Axle Counter Calibration,Sensor misalignment,5,LOW,2025-09-04,2025-09-07,2025-10-28,11.2,3,LOW,Cancelled,False
SIG2273,AST0954,SEC054,Track Circuit,Axle Counter Calibration,Count error,2,HIGH,2025-07-11,2025-07-14,2025-07-22,5.6,7,HIGH,Completed,True
SIG2274,AST0791,SEC041,Level Crossing Equipment,Axle Counter Calibration,Count error,4,LOW,2025-03-20,2025-03-20,2025-04-18,9.3,11,LOW,Completed,False
SIG2275,AST0923,SEC023,Axle Counter,Communication Equipment Repair,OFC splice loss,5,LOW,2025-05-20,2025-05-22,2025-07-03,11.8,6,LOW,Completed,False
SIG2276,AST0857,SEC032,Point Machine,Point Machine Servicing,Motor fault,2,HIGH,2025-02-02,2025-02-03,2025-02-16,9.5,15,HIGH,Completed,False
SIG2277,AST0967,SEC067,Level Crossing Equipment,Communication Equipment Repair,Fiber break,2,HIGH,2025-02-03,2025-02-06,2025-02-21,4.7,7,HIGH,Scheduled,True
SIG2278,AST0850,SEC025,Track Circuit,Level Crossing Maintenance,Lighting defect,4,LOW,2025-10-17,2025-10-19,2025-12-13,6.4,6,LOW,Pending,True
SIG2279,AST0719,SEC044,Level Crossing Equipment,Communication Equipment Repair,Fiber break,1,CRITICAL,2025-05-29,2025-05-29,2025-06-02,1.6,11,HIGH,Cancelled,False
SIG2280,AST0805,SEC055,Relay,Relay Replacement,Coil failure,3,MEDIUM,2025-04-30,2025-04-30,2025-05-29,5.1,3,MEDIUM,Completed,False
SIG2281,AST0812,SEC062,Interlocking,Relay Replacement,Contact oxidation,5,LOW,2025-01-26,2025-01-26,2025-04-23,3.8,12,LOW,Scheduled,True
SIG2282,AST0993,SEC018,Point Machine,Axle Counter Calibration,Sensor misalignment,5,LOW,2025-07-19,2025-07-22,2025-10-04,4.7,3,LOW,Cancelled,True
SIG2283,AST0774,SEC024,Communication Equipment,Track Circuit Maintenance,Insulation failure,3,MEDIUM,2025-10-30,2025-10-30,2025-11-23,3.6,6,MEDIUM,Pending,False
SIG2284,AST0840,SEC015,Signal,Relay Replacement,Mechanical wear,4,LOW,2025-04-16,2025-04-19,2025-06-07,11.5,5,LOW,In Progress,True
SIG2285,AST0886,SEC061,Communication Equipment,Level Crossing Maintenance,Gate motor issue,3,MEDIUM,2024-12-30,2025-01-02,2025-01-19,1.4,15,MEDIUM,Completed,False
SIG2286,AST0891,SEC066,Axle Counter,Track Circuit Maintenance,Insulation failure,4,LOW,2025-07-31,2025-08-03,2025-09-14,7.6,9,LOW,Completed,True
SIG2287,AST0831,SEC006,Level Crossing Equipment,Relay Replacement,Mechanical wear,1,CRITICAL,2025-04-06,2025-04-07,2025-04-14,1.9,9,HIGH,Scheduled,True
SIG2288,AST0817,SEC067,Point Machine,Communication Equipment Repair,OFC splice loss,5,LOW,2025-05-04,2025-05-07,2025-07-17,4.1,7,LOW,Completed,False
SIG2289,AST0964,SEC064,Interlocking,Communication Equipment Repair,Fiber break,2,HIGH,2025-04-23,2025-04-23,2025-05-07,4.1,3,HIGH,Pending,True
SIG2290,AST0824,SEC074,Signal,Relay Replacement,Mechanical wear,3,MEDIUM,2025-01-06,2025-01-09,2025-01-24,11.2,9,MEDIUM,Cancelled,True
SIG2291,AST0892,SEC067,Interlocking,Communication Equipment Repair,Fiber break,3,MEDIUM,2025-03-23,2025-03-24,2025-04-23,1.5,6,MEDIUM,Completed,True
SIG2292,AST0884,SEC059,Interlocking,Track Circuit Maintenance,Receiver fault,3,MEDIUM,2025-04-03,2025-04-06,2025-05-04,1.5,12,MEDIUM,Scheduled,True
SIG2293,AST0760,SEC010,Signal,Axle Counter Calibration,Reset failure,2,HIGH,2025-03-09,2025-03-09,2025-03-21,4.7,7,HIGH,Pending,True
SIG2294,AST0935,SEC035,Level Crossing Equipment,Track Circuit Maintenance,Insulation failure,5,LOW,2025-12-07,2025-12-09,2026-01-29,8.0,12,LOW,Scheduled,True
SIG2295,AST0756,SEC006,Interlocking,Axle Counter Calibration,Sensor misalignment,4,LOW,2025-07-14,2025-07-16,2025-08-10,10.2,11,LOW,Completed,True
SIG2296,AST0750,SEC075,Communication Equipment,Axle Counter Calibration,Cable fault,3,MEDIUM,2025-02-15,2025-02-16,2025-03-05,3.2,15,MEDIUM,Scheduled,False
SIG2297,AST0843,SEC018,Axle Counter,Level Crossing Maintenance,Bell failure,3,MEDIUM,2025-11-21,2025-11-21,2025-12-07,5.5,11,MEDIUM,Pending,False
SIG2298,AST0839,SEC014,Level Crossing Equipment,Interlocking Test,Route locking fault,3,MEDIUM,2025-01-12,2025-01-12,2025-02-05,4.4,4,MEDIUM,Completed,True
SIG2299,AST0706,SEC031,Track Circuit,Track Circuit Maintenance,Receiver fault,2,HIGH,2025-04-13,2025-04-14,2025-04-24,2.5,6,HIGH,Pending,True
SIG2300,AST0866,SEC041,Track Circuit,Relay Replacement,Coil failure,3,MEDIUM,2025-03-11,2025-03-13,2025-03-29,5.9,15,MEDIUM,Completed,True
SIG2301,AST0805,SEC055,Relay,Communication Equipment Repair,Control phone failure,3,MEDIUM,2025-04-21,2025-04-24,2025-05-20,7.2,13,MEDIUM,Scheduled,False
SIG2302,AST0957,SEC057,Relay,Level Crossing Maintenance,Lighting defect,4,LOW,2025-06-24,2025-06-27,2025-08-14,4.6,6,LOW,Completed,True
SIG2303,AST0788,SEC038,Interlocking,Axle Counter Calibration,Cable fault,1,CRITICAL,2025-04-01,2025-04-04,2025-04-08,10.0,8,HIGH,Pending,True
SIG2304,AST0760,SEC010,Signal,Communication Equipment Repair,Control phone failure,3,MEDIUM,2025-06-14,2025-06-16,2025-06-30,6.8,12,MEDIUM,Pending,True
SIG2305,AST0781,SEC031,Relay,Axle Counter Calibration,Count error,4,LOW,2025-11-26,2025-11-28,2026-01-24,3.7,4,LOW,Completed,False
SIG2306,AST0725,SEC050,Relay,Level Crossing Maintenance,Gate motor issue,4,LOW,2025-01-24,2025-01-25,2025-03-06,6.5,3,LOW,Completed,False
SIG2307,AST0844,SEC019,Interlocking,Track Circuit Maintenance,Bonding defect,3,MEDIUM,2025-03-23,2025-03-25,2025-04-23,9.2,7,MEDIUM,Cancelled,True
SIG2308,AST0825,SEC075,Point Machine,Track Circuit Maintenance,Insulation failure,2,HIGH,2025-03-28,2025-03-28,2025-04-05,10.2,7,HIGH,Completed,True
SIG2309,AST0847,SEC022,Level Crossing Equipment,Relay Replacement,Timing drift,3,MEDIUM,2025-02-02,2025-02-04,2025-02-23,7.8,8,MEDIUM,Pending,False
SIG2310,AST0776,SEC026,Signal,Axle Counter Calibration,Count error,3,MEDIUM,2025-12-19,2025-12-19,2026-01-15,2.4,2,MEDIUM,Completed,True
SIG2311,AST0951,SEC051,Level Crossing Equipment,Axle Counter Calibration,Cable fault,5,LOW,2025-06-17,2025-06-19,2025-09-08,8.3,8,LOW,Scheduled,False
SIG2312,AST0781,SEC031,Relay,Track Circuit Maintenance,Bonding defect,1,CRITICAL,2025-07-10,2025-07-11,2025-07-17,7.2,11,HIGH,Completed,True
SIG2313,AST0977,SEC002,Point Machine,Point Machine Servicing,Clutch slip,4,LOW,2025-05-13,2025-05-16,2025-07-13,9.6,5,LOW,Scheduled,True
SIG2314,AST0875,SEC050,Axle Counter,Point Machine Servicing,Motor fault,4,LOW,2025-07-07,2025-07-10,2025-08-29,3.8,8,LOW,In Progress,True
SIG2315,AST0719,SEC044,Level Crossing Equipment,Point Machine Servicing,Detection rod issue,3,MEDIUM,2025-07-07,2025-07-09,2025-07-30,11.2,12,MEDIUM,Cancelled,False
SIG2316,AST0868,SEC043,Interlocking,Axle Counter Calibration,Reset failure,3,MEDIUM,2025-04-29,2025-04-29,2025-05-15,3.8,5,MEDIUM,Scheduled,True
SIG2317,AST0785,SEC035,Point Machine,Signal Inspection,Signal post tilt,3,MEDIUM,2025-06-11,2025-06-12,2025-07-11,3.4,15,MEDIUM,Completed,True
SIG2318,AST0804,SEC054,Interlocking,Relay Replacement,Timing drift,3,MEDIUM,2025-03-27,2025-03-29,2025-04-16,9.9,7,MEDIUM,In Progress,True
SIG2319,AST0876,SEC051,Interlocking,Interlocking Test,Signal interlocking mismatch,4,LOW,2025-05-18,2025-05-18,2025-06-26,2.2,3,LOW,Completed,True
SIG2320,AST0816,SEC066,Signal,Relay Replacement,Contact oxidation,2,HIGH,2025-03-17,2025-03-18,2025-03-29,6.2,2,HIGH,Completed,False
SIG2321,AST0995,SEC020,Axle Counter,Level Crossing Maintenance,Boom barrier fault,5,LOW,2025-06-14,2025-06-14,2025-09-09,4.8,15,LOW,Pending,True
SIG2322,AST0723,SEC048,Axle Counter,Communication Equipment Repair,Control phone failure,2,HIGH,2025-02-26,2025-02-28,2025-03-08,6.7,9,HIGH,Pending,True
SIG2323,AST0830,SEC005,Communication Equipment,Relay Replacement,Timing drift,2,HIGH,2025-06-14,2025-06-14,2025-06-24,2.9,6,HIGH,Cancelled,True
SIG2324,AST0948,SEC048,Interlocking,Interlocking Test,Logic error,3,MEDIUM,2025-03-09,2025-03-09,2025-04-05,5.8,14,MEDIUM,Pending,True
SIG2325,AST0877,SEC052,Relay,Level Crossing Maintenance,Boom barrier fault,3,MEDIUM,2025-10-11,2025-10-11,2025-10-31,3.6,12,MEDIUM,Scheduled,True
SIG2326,AST0902,SEC002,Communication Equipment,Relay Replacement,Mechanical wear,2,HIGH,2025-01-09,2025-01-11,2025-01-26,1.5,4,HIGH,Pending,False
SIG2327,AST0939,SEC039,Axle Counter,Relay Replacement,Mechanical wear,3,MEDIUM,2025-09-26,2025-09-26,2025-10-24,6.3,11,MEDIUM,Pending,False
SIG2328,AST0865,SEC040,Point Machine,Axle Counter Calibration,Sensor misalignment,5,LOW,2025-10-03,2025-10-03,2025-12-15,3.7,7,LOW,Completed,True
SIG2329,AST0763,SEC013,Axle Counter,Point Machine Servicing,Motor fault,4,LOW,2025-12-02,2025-12-03,2026-01-20,11.6,8,LOW,Cancelled,True
SIG2330,AST0929,SEC029,Point Machine,Point Machine Servicing,Clutch slip,5,LOW,2025-01-31,2025-02-01,2025-03-13,7.8,10,LOW,Scheduled,False
SIG2331,AST0882,SEC057,Track Circuit,Track Circuit Maintenance,Bonding defect,1,CRITICAL,2025-12-16,2025-12-17,2025-12-22,1.5,14,HIGH,In Progress,True
SIG2332,AST0977,SEC002,Point Machine,Axle Counter Calibration,Reset failure,5,LOW,2025-02-13,2025-02-13,2025-04-07,10.6,11,LOW,Completed,True
SIG2333,AST0846,SEC021,Communication Equipment,Point Machine Servicing,Detection rod issue,4,LOW,2025-07-16,2025-07-16,2025-08-23,10.7,4,LOW,Completed,True
SIG2334,AST0708,SEC033,Interlocking,Axle Counter Calibration,Reset failure,4,LOW,2025-07-21,2025-07-24,2025-08-21,10.4,8,LOW,Pending,True
SIG2335,AST0730,SEC055,Track Circuit,Interlocking Test,Signal interlocking mismatch,1,CRITICAL,2025-11-28,2025-12-01,2025-12-08,5.7,12,HIGH,Completed,True
SIG2336,AST0965,SEC065,Relay,Axle Counter Calibration,Sensor misalignment,3,MEDIUM,2025-04-09,2025-04-09,2025-04-25,10.0,15,MEDIUM,Completed,True
SIG2337,AST0879,SEC054,Level Crossing Equipment,Relay Replacement,Mechanical wear,1,CRITICAL,2025-10-09,2025-10-11,2025-10-16,11.2,7,HIGH,Scheduled,False
SIG2338,AST0834,SEC009,Track Circuit,Track Circuit Maintenance,Receiver fault,1,CRITICAL,2025-07-17,2025-07-19,2025-07-25,5.7,6,HIGH,Completed,True
SIG2339,AST0771,SEC021,Axle Counter,Interlocking Test,Overlap fault,3,MEDIUM,2025-07-03,2025-07-03,2025-07-26,8.6,15,MEDIUM,Completed,False
SIG2340,AST0804,SEC054,Interlocking,Point Machine Servicing,Detection rod issue,5,LOW,2025-02-07,2025-02-07,2025-03-29,9.6,9,LOW,Cancelled,True
SIG2341,AST0741,SEC066,Relay,Level Crossing Maintenance,Bell failure,1,CRITICAL,2025-02-09,2025-02-11,2025-02-17,11.0,14,HIGH,In Progress,False
SIG2342,AST0984,SEC009,Signal,Point Machine Servicing,Clutch slip,5,LOW,2025-06-08,2025-06-09,2025-09-03,10.6,5,LOW,Completed,True
SIG2343,AST0968,SEC068,Signal,Track Circuit Maintenance,Insulation failure,2,HIGH,2025-12-01,2025-12-01,2025-12-11,9.1,12,HIGH,Scheduled,True
SIG2344,AST0887,SEC062,Level Crossing Equipment,Axle Counter Calibration,Count error,3,MEDIUM,2025-01-28,2025-01-28,2025-02-21,2.3,12,MEDIUM,Completed,False
SIG2345,AST0805,SEC055,Relay,Axle Counter Calibration,Sensor misalignment,2,HIGH,2025-09-20,2025-09-23,2025-10-03,7.0,10,HIGH,Pending,False
SIG2346,AST0887,SEC062,Level Crossing Equipment,Level Crossing Maintenance,Bell failure,2,HIGH,2025-11-20,2025-11-23,2025-12-06,9.5,5,HIGH,Cancelled,False
SIG2347,AST0742,SEC067,Communication Equipment,Relay Replacement,Contact oxidation,4,LOW,2025-11-29,2025-11-30,2026-01-26,9.9,4,LOW,Completed,False
SIG2348,AST0890,SEC065,Track Circuit,Relay Replacement,Contact oxidation,5,LOW,2025-06-12,2025-06-14,2025-09-05,7.4,11,LOW,Completed,True
SIG2349,AST0884,SEC059,Interlocking,Track Circuit Maintenance,Insulation failure,2,HIGH,2025-04-10,2025-04-10,2025-04-20,9.1,6,HIGH,Completed,True
SIG2350,AST0975,SEC075,Level Crossing Equipment,Communication Equipment Repair,Fiber break,2,HIGH,2025-04-17,2025-04-17,2025-05-01,6.1,15,HIGH,Pending,True
SIG2351,AST0789,SEC039,Relay,Point Machine Servicing,Lock bar defect,2,HIGH,2025-11-09,2025-11-11,2025-11-18,11.1,7,HIGH,Scheduled,False
SIG2352,AST0783,SEC033,Level Crossing Equipment,Relay Replacement,Coil failure,1,CRITICAL,2025-01-13,2025-01-14,2025-01-17,7.2,11,HIGH,Completed,False
SIG2353,AST0880,SEC055,Signal,Axle Counter Calibration,Sensor misalignment,3,MEDIUM,2025-02-27,2025-02-27,2025-03-23,11.2,7,MEDIUM,Scheduled,True
SIG2354,AST0808,SEC058,Signal,Signal Inspection,Signal post tilt,2,HIGH,2025-07-20,2025-07-23,2025-08-07,12.0,12,HIGH,Pending,True
SIG2355,AST0711,SEC036,Level Crossing Equipment,Relay Replacement,Timing drift,4,LOW,2025-08-13,2025-08-14,2025-09-25,6.6,10,LOW,In Progress,False
SIG2356,AST0890,SEC065,Track Circuit,Communication Equipment Repair,Radio fault,5,LOW,2025-01-02,2025-01-05,2025-02-22,5.5,12,LOW,Completed,True
SIG2357,AST0703,SEC028,Level Crossing Equipment,Interlocking Test,Overlap fault,5,LOW,2025-10-25,2025-10-27,2025-12-07,4.4,6,LOW,In Progress,False
SIG2358,AST0735,SEC060,Level Crossing Equipment,Level Crossing Maintenance,Lighting defect,2,HIGH,2025-07-01,2025-07-01,2025-07-12,1.5,14,HIGH,Cancelled,True
SIG2359,AST0734,SEC059,Communication Equipment,Signal Inspection,Signal post tilt,5,LOW,2025-02-11,2025-02-14,2025-04-01,10.6,4,LOW,Pending,False
SIG2360,AST0830,SEC005,Communication Equipment,Track Circuit Maintenance,Insulation failure,1,CRITICAL,2025-05-18,2025-05-21,2025-05-26,12.0,12,HIGH,Scheduled,False
SIG2361,AST0914,SEC014,Track Circuit,Relay Replacement,Coil failure,3,MEDIUM,2025-04-08,2025-04-08,2025-04-22,3.4,14,MEDIUM,Completed,True
SIG2362,AST0887,SEC062,Level Crossing Equipment,Interlocking Test,Logic error,2,HIGH,2025-06-09,2025-06-10,2025-06-25,5.6,11,HIGH,Pending,False
SIG2363,AST0796,SEC046,Interlocking,Track Circuit Maintenance,Bonding defect,3,MEDIUM,2025-06-06,2025-06-06,2025-06-25,6.7,12,MEDIUM,Pending,True
SIG2364,AST0704,SEC029,Signal,Communication Equipment Repair,Radio fault,3,MEDIUM,2025-05-15,2025-05-16,2025-06-05,6.7,15,MEDIUM,Completed,True
SIG2365,AST0970,SEC070,Track Circuit,Track Circuit Maintenance,Insulation failure,4,LOW,2025-04-11,2025-04-11,2025-05-11,1.2,4,LOW,Scheduled,False
SIG2366,AST0956,SEC056,Interlocking,Point Machine Servicing,Clutch slip,2,HIGH,2025-03-27,2025-03-28,2025-04-10,8.5,2,HIGH,Pending,True
SIG2367,AST0993,SEC018,Point Machine,Communication Equipment Repair,Control phone failure,1,CRITICAL,2025-01-13,2025-01-14,2025-01-18,3.6,6,HIGH,Cancelled,True
SIG2368,AST0931,SEC031,Axle Counter,Point Machine Servicing,Clutch slip,3,MEDIUM,2025-02-25,2025-02-27,2025-03-21,11.2,11,MEDIUM,In Progress,False
SIG2369,AST0964,SEC064,Interlocking,Interlocking Test,Overlap fault,4,LOW,2025-03-09,2025-03-11,2025-04-08,11.7,4,LOW,Pending,True
SIG2370,AST0829,SEC004,Relay,Level Crossing Maintenance,Lighting defect,5,LOW,2025-09-03,2025-09-04,2025-11-17,4.7,5,LOW,Completed,True
SIG2371,AST0737,SEC062,Point Machine,Interlocking Test,Logic error,1,CRITICAL,2025-02-02,2025-02-02,2025-02-05,2.9,10,HIGH,Scheduled,True
SIG2372,AST0900,SEC075,Interlocking,Signal Inspection,Lamp failure,4,LOW,2025-07-04,2025-07-04,2025-09-01,6.5,11,LOW,Scheduled,True
SIG2373,AST0933,SEC033,Relay,Point Machine Servicing,Clutch slip,3,MEDIUM,2025-08-06,2025-08-09,2025-09-08,8.8,3,MEDIUM,Completed,True
SIG2374,AST0702,SEC027,Communication Equipment,Axle Counter Calibration,Cable fault,3,MEDIUM,2025-01-06,2025-01-06,2025-01-23,8.2,3,MEDIUM,Pending,False
SIG2375,AST0937,SEC037,Point Machine,Interlocking Test,Signal interlocking mismatch,3,MEDIUM,2025-01-15,2025-01-16,2025-02-05,1.8,8,MEDIUM,Pending,True
SIG2376,AST0889,SEC064,Point Machine,Interlocking Test,Route locking fault,2,HIGH,2025-11-24,2025-11-27,2025-12-05,5.5,14,HIGH,Completed,True
SIG2377,AST0946,SEC046,Track Circuit,Relay Replacement,Contact oxidation,4,LOW,2025-04-21,2025-04-21,2025-06-04,10.4,11,LOW,Completed,True
SIG2378,AST0706,SEC031,Track Circuit,Axle Counter Calibration,Count error,2,HIGH,2025-02-02,2025-02-03,2025-02-16,9.1,10,HIGH,Completed,True
SIG2379,AST1000,SEC025,Signal,Relay Replacement,Mechanical wear,3,MEDIUM,2025-05-15,2025-05-18,2025-06-09,2.6,7,MEDIUM,In Progress,True
SIG2380,AST0932,SEC032,Interlocking,Relay Replacement,Coil failure,1,CRITICAL,2025-05-05,2025-05-06,2025-05-09,12.0,5,HIGH,Completed,False
SIG2381,AST0778,SEC028,Track Circuit,Axle Counter Calibration,Count error,4,LOW,2025-11-23,2025-11-24,2025-12-21,8.5,12,LOW,Pending,True
SIG2382,AST0865,SEC040,Point Machine,Signal Inspection,Lens damage,2,HIGH,2025-04-16,2025-04-19,2025-04-30,10.4,4,HIGH,Completed,True
SIG2383,AST0702,SEC027,Communication Equipment,Relay Replacement,Contact oxidation,1,CRITICAL,2025-06-13,2025-06-16,2025-06-21,2.9,8,HIGH,Scheduled,True
SIG2384,AST0802,SEC052,Track Circuit,Axle Counter Calibration,Sensor misalignment,3,MEDIUM,2025-08-15,2025-08-18,2025-09-02,8.7,15,MEDIUM,Cancelled,True
SIG2385,AST0833,SEC008,Point Machine,Axle Counter Calibration,Cable fault,3,MEDIUM,2025-10-15,2025-10-15,2025-10-31,4.1,13,MEDIUM,Pending,True
SIG2386,AST0920,SEC020,Signal,Track Circuit Maintenance,Insulation failure,2,HIGH,2025-08-26,2025-08-28,2025-09-12,6.9,12,HIGH,Pending,True
SIG2387,AST0983,SEC008,Level Crossing Equipment,Axle Counter Calibration,Reset failure,1,CRITICAL,2025-08-05,2025-08-07,2025-08-10,7.8,11,HIGH,Cancelled,False
SIG2388,AST0998,SEC023,Communication Equipment,Communication Equipment Repair,OFC splice loss,2,HIGH,2025-08-26,2025-08-27,2025-09-10,1.4,3,HIGH,Completed,True
SIG2389,AST0851,SEC026,Axle Counter,Communication Equipment Repair,OFC splice loss,3,MEDIUM,2025-10-18,2025-10-20,2025-11-04,11.0,14,MEDIUM,Scheduled,False
SIG2390,AST0758,SEC008,Communication Equipment,Interlocking Test,Logic error,3,MEDIUM,2025-06-20,2025-06-21,2025-07-10,2.1,14,MEDIUM,Scheduled,True
SIG2391,AST0859,SEC034,Axle Counter,Axle Counter Calibration,Cable fault,1,CRITICAL,2025-09-27,2025-09-30,2025-10-06,2.3,10,HIGH,Completed,False
SIG2392,AST0792,SEC042,Signal,Point Machine Servicing,Motor fault,3,MEDIUM,2025-11-30,2025-12-03,2025-12-18,8.3,4,MEDIUM,Completed,True
SIG2393,AST0810,SEC060,Track Circuit,Track Circuit Maintenance,Bonding defect,3,MEDIUM,2025-03-08,2025-03-11,2025-04-07,9.2,5,MEDIUM,Pending,True
SIG2394,AST0823,SEC073,Level Crossing Equipment,Track Circuit Maintenance,Receiver fault,2,HIGH,2025-01-15,2025-01-17,2025-01-30,2.4,12,HIGH,Completed,True
SIG2395,AST0945,SEC045,Point Machine,Communication Equipment Repair,OFC splice loss,5,LOW,2025-05-04,2025-05-07,2025-07-11,11.2,12,LOW,Pending,True
SIG2396,AST0726,SEC051,Communication Equipment,Axle Counter Calibration,Cable fault,4,LOW,2025-12-18,2025-12-20,2026-02-04,8.2,4,LOW,Pending,False
SIG2397,AST0918,SEC018,Communication Equipment,Interlocking Test,Route locking fault,3,MEDIUM,2025-03-22,2025-03-24,2025-04-09,4.1,7,MEDIUM,Pending,False
SIG2398,AST0979,SEC004,Axle Counter,Signal Inspection,Aspect error,4,LOW,2025-09-13,2025-09-15,2025-11-05,2.9,4,LOW,Completed,True
SIG2399,AST0923,SEC023,Axle Counter,Communication Equipment Repair,OFC splice loss,2,HIGH,2025-07-07,2025-07-10,2025-07-18,5.2,9,HIGH,Completed,False
SIG2400,AST0965,SEC065,Relay,Interlocking Test,Overlap fault,5,LOW,2025-05-30,2025-06-02,2025-07-14,4.6,3,LOW,Completed,False
SIG2401,AST0789,SEC039,Relay,Point Machine Servicing,Clutch slip,3,MEDIUM,2025-11-18,2025-11-21,2025-12-20,6.4,7,MEDIUM,Cancelled,True
SIG2402,AST0973,SEC073,Relay,Communication Equipment Repair,Radio fault,1,CRITICAL,2025-01-11,2025-01-13,2025-01-20,6.2,3,HIGH,Pending,False
SIG2403,AST0863,SEC038,Level Crossing Equipment,Communication Equipment Repair,Radio fault,3,MEDIUM,2025-02-12,2025-02-13,2025-03-14,8.7,15,MEDIUM,Completed,True
SIG2404,AST0932,SEC032,Interlocking,Axle Counter Calibration,Reset failure,3,MEDIUM,2025-06-17,2025-06-17,2025-07-06,5.6,8,MEDIUM,Scheduled,True
SIG2405,AST0939,SEC039,Axle Counter,Signal Inspection,Lamp failure,4,LOW,2025-05-26,2025-05-29,2025-07-19,8.1,11,LOW,In Progress,True
SIG2406,AST0974,SEC074,Communication Equipment,Level Crossing Maintenance,Gate motor issue,3,MEDIUM,2025-11-27,2025-11-28,2025-12-24,7.0,12,MEDIUM,Pending,True
SIG2407,AST0983,SEC008,Level Crossing Equipment,Communication Equipment Repair,Fiber break,3,MEDIUM,2025-06-22,2025-06-23,2025-07-21,6.2,8,MEDIUM,Scheduled,True
SIG2408,AST0755,SEC005,Axle Counter,Communication Equipment Repair,Radio fault,3,MEDIUM,2025-04-22,2025-04-22,2025-05-07,11.3,12,MEDIUM,Scheduled,False
SIG2409,AST0898,SEC073,Track Circuit,Communication Equipment Repair,Fiber break,3,MEDIUM,2025-05-16,2025-05-19,2025-06-05,2.1,12,MEDIUM,Completed,True
SIG2410,AST0805,SEC055,Relay,Communication Equipment Repair,Control phone failure,2,HIGH,2025-04-29,2025-05-01,2025-05-12,2.7,5,HIGH,Completed,True
SIG2411,AST0996,SEC021,Interlocking,Signal Inspection,Lamp failure,4,LOW,2025-03-12,2025-03-12,2025-05-10,8.9,2,LOW,Pending,True
SIG2412,AST0718,SEC043,Communication Equipment,Level Crossing Maintenance,Gate motor issue,5,LOW,2024-12-31,2025-01-01,2025-02-22,1.3,3,LOW,In Progress,True
SIG2413,AST0892,SEC067,Interlocking,Interlocking Test,Signal interlocking mismatch,4,LOW,2025-02-15,2025-02-15,2025-03-25,8.0,11,LOW,Scheduled,False
SIG2414,AST0933,SEC033,Relay,Interlocking Test,Route locking fault,4,LOW,2025-07-25,2025-07-28,2025-09-09,4.3,11,LOW,Cancelled,False
SIG2415,AST0912,SEC012,Signal,Signal Inspection,Aspect error,3,MEDIUM,2025-07-19,2025-07-22,2025-08-06,4.9,13,MEDIUM,Completed,True
SIG2416,AST0747,SEC072,Axle Counter,Interlocking Test,Route locking fault,1,CRITICAL,2025-07-23,2025-07-25,2025-07-28,10.2,9,HIGH,Completed,False
SIG2417,AST0853,SEC028,Relay,Signal Inspection,Signal post tilt,4,LOW,2025-02-07,2025-02-09,2025-03-06,6.6,2,LOW,Pending,False
SIG2418,AST0865,SEC040,Point Machine,Signal Inspection,Signal post tilt,1,CRITICAL,2025-02-18,2025-02-20,2025-02-25,6.9,4,HIGH,Scheduled,True
SIG2419,AST0796,SEC046,Interlocking,Communication Equipment Repair,Control phone failure,3,MEDIUM,2025-03-24,2025-03-27,2025-04-26,3.8,14,MEDIUM,Scheduled,True
SIG2420,AST0977,SEC002,Point Machine,Track Circuit Maintenance,Bonding defect,4,LOW,2025-08-02,2025-08-03,2025-09-24,10.0,10,LOW,Cancelled,False
SIG2421,AST0938,SEC038,Track Circuit,Interlocking Test,Route locking fault,1,CRITICAL,2025-07-05,2025-07-08,2025-07-12,9.1,14,HIGH,Pending,True
SIG2422,AST0953,SEC053,Point Machine,Point Machine Servicing,Clutch slip,3,MEDIUM,2025-11-20,2025-11-21,2025-12-16,9.6,2,MEDIUM,Completed,True
SIG2423,AST0789,SEC039,Relay,Relay Replacement,Contact oxidation,1,CRITICAL,2025-01-20,2025-01-21,2025-01-24,9.0,15,HIGH,In Progress,False
SIG2424,AST0994,SEC019,Track Circuit,Point Machine Servicing,Motor fault,4,LOW,2025-01-03,2025-01-03,2025-02-01,4.8,5,LOW,Scheduled,True
SIG2425,AST0769,SEC019,Point Machine,Axle Counter Calibration,Reset failure,3,MEDIUM,2025-03-28,2025-03-29,2025-04-17,7.1,11,MEDIUM,Scheduled,True
SIG2426,AST0790,SEC040,Communication Equipment,Signal Inspection,Signal post tilt,3,MEDIUM,2025-06-22,2025-06-25,2025-07-16,4.0,4,MEDIUM,Completed,False
SIG2427,AST0833,SEC008,Point Machine,Communication Equipment Repair,Fiber break,3,MEDIUM,2025-09-10,2025-09-10,2025-10-08,5.0,4,MEDIUM,Completed,True
SIG2428,AST0745,SEC070,Point Machine,Axle Counter Calibration,Reset failure,3,MEDIUM,2025-07-05,2025-07-08,2025-07-26,9.6,3,MEDIUM,Completed,True
SIG2429,AST0840,SEC015,Signal,Point Machine Servicing,Motor fault,2,HIGH,2025-04-10,2025-04-10,2025-04-24,6.8,5,HIGH,Completed,True
SIG2430,AST0835,SEC010,Axle Counter,Communication Equipment Repair,OFC splice loss,3,MEDIUM,2025-09-15,2025-09-18,2025-10-09,5.5,3,MEDIUM,Completed,False
SIG2431,AST0795,SEC045,Axle Counter,Signal Inspection,Signal post tilt,4,LOW,2025-09-11,2025-09-12,2025-10-14,9.0,10,LOW,Cancelled,False
SIG2432,AST0865,SEC040,Point Machine,Point Machine Servicing,Motor fault,3,MEDIUM,2025-05-19,2025-05-19,2025-06-15,6.3,10,MEDIUM,Pending,True
SIG2433,AST0955,SEC055,Axle Counter,Track Circuit Maintenance,Bonding defect,4,LOW,2025-12-16,2025-12-17,2026-01-24,11.7,14,LOW,Cancelled,False
SIG2434,AST0828,SEC003,Interlocking,Track Circuit Maintenance,Insulation failure,1,CRITICAL,2025-05-19,2025-05-22,2025-05-26,6.5,15,HIGH,Completed,True
SIG2435,AST0956,SEC056,Interlocking,Axle Counter Calibration,Reset failure,2,HIGH,2025-02-10,2025-02-11,2025-02-18,8.9,7,HIGH,Completed,False
SIG2436,AST0780,SEC030,Interlocking,Level Crossing Maintenance,Boom barrier fault,3,MEDIUM,2025-06-15,2025-06-17,2025-07-06,1.1,9,MEDIUM,Pending,True
SIG2437,AST0755,SEC005,Axle Counter,Communication Equipment Repair,Radio fault,3,MEDIUM,2025-10-18,2025-10-20,2025-11-15,5.7,4,MEDIUM,Pending,True
SIG2438,AST0954,SEC054,Track Circuit,Interlocking Test,Overlap fault,4,LOW,2025-03-03,2025-03-05,2025-05-01,1.1,12,LOW,Completed,True
SIG2439,AST0806,SEC056,Communication Equipment,Level Crossing Maintenance,Gate motor issue,3,MEDIUM,2025-09-14,2025-09-16,2025-10-05,1.0,5,MEDIUM,Completed,False
SIG2440,AST0759,SEC009,Level Crossing Equipment,Communication Equipment Repair,Fiber break,5,LOW,2025-12-09,2025-12-12,2026-03-04,5.1,7,LOW,Completed,False
SIG2441,AST0702,SEC027,Communication Equipment,Track Circuit Maintenance,Receiver fault,2,HIGH,2024-12-31,2025-01-01,2025-01-12,1.1,13,HIGH,Pending,True
SIG2442,AST0802,SEC052,Track Circuit,Point Machine Servicing,Lock bar defect,4,LOW,2025-05-20,2025-05-23,2025-06-21,10.3,7,LOW,Pending,True
SIG2443,AST0738,SEC063,Track Circuit,Track Circuit Maintenance,Receiver fault,4,LOW,2025-12-11,2025-12-12,2026-01-09,1.3,6,LOW,Completed,False
SIG2444,AST0788,SEC038,Interlocking,Communication Equipment Repair,Fiber break,2,HIGH,2025-09-25,2025-09-25,2025-10-05,4.6,9,HIGH,Pending,True
SIG2445,AST0847,SEC022,Level Crossing Equipment,Axle Counter Calibration,Cable fault,3,MEDIUM,2025-09-14,2025-09-16,2025-10-01,9.4,14,MEDIUM,In Progress,False
SIG2446,AST0927,SEC027,Level Crossing Equipment,Signal Inspection,Lamp failure,4,LOW,2025-10-24,2025-10-25,2025-12-24,4.5,15,LOW,Pending,False
SIG2447,AST0903,SEC003,Level Crossing Equipment,Point Machine Servicing,Detection rod issue,2,HIGH,2025-04-30,2025-05-03,2025-05-16,7.7,13,HIGH,Pending,True
SIG2448,AST0745,SEC070,Point Machine,Track Circuit Maintenance,Bonding defect,3,MEDIUM,2025-04-11,2025-04-13,2025-05-07,7.4,2,MEDIUM,Pending,True
SIG2449,AST0776,SEC026,Signal,Signal Inspection,Aspect error,3,MEDIUM,2025-06-13,2025-06-15,2025-06-30,5.2,14,MEDIUM,Completed,True
SIG2450,AST0840,SEC015,Signal,Communication Equipment Repair,Radio fault,4,LOW,2025-01-18,2025-01-18,2025-03-17,1.9,10,LOW,Pending,True
SIG2451,AST0945,SEC045,Point Machine,Relay Replacement,Coil failure,4,LOW,2025-11-12,2025-11-15,2025-12-24,3.7,8,LOW,Scheduled,True
SIG2452,AST0820,SEC070,Interlocking,Signal Inspection,Aspect error,4,LOW,2025-12-09,2025-12-10,2026-01-07,2.1,3,LOW,Scheduled,True
SIG2453,AST0952,SEC052,Signal,Point Machine Servicing,Detection rod issue,2,HIGH,2025-03-08,2025-03-10,2025-03-19,7.2,13,HIGH,Pending,False
SIG2454,AST0964,SEC064,Interlocking,Communication Equipment Repair,Radio fault,3,MEDIUM,2025-03-28,2025-03-29,2025-04-20,12.0,15,MEDIUM,Completed,True
SIG2455,AST0748,SEC073,Interlocking,Track Circuit Maintenance,Feed-end issue,4,LOW,2025-11-27,2025-11-29,2026-01-06,3.7,11,LOW,Scheduled,True
SIG2456,AST0785,SEC035,Point Machine,Axle Counter Calibration,Reset failure,5,LOW,2025-02-11,2025-02-14,2025-03-29,10.2,2,LOW,In Progress,True
SIG2457,AST0946,SEC046,Track Circuit,Level Crossing Maintenance,Bell failure,2,HIGH,2025-01-09,2025-01-11,2025-01-18,6.1,6,HIGH,Completed,True
SIG2458,AST0715,SEC040,Axle Counter,Signal Inspection,Signal post tilt,4,LOW,2025-06-08,2025-06-10,2025-07-20,7.8,4,LOW,Completed,False
SIG2459,AST0790,SEC040,Communication Equipment,Level Crossing Maintenance,Lighting defect,3,MEDIUM,2025-12-20,2025-12-21,2026-01-17,8.8,10,MEDIUM,Completed,True
SIG2460,AST0887,SEC062,Level Crossing Equipment,Axle Counter Calibration,Count error,3,MEDIUM,2025-02-28,2025-02-28,2025-03-21,2.2,5,MEDIUM,Pending,False
SIG2461,AST0702,SEC027,Communication Equipment,Track Circuit Maintenance,Feed-end issue,4,LOW,2025-04-29,2025-04-29,2025-06-25,6.3,8,LOW,Completed,True
SIG2462,AST0946,SEC046,Track Circuit,Relay Replacement,Contact oxidation,4,LOW,2025-07-18,2025-07-20,2025-08-19,6.3,15,LOW,Completed,True
SIG2463,AST0900,SEC075,Interlocking,Interlocking Test,Overlap fault,1,CRITICAL,2025-03-30,2025-04-02,2025-04-08,5.5,14,HIGH,Completed,True
SIG2464,AST0806,SEC056,Communication Equipment,Level Crossing Maintenance,Lighting defect,3,MEDIUM,2025-06-01,2025-06-03,2025-06-26,2.5,2,MEDIUM,Pending,True
SIG2465,AST0997,SEC022,Relay,Signal Inspection,Aspect error,3,MEDIUM,2025-07-12,2025-07-14,2025-08-01,1.9,7,MEDIUM,Pending,True
SIG2466,AST0957,SEC057,Relay,Signal Inspection,Signal post tilt,3,MEDIUM,2025-04-15,2025-04-17,2025-05-06,7.3,11,MEDIUM,Pending,False
SIG2467,AST0737,SEC062,Point Machine,Point Machine Servicing,Clutch slip,4,LOW,2025-09-24,2025-09-24,2025-11-10,2.7,15,LOW,Completed,True
SIG2468,AST0731,SEC056,Axle Counter,Level Crossing Maintenance,Lighting defect,2,HIGH,2025-09-25,2025-09-26,2025-10-09,1.6,15,HIGH,Pending,True
SIG2469,AST0972,SEC072,Interlocking,Relay Replacement,Timing drift,5,LOW,2025-10-27,2025-10-27,2025-12-26,8.7,4,LOW,Scheduled,True
SIG2470,AST0896,SEC071,Signal,Track Circuit Maintenance,Feed-end issue,1,CRITICAL,2025-10-18,2025-10-18,2025-10-24,9.7,9,HIGH,In Progress,True
SIG2471,AST0787,SEC037,Axle Counter,Point Machine Servicing,Detection rod issue,3,MEDIUM,2025-06-06,2025-06-08,2025-07-01,11.1,12,MEDIUM,Pending,True
SIG2472,AST0852,SEC027,Interlocking,Level Crossing Maintenance,Lighting defect,2,HIGH,2025-08-07,2025-08-07,2025-08-20,4.2,13,HIGH,Scheduled,True
SIG2473,AST0854,SEC029,Communication Equipment,Communication Equipment Repair,Fiber break,4,LOW,2025-03-30,2025-03-31,2025-05-20,5.6,7,LOW,Scheduled,False
SIG2474,AST0950,SEC050,Communication Equipment,Axle Counter Calibration,Reset failure,4,LOW,2025-06-18,2025-06-18,2025-07-27,8.0,5,LOW,Pending,False
SIG2475,AST0924,SEC024,Interlocking,Point Machine Servicing,Clutch slip,2,HIGH,2025-10-06,2025-10-07,2025-10-14,8.9,13,HIGH,Pending,True
SIG2476,AST0934,SEC034,Communication Equipment,Level Crossing Maintenance,Lighting defect,3,MEDIUM,2025-09-10,2025-09-12,2025-10-04,6.2,5,MEDIUM,Completed,False
SIG2477,AST0796,SEC046,Interlocking,Point Machine Servicing,Clutch slip,3,MEDIUM,2025-10-16,2025-10-19,2025-11-17,3.0,12,MEDIUM,Completed,True
SIG2478,AST0805,SEC055,Relay,Communication Equipment Repair,Control phone failure,4,LOW,2025-09-20,2025-09-23,2025-11-06,5.1,2,LOW,Cancelled,False
SIG2479,AST0872,SEC047,Signal,Interlocking Test,Signal interlocking mismatch,3,MEDIUM,2025-10-17,2025-10-19,2025-11-16,5.3,15,MEDIUM,Completed,True
SIG2480,AST0761,SEC011,Point Machine,Axle Counter Calibration,Count error,4,LOW,2025-05-09,2025-05-10,2025-07-08,11.7,6,LOW,Pending,True
SIG2481,AST0740,SEC065,Interlocking,Track Circuit Maintenance,Insulation failure,3,MEDIUM,2025-03-21,2025-03-22,2025-04-15,1.3,15,MEDIUM,Scheduled,True
SIG2482,AST0950,SEC050,Communication Equipment,Signal Inspection,Signal post tilt,3,MEDIUM,2025-05-13,2025-05-13,2025-06-10,2.4,7,MEDIUM,Pending,False
SIG2483,AST0745,SEC070,Point Machine,Interlocking Test,Route locking fault,3,MEDIUM,2025-03-19,2025-03-22,2025-04-18,7.6,4,MEDIUM,Scheduled,True
SIG2484,AST0822,SEC072,Communication Equipment,Track Circuit Maintenance,Feed-end issue,4,LOW,2025-10-24,2025-10-27,2025-12-07,8.6,2,LOW,Pending,True
SIG2485,AST0703,SEC028,Level Crossing Equipment,Track Circuit Maintenance,Feed-end issue,2,HIGH,2025-01-10,2025-01-11,2025-01-19,10.5,12,HIGH,Pending,False
SIG2486,AST0935,SEC035,Level Crossing Equipment,Interlocking Test,Signal interlocking mismatch,2,HIGH,2025-11-16,2025-11-18,2025-11-28,10.5,10,HIGH,Scheduled,False
SIG2487,AST0999,SEC024,Level Crossing Equipment,Axle Counter Calibration,Reset failure,3,MEDIUM,2025-02-22,2025-02-25,2025-03-24,4.9,10,MEDIUM,Pending,True
SIG2488,AST0945,SEC045,Point Machine,Communication Equipment Repair,OFC splice loss,4,LOW,2025-07-02,2025-07-02,2025-08-17,9.5,2,LOW,Scheduled,True
SIG2489,AST0798,SEC048,Communication Equipment,Communication Equipment Repair,Radio fault,3,MEDIUM,2025-06-07,2025-06-07,2025-06-21,5.6,11,MEDIUM,Pending,False
SIG2490,AST0974,SEC074,Communication Equipment,Relay Replacement,Contact oxidation,3,MEDIUM,2025-04-22,2025-04-25,2025-05-20,4.8,14,MEDIUM,Cancelled,True
SIG2491,AST0965,SEC065,Relay,Level Crossing Maintenance,Bell failure,2,HIGH,2025-09-20,2025-09-23,2025-10-08,11.5,13,HIGH,Completed,True
SIG2492,AST0967,SEC067,Level Crossing Equipment,Communication Equipment Repair,Fiber break,2,HIGH,2025-05-12,2025-05-15,2025-05-26,1.2,11,HIGH,Pending,False
SIG2493,AST0783,SEC033,Level Crossing Equipment,Relay Replacement,Coil failure,1,CRITICAL,2025-02-21,2025-02-23,2025-02-28,6.1,8,HIGH,Pending,False
SIG2494,AST0759,SEC009,Level Crossing Equipment,Interlocking Test,Overlap fault,2,HIGH,2025-04-17,2025-04-20,2025-05-04,1.4,6,HIGH,In Progress,False
SIG2495,AST0710,SEC035,Communication Equipment,Communication Equipment Repair,Radio fault,2,HIGH,2025-11-15,2025-11-18,2025-11-27,11.7,11,HIGH,Pending,True
SIG2496,AST0759,SEC009,Level Crossing Equipment,Communication Equipment Repair,OFC splice loss,3,MEDIUM,2025-10-10,2025-10-10,2025-11-02,12.0,9,MEDIUM,Completed,False
SIG2497,AST0796,SEC046,Interlocking,Track Circuit Maintenance,Bonding defect,1,CRITICAL,2025-03-04,2025-03-07,2025-03-10,10.7,9,HIGH,Scheduled,True
SIG2498,AST0790,SEC040,Communication Equipment,Level Crossing Maintenance,Boom barrier fault,5,LOW,2025-05-18,2025-05-19,2025-08-17,7.0,11,LOW,Pending,True
SIG2499,AST0948,SEC048,Interlocking,Track Circuit Maintenance,Feed-end issue,2,HIGH,2025-07-25,2025-07-25,2025-08-09,11.3,8,HIGH,Cancelled,True
SIG2500,AST0702,SEC027,Communication Equipment,Signal Inspection,Lens damage,1,CRITICAL,2025-04-08,2025-04-10,2025-04-13,1.2,13,HIGH,Scheduled,False
SIG2501,AST0960,SEC060,Signal,Point Machine Servicing,Motor fault,2,HIGH,2025-01-21,2025-01-23,2025-01-30,8.0,4,HIGH,Cancelled,True
SIG2502,AST0889,SEC064,Point Machine,Track Circuit Maintenance,Feed-end issue,4,LOW,2025-08-06,2025-08-07,2025-09-21,12.0,4,LOW,Completed,True
SIG2503,AST0998,SEC023,Communication Equipment,Axle Counter Calibration,Count error,3,MEDIUM,2025-06-28,2025-06-28,2025-07-23,5.4,8,MEDIUM,Pending,False
SIG2504,AST0843,SEC018,Axle Counter,Track Circuit Maintenance,Feed-end issue,3,MEDIUM,2025-05-19,2025-05-22,2025-06-12,4.4,3,MEDIUM,Completed,True
SIG2505,AST0981,SEC006,Relay,Track Circuit Maintenance,Receiver fault,3,MEDIUM,2025-11-22,2025-11-23,2025-12-19,3.5,15,MEDIUM,Completed,False
SIG2506,AST0768,SEC018,Signal,Point Machine Servicing,Clutch slip,3,MEDIUM,2025-06-17,2025-06-20,2025-07-15,8.2,4,MEDIUM,Cancelled,True
SIG2507,AST0739,SEC064,Axle Counter,Level Crossing Maintenance,Gate motor issue,3,MEDIUM,2025-01-07,2025-01-09,2025-02-05,10.4,15,MEDIUM,Pending,False
SIG2508,AST0923,SEC023,Axle Counter,Interlocking Test,Route locking fault,3,MEDIUM,2025-09-29,2025-10-02,2025-10-28,7.0,7,MEDIUM,Completed,False
SIG2509,AST0704,SEC029,Signal,Signal Inspection,Lens damage,1,CRITICAL,2025-02-14,2025-02-15,2025-02-18,4.6,15,HIGH,Pending,True
SIG2510,AST0861,SEC036,Relay,Relay Replacement,Contact oxidation,5,LOW,2025-11-03,2025-11-06,2025-12-19,8.3,5,LOW,Scheduled,True
SIG2511,AST0925,SEC025,Relay,Axle Counter Calibration,Sensor misalignment,2,HIGH,2025-09-02,2025-09-04,2025-09-12,11.6,7,HIGH,In Progress,False
SIG2512,AST0769,SEC019,Point Machine,Interlocking Test,Route locking fault,3,MEDIUM,2025-12-15,2025-12-17,2026-01-15,6.1,11,MEDIUM,Completed,True
SIG2513,AST0903,SEC003,Level Crossing Equipment,Axle Counter Calibration,Sensor misalignment,3,MEDIUM,2025-06-01,2025-06-02,2025-06-21,5.3,12,MEDIUM,Pending,False
SIG2514,AST0937,SEC037,Point Machine,Track Circuit Maintenance,Insulation failure,2,HIGH,2025-09-04,2025-09-06,2025-09-20,5.4,12,HIGH,Completed,True
SIG2515,AST0707,SEC032,Axle Counter,Relay Replacement,Coil failure,3,MEDIUM,2024-12-29,2025-01-01,2025-01-26,2.3,8,MEDIUM,Completed,True
SIG2516,AST0907,SEC007,Axle Counter,Relay Replacement,Contact oxidation,5,LOW,2025-07-26,2025-07-29,2025-09-24,6.6,14,LOW,Completed,True
SIG2517,AST0732,SEC057,Interlocking,Signal Inspection,Lamp failure,2,HIGH,2025-02-01,2025-02-02,2025-02-12,1.4,14,HIGH,Scheduled,True
SIG2518,AST0785,SEC035,Point Machine,Track Circuit Maintenance,Feed-end issue,3,MEDIUM,2025-10-05,2025-10-08,2025-10-27,6.1,5,MEDIUM,Pending,True
SIG2519,AST0718,SEC043,Communication Equipment,Level Crossing Maintenance,Bell failure,4,LOW,2025-02-24,2025-02-25,2025-03-30,8.8,6,LOW,Completed,False
SIG2520,AST0858,SEC033,Track Circuit,Signal Inspection,Lamp failure,3,MEDIUM,2025-11-10,2025-11-11,2025-12-05,11.8,14,MEDIUM,Pending,False
SIG2521,AST0837,SEC012,Relay,Axle Counter Calibration,Count error,3,MEDIUM,2025-08-03,2025-08-05,2025-09-04,9.3,15,MEDIUM,Completed,False
SIG2522,AST0888,SEC063,Signal,Relay Replacement,Mechanical wear,3,MEDIUM,2025-04-24,2025-04-27,2025-05-17,10.2,12,MEDIUM,Completed,True
SIG2523,AST0918,SEC018,Communication Equipment,Signal Inspection,Lamp failure,4,LOW,2025-11-28,2025-11-29,2026-01-23,9.7,12,LOW,Pending,False
SIG2524,AST0888,SEC063,Signal,Interlocking Test,Route locking fault,2,HIGH,2025-10-11,2025-10-13,2025-10-27,2.5,12,HIGH,Completed,True
SIG2525,AST0986,SEC011,Track Circuit,Relay Replacement,Timing drift,4,LOW,2025-08-27,2025-08-30,2025-10-18,8.8,9,LOW,Pending,True
SIG2526,AST0849,SEC024,Point Machine,Level Crossing Maintenance,Lighting defect,3,MEDIUM,2025-05-23,2025-05-25,2025-06-23,7.2,2,MEDIUM,Completed,True
SIG2527,AST0763,SEC013,Axle Counter,Signal Inspection,Signal post tilt,4,LOW,2025-11-09,2025-11-11,2026-01-02,4.0,15,LOW,In Progress,False
SIG2528,AST0995,SEC020,Axle Counter,Level Crossing Maintenance,Bell failure,4,LOW,2025-07-04,2025-07-05,2025-08-20,10.1,2,LOW,Scheduled,False
SIG2529,AST0736,SEC061,Signal,Signal Inspection,Signal post tilt,1,CRITICAL,2025-11-04,2025-11-07,2025-11-14,9.2,11,HIGH,Completed,True
SIG2530,AST0962,SEC062,Track Circuit,Relay Replacement,Timing drift,5,LOW,2025-03-15,2025-03-18,2025-05-15,2.6,14,LOW,Pending,True
SIG2531,AST0905,SEC005,Point Machine,Point Machine Servicing,Motor fault,2,HIGH,2025-07-11,2025-07-12,2025-07-25,10.6,13,HIGH,Scheduled,True
SIG2532,AST0743,SEC068,Level Crossing Equipment,Relay Replacement,Mechanical wear,2,HIGH,2025-02-05,2025-02-05,2025-02-17,6.5,6,HIGH,Completed,True
SIG2533,AST0751,SEC001,Level Crossing Equipment,Level Crossing Maintenance,Bell failure,3,MEDIUM,2025-04-03,2025-04-03,2025-04-19,6.3,11,MEDIUM,Scheduled,False
SIG2534,AST0955,SEC055,Axle Counter,Communication Equipment Repair,OFC splice loss,1,CRITICAL,2025-11-05,2025-11-06,2025-11-09,7.9,6,HIGH,Pending,False
SIG2535,AST0732,SEC057,Interlocking,Point Machine Servicing,Lock bar defect,4,LOW,2025-09-03,2025-09-03,2025-10-27,6.2,7,LOW,Scheduled,True
SIG2536,AST0895,SEC070,Level Crossing Equipment,Level Crossing Maintenance,Bell failure,2,HIGH,2024-12-30,2025-01-01,2025-01-08,3.3,13,HIGH,Scheduled,False
SIG2537,AST0862,SEC037,Communication Equipment,Track Circuit Maintenance,Feed-end issue,3,MEDIUM,2025-03-01,2025-03-03,2025-03-27,9.2,7,MEDIUM,Cancelled,False
SIG2538,AST0903,SEC003,Level Crossing Equipment,Interlocking Test,Route locking fault,2,HIGH,2025-10-20,2025-10-22,2025-11-05,3.8,12,HIGH,In Progress,False
SIG2539,AST0777,SEC027,Point Machine,Track Circuit Maintenance,Receiver fault,3,MEDIUM,2025-08-08,2025-08-11,2025-09-03,2.6,8,MEDIUM,Completed,False
SIG2540,AST0924,SEC024,Interlocking,Interlocking Test,Overlap fault,4,LOW,2025-05-08,2025-05-10,2025-07-09,1.8,15,LOW,Completed,True
SIG2541,AST0743,SEC068,Level Crossing Equipment,Interlocking Test,Logic error,4,LOW,2025-08-11,2025-08-13,2025-09-29,6.5,5,LOW,Pending,True
SIG2542,AST0777,SEC027,Point Machine,Track Circuit Maintenance,Receiver fault,5,LOW,2025-02-06,2025-02-09,2025-04-22,2.8,10,LOW,Completed,True
SIG2543,AST0857,SEC032,Point Machine,Signal Inspection,Signal post tilt,3,MEDIUM,2025-09-16,2025-09-17,2025-10-16,4.6,2,MEDIUM,Pending,True
SIG2544,AST0870,SEC045,Communication Equipment,Interlocking Test,Logic error,2,HIGH,2025-04-28,2025-05-01,2025-05-15,11.9,6,HIGH,Completed,False
SIG2545,AST0878,SEC053,Communication Equipment,Track Circuit Maintenance,Bonding defect,5,LOW,2025-05-07,2025-05-09,2025-07-21,7.0,13,LOW,Completed,False
SIG2546,AST0861,SEC036,Relay,Signal Inspection,Aspect error,4,LOW,2025-03-06,2025-03-08,2025-04-08,11.6,11,LOW,Completed,False
SIG2547,AST0705,SEC030,Point Machine,Relay Replacement,Contact oxidation,1,CRITICAL,2025-09-22,2025-09-25,2025-09-28,7.0,4,HIGH,Scheduled,True
SIG2548,AST0801,SEC051,Point Machine,Track Circuit Maintenance,Receiver fault,4,LOW,2025-11-20,2025-11-21,2025-12-26,4.4,9,LOW,Cancelled,True
SIG2549,AST0748,SEC073,Interlocking,Communication Equipment Repair,Fiber break,4,LOW,2025-11-15,2025-11-16,2025-12-16,10.5,4,LOW,Scheduled,True
SIG2550,AST0937,SEC037,Point Machine,Interlocking Test,Route locking fault,2,HIGH,2025-12-07,2025-12-07,2025-12-16,8.9,10,HIGH,Completed,True
SIG2551,AST0955,SEC055,Axle Counter,Point Machine Servicing,Detection rod issue,2,HIGH,2025-01-18,2025-01-19,2025-02-03,7.4,13,HIGH,Cancelled,False
SIG2552,AST0923,SEC023,Axle Counter,Interlocking Test,Logic error,1,CRITICAL,2025-02-05,2025-02-05,2025-02-11,4.5,6,HIGH,Scheduled,True
SIG2553,AST0752,SEC002,Signal,Point Machine Servicing,Lock bar defect,3,MEDIUM,2025-02-02,2025-02-05,2025-02-22,2.6,12,MEDIUM,Pending,True
SIG2554,AST0955,SEC055,Axle Counter,Interlocking Test,Route locking fault,3,MEDIUM,2025-09-22,2025-09-24,2025-10-13,4.3,4,MEDIUM,Pending,True
SIG2555,AST0960,SEC060,Signal,Signal Inspection,Aspect error,4,LOW,2025-10-11,2025-10-11,2025-11-29,8.4,15,LOW,Cancelled,True
SIG2556,AST0994,SEC019,Track Circuit,Track Circuit Maintenance,Receiver fault,4,LOW,2025-12-20,2025-12-21,2026-02-09,11.4,14,LOW,Completed,True
SIG2557,AST0761,SEC011,Point Machine,Communication Equipment Repair,Radio fault,3,MEDIUM,2025-04-29,2025-05-01,2025-05-23,4.9,4,MEDIUM,Scheduled,True
SIG2558,AST0993,SEC018,Point Machine,Relay Replacement,Contact oxidation,4,LOW,2025-11-29,2025-12-01,2025-12-28,1.8,14,LOW,Pending,True
SIG2559,AST0764,SEC014,Interlocking,Axle Counter Calibration,Sensor misalignment,5,LOW,2025-06-04,2025-06-07,2025-07-28,8.0,15,LOW,Scheduled,True
SIG2560,AST0787,SEC037,Axle Counter,Signal Inspection,Aspect error,3,MEDIUM,2025-04-28,2025-05-01,2025-05-31,6.1,14,MEDIUM,Pending,False
SIG2561,AST0829,SEC004,Relay,Relay Replacement,Mechanical wear,3,MEDIUM,2025-03-08,2025-03-10,2025-03-26,2.3,12,MEDIUM,Completed,False
SIG2562,AST0991,SEC016,Level Crossing Equipment,Axle Counter Calibration,Reset failure,1,CRITICAL,2025-01-24,2025-01-26,2025-02-01,10.6,6,HIGH,Pending,True
SIG2563,AST0960,SEC060,Signal,Signal Inspection,Signal post tilt,2,HIGH,2025-08-09,2025-08-09,2025-08-21,2.3,8,HIGH,Scheduled,True
SIG2564,AST0808,SEC058,Signal,Level Crossing Maintenance,Lighting defect,2,HIGH,2025-06-01,2025-06-02,2025-06-11,2.4,8,HIGH,Scheduled,True
SIG2565,AST0933,SEC033,Relay,Axle Counter Calibration,Sensor misalignment,5,LOW,2025-03-20,2025-03-21,2025-05-02,5.6,15,LOW,Scheduled,False
SIG2566,AST0721,SEC046,Point Machine,Signal Inspection,Lens damage,2,HIGH,2025-11-03,2025-11-04,2025-11-18,7.7,6,HIGH,Completed,True
SIG2567,AST0719,SEC044,Level Crossing Equipment,Communication Equipment Repair,Fiber break,3,MEDIUM,2025-03-23,2025-03-26,2025-04-13,5.3,15,MEDIUM,Completed,True
SIG2568,AST0844,SEC019,Interlocking,Signal Inspection,Lens damage,2,HIGH,2025-12-15,2025-12-18,2025-12-31,2.9,4,HIGH,Completed,True
SIG2569,AST0896,SEC071,Signal,Level Crossing Maintenance,Bell failure,3,MEDIUM,2025-11-18,2025-11-21,2025-12-18,6.1,12,MEDIUM,Completed,True
SIG2570,AST0886,SEC061,Communication Equipment,Relay Replacement,Timing drift,3,MEDIUM,2025-04-08,2025-04-09,2025-05-03,6.4,7,MEDIUM,Scheduled,False
SIG2571,AST0869,SEC044,Relay,Relay Replacement,Mechanical wear,4,LOW,2025-08-29,2025-08-30,2025-10-15,6.0,8,LOW,Pending,False
SIG2572,AST0757,SEC007,Relay,Relay Replacement,Contact oxidation,2,HIGH,2025-06-13,2025-06-16,2025-06-23,8.1,4,HIGH,Completed,True
SIG2573,AST0945,SEC045,Point Machine,Relay Replacement,Contact oxidation,3,MEDIUM,2025-11-04,2025-11-04,2025-11-19,11.7,12,MEDIUM,Pending,False
SIG2574,AST0839,SEC014,Level Crossing Equipment,Interlocking Test,Signal interlocking mismatch,4,LOW,2025-06-19,2025-06-20,2025-08-06,12.0,9,LOW,Pending,True
SIG2575,AST0802,SEC052,Track Circuit,Level Crossing Maintenance,Gate motor issue,4,LOW,2025-08-12,2025-08-12,2025-09-27,4.3,13,LOW,Completed,True
SIG2576,AST0778,SEC028,Track Circuit,Relay Replacement,Coil failure,4,LOW,2025-02-13,2025-02-14,2025-03-15,7.2,12,LOW,Completed,False
SIG2577,AST0889,SEC064,Point Machine,Axle Counter Calibration,Sensor misalignment,3,MEDIUM,2025-04-23,2025-04-26,2025-05-15,8.0,12,MEDIUM,Completed,True
SIG2578,AST0946,SEC046,Track Circuit,Communication Equipment Repair,OFC splice loss,4,LOW,2025-11-28,2025-11-29,2025-12-25,7.1,13,LOW,Cancelled,False
SIG2579,AST0904,SEC004,Signal,Axle Counter Calibration,Cable fault,3,MEDIUM,2025-06-05,2025-06-06,2025-06-26,4.7,8,MEDIUM,Scheduled,True
SIG2580,AST0904,SEC004,Signal,Axle Counter Calibration,Reset failure,5,LOW,2025-03-27,2025-03-29,2025-05-13,4.7,7,LOW,Completed,True
SIG2581,AST0958,SEC058,Communication Equipment,Level Crossing Maintenance,Lighting defect,3,MEDIUM,2025-03-03,2025-03-06,2025-04-04,4.0,5,MEDIUM,Pending,False
SIG2582,AST0872,SEC047,Signal,Signal Inspection,Signal post tilt,3,MEDIUM,2025-08-15,2025-08-18,2025-09-12,1.6,7,MEDIUM,Completed,True
SIG2583,AST0992,SEC017,Signal,Signal Inspection,Aspect error,2,HIGH,2025-07-21,2025-07-21,2025-07-30,11.0,13,HIGH,Scheduled,True
SIG2584,AST0879,SEC054,Level Crossing Equipment,Interlocking Test,Signal interlocking mismatch,4,LOW,2025-10-30,2025-10-31,2025-12-23,11.7,6,LOW,Completed,False
SIG2585,AST0730,SEC055,Track Circuit,Axle Counter Calibration,Reset failure,3,MEDIUM,2025-08-21,2025-08-24,2025-09-16,1.7,12,MEDIUM,Completed,True
SIG2586,AST0847,SEC022,Level Crossing Equipment,Level Crossing Maintenance,Gate motor issue,5,LOW,2025-08-31,2025-09-01,2025-10-26,11.9,14,LOW,Scheduled,True
SIG2587,AST0945,SEC045,Point Machine,Track Circuit Maintenance,Receiver fault,2,HIGH,2025-07-07,2025-07-10,2025-07-19,5.4,5,HIGH,Cancelled,False
SIG2588,AST0838,SEC013,Communication Equipment,Level Crossing Maintenance,Bell failure,4,LOW,2025-05-31,2025-06-01,2025-07-08,6.7,9,LOW,Scheduled,True
SIG2589,AST0770,SEC020,Track Circuit,Communication Equipment Repair,Fiber break,1,CRITICAL,2025-12-11,2025-12-14,2025-12-20,5.9,12,HIGH,Completed,False
SIG2590,AST0783,SEC033,Level Crossing Equipment,Track Circuit Maintenance,Bonding defect,3,MEDIUM,2025-01-03,2025-01-05,2025-01-26,1.7,7,MEDIUM,Completed,False
SIG2591,AST0820,SEC070,Interlocking,Level Crossing Maintenance,Lighting defect,3,MEDIUM,2025-06-15,2025-06-18,2025-07-11,9.3,8,MEDIUM,In Progress,True
SIG2592,AST0978,SEC003,Track Circuit,Communication Equipment Repair,Control phone failure,2,HIGH,2025-04-13,2025-04-14,2025-04-24,2.1,12,HIGH,Pending,False
SIG2593,AST0837,SEC012,Relay,Communication Equipment Repair,Fiber break,4,LOW,2025-07-28,2025-07-30,2025-08-27,9.8,14,LOW,Completed,False
SIG2594,AST0790,SEC040,Communication Equipment,Level Crossing Maintenance,Gate motor issue,3,MEDIUM,2025-05-27,2025-05-30,2025-06-28,2.5,2,MEDIUM,In Progress,False
SIG2595,AST0821,SEC071,Relay,Communication Equipment Repair,OFC splice loss,4,LOW,2025-10-22,2025-10-24,2025-12-20,11.0,7,LOW,Pending,True
SIG2596,AST0757,SEC007,Relay,Interlocking Test,Logic error,5,LOW,2025-10-16,2025-10-19,2025-12-25,2.4,4,LOW,In Progress,True
SIG2597,AST0886,SEC061,Communication Equipment,Axle Counter Calibration,Reset failure,4,LOW,2025-05-01,2025-05-02,2025-06-27,5.0,3,LOW,Scheduled,False
SIG2598,AST0730,SEC055,Track Circuit,Point Machine Servicing,Lock bar defect,1,CRITICAL,2025-10-09,2025-10-12,2025-10-15,8.9,13,HIGH,Cancelled,True
SIG2599,AST1000,SEC025,Signal,Track Circuit Maintenance,Insulation failure,3,MEDIUM,2025-06-23,2025-06-25,2025-07-23,8.6,4,MEDIUM,Scheduled,True
SIG2600,AST0735,SEC060,Level Crossing Equipment,Relay Replacement,Coil failure,5,LOW,2025-11-12,2025-11-14,2026-01-03,7.8,10,LOW,Completed,False
SIG2601,AST0935,SEC035,Level Crossing Equipment,Communication Equipment Repair,Fiber break,5,LOW,2025-11-22,2025-11-24,2026-01-22,11.1,14,LOW,Scheduled,False
SIG2602,AST0769,SEC019,Point Machine,Axle Counter Calibration,Count error,4,LOW,2025-07-08,2025-07-10,2025-09-01,2.8,3,LOW,Completed,True
SIG2603,AST0825,SEC075,Point Machine,Interlocking Test,Overlap fault,4,LOW,2025-06-18,2025-06-19,2025-08-05,10.6,12,LOW,In Progress,True
SIG2604,AST0803,SEC053,Axle Counter,Level Crossing Maintenance,Boom barrier fault,4,LOW,2025-02-26,2025-02-28,2025-04-19,9.9,10,LOW,Scheduled,True
SIG2605,AST0793,SEC043,Point Machine,Interlocking Test,Route locking fault,5,LOW,2025-11-23,2025-11-26,2026-01-20,8.1,3,LOW,Scheduled,True
SIG2606,AST0708,SEC033,Interlocking,Interlocking Test,Route locking fault,4,LOW,2025-06-30,2025-06-30,2025-08-29,4.6,4,LOW,Scheduled,True
SIG2607,AST0920,SEC020,Signal,Relay Replacement,Timing drift,4,LOW,2025-10-18,2025-10-19,2025-12-01,7.3,12,LOW,Completed,True
SIG2608,AST0897,SEC072,Point Machine,Axle Counter Calibration,Cable fault,3,MEDIUM,2025-07-24,2025-07-26,2025-08-13,1.3,5,MEDIUM,Completed,True
SIG2609,AST0947,SEC047,Axle Counter,Axle Counter Calibration,Reset failure,4,LOW,2025-01-08,2025-01-10,2025-03-02,2.4,9,LOW,Completed,False
SIG2610,AST0963,SEC063,Axle Counter,Level Crossing Maintenance,Boom barrier fault,5,LOW,2025-10-28,2025-10-31,2025-12-31,8.9,13,LOW,Pending,False
SIG2611,AST0905,SEC005,Point Machine,Relay Replacement,Timing drift,4,LOW,2025-10-20,2025-10-21,2025-11-28,10.7,9,LOW,Cancelled,False
SIG2612,AST0779,SEC029,Axle Counter,Axle Counter Calibration,Sensor misalignment,3,MEDIUM,2025-10-07,2025-10-10,2025-11-04,10.9,9,MEDIUM,Pending,False
SIG2613,AST0721,SEC046,Point Machine,Interlocking Test,Route locking fault,3,MEDIUM,2025-11-05,2025-11-07,2025-12-06,1.1,9,MEDIUM,Completed,True
SIG2614,AST0850,SEC025,Track Circuit,Signal Inspection,Signal post tilt,1,CRITICAL,2025-09-24,2025-09-26,2025-09-30,2.9,7,HIGH,Cancelled,True
SIG2615,AST0716,SEC041,Interlocking,Level Crossing Maintenance,Bell failure,2,HIGH,2025-06-05,2025-06-08,2025-06-19,5.6,9,HIGH,Pending,True
SIG2616,AST0914,SEC014,Track Circuit,Axle Counter Calibration,Cable fault,4,LOW,2025-11-30,2025-11-30,2026-01-21,3.8,7,LOW,Completed,False
SIG2617,AST0833,SEC008,Point Machine,Relay Replacement,Contact oxidation,4,LOW,2025-04-16,2025-04-19,2025-05-23,5.0,6,LOW,Pending,False
SIG2618,AST0921,SEC021,Point Machine,Axle Counter Calibration,Cable fault,4,LOW,2025-05-04,2025-05-06,2025-06-18,2.3,10,LOW,In Progress,True
SIG2619,AST0775,SEC025,Level Crossing Equipment,Track Circuit Maintenance,Bonding defect,2,HIGH,2025-03-12,2025-03-14,2025-03-29,7.6,7,HIGH,Completed,True
SIG2620,AST0926,SEC026,Communication Equipment,Communication Equipment Repair,Fiber break,2,HIGH,2025-12-12,2025-12-14,2025-12-25,4.2,6,HIGH,Cancelled,False
SIG2621,AST0993,SEC018,Point Machine,Communication Equipment Repair,Control phone failure,4,LOW,2025-08-05,2025-08-05,2025-09-22,5.2,13,LOW,Pending,True
SIG2622,AST0950,SEC050,Communication Equipment,Communication Equipment Repair,Fiber break,4,LOW,2025-09-03,2025-09-03,2025-10-10,7.2,13,LOW,Completed,True
SIG2623,AST0949,SEC049,Relay,Interlocking Test,Signal interlocking mismatch,4,LOW,2025-02-03,2025-02-06,2025-03-29,9.4,13,LOW,Cancelled,True
SIG2624,AST0938,SEC038,Track Circuit,Level Crossing Maintenance,Lighting defect,2,HIGH,2025-02-07,2025-02-08,2025-02-15,8.8,9,HIGH,Scheduled,True
SIG2625,AST0972,SEC072,Interlocking,Axle Counter Calibration,Cable fault,4,LOW,2025-11-15,2025-11-15,2025-12-19,7.4,14,LOW,Completed,True
SIG2626,AST0908,SEC008,Interlocking,Track Circuit Maintenance,Insulation failure,1,CRITICAL,2025-02-02,2025-02-03,2025-02-09,3.9,15,HIGH,Completed,True
SIG2627,AST0991,SEC016,Level Crossing Equipment,Axle Counter Calibration,Reset failure,4,LOW,2025-10-21,2025-10-23,2025-12-17,3.6,8,LOW,Pending,True
SIG2628,AST0760,SEC010,Signal,Communication Equipment Repair,Radio fault,3,MEDIUM,2025-03-08,2025-03-09,2025-03-25,7.2,12,MEDIUM,Scheduled,True
SIG2629,AST0705,SEC030,Point Machine,Axle Counter Calibration,Sensor misalignment,4,LOW,2025-08-19,2025-08-19,2025-10-01,4.3,7,LOW,Cancelled,True
SIG2630,AST0728,SEC053,Signal,Relay Replacement,Coil failure,3,MEDIUM,2025-08-02,2025-08-05,2025-08-21,2.1,12,MEDIUM,Completed,True
SIG2631,AST0846,SEC021,Communication Equipment,Level Crossing Maintenance,Gate motor issue,2,HIGH,2025-06-22,2025-06-23,2025-07-03,2.9,8,HIGH,Completed,True
SIG2632,AST0860,SEC035,Interlocking,Signal Inspection,Lens damage,2,HIGH,2025-08-18,2025-08-18,2025-09-01,11.3,5,HIGH,Completed,True
SIG2633,AST0762,SEC012,Track Circuit,Communication Equipment Repair,Fiber break,4,LOW,2025-11-03,2025-11-05,2025-12-26,6.2,3,LOW,Scheduled,False
SIG2634,AST0978,SEC003,Track Circuit,Point Machine Servicing,Motor fault,3,MEDIUM,2025-07-11,2025-07-13,2025-08-11,6.8,10,MEDIUM,Pending,True
SIG2635,AST0722,SEC047,Track Circuit,Communication Equipment Repair,OFC splice loss,1,CRITICAL,2025-11-16,2025-11-19,2025-11-22,7.2,5,HIGH,Pending,True
SIG2636,AST0888,SEC063,Signal,Track Circuit Maintenance,Bonding defect,4,LOW,2025-12-19,2025-12-19,2026-02-09,6.2,6,LOW,Completed,True
SIG2637,AST0911,SEC011,Level Crossing Equipment,Interlocking Test,Overlap fault,5,LOW,2025-10-30,2025-10-31,2025-12-29,10.9,3,LOW,Completed,False
SIG2638,AST0811,SEC061,Axle Counter,Interlocking Test,Signal interlocking mismatch,4,LOW,2025-03-01,2025-03-01,2025-03-28,10.4,10,LOW,In Progress,False
SIG2639,AST0974,SEC074,Communication Equipment,Communication Equipment Repair,Fiber break,3,MEDIUM,2025-10-29,2025-10-31,2025-11-19,10.9,13,MEDIUM,Pending,True
SIG2640,AST0705,SEC030,Point Machine,Communication Equipment Repair,Radio fault,3,MEDIUM,2025-07-05,2025-07-08,2025-08-06,6.8,15,MEDIUM,Completed,True
SIG2641,AST0718,SEC043,Communication Equipment,Point Machine Servicing,Lock bar defect,5,LOW,2025-04-29,2025-04-29,2025-06-08,5.0,2,LOW,Pending,False
SIG2642,AST0835,SEC010,Axle Counter,Signal Inspection,Lens damage,3,MEDIUM,2025-09-06,2025-09-06,2025-09-25,10.9,13,MEDIUM,Pending,False
SIG2643,AST0736,SEC061,Signal,Relay Replacement,Contact oxidation,3,MEDIUM,2025-06-20,2025-06-22,2025-07-06,7.3,7,MEDIUM,Pending,False
SIG2644,AST0902,SEC002,Communication Equipment,Axle Counter Calibration,Sensor misalignment,3,MEDIUM,2025-02-19,2025-02-21,2025-03-08,11.0,4,MEDIUM,Pending,False
SIG2645,AST0987,SEC012,Axle Counter,Point Machine Servicing,Detection rod issue,2,HIGH,2025-04-06,2025-04-08,2025-04-22,1.8,14,HIGH,Pending,True
SIG2646,AST0879,SEC054,Level Crossing Equipment,Axle Counter Calibration,Count error,3,MEDIUM,2025-07-13,2025-07-16,2025-07-31,4.2,3,MEDIUM,Pending,False
SIG2647,AST0860,SEC035,Interlocking,Communication Equipment Repair,OFC splice loss,2,HIGH,2025-04-26,2025-04-26,2025-05-07,4.0,6,HIGH,Scheduled,True
SIG2648,AST0821,SEC071,Relay,Interlocking Test,Logic error,3,MEDIUM,2025-08-10,2025-08-12,2025-09-05,4.4,10,MEDIUM,Completed,True
SIG2649,AST0917,SEC017,Relay,Level Crossing Maintenance,Gate motor issue,5,LOW,2025-08-01,2025-08-02,2025-10-13,11.4,10,LOW,Scheduled,False
SIG2650,AST0880,SEC055,Signal,Relay Replacement,Contact oxidation,1,CRITICAL,2025-07-03,2025-07-04,2025-07-07,5.3,8,HIGH,Cancelled,True
SIG2651,AST0727,SEC052,Level Crossing Equipment,Communication Equipment Repair,OFC splice loss,4,LOW,2025-04-29,2025-05-01,2025-06-20,5.9,14,LOW,In Progress,True
SIG2652,AST0710,SEC035,Communication Equipment,Level Crossing Maintenance,Bell failure,3,MEDIUM,2025-09-19,2025-09-22,2025-10-15,3.9,11,MEDIUM,Completed,False
SIG2653,AST0787,SEC037,Axle Counter,Level Crossing Maintenance,Lighting defect,3,MEDIUM,2025-02-26,2025-02-26,2025-03-14,9.9,12,MEDIUM,Completed,True
SIG2654,AST0833,SEC008,Point Machine,Track Circuit Maintenance,Receiver fault,4,LOW,2025-03-28,2025-03-29,2025-05-24,6.6,14,LOW,Pending,True
SIG2655,AST0720,SEC045,Signal,Signal Inspection,Aspect error,3,MEDIUM,2025-10-06,2025-10-08,2025-10-25,6.4,7,MEDIUM,Pending,True
SIG2656,AST0998,SEC023,Communication Equipment,Point Machine Servicing,Motor fault,3,MEDIUM,2025-12-13,2025-12-16,2026-01-07,8.7,3,MEDIUM,Completed,False
SIG2657,AST0993,SEC018,Point Machine,Communication Equipment Repair,Control phone failure,3,MEDIUM,2025-05-11,2025-05-12,2025-06-01,6.5,13,MEDIUM,Completed,True
SIG2658,AST0895,SEC070,Level Crossing Equipment,Communication Equipment Repair,Radio fault,2,HIGH,2025-07-27,2025-07-29,2025-08-10,9.8,3,HIGH,In Progress,True
SIG2659,AST0859,SEC034,Axle Counter,Point Machine Servicing,Motor fault,3,MEDIUM,2024-12-31,2025-01-01,2025-01-19,7.9,14,MEDIUM,Scheduled,False
SIG2660,AST0794,SEC044,Track Circuit,Level Crossing Maintenance,Lighting defect,5,LOW,2025-11-30,2025-11-30,2026-01-13,4.1,8,LOW,Pending,True
SIG2661,AST0753,SEC003,Point Machine,Signal Inspection,Aspect error,4,LOW,2025-05-05,2025-05-07,2025-06-11,11.9,6,LOW,Scheduled,False
SIG2662,AST0772,SEC022,Interlocking,Level Crossing Maintenance,Bell failure,4,LOW,2025-11-20,2025-11-23,2026-01-14,2.2,14,LOW,Pending,True
SIG2663,AST0717,SEC042,Relay,Track Circuit Maintenance,Feed-end issue,3,MEDIUM,2025-12-06,2025-12-09,2026-01-04,6.5,3,MEDIUM,Scheduled,False
SIG2664,AST0998,SEC023,Communication Equipment,Level Crossing Maintenance,Boom barrier fault,4,LOW,2025-08-08,2025-08-10,2025-09-29,2.4,14,LOW,Scheduled,False
SIG2665,AST0905,SEC005,Point Machine,Level Crossing Maintenance,Bell failure,1,CRITICAL,2025-04-09,2025-04-11,2025-04-17,2.7,9,HIGH,Cancelled,True
SIG2666,AST0961,SEC061,Point Machine,Interlocking Test,Route locking fault,5,LOW,2025-11-12,2025-11-14,2026-01-11,4.4,2,LOW,Pending,True
SIG2667,AST0954,SEC054,Track Circuit,Axle Counter Calibration,Cable fault,4,LOW,2025-11-12,2025-11-12,2025-12-13,3.2,13,LOW,Pending,True
SIG2668,AST0885,SEC060,Relay,Level Crossing Maintenance,Bell failure,3,MEDIUM,2025-04-12,2025-04-13,2025-05-10,2.5,5,MEDIUM,Completed,True
SIG2669,AST0820,SEC070,Interlocking,Point Machine Servicing,Clutch slip,1,CRITICAL,2025-10-13,2025-10-14,2025-10-20,10.9,5,HIGH,Completed,True
SIG2670,AST0810,SEC060,Track Circuit,Signal Inspection,Lamp failure,3,MEDIUM,2025-11-09,2025-11-10,2025-12-06,8.7,8,MEDIUM,Pending,True
SIG2671,AST0924,SEC024,Interlocking,Point Machine Servicing,Lock bar defect,4,LOW,2025-10-23,2025-10-23,2025-12-13,7.8,15,LOW,Completed,True
SIG2672,AST0858,SEC033,Track Circuit,Level Crossing Maintenance,Boom barrier fault,3,MEDIUM,2025-07-16,2025-07-16,2025-08-06,2.5,15,MEDIUM,Completed,True
SIG2673,AST0869,SEC044,Relay,Communication Equipment Repair,Radio fault,2,HIGH,2025-08-24,2025-08-26,2025-09-06,1.2,13,HIGH,Completed,True
SIG2674,AST0840,SEC015,Signal,Relay Replacement,Mechanical wear,3,MEDIUM,2025-09-12,2025-09-13,2025-09-30,5.5,10,MEDIUM,Completed,True
SIG2675,AST0871,SEC046,Level Crossing Equipment,Relay Replacement,Coil failure,3,MEDIUM,2025-08-10,2025-08-12,2025-09-04,1.8,2,MEDIUM,Completed,True
SIG2676,AST0866,SEC041,Track Circuit,Signal Inspection,Aspect error,4,LOW,2025-08-06,2025-08-07,2025-10-03,11.4,3,LOW,Scheduled,True
SIG2677,AST0786,SEC036,Track Circuit,Communication Equipment Repair,OFC splice loss,3,MEDIUM,2025-01-14,2025-01-15,2025-02-09,6.8,6,MEDIUM,In Progress,True
SIG2678,AST0916,SEC016,Interlocking,Relay Replacement,Coil failure,2,HIGH,2025-11-02,2025-11-03,2025-11-15,2.9,2,HIGH,In Progress,True
SIG2679,AST0907,SEC007,Axle Counter,Level Crossing Maintenance,Bell failure,4,LOW,2025-05-14,2025-05-17,2025-06-17,2.7,6,LOW,Pending,False
SIG2680,AST0876,SEC051,Interlocking,Interlocking Test,Overlap fault,1,CRITICAL,2025-02-26,2025-03-01,2025-03-08,10.8,5,HIGH,Pending,True
SIG2681,AST0999,SEC024,Level Crossing Equipment,Relay Replacement,Coil failure,3,MEDIUM,2025-03-10,2025-03-13,2025-04-09,6.4,9,MEDIUM,Cancelled,True
SIG2682,AST0800,SEC050,Signal,Track Circuit Maintenance,Bonding defect,3,MEDIUM,2025-06-23,2025-06-26,2025-07-20,4.5,12,MEDIUM,Scheduled,True
SIG2683,AST0955,SEC055,Axle Counter,Axle Counter Calibration,Cable fault,5,LOW,2025-01-21,2025-01-21,2025-03-20,6.7,4,LOW,Scheduled,False
SIG2684,AST0708,SEC033,Interlocking,Communication Equipment Repair,Control phone failure,5,LOW,2025-07-03,2025-07-03,2025-09-24,5.5,8,LOW,Completed,True
SIG2685,AST0944,SEC044,Signal,Signal Inspection,Lens damage,3,MEDIUM,2025-02-01,2025-02-03,2025-02-24,10.2,12,MEDIUM,Pending,True
SIG2686,AST0973,SEC073,Relay,Interlocking Test,Logic error,1,CRITICAL,2025-01-06,2025-01-06,2025-01-12,8.3,8,HIGH,Cancelled,True
SIG2687,AST0860,SEC035,Interlocking,Axle Counter Calibration,Sensor misalignment,1,CRITICAL,2025-05-09,2025-05-12,2025-05-17,7.3,7,HIGH,Pending,True
SIG2688,AST0757,SEC007,Relay,Interlocking Test,Overlap fault,3,MEDIUM,2025-08-30,2025-08-30,2025-09-25,5.8,7,MEDIUM,Completed,True
SIG2689,AST0982,SEC007,Communication Equipment,Axle Counter Calibration,Count error,3,MEDIUM,2025-08-31,2025-09-01,2025-09-19,9.4,9,MEDIUM,Completed,False
SIG2690,AST0880,SEC055,Signal,Point Machine Servicing,Motor fault,3,MEDIUM,2025-11-07,2025-11-09,2025-11-25,5.9,11,MEDIUM,Pending,False
SIG2691,AST0763,SEC013,Axle Counter,Signal Inspection,Lamp failure,4,LOW,2025-01-10,2025-01-12,2025-02-26,2.6,12,LOW,Pending,False
SIG2692,AST0741,SEC066,Relay,Axle Counter Calibration,Count error,3,MEDIUM,2025-09-26,2025-09-28,2025-10-24,4.8,15,MEDIUM,Completed,False
SIG2693,AST0702,SEC027,Communication Equipment,Axle Counter Calibration,Count error,3,MEDIUM,2025-09-26,2025-09-27,2025-10-23,3.3,9,MEDIUM,Pending,False
SIG2694,AST0720,SEC045,Signal,Interlocking Test,Signal interlocking mismatch,4,LOW,2025-11-07,2025-11-08,2025-12-27,11.2,4,LOW,Pending,True
SIG2695,AST0870,SEC045,Communication Equipment,Signal Inspection,Signal post tilt,2,HIGH,2025-10-07,2025-10-09,2025-10-20,4.6,6,HIGH,Scheduled,False
SIG2696,AST0839,SEC014,Level Crossing Equipment,Relay Replacement,Timing drift,4,LOW,2025-03-10,2025-03-12,2025-04-16,2.8,9,LOW,Completed,True
SIG2697,AST0715,SEC040,Axle Counter,Point Machine Servicing,Lock bar defect,4,LOW,2025-12-04,2025-12-05,2026-01-04,5.9,3,LOW,Cancelled,False
SIG2698,AST0769,SEC019,Point Machine,Track Circuit Maintenance,Insulation failure,3,MEDIUM,2025-04-25,2025-04-26,2025-05-11,6.7,14,MEDIUM,Completed,True
SIG2699,AST0818,SEC068,Track Circuit,Relay Replacement,Contact oxidation,5,LOW,2025-02-03,2025-02-03,2025-04-05,2.4,10,LOW,Pending,True
SIG2700,AST0721,SEC046,Point Machine,Track Circuit Maintenance,Receiver fault,1,CRITICAL,2025-07-05,2025-07-07,2025-07-12,11.0,8,HIGH,Pending,True
SIG2701,AST0998,SEC023,Communication Equipment,Signal Inspection,Aspect error,3,MEDIUM,2025-04-18,2025-04-19,2025-05-09,10.5,14,MEDIUM,Scheduled,False
SIG2702,AST0925,SEC025,Relay,Signal Inspection,Signal post tilt,3,MEDIUM,2025-03-15,2025-03-16,2025-04-06,6.1,6,MEDIUM,Pending,True
SIG2703,AST0959,SEC059,Level Crossing Equipment,Track Circuit Maintenance,Feed-end issue,4,LOW,2025-05-12,2025-05-12,2025-06-08,11.2,7,LOW,In Progress,True
SIG2704,AST0776,SEC026,Signal,Track Circuit Maintenance,Receiver fault,5,LOW,2025-07-29,2025-08-01,2025-10-15,5.3,4,LOW,Completed,True
SIG2705,AST0738,SEC063,Track Circuit,Point Machine Servicing,Lock bar defect,4,LOW,2025-03-24,2025-03-27,2025-04-24,8.4,4,LOW,Completed,True
SIG2706,AST0809,SEC059,Point Machine,Axle Counter Calibration,Cable fault,3,MEDIUM,2025-09-06,2025-09-09,2025-09-25,5.1,3,MEDIUM,Cancelled,True
SIG2707,AST0772,SEC022,Interlocking,Level Crossing Maintenance,Bell failure,1,CRITICAL,2025-03-27,2025-03-30,2025-04-02,9.6,3,HIGH,Cancelled,False
SIG2708,AST0790,SEC040,Communication Equipment,Communication Equipment Repair,OFC splice loss,5,LOW,2025-10-17,2025-10-19,2025-12-06,11.6,7,LOW,Scheduled,False
SIG2709,AST0926,SEC026,Communication Equipment,Level Crossing Maintenance,Boom barrier fault,3,MEDIUM,2025-05-27,2025-05-30,2025-06-15,1.9,9,MEDIUM,Scheduled,False
SIG2710,AST0836,SEC011,Interlocking,Communication Equipment Repair,OFC splice loss,5,LOW,2025-12-02,2025-12-05,2026-01-20,11.4,11,LOW,Scheduled,True
SIG2711,AST0822,SEC072,Communication Equipment,Point Machine Servicing,Lock bar defect,3,MEDIUM,2025-12-12,2025-12-13,2026-01-06,11.9,12,MEDIUM,In Progress,False
SIG2712,AST0751,SEC001,Level Crossing Equipment,Track Circuit Maintenance,Bonding defect,5,LOW,2025-09-02,2025-09-02,2025-11-15,10.2,10,LOW,Pending,False
SIG2713,AST0915,SEC015,Axle Counter,Relay Replacement,Coil failure,3,MEDIUM,2025-02-21,2025-02-24,2025-03-10,8.5,6,MEDIUM,Completed,True
SIG2714,AST0767,SEC017,Level Crossing Equipment,Point Machine Servicing,Lock bar defect,3,MEDIUM,2025-04-20,2025-04-23,2025-05-20,7.2,4,MEDIUM,Completed,False
SIG2715,AST0937,SEC037,Point Machine,Point Machine Servicing,Lock bar defect,3,MEDIUM,2025-02-08,2025-02-10,2025-02-28,1.9,9,MEDIUM,Pending,True
SIG2716,AST0837,SEC012,Relay,Point Machine Servicing,Detection rod issue,1,CRITICAL,2025-04-18,2025-04-18,2025-04-25,2.2,13,HIGH,Cancelled,True
SIG2717,AST0889,SEC064,Point Machine,Signal Inspection,Lens damage,5,LOW,2025-05-11,2025-05-14,2025-07-22,11.5,4,LOW,In Progress,True
SIG2718,AST0852,SEC027,Interlocking,Communication Equipment Repair,Radio fault,3,MEDIUM,2025-05-06,2025-05-07,2025-05-28,5.9,12,MEDIUM,Scheduled,True
SIG2719,AST0753,SEC003,Point Machine,Communication Equipment Repair,Control phone failure,1,CRITICAL,2025-06-29,2025-07-02,2025-07-09,9.5,10,HIGH,Pending,True
SIG2720,AST0819,SEC069,Axle Counter,Point Machine Servicing,Detection rod issue,4,LOW,2025-09-28,2025-09-28,2025-11-11,9.6,3,LOW,Scheduled,True
SIG2721,AST0898,SEC073,Track Circuit,Relay Replacement,Coil failure,4,LOW,2025-03-17,2025-03-19,2025-05-05,1.4,10,LOW,Pending,True
SIG2722,AST0983,SEC008,Level Crossing Equipment,Signal Inspection,Lens damage,5,LOW,2025-08-29,2025-09-01,2025-10-13,7.1,6,LOW,In Progress,False
SIG2723,AST0870,SEC045,Communication Equipment,Level Crossing Maintenance,Gate motor issue,1,CRITICAL,2025-06-17,2025-06-17,2025-06-24,2.6,13,HIGH,Scheduled,False
SIG2724,AST0890,SEC065,Track Circuit,Interlocking Test,Overlap fault,3,MEDIUM,2025-08-29,2025-08-30,2025-09-27,9.5,6,MEDIUM,Completed,True
SIG2725,AST0933,SEC033,Relay,Axle Counter Calibration,Reset failure,5,LOW,2025-05-20,2025-05-21,2025-08-12,9.7,3,LOW,Pending,False
SIG2726,AST0707,SEC032,Axle Counter,Communication Equipment Repair,Control phone failure,1,CRITICAL,2025-08-02,2025-08-04,2025-08-11,4.3,7,HIGH,Completed,False
SIG2727,AST0834,SEC009,Track Circuit,Axle Counter Calibration,Sensor misalignment,3,MEDIUM,2025-06-23,2025-06-26,2025-07-25,9.4,7,MEDIUM,Completed,True
SIG2728,AST0765,SEC015,Relay,Point Machine Servicing,Detection rod issue,1,CRITICAL,2025-01-27,2025-01-30,2025-02-04,11.2,2,HIGH,Pending,False
SIG2729,AST0704,SEC029,Signal,Point Machine Servicing,Motor fault,4,LOW,2025-11-14,2025-11-14,2025-12-30,6.5,10,LOW,Completed,True
SIG2730,AST0703,SEC028,Level Crossing Equipment,Point Machine Servicing,Detection rod issue,2,HIGH,2025-07-26,2025-07-29,2025-08-08,1.9,14,HIGH,Cancelled,False
SIG2731,AST0944,SEC044,Signal,Level Crossing Maintenance,Bell failure,2,HIGH,2025-12-09,2025-12-12,2025-12-25,5.7,5,HIGH,Completed,True
SIG2732,AST0908,SEC008,Interlocking,Level Crossing Maintenance,Bell failure,3,MEDIUM,2025-11-30,2025-12-01,2025-12-24,7.7,10,MEDIUM,Scheduled,True
SIG2733,AST0953,SEC053,Point Machine,Level Crossing Maintenance,Lighting defect,1,CRITICAL,2025-10-07,2025-10-07,2025-10-13,4.3,3,HIGH,Pending,True
SIG2734,AST0790,SEC040,Communication Equipment,Track Circuit Maintenance,Receiver fault,1,CRITICAL,2025-11-26,2025-11-28,2025-12-05,1.6,7,HIGH,Scheduled,False
SIG2735,AST0761,SEC011,Point Machine,Track Circuit Maintenance,Receiver fault,3,MEDIUM,2025-06-20,2025-06-21,2025-07-09,7.3,13,MEDIUM,Scheduled,True
SIG2736,AST0739,SEC064,Axle Counter,Axle Counter Calibration,Cable fault,4,LOW,2025-01-13,2025-01-15,2025-02-28,9.4,10,LOW,Pending,False
SIG2737,AST0756,SEC006,Interlocking,Axle Counter Calibration,Reset failure,4,LOW,2025-12-02,2025-12-05,2026-01-17,10.9,10,LOW,Completed,True
SIG2738,AST0738,SEC063,Track Circuit,Interlocking Test,Route locking fault,3,MEDIUM,2025-07-31,2025-08-02,2025-09-01,8.8,12,MEDIUM,Completed,True
SIG2739,AST0818,SEC068,Track Circuit,Communication Equipment Repair,Control phone failure,2,HIGH,2025-04-26,2025-04-26,2025-05-05,3.2,2,HIGH,Scheduled,True
SIG2740,AST0941,SEC041,Relay,Signal Inspection,Lens damage,1,CRITICAL,2025-06-23,2025-06-26,2025-06-30,8.3,8,HIGH,Completed,False
SIG2741,AST0770,SEC020,Track Circuit,Interlocking Test,Logic error,3,MEDIUM,2025-07-08,2025-07-11,2025-08-01,10.9,2,MEDIUM,Scheduled,True
SIG2742,AST0764,SEC014,Interlocking,Axle Counter Calibration,Count error,4,LOW,2025-10-30,2025-10-31,2025-12-27,3.5,6,LOW,Completed,True
SIG2743,AST0756,SEC006,Interlocking,Point Machine Servicing,Motor fault,3,MEDIUM,2025-03-20,2025-03-22,2025-04-20,9.9,10,MEDIUM,Scheduled,False
SIG2744,AST0995,SEC020,Axle Counter,Track Circuit Maintenance,Insulation failure,2,HIGH,2025-10-27,2025-10-28,2025-11-12,1.4,5,HIGH,Scheduled,True
SIG2745,AST0731,SEC056,Axle Counter,Level Crossing Maintenance,Boom barrier fault,4,LOW,2025-07-23,2025-07-25,2025-08-20,10.9,7,LOW,Scheduled,True
SIG2746,AST0963,SEC063,Axle Counter,Axle Counter Calibration,Cable fault,4,LOW,2025-01-31,2025-02-01,2025-03-18,5.3,6,LOW,Completed,True
SIG2747,AST0963,SEC063,Axle Counter,Communication Equipment Repair,Radio fault,3,MEDIUM,2025-06-06,2025-06-08,2025-07-04,11.6,2,MEDIUM,Cancelled,True
SIG2748,AST0707,SEC032,Axle Counter,Relay Replacement,Mechanical wear,5,LOW,2025-06-28,2025-06-29,2025-09-14,9.7,2,LOW,Completed,False
SIG2749,AST0819,SEC069,Axle Counter,Track Circuit Maintenance,Insulation failure,5,LOW,2025-07-05,2025-07-07,2025-08-27,10.6,4,LOW,Completed,False
SIG2750,AST0921,SEC021,Point Machine,Communication Equipment Repair,OFC splice loss,2,HIGH,2025-02-21,2025-02-23,2025-03-04,5.7,10,HIGH,Scheduled,True
SIG2751,AST0975,SEC075,Level Crossing Equipment,Level Crossing Maintenance,Lighting defect,2,HIGH,2025-10-05,2025-10-05,2025-10-12,3.9,9,HIGH,Pending,False
SIG2752,AST0756,SEC006,Interlocking,Communication Equipment Repair,Control phone failure,2,HIGH,2025-01-22,2025-01-22,2025-01-29,3.6,7,HIGH,Cancelled,True
SIG2753,AST0747,SEC072,Axle Counter,Communication Equipment Repair,Control phone failure,3,MEDIUM,2025-05-09,2025-05-09,2025-06-08,6.0,13,MEDIUM,Completed,True
SIG2754,AST0997,SEC022,Relay,Point Machine Servicing,Lock bar defect,4,LOW,2025-09-07,2025-09-07,2025-10-04,8.2,9,LOW,Cancelled,True
SIG2755,AST0948,SEC048,Interlocking,Level Crossing Maintenance,Gate motor issue,3,MEDIUM,2025-05-19,2025-05-20,2025-06-14,7.3,14,MEDIUM,Completed,True
SIG2756,AST0997,SEC022,Relay,Communication Equipment Repair,Fiber break,3,MEDIUM,2025-02-15,2025-02-15,2025-03-08,6.6,7,MEDIUM,In Progress,False
SIG2757,AST0909,SEC009,Relay,Level Crossing Maintenance,Gate motor issue,5,LOW,2025-11-01,2025-11-04,2025-12-26,3.2,5,LOW,Pending,False
SIG2758,AST0847,SEC022,Level Crossing Equipment,Interlocking Test,Logic error,1,CRITICAL,2025-07-07,2025-07-09,2025-07-13,1.2,8,HIGH,Completed,True
SIG2759,AST0982,SEC007,Communication Equipment,Level Crossing Maintenance,Boom barrier fault,3,MEDIUM,2025-09-01,2025-09-04,2025-09-22,4.5,12,MEDIUM,Completed,True
SIG2760,AST0712,SEC037,Signal,Communication Equipment Repair,Control phone failure,2,HIGH,2025-04-30,2025-05-01,2025-05-16,8.7,14,HIGH,Completed,True
SIG2761,AST0875,SEC050,Axle Counter,Signal Inspection,Lamp failure,1,CRITICAL,2025-11-05,2025-11-05,2025-11-10,2.8,14,HIGH,Completed,False
SIG2762,AST0940,SEC040,Interlocking,Level Crossing Maintenance,Bell failure,3,MEDIUM,2025-01-21,2025-01-24,2025-02-13,9.3,7,MEDIUM,Pending,False
SIG2763,AST0763,SEC013,Axle Counter,Relay Replacement,Timing drift,3,MEDIUM,2025-02-05,2025-02-07,2025-02-21,11.9,7,MEDIUM,Completed,False
SIG2764,AST0874,SEC049,Track Circuit,Point Machine Servicing,Motor fault,3,MEDIUM,2025-06-06,2025-06-08,2025-07-04,3.6,5,MEDIUM,Scheduled,True
SIG2765,AST0994,SEC019,Track Circuit,Axle Counter Calibration,Count error,3,MEDIUM,2025-10-08,2025-10-09,2025-11-02,2.9,5,MEDIUM,Completed,False
SIG2766,AST0830,SEC005,Communication Equipment,Track Circuit Maintenance,Receiver fault,3,MEDIUM,2025-10-20,2025-10-20,2025-11-13,9.2,15,MEDIUM,Completed,False
SIG2767,AST0751,SEC001,Level Crossing Equipment,Level Crossing Maintenance,Lighting defect,4,LOW,2025-06-17,2025-06-20,2025-08-16,4.6,4,LOW,Scheduled,False
SIG2768,AST0850,SEC025,Track Circuit,Signal Inspection,Lens damage,5,LOW,2025-04-14,2025-04-15,2025-06-02,2.7,14,LOW,Completed,True
SIG2769,AST0843,SEC018,Axle Counter,Track Circuit Maintenance,Insulation failure,5,LOW,2025-06-05,2025-06-05,2025-08-23,5.8,10,LOW,Completed,False
SIG2770,AST0763,SEC013,Axle Counter,Communication Equipment Repair,Radio fault,4,LOW,2025-05-03,2025-05-03,2025-07-02,6.0,5,LOW,Completed,True
SIG2771,AST0850,SEC025,Track Circuit,Track Circuit Maintenance,Receiver fault,5,LOW,2025-04-21,2025-04-24,2025-07-13,3.3,11,LOW,Pending,True
SIG2772,AST0952,SEC052,Signal,Communication Equipment Repair,OFC splice loss,2,HIGH,2025-02-23,2025-02-26,2025-03-08,9.3,3,HIGH,Completed,True
SIG2773,AST0858,SEC033,Track Circuit,Communication Equipment Repair,OFC splice loss,1,CRITICAL,2025-10-07,2025-10-08,2025-10-12,1.3,3,HIGH,Pending,True
SIG2774,AST0726,SEC051,Communication Equipment,Communication Equipment Repair,OFC splice loss,3,MEDIUM,2025-02-14,2025-02-14,2025-03-09,8.2,13,MEDIUM,Pending,False
SIG2775,AST0803,SEC053,Axle Counter,Relay Replacement,Contact oxidation,3,MEDIUM,2025-04-26,2025-04-29,2025-05-20,10.2,7,MEDIUM,In Progress,True
SIG2776,AST0783,SEC033,Level Crossing Equipment,Signal Inspection,Aspect error,4,LOW,2025-05-11,2025-05-13,2025-06-13,6.0,10,LOW,Completed,False
SIG2777,AST0979,SEC004,Axle Counter,Relay Replacement,Contact oxidation,4,LOW,2025-01-19,2025-01-21,2025-03-07,10.4,3,LOW,Scheduled,True
SIG2778,AST0962,SEC062,Track Circuit,Track Circuit Maintenance,Feed-end issue,2,HIGH,2025-11-03,2025-11-05,2025-11-14,4.5,4,HIGH,Scheduled,True
SIG2779,AST0822,SEC072,Communication Equipment,Axle Counter Calibration,Sensor misalignment,5,LOW,2025-03-21,2025-03-22,2025-06-10,2.6,15,LOW,Completed,True
SIG2780,AST0913,SEC013,Point Machine,Relay Replacement,Coil failure,3,MEDIUM,2025-01-02,2025-01-02,2025-01-30,5.1,10,MEDIUM,Completed,True
SIG2781,AST0921,SEC021,Point Machine,Track Circuit Maintenance,Bonding defect,2,HIGH,2025-03-24,2025-03-27,2025-04-11,10.5,14,HIGH,Cancelled,True
SIG2782,AST0760,SEC010,Signal,Relay Replacement,Timing drift,3,MEDIUM,2025-05-19,2025-05-19,2025-06-02,6.6,14,MEDIUM,Scheduled,True
SIG2783,AST0869,SEC044,Relay,Signal Inspection,Lens damage,4,LOW,2025-07-22,2025-07-24,2025-09-08,9.0,5,LOW,Scheduled,False
SIG2784,AST0747,SEC072,Axle Counter,Level Crossing Maintenance,Bell failure,3,MEDIUM,2025-08-18,2025-08-20,2025-09-14,9.5,10,MEDIUM,Pending,False
SIG2785,AST0826,SEC001,Track Circuit,Axle Counter Calibration,Cable fault,1,CRITICAL,2025-04-05,2025-04-05,2025-04-11,8.5,12,HIGH,Completed,True
SIG2786,AST0744,SEC069,Signal,Interlocking Test,Logic error,1,CRITICAL,2025-08-24,2025-08-24,2025-08-31,3.3,8,HIGH,Scheduled,True
SIG2787,AST0760,SEC010,Signal,Point Machine Servicing,Lock bar defect,3,MEDIUM,2025-04-24,2025-04-24,2025-05-11,7.0,8,MEDIUM,Scheduled,True
SIG2788,AST0710,SEC035,Communication Equipment,Track Circuit Maintenance,Bonding defect,4,LOW,2025-06-07,2025-06-09,2025-07-16,5.0,11,LOW,Pending,True
SIG2789,AST0728,SEC053,Signal,Interlocking Test,Signal interlocking mismatch,3,MEDIUM,2025-08-28,2025-08-29,2025-09-16,10.2,8,MEDIUM,Scheduled,False
SIG2790,AST0871,SEC046,Level Crossing Equipment,Communication Equipment Repair,Radio fault,3,MEDIUM,2025-09-06,2025-09-07,2025-10-01,1.7,6,MEDIUM,Pending,False
SIG2791,AST0878,SEC053,Communication Equipment,Level Crossing Maintenance,Lighting defect,4,LOW,2025-03-25,2025-03-28,2025-05-12,3.9,14,LOW,Pending,False
SIG2792,AST0831,SEC006,Level Crossing Equipment,Level Crossing Maintenance,Boom barrier fault,2,HIGH,2025-04-12,2025-04-13,2025-04-23,2.1,12,HIGH,Pending,False
SIG2793,AST0965,SEC065,Relay,Level Crossing Maintenance,Lighting defect,2,HIGH,2025-03-08,2025-03-11,2025-03-25,9.2,6,HIGH,Completed,False
SIG2794,AST0747,SEC072,Axle Counter,Relay Replacement,Timing drift,3,MEDIUM,2025-07-26,2025-07-26,2025-08-15,5.1,6,MEDIUM,Pending,False
SIG2795,AST0988,SEC013,Interlocking,Point Machine Servicing,Clutch slip,5,LOW,2025-11-06,2025-11-06,2025-12-20,1.6,5,LOW,Pending,True
SIG2796,AST0778,SEC028,Track Circuit,Level Crossing Maintenance,Gate motor issue,1,CRITICAL,2025-11-14,2025-11-16,2025-11-21,11.4,13,HIGH,Cancelled,False
SIG2797,AST0952,SEC052,Signal,Communication Equipment Repair,Fiber break,4,LOW,2025-06-24,2025-06-27,2025-08-14,9.7,13,LOW,Scheduled,False
SIG2798,AST0733,SEC058,Relay,Relay Replacement,Timing drift,4,LOW,2025-05-20,2025-05-22,2025-07-11,8.4,2,LOW,Completed,False
SIG2799,AST0805,SEC055,Relay,Relay Replacement,Timing drift,2,HIGH,2025-05-06,2025-05-08,2025-05-18,5.5,8,HIGH,Completed,False
SIG2800,AST0731,SEC056,Axle Counter,Signal Inspection,Lamp failure,3,MEDIUM,2025-11-03,2025-11-04,2025-11-22,7.0,15,MEDIUM,Pending,False
SIG2801,AST0745,SEC070,Point Machine,Communication Equipment Repair,OFC splice loss,4,LOW,2025-01-18,2025-01-21,2025-02-21,2.1,13,LOW,Completed,True
SIG2802,AST0784,SEC034,Signal,Interlocking Test,Route locking fault,2,HIGH,2025-05-14,2025-05-17,2025-05-31,10.8,9,HIGH,Completed,True
SIG2803,AST0775,SEC025,Level Crossing Equipment,Level Crossing Maintenance,Lighting defect,2,HIGH,2025-05-13,2025-05-13,2025-05-22,1.9,11,HIGH,Completed,True
SIG2804,AST0820,SEC070,Interlocking,Level Crossing Maintenance,Lighting defect,3,MEDIUM,2025-08-29,2025-08-30,2025-09-14,5.9,15,MEDIUM,Completed,True
SIG2805,AST0836,SEC011,Interlocking,Track Circuit Maintenance,Receiver fault,5,LOW,2025-12-14,2025-12-14,2026-01-30,5.1,10,LOW,Scheduled,True
SIG2806,AST0939,SEC039,Axle Counter,Track Circuit Maintenance,Feed-end issue,5,LOW,2025-06-16,2025-06-18,2025-09-13,4.6,15,LOW,Completed,False
SIG2807,AST0968,SEC068,Signal,Point Machine Servicing,Detection rod issue,4,LOW,2025-12-12,2025-12-15,2026-01-30,2.2,5,LOW,In Progress,True
SIG2808,AST0955,SEC055,Axle Counter,Communication Equipment Repair,OFC splice loss,4,LOW,2025-04-17,2025-04-20,2025-05-26,7.0,2,LOW,Scheduled,True
SIG2809,AST0831,SEC006,Level Crossing Equipment,Communication Equipment Repair,OFC splice loss,1,CRITICAL,2025-12-07,2025-12-08,2025-12-11,2.8,11,HIGH,Pending,True
SIG2810,AST0935,SEC035,Level Crossing Equipment,Communication Equipment Repair,Control phone failure,3,MEDIUM,2025-02-19,2025-02-22,2025-03-20,7.9,13,MEDIUM,Completed,True
SIG2811,AST0850,SEC025,Track Circuit,Level Crossing Maintenance,Bell failure,4,LOW,2025-06-03,2025-06-06,2025-07-04,1.7,13,LOW,Scheduled,True
SIG2812,AST0718,SEC043,Communication Equipment,Level Crossing Maintenance,Boom barrier fault,3,MEDIUM,2025-01-05,2025-01-08,2025-01-26,9.0,14,MEDIUM,Completed,False
SIG2813,AST0714,SEC039,Track Circuit,Relay Replacement,Contact oxidation,5,LOW,2025-08-24,2025-08-26,2025-11-24,1.1,5,LOW,Cancelled,True
SIG2814,AST0863,SEC038,Level Crossing Equipment,Relay Replacement,Timing drift,2,HIGH,2025-03-25,2025-03-26,2025-04-04,2.2,14,HIGH,In Progress,True
SIG2815,AST0772,SEC022,Interlocking,Relay Replacement,Coil failure,2,HIGH,2025-03-10,2025-03-12,2025-03-21,1.9,6,HIGH,Cancelled,True
SIG2816,AST0960,SEC060,Signal,Track Circuit Maintenance,Insulation failure,3,MEDIUM,2025-08-14,2025-08-15,2025-09-09,2.7,4,MEDIUM,In Progress,True
SIG2817,AST0718,SEC043,Communication Equipment,Level Crossing Maintenance,Lighting defect,5,LOW,2025-11-23,2025-11-24,2026-02-10,11.6,8,LOW,Scheduled,False
SIG2818,AST0796,SEC046,Interlocking,Axle Counter Calibration,Count error,4,LOW,2025-11-14,2025-11-15,2026-01-01,7.2,12,LOW,Scheduled,True
SIG2819,AST0825,SEC075,Point Machine,Communication Equipment Repair,Fiber break,4,LOW,2025-07-09,2025-07-10,2025-08-26,4.1,13,LOW,In Progress,True
SIG2820,AST0841,SEC016,Point Machine,Axle Counter Calibration,Cable fault,5,LOW,2025-05-07,2025-05-07,2025-06-23,3.9,14,LOW,In Progress,True
SIG2821,AST0777,SEC027,Point Machine,Level Crossing Maintenance,Lighting defect,2,HIGH,2025-04-01,2025-04-03,2025-04-12,10.6,8,HIGH,Pending,True
SIG2822,AST0785,SEC035,Point Machine,Track Circuit Maintenance,Feed-end issue,3,MEDIUM,2025-08-05,2025-08-07,2025-09-05,11.0,12,MEDIUM,Cancelled,True
SIG2823,AST0744,SEC069,Signal,Axle Counter Calibration,Reset failure,2,HIGH,2025-09-10,2025-09-12,2025-09-22,7.8,4,HIGH,Scheduled,True
SIG2824,AST0864,SEC039,Signal,Relay Replacement,Contact oxidation,3,MEDIUM,2025-11-23,2025-11-23,2025-12-11,10.1,4,MEDIUM,Scheduled,True
SIG2825,AST0825,SEC075,Point Machine,Level Crossing Maintenance,Lighting defect,2,HIGH,2025-05-01,2025-05-02,2025-05-12,8.5,6,HIGH,Completed,True
SIG2826,AST0785,SEC035,Point Machine,Interlocking Test,Logic error,1,CRITICAL,2025-08-10,2025-08-10,2025-08-14,6.4,12,HIGH,Scheduled,True
SIG2827,AST0736,SEC061,Signal,Interlocking Test,Signal interlocking mismatch,4,LOW,2025-05-28,2025-05-29,2025-07-09,7.0,11,LOW,Pending,True
SIG2828,AST0867,SEC042,Axle Counter,Relay Replacement,Coil failure,2,HIGH,2025-09-08,2025-09-09,2025-09-24,2.2,11,HIGH,Completed,False
SIG2829,AST0819,SEC069,Axle Counter,Relay Replacement,Coil failure,3,MEDIUM,2025-09-23,2025-09-26,2025-10-18,1.4,9,MEDIUM,Scheduled,False
SIG2830,AST0975,SEC075,Level Crossing Equipment,Communication Equipment Repair,Control phone failure,1,CRITICAL,2025-08-13,2025-08-16,2025-08-21,11.2,12,HIGH,Completed,False
SIG2831,AST0704,SEC029,Signal,Track Circuit Maintenance,Feed-end issue,2,HIGH,2025-05-18,2025-05-20,2025-05-29,6.9,14,HIGH,Scheduled,True
SIG2832,AST0938,SEC038,Track Circuit,Point Machine Servicing,Lock bar defect,4,LOW,2025-09-09,2025-09-10,2025-11-02,6.8,8,LOW,Completed,True
SIG2833,AST0940,SEC040,Interlocking,Point Machine Servicing,Motor fault,5,LOW,2025-07-14,2025-07-16,2025-09-05,10.9,5,LOW,Completed,True
SIG2834,AST0783,SEC033,Level Crossing Equipment,Point Machine Servicing,Lock bar defect,3,MEDIUM,2025-05-29,2025-05-30,2025-06-25,11.1,15,MEDIUM,Pending,False
SIG2835,AST0881,SEC056,Point Machine,Level Crossing Maintenance,Lighting defect,2,HIGH,2025-12-19,2025-12-19,2025-12-31,5.6,6,HIGH,Pending,True
SIG2836,AST0949,SEC049,Relay,Signal Inspection,Lens damage,3,MEDIUM,2025-11-01,2025-11-01,2025-11-24,4.0,2,MEDIUM,Completed,False
SIG2837,AST0934,SEC034,Communication Equipment,Level Crossing Maintenance,Boom barrier fault,4,LOW,2025-05-04,2025-05-06,2025-06-20,2.0,7,LOW,In Progress,True
SIG2838,AST0718,SEC043,Communication Equipment,Point Machine Servicing,Lock bar defect,2,HIGH,2025-10-18,2025-10-20,2025-11-01,6.2,6,HIGH,Scheduled,False
SIG2839,AST0908,SEC008,Interlocking,Relay Replacement,Contact oxidation,1,CRITICAL,2025-08-13,2025-08-14,2025-08-21,4.5,2,HIGH,Completed,True
SIG2840,AST0900,SEC075,Interlocking,Signal Inspection,Signal post tilt,4,LOW,2025-04-14,2025-04-17,2025-05-20,2.9,12,LOW,Completed,True
SIG2841,AST0740,SEC065,Interlocking,Level Crossing Maintenance,Boom barrier fault,2,HIGH,2025-04-17,2025-04-18,2025-04-26,1.4,13,HIGH,Scheduled,True
SIG2842,AST0816,SEC066,Signal,Relay Replacement,Contact oxidation,3,MEDIUM,2025-07-13,2025-07-14,2025-08-11,6.8,2,MEDIUM,Pending,True
SIG2843,AST0950,SEC050,Communication Equipment,Relay Replacement,Contact oxidation,3,MEDIUM,2025-03-03,2025-03-04,2025-04-03,4.1,10,MEDIUM,Completed,True
SIG2844,AST0785,SEC035,Point Machine,Communication Equipment Repair,OFC splice loss,4,LOW,2025-10-16,2025-10-19,2025-12-17,11.9,15,LOW,Cancelled,True
SIG2845,AST0747,SEC072,Axle Counter,Interlocking Test,Overlap fault,3,MEDIUM,2025-05-22,2025-05-23,2025-06-12,8.0,8,MEDIUM,Scheduled,False
SIG2846,AST0839,SEC014,Level Crossing Equipment,Level Crossing Maintenance,Lighting defect,3,MEDIUM,2025-10-27,2025-10-30,2025-11-22,11.9,5,MEDIUM,Scheduled,True
SIG2847,AST0974,SEC074,Communication Equipment,Point Machine Servicing,Clutch slip,3,MEDIUM,2025-04-17,2025-04-19,2025-05-11,9.4,4,MEDIUM,Pending,True
SIG2848,AST0822,SEC072,Communication Equipment,Interlocking Test,Route locking fault,5,LOW,2025-02-18,2025-02-21,2025-04-07,9.9,7,LOW,Scheduled,False
SIG2849,AST0851,SEC026,Axle Counter,Level Crossing Maintenance,Bell failure,1,CRITICAL,2025-06-23,2025-06-23,2025-06-29,8.9,12,HIGH,Completed,True
SIG2850,AST0884,SEC059,Interlocking,Signal Inspection,Aspect error,3,MEDIUM,2025-12-01,2025-12-01,2025-12-18,8.7,3,MEDIUM,Scheduled,True
SIG2851,AST0782,SEC032,Communication Equipment,Signal Inspection,Signal post tilt,2,HIGH,2025-08-17,2025-08-19,2025-08-29,1.2,15,HIGH,Pending,False
SIG2852,AST0837,SEC012,Relay,Axle Counter Calibration,Reset failure,3,MEDIUM,2025-04-03,2025-04-06,2025-05-03,1.8,8,MEDIUM,Scheduled,False
SIG2853,AST0948,SEC048,Interlocking,Signal Inspection,Lens damage,3,MEDIUM,2025-06-12,2025-06-15,2025-07-05,5.3,12,MEDIUM,Pending,True
SIG2854,AST0947,SEC047,Axle Counter,Interlocking Test,Logic error,3,MEDIUM,2025-02-02,2025-02-02,2025-02-16,6.5,7,MEDIUM,Pending,True
SIG2855,AST0852,SEC027,Interlocking,Point Machine Servicing,Clutch slip,3,MEDIUM,2025-01-06,2025-01-06,2025-01-29,9.9,11,MEDIUM,Pending,True
SIG2856,AST0764,SEC014,Interlocking,Signal Inspection,Lamp failure,2,HIGH,2025-03-13,2025-03-15,2025-03-27,5.4,9,HIGH,Pending,True
SIG2857,AST0951,SEC051,Level Crossing Equipment,Interlocking Test,Logic error,5,LOW,2025-11-25,2025-11-26,2026-02-11,2.6,11,LOW,Pending,False
SIG2858,AST0702,SEC027,Communication Equipment,Signal Inspection,Aspect error,1,CRITICAL,2025-03-12,2025-03-13,2025-03-18,3.6,13,HIGH,Scheduled,True
SIG2859,AST0889,SEC064,Point Machine,Track Circuit Maintenance,Feed-end issue,2,HIGH,2025-10-18,2025-10-18,2025-11-01,5.5,6,HIGH,Completed,True
SIG2860,AST0876,SEC051,Interlocking,Signal Inspection,Signal post tilt,2,HIGH,2025-07-08,2025-07-11,2025-07-20,7.9,13,HIGH,Completed,False
SIG2861,AST0945,SEC045,Point Machine,Track Circuit Maintenance,Bonding defect,1,CRITICAL,2025-03-07,2025-03-07,2025-03-14,2.4,7,HIGH,Completed,True
SIG2862,AST0854,SEC029,Communication Equipment,Interlocking Test,Route locking fault,3,MEDIUM,2025-09-20,2025-09-20,2025-10-19,2.2,6,MEDIUM,Scheduled,False
SIG2863,AST0918,SEC018,Communication Equipment,Level Crossing Maintenance,Gate motor issue,4,LOW,2025-08-16,2025-08-18,2025-09-17,9.0,5,LOW,Cancelled,False
SIG2864,AST0813,SEC063,Relay,Axle Counter Calibration,Sensor misalignment,1,CRITICAL,2025-02-10,2025-02-10,2025-02-17,8.0,3,HIGH,Pending,True
SIG2865,AST0782,SEC032,Communication Equipment,Relay Replacement,Contact oxidation,3,MEDIUM,2025-01-31,2025-02-01,2025-02-18,4.7,4,MEDIUM,Pending,True
SIG2866,AST0704,SEC029,Signal,Interlocking Test,Route locking fault,2,HIGH,2025-10-26,2025-10-28,2025-11-05,8.3,10,HIGH,Completed,True
SIG2867,AST0847,SEC022,Level Crossing Equipment,Relay Replacement,Timing drift,5,LOW,2025-07-26,2025-07-28,2025-10-19,6.8,5,LOW,Completed,False
SIG2868,AST0851,SEC026,Axle Counter,Signal Inspection,Signal post tilt,3,MEDIUM,2025-07-04,2025-07-06,2025-07-30,3.3,9,MEDIUM,Cancelled,True
SIG2869,AST0828,SEC003,Interlocking,Interlocking Test,Overlap fault,5,LOW,2025-11-18,2025-11-19,2026-02-11,2.4,8,LOW,Cancelled,True
SIG2870,AST0927,SEC027,Level Crossing Equipment,Signal Inspection,Aspect error,1,CRITICAL,2025-11-15,2025-11-15,2025-11-18,3.8,14,HIGH,Scheduled,True
SIG2871,AST0954,SEC054,Track Circuit,Level Crossing Maintenance,Boom barrier fault,4,LOW,2025-02-19,2025-02-22,2025-04-18,11.6,4,LOW,Completed,True
SIG2872,AST0966,SEC066,Communication Equipment,Interlocking Test,Logic error,3,MEDIUM,2025-05-07,2025-05-09,2025-05-25,7.5,11,MEDIUM,Scheduled,True
SIG2873,AST0773,SEC023,Relay,Signal Inspection,Lamp failure,1,CRITICAL,2025-11-19,2025-11-21,2025-11-28,10.0,5,HIGH,Scheduled,False
SIG2874,AST0934,SEC034,Communication Equipment,Communication Equipment Repair,Fiber break,3,MEDIUM,2025-03-28,2025-03-28,2025-04-26,7.4,7,MEDIUM,In Progress,True
SIG2875,AST0890,SEC065,Track Circuit,Interlocking Test,Signal interlocking mismatch,4,LOW,2025-07-18,2025-07-21,2025-08-16,8.1,4,LOW,In Progress,True
SIG2876,AST0899,SEC074,Axle Counter,Communication Equipment Repair,Control phone failure,2,HIGH,2025-03-01,2025-03-04,2025-03-15,6.2,15,HIGH,Completed,False
SIG2877,AST0723,SEC048,Axle Counter,Axle Counter Calibration,Sensor misalignment,4,LOW,2025-08-14,2025-08-16,2025-09-19,10.3,14,LOW,Completed,True
SIG2878,AST0761,SEC011,Point Machine,Level Crossing Maintenance,Lighting defect,2,HIGH,2025-11-25,2025-11-28,2025-12-13,10.9,3,HIGH,In Progress,True
SIG2879,AST0924,SEC024,Interlocking,Track Circuit Maintenance,Insulation failure,3,MEDIUM,2025-03-05,2025-03-08,2025-03-25,4.2,2,MEDIUM,Pending,True
SIG2880,AST0798,SEC048,Communication Equipment,Point Machine Servicing,Detection rod issue,1,CRITICAL,2025-01-24,2025-01-25,2025-01-28,6.7,14,HIGH,Completed,False
SIG2881,AST0829,SEC004,Relay,Point Machine Servicing,Detection rod issue,1,CRITICAL,2025-01-29,2025-01-31,2025-02-07,10.2,12,HIGH,Pending,False
SIG2882,AST0918,SEC018,Communication Equipment,Track Circuit Maintenance,Bonding defect,4,LOW,2025-02-14,2025-02-17,2025-04-08,9.5,10,LOW,Cancelled,True
SIG2883,AST0792,SEC042,Signal,Track Circuit Maintenance,Insulation failure,3,MEDIUM,2025-06-22,2025-06-25,2025-07-10,1.5,6,MEDIUM,Scheduled,True
SIG2884,AST0761,SEC011,Point Machine,Level Crossing Maintenance,Gate motor issue,2,HIGH,2025-06-24,2025-06-26,2025-07-07,1.3,9,HIGH,Pending,True
SIG2885,AST0895,SEC070,Level Crossing Equipment,Communication Equipment Repair,Control phone failure,3,MEDIUM,2025-03-13,2025-03-14,2025-04-03,2.0,15,MEDIUM,In Progress,False
SIG2886,AST0803,SEC053,Axle Counter,Axle Counter Calibration,Cable fault,3,MEDIUM,2025-04-24,2025-04-26,2025-05-26,4.9,11,MEDIUM,Scheduled,False
SIG2887,AST0850,SEC025,Track Circuit,Interlocking Test,Route locking fault,4,LOW,2025-09-13,2025-09-16,2025-10-25,11.5,12,LOW,Pending,True
SIG2888,AST0784,SEC034,Signal,Axle Counter Calibration,Sensor misalignment,4,LOW,2025-01-07,2025-01-07,2025-02-26,10.4,5,LOW,Completed,True
SIG2889,AST0858,SEC033,Track Circuit,Track Circuit Maintenance,Bonding defect,4,LOW,2025-05-03,2025-05-03,2025-06-30,10.2,6,LOW,Scheduled,True
SIG2890,AST0800,SEC050,Signal,Track Circuit Maintenance,Insulation failure,5,LOW,2025-08-11,2025-08-12,2025-10-10,5.0,2,LOW,Cancelled,True
SIG2891,AST0846,SEC021,Communication Equipment,Interlocking Test,Logic error,4,LOW,2025-11-14,2025-11-14,2025-12-27,7.0,6,LOW,Completed,False
SIG2892,AST0974,SEC074,Communication Equipment,Signal Inspection,Lamp failure,5,LOW,2025-08-23,2025-08-23,2025-10-14,6.4,4,LOW,Cancelled,False
SIG2893,AST0745,SEC070,Point Machine,Track Circuit Maintenance,Receiver fault,3,MEDIUM,2025-01-06,2025-01-06,2025-02-03,10.2,4,MEDIUM,Scheduled,True
SIG2894,AST0705,SEC030,Point Machine,Axle Counter Calibration,Count error,5,LOW,2025-11-12,2025-11-13,2026-01-05,11.4,13,LOW,In Progress,True
SIG2895,AST0717,SEC042,Relay,Axle Counter Calibration,Sensor misalignment,3,MEDIUM,2025-12-14,2025-12-14,2026-01-05,10.4,11,MEDIUM,Pending,False
SIG2896,AST0765,SEC015,Relay,Point Machine Servicing,Clutch slip,2,HIGH,2025-09-13,2025-09-14,2025-09-24,10.3,2,HIGH,In Progress,True
SIG2897,AST0791,SEC041,Level Crossing Equipment,Communication Equipment Repair,OFC splice loss,3,MEDIUM,2025-10-28,2025-10-28,2025-11-25,6.5,3,MEDIUM,Completed,False
SIG2898,AST0889,SEC064,Point Machine,Level Crossing Maintenance,Bell failure,5,LOW,2025-05-25,2025-05-27,2025-08-05,7.7,15,LOW,In Progress,True
SIG2899,AST0820,SEC070,Interlocking,Point Machine Servicing,Lock bar defect,3,MEDIUM,2025-11-28,2025-12-01,2025-12-24,11.4,4,MEDIUM,Scheduled,True
SIG2900,AST0797,SEC047,Relay,Axle Counter Calibration,Cable fault,3,MEDIUM,2025-05-04,2025-05-06,2025-05-20,2.0,6,MEDIUM,Completed,False
SIG2901,AST0973,SEC073,Relay,Relay Replacement,Coil failure,2,HIGH,2025-02-06,2025-02-06,2025-02-18,3.5,10,HIGH,Pending,False
SIG2902,AST0878,SEC053,Communication Equipment,Signal Inspection,Lens damage,4,LOW,2025-08-14,2025-08-16,2025-10-06,1.3,5,LOW,Pending,True
SIG2903,AST0797,SEC047,Relay,Interlocking Test,Signal interlocking mismatch,4,LOW,2025-06-14,2025-06-16,2025-07-28,5.4,14,LOW,Completed,True
SIG2904,AST0816,SEC066,Signal,Relay Replacement,Mechanical wear,3,MEDIUM,2025-03-10,2025-03-11,2025-03-29,6.9,4,MEDIUM,Cancelled,True
SIG2905,AST0931,SEC031,Axle Counter,Communication Equipment Repair,Control phone failure,2,HIGH,2025-05-12,2025-05-12,2025-05-25,10.5,12,HIGH,Scheduled,False
SIG2906,AST0865,SEC040,Point Machine,Communication Equipment Repair,Control phone failure,4,LOW,2025-01-12,2025-01-15,2025-02-23,7.4,5,LOW,Scheduled,True
SIG2907,AST0977,SEC002,Point Machine,Axle Counter Calibration,Cable fault,3,MEDIUM,2025-06-04,2025-06-04,2025-06-30,4.6,15,MEDIUM,In Progress,True
SIG2908,AST0901,SEC001,Relay,Axle Counter Calibration,Sensor misalignment,4,LOW,2025-05-26,2025-05-28,2025-07-03,6.1,4,LOW,Pending,False
SIG2909,AST0945,SEC045,Point Machine,Level Crossing Maintenance,Bell failure,1,CRITICAL,2025-12-15,2025-12-15,2025-12-18,4.1,7,HIGH,Completed,True
SIG2910,AST0709,SEC034,Relay,Axle Counter Calibration,Count error,1,CRITICAL,2025-02-22,2025-02-24,2025-03-03,2.9,4,HIGH,Completed,False
SIG2911,AST0758,SEC008,Communication Equipment,Point Machine Servicing,Detection rod issue,2,HIGH,2025-10-06,2025-10-07,2025-10-17,4.8,14,HIGH,Completed,False
SIG2912,AST0871,SEC046,Level Crossing Equipment,Relay Replacement,Coil failure,3,MEDIUM,2025-01-14,2025-01-16,2025-02-12,5.1,9,MEDIUM,Completed,False
SIG2913,AST0921,SEC021,Point Machine,Relay Replacement,Contact oxidation,4,LOW,2025-04-05,2025-04-08,2025-05-29,9.4,8,LOW,Completed,True
SIG2914,AST0801,SEC051,Point Machine,Level Crossing Maintenance,Bell failure,3,MEDIUM,2025-05-08,2025-05-10,2025-06-05,10.7,5,MEDIUM,Completed,False
SIG2915,AST0946,SEC046,Track Circuit,Axle Counter Calibration,Cable fault,4,LOW,2025-09-18,2025-09-21,2025-11-03,7.7,11,LOW,Pending,True
SIG2916,AST0792,SEC042,Signal,Level Crossing Maintenance,Bell failure,5,LOW,2025-08-27,2025-08-28,2025-10-20,7.0,7,LOW,Scheduled,True
SIG2917,AST0987,SEC012,Axle Counter,Axle Counter Calibration,Cable fault,2,HIGH,2025-10-31,2025-11-03,2025-11-10,11.8,2,HIGH,Completed,False
SIG2918,AST0990,SEC015,Communication Equipment,Point Machine Servicing,Detection rod issue,4,LOW,2025-01-15,2025-01-17,2025-03-12,8.3,4,LOW,Pending,False
SIG2919,AST0999,SEC024,Level Crossing Equipment,Track Circuit Maintenance,Receiver fault,5,LOW,2025-10-14,2025-10-17,2026-01-15,3.2,4,LOW,Cancelled,True
SIG2920,AST0896,SEC071,Signal,Interlocking Test,Route locking fault,1,CRITICAL,2025-07-29,2025-07-29,2025-08-05,7.4,11,HIGH,Scheduled,True
SIG2921,AST0744,SEC069,Signal,Track Circuit Maintenance,Bonding defect,3,MEDIUM,2025-06-06,2025-06-07,2025-07-07,9.2,10,MEDIUM,Completed,True
SIG2922,AST0853,SEC028,Relay,Track Circuit Maintenance,Insulation failure,3,MEDIUM,2025-03-24,2025-03-26,2025-04-11,4.4,6,MEDIUM,Pending,False
SIG2923,AST0806,SEC056,Communication Equipment,Level Crossing Maintenance,Bell failure,2,HIGH,2025-12-13,2025-12-13,2025-12-25,9.9,8,HIGH,Completed,False
SIG2924,AST0739,SEC064,Axle Counter,Axle Counter Calibration,Reset failure,5,LOW,2025-01-19,2025-01-22,2025-03-25,3.2,10,LOW,Scheduled,True
SIG2925,AST0921,SEC021,Point Machine,Point Machine Servicing,Clutch slip,3,MEDIUM,2025-01-17,2025-01-17,2025-02-05,11.5,5,MEDIUM,Pending,False
SIG2926,AST0889,SEC064,Point Machine,Communication Equipment Repair,OFC splice loss,5,LOW,2025-12-12,2025-12-15,2026-02-21,7.1,10,LOW,Completed,False
SIG2927,AST0784,SEC034,Signal,Signal Inspection,Aspect error,4,LOW,2025-08-26,2025-08-26,2025-10-04,5.3,11,LOW,Pending,True
SIG2928,AST0727,SEC052,Level Crossing Equipment,Point Machine Servicing,Detection rod issue,2,HIGH,2025-07-22,2025-07-25,2025-08-03,9.3,15,HIGH,Scheduled,False
SIG2929,AST0945,SEC045,Point Machine,Level Crossing Maintenance,Lighting defect,3,MEDIUM,2025-11-27,2025-11-28,2025-12-16,6.8,2,MEDIUM,Pending,True
SIG2930,AST0996,SEC021,Interlocking,Axle Counter Calibration,Sensor misalignment,4,LOW,2025-08-30,2025-08-31,2025-10-05,1.9,12,LOW,Pending,False
SIG2931,AST0791,SEC041,Level Crossing Equipment,Point Machine Servicing,Clutch slip,3,MEDIUM,2025-11-22,2025-11-25,2025-12-14,3.4,13,MEDIUM,Scheduled,False
SIG2932,AST0984,SEC009,Signal,Point Machine Servicing,Motor fault,2,HIGH,2025-10-24,2025-10-27,2025-11-04,12.0,6,HIGH,In Progress,True
SIG2933,AST0969,SEC069,Point Machine,Signal Inspection,Lens damage,5,LOW,2025-01-29,2025-01-30,2025-04-12,8.6,10,LOW,Pending,True
SIG2934,AST0870,SEC045,Communication Equipment,Axle Counter Calibration,Count error,2,HIGH,2025-05-10,2025-05-10,2025-05-22,6.6,7,HIGH,Scheduled,False
SIG2935,AST0743,SEC068,Level Crossing Equipment,Communication Equipment Repair,Fiber break,1,CRITICAL,2025-05-26,2025-05-28,2025-05-31,6.5,9,HIGH,Pending,False
SIG2936,AST0861,SEC036,Relay,Track Circuit Maintenance,Bonding defect,4,LOW,2025-03-13,2025-03-16,2025-04-23,2.1,15,LOW,Completed,False
SIG2937,AST0988,SEC013,Interlocking,Interlocking Test,Logic error,2,HIGH,2025-04-23,2025-04-24,2025-05-07,5.0,9,HIGH,Pending,True
SIG2938,AST0910,SEC010,Communication Equipment,Interlocking Test,Signal interlocking mismatch,4,LOW,2025-11-23,2025-11-23,2026-01-04,11.0,6,LOW,Pending,False
SIG2939,AST0869,SEC044,Relay,Point Machine Servicing,Lock bar defect,3,MEDIUM,2025-05-13,2025-05-14,2025-06-12,6.7,12,MEDIUM,Scheduled,False
SIG2940,AST0716,SEC041,Interlocking,Axle Counter Calibration,Sensor misalignment,3,MEDIUM,2025-05-27,2025-05-29,2025-06-27,11.7,11,MEDIUM,Scheduled,True
SIG2941,AST0723,SEC048,Axle Counter,Level Crossing Maintenance,Lighting defect,1,CRITICAL,2025-04-16,2025-04-18,2025-04-24,2.8,8,HIGH,Scheduled,True
SIG2942,AST0736,SEC061,Signal,Communication Equipment Repair,OFC splice loss,4,LOW,2025-08-08,2025-08-10,2025-09-30,9.1,7,LOW,Cancelled,True
SIG2943,AST0852,SEC027,Interlocking,Signal Inspection,Aspect error,4,LOW,2025-07-10,2025-07-12,2025-08-29,6.3,11,LOW,Completed,True
SIG2944,AST0948,SEC048,Interlocking,Relay Replacement,Contact oxidation,2,HIGH,2025-12-05,2025-12-05,2025-12-19,2.8,2,HIGH,Scheduled,True
SIG2945,AST0979,SEC004,Axle Counter,Point Machine Servicing,Motor fault,5,LOW,2025-09-12,2025-09-12,2025-11-26,6.4,5,LOW,Scheduled,False
SIG2946,AST0949,SEC049,Relay,Signal Inspection,Lamp failure,3,MEDIUM,2025-05-04,2025-05-06,2025-06-03,8.9,6,MEDIUM,Cancelled,False
SIG2947,AST0874,SEC049,Track Circuit,Track Circuit Maintenance,Feed-end issue,5,LOW,2025-08-03,2025-08-03,2025-10-28,5.1,4,LOW,Scheduled,False
SIG2948,AST0850,SEC025,Track Circuit,Point Machine Servicing,Clutch slip,2,HIGH,2025-10-30,2025-10-30,2025-11-13,8.5,8,HIGH,Pending,True
SIG2949,AST0920,SEC020,Signal,Communication Equipment Repair,Radio fault,3,MEDIUM,2025-08-02,2025-08-05,2025-08-29,1.2,8,MEDIUM,Completed,True
SIG2950,AST0894,SEC069,Communication Equipment,Communication Equipment Repair,Control phone failure,3,MEDIUM,2025-04-15,2025-04-17,2025-05-11,4.6,10,MEDIUM,Pending,False
SIG2951,AST0962,SEC062,Track Circuit,Relay Replacement,Coil failure,3,MEDIUM,2025-09-14,2025-09-16,2025-10-11,2.7,11,MEDIUM,Completed,True
SIG2952,AST0846,SEC021,Communication Equipment,Relay Replacement,Contact oxidation,2,HIGH,2025-11-15,2025-11-16,2025-11-24,8.3,11,HIGH,In Progress,False
SIG2953,AST0897,SEC072,Point Machine,Level Crossing Maintenance,Lighting defect,2,HIGH,2025-10-06,2025-10-08,2025-10-18,9.3,6,HIGH,Completed,True
SIG2954,AST0996,SEC021,Interlocking,Axle Counter Calibration,Sensor misalignment,5,LOW,2025-03-24,2025-03-24,2025-05-27,9.8,12,LOW,Completed,False
SIG2955,AST0808,SEC058,Signal,Communication Equipment Repair,Fiber break,5,LOW,2025-09-27,2025-09-29,2025-11-17,9.4,15,LOW,Completed,True
SIG2956,AST0908,SEC008,Interlocking,Axle Counter Calibration,Reset failure,3,MEDIUM,2025-01-31,2025-01-31,2025-02-17,3.3,14,MEDIUM,Pending,True
SIG2957,AST0821,SEC071,Relay,Axle Counter Calibration,Sensor misalignment,4,LOW,2025-11-11,2025-11-11,2025-12-22,4.0,4,LOW,Pending,False
SIG2958,AST0827,SEC002,Axle Counter,Axle Counter Calibration,Reset failure,4,LOW,2025-06-16,2025-06-17,2025-07-20,5.4,4,LOW,Pending,False
SIG2959,AST0951,SEC051,Level Crossing Equipment,Communication Equipment Repair,Control phone failure,4,LOW,2025-04-19,2025-04-21,2025-05-19,7.8,14,LOW,Completed,False
SIG2960,AST0813,SEC063,Relay,Signal Inspection,Lens damage,3,MEDIUM,2025-08-11,2025-08-14,2025-09-05,3.9,10,MEDIUM,Completed,False
SIG2961,AST0714,SEC039,Track Circuit,Point Machine Servicing,Lock bar defect,4,LOW,2025-08-24,2025-08-25,2025-10-22,10.6,8,LOW,In Progress,True
SIG2962,AST0936,SEC036,Signal,Point Machine Servicing,Motor fault,4,LOW,2025-12-03,2025-12-06,2026-01-07,10.2,3,LOW,Pending,True
SIG2963,AST0861,SEC036,Relay,Level Crossing Maintenance,Lighting defect,2,HIGH,2025-06-16,2025-06-19,2025-06-29,6.6,5,HIGH,Cancelled,False
SIG2964,AST0992,SEC017,Signal,Level Crossing Maintenance,Bell failure,2,HIGH,2025-06-23,2025-06-24,2025-07-04,5.2,4,HIGH,Scheduled,True
SIG2965,AST0959,SEC059,Level Crossing Equipment,Level Crossing Maintenance,Boom barrier fault,4,LOW,2025-02-21,2025-02-24,2025-04-07,4.9,6,LOW,Pending,False
SIG2966,AST0858,SEC033,Track Circuit,Signal Inspection,Lens damage,3,MEDIUM,2025-09-11,2025-09-13,2025-10-07,11.6,6,MEDIUM,Completed,True
SIG2967,AST0986,SEC011,Track Circuit,Level Crossing Maintenance,Lighting defect,3,MEDIUM,2025-05-25,2025-05-27,2025-06-19,6.7,14,MEDIUM,Cancelled,True
SIG2968,AST0921,SEC021,Point Machine,Track Circuit Maintenance,Feed-end issue,3,MEDIUM,2025-05-05,2025-05-08,2025-06-03,3.6,13,MEDIUM,Completed,False
SIG2969,AST0902,SEC002,Communication Equipment,Point Machine Servicing,Clutch slip,2,HIGH,2025-06-29,2025-06-30,2025-07-11,9.7,15,HIGH,Scheduled,False
SIG2970,AST0713,SEC038,Point Machine,Level Crossing Maintenance,Gate motor issue,1,CRITICAL,2025-07-05,2025-07-05,2025-07-08,11.2,8,HIGH,Scheduled,True
SIG2971,AST0932,SEC032,Interlocking,Track Circuit Maintenance,Feed-end issue,3,MEDIUM,2025-03-30,2025-04-01,2025-04-25,3.4,5,MEDIUM,Completed,True
SIG2972,AST0947,SEC047,Axle Counter,Axle Counter Calibration,Cable fault,1,CRITICAL,2025-03-15,2025-03-17,2025-03-20,1.5,9,HIGH,Cancelled,True
SIG2973,AST0903,SEC003,Level Crossing Equipment,Track Circuit Maintenance,Receiver fault,2,HIGH,2025-01-12,2025-01-12,2025-01-24,9.3,4,HIGH,In Progress,False
SIG2974,AST0968,SEC068,Signal,Track Circuit Maintenance,Feed-end issue,2,HIGH,2025-09-25,2025-09-26,2025-10-08,2.7,10,HIGH,Scheduled,True
SIG2975,AST0779,SEC029,Axle Counter,Signal Inspection,Lens damage,4,LOW,2025-08-10,2025-08-10,2025-09-15,5.9,7,LOW,Pending,True
SIG2976,AST0766,SEC016,Communication Equipment,Axle Counter Calibration,Sensor misalignment,1,CRITICAL,2025-08-16,2025-08-18,2025-08-25,2.1,11,HIGH,In Progress,False
SIG2977,AST0838,SEC013,Communication Equipment,Communication Equipment Repair,Radio fault,3,MEDIUM,2025-07-26,2025-07-28,2025-08-20,6.9,4,MEDIUM,Completed,False
SIG2978,AST0969,SEC069,Point Machine,Track Circuit Maintenance,Insulation failure,4,LOW,2025-12-12,2025-12-15,2026-02-08,9.5,14,LOW,Pending,True
SIG2979,AST0974,SEC074,Communication Equipment,Point Machine Servicing,Clutch slip,3,MEDIUM,2025-06-13,2025-06-15,2025-07-12,1.4,4,MEDIUM,Scheduled,True
SIG2980,AST0766,SEC016,Communication Equipment,Relay Replacement,Timing drift,2,HIGH,2025-12-08,2025-12-09,2025-12-17,11.6,5,HIGH,Completed,False
SIG2981,AST0905,SEC005,Point Machine,Track Circuit Maintenance,Insulation failure,4,LOW,2025-01-06,2025-01-07,2025-02-08,1.6,6,LOW,Pending,True
SIG2982,AST0903,SEC003,Level Crossing Equipment,Interlocking Test,Route locking fault,2,HIGH,2025-01-09,2025-01-11,2025-01-24,3.7,3,HIGH,Cancelled,False
SIG2983,AST0722,SEC047,Track Circuit,Signal Inspection,Lamp failure,4,LOW,2025-07-09,2025-07-12,2025-08-10,11.4,11,LOW,Cancelled,True
SIG2984,AST0926,SEC026,Communication Equipment,Relay Replacement,Timing drift,2,HIGH,2025-06-14,2025-06-14,2025-06-26,9.2,2,HIGH,Pending,False
SIG2985,AST0708,SEC033,Interlocking,Level Crossing Maintenance,Lighting defect,1,CRITICAL,2025-04-14,2025-04-14,2025-04-19,7.0,10,HIGH,Cancelled,True
SIG2986,AST0998,SEC023,Communication Equipment,Interlocking Test,Route locking fault,4,LOW,2025-03-19,2025-03-19,2025-05-04,11.8,14,LOW,Completed,False
SIG2987,AST0783,SEC033,Level Crossing Equipment,Communication Equipment Repair,Control phone failure,3,MEDIUM,2025-04-21,2025-04-24,2025-05-14,4.6,8,MEDIUM,Completed,False
SIG2988,AST0896,SEC071,Signal,Axle Counter Calibration,Reset failure,3,MEDIUM,2025-09-02,2025-09-02,2025-09-30,8.2,2,MEDIUM,Cancelled,True
SIG2989,AST0778,SEC028,Track Circuit,Interlocking Test,Overlap fault,2,HIGH,2025-12-08,2025-12-10,2025-12-17,10.0,10,HIGH,Completed,True
SIG2990,AST0949,SEC049,Relay,Relay Replacement,Coil failure,3,MEDIUM,2025-09-13,2025-09-13,2025-10-11,11.4,11,MEDIUM,Completed,False
SIG2991,AST0861,SEC036,Relay,Interlocking Test,Logic error,2,HIGH,2025-03-05,2025-03-08,2025-03-19,11.9,10,HIGH,Completed,False
SIG2992,AST0989,SEC014,Relay,Track Circuit Maintenance,Insulation failure,2,HIGH,2025-09-27,2025-09-30,2025-10-10,7.1,6,HIGH,Completed,True
SIG2993,AST0701,SEC026,Relay,Axle Counter Calibration,Reset failure,4,LOW,2025-08-31,2025-08-31,2025-10-29,3.6,4,LOW,Pending,True
SIG2994,AST0906,SEC006,Track Circuit,Communication Equipment Repair,Control phone failure,4,LOW,2025-04-24,2025-04-27,2025-06-08,2.4,4,LOW,Pending,True
SIG2995,AST0746,SEC071,Track Circuit,Interlocking Test,Signal interlocking mismatch,5,LOW,2025-11-19,2025-11-20,2026-02-15,11.7,9,LOW,In Progress,True
SIG2996,AST0834,SEC009,Track Circuit,Level Crossing Maintenance,Boom barrier fault,3,MEDIUM,2025-10-31,2025-11-03,2025-11-22,1.3,11,MEDIUM,Cancelled,True
SIG2997,AST0869,SEC044,Relay,Interlocking Test,Logic error,1,CRITICAL,2025-10-01,2025-10-01,2025-10-08,10.5,3,HIGH,Completed,False
SIG2998,AST0729,SEC054,Point Machine,Level Crossing Maintenance,Gate motor issue,2,HIGH,2025-04-17,2025-04-19,2025-05-04,1.3,14,HIGH,Scheduled,False
SIG2999,AST0901,SEC001,Relay,Point Machine Servicing,Detection rod issue,2,HIGH,2025-11-22,2025-11-22,2025-12-07,2.7,7,HIGH,Scheduled,True
SIG3000,AST0759,SEC009,Level Crossing Equipment,Axle Counter Calibration,Reset failure,4,LOW,2025-05-01,2025-05-01,2025-06-21,6.5,2,LOW,Pending,False
