task_id,asset_id,section_id,asset_type,task_type,defect_type,severity,criticality,inspection_date,reported_date,due_date,estimated_duration_hours,required_team_size,safety_impact,status,power_block_required
TRC0001,AST0479,SEC029,Electrical switchgear,Feeder Repair,Joint failure,2,HIGH,2025-08-02,2025-08-04,2025-08-14,11.4,9,HIGH,Pending,False
TRC0002,AST0431,SEC056,Electrical switchgear,Sectioning Post Maintenance,Isolator defect,3,MEDIUM,2025-01-18,2025-01-21,2025-02-14,6.4,8,MEDIUM,Scheduled,False
TRC0003,AST0502,SEC052,Sectioning equipment,Feeder Repair,Cable damage,3,MEDIUM,2025-01-14,2025-01-17,2025-02-10,4.8,15,MEDIUM,Scheduled,True
TRC0004,AST0443,SEC068,Catenary,Sectioning Post Maintenance,Isolator defect,3,MEDIUM,2025-08-23,2025-08-23,2025-09-07,1.5,3,MEDIUM,Completed,True
TRC0005,AST0441,SEC066,Pantograph interface,Insulator Replacement,Pollution deposit,1,CRITICAL,2025-07-02,2025-07-03,2025-07-09,11.5,6,HIGH,Scheduled,False
TRC0006,AST0524,SEC074,Transformer,Sectioning Post Maintenance,Isolator defect,2,HIGH,2025-08-05,2025-08-06,2025-08-16,6.2,3,HIGH,Completed,True
TRC0007,AST0509,SEC059,Feeder,Sectioning Post Maintenance,Isolator defect,3,MEDIUM,2025-11-17,2025-11-17,2025-12-14,5.8,13,MEDIUM,Completed,True
TRC0008,AST0440,SEC065,OHE,Feeder Repair,Cable damage,4,LOW,2025-12-09,2025-12-10,2026-01-18,9.1,13,LOW,Pending,True
TRC0009,AST0593,SEC068,Pantograph interface,OHE Inspection,Height deviation,3,MEDIUM,2025-09-03,2025-09-05,2025-10-03,7.0,14,MEDIUM,Pending,True
TRC0010,AST0570,SEC045,Insulator,Insulator Replacement,Cracked insulator,3,MEDIUM,2025-01-01,2025-01-04,2025-02-01,3.5,7,MEDIUM,Cancelled,False
TRC0011,AST0489,SEC039,Pantograph interface,Sectioning Post Maintenance,Interrupter fault,4,LOW,2025-09-12,2025-09-13,2025-11-12,6.3,5,LOW,Pending,True
TRC0012,AST0616,SEC016,OHE,Switchgear Maintenance,Relay malfunction,3,MEDIUM,2025-08-28,2025-08-30,2025-09-29,6.6,14,MEDIUM,In Progress,True
TRC0013,AST0599,SEC074,Electrical switchgear,OHE Mast Repair,Bracket damage,3,MEDIUM,2025-02-17,2025-02-18,2025-03-18,5.8,2,MEDIUM,Completed,True
TRC0014,AST0549,SEC024,Feeder,Switchgear Maintenance,Relay malfunction,3,MEDIUM,2025-08-11,2025-08-12,2025-09-03,8.7,3,MEDIUM,Completed,True
TRC0015,AST0658,SEC058,Insulator,Transformer Servicing,Winding fault,3,MEDIUM,2025-06-12,2025-06-12,2025-07-05,1.5,11,MEDIUM,Pending,True
TRC0016,AST0594,SEC069,Insulator,Catenary Maintenance,Catenary sag,4,LOW,2025-05-21,2025-05-21,2025-07-14,5.5,9,LOW,Cancelled,False
TRC0017,AST0639,SEC039,Electrical switchgear,Catenary Maintenance,Splice joint fault,1,CRITICAL,2025-01-12,2025-01-12,2025-01-18,2.5,8,HIGH,Pending,True
TRC0018,AST0495,SEC045,Electrical switchgear,Feeder Repair,Overheating,3,MEDIUM,2025-06-25,2025-06-28,2025-07-17,4.9,15,MEDIUM,Completed,True
TRC0019,AST0625,SEC025,Pantograph interface,Transformer Servicing,Bushing defect,1,CRITICAL,2025-11-15,2025-11-15,2025-11-21,4.4,14,HIGH,Pending,True
TRC0020,AST0491,SEC041,Catenary,OHE Inspection,Dropper defect,4,LOW,2025-01-02,2025-01-04,2025-03-05,8.9,4,LOW,Completed,True
TRC0021,AST0531,SEC006,Catenary,Switchgear Maintenance,Arc damage,3,MEDIUM,2025-02-07,2025-02-09,2025-03-11,5.4,10,MEDIUM,Cancelled,True
TRC0022,AST0662,SEC062,Sectioning equipment,OHE Inspection,Height deviation,3,MEDIUM,2025-12-18,2025-12-21,2026-01-17,11.8,3,MEDIUM,Cancelled,True
TRC0023,AST0633,SEC033,Pantograph interface,OHE Mast Repair,Foundation settlement,5,LOW,2025-03-19,2025-03-22,2025-05-16,10.0,4,LOW,Pending,False
TRC0024,AST0419,SEC044,Catenary,Transformer Servicing,Cooling system failure,3,MEDIUM,2025-04-17,2025-04-20,2025-05-13,2.7,2,MEDIUM,Pending,True
TRC0025,AST0470,SEC020,Sectioning equipment,Sectioning Post Maintenance,Isolator defect,2,HIGH,2025-08-24,2025-08-26,2025-09-10,4.6,2,HIGH,Pending,True
TRC0026,AST0638,SEC038,Sectioning equipment,OHE Inspection,Dropper defect,5,LOW,2025-07-28,2025-07-31,2025-09-23,11.0,15,LOW,Scheduled,True
TRC0027,AST0668,SEC068,Transformer,OHE Mast Repair,Bracket damage,4,LOW,2025-09-13,2025-09-16,2025-11-04,12.0,13,LOW,Completed,False
TRC0028,AST0659,SEC059,Catenary,Feeder Repair,Insulation breakdown,3,MEDIUM,2025-11-24,2025-11-24,2025-12-22,9.5,6,MEDIUM,Pending,True
TRC0029,AST0655,SEC055,Electrical switchgear,Sectioning Post Maintenance,Jumper damage,2,HIGH,2025-02-21,2025-02-24,2025-03-06,1.4,14,HIGH,Cancelled,True
TRC0030,AST0497,SEC047,Pantograph interface,Catenary Maintenance,Splice joint fault,2,HIGH,2025-01-13,2025-01-13,2025-01-24,8.0,5,HIGH,Completed,True
TRC0031,AST0571,SEC046,Catenary,Switchgear Maintenance,Relay malfunction,4,LOW,2025-01-22,2025-01-25,2025-02-24,3.4,7,LOW,Scheduled,True
TRC0032,AST0438,SEC063,Sectioning equipment,Catenary Maintenance,Tension deviation,4,LOW,2025-12-07,2025-12-07,2026-01-31,7.2,10,LOW,Completed,True
TRC0033,AST0476,SEC026,Transformer,OHE Mast Repair,Corrosion,2,HIGH,2025-02-12,2025-02-14,2025-02-24,6.5,12,HIGH,Completed,True
TRC0034,AST0550,SEC025,Sectioning equipment,Sectioning Post Maintenance,Earthing issue,2,HIGH,2025-05-12,2025-05-14,2025-05-28,11.2,5,HIGH,Scheduled,True
TRC0035,AST0591,SEC066,Electrical switchgear,Catenary Maintenance,Registration arm damage,3,MEDIUM,2025-02-24,2025-02-24,2025-03-16,6.7,2,MEDIUM,Completed,True
TRC0036,AST0634,SEC034,Insulator,Feeder Repair,Insulation breakdown,3,MEDIUM,2025-05-07,2025-05-07,2025-06-04,2.6,4,MEDIUM,Completed,False
TRC0037,AST0639,SEC039,Electrical switchgear,Sectioning Post Maintenance,Earthing issue,3,MEDIUM,2025-07-04,2025-07-06,2025-07-22,2.8,5,MEDIUM,Completed,False
TRC0038,AST0551,SEC026,Electrical switchgear,Transformer Servicing,Cooling system failure,3,MEDIUM,2025-08-11,2025-08-11,2025-09-03,6.8,12,MEDIUM,Scheduled,True
TRC0039,AST0420,SEC045,Transformer,OHE Mast Repair,Corrosion,5,LOW,2025-07-20,2025-07-23,2025-09-28,1.2,3,LOW,Completed,False
TRC0040,AST0495,SEC045,Electrical switchgear,OHE Mast Repair,Bracket damage,4,LOW,2025-04-02,2025-04-05,2025-05-29,2.4,3,LOW,Completed,False
TRC0041,AST0487,SEC037,Electrical switchgear,Feeder Repair,Insulation breakdown,3,MEDIUM,2025-09-02,2025-09-05,2025-09-28,4.2,13,MEDIUM,Pending,True
TRC0042,AST0688,SEC013,OHE,Insulator Replacement,Pollution deposit,5,LOW,2025-10-11,2025-10-12,2025-12-05,1.5,2,LOW,Completed,True
TRC0043,AST0689,SEC014,Pantograph interface,Catenary Maintenance,Catenary sag,3,MEDIUM,2025-11-10,2025-11-10,2025-11-30,8.2,12,MEDIUM,Pending,False
TRC0044,AST0680,SEC005,OHE,Insulator Replacement,Mechanical failure,2,HIGH,2025-08-02,2025-08-05,2025-08-16,2.4,4,HIGH,Cancelled,False
TRC0045,AST0412,SEC037,Transformer,Feeder Repair,Overheating,3,MEDIUM,2025-01-15,2025-01-17,2025-02-09,2.9,4,MEDIUM,Scheduled,True
TRC0046,AST0652,SEC052,Transformer,Feeder Repair,Insulation breakdown,2,HIGH,2025-01-13,2025-01-14,2025-01-28,4.5,7,HIGH,Completed,True
TRC0047,AST0455,SEC005,Electrical switchgear,Feeder Repair,Cable damage,4,LOW,2025-06-02,2025-06-04,2025-07-12,9.2,9,LOW,Scheduled,False
TRC0048,AST0621,SEC021,Feeder,Feeder Repair,Insulation breakdown,2,HIGH,2025-10-10,2025-10-11,2025-10-18,9.3,13,HIGH,In Progress,True
TRC0049,AST0422,SEC047,Sectioning equipment,Feeder Repair,Overheating,1,CRITICAL,2025-12-17,2025-12-18,2025-12-23,8.9,3,HIGH,Completed,True
TRC0050,AST0475,SEC025,Catenary,Switchgear Maintenance,Contactor wear,4,LOW,2025-08-09,2025-08-09,2025-09-07,1.9,12,LOW,Pending,True
TRC0051,AST0656,SEC056,OHE,OHE Mast Repair,Bracket damage,4,LOW,2025-12-14,2025-12-14,2026-01-27,8.3,8,LOW,Pending,True
TRC0052,AST0620,SEC020,Transformer,OHE Mast Repair,Guy wire slack,5,LOW,2025-02-21,2025-02-23,2025-05-15,1.9,7,LOW,Pending,False
TRC0053,AST0437,SEC062,Feeder,Insulator Replacement,Cracked insulator,3,MEDIUM,2025-03-04,2025-03-06,2025-04-03,5.7,10,MEDIUM,Scheduled,True
TRC0054,AST0640,SEC040,OHE,Switchgear Maintenance,Contactor wear,5,LOW,2025-09-16,2025-09-18,2025-11-15,2.3,5,LOW,Completed,True
TRC0055,AST0425,SEC050,Pantograph interface,Switchgear Maintenance,Arc damage,4,LOW,2025-12-08,2025-12-11,2026-01-26,5.7,10,LOW,Completed,False
TRC0056,AST0516,SEC066,Transformer,Catenary Maintenance,Catenary sag,2,HIGH,2025-08-01,2025-08-03,2025-08-16,7.1,15,HIGH,Scheduled,False
TRC0057,AST0486,SEC036,Sectioning equipment,OHE Mast Repair,Guy wire slack,1,CRITICAL,2025-01-22,2025-01-25,2025-01-30,1.4,9,HIGH,Completed,True
TRC0058,AST0480,SEC030,OHE,Insulator Replacement,Cracked insulator,5,LOW,2025-10-25,2025-10-26,2025-12-07,1.1,3,LOW,Pending,True
TRC0059,AST0643,SEC043,Catenary,Insulator Replacement,Mechanical failure,2,HIGH,2025-07-19,2025-07-20,2025-07-28,5.7,15,HIGH,Scheduled,True
TRC0060,AST0638,SEC038,Sectioning equipment,Catenary Maintenance,Tension deviation,1,CRITICAL,2025-10-12,2025-10-13,2025-10-17,4.9,13,HIGH,Pending,True
TRC0061,AST0619,SEC019,Catenary,OHE Mast Repair,Bracket damage,2,HIGH,2025-05-11,2025-05-12,2025-05-22,10.3,4,HIGH,Scheduled,True
TRC0062,AST0623,SEC023,Electrical switchgear,Switchgear Maintenance,Contactor wear,3,MEDIUM,2025-01-13,2025-01-15,2025-02-05,5.1,12,MEDIUM,In Progress,False
TRC0063,AST0517,SEC067,Feeder,Switchgear Maintenance,Circuit breaker fault,5,LOW,2025-05-09,2025-05-11,2025-07-25,10.7,7,LOW,Cancelled,True
TRC0064,AST0556,SEC031,Transformer,Transformer Servicing,Cooling system failure,4,LOW,2025-10-30,2025-10-30,2025-11-29,4.9,12,LOW,In Progress,False
TRC0065,AST0526,SEC001,Sectioning equipment,Insulator Replacement,Pollution deposit,3,MEDIUM,2025-03-22,2025-03-25,2025-04-10,1.7,6,MEDIUM,Pending,True
TRC0066,AST0453,SEC003,Feeder,Transformer Servicing,Oil leak,1,CRITICAL,2025-05-24,2025-05-24,2025-05-29,11.6,13,HIGH,Scheduled,True
TRC0067,AST0465,SEC015,Pantograph interface,Catenary Maintenance,Splice joint fault,4,LOW,2025-10-15,2025-10-17,2025-12-01,1.8,14,LOW,Pending,True
TRC0068,AST0655,SEC055,Electrical switchgear,Catenary Maintenance,Catenary sag,2,HIGH,2025-04-29,2025-04-29,2025-05-14,10.5,14,HIGH,Completed,True
TRC0069,AST0605,SEC005,Feeder,Insulator Replacement,Mechanical failure,2,HIGH,2025-10-05,2025-10-08,2025-10-17,3.9,5,HIGH,Pending,True
TRC0070,AST0697,SEC022,Pantograph interface,OHE Inspection,Contact wire wear,3,MEDIUM,2025-12-03,2025-12-06,2025-12-22,11.6,7,MEDIUM,Scheduled,False
TRC0071,AST0534,SEC009,Sectioning equipment,OHE Inspection,Contact wire wear,5,LOW,2025-01-03,2025-01-04,2025-02-19,10.9,13,LOW,Completed,True
TRC0072,AST0472,SEC022,OHE,OHE Mast Repair,Guy wire slack,3,MEDIUM,2025-07-02,2025-07-05,2025-07-26,7.2,8,MEDIUM,Completed,True
TRC0073,AST0438,SEC063,Sectioning equipment,Sectioning Post Maintenance,Earthing issue,4,LOW,2025-10-18,2025-10-20,2025-11-23,3.4,15,LOW,Completed,True
TRC0074,AST0485,SEC035,Feeder,Sectioning Post Maintenance,Jumper damage,4,LOW,2025-07-11,2025-07-11,2025-08-11,10.2,6,LOW,Completed,True
TRC0075,AST0420,SEC045,Transformer,Catenary Maintenance,Catenary sag,3,MEDIUM,2025-02-19,2025-02-22,2025-03-23,4.7,9,MEDIUM,Scheduled,True
TRC0076,AST0457,SEC007,Pantograph interface,Insulator Replacement,Cracked insulator,5,LOW,2025-03-04,2025-03-07,2025-05-10,10.6,6,LOW,In Progress,False
TRC0077,AST0433,SEC058,Pantograph interface,Transformer Servicing,Cooling system failure,3,MEDIUM,2025-12-19,2025-12-21,2026-01-12,9.0,3,MEDIUM,Pending,True
TRC0078,AST0633,SEC033,Pantograph interface,Transformer Servicing,Bushing defect,3,MEDIUM,2025-04-24,2025-04-25,2025-05-24,9.3,9,MEDIUM,Completed,True
TRC0079,AST0559,SEC034,Electrical switchgear,Insulator Replacement,Pollution deposit,3,MEDIUM,2025-01-02,2025-01-02,2025-01-19,9.5,14,MEDIUM,Completed,True
TRC0080,AST0684,SEC009,Transformer,OHE Mast Repair,Foundation settlement,4,LOW,2025-10-17,2025-10-17,2025-11-18,6.4,11,LOW,Cancelled,True
TRC0081,AST0640,SEC040,OHE,Insulator Replacement,Cracked insulator,4,LOW,2025-01-25,2025-01-27,2025-02-26,2.1,3,LOW,Completed,True
TRC0082,AST0442,SEC067,Insulator,Insulator Replacement,Mechanical failure,2,HIGH,2025-05-04,2025-05-04,2025-05-18,5.0,9,HIGH,Pending,False
TRC0083,AST0460,SEC010,Transformer,Feeder Repair,Overheating,3,MEDIUM,2025-11-18,2025-11-20,2025-12-17,5.6,3,MEDIUM,Completed,False
TRC0084,AST0628,SEC028,Transformer,Transformer Servicing,Cooling system failure,3,MEDIUM,2025-09-07,2025-09-09,2025-09-24,5.6,9,MEDIUM,Pending,False
TRC0085,AST0416,SEC041,OHE,Switchgear Maintenance,Circuit breaker fault,3,MEDIUM,2025-08-16,2025-08-16,2025-09-03,6.8,11,MEDIUM,Pending,True
TRC0086,AST0662,SEC062,Sectioning equipment,Feeder Repair,Insulation breakdown,3,MEDIUM,2025-10-24,2025-10-27,2025-11-19,2.0,3,MEDIUM,Scheduled,True
TRC0087,AST0523,SEC073,Catenary,Transformer Servicing,Oil leak,3,MEDIUM,2025-05-10,2025-05-13,2025-05-30,6.7,3,MEDIUM,Pending,True
TRC0088,AST0550,SEC025,Sectioning equipment,Sectioning Post Maintenance,Earthing issue,3,MEDIUM,2025-10-31,2025-11-03,2025-11-17,10.9,13,MEDIUM,Completed,True
TRC0089,AST0453,SEC003,Feeder,Feeder Repair,Cable damage,1,CRITICAL,2025-09-23,2025-09-24,2025-09-27,10.4,7,HIGH,Completed,True
TRC0090,AST0456,SEC006,OHE,Sectioning Post Maintenance,Earthing issue,4,LOW,2025-04-15,2025-04-15,2025-05-17,3.2,12,LOW,Completed,True
TRC0091,AST0611,SEC011,Catenary,Insulator Replacement,Flashover damage,3,MEDIUM,2025-07-25,2025-07-25,2025-08-16,6.0,6,MEDIUM,Completed,True
TRC0092,AST0673,SEC073,Pantograph interface,Feeder Repair,Insulation breakdown,3,MEDIUM,2025-06-21,2025-06-22,2025-07-18,6.5,11,MEDIUM,Completed,True
TRC0093,AST0473,SEC023,Pantograph interface,Sectioning Post Maintenance,Isolator defect,4,LOW,2025-08-28,2025-08-30,2025-10-19,7.7,12,LOW,Completed,False
TRC0094,AST0437,SEC062,Feeder,Switchgear Maintenance,Arc damage,3,MEDIUM,2025-02-26,2025-02-26,2025-03-16,2.7,15,MEDIUM,Completed,True
TRC0095,AST0465,SEC015,Pantograph interface,Sectioning Post Maintenance,Interrupter fault,1,CRITICAL,2025-12-14,2025-12-14,2025-12-20,10.8,9,HIGH,Completed,True
TRC0096,AST0572,SEC047,Transformer,Sectioning Post Maintenance,Jumper damage,2,HIGH,2025-03-31,2025-04-01,2025-04-11,2.8,15,HIGH,Pending,True
TRC0097,AST0606,SEC006,Sectioning equipment,Insulator Replacement,Mechanical failure,3,MEDIUM,2025-06-20,2025-06-21,2025-07-16,10.4,5,MEDIUM,Pending,True
TRC0098,AST0473,SEC023,Pantograph interface,Transformer Servicing,Cooling system failure,4,LOW,2025-10-14,2025-10-17,2025-11-29,7.4,11,LOW,In Progress,False
TRC0099,AST0478,SEC028,Sectioning equipment,Transformer Servicing,Bushing defect,3,MEDIUM,2025-04-01,2025-04-04,2025-04-26,10.7,6,MEDIUM,Pending,True
TRC0100,AST0621,SEC021,Feeder,Feeder Repair,Insulation breakdown,3,MEDIUM,2025-10-27,2025-10-29,2025-11-16,7.6,13,MEDIUM,Pending,True
TRC0101,AST0598,SEC073,Sectioning equipment,Catenary Maintenance,Registration arm damage,2,HIGH,2025-06-26,2025-06-28,2025-07-11,1.3,6,HIGH,Scheduled,True
TRC0102,AST0537,SEC012,Pantograph interface,Catenary Maintenance,Catenary sag,3,MEDIUM,2025-08-08,2025-08-11,2025-09-04,8.3,13,MEDIUM,Cancelled,True
TRC0103,AST0679,SEC004,Electrical switchgear,Insulator Replacement,Flashover damage,1,CRITICAL,2025-02-08,2025-02-10,2025-02-15,3.2,4,HIGH,In Progress,False
TRC0104,AST0423,SEC048,Electrical switchgear,Feeder Repair,Joint failure,5,LOW,2025-08-13,2025-08-14,2025-10-11,11.1,6,LOW,Completed,False
TRC0105,AST0553,SEC028,Pantograph interface,OHE Mast Repair,Corrosion,1,CRITICAL,2025-09-05,2025-09-06,2025-09-11,6.2,4,HIGH,Scheduled,False
TRC0106,AST0414,SEC039,Sectioning equipment,Switchgear Maintenance,Arc damage,3,MEDIUM,2025-10-28,2025-10-30,2025-11-22,2.5,3,MEDIUM,Pending,True
TRC0107,AST0470,SEC020,Sectioning equipment,Feeder Repair,Cable damage,4,LOW,2025-10-31,2025-11-02,2025-12-08,9.2,7,LOW,Pending,True
TRC0108,AST0659,SEC059,Catenary,OHE Inspection,Stagger fault,2,HIGH,2025-04-21,2025-04-21,2025-04-29,5.2,8,HIGH,Completed,True
TRC0109,AST0658,SEC058,Insulator,OHE Mast Repair,Guy wire slack,3,MEDIUM,2025-11-15,2025-11-16,2025-12-03,1.9,12,MEDIUM,Completed,True
TRC0110,AST0617,SEC017,Pantograph interface,Switchgear Maintenance,Arc damage,1,CRITICAL,2025-09-19,2025-09-21,2025-09-27,3.9,12,HIGH,Completed,False
TRC0111,AST0420,SEC045,Transformer,Feeder Repair,Joint failure,3,MEDIUM,2025-10-02,2025-10-03,2025-10-23,1.2,10,MEDIUM,Completed,False
TRC0112,AST0592,SEC067,OHE,Switchgear Maintenance,Contactor wear,3,MEDIUM,2025-07-16,2025-07-19,2025-08-04,8.7,3,MEDIUM,Completed,True
TRC0113,AST0537,SEC012,Pantograph interface,Feeder Repair,Cable damage,3,MEDIUM,2025-11-15,2025-11-15,2025-12-09,6.2,15,MEDIUM,Pending,True
TRC0114,AST0436,SEC061,Transformer,Sectioning Post Maintenance,Jumper damage,4,LOW,2025-11-24,2025-11-27,2026-01-13,10.5,6,LOW,Scheduled,True
TRC0115,AST0680,SEC005,OHE,Insulator Replacement,Pollution deposit,5,LOW,2025-01-23,2025-01-25,2025-04-09,11.5,2,LOW,Pending,True
TRC0116,AST0604,SEC004,Transformer,Sectioning Post Maintenance,Earthing issue,4,LOW,2025-10-28,2025-10-30,2025-12-26,6.2,11,LOW,Completed,True
TRC0117,AST0431,SEC056,Electrical switchgear,Feeder Repair,Overheating,4,LOW,2025-06-14,2025-06-15,2025-07-19,10.2,6,LOW,In Progress,True
TRC0118,AST0518,SEC068,Sectioning equipment,Sectioning Post Maintenance,Interrupter fault,5,LOW,2025-07-13,2025-07-16,2025-10-09,4.0,2,LOW,Completed,True
TRC0119,AST0689,SEC014,Pantograph interface,Switchgear Maintenance,Circuit breaker fault,2,HIGH,2025-06-30,2025-07-01,2025-07-14,9.0,2,HIGH,Cancelled,False
TRC0120,AST0694,SEC019,Sectioning equipment,Insulator Replacement,Pollution deposit,3,MEDIUM,2025-08-20,2025-08-23,2025-09-09,4.4,13,MEDIUM,Completed,True
TRC0121,AST0470,SEC020,Sectioning equipment,Sectioning Post Maintenance,Earthing issue,4,LOW,2025-02-09,2025-02-10,2025-04-07,6.0,5,LOW,Completed,True
TRC0122,AST0649,SEC049,Pantograph interface,Sectioning Post Maintenance,Interrupter fault,3,MEDIUM,2025-09-30,2025-09-30,2025-10-30,3.6,7,MEDIUM,Pending,False
TRC0123,AST0651,SEC051,Catenary,OHE Mast Repair,Bracket damage,2,HIGH,2025-06-14,2025-06-14,2025-06-29,3.6,12,HIGH,Completed,True
TRC0124,AST0574,SEC049,Sectioning equipment,Catenary Maintenance,Splice joint fault,4,LOW,2025-01-29,2025-01-29,2025-03-15,12.0,12,LOW,In Progress,True
TRC0125,AST0559,SEC034,Electrical switchgear,Switchgear Maintenance,Circuit breaker fault,3,MEDIUM,2025-03-02,2025-03-05,2025-04-03,4.9,2,MEDIUM,Scheduled,False
TRC0126,AST0604,SEC004,Transformer,Switchgear Maintenance,Circuit breaker fault,4,LOW,2025-01-06,2025-01-07,2025-02-02,3.3,5,LOW,Scheduled,False
TRC0127,AST0527,SEC002,Electrical switchgear,Transformer Servicing,Oil leak,2,HIGH,2025-07-18,2025-07-21,2025-07-31,7.4,6,HIGH,Pending,False
TRC0128,AST0528,SEC003,OHE,Sectioning Post Maintenance,Interrupter fault,4,LOW,2025-06-02,2025-06-03,2025-07-17,3.4,12,LOW,Pending,True
TRC0129,AST0578,SEC053,Insulator,Sectioning Post Maintenance,Isolator defect,3,MEDIUM,2025-04-18,2025-04-20,2025-05-13,3.3,12,MEDIUM,Completed,True
TRC0130,AST0523,SEC073,Catenary,Feeder Repair,Insulation breakdown,3,MEDIUM,2025-11-25,2025-11-28,2025-12-22,4.7,13,MEDIUM,Scheduled,True
TRC0131,AST0622,SEC022,Sectioning equipment,OHE Inspection,Height deviation,2,HIGH,2025-01-15,2025-01-17,2025-01-28,10.9,15,HIGH,Pending,True
TRC0132,AST0594,SEC069,Insulator,Insulator Replacement,Mechanical failure,3,MEDIUM,2025-06-04,2025-06-04,2025-07-04,2.4,9,MEDIUM,In Progress,True
TRC0133,AST0627,SEC027,Catenary,Transformer Servicing,Winding fault,1,CRITICAL,2025-12-09,2025-12-09,2025-12-14,9.1,7,HIGH,In Progress,True
TRC0134,AST0598,SEC073,Sectioning equipment,Insulator Replacement,Mechanical failure,2,HIGH,2025-05-30,2025-05-30,2025-06-13,9.7,11,HIGH,Scheduled,True
TRC0135,AST0521,SEC071,Pantograph interface,Catenary Maintenance,Catenary sag,4,LOW,2025-03-15,2025-03-17,2025-04-19,7.3,12,LOW,In Progress,False
TRC0136,AST0488,SEC038,OHE,Switchgear Maintenance,Relay malfunction,4,LOW,2025-11-27,2025-11-28,2026-01-23,4.2,8,LOW,Completed,True
TRC0137,AST0464,SEC014,OHE,Insulator Replacement,Mechanical failure,3,MEDIUM,2025-05-04,2025-05-04,2025-05-24,3.7,2,MEDIUM,Pending,True
TRC0138,AST0411,SEC036,Catenary,Switchgear Maintenance,Circuit breaker fault,1,CRITICAL,2025-03-21,2025-03-23,2025-03-28,9.3,8,HIGH,Pending,False
TRC0139,AST0675,SEC075,Catenary,Feeder Repair,Insulation breakdown,4,LOW,2025-08-19,2025-08-22,2025-09-28,9.2,10,LOW,Scheduled,True
TRC0140,AST0642,SEC042,Insulator,OHE Inspection,Contact wire wear,3,MEDIUM,2025-06-10,2025-06-10,2025-07-01,10.2,9,MEDIUM,Scheduled,True
TRC0141,AST0698,SEC023,Insulator,Insulator Replacement,Pollution deposit,3,MEDIUM,2025-07-28,2025-07-31,2025-08-18,11.2,6,MEDIUM,Scheduled,True
TRC0142,AST0426,SEC051,Insulator,Feeder Repair,Cable damage,5,LOW,2025-01-09,2025-01-10,2025-02-28,10.9,14,LOW,Completed,False
TRC0143,AST0532,SEC007,Transformer,Insulator Replacement,Mechanical failure,5,LOW,2024-12-31,2025-01-02,2025-02-27,7.8,4,LOW,Scheduled,False
TRC0144,AST0508,SEC058,Transformer,Feeder Repair,Cable damage,3,MEDIUM,2025-03-04,2025-03-04,2025-03-23,4.6,8,MEDIUM,Completed,True
TRC0145,AST0607,SEC007,Electrical switchgear,OHE Mast Repair,Bracket damage,1,CRITICAL,2025-07-21,2025-07-23,2025-07-30,8.0,13,HIGH,Completed,False
TRC0146,AST0610,SEC010,Insulator,Insulator Replacement,Flashover damage,2,HIGH,2025-06-04,2025-06-07,2025-06-22,11.5,7,HIGH,Completed,False
TRC0147,AST0690,SEC015,Insulator,Feeder Repair,Overheating,3,MEDIUM,2025-10-06,2025-10-06,2025-11-02,2.1,8,MEDIUM,Pending,False
TRC0148,AST0611,SEC011,Catenary,Feeder Repair,Joint failure,2,HIGH,2025-11-26,2025-11-26,2025-12-07,8.5,7,HIGH,Pending,True
TRC0149,AST0648,SEC048,OHE,OHE Inspection,Height deviation,3,MEDIUM,2025-10-04,2025-10-04,2025-10-20,11.8,12,MEDIUM,Cancelled,True
TRC0150,AST0443,SEC068,Catenary,OHE Mast Repair,Corrosion,4,LOW,2025-02-23,2025-02-23,2025-03-20,4.9,8,LOW,Scheduled,True
TRC0151,AST0671,SEC071,Electrical switchgear,Catenary Maintenance,Registration arm damage,5,LOW,2025-12-19,2025-12-21,2026-02-28,9.8,3,LOW,Scheduled,True
TRC0152,AST0555,SEC030,Catenary,Sectioning Post Maintenance,Isolator defect,4,LOW,2025-01-13,2025-01-14,2025-03-08,5.2,10,LOW,Cancelled,True
TRC0153,AST0599,SEC074,Electrical switchgear,Sectioning Post Maintenance,Jumper damage,4,LOW,2025-03-12,2025-03-13,2025-05-07,4.9,15,LOW,Pending,True
TRC0154,AST0520,SEC070,OHE,Transformer Servicing,Bushing defect,2,HIGH,2025-06-28,2025-06-30,2025-07-11,8.4,15,HIGH,Scheduled,True
TRC0155,AST0470,SEC020,Sectioning equipment,Switchgear Maintenance,Relay malfunction,1,CRITICAL,2025-09-20,2025-09-23,2025-09-30,1.9,14,HIGH,Pending,True
TRC0156,AST0489,SEC039,Pantograph interface,Sectioning Post Maintenance,Isolator defect,3,MEDIUM,2025-02-15,2025-02-15,2025-03-13,10.1,13,MEDIUM,Completed,True
TRC0157,AST0667,SEC067,Catenary,Feeder Repair,Joint failure,4,LOW,2025-01-09,2025-01-12,2025-03-11,2.4,12,LOW,Pending,True
TRC0158,AST0495,SEC045,Electrical switchgear,OHE Inspection,Dropper defect,4,LOW,2025-12-01,2025-12-03,2025-12-31,2.5,10,LOW,Completed,False
TRC0159,AST0491,SEC041,Catenary,Sectioning Post Maintenance,Jumper damage,3,MEDIUM,2025-08-13,2025-08-14,2025-08-31,3.7,8,MEDIUM,Scheduled,True
TRC0160,AST0689,SEC014,Pantograph interface,OHE Inspection,Dropper defect,3,MEDIUM,2025-10-05,2025-10-08,2025-11-06,3.5,7,MEDIUM,Pending,True
TRC0161,AST0618,SEC018,Insulator,OHE Inspection,Height deviation,4,LOW,2025-05-18,2025-05-20,2025-07-17,10.7,15,LOW,Completed,True
TRC0162,AST0546,SEC021,Insulator,Insulator Replacement,Mechanical failure,3,MEDIUM,2025-11-29,2025-11-29,2025-12-24,3.9,2,MEDIUM,Pending,False
TRC0163,AST0485,SEC035,Feeder,Insulator Replacement,Pollution deposit,3,MEDIUM,2025-12-05,2025-12-07,2026-01-05,6.4,14,MEDIUM,In Progress,True
TRC0164,AST0626,SEC026,Insulator,Feeder Repair,Joint failure,5,LOW,2025-06-14,2025-06-16,2025-07-28,11.7,10,LOW,Completed,True
TRC0165,AST0417,SEC042,Pantograph interface,Insulator Replacement,Mechanical failure,4,LOW,2025-09-27,2025-09-30,2025-11-27,5.9,15,LOW,Pending,True
TRC0166,AST0574,SEC049,Sectioning equipment,Feeder Repair,Overheating,4,LOW,2025-11-01,2025-11-02,2025-12-06,10.9,13,LOW,Completed,True
TRC0167,AST0407,SEC032,Electrical switchgear,Transformer Servicing,Winding fault,4,LOW,2025-01-24,2025-01-24,2025-02-24,10.3,8,LOW,Completed,True
TRC0168,AST0549,SEC024,Feeder,Sectioning Post Maintenance,Interrupter fault,4,LOW,2025-11-28,2025-11-28,2026-01-17,7.7,5,LOW,Pending,True
TRC0169,AST0495,SEC045,Electrical switchgear,Insulator Replacement,Cracked insulator,3,MEDIUM,2025-04-21,2025-04-22,2025-05-07,6.2,6,MEDIUM,Completed,True
TRC0170,AST0525,SEC075,Feeder,Switchgear Maintenance,Arc damage,2,HIGH,2025-09-14,2025-09-14,2025-09-26,1.0,7,HIGH,Completed,True
TRC0171,AST0597,SEC072,Feeder,OHE Inspection,Height deviation,4,LOW,2025-04-24,2025-04-26,2025-06-05,1.4,12,LOW,Pending,True
TRC0172,AST0440,SEC065,OHE,OHE Inspection,Stagger fault,3,MEDIUM,2025-11-08,2025-11-10,2025-11-24,8.1,15,MEDIUM,Completed,True
TRC0173,AST0423,SEC048,Electrical switchgear,Catenary Maintenance,Catenary sag,3,MEDIUM,2025-07-22,2025-07-24,2025-08-09,6.9,15,MEDIUM,Pending,True
TRC0174,AST0693,SEC018,Feeder,Feeder Repair,Overheating,3,MEDIUM,2025-03-19,2025-03-19,2025-04-12,5.9,14,MEDIUM,Completed,True
TRC0175,AST0633,SEC033,Pantograph interface,OHE Inspection,Dropper defect,3,MEDIUM,2025-06-15,2025-06-17,2025-07-15,8.7,11,MEDIUM,Scheduled,False
TRC0176,AST0596,SEC071,Transformer,OHE Mast Repair,Guy wire slack,4,LOW,2025-09-27,2025-09-27,2025-11-14,3.2,10,LOW,Pending,True
TRC0177,AST0635,SEC035,Catenary,Feeder Repair,Joint failure,3,MEDIUM,2025-03-14,2025-03-17,2025-04-07,4.3,4,MEDIUM,Scheduled,True
TRC0178,AST0439,SEC064,Electrical switchgear,Transformer Servicing,Cooling system failure,1,CRITICAL,2025-10-09,2025-10-12,2025-10-19,9.2,10,HIGH,Pending,True
TRC0179,AST0595,SEC070,Catenary,OHE Mast Repair,Bracket damage,2,HIGH,2025-03-18,2025-03-21,2025-04-03,2.5,8,HIGH,In Progress,True
TRC0180,AST0545,SEC020,Pantograph interface,Transformer Servicing,Winding fault,3,MEDIUM,2025-05-01,2025-05-02,2025-05-27,4.3,12,MEDIUM,Cancelled,False
TRC0181,AST0661,SEC061,Feeder,Sectioning Post Maintenance,Earthing issue,4,LOW,2025-05-26,2025-05-29,2025-07-23,9.1,15,LOW,Completed,True
TRC0182,AST0584,SEC059,OHE,Insulator Replacement,Cracked insulator,3,MEDIUM,2025-04-25,2025-04-27,2025-05-17,11.4,11,MEDIUM,Scheduled,True
TRC0183,AST0690,SEC015,Insulator,OHE Inspection,Contact wire wear,4,LOW,2025-10-19,2025-10-19,2025-12-14,5.6,9,LOW,Pending,False
TRC0184,AST0560,SEC035,OHE,Transformer Servicing,Winding fault,2,HIGH,2025-01-01,2025-01-01,2025-01-12,4.9,2,HIGH,In Progress,True
TRC0185,AST0608,SEC008,OHE,OHE Inspection,Contact wire wear,4,LOW,2025-07-28,2025-07-29,2025-09-15,6.8,7,LOW,Scheduled,False
TRC0186,AST0643,SEC043,Catenary,Feeder Repair,Overheating,3,MEDIUM,2025-08-15,2025-08-18,2025-09-16,4.4,15,MEDIUM,Completed,True
TRC0187,AST0556,SEC031,Transformer,Insulator Replacement,Mechanical failure,5,LOW,2025-06-26,2025-06-28,2025-09-11,4.7,4,LOW,Scheduled,True
TRC0188,AST0661,SEC061,Feeder,Insulator Replacement,Flashover damage,4,LOW,2025-09-08,2025-09-10,2025-10-30,8.1,14,LOW,Pending,True
TRC0189,AST0469,SEC019,Feeder,Sectioning Post Maintenance,Isolator defect,4,LOW,2025-12-11,2025-12-13,2026-01-07,11.1,15,LOW,Cancelled,True
TRC0190,AST0406,SEC031,Sectioning equipment,Sectioning Post Maintenance,Interrupter fault,4,LOW,2025-01-14,2025-01-17,2025-02-19,8.7,4,LOW,Pending,True
TRC0191,AST0537,SEC012,Pantograph interface,Sectioning Post Maintenance,Interrupter fault,4,LOW,2025-07-20,2025-07-22,2025-09-06,4.2,15,LOW,Scheduled,True
TRC0192,AST0587,SEC062,Catenary,Feeder Repair,Insulation breakdown,3,MEDIUM,2025-09-17,2025-09-19,2025-10-12,5.4,13,MEDIUM,Cancelled,True
TRC0193,AST0432,SEC057,OHE,Insulator Replacement,Cracked insulator,3,MEDIUM,2025-01-03,2025-01-04,2025-01-23,6.8,4,MEDIUM,Scheduled,True
TRC0194,AST0628,SEC028,Transformer,Switchgear Maintenance,Contactor wear,3,MEDIUM,2025-01-11,2025-01-12,2025-01-30,7.9,15,MEDIUM,Completed,False
TRC0195,AST0546,SEC021,Insulator,OHE Inspection,Dropper defect,2,HIGH,2025-06-06,2025-06-06,2025-06-18,7.0,8,HIGH,Scheduled,True
TRC0196,AST0469,SEC019,Feeder,Switchgear Maintenance,Relay malfunction,2,HIGH,2025-10-10,2025-10-13,2025-10-20,3.5,11,HIGH,Completed,True
TRC0197,AST0653,SEC053,Feeder,Transformer Servicing,Cooling system failure,3,MEDIUM,2025-08-13,2025-08-14,2025-08-29,5.9,7,MEDIUM,In Progress,True
TRC0198,AST0600,SEC075,OHE,Transformer Servicing,Oil leak,3,MEDIUM,2025-08-24,2025-08-26,2025-09-13,9.9,14,MEDIUM,Pending,True
TRC0199,AST0402,SEC027,Insulator,Transformer Servicing,Winding fault,2,HIGH,2025-07-05,2025-07-05,2025-07-13,6.8,15,HIGH,In Progress,True
TRC0200,AST0475,SEC025,Catenary,OHE Inspection,Contact wire wear,1,CRITICAL,2025-04-10,2025-04-11,2025-04-16,1.3,14,HIGH,In Progress,True
TRC0201,AST0585,SEC060,Pantograph interface,Transformer Servicing,Winding fault,2,HIGH,2025-04-27,2025-04-28,2025-05-11,7.4,13,HIGH,In Progress,False
TRC0202,AST0483,SEC033,Catenary,OHE Inspection,Stagger fault,4,LOW,2025-12-04,2025-12-04,2026-01-07,1.7,6,LOW,Pending,False
TRC0203,AST0697,SEC022,Pantograph interface,OHE Mast Repair,Corrosion,5,LOW,2025-08-01,2025-08-03,2025-11-01,9.2,3,LOW,Pending,True
TRC0204,AST0654,SEC054,Sectioning equipment,Switchgear Maintenance,Circuit breaker fault,5,LOW,2025-01-04,2025-01-04,2025-03-30,6.4,7,LOW,In Progress,True
TRC0205,AST0621,SEC021,Feeder,Transformer Servicing,Bushing defect,2,HIGH,2025-10-10,2025-10-10,2025-10-19,2.7,2,HIGH,Pending,True
TRC0206,AST0553,SEC028,Pantograph interface,Catenary Maintenance,Registration arm damage,3,MEDIUM,2025-11-03,2025-11-06,2025-12-05,10.2,8,MEDIUM,Completed,True
TRC0207,AST0694,SEC019,Sectioning equipment,Insulator Replacement,Mechanical failure,4,LOW,2025-09-23,2025-09-24,2025-10-28,3.8,2,LOW,Pending,True
TRC0208,AST0463,SEC013,Electrical switchgear,OHE Inspection,Stagger fault,2,HIGH,2025-12-18,2025-12-20,2025-12-31,8.1,2,HIGH,Pending,False
TRC0209,AST0463,SEC013,Electrical switchgear,Catenary Maintenance,Splice joint fault,3,MEDIUM,2025-08-29,2025-09-01,2025-09-19,9.0,2,MEDIUM,Pending,False
TRC0210,AST0491,SEC041,Catenary,Transformer Servicing,Winding fault,3,MEDIUM,2025-07-17,2025-07-17,2025-07-31,2.1,10,MEDIUM,Pending,True
TRC0211,AST0440,SEC065,OHE,Transformer Servicing,Winding fault,1,CRITICAL,2025-08-17,2025-08-20,2025-08-24,9.6,3,HIGH,Completed,True
TRC0212,AST0429,SEC054,Feeder,OHE Inspection,Contact wire wear,3,MEDIUM,2025-11-05,2025-11-05,2025-11-24,8.9,3,MEDIUM,In Progress,True
TRC0213,AST0491,SEC041,Catenary,OHE Mast Repair,Guy wire slack,2,HIGH,2025-01-25,2025-01-28,2025-02-12,5.9,11,HIGH,Pending,True
TRC0214,AST0605,SEC005,Feeder,Feeder Repair,Insulation breakdown,2,HIGH,2025-11-12,2025-11-14,2025-11-29,2.5,7,HIGH,Completed,True
TRC0215,AST0650,SEC050,Insulator,Catenary Maintenance,Registration arm damage,1,CRITICAL,2025-01-08,2025-01-08,2025-01-14,9.2,6,HIGH,In Progress,False
TRC0216,AST0523,SEC073,Catenary,OHE Inspection,Height deviation,3,MEDIUM,2025-06-28,2025-07-01,2025-07-15,10.2,10,MEDIUM,Scheduled,True
TRC0217,AST0573,SEC048,Feeder,OHE Mast Repair,Corrosion,3,MEDIUM,2025-04-05,2025-04-06,2025-04-28,3.9,5,MEDIUM,Scheduled,True
TRC0218,AST0591,SEC066,Electrical switchgear,Insulator Replacement,Cracked insulator,5,LOW,2025-05-19,2025-05-22,2025-07-27,7.7,10,LOW,In Progress,True
TRC0219,AST0563,SEC038,Catenary,Feeder Repair,Joint failure,3,MEDIUM,2025-05-03,2025-05-06,2025-05-23,4.8,4,MEDIUM,Scheduled,True
TRC0220,AST0468,SEC018,Transformer,Switchgear Maintenance,Circuit breaker fault,1,CRITICAL,2025-11-16,2025-11-16,2025-11-19,5.4,13,HIGH,Scheduled,True
TRC0221,AST0643,SEC043,Catenary,OHE Mast Repair,Bracket damage,3,MEDIUM,2025-06-26,2025-06-27,2025-07-13,11.5,9,MEDIUM,Completed,True
TRC0222,AST0405,SEC030,Feeder,OHE Inspection,Dropper defect,2,HIGH,2025-06-11,2025-06-12,2025-06-20,3.6,2,HIGH,Completed,True
TRC0223,AST0472,SEC022,OHE,Catenary Maintenance,Catenary sag,2,HIGH,2025-11-04,2025-11-06,2025-11-16,12.0,6,HIGH,In Progress,True
TRC0224,AST0682,SEC007,Insulator,Sectioning Post Maintenance,Interrupter fault,2,HIGH,2025-07-05,2025-07-07,2025-07-19,11.3,4,HIGH,Scheduled,False
TRC0225,AST0668,SEC068,Transformer,OHE Mast Repair,Corrosion,4,LOW,2025-10-29,2025-10-31,2025-12-09,4.9,8,LOW,Scheduled,True
TRC0226,AST0426,SEC051,Insulator,OHE Inspection,Dropper defect,3,MEDIUM,2025-10-02,2025-10-05,2025-10-25,10.7,9,MEDIUM,In Progress,False
TRC0227,AST0589,SEC064,Feeder,Sectioning Post Maintenance,Isolator defect,3,MEDIUM,2025-01-03,2025-01-06,2025-01-23,1.5,2,MEDIUM,Pending,True
TRC0228,AST0469,SEC019,Feeder,Sectioning Post Maintenance,Isolator defect,2,HIGH,2025-10-12,2025-10-15,2025-10-22,9.8,3,HIGH,Completed,True
TRC0229,AST0428,SEC053,Transformer,Feeder Repair,Insulation breakdown,1,CRITICAL,2025-02-12,2025-02-13,2025-02-17,9.9,6,HIGH,Completed,False
TRC0230,AST0681,SEC006,Pantograph interface,OHE Inspection,Contact wire wear,2,HIGH,2025-06-09,2025-06-09,2025-06-19,5.0,9,HIGH,Scheduled,False
TRC0231,AST0431,SEC056,Electrical switchgear,OHE Mast Repair,Corrosion,3,MEDIUM,2025-11-19,2025-11-22,2025-12-22,9.2,2,MEDIUM,Scheduled,False
TRC0232,AST0641,SEC041,Pantograph interface,Switchgear Maintenance,Contactor wear,4,LOW,2025-01-25,2025-01-26,2025-03-06,4.9,5,LOW,Scheduled,False
TRC0233,AST0521,SEC071,Pantograph interface,Catenary Maintenance,Catenary sag,1,CRITICAL,2025-07-07,2025-07-10,2025-07-16,5.2,13,HIGH,Completed,False
TRC0234,AST0446,SEC071,Sectioning equipment,Sectioning Post Maintenance,Earthing issue,4,LOW,2025-06-04,2025-06-06,2025-07-17,8.1,11,LOW,Completed,True
TRC0235,AST0613,SEC013,Feeder,Sectioning Post Maintenance,Isolator defect,1,CRITICAL,2025-07-21,2025-07-23,2025-07-27,2.3,7,HIGH,Completed,True
TRC0236,AST0617,SEC017,Pantograph interface,Sectioning Post Maintenance,Jumper damage,3,MEDIUM,2025-11-06,2025-11-08,2025-12-04,2.0,6,MEDIUM,Cancelled,False
TRC0237,AST0514,SEC064,Insulator,Insulator Replacement,Cracked insulator,3,MEDIUM,2025-08-10,2025-08-10,2025-09-08,8.8,9,MEDIUM,Scheduled,True
TRC0238,AST0676,SEC001,Transformer,OHE Inspection,Stagger fault,2,HIGH,2025-01-02,2025-01-05,2025-01-19,10.6,8,HIGH,Pending,False
TRC0239,AST0459,SEC009,Catenary,Switchgear Maintenance,Relay malfunction,4,LOW,2025-04-24,2025-04-26,2025-06-04,2.4,9,LOW,Scheduled,False
TRC0240,AST0698,SEC023,Insulator,OHE Mast Repair,Foundation settlement,4,LOW,2025-04-23,2025-04-23,2025-06-06,8.2,4,LOW,Pending,False
TRC0241,AST0498,SEC048,Insulator,OHE Inspection,Dropper defect,4,LOW,2025-03-20,2025-03-22,2025-04-16,10.5,4,LOW,Pending,True
TRC0242,AST0450,SEC075,Insulator,Transformer Servicing,Bushing defect,4,LOW,2025-11-29,2025-11-29,2026-01-26,4.2,5,LOW,Completed,True
TRC0243,AST0628,SEC028,Transformer,OHE Inspection,Contact wire wear,3,MEDIUM,2025-06-28,2025-07-01,2025-07-28,8.7,4,MEDIUM,Scheduled,False
TRC0244,AST0590,SEC065,Sectioning equipment,Feeder Repair,Overheating,3,MEDIUM,2025-12-12,2025-12-15,2026-01-05,4.0,12,MEDIUM,Pending,False
TRC0245,AST0521,SEC071,Pantograph interface,OHE Mast Repair,Corrosion,4,LOW,2025-06-18,2025-06-19,2025-07-30,2.6,15,LOW,Scheduled,False
TRC0246,AST0505,SEC055,Pantograph interface,Transformer Servicing,Bushing defect,3,MEDIUM,2025-10-09,2025-10-12,2025-11-10,2.7,7,MEDIUM,Cancelled,False
TRC0247,AST0579,SEC054,Catenary,Transformer Servicing,Bushing defect,4,LOW,2025-10-10,2025-10-12,2025-12-08,10.6,4,LOW,Pending,True
TRC0248,AST0636,SEC036,Transformer,OHE Mast Repair,Corrosion,5,LOW,2025-04-24,2025-04-25,2025-06-06,9.8,14,LOW,In Progress,False
TRC0249,AST0664,SEC064,OHE,Switchgear Maintenance,Contactor wear,3,MEDIUM,2025-11-24,2025-11-24,2025-12-16,3.5,3,MEDIUM,Scheduled,True
TRC0250,AST0453,SEC003,Feeder,Transformer Servicing,Bushing defect,5,LOW,2025-02-06,2025-02-06,2025-04-16,8.7,14,LOW,Cancelled,True
TRC0251,AST0471,SEC021,Electrical switchgear,Sectioning Post Maintenance,Earthing issue,3,MEDIUM,2025-11-17,2025-11-18,2025-12-08,7.8,13,MEDIUM,Completed,True
TRC0252,AST0532,SEC007,Transformer,Feeder Repair,Cable damage,4,LOW,2025-01-28,2025-01-28,2025-03-24,10.0,7,LOW,Completed,True
TRC0253,AST0660,SEC060,Transformer,Switchgear Maintenance,Circuit breaker fault,2,HIGH,2025-06-11,2025-06-12,2025-06-25,11.2,12,HIGH,Completed,False
TRC0254,AST0559,SEC034,Electrical switchgear,Transformer Servicing,Cooling system failure,1,CRITICAL,2025-02-02,2025-02-02,2025-02-07,4.3,15,HIGH,Completed,False
TRC0255,AST0544,SEC019,OHE,Catenary Maintenance,Registration arm damage,5,LOW,2025-10-08,2025-10-08,2025-12-24,4.4,6,LOW,Pending,True
TRC0256,AST0505,SEC055,Pantograph interface,Feeder Repair,Insulation breakdown,1,CRITICAL,2025-02-06,2025-02-08,2025-02-14,5.4,14,HIGH,Pending,True
TRC0257,AST0649,SEC049,Pantograph interface,Feeder Repair,Joint failure,3,MEDIUM,2025-01-13,2025-01-15,2025-01-31,9.5,5,MEDIUM,Cancelled,True
TRC0258,AST0507,SEC057,Catenary,Sectioning Post Maintenance,Isolator defect,3,MEDIUM,2025-12-03,2025-12-03,2025-12-28,1.4,7,MEDIUM,Scheduled,True
TRC0259,AST0611,SEC011,Catenary,Feeder Repair,Joint failure,4,LOW,2025-06-23,2025-06-23,2025-08-04,8.0,3,LOW,Pending,True
TRC0260,AST0585,SEC060,Pantograph interface,Insulator Replacement,Cracked insulator,2,HIGH,2025-07-01,2025-07-03,2025-07-15,2.1,13,HIGH,Pending,True
TRC0261,AST0443,SEC068,Catenary,OHE Mast Repair,Foundation settlement,3,MEDIUM,2025-11-18,2025-11-19,2025-12-04,11.1,11,MEDIUM,Pending,True
TRC0262,AST0452,SEC002,Transformer,Sectioning Post Maintenance,Earthing issue,3,MEDIUM,2025-08-19,2025-08-20,2025-09-19,11.5,2,MEDIUM,Cancelled,False
TRC0263,AST0574,SEC049,Sectioning equipment,Feeder Repair,Cable damage,3,MEDIUM,2025-01-05,2025-01-05,2025-01-21,9.0,2,MEDIUM,Completed,True
TRC0264,AST0605,SEC005,Feeder,Switchgear Maintenance,Circuit breaker fault,3,MEDIUM,2025-01-16,2025-01-16,2025-02-12,5.6,12,MEDIUM,Completed,True
TRC0265,AST0574,SEC049,Sectioning equipment,Switchgear Maintenance,Circuit breaker fault,2,HIGH,2025-07-11,2025-07-13,2025-07-25,10.1,6,HIGH,Pending,True
TRC0266,AST0641,SEC041,Pantograph interface,Insulator Replacement,Mechanical failure,2,HIGH,2025-07-13,2025-07-13,2025-07-23,4.0,15,HIGH,Completed,True
TRC0267,AST0530,SEC005,Insulator,Switchgear Maintenance,Circuit breaker fault,2,HIGH,2025-10-16,2025-10-16,2025-10-30,8.9,13,HIGH,Scheduled,True
TRC0268,AST0402,SEC027,Insulator,OHE Mast Repair,Foundation settlement,2,HIGH,2025-09-22,2025-09-22,2025-10-04,5.2,4,HIGH,Pending,False
TRC0269,AST0596,SEC071,Transformer,Insulator Replacement,Cracked insulator,3,MEDIUM,2025-11-22,2025-11-22,2025-12-10,10.0,13,MEDIUM,Completed,False
TRC0270,AST0424,SEC049,OHE,Switchgear Maintenance,Arc damage,2,HIGH,2025-03-01,2025-03-04,2025-03-11,6.1,12,HIGH,Completed,True
TRC0271,AST0438,SEC063,Sectioning equipment,OHE Mast Repair,Guy wire slack,3,MEDIUM,2025-08-03,2025-08-05,2025-08-30,2.9,10,MEDIUM,In Progress,True
TRC0272,AST0499,SEC049,Catenary,Transformer Servicing,Cooling system failure,5,LOW,2025-08-06,2025-08-08,2025-10-07,7.1,14,LOW,Pending,True
TRC0273,AST0488,SEC038,OHE,Switchgear Maintenance,Relay malfunction,2,HIGH,2025-01-14,2025-01-16,2025-01-26,5.4,5,HIGH,Pending,True
TRC0274,AST0430,SEC055,Sectioning equipment,Transformer Servicing,Winding fault,1,CRITICAL,2025-05-24,2025-05-24,2025-05-29,6.2,6,HIGH,Pending,True
TRC0275,AST0624,SEC024,OHE,Feeder Repair,Cable damage,4,LOW,2025-03-20,2025-03-23,2025-04-28,5.7,8,LOW,Completed,True
TRC0276,AST0527,SEC002,Electrical switchgear,OHE Inspection,Stagger fault,3,MEDIUM,2025-06-05,2025-06-05,2025-06-20,4.3,3,MEDIUM,Pending,True
TRC0277,AST0687,SEC012,Electrical switchgear,OHE Mast Repair,Foundation settlement,3,MEDIUM,2025-02-02,2025-02-04,2025-02-21,7.1,3,MEDIUM,Pending,True
TRC0278,AST0404,SEC029,Transformer,Insulator Replacement,Cracked insulator,3,MEDIUM,2025-05-27,2025-05-30,2025-06-22,7.1,10,MEDIUM,Pending,False
TRC0279,AST0503,SEC053,Electrical switchgear,Switchgear Maintenance,Circuit breaker fault,3,MEDIUM,2025-09-27,2025-09-30,2025-10-30,6.1,4,MEDIUM,In Progress,True
TRC0280,AST0438,SEC063,Sectioning equipment,Insulator Replacement,Pollution deposit,3,MEDIUM,2025-04-10,2025-04-12,2025-05-10,6.2,3,MEDIUM,Pending,True
TRC0281,AST0467,SEC017,Catenary,Sectioning Post Maintenance,Isolator defect,3,MEDIUM,2025-06-12,2025-06-15,2025-07-15,7.3,13,MEDIUM,Completed,True
TRC0282,AST0521,SEC071,Pantograph interface,Feeder Repair,Cable damage,3,MEDIUM,2025-02-08,2025-02-11,2025-03-01,2.8,5,MEDIUM,Scheduled,False
TRC0283,AST0543,SEC018,Electrical switchgear,Feeder Repair,Joint failure,4,LOW,2025-12-05,2025-12-08,2026-01-15,6.6,12,LOW,Pending,True
TRC0284,AST0586,SEC061,Insulator,Insulator Replacement,Flashover damage,1,CRITICAL,2025-11-21,2025-11-22,2025-11-27,1.5,10,HIGH,In Progress,False
TRC0285,AST0487,SEC037,Electrical switchgear,Sectioning Post Maintenance,Jumper damage,5,LOW,2025-06-18,2025-06-18,2025-08-22,3.2,3,LOW,Scheduled,False
TRC0286,AST0418,SEC043,Insulator,Transformer Servicing,Oil leak,3,MEDIUM,2025-04-27,2025-04-28,2025-05-25,3.5,14,MEDIUM,Completed,False
TRC0287,AST0675,SEC075,Catenary,Insulator Replacement,Pollution deposit,3,MEDIUM,2025-07-20,2025-07-22,2025-08-15,3.9,15,MEDIUM,Completed,True
TRC0288,AST0543,SEC018,Electrical switchgear,Switchgear Maintenance,Arc damage,4,LOW,2025-05-01,2025-05-02,2025-06-02,11.0,2,LOW,Pending,False
TRC0289,AST0465,SEC015,Pantograph interface,OHE Mast Repair,Foundation settlement,4,LOW,2025-07-10,2025-07-10,2025-09-07,9.4,7,LOW,In Progress,True
TRC0290,AST0656,SEC056,OHE,Switchgear Maintenance,Relay malfunction,3,MEDIUM,2025-03-04,2025-03-04,2025-04-02,1.9,14,MEDIUM,Completed,True
TRC0291,AST0515,SEC065,Catenary,Feeder Repair,Overheating,4,LOW,2025-02-23,2025-02-26,2025-04-11,9.8,9,LOW,Completed,True
TRC0292,AST0520,SEC070,OHE,Insulator Replacement,Mechanical failure,3,MEDIUM,2025-01-15,2025-01-15,2025-01-30,9.2,4,MEDIUM,Scheduled,True
TRC0293,AST0614,SEC014,Sectioning equipment,Feeder Repair,Joint failure,4,LOW,2025-09-16,2025-09-17,2025-11-08,10.5,14,LOW,Pending,True
TRC0294,AST0512,SEC062,OHE,Insulator Replacement,Pollution deposit,3,MEDIUM,2025-04-02,2025-04-03,2025-04-30,1.2,10,MEDIUM,Completed,False
TRC0295,AST0629,SEC029,Feeder,Feeder Repair,Insulation breakdown,4,LOW,2025-04-04,2025-04-06,2025-05-12,6.9,6,LOW,Completed,True
TRC0296,AST0601,SEC001,Pantograph interface,Switchgear Maintenance,Arc damage,4,LOW,2025-09-24,2025-09-26,2025-11-22,8.7,5,LOW,Completed,True
TRC0297,AST0506,SEC056,Insulator,Sectioning Post Maintenance,Earthing issue,2,HIGH,2025-05-16,2025-05-19,2025-06-03,3.5,3,HIGH,Completed,False
TRC0298,AST0661,SEC061,Feeder,Insulator Replacement,Cracked insulator,3,MEDIUM,2025-03-22,2025-03-25,2025-04-11,7.8,13,MEDIUM,In Progress,True
TRC0299,AST0544,SEC019,OHE,Switchgear Maintenance,Contactor wear,2,HIGH,2025-08-06,2025-08-09,2025-08-23,8.1,14,HIGH,Completed,True
TRC0300,AST0635,SEC035,Catenary,Switchgear Maintenance,Contactor wear,5,LOW,2025-02-10,2025-02-10,2025-05-04,7.8,12,LOW,Cancelled,False
TRC0301,AST0629,SEC029,Feeder,Switchgear Maintenance,Contactor wear,4,LOW,2025-01-24,2025-01-26,2025-03-25,4.0,6,LOW,Cancelled,True
TRC0302,AST0659,SEC059,Catenary,Feeder Repair,Overheating,3,MEDIUM,2025-08-18,2025-08-19,2025-09-02,4.8,13,MEDIUM,In Progress,True
TRC0303,AST0560,SEC035,OHE,Catenary Maintenance,Registration arm damage,4,LOW,2025-06-29,2025-06-29,2025-08-24,2.7,4,LOW,Scheduled,True
TRC0304,AST0557,SEC032,Feeder,Feeder Repair,Joint failure,4,LOW,2025-07-31,2025-07-31,2025-09-06,5.9,14,LOW,Scheduled,True
TRC0305,AST0630,SEC030,Sectioning equipment,Insulator Replacement,Pollution deposit,4,LOW,2025-10-27,2025-10-28,2025-12-19,4.1,8,LOW,In Progress,False
TRC0306,AST0550,SEC025,Sectioning equipment,Insulator Replacement,Mechanical failure,4,LOW,2025-08-30,2025-09-01,2025-09-26,9.4,9,LOW,Pending,True
TRC0307,AST0477,SEC027,Feeder,Switchgear Maintenance,Relay malfunction,4,LOW,2025-10-16,2025-10-16,2025-11-10,10.8,6,LOW,In Progress,True
TRC0308,AST0695,SEC020,Electrical switchgear,Sectioning Post Maintenance,Jumper damage,3,MEDIUM,2025-12-20,2025-12-21,2026-01-10,9.7,12,MEDIUM,Pending,False
TRC0309,AST0490,SEC040,Insulator,Feeder Repair,Joint failure,5,LOW,2025-10-10,2025-10-10,2025-11-20,9.5,15,LOW,Pending,False
TRC0310,AST0571,SEC046,Catenary,Sectioning Post Maintenance,Jumper damage,2,HIGH,2025-03-24,2025-03-25,2025-04-05,8.3,13,HIGH,Pending,True
TRC0311,AST0599,SEC074,Electrical switchgear,Transformer Servicing,Bushing defect,4,LOW,2025-08-04,2025-08-05,2025-08-30,4.0,11,LOW,Cancelled,False
TRC0312,AST0538,SEC013,Insulator,OHE Inspection,Stagger fault,2,HIGH,2025-05-15,2025-05-16,2025-05-31,7.1,6,HIGH,Scheduled,False
TRC0313,AST0577,SEC052,Pantograph interface,OHE Inspection,Height deviation,1,CRITICAL,2025-10-31,2025-11-01,2025-11-07,8.2,11,HIGH,Scheduled,True
TRC0314,AST0664,SEC064,OHE,OHE Mast Repair,Corrosion,2,HIGH,2025-08-11,2025-08-12,2025-08-24,9.5,5,HIGH,Completed,True
TRC0315,AST0455,SEC005,Electrical switchgear,Transformer Servicing,Winding fault,2,HIGH,2025-09-23,2025-09-23,2025-10-03,7.1,9,HIGH,Cancelled,True
TRC0316,AST0603,SEC003,Catenary,Insulator Replacement,Cracked insulator,3,MEDIUM,2025-05-13,2025-05-15,2025-06-05,7.6,2,MEDIUM,Pending,True
TRC0317,AST0485,SEC035,Feeder,Switchgear Maintenance,Arc damage,4,LOW,2025-10-23,2025-10-23,2025-11-30,1.3,7,LOW,Completed,True
TRC0318,AST0688,SEC013,OHE,OHE Mast Repair,Bracket damage,4,LOW,2025-05-11,2025-05-14,2025-06-10,6.0,10,LOW,In Progress,False
TRC0319,AST0436,SEC061,Transformer,Switchgear Maintenance,Circuit breaker fault,5,LOW,2025-12-05,2025-12-07,2026-02-12,7.2,14,LOW,Cancelled,False
TRC0320,AST0554,SEC029,Insulator,Sectioning Post Maintenance,Isolator defect,3,MEDIUM,2025-07-30,2025-07-31,2025-08-30,2.0,12,MEDIUM,Completed,True
TRC0321,AST0438,SEC063,Sectioning equipment,Switchgear Maintenance,Contactor wear,2,HIGH,2025-08-17,2025-08-19,2025-09-01,3.2,14,HIGH,Completed,True
TRC0322,AST0456,SEC006,OHE,Transformer Servicing,Oil leak,5,LOW,2025-06-10,2025-06-12,2025-08-13,5.6,7,LOW,Pending,True
TRC0323,AST0559,SEC034,Electrical switchgear,Feeder Repair,Joint failure,2,HIGH,2025-01-20,2025-01-22,2025-02-02,11.3,5,HIGH,In Progress,False
TRC0324,AST0614,SEC014,Sectioning equipment,Transformer Servicing,Winding fault,3,MEDIUM,2025-05-23,2025-05-24,2025-06-11,7.5,6,MEDIUM,Completed,True
TRC0325,AST0690,SEC015,Insulator,Catenary Maintenance,Splice joint fault,1,CRITICAL,2025-10-05,2025-10-07,2025-10-11,1.2,2,HIGH,Completed,False
TRC0326,AST0481,SEC031,Pantograph interface,Sectioning Post Maintenance,Isolator defect,4,LOW,2025-11-22,2025-11-25,2026-01-21,2.8,11,LOW,Pending,False
TRC0327,AST0518,SEC068,Sectioning equipment,Switchgear Maintenance,Circuit breaker fault,4,LOW,2025-09-25,2025-09-28,2025-11-10,11.6,14,LOW,Completed,True
TRC0328,AST0667,SEC067,Catenary,Switchgear Maintenance,Arc damage,2,HIGH,2025-04-13,2025-04-15,2025-04-29,5.3,9,HIGH,Cancelled,True
TRC0329,AST0553,SEC028,Pantograph interface,Sectioning Post Maintenance,Interrupter fault,3,MEDIUM,2025-06-29,2025-06-29,2025-07-19,8.9,4,MEDIUM,In Progress,True
TRC0330,AST0545,SEC020,Pantograph interface,Catenary Maintenance,Splice joint fault,2,HIGH,2025-10-04,2025-10-04,2025-10-14,7.1,15,HIGH,Pending,False
TRC0331,AST0577,SEC052,Pantograph interface,Catenary Maintenance,Registration arm damage,3,MEDIUM,2025-02-02,2025-02-02,2025-02-26,9.9,3,MEDIUM,Completed,False
TRC0332,AST0461,SEC011,Feeder,Feeder Repair,Overheating,2,HIGH,2025-04-27,2025-04-29,2025-05-14,6.7,11,HIGH,Completed,True
TRC0333,AST0598,SEC073,Sectioning equipment,Insulator Replacement,Flashover damage,3,MEDIUM,2025-05-12,2025-05-13,2025-06-04,9.5,7,MEDIUM,Completed,True
TRC0334,AST0672,SEC072,OHE,Insulator Replacement,Cracked insulator,3,MEDIUM,2025-02-27,2025-03-01,2025-03-15,9.8,4,MEDIUM,In Progress,True
TRC0335,AST0630,SEC030,Sectioning equipment,Switchgear Maintenance,Circuit breaker fault,2,HIGH,2025-09-02,2025-09-05,2025-09-18,5.7,6,HIGH,Completed,True
TRC0336,AST0443,SEC068,Catenary,Catenary Maintenance,Registration arm damage,3,MEDIUM,2025-11-26,2025-11-26,2025-12-19,4.6,10,MEDIUM,Completed,True
TRC0337,AST0572,SEC047,Transformer,Transformer Servicing,Bushing defect,3,MEDIUM,2025-10-11,2025-10-13,2025-11-03,3.7,10,MEDIUM,Completed,False
TRC0338,AST0475,SEC025,Catenary,Insulator Replacement,Flashover damage,5,LOW,2025-07-07,2025-07-09,2025-09-28,5.7,13,LOW,Pending,True
TRC0339,AST0550,SEC025,Sectioning equipment,Feeder Repair,Joint failure,4,LOW,2025-11-02,2025-11-04,2025-12-27,5.8,2,LOW,Scheduled,False
TRC0340,AST0467,SEC017,Catenary,OHE Inspection,Dropper defect,5,LOW,2025-02-28,2025-03-01,2025-04-29,11.9,4,LOW,Completed,True
TRC0341,AST0528,SEC003,OHE,Transformer Servicing,Oil leak,3,MEDIUM,2025-01-23,2025-01-24,2025-02-19,10.8,2,MEDIUM,Cancelled,True
TRC0342,AST0467,SEC017,Catenary,Transformer Servicing,Bushing defect,2,HIGH,2025-11-08,2025-11-08,2025-11-17,5.3,4,HIGH,Completed,True
TRC0343,AST0498,SEC048,Insulator,OHE Inspection,Stagger fault,2,HIGH,2025-01-31,2025-02-02,2025-02-13,8.2,8,HIGH,In Progress,False
TRC0344,AST0652,SEC052,Transformer,Switchgear Maintenance,Relay malfunction,2,HIGH,2025-06-23,2025-06-24,2025-07-04,7.4,6,HIGH,In Progress,True
TRC0345,AST0501,SEC051,Feeder,OHE Inspection,Stagger fault,3,MEDIUM,2025-05-17,2025-05-20,2025-06-11,5.0,15,MEDIUM,Completed,True
TRC0346,AST0674,SEC074,Insulator,Sectioning Post Maintenance,Jumper damage,3,MEDIUM,2025-10-25,2025-10-28,2025-11-12,1.2,14,MEDIUM,Completed,False
TRC0347,AST0551,SEC026,Electrical switchgear,Transformer Servicing,Oil leak,2,HIGH,2025-07-23,2025-07-24,2025-08-08,10.6,10,HIGH,Completed,False
TRC0348,AST0496,SEC046,OHE,Insulator Replacement,Cracked insulator,4,LOW,2025-06-18,2025-06-20,2025-08-10,10.0,9,LOW,Scheduled,True
TRC0349,AST0619,SEC019,Catenary,OHE Mast Repair,Bracket damage,5,LOW,2025-05-02,2025-05-05,2025-07-06,4.9,10,LOW,Completed,True
TRC0350,AST0507,SEC057,Catenary,Transformer Servicing,Oil leak,5,LOW,2025-01-02,2025-01-02,2025-03-10,3.5,12,LOW,Pending,True
TRC0351,AST0551,SEC026,Electrical switchgear,Transformer Servicing,Winding fault,5,LOW,2025-09-30,2025-09-30,2025-12-26,10.5,12,LOW,Completed,False
TRC0352,AST0638,SEC038,Sectioning equipment,Sectioning Post Maintenance,Jumper damage,2,HIGH,2025-12-03,2025-12-05,2025-12-19,4.7,10,HIGH,Completed,True
TRC0353,AST0684,SEC009,Transformer,Feeder Repair,Overheating,3,MEDIUM,2025-04-19,2025-04-21,2025-05-07,3.8,2,MEDIUM,Pending,True
TRC0354,AST0520,SEC070,OHE,Sectioning Post Maintenance,Jumper damage,1,CRITICAL,2025-07-30,2025-08-01,2025-08-05,5.2,5,HIGH,Pending,True
TRC0355,AST0453,SEC003,Feeder,Insulator Replacement,Flashover damage,4,LOW,2025-09-08,2025-09-11,2025-10-28,6.2,11,LOW,Completed,True
TRC0356,AST0518,SEC068,Sectioning equipment,Feeder Repair,Cable damage,3,MEDIUM,2025-08-05,2025-08-05,2025-08-20,8.1,10,MEDIUM,Completed,False
TRC0357,AST0610,SEC010,Insulator,OHE Inspection,Dropper defect,2,HIGH,2025-08-12,2025-08-15,2025-08-29,3.6,15,HIGH,Scheduled,True
TRC0358,AST0607,SEC007,Electrical switchgear,OHE Mast Repair,Foundation settlement,3,MEDIUM,2025-05-26,2025-05-27,2025-06-13,6.0,7,MEDIUM,Pending,False
TRC0359,AST0531,SEC006,Catenary,OHE Inspection,Height deviation,2,HIGH,2025-04-16,2025-04-19,2025-05-02,11.6,5,HIGH,Completed,True
TRC0360,AST0513,SEC063,Pantograph interface,OHE Mast Repair,Corrosion,3,MEDIUM,2025-07-24,2025-07-25,2025-08-09,6.7,14,MEDIUM,Cancelled,True
TRC0361,AST0662,SEC062,Sectioning equipment,Feeder Repair,Overheating,1,CRITICAL,2025-03-31,2025-04-02,2025-04-07,11.2,4,HIGH,Completed,True
TRC0362,AST0600,SEC075,OHE,Insulator Replacement,Mechanical failure,1,CRITICAL,2025-04-12,2025-04-14,2025-04-20,5.4,12,HIGH,Scheduled,True
TRC0363,AST0475,SEC025,Catenary,OHE Inspection,Stagger fault,3,MEDIUM,2025-07-29,2025-07-31,2025-08-24,4.6,3,MEDIUM,Pending,True
TRC0364,AST0597,SEC072,Feeder,Sectioning Post Maintenance,Interrupter fault,3,MEDIUM,2024-12-30,2025-01-01,2025-01-28,7.3,2,MEDIUM,Cancelled,True
TRC0365,AST0614,SEC014,Sectioning equipment,Insulator Replacement,Cracked insulator,3,MEDIUM,2025-08-29,2025-09-01,2025-09-26,4.8,2,MEDIUM,Scheduled,True
TRC0366,AST0673,SEC073,Pantograph interface,Switchgear Maintenance,Arc damage,3,MEDIUM,2025-04-17,2025-04-20,2025-05-15,11.9,10,MEDIUM,Completed,True
TRC0367,AST0577,SEC052,Pantograph interface,OHE Mast Repair,Guy wire slack,3,MEDIUM,2025-06-08,2025-06-08,2025-06-22,1.3,10,MEDIUM,Pending,True
TRC0368,AST0582,SEC057,Sectioning equipment,Switchgear Maintenance,Circuit breaker fault,4,LOW,2025-08-23,2025-08-24,2025-09-30,7.9,5,LOW,Pending,True
TRC0369,AST0559,SEC034,Electrical switchgear,Feeder Repair,Cable damage,4,LOW,2025-05-02,2025-05-03,2025-06-28,4.3,10,LOW,Pending,False
TRC0370,AST0661,SEC061,Feeder,Transformer Servicing,Oil leak,3,MEDIUM,2025-05-06,2025-05-08,2025-05-22,8.3,6,MEDIUM,In Progress,True
TRC0371,AST0495,SEC045,Electrical switchgear,Switchgear Maintenance,Arc damage,3,MEDIUM,2025-05-30,2025-05-30,2025-06-23,7.1,14,MEDIUM,Completed,True
TRC0372,AST0458,SEC008,Insulator,OHE Mast Repair,Corrosion,4,LOW,2025-04-25,2025-04-26,2025-06-13,3.7,8,LOW,Pending,False
TRC0373,AST0613,SEC013,Feeder,Catenary Maintenance,Registration arm damage,4,LOW,2025-04-13,2025-04-13,2025-05-19,8.1,10,LOW,Completed,False
TRC0374,AST0573,SEC048,Feeder,OHE Inspection,Height deviation,2,HIGH,2025-04-12,2025-04-13,2025-04-22,5.4,2,HIGH,Pending,True
TRC0375,AST0632,SEC032,OHE,OHE Mast Repair,Guy wire slack,4,LOW,2025-08-01,2025-08-04,2025-09-25,11.8,14,LOW,Completed,True
TRC0376,AST0571,SEC046,Catenary,OHE Mast Repair,Bracket damage,5,LOW,2025-11-21,2025-11-21,2026-01-11,11.2,6,LOW,Completed,True
TRC0377,AST0631,SEC031,Electrical switchgear,OHE Mast Repair,Corrosion,2,HIGH,2024-12-30,2025-01-01,2025-01-08,5.7,12,HIGH,Completed,True
TRC0378,AST0427,SEC052,Catenary,Insulator Replacement,Cracked insulator,3,MEDIUM,2025-06-01,2025-06-01,2025-06-28,1.3,6,MEDIUM,Completed,True
TRC0379,AST0549,SEC024,Feeder,Transformer Servicing,Oil leak,3,MEDIUM,2025-03-23,2025-03-24,2025-04-21,4.0,9,MEDIUM,Completed,True
TRC0380,AST0548,SEC023,Transformer,OHE Mast Repair,Bracket damage,3,MEDIUM,2025-08-06,2025-08-07,2025-08-31,5.9,11,MEDIUM,Scheduled,False
TRC0381,AST0555,SEC030,Catenary,Catenary Maintenance,Splice joint fault,3,MEDIUM,2025-06-14,2025-06-14,2025-07-04,10.6,15,MEDIUM,Pending,True
TRC0382,AST0586,SEC061,Insulator,Insulator Replacement,Cracked insulator,3,MEDIUM,2025-05-21,2025-05-23,2025-06-22,9.0,6,MEDIUM,Pending,False
TRC0383,AST0502,SEC052,Sectioning equipment,Insulator Replacement,Pollution deposit,2,HIGH,2025-10-03,2025-10-06,2025-10-14,3.6,15,HIGH,Pending,True
TRC0384,AST0686,SEC011,Sectioning equipment,Transformer Servicing,Bushing defect,4,LOW,2025-02-22,2025-02-25,2025-04-16,11.5,5,LOW,Scheduled,True
TRC0385,AST0443,SEC068,Catenary,Feeder Repair,Joint failure,3,MEDIUM,2025-05-24,2025-05-24,2025-06-17,6.1,9,MEDIUM,Scheduled,True
TRC0386,AST0474,SEC024,Insulator,Transformer Servicing,Bushing defect,4,LOW,2025-09-12,2025-09-12,2025-10-10,5.6,6,LOW,Completed,False
TRC0387,AST0422,SEC047,Sectioning equipment,OHE Inspection,Stagger fault,2,HIGH,2025-12-07,2025-12-08,2025-12-22,2.7,12,HIGH,Completed,True
TRC0388,AST0484,SEC034,Transformer,Feeder Repair,Joint failure,3,MEDIUM,2025-01-08,2025-01-08,2025-01-28,8.0,11,MEDIUM,Scheduled,True
TRC0389,AST0449,SEC074,Pantograph interface,OHE Inspection,Height deviation,4,LOW,2025-03-10,2025-03-12,2025-05-01,1.2,13,LOW,Scheduled,False
TRC0390,AST0457,SEC007,Pantograph interface,Catenary Maintenance,Registration arm damage,4,LOW,2025-01-31,2025-02-02,2025-03-21,5.5,13,LOW,Completed,False
TRC0391,AST0527,SEC002,Electrical switchgear,OHE Inspection,Height deviation,2,HIGH,2025-05-11,2025-05-12,2025-05-24,10.5,9,HIGH,Cancelled,True
TRC0392,AST0424,SEC049,OHE,Insulator Replacement,Cracked insulator,3,MEDIUM,2025-12-20,2025-12-20,2026-01-10,6.9,5,MEDIUM,Pending,True
TRC0393,AST0590,SEC065,Sectioning equipment,Catenary Maintenance,Catenary sag,3,MEDIUM,2025-06-29,2025-07-01,2025-07-16,4.1,14,MEDIUM,Scheduled,True
TRC0394,AST0581,SEC056,Feeder,Insulator Replacement,Flashover damage,4,LOW,2025-04-13,2025-04-14,2025-06-03,3.6,3,LOW,Pending,True
TRC0395,AST0573,SEC048,Feeder,Insulator Replacement,Pollution deposit,5,LOW,2025-04-16,2025-04-17,2025-06-23,4.5,15,LOW,Completed,True
TRC0396,AST0496,SEC046,OHE,OHE Inspection,Dropper defect,3,MEDIUM,2025-10-12,2025-10-14,2025-11-06,11.4,9,MEDIUM,In Progress,True
TRC0397,AST0551,SEC026,Electrical switchgear,Sectioning Post Maintenance,Earthing issue,1,CRITICAL,2025-07-17,2025-07-20,2025-07-27,3.8,15,HIGH,Completed,True
TRC0398,AST0474,SEC024,Insulator,Sectioning Post Maintenance,Jumper damage,4,LOW,2025-04-29,2025-04-30,2025-06-25,4.5,13,LOW,Pending,True
TRC0399,AST0474,SEC024,Insulator,Switchgear Maintenance,Contactor wear,3,MEDIUM,2025-03-03,2025-03-04,2025-03-25,10.1,7,MEDIUM,Scheduled,False
TRC0400,AST0441,SEC066,Pantograph interface,OHE Mast Repair,Foundation settlement,5,LOW,2025-03-26,2025-03-26,2025-05-11,5.8,13,LOW,Completed,True
TRC0401,AST0506,SEC056,Insulator,OHE Inspection,Dropper defect,3,MEDIUM,2025-07-02,2025-07-02,2025-07-22,7.9,15,MEDIUM,Completed,True
TRC0402,AST0469,SEC019,Feeder,OHE Mast Repair,Foundation settlement,3,MEDIUM,2025-01-16,2025-01-19,2025-02-03,2.1,8,MEDIUM,Pending,True
TRC0403,AST0698,SEC023,Insulator,OHE Inspection,Height deviation,2,HIGH,2025-06-29,2025-07-01,2025-07-09,6.7,4,HIGH,Scheduled,False
TRC0404,AST0616,SEC016,OHE,Feeder Repair,Joint failure,3,MEDIUM,2025-03-11,2025-03-14,2025-04-03,4.5,7,MEDIUM,Scheduled,True
TRC0405,AST0638,SEC038,Sectioning equipment,Switchgear Maintenance,Relay malfunction,4,LOW,2025-09-08,2025-09-09,2025-10-10,7.3,14,LOW,Cancelled,True
TRC0406,AST0478,SEC028,Sectioning equipment,OHE Inspection,Stagger fault,4,LOW,2025-08-16,2025-08-17,2025-10-02,9.3,9,LOW,Pending,False
TRC0407,AST0443,SEC068,Catenary,Sectioning Post Maintenance,Jumper damage,4,LOW,2025-04-04,2025-04-06,2025-05-30,5.9,3,LOW,Pending,True
TRC0408,AST0428,SEC053,Transformer,Sectioning Post Maintenance,Earthing issue,4,LOW,2025-01-19,2025-01-22,2025-03-16,10.5,9,LOW,Completed,False
TRC0409,AST0499,SEC049,Catenary,Transformer Servicing,Bushing defect,3,MEDIUM,2025-04-08,2025-04-10,2025-05-03,3.2,9,MEDIUM,Completed,True
TRC0410,AST0694,SEC019,Sectioning equipment,Sectioning Post Maintenance,Isolator defect,4,LOW,2025-05-16,2025-05-19,2025-06-24,4.2,13,LOW,Completed,True
TRC0411,AST0686,SEC011,Sectioning equipment,Feeder Repair,Cable damage,3,MEDIUM,2025-06-17,2025-06-19,2025-07-19,6.4,5,MEDIUM,Pending,True
TRC0412,AST0641,SEC041,Pantograph interface,Sectioning Post Maintenance,Jumper damage,2,HIGH,2025-02-05,2025-02-06,2025-02-13,1.5,3,HIGH,Completed,False
TRC0413,AST0407,SEC032,Electrical switchgear,Transformer Servicing,Cooling system failure,2,HIGH,2025-01-04,2025-01-04,2025-01-13,4.4,15,HIGH,Cancelled,True
TRC0414,AST0540,SEC015,Transformer,OHE Inspection,Dropper defect,4,LOW,2025-09-02,2025-09-02,2025-10-26,6.6,4,LOW,Pending,True
TRC0415,AST0491,SEC041,Catenary,Transformer Servicing,Winding fault,5,LOW,2025-03-25,2025-03-27,2025-05-29,9.1,11,LOW,Pending,True
TRC0416,AST0406,SEC031,Sectioning equipment,Switchgear Maintenance,Arc damage,4,LOW,2025-07-20,2025-07-20,2025-09-02,8.1,9,LOW,Completed,True
TRC0417,AST0521,SEC071,Pantograph interface,Switchgear Maintenance,Arc damage,2,HIGH,2025-08-15,2025-08-17,2025-09-01,9.7,4,HIGH,Pending,False
TRC0418,AST0558,SEC033,Sectioning equipment,Switchgear Maintenance,Circuit breaker fault,4,LOW,2025-10-07,2025-10-07,2025-12-06,1.6,6,LOW,Scheduled,True
TRC0419,AST0695,SEC020,Electrical switchgear,Sectioning Post Maintenance,Isolator defect,4,LOW,2025-10-19,2025-10-20,2025-11-27,7.5,6,LOW,Scheduled,False
TRC0420,AST0419,SEC044,Catenary,Feeder Repair,Joint failure,1,CRITICAL,2025-11-28,2025-11-30,2025-12-03,5.5,12,HIGH,Pending,True
TRC0421,AST0650,SEC050,Insulator,Insulator Replacement,Cracked insulator,4,LOW,2025-08-13,2025-08-13,2025-09-20,6.5,2,LOW,Pending,False
TRC0422,AST0588,SEC063,Transformer,Feeder Repair,Overheating,3,MEDIUM,2025-06-16,2025-06-19,2025-07-16,9.4,5,MEDIUM,Pending,False
TRC0423,AST0680,SEC005,OHE,Sectioning Post Maintenance,Jumper damage,1,CRITICAL,2025-11-23,2025-11-25,2025-11-29,9.0,11,HIGH,Pending,True
TRC0424,AST0453,SEC003,Feeder,Insulator Replacement,Cracked insulator,1,CRITICAL,2025-12-11,2025-12-11,2025-12-15,1.5,10,HIGH,Pending,True
TRC0425,AST0545,SEC020,Pantograph interface,Sectioning Post Maintenance,Jumper damage,2,HIGH,2025-07-16,2025-07-16,2025-07-28,5.2,2,HIGH,Completed,False
TRC0426,AST0553,SEC028,Pantograph interface,Sectioning Post Maintenance,Interrupter fault,4,LOW,2025-09-18,2025-09-21,2025-10-24,10.7,10,LOW,In Progress,True
TRC0427,AST0572,SEC047,Transformer,Sectioning Post Maintenance,Earthing issue,4,LOW,2025-12-17,2025-12-20,2026-01-15,11.9,14,LOW,Pending,False
TRC0428,AST0696,SEC021,OHE,Catenary Maintenance,Registration arm damage,4,LOW,2025-04-04,2025-04-05,2025-05-13,5.0,6,LOW,Completed,True
TRC0429,AST0614,SEC014,Sectioning equipment,OHE Inspection,Contact wire wear,2,HIGH,2025-01-23,2025-01-25,2025-02-06,2.8,9,HIGH,In Progress,True
TRC0430,AST0670,SEC070,Sectioning equipment,Transformer Servicing,Winding fault,2,HIGH,2025-07-18,2025-07-21,2025-08-05,1.7,2,HIGH,Completed,True
TRC0431,AST0532,SEC007,Transformer,OHE Mast Repair,Corrosion,3,MEDIUM,2025-08-30,2025-09-02,2025-09-26,8.8,8,MEDIUM,Completed,False
TRC0432,AST0576,SEC051,OHE,Feeder Repair,Insulation breakdown,5,LOW,2025-09-02,2025-09-04,2025-11-20,9.9,8,LOW,Completed,True
TRC0433,AST0603,SEC003,Catenary,Sectioning Post Maintenance,Isolator defect,5,LOW,2025-05-16,2025-05-19,2025-07-06,8.0,11,LOW,In Progress,True
TRC0434,AST0684,SEC009,Transformer,Switchgear Maintenance,Relay malfunction,3,MEDIUM,2025-10-14,2025-10-16,2025-11-04,2.9,2,MEDIUM,Completed,True
TRC0435,AST0647,SEC047,Electrical switchgear,Switchgear Maintenance,Arc damage,4,LOW,2025-06-22,2025-06-25,2025-08-15,2.1,2,LOW,Completed,False
TRC0436,AST0483,SEC033,Catenary,Sectioning Post Maintenance,Isolator defect,4,LOW,2025-05-19,2025-05-22,2025-07-01,1.0,14,LOW,In Progress,True
TRC0437,AST0461,SEC011,Feeder,Switchgear Maintenance,Arc damage,2,HIGH,2025-06-09,2025-06-12,2025-06-20,1.9,2,HIGH,Scheduled,True
TRC0438,AST0513,SEC063,Pantograph interface,Insulator Replacement,Flashover damage,1,CRITICAL,2025-05-11,2025-05-11,2025-05-16,5.9,3,HIGH,In Progress,False
TRC0439,AST0573,SEC048,Feeder,Feeder Repair,Joint failure,3,MEDIUM,2025-07-27,2025-07-30,2025-08-22,11.6,6,MEDIUM,Pending,True
TRC0440,AST0675,SEC075,Catenary,Insulator Replacement,Cracked insulator,4,LOW,2025-09-27,2025-09-28,2025-10-25,2.4,6,LOW,Scheduled,True
TRC0441,AST0421,SEC046,Feeder,Feeder Repair,Insulation breakdown,3,MEDIUM,2025-04-21,2025-04-22,2025-05-07,8.9,13,MEDIUM,Completed,True
TRC0442,AST0534,SEC009,Sectioning equipment,OHE Mast Repair,Bracket damage,2,HIGH,2025-01-29,2025-02-01,2025-02-10,2.2,6,HIGH,In Progress,True
TRC0443,AST0615,SEC015,Electrical switchgear,Catenary Maintenance,Catenary sag,2,HIGH,2025-03-20,2025-03-23,2025-04-07,11.0,3,HIGH,Completed,False
TRC0444,AST0526,SEC001,Sectioning equipment,OHE Inspection,Contact wire wear,2,HIGH,2025-11-16,2025-11-16,2025-11-24,5.7,12,HIGH,Scheduled,False
TRC0445,AST0552,SEC027,OHE,Sectioning Post Maintenance,Jumper damage,3,MEDIUM,2025-02-04,2025-02-04,2025-02-19,9.3,14,MEDIUM,In Progress,True
TRC0446,AST0614,SEC014,Sectioning equipment,Feeder Repair,Insulation breakdown,3,MEDIUM,2025-10-04,2025-10-07,2025-10-29,2.0,15,MEDIUM,Completed,True
TRC0447,AST0438,SEC063,Sectioning equipment,Switchgear Maintenance,Relay malfunction,5,LOW,2025-05-17,2025-05-18,2025-08-07,6.0,12,LOW,Completed,True
TRC0448,AST0618,SEC018,Insulator,Insulator Replacement,Flashover damage,1,CRITICAL,2025-11-08,2025-11-10,2025-11-15,1.5,2,HIGH,Completed,True
TRC0449,AST0409,SEC034,Pantograph interface,Insulator Replacement,Mechanical failure,5,LOW,2025-10-05,2025-10-06,2026-01-02,1.6,15,LOW,Completed,False
TRC0450,AST0675,SEC075,Catenary,Sectioning Post Maintenance,Earthing issue,2,HIGH,2025-02-12,2025-02-14,2025-02-25,5.6,10,HIGH,Pending,True
TRC0451,AST0418,SEC043,Insulator,Feeder Repair,Joint failure,3,MEDIUM,2025-08-07,2025-08-08,2025-08-22,4.8,7,MEDIUM,Completed,True
TRC0452,AST0551,SEC026,Electrical switchgear,Feeder Repair,Joint failure,5,LOW,2025-05-18,2025-05-19,2025-08-06,8.2,15,LOW,Scheduled,False
TRC0453,AST0461,SEC011,Feeder,Insulator Replacement,Pollution deposit,3,MEDIUM,2025-06-01,2025-06-02,2025-06-16,8.3,2,MEDIUM,Scheduled,True
TRC0454,AST0697,SEC022,Pantograph interface,Sectioning Post Maintenance,Jumper damage,3,MEDIUM,2025-07-13,2025-07-15,2025-08-14,11.6,8,MEDIUM,Cancelled,True
TRC0455,AST0459,SEC009,Catenary,Feeder Repair,Overheating,1,CRITICAL,2025-12-18,2025-12-21,2025-12-25,3.3,4,HIGH,Cancelled,True
TRC0456,AST0633,SEC033,Pantograph interface,Feeder Repair,Joint failure,4,LOW,2025-08-14,2025-08-17,2025-10-16,5.7,5,LOW,Completed,True
TRC0457,AST0590,SEC065,Sectioning equipment,OHE Inspection,Stagger fault,2,HIGH,2025-09-29,2025-09-30,2025-10-07,7.1,7,HIGH,Pending,True
TRC0458,AST0538,SEC013,Insulator,Transformer Servicing,Winding fault,3,MEDIUM,2025-03-19,2025-03-19,2025-04-05,6.1,8,MEDIUM,Pending,True
TRC0459,AST0550,SEC025,Sectioning equipment,OHE Mast Repair,Guy wire slack,3,MEDIUM,2025-06-14,2025-06-16,2025-07-10,11.9,12,MEDIUM,Pending,True
TRC0460,AST0675,SEC075,Catenary,OHE Mast Repair,Corrosion,3,MEDIUM,2025-09-15,2025-09-15,2025-10-15,2.9,13,MEDIUM,Scheduled,True
TRC0461,AST0429,SEC054,Feeder,Switchgear Maintenance,Contactor wear,2,HIGH,2025-11-04,2025-11-05,2025-11-16,2.6,14,HIGH,Completed,True
TRC0462,AST0609,SEC009,Pantograph interface,OHE Mast Repair,Bracket damage,2,HIGH,2025-04-03,2025-04-05,2025-04-13,1.1,3,HIGH,Pending,True
TRC0463,AST0467,SEC017,Catenary,Switchgear Maintenance,Relay malfunction,2,HIGH,2025-11-17,2025-11-17,2025-12-01,10.2,10,HIGH,Pending,True
TRC0464,AST0614,SEC014,Sectioning equipment,Insulator Replacement,Flashover damage,2,HIGH,2025-08-30,2025-08-30,2025-09-09,8.8,11,HIGH,Pending,True
TRC0465,AST0502,SEC052,Sectioning equipment,OHE Mast Repair,Foundation settlement,4,LOW,2025-03-09,2025-03-09,2025-04-04,7.5,2,LOW,Scheduled,False
TRC0466,AST0474,SEC024,Insulator,Sectioning Post Maintenance,Isolator defect,5,LOW,2025-07-04,2025-07-07,2025-09-06,1.3,15,LOW,Cancelled,False
TRC0467,AST0416,SEC041,OHE,Transformer Servicing,Cooling system failure,4,LOW,2025-10-03,2025-10-03,2025-12-02,6.5,15,LOW,Scheduled,True
TRC0468,AST0594,SEC069,Insulator,Insulator Replacement,Cracked insulator,2,HIGH,2025-01-23,2025-01-23,2025-02-03,1.5,12,HIGH,Completed,False
TRC0469,AST0490,SEC040,Insulator,OHE Inspection,Stagger fault,2,HIGH,2025-09-08,2025-09-09,2025-09-20,11.2,10,HIGH,Scheduled,False
TRC0470,AST0687,SEC012,Electrical switchgear,OHE Inspection,Stagger fault,3,MEDIUM,2025-05-27,2025-05-30,2025-06-23,8.2,4,MEDIUM,In Progress,False
TRC0471,AST0699,SEC024,Catenary,Catenary Maintenance,Tension deviation,5,LOW,2025-01-03,2025-01-04,2025-02-22,11.8,6,LOW,Completed,False
TRC0472,AST0576,SEC051,OHE,Transformer Servicing,Bushing defect,3,MEDIUM,2025-09-15,2025-09-17,2025-10-15,4.2,11,MEDIUM,Completed,True
TRC0473,AST0630,SEC030,Sectioning equipment,Insulator Replacement,Pollution deposit,3,MEDIUM,2025-12-11,2025-12-11,2025-12-26,8.9,11,MEDIUM,Scheduled,True
TRC0474,AST0547,SEC022,Catenary,Catenary Maintenance,Tension deviation,3,MEDIUM,2025-05-22,2025-05-23,2025-06-10,11.7,3,MEDIUM,Completed,True
TRC0475,AST0694,SEC019,Sectioning equipment,OHE Mast Repair,Bracket damage,3,MEDIUM,2025-05-18,2025-05-20,2025-06-07,11.4,3,MEDIUM,Completed,True
TRC0476,AST0587,SEC062,Catenary,Switchgear Maintenance,Contactor wear,2,HIGH,2025-11-12,2025-11-15,2025-11-30,10.9,7,HIGH,Pending,True
TRC0477,AST0673,SEC073,Pantograph interface,Feeder Repair,Joint failure,3,MEDIUM,2025-07-01,2025-07-01,2025-07-18,5.6,12,MEDIUM,Completed,True
TRC0478,AST0663,SEC063,Electrical switchgear,OHE Inspection,Height deviation,4,LOW,2025-06-29,2025-07-02,2025-08-13,6.1,10,LOW,Scheduled,True
TRC0479,AST0553,SEC028,Pantograph interface,OHE Inspection,Height deviation,4,LOW,2025-02-06,2025-02-06,2025-04-01,1.7,10,LOW,Completed,False
TRC0480,AST0494,SEC044,Sectioning equipment,Sectioning Post Maintenance,Interrupter fault,3,MEDIUM,2025-08-10,2025-08-12,2025-09-04,9.7,11,MEDIUM,In Progress,True
TRC0481,AST0669,SEC069,Feeder,OHE Mast Repair,Bracket damage,5,LOW,2025-02-03,2025-02-05,2025-03-17,10.6,12,LOW,Scheduled,False
TRC0482,AST0501,SEC051,Feeder,Insulator Replacement,Mechanical failure,4,LOW,2025-03-30,2025-04-02,2025-05-11,11.3,7,LOW,Pending,True
TRC0483,AST0577,SEC052,Pantograph interface,Sectioning Post Maintenance,Isolator defect,1,CRITICAL,2025-06-07,2025-06-10,2025-06-13,6.4,6,HIGH,Scheduled,False
TRC0484,AST0690,SEC015,Insulator,Feeder Repair,Joint failure,2,HIGH,2025-11-22,2025-11-25,2025-12-08,7.3,10,HIGH,Pending,True
TRC0485,AST0579,SEC054,Catenary,OHE Inspection,Dropper defect,3,MEDIUM,2025-03-11,2025-03-14,2025-04-13,7.5,3,MEDIUM,Pending,True
TRC0486,AST0693,SEC018,Feeder,Switchgear Maintenance,Arc damage,3,MEDIUM,2025-04-30,2025-04-30,2025-05-23,3.5,5,MEDIUM,Completed,True
TRC0487,AST0581,SEC056,Feeder,OHE Mast Repair,Corrosion,1,CRITICAL,2025-08-11,2025-08-14,2025-08-21,3.5,10,HIGH,Cancelled,True
TRC0488,AST0445,SEC070,Feeder,Catenary Maintenance,Catenary sag,3,MEDIUM,2025-04-09,2025-04-11,2025-05-05,8.4,10,MEDIUM,Pending,True
TRC0489,AST0651,SEC051,Catenary,Feeder Repair,Cable damage,3,MEDIUM,2025-06-19,2025-06-21,2025-07-12,1.1,8,MEDIUM,Cancelled,True
TRC0490,AST0575,SEC050,Electrical switchgear,Sectioning Post Maintenance,Interrupter fault,3,MEDIUM,2025-12-14,2025-12-17,2026-01-07,10.2,3,MEDIUM,Completed,True
TRC0491,AST0601,SEC001,Pantograph interface,Sectioning Post Maintenance,Earthing issue,1,CRITICAL,2025-10-04,2025-10-05,2025-10-12,11.9,12,HIGH,Scheduled,False
TRC0492,AST0415,SEC040,Electrical switchgear,OHE Mast Repair,Foundation settlement,3,MEDIUM,2025-07-10,2025-07-13,2025-07-28,6.4,2,MEDIUM,Completed,False
TRC0493,AST0672,SEC072,OHE,OHE Mast Repair,Corrosion,2,HIGH,2025-03-21,2025-03-24,2025-04-01,5.7,3,HIGH,Scheduled,True
TRC0494,AST0679,SEC004,Electrical switchgear,Insulator Replacement,Flashover damage,5,LOW,2025-11-12,2025-11-13,2026-01-10,6.7,9,LOW,In Progress,False
TRC0495,AST0694,SEC019,Sectioning equipment,Transformer Servicing,Oil leak,4,LOW,2025-03-24,2025-03-26,2025-05-15,11.4,13,LOW,Cancelled,True
TRC0496,AST0455,SEC005,Electrical switchgear,Sectioning Post Maintenance,Interrupter fault,4,LOW,2025-04-16,2025-04-17,2025-05-18,6.1,9,LOW,Pending,True
TRC0497,AST0628,SEC028,Transformer,Sectioning Post Maintenance,Earthing issue,3,MEDIUM,2025-03-06,2025-03-07,2025-04-04,3.1,10,MEDIUM,Completed,False
TRC0498,AST0425,SEC050,Pantograph interface,OHE Inspection,Stagger fault,2,HIGH,2025-10-13,2025-10-16,2025-10-28,3.6,10,HIGH,Pending,False
TRC0499,AST0661,SEC061,Feeder,OHE Inspection,Height deviation,4,LOW,2025-03-13,2025-03-13,2025-04-25,2.3,14,LOW,Pending,True
TRC0500,AST0488,SEC038,OHE,Sectioning Post Maintenance,Isolator defect,4,LOW,2025-01-22,2025-01-22,2025-02-18,6.2,10,LOW,In Progress,True
TRC0501,AST0410,SEC035,Insulator,Transformer Servicing,Bushing defect,4,LOW,2025-02-03,2025-02-06,2025-03-31,1.2,14,LOW,Pending,False
TRC0502,AST0411,SEC036,Catenary,Catenary Maintenance,Registration arm damage,3,MEDIUM,2025-03-25,2025-03-27,2025-04-26,10.2,6,MEDIUM,Scheduled,True
TRC0503,AST0585,SEC060,Pantograph interface,Catenary Maintenance,Splice joint fault,1,CRITICAL,2025-04-22,2025-04-25,2025-05-01,4.0,6,HIGH,Completed,False
TRC0504,AST0584,SEC059,OHE,Transformer Servicing,Winding fault,2,HIGH,2025-05-15,2025-05-15,2025-05-30,9.5,10,HIGH,Pending,True
TRC0505,AST0626,SEC026,Insulator,Insulator Replacement,Pollution deposit,4,LOW,2025-12-17,2025-12-18,2026-01-26,6.2,12,LOW,Scheduled,False
TRC0506,AST0641,SEC041,Pantograph interface,OHE Inspection,Contact wire wear,3,MEDIUM,2025-09-09,2025-09-12,2025-09-27,5.6,11,MEDIUM,Scheduled,False
TRC0507,AST0448,SEC073,OHE,Insulator Replacement,Flashover damage,2,HIGH,2025-07-27,2025-07-27,2025-08-06,2.5,3,HIGH,Pending,True
TRC0508,AST0417,SEC042,Pantograph interface,Catenary Maintenance,Catenary sag,3,MEDIUM,2025-05-01,2025-05-01,2025-05-27,5.6,3,MEDIUM,Pending,True
TRC0509,AST0437,SEC062,Feeder,OHE Mast Repair,Corrosion,5,LOW,2025-07-15,2025-07-15,2025-09-10,3.8,7,LOW,Cancelled,True
TRC0510,AST0495,SEC045,Electrical switchgear,OHE Mast Repair,Corrosion,2,HIGH,2025-08-16,2025-08-18,2025-08-26,5.7,9,HIGH,Completed,False
TRC0511,AST0532,SEC007,Transformer,Switchgear Maintenance,Arc damage,1,CRITICAL,2025-05-02,2025-05-03,2025-05-07,8.3,5,HIGH,Cancelled,False
TRC0512,AST0522,SEC072,Insulator,Insulator Replacement,Mechanical failure,5,LOW,2025-12-07,2025-12-10,2026-03-05,8.8,14,LOW,Scheduled,False
TRC0513,AST0505,SEC055,Pantograph interface,OHE Mast Repair,Guy wire slack,4,LOW,2025-03-01,2025-03-01,2025-04-10,4.3,12,LOW,Pending,False
TRC0514,AST0448,SEC073,OHE,Transformer Servicing,Winding fault,3,MEDIUM,2025-01-06,2025-01-07,2025-02-05,7.8,14,MEDIUM,Scheduled,True
TRC0515,AST0444,SEC069,Transformer,OHE Mast Repair,Foundation settlement,4,LOW,2025-10-11,2025-10-14,2025-11-12,5.3,9,LOW,In Progress,False
TRC0516,AST0610,SEC010,Insulator,Switchgear Maintenance,Relay malfunction,4,LOW,2025-08-28,2025-08-28,2025-10-12,6.2,6,LOW,Cancelled,False
TRC0517,AST0457,SEC007,Pantograph interface,Catenary Maintenance,Splice joint fault,5,LOW,2025-09-24,2025-09-24,2025-11-13,7.9,4,LOW,Completed,True
TRC0518,AST0520,SEC070,OHE,Insulator Replacement,Flashover damage,1,CRITICAL,2025-03-11,2025-03-14,2025-03-19,4.0,11,HIGH,Pending,True
TRC0519,AST0656,SEC056,OHE,Switchgear Maintenance,Arc damage,4,LOW,2025-03-16,2025-03-17,2025-04-29,6.1,15,LOW,Pending,False
TRC0520,AST0443,SEC068,Catenary,Catenary Maintenance,Tension deviation,2,HIGH,2025-06-22,2025-06-25,2025-07-02,10.3,14,HIGH,Completed,True
TRC0521,AST0495,SEC045,Electrical switchgear,Transformer Servicing,Bushing defect,4,LOW,2025-07-20,2025-07-21,2025-09-05,6.1,10,LOW,Completed,False
TRC0522,AST0612,SEC012,Transformer,Sectioning Post Maintenance,Isolator defect,3,MEDIUM,2025-07-04,2025-07-07,2025-07-27,1.6,8,MEDIUM,Pending,False
TRC0523,AST0621,SEC021,Feeder,Feeder Repair,Cable damage,4,LOW,2025-04-27,2025-04-28,2025-06-17,1.3,4,LOW,Scheduled,True
TRC0524,AST0616,SEC016,OHE,Switchgear Maintenance,Circuit breaker fault,4,LOW,2025-01-23,2025-01-25,2025-03-11,9.1,2,LOW,Scheduled,True
TRC0525,AST0417,SEC042,Pantograph interface,Transformer Servicing,Bushing defect,3,MEDIUM,2025-07-29,2025-08-01,2025-08-27,8.0,2,MEDIUM,Completed,False
TRC0526,AST0556,SEC031,Transformer,Switchgear Maintenance,Contactor wear,5,LOW,2025-05-02,2025-05-04,2025-07-03,1.8,5,LOW,Completed,False
TRC0527,AST0700,SEC025,Transformer,Insulator Replacement,Mechanical failure,2,HIGH,2025-03-03,2025-03-04,2025-03-13,8.7,5,HIGH,Pending,True
TRC0528,AST0502,SEC052,Sectioning equipment,Switchgear Maintenance,Circuit breaker fault,1,CRITICAL,2025-01-04,2025-01-04,2025-01-11,1.2,5,HIGH,Completed,True
TRC0529,AST0434,SEC059,Insulator,Switchgear Maintenance,Relay malfunction,2,HIGH,2025-06-15,2025-06-18,2025-06-26,4.2,5,HIGH,In Progress,False
TRC0530,AST0462,SEC012,Sectioning equipment,Sectioning Post Maintenance,Interrupter fault,1,CRITICAL,2025-06-05,2025-06-05,2025-06-09,8.5,8,HIGH,Pending,True
TRC0531,AST0503,SEC053,Electrical switchgear,Feeder Repair,Insulation breakdown,2,HIGH,2025-09-19,2025-09-21,2025-09-30,4.0,8,HIGH,Completed,True
TRC0532,AST0403,SEC028,Catenary,OHE Inspection,Dropper defect,2,HIGH,2025-08-16,2025-08-16,2025-08-29,5.7,7,HIGH,Scheduled,True
TRC0533,AST0551,SEC026,Electrical switchgear,Insulator Replacement,Cracked insulator,3,MEDIUM,2025-06-27,2025-06-27,2025-07-17,6.1,11,MEDIUM,Scheduled,False
TRC0534,AST0675,SEC075,Catenary,Feeder Repair,Joint failure,2,HIGH,2025-05-17,2025-05-17,2025-05-28,5.8,2,HIGH,Scheduled,True
TRC0535,AST0664,SEC064,OHE,OHE Mast Repair,Corrosion,2,HIGH,2025-09-28,2025-10-01,2025-10-13,4.2,5,HIGH,Completed,True
TRC0536,AST0684,SEC009,Transformer,Sectioning Post Maintenance,Interrupter fault,4,LOW,2025-01-29,2025-02-01,2025-03-06,7.0,2,LOW,Completed,True
TRC0537,AST0639,SEC039,Electrical switchgear,OHE Inspection,Height deviation,4,LOW,2025-11-17,2025-11-18,2026-01-12,8.0,15,LOW,Pending,True
TRC0538,AST0656,SEC056,OHE,Sectioning Post Maintenance,Interrupter fault,3,MEDIUM,2025-01-06,2025-01-08,2025-01-25,11.2,13,MEDIUM,Cancelled,True
TRC0539,AST0620,SEC020,Transformer,Switchgear Maintenance,Arc damage,4,LOW,2025-08-11,2025-08-12,2025-09-17,2.1,10,LOW,In Progress,False
TRC0540,AST0521,SEC071,Pantograph interface,OHE Inspection,Height deviation,3,MEDIUM,2025-08-08,2025-08-10,2025-08-27,7.3,14,MEDIUM,Pending,False
TRC0541,AST0677,SEC002,Feeder,Transformer Servicing,Winding fault,3,MEDIUM,2025-02-07,2025-02-08,2025-03-09,5.2,3,MEDIUM,Cancelled,True
TRC0542,AST0621,SEC021,Feeder,Feeder Repair,Overheating,3,MEDIUM,2025-02-10,2025-02-10,2025-03-10,2.2,5,MEDIUM,Pending,True
TRC0543,AST0451,SEC001,Catenary,Feeder Repair,Joint failure,5,LOW,2025-11-22,2025-11-22,2026-01-29,7.7,8,LOW,In Progress,True
TRC0544,AST0533,SEC008,Feeder,Insulator Replacement,Flashover damage,4,LOW,2025-05-18,2025-05-19,2025-06-18,10.7,3,LOW,Scheduled,False
TRC0545,AST0583,SEC058,Electrical switchgear,Switchgear Maintenance,Contactor wear,3,MEDIUM,2025-08-16,2025-08-18,2025-09-06,4.9,7,MEDIUM,Completed,False
TRC0546,AST0697,SEC022,Pantograph interface,Switchgear Maintenance,Circuit breaker fault,5,LOW,2025-06-20,2025-06-22,2025-08-07,11.4,9,LOW,Completed,False
TRC0547,AST0401,SEC026,Pantograph interface,Feeder Repair,Joint failure,1,CRITICAL,2025-03-17,2025-03-19,2025-03-23,10.8,12,HIGH,Completed,False
TRC0548,AST0506,SEC056,Insulator,OHE Inspection,Dropper defect,4,LOW,2025-01-10,2025-01-10,2025-02-25,2.5,15,LOW,Cancelled,False
TRC0549,AST0428,SEC053,Transformer,OHE Inspection,Dropper defect,2,HIGH,2025-12-05,2025-12-06,2025-12-21,1.2,9,HIGH,Scheduled,True
TRC0550,AST0592,SEC067,OHE,OHE Inspection,Dropper defect,3,MEDIUM,2025-10-20,2025-10-21,2025-11-10,4.8,4,MEDIUM,Pending,False
TRC0551,AST0463,SEC013,Electrical switchgear,Insulator Replacement,Mechanical failure,2,HIGH,2025-07-15,2025-07-16,2025-07-29,10.0,4,HIGH,Pending,False
TRC0552,AST0494,SEC044,Sectioning equipment,Transformer Servicing,Bushing defect,3,MEDIUM,2025-12-12,2025-12-13,2025-12-29,7.3,14,MEDIUM,Pending,True
TRC0553,AST0663,SEC063,Electrical switchgear,OHE Mast Repair,Corrosion,2,HIGH,2025-07-21,2025-07-22,2025-08-02,2.6,2,HIGH,Scheduled,False
TRC0554,AST0577,SEC052,Pantograph interface,Feeder Repair,Insulation breakdown,1,CRITICAL,2025-03-24,2025-03-25,2025-03-31,3.0,5,HIGH,Pending,True
TRC0555,AST0530,SEC005,Insulator,Feeder Repair,Joint failure,3,MEDIUM,2025-10-26,2025-10-29,2025-11-22,7.8,6,MEDIUM,Scheduled,False
TRC0556,AST0643,SEC043,Catenary,Catenary Maintenance,Catenary sag,2,HIGH,2025-07-02,2025-07-04,2025-07-13,10.9,8,HIGH,Completed,True
TRC0557,AST0545,SEC020,Pantograph interface,Feeder Repair,Cable damage,3,MEDIUM,2025-04-05,2025-04-05,2025-05-03,5.9,7,MEDIUM,Scheduled,True
TRC0558,AST0643,SEC043,Catenary,Feeder Repair,Overheating,4,LOW,2025-11-02,2025-11-04,2025-11-29,2.1,9,LOW,Pending,True
TRC0559,AST0694,SEC019,Sectioning equipment,Catenary Maintenance,Tension deviation,5,LOW,2025-01-10,2025-01-10,2025-03-17,2.4,11,LOW,Cancelled,False
TRC0560,AST0479,SEC029,Electrical switchgear,Feeder Repair,Cable damage,4,LOW,2025-09-22,2025-09-25,2025-11-11,6.0,10,LOW,In Progress,True
TRC0561,AST0449,SEC074,Pantograph interface,Insulator Replacement,Pollution deposit,3,MEDIUM,2025-04-12,2025-04-14,2025-05-06,5.1,2,MEDIUM,In Progress,False
TRC0562,AST0559,SEC034,Electrical switchgear,Sectioning Post Maintenance,Isolator defect,2,HIGH,2025-10-07,2025-10-09,2025-10-16,5.9,12,HIGH,Pending,True
TRC0563,AST0503,SEC053,Electrical switchgear,Feeder Repair,Joint failure,4,LOW,2025-03-15,2025-03-18,2025-04-14,4.4,2,LOW,Pending,False
TRC0564,AST0444,SEC069,Transformer,Sectioning Post Maintenance,Isolator defect,1,CRITICAL,2025-01-12,2025-01-15,2025-01-19,11.1,13,HIGH,Pending,False
TRC0565,AST0644,SEC044,Transformer,Feeder Repair,Joint failure,1,CRITICAL,2025-11-19,2025-11-20,2025-11-23,4.5,7,HIGH,Completed,False
TRC0566,AST0449,SEC074,Pantograph interface,Switchgear Maintenance,Circuit breaker fault,4,LOW,2025-05-24,2025-05-25,2025-06-19,10.9,15,LOW,Scheduled,True
TRC0567,AST0622,SEC022,Sectioning equipment,OHE Mast Repair,Foundation settlement,3,MEDIUM,2025-10-29,2025-10-30,2025-11-20,2.8,14,MEDIUM,Completed,True
TRC0568,AST0547,SEC022,Catenary,OHE Inspection,Contact wire wear,2,HIGH,2025-04-03,2025-04-05,2025-04-20,6.0,7,HIGH,Completed,True
TRC0569,AST0525,SEC075,Feeder,OHE Inspection,Contact wire wear,4,LOW,2025-01-31,2025-02-03,2025-03-25,6.4,15,LOW,Completed,True
TRC0570,AST0616,SEC016,OHE,Catenary Maintenance,Catenary sag,2,HIGH,2025-06-04,2025-06-04,2025-06-13,6.6,12,HIGH,Completed,True
TRC0571,AST0668,SEC068,Transformer,Transformer Servicing,Cooling system failure,1,CRITICAL,2025-05-29,2025-05-31,2025-06-07,10.1,9,HIGH,Cancelled,True
TRC0572,AST0453,SEC003,Feeder,OHE Inspection,Stagger fault,2,HIGH,2025-08-27,2025-08-27,2025-09-09,11.2,3,HIGH,Pending,True
TRC0573,AST0605,SEC005,Feeder,Transformer Servicing,Winding fault,4,LOW,2025-05-26,2025-05-29,2025-07-27,6.3,7,LOW,Scheduled,True
TRC0574,AST0411,SEC036,Catenary,OHE Mast Repair,Foundation settlement,5,LOW,2025-05-08,2025-05-10,2025-07-27,10.7,5,LOW,Pending,True
TRC0575,AST0454,SEC004,Sectioning equipment,Switchgear Maintenance,Relay malfunction,4,LOW,2025-03-07,2025-03-10,2025-04-28,9.4,5,LOW,Pending,True
TRC0576,AST0534,SEC009,Sectioning equipment,Sectioning Post Maintenance,Interrupter fault,4,LOW,2025-01-28,2025-01-29,2025-02-28,6.4,10,LOW,Scheduled,True
TRC0577,AST0632,SEC032,OHE,Catenary Maintenance,Registration arm damage,2,HIGH,2025-11-21,2025-11-23,2025-11-30,11.0,12,HIGH,Pending,True
TRC0578,AST0588,SEC063,Transformer,Transformer Servicing,Bushing defect,4,LOW,2025-10-08,2025-10-11,2025-11-26,11.3,10,LOW,Pending,True
TRC0579,AST0682,SEC007,Insulator,OHE Inspection,Dropper defect,3,MEDIUM,2025-12-05,2025-12-06,2025-12-29,7.1,7,MEDIUM,Completed,True
TRC0580,AST0560,SEC035,OHE,Insulator Replacement,Flashover damage,3,MEDIUM,2025-10-22,2025-10-23,2025-11-18,10.0,7,MEDIUM,Completed,True
TRC0581,AST0679,SEC004,Electrical switchgear,OHE Mast Repair,Foundation settlement,5,LOW,2025-03-26,2025-03-27,2025-06-07,7.4,3,LOW,Completed,False
TRC0582,AST0581,SEC056,Feeder,Transformer Servicing,Oil leak,3,MEDIUM,2025-07-11,2025-07-12,2025-08-01,10.4,13,MEDIUM,Pending,True
TRC0583,AST0460,SEC010,Transformer,Feeder Repair,Overheating,4,LOW,2025-09-26,2025-09-29,2025-10-29,7.2,11,LOW,Completed,True
TRC0584,AST0616,SEC016,OHE,OHE Mast Repair,Bracket damage,5,LOW,2025-03-30,2025-03-30,2025-05-10,11.5,2,LOW,Pending,True
TRC0585,AST0531,SEC006,Catenary,Sectioning Post Maintenance,Jumper damage,5,LOW,2025-09-27,2025-09-27,2025-11-28,5.0,11,LOW,Scheduled,True
TRC0586,AST0498,SEC048,Insulator,Insulator Replacement,Flashover damage,3,MEDIUM,2025-05-29,2025-05-29,2025-06-28,9.9,7,MEDIUM,Scheduled,False
TRC0587,AST0469,SEC019,Feeder,Sectioning Post Maintenance,Interrupter fault,3,MEDIUM,2025-07-11,2025-07-14,2025-07-29,1.5,6,MEDIUM,Scheduled,True
TRC0588,AST0496,SEC046,OHE,OHE Inspection,Contact wire wear,4,LOW,2025-05-10,2025-05-11,2025-06-24,11.2,11,LOW,Scheduled,True
TRC0589,AST0402,SEC027,Insulator,Transformer Servicing,Winding fault,1,CRITICAL,2025-05-10,2025-05-13,2025-05-18,5.3,8,HIGH,Scheduled,True
TRC0590,AST0672,SEC072,OHE,Sectioning Post Maintenance,Isolator defect,3,MEDIUM,2025-04-17,2025-04-18,2025-05-15,2.0,13,MEDIUM,Completed,True
TRC0591,AST0405,SEC030,Feeder,Catenary Maintenance,Catenary sag,4,LOW,2025-12-02,2025-12-02,2026-01-11,1.6,13,LOW,Pending,True
TRC0592,AST0501,SEC051,Feeder,OHE Inspection,Dropper defect,4,LOW,2025-08-13,2025-08-14,2025-09-19,4.9,3,LOW,Scheduled,True
TRC0593,AST0696,SEC021,OHE,Transformer Servicing,Cooling system failure,3,MEDIUM,2025-06-01,2025-06-04,2025-06-20,1.3,12,MEDIUM,Completed,False
TRC0594,AST0420,SEC045,Transformer,Switchgear Maintenance,Arc damage,1,CRITICAL,2025-01-14,2025-01-17,2025-01-20,8.5,4,HIGH,Scheduled,False
TRC0595,AST0531,SEC006,Catenary,Feeder Repair,Overheating,2,HIGH,2025-09-02,2025-09-03,2025-09-14,7.5,7,HIGH,Completed,True
TRC0596,AST0660,SEC060,Transformer,Feeder Repair,Joint failure,4,LOW,2025-12-07,2025-12-09,2026-01-17,6.2,13,LOW,Completed,False
TRC0597,AST0579,SEC054,Catenary,Sectioning Post Maintenance,Interrupter fault,3,MEDIUM,2025-11-12,2025-11-15,2025-12-08,1.5,13,MEDIUM,In Progress,True
TRC0598,AST0677,SEC002,Feeder,Switchgear Maintenance,Relay malfunction,4,LOW,2025-01-22,2025-01-22,2025-02-19,2.1,9,LOW,Pending,False
TRC0599,AST0564,SEC039,Transformer,Feeder Repair,Insulation breakdown,4,LOW,2025-04-12,2025-04-12,2025-06-01,4.8,15,LOW,Completed,False
TRC0600,AST0487,SEC037,Electrical switchgear,Switchgear Maintenance,Circuit breaker fault,3,MEDIUM,2025-04-02,2025-04-04,2025-04-19,2.1,11,MEDIUM,Completed,False
TRC0601,AST0679,SEC004,Electrical switchgear,Feeder Repair,Joint failure,3,MEDIUM,2025-06-18,2025-06-21,2025-07-06,1.7,5,MEDIUM,Pending,False
TRC0602,AST0685,SEC010,Feeder,Transformer Servicing,Winding fault,1,CRITICAL,2025-08-05,2025-08-06,2025-08-09,3.7,3,HIGH,Pending,True
TRC0603,AST0487,SEC037,Electrical switchgear,Insulator Replacement,Mechanical failure,2,HIGH,2025-01-09,2025-01-11,2025-01-20,5.5,5,HIGH,Pending,False
TRC0604,AST0626,SEC026,Insulator,OHE Mast Repair,Bracket damage,4,LOW,2025-07-15,2025-07-17,2025-08-11,5.4,8,LOW,Pending,False
TRC0605,AST0689,SEC014,Pantograph interface,Feeder Repair,Joint failure,3,MEDIUM,2025-04-18,2025-04-21,2025-05-10,5.1,13,MEDIUM,Completed,True
TRC0606,AST0515,SEC065,Catenary,Sectioning Post Maintenance,Jumper damage,4,LOW,2025-09-25,2025-09-27,2025-11-16,3.3,6,LOW,Scheduled,True
TRC0607,AST0582,SEC057,Sectioning equipment,OHE Mast Repair,Foundation settlement,3,MEDIUM,2025-09-29,2025-09-30,2025-10-26,3.0,13,MEDIUM,Completed,True
TRC0608,AST0616,SEC016,OHE,Insulator Replacement,Mechanical failure,4,LOW,2025-03-22,2025-03-22,2025-05-14,2.7,2,LOW,Pending,True
TRC0609,AST0425,SEC050,Pantograph interface,Feeder Repair,Insulation breakdown,2,HIGH,2025-05-17,2025-05-17,2025-05-27,8.1,9,HIGH,Completed,True
TRC0610,AST0510,SEC060,Sectioning equipment,OHE Inspection,Stagger fault,2,HIGH,2025-07-14,2025-07-16,2025-07-27,8.3,14,HIGH,Cancelled,True
TRC0611,AST0551,SEC026,Electrical switchgear,Insulator Replacement,Mechanical failure,2,HIGH,2025-02-04,2025-02-06,2025-02-19,11.8,3,HIGH,Pending,True
TRC0612,AST0575,SEC050,Electrical switchgear,Catenary Maintenance,Catenary sag,2,HIGH,2025-01-07,2025-01-09,2025-01-24,11.9,13,HIGH,Completed,True
TRC0613,AST0546,SEC021,Insulator,Catenary Maintenance,Splice joint fault,3,MEDIUM,2025-03-13,2025-03-14,2025-04-05,4.9,9,MEDIUM,Completed,False
TRC0614,AST0627,SEC027,Catenary,Feeder Repair,Overheating,1,CRITICAL,2025-09-07,2025-09-09,2025-09-13,9.4,10,HIGH,Cancelled,True
TRC0615,AST0542,SEC017,Sectioning equipment,Switchgear Maintenance,Circuit breaker fault,3,MEDIUM,2025-12-03,2025-12-05,2025-12-23,8.2,13,MEDIUM,Completed,True
TRC0616,AST0671,SEC071,Electrical switchgear,Feeder Repair,Overheating,4,LOW,2025-11-17,2025-11-20,2025-12-25,7.7,9,LOW,In Progress,True
TRC0617,AST0537,SEC012,Pantograph interface,OHE Inspection,Contact wire wear,2,HIGH,2025-07-13,2025-07-14,2025-07-29,8.6,15,HIGH,Completed,False
TRC0618,AST0677,SEC002,Feeder,Feeder Repair,Insulation breakdown,2,HIGH,2025-07-13,2025-07-15,2025-07-24,2.4,12,HIGH,Completed,True
TRC0619,AST0462,SEC012,Sectioning equipment,Transformer Servicing,Oil leak,2,HIGH,2025-05-03,2025-05-04,2025-05-13,5.2,6,HIGH,Pending,False
TRC0620,AST0479,SEC029,Electrical switchgear,Feeder Repair,Overheating,5,LOW,2025-04-06,2025-04-09,2025-05-31,3.3,11,LOW,Cancelled,False
TRC0621,AST0428,SEC053,Transformer,OHE Mast Repair,Foundation settlement,4,LOW,2025-07-14,2025-07-15,2025-08-29,1.2,5,LOW,Completed,False
TRC0622,AST0445,SEC070,Feeder,Transformer Servicing,Cooling system failure,2,HIGH,2025-11-22,2025-11-24,2025-12-05,4.3,8,HIGH,Cancelled,True
TRC0623,AST0546,SEC021,Insulator,Catenary Maintenance,Catenary sag,3,MEDIUM,2025-06-21,2025-06-22,2025-07-11,7.3,9,MEDIUM,Cancelled,True
TRC0624,AST0485,SEC035,Feeder,Sectioning Post Maintenance,Earthing issue,2,HIGH,2025-04-25,2025-04-28,2025-05-13,5.4,10,HIGH,Completed,True
TRC0625,AST0635,SEC035,Catenary,Sectioning Post Maintenance,Jumper damage,3,MEDIUM,2025-10-17,2025-10-17,2025-11-10,10.3,14,MEDIUM,Scheduled,True
TRC0626,AST0520,SEC070,OHE,OHE Mast Repair,Guy wire slack,1,CRITICAL,2025-12-10,2025-12-10,2025-12-16,1.3,7,HIGH,Cancelled,True
TRC0627,AST0496,SEC046,OHE,Sectioning Post Maintenance,Isolator defect,5,LOW,2025-11-23,2025-11-26,2026-02-03,1.6,6,LOW,Completed,True
TRC0628,AST0678,SEC003,Sectioning equipment,OHE Inspection,Height deviation,3,MEDIUM,2025-07-21,2025-07-23,2025-08-08,9.0,9,MEDIUM,Pending,True
TRC0629,AST0497,SEC047,Pantograph interface,OHE Inspection,Stagger fault,3,MEDIUM,2025-01-27,2025-01-29,2025-02-19,8.2,2,MEDIUM,Pending,False
TRC0630,AST0462,SEC012,Sectioning equipment,Switchgear Maintenance,Contactor wear,1,CRITICAL,2025-03-24,2025-03-24,2025-03-31,7.9,4,HIGH,Completed,True
TRC0631,AST0696,SEC021,OHE,Feeder Repair,Overheating,4,LOW,2025-06-21,2025-06-24,2025-07-22,8.2,12,LOW,Completed,False
TRC0632,AST0450,SEC075,Insulator,Switchgear Maintenance,Relay malfunction,1,CRITICAL,2025-08-06,2025-08-08,2025-08-14,1.5,14,HIGH,Scheduled,False
TRC0633,AST0486,SEC036,Sectioning equipment,Sectioning Post Maintenance,Interrupter fault,3,MEDIUM,2025-07-09,2025-07-12,2025-08-07,7.1,4,MEDIUM,Completed,True
TRC0634,AST0412,SEC037,Transformer,Catenary Maintenance,Registration arm damage,4,LOW,2025-10-25,2025-10-27,2025-11-30,3.1,15,LOW,Completed,False
TRC0635,AST0516,SEC066,Transformer,Catenary Maintenance,Catenary sag,3,MEDIUM,2025-06-25,2025-06-26,2025-07-14,2.3,4,MEDIUM,Pending,True
TRC0636,AST0618,SEC018,Insulator,Feeder Repair,Cable damage,2,HIGH,2025-03-19,2025-03-21,2025-03-29,9.7,3,HIGH,Pending,False
TRC0637,AST0469,SEC019,Feeder,Catenary Maintenance,Tension deviation,1,CRITICAL,2025-05-11,2025-05-11,2025-05-17,2.1,11,HIGH,Cancelled,True
TRC0638,AST0585,SEC060,Pantograph interface,Catenary Maintenance,Splice joint fault,5,LOW,2025-02-24,2025-02-25,2025-05-26,6.9,10,LOW,Scheduled,True
TRC0639,AST0432,SEC057,OHE,Sectioning Post Maintenance,Interrupter fault,4,LOW,2025-11-03,2025-11-05,2025-12-31,6.7,8,LOW,Cancelled,True
TRC0640,AST0697,SEC022,Pantograph interface,Sectioning Post Maintenance,Interrupter fault,3,MEDIUM,2025-08-07,2025-08-08,2025-08-28,3.4,11,MEDIUM,Completed,True
TRC0641,AST0567,SEC042,Electrical switchgear,Switchgear Maintenance,Arc damage,3,MEDIUM,2025-11-17,2025-11-18,2025-12-17,3.0,15,MEDIUM,Completed,True
TRC0642,AST0438,SEC063,Sectioning equipment,Sectioning Post Maintenance,Jumper damage,2,HIGH,2025-11-26,2025-11-28,2025-12-13,3.1,6,HIGH,In Progress,True
TRC0643,AST0633,SEC033,Pantograph interface,Feeder Repair,Insulation breakdown,1,CRITICAL,2025-07-09,2025-07-10,2025-07-13,9.9,5,HIGH,Scheduled,True
TRC0644,AST0658,SEC058,Insulator,Insulator Replacement,Flashover damage,4,LOW,2025-04-12,2025-04-15,2025-05-29,6.2,15,LOW,In Progress,True
TRC0645,AST0539,SEC014,Catenary,Insulator Replacement,Mechanical failure,3,MEDIUM,2025-09-26,2025-09-26,2025-10-20,2.9,9,MEDIUM,Pending,True
TRC0646,AST0570,SEC045,Insulator,Catenary Maintenance,Catenary sag,3,MEDIUM,2025-09-12,2025-09-14,2025-10-03,11.8,5,MEDIUM,Completed,False
TRC0647,AST0632,SEC032,OHE,Feeder Repair,Cable damage,5,LOW,2025-07-20,2025-07-21,2025-10-03,7.1,11,LOW,Scheduled,True
TRC0648,AST0414,SEC039,Sectioning equipment,Sectioning Post Maintenance,Earthing issue,3,MEDIUM,2025-04-05,2025-04-07,2025-04-21,10.3,9,MEDIUM,Scheduled,True
TRC0649,AST0696,SEC021,OHE,Switchgear Maintenance,Contactor wear,4,LOW,2025-02-09,2025-02-09,2025-03-11,4.4,15,LOW,Completed,True
TRC0650,AST0624,SEC024,OHE,Insulator Replacement,Flashover damage,2,HIGH,2025-08-29,2025-08-29,2025-09-13,5.3,6,HIGH,Pending,False
TRC0651,AST0644,SEC044,Transformer,Catenary Maintenance,Splice joint fault,4,LOW,2025-03-22,2025-03-24,2025-05-06,4.2,13,LOW,Completed,False
TRC0652,AST0579,SEC054,Catenary,OHE Inspection,Contact wire wear,5,LOW,2025-07-17,2025-07-19,2025-09-12,10.2,15,LOW,In Progress,True
TRC0653,AST0494,SEC044,Sectioning equipment,Transformer Servicing,Cooling system failure,4,LOW,2025-03-18,2025-03-18,2025-05-07,12.0,14,LOW,Pending,True
TRC0654,AST0584,SEC059,OHE,Switchgear Maintenance,Arc damage,2,HIGH,2025-11-24,2025-11-25,2025-12-09,10.5,4,HIGH,Cancelled,True
TRC0655,AST0522,SEC072,Insulator,OHE Inspection,Dropper defect,3,MEDIUM,2025-05-31,2025-05-31,2025-06-22,5.4,13,MEDIUM,Scheduled,False
TRC0656,AST0521,SEC071,Pantograph interface,Sectioning Post Maintenance,Isolator defect,1,CRITICAL,2025-05-01,2025-05-02,2025-05-07,8.1,12,HIGH,Completed,True
TRC0657,AST0673,SEC073,Pantograph interface,OHE Inspection,Dropper defect,3,MEDIUM,2025-08-07,2025-08-07,2025-09-06,4.4,11,MEDIUM,Scheduled,True
TRC0658,AST0684,SEC009,Transformer,OHE Inspection,Dropper defect,3,MEDIUM,2025-12-14,2025-12-17,2026-01-07,2.4,14,MEDIUM,Completed,True
TRC0659,AST0530,SEC005,Insulator,OHE Inspection,Height deviation,3,MEDIUM,2025-07-03,2025-07-06,2025-07-24,2.0,5,MEDIUM,Completed,False
TRC0660,AST0533,SEC008,Feeder,OHE Mast Repair,Foundation settlement,4,LOW,2025-01-14,2025-01-14,2025-02-24,3.2,10,LOW,Scheduled,True
TRC0661,AST0469,SEC019,Feeder,OHE Inspection,Contact wire wear,5,LOW,2025-07-11,2025-07-13,2025-09-23,2.3,9,LOW,Completed,True
TRC0662,AST0562,SEC037,Insulator,Switchgear Maintenance,Circuit breaker fault,4,LOW,2025-03-16,2025-03-17,2025-04-22,5.6,11,LOW,Completed,False
TRC0663,AST0620,SEC020,Transformer,Switchgear Maintenance,Relay malfunction,2,HIGH,2025-11-17,2025-11-17,2025-11-24,9.5,10,HIGH,Cancelled,False
TRC0664,AST0679,SEC004,Electrical switchgear,Transformer Servicing,Cooling system failure,3,MEDIUM,2025-04-28,2025-04-30,2025-05-29,7.3,5,MEDIUM,Cancelled,False
TRC0665,AST0570,SEC045,Insulator,Sectioning Post Maintenance,Jumper damage,2,HIGH,2025-11-10,2025-11-12,2025-11-25,3.5,12,HIGH,Scheduled,True
TRC0666,AST0428,SEC053,Transformer,Switchgear Maintenance,Circuit breaker fault,2,HIGH,2025-07-27,2025-07-29,2025-08-07,8.5,10,HIGH,Completed,False
TRC0667,AST0475,SEC025,Catenary,Feeder Repair,Cable damage,5,LOW,2025-11-30,2025-11-30,2026-02-22,5.0,9,LOW,Completed,True
TRC0668,AST0531,SEC006,Catenary,OHE Inspection,Stagger fault,2,HIGH,2025-10-17,2025-10-20,2025-10-27,6.8,3,HIGH,Pending,True
TRC0669,AST0450,SEC075,Insulator,Sectioning Post Maintenance,Isolator defect,2,HIGH,2025-07-29,2025-07-29,2025-08-12,1.1,4,HIGH,Pending,True
TRC0670,AST0641,SEC041,Pantograph interface,OHE Mast Repair,Guy wire slack,4,LOW,2025-09-24,2025-09-25,2025-11-03,3.7,7,LOW,Pending,False
TRC0671,AST0560,SEC035,OHE,OHE Inspection,Stagger fault,2,HIGH,2025-03-14,2025-03-15,2025-03-26,8.1,13,HIGH,Completed,False
TRC0672,AST0425,SEC050,Pantograph interface,Switchgear Maintenance,Arc damage,2,HIGH,2025-08-20,2025-08-23,2025-09-07,7.3,5,HIGH,Pending,False
TRC0673,AST0490,SEC040,Insulator,Switchgear Maintenance,Circuit breaker fault,4,LOW,2025-03-14,2025-03-15,2025-05-05,9.3,7,LOW,Completed,True
TRC0674,AST0609,SEC009,Pantograph interface,OHE Mast Repair,Corrosion,2,HIGH,2025-10-07,2025-10-09,2025-10-16,1.8,10,HIGH,Completed,False
TRC0675,AST0404,SEC029,Transformer,Catenary Maintenance,Registration arm damage,3,MEDIUM,2025-10-20,2025-10-22,2025-11-21,1.8,11,MEDIUM,Completed,False
TRC0676,AST0630,SEC030,Sectioning equipment,Transformer Servicing,Bushing defect,3,MEDIUM,2025-01-25,2025-01-25,2025-02-16,10.8,13,MEDIUM,Completed,True
TRC0677,AST0698,SEC023,Insulator,Insulator Replacement,Mechanical failure,4,LOW,2025-02-06,2025-02-07,2025-03-22,8.0,2,LOW,Pending,True
TRC0678,AST0586,SEC061,Insulator,Feeder Repair,Overheating,2,HIGH,2025-03-16,2025-03-16,2025-03-24,9.9,4,HIGH,Scheduled,False
TRC0679,AST0573,SEC048,Feeder,Feeder Repair,Joint failure,3,MEDIUM,2025-11-06,2025-11-09,2025-12-07,7.6,11,MEDIUM,Completed,True
TRC0680,AST0440,SEC065,OHE,Sectioning Post Maintenance,Jumper damage,5,LOW,2025-08-31,2025-08-31,2025-10-19,1.7,4,LOW,Pending,True
TRC0681,AST0605,SEC005,Feeder,Catenary Maintenance,Catenary sag,3,MEDIUM,2025-08-08,2025-08-11,2025-08-26,10.0,10,MEDIUM,Completed,True
TRC0682,AST0411,SEC036,Catenary,Feeder Repair,Insulation breakdown,2,HIGH,2025-11-14,2025-11-17,2025-12-02,2.5,4,HIGH,Completed,True
TRC0683,AST0499,SEC049,Catenary,Feeder Repair,Cable damage,1,CRITICAL,2025-04-25,2025-04-26,2025-04-30,10.2,9,HIGH,Cancelled,True
TRC0684,AST0445,SEC070,Feeder,Sectioning Post Maintenance,Earthing issue,3,MEDIUM,2025-02-03,2025-02-06,2025-02-24,4.4,13,MEDIUM,Pending,False
TRC0685,AST0647,SEC047,Electrical switchgear,OHE Inspection,Stagger fault,1,CRITICAL,2025-03-30,2025-03-30,2025-04-06,7.1,12,HIGH,Cancelled,True
TRC0686,AST0415,SEC040,Electrical switchgear,Transformer Servicing,Cooling system failure,1,CRITICAL,2025-03-01,2025-03-02,2025-03-07,10.8,2,HIGH,Cancelled,True
TRC0687,AST0635,SEC035,Catenary,Feeder Repair,Cable damage,3,MEDIUM,2025-04-06,2025-04-06,2025-04-23,9.5,2,MEDIUM,Pending,True
TRC0688,AST0555,SEC030,Catenary,Sectioning Post Maintenance,Earthing issue,2,HIGH,2025-07-04,2025-07-05,2025-07-16,6.3,7,HIGH,Cancelled,False
TRC0689,AST0642,SEC042,Insulator,Feeder Repair,Overheating,1,CRITICAL,2025-07-21,2025-07-22,2025-07-29,1.5,4,HIGH,Completed,True
TRC0690,AST0479,SEC029,Electrical switchgear,Feeder Repair,Insulation breakdown,2,HIGH,2025-03-31,2025-04-01,2025-04-11,9.8,7,HIGH,Completed,False
TRC0691,AST0690,SEC015,Insulator,Feeder Repair,Cable damage,5,LOW,2025-10-13,2025-10-13,2026-01-09,5.8,3,LOW,Completed,False
TRC0692,AST0518,SEC068,Sectioning equipment,OHE Mast Repair,Corrosion,2,HIGH,2025-07-25,2025-07-27,2025-08-08,3.2,13,HIGH,Cancelled,True
TRC0693,AST0584,SEC059,OHE,Transformer Servicing,Oil leak,4,LOW,2025-07-27,2025-07-28,2025-09-26,11.7,3,LOW,Cancelled,True
TRC0694,AST0664,SEC064,OHE,Sectioning Post Maintenance,Jumper damage,2,HIGH,2025-05-23,2025-05-25,2025-06-06,10.3,14,HIGH,Scheduled,True
TRC0695,AST0456,SEC006,OHE,Feeder Repair,Insulation breakdown,2,HIGH,2025-11-20,2025-11-20,2025-12-01,11.2,10,HIGH,Completed,True
TRC0696,AST0420,SEC045,Transformer,OHE Mast Repair,Guy wire slack,3,MEDIUM,2025-11-17,2025-11-18,2025-12-02,5.7,14,MEDIUM,Pending,True
TRC0697,AST0407,SEC032,Electrical switchgear,Feeder Repair,Insulation breakdown,4,LOW,2025-04-15,2025-04-18,2025-05-28,1.8,8,LOW,Pending,True
TRC0698,AST0577,SEC052,Pantograph interface,Switchgear Maintenance,Contactor wear,3,MEDIUM,2025-10-11,2025-10-12,2025-10-26,5.1,8,MEDIUM,Completed,False
TRC0699,AST0484,SEC034,Transformer,Sectioning Post Maintenance,Earthing issue,5,LOW,2025-02-15,2025-02-16,2025-05-17,8.7,3,LOW,Pending,False
TRC0700,AST0472,SEC022,OHE,Insulator Replacement,Flashover damage,1,CRITICAL,2025-09-27,2025-09-29,2025-10-02,3.5,7,HIGH,Pending,True
TRC0701,AST0606,SEC006,Sectioning equipment,Insulator Replacement,Flashover damage,3,MEDIUM,2025-06-17,2025-06-19,2025-07-13,11.4,3,MEDIUM,In Progress,False
TRC0702,AST0453,SEC003,Feeder,OHE Mast Repair,Bracket damage,3,MEDIUM,2025-06-24,2025-06-25,2025-07-14,4.0,3,MEDIUM,Completed,True
TRC0703,AST0685,SEC010,Feeder,OHE Mast Repair,Foundation settlement,3,MEDIUM,2025-08-17,2025-08-19,2025-09-03,3.8,5,MEDIUM,Pending,True
TRC0704,AST0449,SEC074,Pantograph interface,Sectioning Post Maintenance,Interrupter fault,2,HIGH,2025-10-22,2025-10-23,2025-11-03,4.9,8,HIGH,Scheduled,True
TRC0705,AST0533,SEC008,Feeder,Catenary Maintenance,Splice joint fault,2,HIGH,2025-07-13,2025-07-16,2025-07-28,1.6,13,HIGH,Completed,True
TRC0706,AST0598,SEC073,Sectioning equipment,Feeder Repair,Overheating,3,MEDIUM,2025-12-09,2025-12-10,2026-01-05,10.9,7,MEDIUM,Pending,True
TRC0707,AST0412,SEC037,Transformer,OHE Mast Repair,Corrosion,2,HIGH,2025-11-05,2025-11-08,2025-11-18,11.4,2,HIGH,Completed,False
TRC0708,AST0639,SEC039,Electrical switchgear,OHE Inspection,Contact wire wear,3,MEDIUM,2025-12-09,2025-12-10,2026-01-03,3.1,5,MEDIUM,Cancelled,True
TRC0709,AST0505,SEC055,Pantograph interface,Transformer Servicing,Cooling system failure,4,LOW,2025-07-28,2025-07-28,2025-09-25,2.6,7,LOW,Pending,False
TRC0710,AST0401,SEC026,Pantograph interface,Switchgear Maintenance,Relay malfunction,4,LOW,2025-07-10,2025-07-13,2025-09-05,9.1,10,LOW,Pending,False
TRC0711,AST0661,SEC061,Feeder,Sectioning Post Maintenance,Interrupter fault,3,MEDIUM,2025-03-07,2025-03-09,2025-03-31,6.1,6,MEDIUM,Pending,True
TRC0712,AST0503,SEC053,Electrical switchgear,Catenary Maintenance,Catenary sag,4,LOW,2025-09-11,2025-09-11,2025-10-31,4.4,13,LOW,Completed,True
TRC0713,AST0508,SEC058,Transformer,Feeder Repair,Joint failure,2,HIGH,2025-09-12,2025-09-15,2025-09-27,9.6,7,HIGH,Pending,False
TRC0714,AST0481,SEC031,Pantograph interface,Catenary Maintenance,Tension deviation,1,CRITICAL,2025-05-01,2025-05-03,2025-05-06,2.9,13,HIGH,Scheduled,True
TRC0715,AST0542,SEC017,Sectioning equipment,Insulator Replacement,Pollution deposit,2,HIGH,2025-07-21,2025-07-22,2025-08-05,3.6,2,HIGH,Completed,True
TRC0716,AST0472,SEC022,OHE,Catenary Maintenance,Tension deviation,4,LOW,2025-01-14,2025-01-16,2025-02-22,7.4,7,LOW,Completed,True
TRC0717,AST0498,SEC048,Insulator,OHE Inspection,Height deviation,4,LOW,2025-05-27,2025-05-29,2025-06-27,1.8,13,LOW,Completed,True
TRC0718,AST0664,SEC064,OHE,Switchgear Maintenance,Circuit breaker fault,3,MEDIUM,2025-12-06,2025-12-06,2025-12-24,3.6,10,MEDIUM,Scheduled,True
TRC0719,AST0558,SEC033,Sectioning equipment,Switchgear Maintenance,Circuit breaker fault,5,LOW,2025-08-07,2025-08-07,2025-10-30,7.6,11,LOW,Pending,True
TRC0720,AST0573,SEC048,Feeder,Insulator Replacement,Cracked insulator,4,LOW,2025-10-29,2025-11-01,2025-12-30,5.3,9,LOW,Pending,True
TRC0721,AST0642,SEC042,Insulator,Sectioning Post Maintenance,Interrupter fault,3,MEDIUM,2025-01-17,2025-01-18,2025-02-11,3.6,5,MEDIUM,Scheduled,False
TRC0722,AST0473,SEC023,Pantograph interface,Transformer Servicing,Oil leak,1,CRITICAL,2025-07-23,2025-07-23,2025-07-28,5.0,9,HIGH,Scheduled,True
TRC0723,AST0412,SEC037,Transformer,Feeder Repair,Cable damage,3,MEDIUM,2025-05-10,2025-05-10,2025-05-30,11.5,15,MEDIUM,Scheduled,False
TRC0724,AST0647,SEC047,Electrical switchgear,Sectioning Post Maintenance,Earthing issue,2,HIGH,2025-05-04,2025-05-07,2025-05-18,6.3,11,HIGH,Scheduled,True
TRC0725,AST0474,SEC024,Insulator,Catenary Maintenance,Splice joint fault,3,MEDIUM,2025-10-14,2025-10-17,2025-11-04,5.6,8,MEDIUM,Cancelled,True
TRC0726,AST0618,SEC018,Insulator,Sectioning Post Maintenance,Earthing issue,4,LOW,2025-11-07,2025-11-07,2026-01-01,1.2,8,LOW,In Progress,False
TRC0727,AST0629,SEC029,Feeder,Insulator Replacement,Cracked insulator,5,LOW,2025-09-07,2025-09-09,2025-12-01,11.3,7,LOW,Cancelled,True
TRC0728,AST0683,SEC008,Catenary,Feeder Repair,Overheating,2,HIGH,2025-10-11,2025-10-14,2025-10-22,1.9,5,HIGH,Scheduled,True
TRC0729,AST0481,SEC031,Pantograph interface,Sectioning Post Maintenance,Earthing issue,4,LOW,2025-02-24,2025-02-24,2025-04-23,1.9,7,LOW,Scheduled,False
TRC0730,AST0643,SEC043,Catenary,Feeder Repair,Insulation breakdown,4,LOW,2025-04-17,2025-04-17,2025-06-13,4.2,4,LOW,In Progress,True
TRC0731,AST0689,SEC014,Pantograph interface,Sectioning Post Maintenance,Interrupter fault,4,LOW,2025-04-12,2025-04-15,2025-06-08,11.5,3,LOW,Pending,False
TRC0732,AST0489,SEC039,Pantograph interface,Transformer Servicing,Oil leak,3,MEDIUM,2025-03-04,2025-03-04,2025-03-24,3.4,12,MEDIUM,Scheduled,False
TRC0733,AST0568,SEC043,OHE,Sectioning Post Maintenance,Isolator defect,1,CRITICAL,2025-06-29,2025-07-02,2025-07-05,4.1,11,HIGH,Completed,False
TRC0734,AST0582,SEC057,Sectioning equipment,Insulator Replacement,Flashover damage,3,MEDIUM,2025-02-12,2025-02-12,2025-03-12,7.5,8,MEDIUM,Scheduled,True
TRC0735,AST0590,SEC065,Sectioning equipment,Switchgear Maintenance,Circuit breaker fault,4,LOW,2025-04-27,2025-04-30,2025-05-25,7.7,3,LOW,In Progress,True
TRC0736,AST0641,SEC041,Pantograph interface,Insulator Replacement,Flashover damage,4,LOW,2025-02-28,2025-02-28,2025-04-28,10.8,7,LOW,Scheduled,False
TRC0737,AST0617,SEC017,Pantograph interface,Catenary Maintenance,Tension deviation,2,HIGH,2025-04-09,2025-04-12,2025-04-26,2.4,5,HIGH,Completed,False
TRC0738,AST0448,SEC073,OHE,Insulator Replacement,Flashover damage,1,CRITICAL,2025-03-09,2025-03-11,2025-03-17,10.6,15,HIGH,Cancelled,True
TRC0739,AST0697,SEC022,Pantograph interface,OHE Mast Repair,Foundation settlement,2,HIGH,2025-12-14,2025-12-15,2025-12-28,11.0,14,HIGH,Completed,False
TRC0740,AST0675,SEC075,Catenary,Transformer Servicing,Cooling system failure,4,LOW,2025-05-05,2025-05-08,2025-06-08,6.1,7,LOW,Completed,False
TRC0741,AST0586,SEC061,Insulator,Sectioning Post Maintenance,Interrupter fault,1,CRITICAL,2025-07-22,2025-07-24,2025-07-31,9.4,12,HIGH,Completed,False
TRC0742,AST0443,SEC068,Catenary,Insulator Replacement,Cracked insulator,3,MEDIUM,2025-07-23,2025-07-26,2025-08-09,3.9,5,MEDIUM,Completed,True
TRC0743,AST0577,SEC052,Pantograph interface,OHE Mast Repair,Guy wire slack,2,HIGH,2025-04-21,2025-04-21,2025-05-03,10.4,12,HIGH,Completed,False
TRC0744,AST0681,SEC006,Pantograph interface,OHE Mast Repair,Corrosion,2,HIGH,2025-03-25,2025-03-25,2025-04-06,4.4,3,HIGH,Scheduled,False
TRC0745,AST0539,SEC014,Catenary,Feeder Repair,Joint failure,3,MEDIUM,2025-08-23,2025-08-26,2025-09-09,11.7,6,MEDIUM,Scheduled,True
TRC0746,AST0550,SEC025,Sectioning equipment,Insulator Replacement,Pollution deposit,3,MEDIUM,2025-08-09,2025-08-10,2025-09-09,6.1,5,MEDIUM,Scheduled,True
TRC0747,AST0590,SEC065,Sectioning equipment,Sectioning Post Maintenance,Interrupter fault,3,MEDIUM,2025-10-14,2025-10-17,2025-11-03,8.8,5,MEDIUM,Completed,True
TRC0748,AST0696,SEC021,OHE,Catenary Maintenance,Splice joint fault,3,MEDIUM,2025-11-26,2025-11-28,2025-12-17,4.2,9,MEDIUM,Completed,True
TRC0749,AST0509,SEC059,Feeder,OHE Inspection,Stagger fault,3,MEDIUM,2025-02-08,2025-02-08,2025-02-26,11.9,10,MEDIUM,Scheduled,True
TRC0750,AST0608,SEC008,OHE,Sectioning Post Maintenance,Isolator defect,5,LOW,2025-07-08,2025-07-10,2025-08-19,8.8,3,LOW,Scheduled,True
TRC0751,AST0553,SEC028,Pantograph interface,Catenary Maintenance,Catenary sag,4,LOW,2025-06-15,2025-06-17,2025-07-28,10.5,15,LOW,Cancelled,True
TRC0752,AST0659,SEC059,Catenary,OHE Inspection,Dropper defect,2,HIGH,2025-09-25,2025-09-28,2025-10-12,3.1,12,HIGH,Scheduled,True
TRC0753,AST0434,SEC059,Insulator,Catenary Maintenance,Registration arm damage,3,MEDIUM,2025-08-02,2025-08-05,2025-08-27,10.1,7,MEDIUM,Pending,False
TRC0754,AST0584,SEC059,OHE,Switchgear Maintenance,Circuit breaker fault,1,CRITICAL,2025-07-12,2025-07-15,2025-07-21,7.8,3,HIGH,Pending,True
TRC0755,AST0539,SEC014,Catenary,Transformer Servicing,Winding fault,2,HIGH,2025-08-17,2025-08-19,2025-08-31,8.8,5,HIGH,Scheduled,True
TRC0756,AST0631,SEC031,Electrical switchgear,Insulator Replacement,Mechanical failure,4,LOW,2025-06-06,2025-06-09,2025-07-04,5.5,13,LOW,In Progress,False
TRC0757,AST0679,SEC004,Electrical switchgear,Catenary Maintenance,Catenary sag,3,MEDIUM,2025-11-24,2025-11-27,2025-12-27,10.9,6,MEDIUM,Scheduled,True
TRC0758,AST0466,SEC016,Insulator,OHE Inspection,Contact wire wear,2,HIGH,2025-03-15,2025-03-16,2025-03-24,8.4,10,HIGH,In Progress,True
TRC0759,AST0428,SEC053,Transformer,Feeder Repair,Insulation breakdown,3,MEDIUM,2025-10-21,2025-10-24,2025-11-10,3.0,8,MEDIUM,Completed,True
TRC0760,AST0404,SEC029,Transformer,Switchgear Maintenance,Arc damage,3,MEDIUM,2025-06-04,2025-06-05,2025-06-30,9.4,2,MEDIUM,Pending,False
TRC0761,AST0432,SEC057,OHE,Feeder Repair,Cable damage,2,HIGH,2025-03-30,2025-04-01,2025-04-13,9.7,10,HIGH,Scheduled,False
TRC0762,AST0633,SEC033,Pantograph interface,Catenary Maintenance,Catenary sag,3,MEDIUM,2025-05-16,2025-05-18,2025-06-03,9.4,7,MEDIUM,Completed,True
TRC0763,AST0632,SEC032,OHE,Feeder Repair,Overheating,3,MEDIUM,2025-05-21,2025-05-23,2025-06-20,1.0,2,MEDIUM,Completed,True
TRC0764,AST0522,SEC072,Insulator,Transformer Servicing,Cooling system failure,2,HIGH,2025-08-19,2025-08-21,2025-09-05,10.4,6,HIGH,Scheduled,False
TRC0765,AST0695,SEC020,Electrical switchgear,Catenary Maintenance,Catenary sag,4,LOW,2025-04-13,2025-04-13,2025-06-04,5.0,12,LOW,Scheduled,True
TRC0766,AST0552,SEC027,OHE,Catenary Maintenance,Catenary sag,2,HIGH,2025-02-08,2025-02-09,2025-02-17,9.7,13,HIGH,Completed,True
TRC0767,AST0403,SEC028,Catenary,Transformer Servicing,Oil leak,3,MEDIUM,2025-03-11,2025-03-12,2025-04-08,11.5,4,MEDIUM,In Progress,True
TRC0768,AST0472,SEC022,OHE,OHE Mast Repair,Guy wire slack,2,HIGH,2025-07-23,2025-07-26,2025-08-08,9.4,5,HIGH,Scheduled,True
TRC0769,AST0483,SEC033,Catenary,Catenary Maintenance,Tension deviation,4,LOW,2025-11-06,2025-11-06,2025-12-25,6.6,15,LOW,Scheduled,False
TRC0770,AST0475,SEC025,Catenary,Insulator Replacement,Flashover damage,2,HIGH,2025-04-12,2025-04-13,2025-04-23,6.8,10,HIGH,Completed,False
TRC0771,AST0619,SEC019,Catenary,Transformer Servicing,Oil leak,4,LOW,2025-02-10,2025-02-10,2025-04-06,8.6,13,LOW,Completed,True
TRC0772,AST0572,SEC047,Transformer,Feeder Repair,Overheating,2,HIGH,2025-02-27,2025-03-01,2025-03-11,6.8,12,HIGH,Completed,True
TRC0773,AST0557,SEC032,Feeder,OHE Inspection,Contact wire wear,3,MEDIUM,2025-09-26,2025-09-28,2025-10-12,9.9,15,MEDIUM,Scheduled,True
TRC0774,AST0437,SEC062,Feeder,Catenary Maintenance,Splice joint fault,3,MEDIUM,2025-01-31,2025-02-03,2025-03-05,5.5,2,MEDIUM,Completed,True
TRC0775,AST0670,SEC070,Sectioning equipment,Sectioning Post Maintenance,Interrupter fault,2,HIGH,2025-04-04,2025-04-05,2025-04-15,11.2,5,HIGH,Completed,True
TRC0776,AST0584,SEC059,OHE,Sectioning Post Maintenance,Isolator defect,5,LOW,2025-02-09,2025-02-09,2025-05-08,1.2,2,LOW,Completed,True
TRC0777,AST0697,SEC022,Pantograph interface,Switchgear Maintenance,Relay malfunction,1,CRITICAL,2025-10-08,2025-10-11,2025-10-16,1.6,7,HIGH,In Progress,False
TRC0778,AST0580,SEC055,Transformer,Feeder Repair,Overheating,3,MEDIUM,2025-04-03,2025-04-05,2025-04-20,8.6,6,MEDIUM,Pending,False
TRC0779,AST0480,SEC030,OHE,Switchgear Maintenance,Relay malfunction,5,LOW,2025-02-02,2025-02-04,2025-03-16,3.9,14,LOW,Pending,True
TRC0780,AST0405,SEC030,Feeder,OHE Mast Repair,Guy wire slack,3,MEDIUM,2025-07-15,2025-07-16,2025-08-02,10.0,4,MEDIUM,Completed,True
TRC0781,AST0659,SEC059,Catenary,OHE Mast Repair,Foundation settlement,3,MEDIUM,2025-07-11,2025-07-14,2025-08-02,3.2,4,MEDIUM,Scheduled,True
TRC0782,AST0474,SEC024,Insulator,OHE Inspection,Height deviation,3,MEDIUM,2025-02-03,2025-02-04,2025-02-19,11.1,4,MEDIUM,In Progress,True
TRC0783,AST0576,SEC051,OHE,Insulator Replacement,Pollution deposit,3,MEDIUM,2025-12-12,2025-12-13,2025-12-30,2.5,15,MEDIUM,In Progress,True
TRC0784,AST0617,SEC017,Pantograph interface,Feeder Repair,Insulation breakdown,3,MEDIUM,2025-01-28,2025-01-31,2025-02-14,5.3,14,MEDIUM,Completed,False
TRC0785,AST0544,SEC019,OHE,Insulator Replacement,Cracked insulator,3,MEDIUM,2025-11-19,2025-11-22,2025-12-15,1.8,3,MEDIUM,Pending,False
TRC0786,AST0669,SEC069,Feeder,OHE Mast Repair,Foundation settlement,2,HIGH,2025-05-07,2025-05-09,2025-05-19,6.9,10,HIGH,Scheduled,True
TRC0787,AST0529,SEC004,Pantograph interface,Sectioning Post Maintenance,Jumper damage,4,LOW,2025-09-28,2025-09-28,2025-10-30,1.8,3,LOW,Scheduled,False
TRC0788,AST0490,SEC040,Insulator,Sectioning Post Maintenance,Isolator defect,3,MEDIUM,2025-11-12,2025-11-12,2025-12-11,9.9,4,MEDIUM,Completed,False
TRC0789,AST0494,SEC044,Sectioning equipment,OHE Inspection,Stagger fault,4,LOW,2025-07-15,2025-07-18,2025-08-23,1.2,13,LOW,Completed,True
TRC0790,AST0427,SEC052,Catenary,Switchgear Maintenance,Circuit breaker fault,2,HIGH,2025-07-06,2025-07-09,2025-07-20,8.1,11,HIGH,Pending,True
TRC0791,AST0681,SEC006,Pantograph interface,Feeder Repair,Cable damage,3,MEDIUM,2025-02-16,2025-02-17,2025-03-14,1.5,13,MEDIUM,Completed,True
TRC0792,AST0452,SEC002,Transformer,Catenary Maintenance,Tension deviation,4,LOW,2025-11-07,2025-11-08,2025-12-09,10.6,3,LOW,Completed,True
TRC0793,AST0539,SEC014,Catenary,OHE Mast Repair,Bracket damage,4,LOW,2025-05-25,2025-05-26,2025-06-23,9.0,5,LOW,Pending,True
TRC0794,AST0680,SEC005,OHE,OHE Inspection,Height deviation,4,LOW,2025-02-03,2025-02-04,2025-03-08,5.4,7,LOW,Cancelled,True
TRC0795,AST0541,SEC016,Feeder,Catenary Maintenance,Registration arm damage,3,MEDIUM,2025-07-13,2025-07-16,2025-08-01,3.6,11,MEDIUM,Completed,True
TRC0796,AST0619,SEC019,Catenary,Insulator Replacement,Pollution deposit,1,CRITICAL,2025-04-24,2025-04-26,2025-05-01,8.2,12,HIGH,Completed,False
TRC0797,AST0535,SEC010,Electrical switchgear,Transformer Servicing,Cooling system failure,1,CRITICAL,2025-04-10,2025-04-11,2025-04-14,1.1,15,HIGH,Scheduled,True
TRC0798,AST0605,SEC005,Feeder,Catenary Maintenance,Registration arm damage,1,CRITICAL,2025-07-18,2025-07-18,2025-07-25,4.8,11,HIGH,Completed,False
TRC0799,AST0467,SEC017,Catenary,OHE Inspection,Dropper defect,4,LOW,2025-08-17,2025-08-18,2025-09-30,1.5,9,LOW,Completed,True
TRC0800,AST0654,SEC054,Sectioning equipment,Insulator Replacement,Cracked insulator,4,LOW,2025-07-27,2025-07-30,2025-09-24,1.5,14,LOW,Pending,True
TRC0801,AST0461,SEC011,Feeder,Switchgear Maintenance,Arc damage,2,HIGH,2025-01-19,2025-01-21,2025-01-30,3.2,8,HIGH,Completed,True
TRC0802,AST0443,SEC068,Catenary,Catenary Maintenance,Registration arm damage,4,LOW,2025-02-14,2025-02-14,2025-04-15,9.7,12,LOW,Completed,True
TRC0803,AST0543,SEC018,Electrical switchgear,Feeder Repair,Joint failure,2,HIGH,2025-09-13,2025-09-15,2025-09-23,6.6,13,HIGH,Completed,False
TRC0804,AST0551,SEC026,Electrical switchgear,OHE Inspection,Stagger fault,5,LOW,2025-12-19,2025-12-21,2026-03-10,8.2,2,LOW,Pending,True
TRC0805,AST0547,SEC022,Catenary,OHE Inspection,Stagger fault,2,HIGH,2025-10-03,2025-10-04,2025-10-14,4.4,14,HIGH,Scheduled,True
TRC0806,AST0698,SEC023,Insulator,OHE Mast Repair,Bracket damage,3,MEDIUM,2025-04-05,2025-04-05,2025-05-05,3.0,15,MEDIUM,Scheduled,False
TRC0807,AST0474,SEC024,Insulator,Catenary Maintenance,Tension deviation,2,HIGH,2025-11-21,2025-11-22,2025-12-06,8.0,7,HIGH,Cancelled,False
TRC0808,AST0568,SEC043,OHE,Transformer Servicing,Winding fault,2,HIGH,2025-12-17,2025-12-18,2025-12-31,10.6,2,HIGH,Pending,True
TRC0809,AST0528,SEC003,OHE,Catenary Maintenance,Tension deviation,2,HIGH,2025-12-01,2025-12-02,2025-12-14,2.7,6,HIGH,Pending,True
TRC0810,AST0560,SEC035,OHE,Switchgear Maintenance,Relay malfunction,3,MEDIUM,2025-11-09,2025-11-09,2025-12-01,5.3,7,MEDIUM,Scheduled,True
TRC0811,AST0633,SEC033,Pantograph interface,Insulator Replacement,Mechanical failure,3,MEDIUM,2025-09-03,2025-09-04,2025-09-30,9.8,2,MEDIUM,Scheduled,False
TRC0812,AST0419,SEC044,Catenary,OHE Mast Repair,Foundation settlement,3,MEDIUM,2025-01-23,2025-01-24,2025-02-12,4.2,11,MEDIUM,Cancelled,True
TRC0813,AST0453,SEC003,Feeder,Catenary Maintenance,Catenary sag,4,LOW,2025-06-13,2025-06-16,2025-08-04,1.0,3,LOW,Completed,True
TRC0814,AST0514,SEC064,Insulator,Sectioning Post Maintenance,Interrupter fault,3,MEDIUM,2025-10-11,2025-10-12,2025-11-01,4.3,5,MEDIUM,Completed,False
TRC0815,AST0631,SEC031,Electrical switchgear,OHE Inspection,Stagger fault,3,MEDIUM,2025-05-24,2025-05-25,2025-06-12,8.3,13,MEDIUM,Pending,False
TRC0816,AST0447,SEC072,Electrical switchgear,Sectioning Post Maintenance,Isolator defect,3,MEDIUM,2025-05-19,2025-05-19,2025-06-03,4.0,6,MEDIUM,Pending,False
TRC0817,AST0672,SEC072,OHE,Insulator Replacement,Cracked insulator,3,MEDIUM,2025-02-21,2025-02-22,2025-03-17,9.9,8,MEDIUM,Completed,True
TRC0818,AST0656,SEC056,OHE,Feeder Repair,Insulation breakdown,4,LOW,2025-02-20,2025-02-20,2025-03-17,2.6,7,LOW,Completed,False
TRC0819,AST0600,SEC075,OHE,Catenary Maintenance,Registration arm damage,2,HIGH,2025-11-27,2025-11-27,2025-12-04,9.9,14,HIGH,Pending,True
TRC0820,AST0450,SEC075,Insulator,Insulator Replacement,Flashover damage,3,MEDIUM,2025-03-16,2025-03-18,2025-04-11,9.4,8,MEDIUM,Completed,True
TRC0821,AST0559,SEC034,Electrical switchgear,Transformer Servicing,Winding fault,4,LOW,2025-02-05,2025-02-08,2025-03-24,8.7,15,LOW,Completed,False
TRC0822,AST0645,SEC045,Feeder,Catenary Maintenance,Registration arm damage,2,HIGH,2025-05-10,2025-05-11,2025-05-25,5.1,12,HIGH,Cancelled,True
TRC0823,AST0513,SEC063,Pantograph interface,Sectioning Post Maintenance,Jumper damage,3,MEDIUM,2025-02-25,2025-02-28,2025-03-20,6.4,5,MEDIUM,Scheduled,True
TRC0824,AST0495,SEC045,Electrical switchgear,Feeder Repair,Overheating,2,HIGH,2025-09-25,2025-09-27,2025-10-10,11.6,15,HIGH,Completed,False
TRC0825,AST0652,SEC052,Transformer,Catenary Maintenance,Registration arm damage,4,LOW,2025-07-08,2025-07-09,2025-09-02,7.8,8,LOW,In Progress,False
TRC0826,AST0609,SEC009,Pantograph interface,Switchgear Maintenance,Relay malfunction,1,CRITICAL,2025-09-19,2025-09-21,2025-09-28,5.3,8,HIGH,Cancelled,True
TRC0827,AST0538,SEC013,Insulator,Sectioning Post Maintenance,Isolator defect,3,MEDIUM,2025-03-28,2025-03-29,2025-04-26,8.3,9,MEDIUM,Completed,False
TRC0828,AST0680,SEC005,OHE,OHE Inspection,Contact wire wear,5,LOW,2025-08-20,2025-08-22,2025-11-19,5.0,5,LOW,Completed,True
TRC0829,AST0677,SEC002,Feeder,Transformer Servicing,Bushing defect,3,MEDIUM,2025-05-18,2025-05-18,2025-06-16,5.9,10,MEDIUM,Pending,True
TRC0830,AST0461,SEC011,Feeder,Transformer Servicing,Cooling system failure,2,HIGH,2025-06-09,2025-06-11,2025-06-23,5.1,11,HIGH,Cancelled,True
TRC0831,AST0684,SEC009,Transformer,Transformer Servicing,Winding fault,3,MEDIUM,2025-11-25,2025-11-27,2025-12-27,3.4,2,MEDIUM,Scheduled,True
TRC0832,AST0650,SEC050,Insulator,OHE Inspection,Stagger fault,3,MEDIUM,2025-12-13,2025-12-13,2026-01-07,11.9,3,MEDIUM,In Progress,False
TRC0833,AST0459,SEC009,Catenary,Sectioning Post Maintenance,Isolator defect,2,HIGH,2025-08-09,2025-08-12,2025-08-23,2.4,5,HIGH,Completed,True
TRC0834,AST0671,SEC071,Electrical switchgear,Catenary Maintenance,Tension deviation,3,MEDIUM,2025-01-20,2025-01-20,2025-02-18,6.2,5,MEDIUM,Cancelled,True
TRC0835,AST0604,SEC004,Transformer,Insulator Replacement,Pollution deposit,3,MEDIUM,2025-03-16,2025-03-19,2025-04-03,3.6,4,MEDIUM,Completed,True
TRC0836,AST0638,SEC038,Sectioning equipment,Insulator Replacement,Cracked insulator,4,LOW,2025-10-04,2025-10-04,2025-11-08,8.0,9,LOW,Completed,True
TRC0837,AST0448,SEC073,OHE,Catenary Maintenance,Catenary sag,4,LOW,2025-04-04,2025-04-04,2025-05-10,6.6,13,LOW,Pending,False
TRC0838,AST0485,SEC035,Feeder,Feeder Repair,Insulation breakdown,4,LOW,2025-10-12,2025-10-12,2025-12-09,5.8,2,LOW,Pending,True
TRC0839,AST0614,SEC014,Sectioning equipment,OHE Inspection,Stagger fault,3,MEDIUM,2025-10-07,2025-10-08,2025-10-27,5.3,12,MEDIUM,Scheduled,False
TRC0840,AST0472,SEC022,OHE,Insulator Replacement,Flashover damage,3,MEDIUM,2025-05-02,2025-05-05,2025-05-20,11.6,5,MEDIUM,Pending,True
TRC0841,AST0654,SEC054,Sectioning equipment,Switchgear Maintenance,Relay malfunction,3,MEDIUM,2025-03-18,2025-03-19,2025-04-09,1.4,11,MEDIUM,Completed,True
TRC0842,AST0406,SEC031,Sectioning equipment,OHE Inspection,Height deviation,2,HIGH,2025-11-10,2025-11-12,2025-11-23,3.9,5,HIGH,Completed,True
TRC0843,AST0562,SEC037,Insulator,Feeder Repair,Joint failure,3,MEDIUM,2025-04-21,2025-04-24,2025-05-20,6.7,15,MEDIUM,Scheduled,True
TRC0844,AST0692,SEC017,Transformer,Catenary Maintenance,Registration arm damage,1,CRITICAL,2025-10-10,2025-10-10,2025-10-14,6.8,14,HIGH,Completed,True
TRC0845,AST0580,SEC055,Transformer,Sectioning Post Maintenance,Jumper damage,3,MEDIUM,2025-05-23,2025-05-24,2025-06-22,4.8,10,MEDIUM,Scheduled,True
TRC0846,AST0560,SEC035,OHE,Transformer Servicing,Winding fault,5,LOW,2025-12-01,2025-12-04,2026-02-02,5.4,10,LOW,Scheduled,False
TRC0847,AST0622,SEC022,Sectioning equipment,Catenary Maintenance,Tension deviation,2,HIGH,2025-06-15,2025-06-16,2025-06-28,4.7,11,HIGH,In Progress,False
TRC0848,AST0450,SEC075,Insulator,Catenary Maintenance,Catenary sag,4,LOW,2025-10-21,2025-10-24,2025-11-29,3.9,12,LOW,Pending,False
TRC0849,AST0691,SEC016,Catenary,Switchgear Maintenance,Circuit breaker fault,2,HIGH,2025-01-17,2025-01-20,2025-02-03,10.4,2,HIGH,Cancelled,True
TRC0850,AST0653,SEC053,Feeder,Sectioning Post Maintenance,Interrupter fault,4,LOW,2025-03-17,2025-03-18,2025-04-29,9.6,6,LOW,In Progress,True
TRC0851,AST0547,SEC022,Catenary,Sectioning Post Maintenance,Isolator defect,4,LOW,2025-08-13,2025-08-15,2025-10-05,6.1,2,LOW,Pending,True
TRC0852,AST0552,SEC027,OHE,Insulator Replacement,Pollution deposit,2,HIGH,2025-08-14,2025-08-17,2025-08-24,2.8,6,HIGH,Completed,True
TRC0853,AST0563,SEC038,Catenary,Switchgear Maintenance,Contactor wear,2,HIGH,2025-05-21,2025-05-21,2025-06-05,4.9,2,HIGH,Completed,True
TRC0854,AST0635,SEC035,Catenary,Insulator Replacement,Pollution deposit,3,MEDIUM,2025-04-22,2025-04-23,2025-05-23,9.8,13,MEDIUM,Completed,True
TRC0855,AST0467,SEC017,Catenary,Switchgear Maintenance,Relay malfunction,4,LOW,2025-10-31,2025-11-02,2025-12-24,8.0,12,LOW,Completed,True
TRC0856,AST0687,SEC012,Electrical switchgear,Catenary Maintenance,Catenary sag,3,MEDIUM,2025-04-26,2025-04-28,2025-05-28,10.9,8,MEDIUM,Pending,False
TRC0857,AST0586,SEC061,Insulator,OHE Mast Repair,Corrosion,3,MEDIUM,2025-04-12,2025-04-12,2025-05-12,4.7,5,MEDIUM,Completed,False
TRC0858,AST0698,SEC023,Insulator,Feeder Repair,Cable damage,3,MEDIUM,2025-01-15,2025-01-17,2025-02-14,7.3,8,MEDIUM,Pending,True
TRC0859,AST0470,SEC020,Sectioning equipment,Sectioning Post Maintenance,Isolator defect,3,MEDIUM,2025-05-16,2025-05-16,2025-06-09,4.2,15,MEDIUM,Scheduled,True
TRC0860,AST0496,SEC046,OHE,OHE Inspection,Stagger fault,3,MEDIUM,2025-01-18,2025-01-18,2025-02-06,2.2,15,MEDIUM,In Progress,True
TRC0861,AST0474,SEC024,Insulator,Feeder Repair,Overheating,1,CRITICAL,2025-12-11,2025-12-14,2025-12-18,2.9,7,HIGH,In Progress,False
TRC0862,AST0533,SEC008,Feeder,Transformer Servicing,Cooling system failure,2,HIGH,2025-12-03,2025-12-05,2025-12-13,4.1,15,HIGH,Completed,True
TRC0863,AST0443,SEC068,Catenary,Transformer Servicing,Winding fault,4,LOW,2025-10-12,2025-10-14,2025-12-02,1.2,7,LOW,In Progress,True
TRC0864,AST0458,SEC008,Insulator,Switchgear Maintenance,Circuit breaker fault,1,CRITICAL,2025-09-13,2025-09-16,2025-09-22,7.3,8,HIGH,Pending,False
TRC0865,AST0594,SEC069,Insulator,OHE Mast Repair,Bracket damage,1,CRITICAL,2025-09-11,2025-09-11,2025-09-18,4.3,13,HIGH,Completed,False
TRC0866,AST0493,SEC043,Feeder,Sectioning Post Maintenance,Isolator defect,3,MEDIUM,2025-05-11,2025-05-14,2025-06-02,4.0,12,MEDIUM,Pending,True
TRC0867,AST0443,SEC068,Catenary,OHE Inspection,Dropper defect,2,HIGH,2025-11-01,2025-11-04,2025-11-19,9.1,10,HIGH,Scheduled,False
TRC0868,AST0473,SEC023,Pantograph interface,Sectioning Post Maintenance,Jumper damage,3,MEDIUM,2025-01-07,2025-01-10,2025-01-25,7.3,6,MEDIUM,Completed,True
TRC0869,AST0603,SEC003,Catenary,Insulator Replacement,Flashover damage,3,MEDIUM,2025-02-24,2025-02-25,2025-03-23,6.0,4,MEDIUM,Pending,True
TRC0870,AST0413,SEC038,Feeder,Transformer Servicing,Oil leak,3,MEDIUM,2025-08-28,2025-08-29,2025-09-18,5.9,5,MEDIUM,Completed,True
TRC0871,AST0571,SEC046,Catenary,Catenary Maintenance,Splice joint fault,3,MEDIUM,2025-11-27,2025-11-29,2025-12-29,3.4,5,MEDIUM,Pending,True
TRC0872,AST0403,SEC028,Catenary,OHE Mast Repair,Bracket damage,4,LOW,2025-01-03,2025-01-05,2025-02-15,5.9,11,LOW,Cancelled,True
TRC0873,AST0576,SEC051,OHE,Catenary Maintenance,Splice joint fault,3,MEDIUM,2025-06-18,2025-06-19,2025-07-18,1.0,2,MEDIUM,Completed,True
TRC0874,AST0590,SEC065,Sectioning equipment,Catenary Maintenance,Tension deviation,4,LOW,2025-03-30,2025-04-02,2025-05-21,6.6,3,LOW,Scheduled,True
TRC0875,AST0465,SEC015,Pantograph interface,Switchgear Maintenance,Relay malfunction,3,MEDIUM,2025-05-25,2025-05-26,2025-06-14,1.0,15,MEDIUM,Pending,True
TRC0876,AST0636,SEC036,Transformer,OHE Mast Repair,Guy wire slack,4,LOW,2025-05-22,2025-05-25,2025-07-20,11.1,3,LOW,Pending,False
TRC0877,AST0420,SEC045,Transformer,Transformer Servicing,Oil leak,4,LOW,2025-10-23,2025-10-23,2025-11-25,8.3,8,LOW,In Progress,True
TRC0878,AST0410,SEC035,Insulator,Transformer Servicing,Bushing defect,1,CRITICAL,2025-11-26,2025-11-27,2025-11-30,3.2,11,HIGH,Pending,False
TRC0879,AST0592,SEC067,OHE,Transformer Servicing,Winding fault,3,MEDIUM,2025-07-28,2025-07-31,2025-08-20,1.6,6,MEDIUM,Pending,True
TRC0880,AST0539,SEC014,Catenary,OHE Mast Repair,Bracket damage,4,LOW,2025-05-14,2025-05-16,2025-06-29,5.3,14,LOW,Pending,True
TRC0881,AST0462,SEC012,Sectioning equipment,Insulator Replacement,Pollution deposit,4,LOW,2025-02-22,2025-02-25,2025-04-01,3.5,15,LOW,Scheduled,True
TRC0882,AST0536,SEC011,OHE,Transformer Servicing,Oil leak,3,MEDIUM,2025-06-16,2025-06-19,2025-07-19,8.7,2,MEDIUM,Pending,True
TRC0883,AST0440,SEC065,OHE,Feeder Repair,Cable damage,5,LOW,2025-10-27,2025-10-30,2025-12-12,2.6,12,LOW,In Progress,True
TRC0884,AST0538,SEC013,Insulator,OHE Mast Repair,Corrosion,3,MEDIUM,2025-11-20,2025-11-23,2025-12-10,7.4,10,MEDIUM,Pending,False
TRC0885,AST0583,SEC058,Electrical switchgear,OHE Inspection,Height deviation,3,MEDIUM,2025-08-13,2025-08-15,2025-08-31,10.3,11,MEDIUM,Completed,True
TRC0886,AST0679,SEC004,Electrical switchgear,OHE Mast Repair,Guy wire slack,2,HIGH,2025-08-07,2025-08-10,2025-08-17,11.5,12,HIGH,Completed,False
TRC0887,AST0690,SEC015,Insulator,Sectioning Post Maintenance,Earthing issue,5,LOW,2025-05-14,2025-05-17,2025-08-04,9.1,5,LOW,Scheduled,True
TRC0888,AST0653,SEC053,Feeder,Feeder Repair,Insulation breakdown,2,HIGH,2025-07-18,2025-07-21,2025-08-05,4.1,6,HIGH,Pending,True
TRC0889,AST0574,SEC049,Sectioning equipment,Sectioning Post Maintenance,Earthing issue,2,HIGH,2025-02-03,2025-02-06,2025-02-13,11.7,2,HIGH,Completed,True
TRC0890,AST0423,SEC048,Electrical switchgear,Feeder Repair,Cable damage,2,HIGH,2025-05-02,2025-05-02,2025-05-09,1.5,8,HIGH,Pending,False
TRC0891,AST0532,SEC007,Transformer,Feeder Repair,Overheating,5,LOW,2025-02-17,2025-02-17,2025-04-10,1.7,9,LOW,Completed,False
TRC0892,AST0608,SEC008,OHE,Transformer Servicing,Bushing defect,4,LOW,2025-09-05,2025-09-08,2025-10-08,5.1,15,LOW,In Progress,True
TRC0893,AST0482,SEC032,Insulator,Switchgear Maintenance,Relay malfunction,2,HIGH,2025-01-17,2025-01-18,2025-01-30,8.8,5,HIGH,Completed,True
TRC0894,AST0660,SEC060,Transformer,OHE Mast Repair,Corrosion,2,HIGH,2025-09-15,2025-09-15,2025-09-28,4.8,10,HIGH,Completed,False
TRC0895,AST0450,SEC075,Insulator,Transformer Servicing,Oil leak,1,CRITICAL,2025-07-30,2025-07-31,2025-08-04,8.3,8,HIGH,Completed,True
TRC0896,AST0452,SEC002,Transformer,OHE Mast Repair,Bracket damage,3,MEDIUM,2025-08-20,2025-08-21,2025-09-09,8.7,8,MEDIUM,In Progress,False
TRC0897,AST0623,SEC023,Electrical switchgear,Catenary Maintenance,Registration arm damage,3,MEDIUM,2025-11-25,2025-11-27,2025-12-24,10.1,12,MEDIUM,Completed,False
TRC0898,AST0652,SEC052,Transformer,Catenary Maintenance,Registration arm damage,1,CRITICAL,2025-03-24,2025-03-27,2025-04-03,3.6,5,HIGH,In Progress,False
TRC0899,AST0476,SEC026,Transformer,Switchgear Maintenance,Arc damage,3,MEDIUM,2025-07-08,2025-07-11,2025-08-06,6.8,9,MEDIUM,Cancelled,True
TRC0900,AST0572,SEC047,Transformer,Transformer Servicing,Oil leak,2,HIGH,2025-08-14,2025-08-16,2025-08-27,10.2,4,HIGH,Scheduled,False
TRC0901,AST0576,SEC051,OHE,Transformer Servicing,Cooling system failure,3,MEDIUM,2025-09-04,2025-09-05,2025-10-01,5.0,3,MEDIUM,Pending,True
TRC0902,AST0673,SEC073,Pantograph interface,OHE Inspection,Dropper defect,3,MEDIUM,2025-07-11,2025-07-11,2025-07-27,3.1,4,MEDIUM,Completed,False
TRC0903,AST0560,SEC035,OHE,Feeder Repair,Insulation breakdown,3,MEDIUM,2025-10-05,2025-10-07,2025-10-27,3.4,6,MEDIUM,Pending,True
TRC0904,AST0409,SEC034,Pantograph interface,Catenary Maintenance,Splice joint fault,4,LOW,2025-11-24,2025-11-26,2025-12-26,10.6,7,LOW,Completed,False
TRC0905,AST0447,SEC072,Electrical switchgear,Catenary Maintenance,Tension deviation,3,MEDIUM,2025-07-28,2025-07-28,2025-08-27,5.6,13,MEDIUM,In Progress,True
TRC0906,AST0469,SEC019,Feeder,Transformer Servicing,Bushing defect,3,MEDIUM,2025-05-14,2025-05-17,2025-06-05,5.0,3,MEDIUM,Scheduled,True
TRC0907,AST0490,SEC040,Insulator,Catenary Maintenance,Tension deviation,3,MEDIUM,2025-03-15,2025-03-18,2025-04-06,8.1,8,MEDIUM,Completed,False
TRC0908,AST0618,SEC018,Insulator,OHE Inspection,Height deviation,3,MEDIUM,2025-02-11,2025-02-13,2025-03-08,5.5,15,MEDIUM,Completed,False
TRC0909,AST0463,SEC013,Electrical switchgear,OHE Inspection,Dropper defect,4,LOW,2025-02-03,2025-02-05,2025-03-04,4.2,15,LOW,In Progress,True
TRC0910,AST0421,SEC046,Feeder,Transformer Servicing,Winding fault,2,HIGH,2025-05-01,2025-05-02,2025-05-13,5.8,6,HIGH,Pending,True
TRC0911,AST0620,SEC020,Transformer,Insulator Replacement,Mechanical failure,3,MEDIUM,2025-05-01,2025-05-02,2025-05-20,9.8,11,MEDIUM,Pending,False
TRC0912,AST0571,SEC046,Catenary,Transformer Servicing,Cooling system failure,4,LOW,2025-06-22,2025-06-25,2025-08-20,7.4,9,LOW,Scheduled,True
TRC0913,AST0451,SEC001,Catenary,Sectioning Post Maintenance,Earthing issue,4,LOW,2025-11-03,2025-11-06,2025-12-27,1.4,15,LOW,Completed,True
TRC0914,AST0627,SEC027,Catenary,Transformer Servicing,Bushing defect,4,LOW,2025-05-30,2025-05-31,2025-07-05,1.4,11,LOW,Scheduled,True
TRC0915,AST0610,SEC010,Insulator,OHE Mast Repair,Foundation settlement,4,LOW,2025-11-21,2025-11-24,2026-01-23,5.2,3,LOW,Pending,True
TRC0916,AST0450,SEC075,Insulator,Insulator Replacement,Flashover damage,3,MEDIUM,2025-02-07,2025-02-09,2025-02-25,8.8,9,MEDIUM,Pending,False
TRC0917,AST0513,SEC063,Pantograph interface,Catenary Maintenance,Catenary sag,4,LOW,2025-12-03,2025-12-05,2026-01-01,1.6,10,LOW,Completed,True
TRC0918,AST0453,SEC003,Feeder,OHE Mast Repair,Foundation settlement,3,MEDIUM,2025-02-23,2025-02-23,2025-03-14,1.5,13,MEDIUM,Scheduled,True
TRC0919,AST0587,SEC062,Catenary,Sectioning Post Maintenance,Jumper damage,2,HIGH,2025-09-09,2025-09-12,2025-09-24,10.3,8,HIGH,Pending,True
TRC0920,AST0549,SEC024,Feeder,OHE Inspection,Height deviation,3,MEDIUM,2025-02-10,2025-02-10,2025-03-04,3.5,3,MEDIUM,In Progress,True
TRC0921,AST0540,SEC015,Transformer,Transformer Servicing,Oil leak,2,HIGH,2025-09-17,2025-09-20,2025-09-27,1.1,5,HIGH,Scheduled,False
TRC0922,AST0685,SEC010,Feeder,Catenary Maintenance,Registration arm damage,4,LOW,2025-03-14,2025-03-14,2025-04-20,5.7,3,LOW,Pending,True
TRC0923,AST0620,SEC020,Transformer,OHE Mast Repair,Foundation settlement,3,MEDIUM,2025-09-02,2025-09-03,2025-09-29,9.1,12,MEDIUM,Completed,True
TRC0924,AST0407,SEC032,Electrical switchgear,OHE Inspection,Stagger fault,4,LOW,2025-04-13,2025-04-16,2025-05-27,6.8,10,LOW,Completed,False
TRC0925,AST0447,SEC072,Electrical switchgear,Sectioning Post Maintenance,Isolator defect,4,LOW,2025-09-29,2025-10-01,2025-11-02,5.4,8,LOW,Completed,True
TRC0926,AST0676,SEC001,Transformer,OHE Mast Repair,Guy wire slack,2,HIGH,2025-09-05,2025-09-08,2025-09-17,4.2,4,HIGH,In Progress,True
TRC0927,AST0657,SEC057,Pantograph interface,Catenary Maintenance,Catenary sag,2,HIGH,2025-05-07,2025-05-07,2025-05-21,5.0,11,HIGH,In Progress,True
TRC0928,AST0605,SEC005,Feeder,Feeder Repair,Joint failure,2,HIGH,2025-11-14,2025-11-14,2025-11-26,5.9,15,HIGH,Pending,True
TRC0929,AST0595,SEC070,Catenary,Insulator Replacement,Pollution deposit,2,HIGH,2025-10-02,2025-10-05,2025-10-20,6.5,15,HIGH,Scheduled,True
TRC0930,AST0593,SEC068,Pantograph interface,Switchgear Maintenance,Arc damage,5,LOW,2025-10-21,2025-10-23,2025-12-31,1.5,4,LOW,Completed,True
TRC0931,AST0689,SEC014,Pantograph interface,Transformer Servicing,Cooling system failure,3,MEDIUM,2025-07-06,2025-07-07,2025-08-04,3.9,15,MEDIUM,Completed,True
TRC0932,AST0534,SEC009,Sectioning equipment,Feeder Repair,Cable damage,3,MEDIUM,2025-03-14,2025-03-14,2025-04-06,6.6,13,MEDIUM,Completed,False
TRC0933,AST0454,SEC004,Sectioning equipment,Sectioning Post Maintenance,Interrupter fault,2,HIGH,2025-10-29,2025-10-29,2025-11-05,11.8,13,HIGH,Completed,True
TRC0934,AST0624,SEC024,OHE,Transformer Servicing,Winding fault,5,LOW,2025-04-07,2025-04-10,2025-06-18,5.7,2,LOW,Completed,True
TRC0935,AST0687,SEC012,Electrical switchgear,Switchgear Maintenance,Contactor wear,4,LOW,2025-10-22,2025-10-25,2025-12-13,10.4,8,LOW,Pending,True
TRC0936,AST0414,SEC039,Sectioning equipment,Sectioning Post Maintenance,Earthing issue,1,CRITICAL,2025-10-17,2025-10-18,2025-10-22,7.6,11,HIGH,Completed,True
TRC0937,AST0697,SEC022,Pantograph interface,Catenary Maintenance,Splice joint fault,3,MEDIUM,2025-07-30,2025-07-31,2025-08-15,6.8,12,MEDIUM,Scheduled,True
TRC0938,AST0558,SEC033,Sectioning equipment,Insulator Replacement,Cracked insulator,4,LOW,2025-10-17,2025-10-19,2025-12-15,5.2,7,LOW,Scheduled,True
TRC0939,AST0458,SEC008,Insulator,Sectioning Post Maintenance,Isolator defect,1,CRITICAL,2025-09-08,2025-09-10,2025-09-13,5.3,13,HIGH,In Progress,False
TRC0940,AST0568,SEC043,OHE,Catenary Maintenance,Tension deviation,4,LOW,2025-04-26,2025-04-27,2025-06-12,7.9,4,LOW,Completed,True
TRC0941,AST0582,SEC057,Sectioning equipment,OHE Inspection,Height deviation,1,CRITICAL,2025-03-07,2025-03-08,2025-03-15,7.5,15,HIGH,Pending,True
TRC0942,AST0436,SEC061,Transformer,Catenary Maintenance,Tension deviation,2,HIGH,2025-03-22,2025-03-22,2025-04-01,2.7,4,HIGH,Completed,False
TRC0943,AST0646,SEC046,Sectioning equipment,Transformer Servicing,Cooling system failure,5,LOW,2025-11-15,2025-11-18,2026-02-09,2.9,11,LOW,Scheduled,True
TRC0944,AST0432,SEC057,OHE,Sectioning Post Maintenance,Interrupter fault,2,HIGH,2025-09-04,2025-09-07,2025-09-20,9.2,11,HIGH,Completed,True
TRC0945,AST0549,SEC024,Feeder,Switchgear Maintenance,Contactor wear,4,LOW,2025-04-11,2025-04-11,2025-05-11,2.8,10,LOW,Completed,True
TRC0946,AST0463,SEC013,Electrical switchgear,OHE Mast Repair,Bracket damage,4,LOW,2025-07-01,2025-07-01,2025-08-08,6.3,8,LOW,Pending,False
TRC0947,AST0648,SEC048,OHE,Transformer Servicing,Bushing defect,5,LOW,2025-10-14,2025-10-17,2025-12-08,8.1,7,LOW,In Progress,True
TRC0948,AST0696,SEC021,OHE,Insulator Replacement,Cracked insulator,4,LOW,2025-12-11,2025-12-12,2026-01-29,4.1,10,LOW,Pending,True
TRC0949,AST0536,SEC011,OHE,Feeder Repair,Joint failure,4,LOW,2025-06-11,2025-06-11,2025-07-17,1.6,12,LOW,Pending,True
TRC0950,AST0501,SEC051,Feeder,Feeder Repair,Cable damage,4,LOW,2025-03-31,2025-04-03,2025-05-17,5.5,15,LOW,Pending,True
TRC0951,AST0403,SEC028,Catenary,Catenary Maintenance,Registration arm damage,2,HIGH,2025-09-26,2025-09-28,2025-10-06,2.2,13,HIGH,Pending,True
TRC0952,AST0465,SEC015,Pantograph interface,Sectioning Post Maintenance,Isolator defect,1,CRITICAL,2025-03-11,2025-03-11,2025-03-15,10.2,13,HIGH,Scheduled,False
TRC0953,AST0585,SEC060,Pantograph interface,Feeder Repair,Cable damage,4,LOW,2025-09-02,2025-09-02,2025-10-25,10.9,6,LOW,Pending,False
TRC0954,AST0490,SEC040,Insulator,Transformer Servicing,Oil leak,4,LOW,2025-11-14,2025-11-16,2026-01-02,7.6,13,LOW,Pending,False
TRC0955,AST0626,SEC026,Insulator,Feeder Repair,Joint failure,3,MEDIUM,2025-01-15,2025-01-16,2025-02-07,1.3,15,MEDIUM,Scheduled,False
TRC0956,AST0421,SEC046,Feeder,Catenary Maintenance,Splice joint fault,3,MEDIUM,2025-08-07,2025-08-07,2025-08-23,10.5,3,MEDIUM,Completed,True
TRC0957,AST0506,SEC056,Insulator,Sectioning Post Maintenance,Jumper damage,4,LOW,2025-10-12,2025-10-13,2025-11-09,11.6,11,LOW,In Progress,False
TRC0958,AST0634,SEC034,Insulator,Sectioning Post Maintenance,Jumper damage,4,LOW,2025-03-01,2025-03-01,2025-04-23,4.4,7,LOW,Completed,True
TRC0959,AST0548,SEC023,Transformer,Transformer Servicing,Bushing defect,2,HIGH,2025-11-24,2025-11-24,2025-12-01,2.1,4,HIGH,Scheduled,True
TRC0960,AST0571,SEC046,Catenary,Catenary Maintenance,Catenary sag,3,MEDIUM,2025-11-14,2025-11-15,2025-12-03,8.9,10,MEDIUM,Completed,True
TRC0961,AST0439,SEC064,Electrical switchgear,Insulator Replacement,Cracked insulator,1,CRITICAL,2025-09-08,2025-09-11,2025-09-18,1.9,3,HIGH,Scheduled,False
TRC0962,AST0613,SEC013,Feeder,OHE Inspection,Stagger fault,5,LOW,2025-04-27,2025-04-29,2025-06-10,11.5,11,LOW,Completed,True
TRC0963,AST0656,SEC056,OHE,Insulator Replacement,Cracked insulator,4,LOW,2025-02-11,2025-02-14,2025-04-06,8.6,5,LOW,Scheduled,True
TRC0964,AST0655,SEC055,Electrical switchgear,OHE Mast Repair,Corrosion,2,HIGH,2025-11-23,2025-11-23,2025-12-04,11.7,11,HIGH,Completed,False
TRC0965,AST0658,SEC058,Insulator,Catenary Maintenance,Catenary sag,2,HIGH,2025-10-06,2025-10-06,2025-10-19,8.2,2,HIGH,In Progress,False
TRC0966,AST0489,SEC039,Pantograph interface,OHE Mast Repair,Foundation settlement,2,HIGH,2025-09-04,2025-09-05,2025-09-12,10.6,3,HIGH,In Progress,False
TRC0967,AST0682,SEC007,Insulator,Transformer Servicing,Bushing defect,3,MEDIUM,2025-01-05,2025-01-05,2025-01-30,5.9,2,MEDIUM,Pending,False
TRC0968,AST0471,SEC021,Electrical switchgear,Transformer Servicing,Cooling system failure,3,MEDIUM,2025-05-02,2025-05-03,2025-06-01,10.3,14,MEDIUM,Scheduled,False
TRC0969,AST0624,SEC024,OHE,OHE Mast Repair,Corrosion,2,HIGH,2025-06-12,2025-06-12,2025-06-19,7.1,2,HIGH,In Progress,True
TRC0970,AST0680,SEC005,OHE,Sectioning Post Maintenance,Isolator defect,2,HIGH,2025-03-07,2025-03-10,2025-03-22,3.0,4,HIGH,Scheduled,True
TRC0971,AST0667,SEC067,Catenary,Transformer Servicing,Cooling system failure,2,HIGH,2025-03-23,2025-03-24,2025-04-04,6.9,8,HIGH,Pending,True
TRC0972,AST0409,SEC034,Pantograph interface,Catenary Maintenance,Splice joint fault,4,LOW,2025-05-17,2025-05-19,2025-06-23,5.7,5,LOW,In Progress,False
TRC0973,AST0613,SEC013,Feeder,Insulator Replacement,Mechanical failure,4,LOW,2025-03-06,2025-03-07,2025-04-13,3.1,9,LOW,Pending,True
TRC0974,AST0556,SEC031,Transformer,Catenary Maintenance,Tension deviation,3,MEDIUM,2025-10-14,2025-10-17,2025-11-06,8.5,14,MEDIUM,In Progress,False
TRC0975,AST0408,SEC033,OHE,OHE Inspection,Stagger fault,3,MEDIUM,2025-08-12,2025-08-12,2025-09-09,2.6,3,MEDIUM,Scheduled,True
TRC0976,AST0419,SEC044,Catenary,OHE Mast Repair,Guy wire slack,3,MEDIUM,2025-09-19,2025-09-22,2025-10-19,2.3,10,MEDIUM,Pending,True
TRC0977,AST0415,SEC040,Electrical switchgear,Transformer Servicing,Winding fault,1,CRITICAL,2025-12-20,2025-12-21,2025-12-28,3.2,12,HIGH,Scheduled,False
TRC0978,AST0448,SEC073,OHE,OHE Inspection,Height deviation,1,CRITICAL,2025-02-26,2025-02-27,2025-03-03,11.6,6,HIGH,Cancelled,True
TRC0979,AST0582,SEC057,Sectioning equipment,Sectioning Post Maintenance,Earthing issue,3,MEDIUM,2025-10-31,2025-11-02,2025-11-28,6.9,11,MEDIUM,Scheduled,True
TRC0980,AST0624,SEC024,OHE,Catenary Maintenance,Catenary sag,3,MEDIUM,2025-09-22,2025-09-22,2025-10-13,8.0,14,MEDIUM,Scheduled,False
TRC0981,AST0601,SEC001,Pantograph interface,Switchgear Maintenance,Circuit breaker fault,3,MEDIUM,2025-04-25,2025-04-27,2025-05-14,1.1,3,MEDIUM,Completed,True
TRC0982,AST0665,SEC065,Pantograph interface,OHE Mast Repair,Guy wire slack,4,LOW,2025-04-30,2025-05-03,2025-06-06,4.3,14,LOW,Cancelled,True
TRC0983,AST0695,SEC020,Electrical switchgear,Feeder Repair,Insulation breakdown,4,LOW,2025-01-26,2025-01-29,2025-02-25,11.5,2,LOW,Completed,False
TRC0984,AST0582,SEC057,Sectioning equipment,OHE Mast Repair,Corrosion,3,MEDIUM,2025-11-03,2025-11-03,2025-11-23,7.2,9,MEDIUM,Pending,True
TRC0985,AST0619,SEC019,Catenary,OHE Inspection,Stagger fault,5,LOW,2025-05-01,2025-05-01,2025-06-20,9.4,11,LOW,Pending,False
TRC0986,AST0616,SEC016,OHE,Sectioning Post Maintenance,Earthing issue,5,LOW,2025-02-06,2025-02-08,2025-03-25,8.0,3,LOW,Completed,True
TRC0987,AST0438,SEC063,Sectioning equipment,Feeder Repair,Insulation breakdown,4,LOW,2025-02-22,2025-02-23,2025-04-17,8.6,6,LOW,Scheduled,True
TRC0988,AST0461,SEC011,Feeder,Transformer Servicing,Bushing defect,4,LOW,2025-11-23,2025-11-23,2026-01-07,7.7,2,LOW,Cancelled,True
TRC0989,AST0635,SEC035,Catenary,OHE Inspection,Dropper defect,3,MEDIUM,2025-02-05,2025-02-07,2025-02-27,9.1,15,MEDIUM,Completed,True
TRC0990,AST0474,SEC024,Insulator,OHE Mast Repair,Corrosion,5,LOW,2025-07-25,2025-07-28,2025-10-10,5.6,2,LOW,Scheduled,False
TRC0991,AST0648,SEC048,OHE,Insulator Replacement,Flashover damage,3,MEDIUM,2025-03-02,2025-03-03,2025-03-23,11.8,14,MEDIUM,Pending,True
TRC0992,AST0627,SEC027,Catenary,Insulator Replacement,Mechanical failure,2,HIGH,2025-09-03,2025-09-06,2025-09-21,6.5,5,HIGH,Pending,True
TRC0993,AST0403,SEC028,Catenary,OHE Inspection,Dropper defect,3,MEDIUM,2025-02-14,2025-02-15,2025-03-15,10.2,10,MEDIUM,In Progress,True
TRC0994,AST0570,SEC045,Insulator,OHE Mast Repair,Bracket damage,1,CRITICAL,2025-09-02,2025-09-04,2025-09-10,5.9,4,HIGH,Scheduled,True
TRC0995,AST0459,SEC009,Catenary,OHE Inspection,Contact wire wear,1,CRITICAL,2025-11-21,2025-11-24,2025-11-28,10.1,8,HIGH,Pending,False
TRC0996,AST0515,SEC065,Catenary,Catenary Maintenance,Catenary sag,3,MEDIUM,2025-02-22,2025-02-23,2025-03-19,3.7,12,MEDIUM,Scheduled,False
TRC0997,AST0482,SEC032,Insulator,Catenary Maintenance,Tension deviation,1,CRITICAL,2025-01-15,2025-01-15,2025-01-21,11.3,5,HIGH,Completed,False
TRC0998,AST0515,SEC065,Catenary,Switchgear Maintenance,Relay malfunction,3,MEDIUM,2025-06-18,2025-06-21,2025-07-21,4.5,5,MEDIUM,Scheduled,True
TRC0999,AST0477,SEC027,Feeder,Transformer Servicing,Oil leak,2,HIGH,2025-07-04,2025-07-04,2025-07-12,7.4,6,HIGH,Completed,True
TRC1000,AST0450,SEC075,Insulator,Catenary Maintenance,Splice joint fault,3,MEDIUM,2025-06-25,2025-06-25,2025-07-15,6.4,12,MEDIUM,Completed,False
TRC1001,AST0518,SEC068,Sectioning equipment,OHE Inspection,Dropper defect,2,HIGH,2025-06-17,2025-06-17,2025-06-26,10.2,7,HIGH,Completed,False
TRC1002,AST0580,SEC055,Transformer,Catenary Maintenance,Splice joint fault,4,LOW,2025-11-24,2025-11-27,2025-12-22,1.0,7,LOW,Pending,True
TRC1003,AST0441,SEC066,Pantograph interface,OHE Inspection,Height deviation,4,LOW,2025-07-21,2025-07-24,2025-08-31,11.6,10,LOW,Cancelled,True
TRC1004,AST0555,SEC030,Catenary,Transformer Servicing,Oil leak,4,LOW,2025-06-27,2025-06-29,2025-08-22,11.0,14,LOW,Pending,True
TRC1005,AST0522,SEC072,Insulator,OHE Inspection,Height deviation,4,LOW,2025-05-31,2025-06-02,2025-07-17,4.2,12,LOW,Cancelled,True
TRC1006,AST0620,SEC020,Transformer,OHE Mast Repair,Guy wire slack,2,HIGH,2025-08-04,2025-08-07,2025-08-15,5.5,13,HIGH,Completed,True
TRC1007,AST0607,SEC007,Electrical switchgear,Insulator Replacement,Pollution deposit,4,LOW,2025-06-10,2025-06-10,2025-07-08,5.7,5,LOW,Cancelled,False
TRC1008,AST0661,SEC061,Feeder,Catenary Maintenance,Registration arm damage,4,LOW,2025-06-01,2025-06-04,2025-07-14,1.7,11,LOW,Scheduled,True
TRC1009,AST0605,SEC005,Feeder,Catenary Maintenance,Splice joint fault,4,LOW,2025-09-16,2025-09-19,2025-10-28,3.4,11,LOW,Pending,True
TRC1010,AST0657,SEC057,Pantograph interface,Insulator Replacement,Mechanical failure,3,MEDIUM,2025-10-12,2025-10-14,2025-11-08,5.2,14,MEDIUM,Scheduled,False
TRC1011,AST0503,SEC053,Electrical switchgear,Insulator Replacement,Mechanical failure,3,MEDIUM,2025-04-10,2025-04-10,2025-04-25,9.8,11,MEDIUM,Completed,True
TRC1012,AST0569,SEC044,Pantograph interface,Catenary Maintenance,Registration arm damage,3,MEDIUM,2025-10-20,2025-10-21,2025-11-05,4.0,8,MEDIUM,Pending,True
TRC1013,AST0503,SEC053,Electrical switchgear,OHE Mast Repair,Bracket damage,3,MEDIUM,2025-08-18,2025-08-18,2025-09-16,8.5,13,MEDIUM,Pending,True
TRC1014,AST0560,SEC035,OHE,Sectioning Post Maintenance,Interrupter fault,2,HIGH,2025-02-26,2025-02-26,2025-03-13,8.1,12,HIGH,Cancelled,False
TRC1015,AST0551,SEC026,Electrical switchgear,OHE Inspection,Height deviation,1,CRITICAL,2025-04-26,2025-04-27,2025-05-04,5.6,5,HIGH,Scheduled,True
TRC1016,AST0670,SEC070,Sectioning equipment,Switchgear Maintenance,Arc damage,2,HIGH,2025-08-03,2025-08-05,2025-08-16,10.5,8,HIGH,In Progress,False
TRC1017,AST0496,SEC046,OHE,Insulator Replacement,Cracked insulator,4,LOW,2025-11-02,2025-11-03,2025-11-28,2.8,11,LOW,Scheduled,False
TRC1018,AST0504,SEC054,OHE,Transformer Servicing,Winding fault,4,LOW,2025-05-01,2025-05-02,2025-06-26,9.2,15,LOW,Completed,True
TRC1019,AST0668,SEC068,Transformer,Transformer Servicing,Cooling system failure,3,MEDIUM,2025-10-01,2025-10-01,2025-10-30,8.8,6,MEDIUM,Scheduled,True
TRC1020,AST0433,SEC058,Pantograph interface,Switchgear Maintenance,Arc damage,4,LOW,2025-10-09,2025-10-10,2025-11-25,8.8,2,LOW,Completed,True
TRC1021,AST0681,SEC006,Pantograph interface,Insulator Replacement,Mechanical failure,3,MEDIUM,2025-11-27,2025-11-30,2025-12-19,9.4,11,MEDIUM,Pending,False
TRC1022,AST0554,SEC029,Insulator,Catenary Maintenance,Splice joint fault,2,HIGH,2024-12-31,2025-01-02,2025-01-14,5.4,2,HIGH,Completed,False
TRC1023,AST0425,SEC050,Pantograph interface,Catenary Maintenance,Tension deviation,2,HIGH,2025-12-17,2025-12-17,2025-12-24,7.8,15,HIGH,Scheduled,False
TRC1024,AST0570,SEC045,Insulator,Insulator Replacement,Cracked insulator,2,HIGH,2025-09-29,2025-10-02,2025-10-17,9.1,11,HIGH,Pending,False
TRC1025,AST0522,SEC072,Insulator,Catenary Maintenance,Catenary sag,3,MEDIUM,2025-06-28,2025-06-28,2025-07-27,1.6,15,MEDIUM,Completed,False
TRC1026,AST0537,SEC012,Pantograph interface,OHE Mast Repair,Guy wire slack,2,HIGH,2025-05-20,2025-05-23,2025-06-01,6.6,11,HIGH,Cancelled,False
TRC1027,AST0691,SEC016,Catenary,Catenary Maintenance,Catenary sag,3,MEDIUM,2025-04-05,2025-04-06,2025-04-28,2.7,7,MEDIUM,Completed,True
TRC1028,AST0482,SEC032,Insulator,Insulator Replacement,Cracked insulator,2,HIGH,2025-08-26,2025-08-29,2025-09-07,4.9,4,HIGH,Pending,False
TRC1029,AST0578,SEC053,Insulator,Switchgear Maintenance,Arc damage,5,LOW,2025-10-31,2025-11-03,2026-01-08,4.6,6,LOW,In Progress,True
TRC1030,AST0422,SEC047,Sectioning equipment,OHE Inspection,Stagger fault,2,HIGH,2025-12-11,2025-12-14,2025-12-23,1.1,12,HIGH,Completed,False
TRC1031,AST0614,SEC014,Sectioning equipment,Insulator Replacement,Cracked insulator,1,CRITICAL,2025-07-27,2025-07-29,2025-08-03,5.7,2,HIGH,Pending,True
TRC1032,AST0591,SEC066,Electrical switchgear,Sectioning Post Maintenance,Isolator defect,2,HIGH,2025-09-08,2025-09-10,2025-09-25,3.4,7,HIGH,Pending,True
TRC1033,AST0640,SEC040,OHE,Catenary Maintenance,Registration arm damage,3,MEDIUM,2025-05-22,2025-05-22,2025-06-17,3.1,5,MEDIUM,In Progress,False
TRC1034,AST0673,SEC073,Pantograph interface,Catenary Maintenance,Registration arm damage,4,LOW,2025-03-14,2025-03-15,2025-04-18,9.9,12,LOW,Completed,True
TRC1035,AST0517,SEC067,Feeder,Sectioning Post Maintenance,Isolator defect,1,CRITICAL,2025-08-28,2025-08-29,2025-09-02,2.0,2,HIGH,Completed,True
TRC1036,AST0629,SEC029,Feeder,Feeder Repair,Insulation breakdown,4,LOW,2025-01-17,2025-01-18,2025-02-19,7.2,14,LOW,In Progress,True
TRC1037,AST0427,SEC052,Catenary,Feeder Repair,Joint failure,3,MEDIUM,2025-08-17,2025-08-17,2025-09-05,9.3,4,MEDIUM,Scheduled,True
TRC1038,AST0505,SEC055,Pantograph interface,Switchgear Maintenance,Contactor wear,2,HIGH,2025-03-30,2025-04-01,2025-04-08,1.4,15,HIGH,Scheduled,False
TRC1039,AST0436,SEC061,Transformer,Transformer Servicing,Bushing defect,2,HIGH,2025-02-20,2025-02-20,2025-03-06,6.1,2,HIGH,Scheduled,True
TRC1040,AST0607,SEC007,Electrical switchgear,OHE Inspection,Height deviation,5,LOW,2025-01-10,2025-01-12,2025-03-02,6.0,11,LOW,Scheduled,False
TRC1041,AST0658,SEC058,Insulator,Catenary Maintenance,Splice joint fault,4,LOW,2025-07-01,2025-07-02,2025-08-04,3.1,8,LOW,Cancelled,False
TRC1042,AST0598,SEC073,Sectioning equipment,Transformer Servicing,Cooling system failure,2,HIGH,2025-05-07,2025-05-08,2025-05-18,1.3,9,HIGH,Pending,True
TRC1043,AST0490,SEC040,Insulator,Catenary Maintenance,Tension deviation,3,MEDIUM,2025-06-07,2025-06-10,2025-06-27,7.5,14,MEDIUM,Completed,False
TRC1044,AST0418,SEC043,Insulator,OHE Inspection,Stagger fault,3,MEDIUM,2025-02-10,2025-02-13,2025-03-13,3.1,4,MEDIUM,Pending,False
TRC1045,AST0515,SEC065,Catenary,Switchgear Maintenance,Arc damage,3,MEDIUM,2025-05-15,2025-05-15,2025-06-05,3.6,3,MEDIUM,Pending,True
TRC1046,AST0447,SEC072,Electrical switchgear,Catenary Maintenance,Catenary sag,4,LOW,2025-12-19,2025-12-20,2026-02-13,3.5,7,LOW,Completed,False
TRC1047,AST0472,SEC022,OHE,Sectioning Post Maintenance,Interrupter fault,3,MEDIUM,2025-03-02,2025-03-03,2025-03-25,4.0,2,MEDIUM,In Progress,True
TRC1048,AST0599,SEC074,Electrical switchgear,Catenary Maintenance,Registration arm damage,4,LOW,2025-06-24,2025-06-27,2025-08-22,3.6,5,LOW,Completed,True
TRC1049,AST0577,SEC052,Pantograph interface,Insulator Replacement,Cracked insulator,5,LOW,2025-03-07,2025-03-10,2025-06-01,4.0,5,LOW,Pending,False
TRC1050,AST0538,SEC013,Insulator,OHE Inspection,Height deviation,3,MEDIUM,2025-01-11,2025-01-13,2025-02-08,1.1,13,MEDIUM,Pending,True
TRC1051,AST0474,SEC024,Insulator,Feeder Repair,Insulation breakdown,4,LOW,2025-11-29,2025-11-29,2025-12-26,2.7,9,LOW,Completed,False
TRC1052,AST0536,SEC011,OHE,Catenary Maintenance,Tension deviation,4,LOW,2025-09-23,2025-09-23,2025-11-21,3.0,13,LOW,Completed,True
TRC1053,AST0647,SEC047,Electrical switchgear,Switchgear Maintenance,Circuit breaker fault,3,MEDIUM,2025-03-08,2025-03-11,2025-03-31,10.7,4,MEDIUM,Pending,False
TRC1054,AST0562,SEC037,Insulator,Feeder Repair,Insulation breakdown,1,CRITICAL,2025-05-15,2025-05-17,2025-05-21,2.2,12,HIGH,Pending,False
TRC1055,AST0480,SEC030,OHE,Transformer Servicing,Oil leak,3,MEDIUM,2025-07-15,2025-07-15,2025-08-02,9.4,4,MEDIUM,Cancelled,True
TRC1056,AST0445,SEC070,Feeder,Sectioning Post Maintenance,Earthing issue,1,CRITICAL,2025-08-20,2025-08-20,2025-08-23,4.2,2,HIGH,Completed,True
TRC1057,AST0449,SEC074,Pantograph interface,Insulator Replacement,Pollution deposit,4,LOW,2025-04-01,2025-04-04,2025-05-06,2.7,12,LOW,Scheduled,False
TRC1058,AST0417,SEC042,Pantograph interface,Switchgear Maintenance,Arc damage,3,MEDIUM,2025-05-18,2025-05-19,2025-06-15,9.3,9,MEDIUM,Scheduled,True
TRC1059,AST0608,SEC008,OHE,Insulator Replacement,Pollution deposit,5,LOW,2025-09-08,2025-09-11,2025-11-25,9.6,7,LOW,Scheduled,True
TRC1060,AST0655,SEC055,Electrical switchgear,Insulator Replacement,Pollution deposit,3,MEDIUM,2025-08-06,2025-08-09,2025-08-29,2.0,2,MEDIUM,Scheduled,False
TRC1061,AST0464,SEC014,OHE,Sectioning Post Maintenance,Earthing issue,4,LOW,2025-07-12,2025-07-13,2025-08-26,8.9,8,LOW,Completed,True
TRC1062,AST0555,SEC030,Catenary,Switchgear Maintenance,Arc damage,3,MEDIUM,2025-02-05,2025-02-08,2025-02-22,3.4,14,MEDIUM,Pending,True
TRC1063,AST0679,SEC004,Electrical switchgear,Transformer Servicing,Winding fault,4,LOW,2025-06-28,2025-06-28,2025-08-27,4.6,4,LOW,In Progress,True
TRC1064,AST0439,SEC064,Electrical switchgear,Sectioning Post Maintenance,Isolator defect,3,MEDIUM,2025-04-14,2025-04-16,2025-05-08,10.3,4,MEDIUM,Completed,False
TRC1065,AST0437,SEC062,Feeder,Switchgear Maintenance,Circuit breaker fault,5,LOW,2025-01-30,2025-01-30,2025-04-17,11.5,3,LOW,Completed,True
TRC1066,AST0452,SEC002,Transformer,Sectioning Post Maintenance,Isolator defect,2,HIGH,2025-01-09,2025-01-12,2025-01-19,10.2,10,HIGH,Completed,False
TRC1067,AST0637,SEC037,Feeder,OHE Inspection,Height deviation,5,LOW,2025-12-09,2025-12-10,2026-02-25,10.1,4,LOW,Completed,True
TRC1068,AST0402,SEC027,Insulator,Transformer Servicing,Winding fault,2,HIGH,2025-10-11,2025-10-12,2025-10-20,6.5,2,HIGH,In Progress,False
TRC1069,AST0578,SEC053,Insulator,Insulator Replacement,Mechanical failure,2,HIGH,2025-04-14,2025-04-17,2025-04-27,4.5,7,HIGH,Completed,False
TRC1070,AST0543,SEC018,Electrical switchgear,OHE Mast Repair,Foundation settlement,4,LOW,2025-01-08,2025-01-08,2025-02-23,5.2,11,LOW,Scheduled,True
TRC1071,AST0607,SEC007,Electrical switchgear,OHE Inspection,Dropper defect,3,MEDIUM,2025-03-07,2025-03-08,2025-04-07,11.0,8,MEDIUM,In Progress,True
TRC1072,AST0616,SEC016,OHE,OHE Inspection,Height deviation,3,MEDIUM,2025-11-11,2025-11-11,2025-12-06,1.5,10,MEDIUM,Completed,True
TRC1073,AST0411,SEC036,Catenary,OHE Inspection,Stagger fault,1,CRITICAL,2025-08-07,2025-08-08,2025-08-13,8.1,6,HIGH,Cancelled,False
TRC1074,AST0488,SEC038,OHE,Feeder Repair,Joint failure,1,CRITICAL,2025-10-20,2025-10-23,2025-10-27,11.2,3,HIGH,In Progress,True
TRC1075,AST0408,SEC033,OHE,Feeder Repair,Insulation breakdown,5,LOW,2025-08-08,2025-08-10,2025-10-09,4.9,15,LOW,Completed,True
TRC1076,AST0596,SEC071,Transformer,Catenary Maintenance,Tension deviation,4,LOW,2025-02-09,2025-02-12,2025-04-05,10.9,4,LOW,Pending,False
TRC1077,AST0491,SEC041,Catenary,Switchgear Maintenance,Circuit breaker fault,4,LOW,2025-01-08,2025-01-11,2025-02-15,2.6,3,LOW,Pending,False
TRC1078,AST0492,SEC042,Transformer,Catenary Maintenance,Splice joint fault,3,MEDIUM,2025-01-07,2025-01-10,2025-01-25,11.1,6,MEDIUM,Cancelled,False
TRC1079,AST0592,SEC067,OHE,Feeder Repair,Overheating,3,MEDIUM,2025-09-17,2025-09-20,2025-10-07,2.0,11,MEDIUM,Scheduled,True
TRC1080,AST0414,SEC039,Sectioning equipment,OHE Inspection,Dropper defect,4,LOW,2025-10-24,2025-10-27,2025-12-26,5.1,4,LOW,Completed,True
TRC1081,AST0436,SEC061,Transformer,Switchgear Maintenance,Contactor wear,4,LOW,2025-05-22,2025-05-25,2025-06-30,4.1,7,LOW,Scheduled,False
TRC1082,AST0681,SEC006,Pantograph interface,OHE Mast Repair,Bracket damage,3,MEDIUM,2025-03-16,2025-03-17,2025-04-04,1.3,9,MEDIUM,Pending,False
TRC1083,AST0471,SEC021,Electrical switchgear,Switchgear Maintenance,Contactor wear,3,MEDIUM,2025-08-14,2025-08-17,2025-09-05,5.6,14,MEDIUM,Completed,True
TRC1084,AST0425,SEC050,Pantograph interface,Catenary Maintenance,Catenary sag,2,HIGH,2025-12-05,2025-12-05,2025-12-12,10.2,7,HIGH,Completed,True
TRC1085,AST0405,SEC030,Feeder,Catenary Maintenance,Tension deviation,4,LOW,2025-07-08,2025-07-10,2025-08-19,3.2,8,LOW,Scheduled,True
TRC1086,AST0510,SEC060,Sectioning equipment,Switchgear Maintenance,Arc damage,2,HIGH,2025-10-26,2025-10-28,2025-11-12,9.3,12,HIGH,Completed,True
TRC1087,AST0632,SEC032,OHE,Catenary Maintenance,Registration arm damage,3,MEDIUM,2025-12-05,2025-12-06,2026-01-03,2.2,8,MEDIUM,Pending,True
TRC1088,AST0469,SEC019,Feeder,Sectioning Post Maintenance,Earthing issue,2,HIGH,2025-10-03,2025-10-05,2025-10-19,9.8,6,HIGH,Scheduled,True
TRC1089,AST0429,SEC054,Feeder,Transformer Servicing,Oil leak,3,MEDIUM,2025-03-09,2025-03-09,2025-04-06,3.6,4,MEDIUM,Pending,True
TRC1090,AST0431,SEC056,Electrical switchgear,Transformer Servicing,Bushing defect,5,LOW,2025-06-23,2025-06-23,2025-08-29,1.4,15,LOW,Scheduled,False
TRC1091,AST0527,SEC002,Electrical switchgear,Insulator Replacement,Pollution deposit,5,LOW,2025-02-18,2025-02-20,2025-05-03,11.8,4,LOW,Scheduled,True
TRC1092,AST0648,SEC048,OHE,Sectioning Post Maintenance,Earthing issue,1,CRITICAL,2025-12-03,2025-12-06,2025-12-10,1.8,11,HIGH,Completed,True
TRC1093,AST0654,SEC054,Sectioning equipment,Feeder Repair,Overheating,4,LOW,2025-05-10,2025-05-12,2025-06-21,5.0,3,LOW,Cancelled,True
TRC1094,AST0433,SEC058,Pantograph interface,Catenary Maintenance,Catenary sag,5,LOW,2025-05-16,2025-05-18,2025-07-26,1.1,15,LOW,Completed,True
TRC1095,AST0423,SEC048,Electrical switchgear,OHE Inspection,Dropper defect,4,LOW,2025-04-27,2025-04-27,2025-06-07,11.2,2,LOW,Completed,True
TRC1096,AST0504,SEC054,OHE,Catenary Maintenance,Splice joint fault,5,LOW,2025-11-17,2025-11-17,2026-01-04,3.2,6,LOW,Pending,True
TRC1097,AST0689,SEC014,Pantograph interface,OHE Mast Repair,Corrosion,1,CRITICAL,2025-11-11,2025-11-12,2025-11-18,4.4,4,HIGH,Completed,True
TRC1098,AST0431,SEC056,Electrical switchgear,Sectioning Post Maintenance,Interrupter fault,4,LOW,2025-08-30,2025-09-02,2025-10-11,9.6,14,LOW,In Progress,True
TRC1099,AST0632,SEC032,OHE,Sectioning Post Maintenance,Earthing issue,3,MEDIUM,2025-05-22,2025-05-23,2025-06-20,11.2,6,MEDIUM,Cancelled,True
TRC1100,AST0567,SEC042,Electrical switchgear,Feeder Repair,Cable damage,2,HIGH,2025-03-17,2025-03-17,2025-03-26,7.8,4,HIGH,Completed,False
TRC1101,AST0506,SEC056,Insulator,OHE Mast Repair,Bracket damage,4,LOW,2025-03-09,2025-03-10,2025-05-04,5.4,11,LOW,Cancelled,False
TRC1102,AST0674,SEC074,Insulator,Feeder Repair,Cable damage,4,LOW,2025-04-03,2025-04-04,2025-05-04,2.1,4,LOW,Scheduled,False
TRC1103,AST0456,SEC006,OHE,OHE Inspection,Stagger fault,2,HIGH,2025-02-24,2025-02-27,2025-03-07,9.5,10,HIGH,Scheduled,True
TRC1104,AST0406,SEC031,Sectioning equipment,OHE Inspection,Stagger fault,1,CRITICAL,2025-09-14,2025-09-16,2025-09-21,2.2,9,HIGH,Completed,True
TRC1105,AST0665,SEC065,Pantograph interface,OHE Mast Repair,Guy wire slack,5,LOW,2025-06-14,2025-06-16,2025-08-31,9.5,10,LOW,Pending,False
TRC1106,AST0463,SEC013,Electrical switchgear,Switchgear Maintenance,Relay malfunction,3,MEDIUM,2025-12-10,2025-12-13,2026-01-10,7.3,9,MEDIUM,Completed,False
TRC1107,AST0591,SEC066,Electrical switchgear,Sectioning Post Maintenance,Jumper damage,3,MEDIUM,2025-08-23,2025-08-23,2025-09-15,5.5,8,MEDIUM,Scheduled,True
TRC1108,AST0667,SEC067,Catenary,Catenary Maintenance,Tension deviation,5,LOW,2025-08-27,2025-08-29,2025-11-15,2.6,9,LOW,Completed,True
TRC1109,AST0450,SEC075,Insulator,OHE Inspection,Contact wire wear,3,MEDIUM,2025-02-23,2025-02-26,2025-03-25,10.5,3,MEDIUM,In Progress,True
TRC1110,AST0435,SEC060,Catenary,Insulator Replacement,Mechanical failure,3,MEDIUM,2025-11-01,2025-11-03,2025-11-21,3.9,14,MEDIUM,Completed,True
TRC1111,AST0452,SEC002,Transformer,Switchgear Maintenance,Arc damage,4,LOW,2025-04-25,2025-04-28,2025-05-30,6.0,7,LOW,Completed,False
TRC1112,AST0684,SEC009,Transformer,Insulator Replacement,Mechanical failure,2,HIGH,2025-04-29,2025-05-02,2025-05-11,9.2,13,HIGH,Cancelled,False
TRC1113,AST0410,SEC035,Insulator,OHE Mast Repair,Bracket damage,1,CRITICAL,2025-05-02,2025-05-03,2025-05-10,4.1,12,HIGH,Scheduled,True
TRC1114,AST0505,SEC055,Pantograph interface,Transformer Servicing,Winding fault,5,LOW,2025-06-24,2025-06-26,2025-08-10,8.5,5,LOW,Completed,True
TRC1115,AST0424,SEC049,OHE,Sectioning Post Maintenance,Interrupter fault,4,LOW,2025-09-22,2025-09-22,2025-11-12,8.3,8,LOW,Cancelled,True
TRC1116,AST0677,SEC002,Feeder,Sectioning Post Maintenance,Interrupter fault,2,HIGH,2025-04-06,2025-04-07,2025-04-16,7.2,3,HIGH,In Progress,True
TRC1117,AST0643,SEC043,Catenary,Catenary Maintenance,Catenary sag,5,LOW,2025-06-30,2025-06-30,2025-08-18,10.7,14,LOW,Pending,True
TRC1118,AST0490,SEC040,Insulator,Feeder Repair,Cable damage,2,HIGH,2025-10-27,2025-10-28,2025-11-04,9.6,15,HIGH,Scheduled,True
TRC1119,AST0570,SEC045,Insulator,OHE Inspection,Stagger fault,1,CRITICAL,2025-12-19,2025-12-19,2025-12-24,10.4,3,HIGH,In Progress,True
TRC1120,AST0591,SEC066,Electrical switchgear,Feeder Repair,Joint failure,4,LOW,2025-06-27,2025-06-27,2025-07-31,10.6,15,LOW,In Progress,False
TRC1121,AST0585,SEC060,Pantograph interface,Switchgear Maintenance,Relay malfunction,3,MEDIUM,2025-06-11,2025-06-12,2025-06-29,3.5,8,MEDIUM,Completed,False
TRC1122,AST0466,SEC016,Insulator,OHE Mast Repair,Bracket damage,5,LOW,2025-12-14,2025-12-14,2026-03-11,3.3,14,LOW,Pending,False
TRC1123,AST0697,SEC022,Pantograph interface,OHE Inspection,Height deviation,3,MEDIUM,2025-02-27,2025-03-02,2025-03-17,11.0,7,MEDIUM,Pending,False
TRC1124,AST0425,SEC050,Pantograph interface,OHE Inspection,Contact wire wear,4,LOW,2025-04-07,2025-04-09,2025-06-03,10.9,2,LOW,Completed,False
TRC1125,AST0611,SEC011,Catenary,Transformer Servicing,Winding fault,3,MEDIUM,2025-04-01,2025-04-01,2025-04-28,1.3,9,MEDIUM,Completed,True
TRC1126,AST0648,SEC048,OHE,Transformer Servicing,Cooling system failure,3,MEDIUM,2025-04-03,2025-04-03,2025-04-21,5.5,5,MEDIUM,Scheduled,True
TRC1127,AST0618,SEC018,Insulator,Sectioning Post Maintenance,Jumper damage,4,LOW,2025-03-13,2025-03-13,2025-05-06,8.3,6,LOW,In Progress,False
TRC1128,AST0583,SEC058,Electrical switchgear,Insulator Replacement,Mechanical failure,4,LOW,2025-04-15,2025-04-18,2025-05-25,10.7,6,LOW,Pending,True
TRC1129,AST0625,SEC025,Pantograph interface,Insulator Replacement,Cracked insulator,3,MEDIUM,2025-03-01,2025-03-01,2025-03-27,12.0,12,MEDIUM,In Progress,True
TRC1130,AST0441,SEC066,Pantograph interface,Feeder Repair,Insulation breakdown,5,LOW,2025-08-08,2025-08-08,2025-10-28,9.4,15,LOW,In Progress,False
TRC1131,AST0686,SEC011,Sectioning equipment,OHE Inspection,Stagger fault,4,LOW,2025-07-22,2025-07-25,2025-09-03,3.9,11,LOW,Pending,True
TRC1132,AST0674,SEC074,Insulator,OHE Mast Repair,Bracket damage,3,MEDIUM,2025-07-31,2025-08-02,2025-08-31,6.3,7,MEDIUM,Pending,False
TRC1133,AST0688,SEC013,OHE,OHE Mast Repair,Foundation settlement,5,LOW,2025-12-10,2025-12-11,2026-03-09,2.1,10,LOW,Pending,True
TRC1134,AST0494,SEC044,Sectioning equipment,Feeder Repair,Insulation breakdown,1,CRITICAL,2025-07-27,2025-07-28,2025-08-03,3.8,11,HIGH,Pending,True
TRC1135,AST0455,SEC005,Electrical switchgear,Sectioning Post Maintenance,Jumper damage,1,CRITICAL,2025-03-03,2025-03-06,2025-03-12,4.2,9,HIGH,Completed,False
TRC1136,AST0473,SEC023,Pantograph interface,Sectioning Post Maintenance,Isolator defect,2,HIGH,2025-02-20,2025-02-21,2025-03-02,6.2,13,HIGH,Cancelled,True
TRC1137,AST0600,SEC075,OHE,Catenary Maintenance,Splice joint fault,2,HIGH,2025-01-15,2025-01-17,2025-02-01,6.7,2,HIGH,Completed,True
TRC1138,AST0456,SEC006,OHE,Sectioning Post Maintenance,Interrupter fault,1,CRITICAL,2025-05-03,2025-05-03,2025-05-10,11.6,12,HIGH,Completed,True
TRC1139,AST0513,SEC063,Pantograph interface,OHE Mast Repair,Bracket damage,3,MEDIUM,2025-11-12,2025-11-13,2025-12-05,1.8,8,MEDIUM,Completed,True
TRC1140,AST0638,SEC038,Sectioning equipment,Catenary Maintenance,Splice joint fault,3,MEDIUM,2025-01-29,2025-01-29,2025-02-12,9.0,12,MEDIUM,Completed,True
TRC1141,AST0687,SEC012,Electrical switchgear,Transformer Servicing,Bushing defect,3,MEDIUM,2025-10-06,2025-10-06,2025-10-25,3.1,6,MEDIUM,Completed,True
TRC1142,AST0415,SEC040,Electrical switchgear,Switchgear Maintenance,Contactor wear,2,HIGH,2025-07-08,2025-07-10,2025-07-18,9.2,8,HIGH,Pending,True
TRC1143,AST0518,SEC068,Sectioning equipment,Sectioning Post Maintenance,Earthing issue,5,LOW,2025-07-07,2025-07-10,2025-09-27,8.7,4,LOW,Scheduled,True
TRC1144,AST0641,SEC041,Pantograph interface,Transformer Servicing,Bushing defect,1,CRITICAL,2025-02-01,2025-02-03,2025-02-08,10.0,5,HIGH,Scheduled,True
TRC1145,AST0611,SEC011,Catenary,Insulator Replacement,Mechanical failure,3,MEDIUM,2025-03-10,2025-03-11,2025-04-03,5.5,9,MEDIUM,In Progress,True
TRC1146,AST0661,SEC061,Feeder,Catenary Maintenance,Registration arm damage,5,LOW,2025-05-30,2025-06-02,2025-08-13,2.7,13,LOW,Pending,True
TRC1147,AST0446,SEC071,Sectioning equipment,Sectioning Post Maintenance,Isolator defect,3,MEDIUM,2025-07-04,2025-07-07,2025-07-23,3.1,10,MEDIUM,Pending,True
TRC1148,AST0469,SEC019,Feeder,Catenary Maintenance,Tension deviation,4,LOW,2025-03-23,2025-03-26,2025-05-04,4.8,12,LOW,Completed,True
TRC1149,AST0485,SEC035,Feeder,Switchgear Maintenance,Relay malfunction,5,LOW,2025-02-24,2025-02-26,2025-05-21,5.5,13,LOW,Cancelled,True
TRC1150,AST0671,SEC071,Electrical switchgear,OHE Mast Repair,Foundation settlement,2,HIGH,2025-07-12,2025-07-15,2025-07-26,10.6,4,HIGH,Scheduled,True
TRC1151,AST0501,SEC051,Feeder,Insulator Replacement,Mechanical failure,2,HIGH,2025-01-04,2025-01-04,2025-01-11,7.3,13,HIGH,Cancelled,True
TRC1152,AST0697,SEC022,Pantograph interface,Feeder Repair,Joint failure,3,MEDIUM,2025-01-16,2025-01-19,2025-02-09,5.4,2,MEDIUM,Completed,False
TRC1153,AST0612,SEC012,Transformer,Feeder Repair,Cable damage,3,MEDIUM,2025-07-16,2025-07-18,2025-08-07,5.5,11,MEDIUM,Pending,False
TRC1154,AST0409,SEC034,Pantograph interface,Insulator Replacement,Cracked insulator,3,MEDIUM,2025-10-24,2025-10-25,2025-11-22,8.8,3,MEDIUM,Scheduled,False
TRC1155,AST0542,SEC017,Sectioning equipment,OHE Inspection,Stagger fault,5,LOW,2025-10-27,2025-10-28,2026-01-23,12.0,8,LOW,Cancelled,True
TRC1156,AST0615,SEC015,Electrical switchgear,Sectioning Post Maintenance,Jumper damage,3,MEDIUM,2025-05-01,2025-05-04,2025-05-28,4.1,2,MEDIUM,Completed,False
TRC1157,AST0426,SEC051,Insulator,Transformer Servicing,Oil leak,4,LOW,2025-01-31,2025-01-31,2025-03-09,1.4,8,LOW,Completed,True
TRC1158,AST0482,SEC032,Insulator,Insulator Replacement,Flashover damage,1,CRITICAL,2025-06-22,2025-06-22,2025-06-26,7.5,15,HIGH,In Progress,False
TRC1159,AST0687,SEC012,Electrical switchgear,Switchgear Maintenance,Relay malfunction,2,HIGH,2025-02-18,2025-02-21,2025-03-01,8.6,5,HIGH,Cancelled,False
TRC1160,AST0433,SEC058,Pantograph interface,OHE Mast Repair,Guy wire slack,2,HIGH,2025-01-22,2025-01-24,2025-02-04,1.5,5,HIGH,Completed,True
TRC1161,AST0692,SEC017,Transformer,OHE Mast Repair,Corrosion,5,LOW,2025-02-22,2025-02-22,2025-04-23,6.5,12,LOW,Pending,False
TRC1162,AST0591,SEC066,Electrical switchgear,Switchgear Maintenance,Contactor wear,5,LOW,2025-07-09,2025-07-11,2025-09-23,11.7,7,LOW,Cancelled,False
TRC1163,AST0413,SEC038,Feeder,OHE Mast Repair,Corrosion,3,MEDIUM,2025-09-14,2025-09-17,2025-10-01,3.3,10,MEDIUM,Cancelled,True
TRC1164,AST0656,SEC056,OHE,Switchgear Maintenance,Contactor wear,4,LOW,2025-11-06,2025-11-06,2025-12-08,1.2,12,LOW,Pending,True
TRC1165,AST0535,SEC010,Electrical switchgear,OHE Inspection,Height deviation,4,LOW,2025-12-20,2025-12-20,2026-02-12,2.8,10,LOW,Scheduled,False
TRC1166,AST0688,SEC013,OHE,OHE Inspection,Stagger fault,4,LOW,2025-03-16,2025-03-18,2025-05-16,10.7,14,LOW,Completed,True
TRC1167,AST0458,SEC008,Insulator,Transformer Servicing,Winding fault,3,MEDIUM,2025-10-22,2025-10-23,2025-11-15,10.5,13,MEDIUM,Cancelled,True
TRC1168,AST0545,SEC020,Pantograph interface,Transformer Servicing,Oil leak,3,MEDIUM,2025-05-20,2025-05-23,2025-06-14,2.6,14,MEDIUM,Completed,False
TRC1169,AST0479,SEC029,Electrical switchgear,Switchgear Maintenance,Relay malfunction,3,MEDIUM,2025-03-10,2025-03-10,2025-04-09,11.1,3,MEDIUM,Completed,True
TRC1170,AST0475,SEC025,Catenary,Transformer Servicing,Bushing defect,3,MEDIUM,2025-11-03,2025-11-05,2025-11-23,6.3,5,MEDIUM,Scheduled,True
TRC1171,AST0466,SEC016,Insulator,Sectioning Post Maintenance,Earthing issue,4,LOW,2025-05-14,2025-05-16,2025-06-15,1.4,4,LOW,Completed,True
TRC1172,AST0604,SEC004,Transformer,Transformer Servicing,Cooling system failure,5,LOW,2025-05-10,2025-05-10,2025-06-29,5.2,10,LOW,Cancelled,False
TRC1173,AST0477,SEC027,Feeder,OHE Inspection,Dropper defect,2,HIGH,2025-02-23,2025-02-26,2025-03-10,4.5,7,HIGH,Pending,True
TRC1174,AST0522,SEC072,Insulator,Transformer Servicing,Bushing defect,4,LOW,2025-08-29,2025-08-30,2025-10-15,1.4,10,LOW,Pending,True
TRC1175,AST0589,SEC064,Feeder,Catenary Maintenance,Catenary sag,4,LOW,2025-06-28,2025-06-30,2025-08-17,8.9,3,LOW,Cancelled,False
TRC1176,AST0462,SEC012,Sectioning equipment,Catenary Maintenance,Tension deviation,4,LOW,2025-02-24,2025-02-25,2025-03-26,1.3,9,LOW,Completed,True
TRC1177,AST0422,SEC047,Sectioning equipment,Switchgear Maintenance,Contactor wear,1,CRITICAL,2025-02-14,2025-02-14,2025-02-19,8.4,8,HIGH,Scheduled,True
TRC1178,AST0460,SEC010,Transformer,Sectioning Post Maintenance,Isolator defect,3,MEDIUM,2025-08-14,2025-08-15,2025-09-09,10.8,9,MEDIUM,Pending,False
TRC1179,AST0680,SEC005,OHE,Insulator Replacement,Cracked insulator,2,HIGH,2025-02-21,2025-02-21,2025-03-05,9.2,3,HIGH,Pending,True
TRC1180,AST0415,SEC040,Electrical switchgear,Feeder Repair,Overheating,4,LOW,2025-12-06,2025-12-09,2026-01-06,10.6,2,LOW,Completed,False
TRC1181,AST0581,SEC056,Feeder,Catenary Maintenance,Splice joint fault,3,MEDIUM,2025-03-08,2025-03-10,2025-04-04,8.5,11,MEDIUM,In Progress,True
TRC1182,AST0503,SEC053,Electrical switchgear,Insulator Replacement,Mechanical failure,2,HIGH,2025-01-09,2025-01-11,2025-01-18,6.9,15,HIGH,Cancelled,False
TRC1183,AST0469,SEC019,Feeder,Catenary Maintenance,Tension deviation,2,HIGH,2025-05-29,2025-06-01,2025-06-13,6.1,13,HIGH,Pending,True
TRC1184,AST0430,SEC055,Sectioning equipment,OHE Mast Repair,Bracket damage,1,CRITICAL,2025-03-18,2025-03-19,2025-03-24,4.8,2,HIGH,Pending,True
TRC1185,AST0467,SEC017,Catenary,OHE Inspection,Stagger fault,2,HIGH,2025-07-01,2025-07-03,2025-07-18,5.8,5,HIGH,Cancelled,True
TRC1186,AST0488,SEC038,OHE,OHE Mast Repair,Foundation settlement,3,MEDIUM,2025-11-01,2025-11-01,2025-11-19,8.1,6,MEDIUM,Completed,True
TRC1187,AST0564,SEC039,Transformer,Catenary Maintenance,Catenary sag,4,LOW,2025-04-08,2025-04-08,2025-06-01,10.8,12,LOW,In Progress,False
TRC1188,AST0666,SEC066,Insulator,Feeder Repair,Insulation breakdown,2,HIGH,2025-11-13,2025-11-16,2025-11-29,8.0,3,HIGH,Completed,False
TRC1189,AST0566,SEC041,Sectioning equipment,Transformer Servicing,Winding fault,3,MEDIUM,2025-03-11,2025-03-12,2025-04-11,6.7,7,MEDIUM,Completed,False
TRC1190,AST0697,SEC022,Pantograph interface,Feeder Repair,Cable damage,3,MEDIUM,2025-08-16,2025-08-17,2025-09-06,5.9,15,MEDIUM,Completed,False
TRC1191,AST0406,SEC031,Sectioning equipment,Catenary Maintenance,Catenary sag,3,MEDIUM,2025-04-25,2025-04-27,2025-05-12,11.6,11,MEDIUM,Scheduled,True
TRC1192,AST0665,SEC065,Pantograph interface,Feeder Repair,Joint failure,3,MEDIUM,2025-06-09,2025-06-11,2025-07-02,9.0,10,MEDIUM,Completed,True
TRC1193,AST0548,SEC023,Transformer,Feeder Repair,Overheating,5,LOW,2025-07-14,2025-07-15,2025-10-11,9.4,2,LOW,Pending,True
TRC1194,AST0673,SEC073,Pantograph interface,Switchgear Maintenance,Circuit breaker fault,4,LOW,2025-06-25,2025-06-25,2025-08-23,8.4,11,LOW,Pending,False
TRC1195,AST0583,SEC058,Electrical switchgear,Transformer Servicing,Winding fault,1,CRITICAL,2025-11-17,2025-11-17,2025-11-23,7.5,12,HIGH,Scheduled,True
TRC1196,AST0409,SEC034,Pantograph interface,Catenary Maintenance,Catenary sag,3,MEDIUM,2025-04-02,2025-04-04,2025-04-21,9.0,13,MEDIUM,Pending,False
TRC1197,AST0436,SEC061,Transformer,Switchgear Maintenance,Contactor wear,3,MEDIUM,2025-03-06,2025-03-09,2025-03-26,11.6,7,MEDIUM,Pending,True
TRC1198,AST0454,SEC004,Sectioning equipment,Switchgear Maintenance,Arc damage,5,LOW,2025-05-16,2025-05-19,2025-08-09,10.7,9,LOW,Pending,True
TRC1199,AST0653,SEC053,Feeder,Insulator Replacement,Cracked insulator,2,HIGH,2025-03-02,2025-03-02,2025-03-11,3.7,13,HIGH,Cancelled,True
TRC1200,AST0578,SEC053,Insulator,OHE Mast Repair,Bracket damage,2,HIGH,2025-10-12,2025-10-12,2025-10-26,5.2,10,HIGH,Completed,False
TRC1201,AST0475,SEC025,Catenary,Switchgear Maintenance,Contactor wear,3,MEDIUM,2025-11-15,2025-11-17,2025-12-15,6.9,2,MEDIUM,Completed,True
TRC1202,AST0532,SEC007,Transformer,Switchgear Maintenance,Relay malfunction,3,MEDIUM,2025-12-17,2025-12-17,2026-01-09,9.0,4,MEDIUM,Pending,False
TRC1203,AST0677,SEC002,Feeder,Switchgear Maintenance,Arc damage,1,CRITICAL,2025-06-26,2025-06-26,2025-06-30,7.5,11,HIGH,Completed,True
TRC1204,AST0500,SEC050,Transformer,OHE Mast Repair,Foundation settlement,1,CRITICAL,2025-03-06,2025-03-08,2025-03-14,3.1,2,HIGH,In Progress,False
TRC1205,AST0536,SEC011,OHE,OHE Mast Repair,Guy wire slack,3,MEDIUM,2025-06-05,2025-06-07,2025-06-24,1.5,9,MEDIUM,Scheduled,True
TRC1206,AST0405,SEC030,Feeder,Transformer Servicing,Oil leak,3,MEDIUM,2025-03-23,2025-03-23,2025-04-16,9.6,11,MEDIUM,In Progress,False
TRC1207,AST0691,SEC016,Catenary,OHE Mast Repair,Corrosion,2,HIGH,2025-03-07,2025-03-07,2025-03-21,9.9,13,HIGH,Cancelled,True
TRC1208,AST0648,SEC048,OHE,Switchgear Maintenance,Contactor wear,3,MEDIUM,2025-06-02,2025-06-04,2025-06-27,8.5,5,MEDIUM,Completed,True
TRC1209,AST0602,SEC002,Insulator,OHE Inspection,Height deviation,2,HIGH,2025-08-18,2025-08-20,2025-08-31,5.6,8,HIGH,Completed,False
TRC1210,AST0624,SEC024,OHE,OHE Inspection,Dropper defect,4,LOW,2025-04-26,2025-04-27,2025-06-08,4.3,7,LOW,Completed,True
TRC1211,AST0421,SEC046,Feeder,Switchgear Maintenance,Contactor wear,3,MEDIUM,2025-08-23,2025-08-26,2025-09-18,2.9,6,MEDIUM,Completed,True
TRC1212,AST0623,SEC023,Electrical switchgear,Feeder Repair,Cable damage,4,LOW,2025-09-12,2025-09-14,2025-10-28,5.3,5,LOW,Completed,True
TRC1213,AST0414,SEC039,Sectioning equipment,OHE Mast Repair,Bracket damage,3,MEDIUM,2025-05-09,2025-05-11,2025-06-06,5.6,12,MEDIUM,Completed,True
TRC1214,AST0613,SEC013,Feeder,Transformer Servicing,Oil leak,3,MEDIUM,2025-12-09,2025-12-12,2025-12-26,4.5,12,MEDIUM,Scheduled,True
TRC1215,AST0547,SEC022,Catenary,OHE Mast Repair,Bracket damage,3,MEDIUM,2025-02-10,2025-02-10,2025-03-06,11.5,12,MEDIUM,Completed,True
TRC1216,AST0629,SEC029,Feeder,Catenary Maintenance,Tension deviation,2,HIGH,2025-03-02,2025-03-04,2025-03-15,11.0,12,HIGH,Completed,True
TRC1217,AST0559,SEC034,Electrical switchgear,OHE Mast Repair,Bracket damage,3,MEDIUM,2025-11-13,2025-11-13,2025-11-27,7.4,5,MEDIUM,Completed,False
TRC1218,AST0566,SEC041,Sectioning equipment,OHE Inspection,Dropper defect,2,HIGH,2025-04-03,2025-04-04,2025-04-11,4.4,11,HIGH,Scheduled,True
TRC1219,AST0695,SEC020,Electrical switchgear,OHE Mast Repair,Corrosion,5,LOW,2025-09-28,2025-09-30,2025-12-28,10.8,2,LOW,Pending,False
TRC1220,AST0436,SEC061,Transformer,Sectioning Post Maintenance,Earthing issue,4,LOW,2025-12-18,2025-12-18,2026-01-25,11.6,2,LOW,Scheduled,False
TRC1221,AST0547,SEC022,Catenary,Insulator Replacement,Mechanical failure,4,LOW,2025-07-23,2025-07-25,2025-09-15,9.4,2,LOW,Completed,False
TRC1222,AST0688,SEC013,OHE,Insulator Replacement,Cracked insulator,4,LOW,2025-11-04,2025-11-04,2025-12-02,8.5,8,LOW,Cancelled,True
TRC1223,AST0674,SEC074,Insulator,Switchgear Maintenance,Circuit breaker fault,3,MEDIUM,2025-02-11,2025-02-13,2025-02-28,4.8,6,MEDIUM,Scheduled,False
TRC1224,AST0452,SEC002,Transformer,Catenary Maintenance,Registration arm damage,2,HIGH,2025-05-22,2025-05-23,2025-06-06,10.2,2,HIGH,Completed,False
TRC1225,AST0498,SEC048,Insulator,Insulator Replacement,Cracked insulator,3,MEDIUM,2025-03-16,2025-03-17,2025-04-07,7.0,8,MEDIUM,In Progress,False
TRC1226,AST0658,SEC058,Insulator,Insulator Replacement,Mechanical failure,2,HIGH,2025-05-03,2025-05-06,2025-05-14,4.1,14,HIGH,In Progress,True
TRC1227,AST0436,SEC061,Transformer,Sectioning Post Maintenance,Earthing issue,5,LOW,2025-08-03,2025-08-03,2025-10-20,11.2,11,LOW,Completed,True
TRC1228,AST0591,SEC066,Electrical switchgear,Switchgear Maintenance,Circuit breaker fault,3,MEDIUM,2025-07-30,2025-08-01,2025-08-19,9.3,12,MEDIUM,In Progress,True
TRC1229,AST0478,SEC028,Sectioning equipment,Switchgear Maintenance,Circuit breaker fault,2,HIGH,2025-08-14,2025-08-15,2025-08-26,5.1,7,HIGH,Completed,True
TRC1230,AST0626,SEC026,Insulator,OHE Inspection,Height deviation,3,MEDIUM,2025-07-26,2025-07-26,2025-08-18,11.4,6,MEDIUM,Completed,True
TRC1231,AST0628,SEC028,Transformer,OHE Inspection,Stagger fault,2,HIGH,2025-06-10,2025-06-12,2025-06-23,2.3,14,HIGH,Scheduled,False
TRC1232,AST0668,SEC068,Transformer,OHE Inspection,Stagger fault,1,CRITICAL,2025-03-29,2025-03-31,2025-04-06,6.0,9,HIGH,Pending,False
TRC1233,AST0485,SEC035,Feeder,OHE Mast Repair,Bracket damage,1,CRITICAL,2025-02-09,2025-02-10,2025-02-15,9.1,5,HIGH,Completed,True
TRC1234,AST0682,SEC007,Insulator,Catenary Maintenance,Splice joint fault,1,CRITICAL,2025-12-12,2025-12-15,2025-12-18,2.3,2,HIGH,Cancelled,False
TRC1235,AST0510,SEC060,Sectioning equipment,OHE Inspection,Dropper defect,4,LOW,2025-04-28,2025-04-28,2025-06-07,9.6,12,LOW,Scheduled,True
TRC1236,AST0464,SEC014,OHE,Sectioning Post Maintenance,Interrupter fault,2,HIGH,2025-06-16,2025-06-19,2025-06-26,4.7,6,HIGH,Cancelled,True
TRC1237,AST0465,SEC015,Pantograph interface,Insulator Replacement,Pollution deposit,2,HIGH,2025-10-30,2025-10-31,2025-11-09,1.9,2,HIGH,Cancelled,True
TRC1238,AST0605,SEC005,Feeder,Catenary Maintenance,Catenary sag,2,HIGH,2025-11-05,2025-11-05,2025-11-15,1.5,11,HIGH,Completed,True
TRC1239,AST0624,SEC024,OHE,OHE Mast Repair,Corrosion,2,HIGH,2025-11-09,2025-11-11,2025-11-25,5.7,12,HIGH,Scheduled,True
TRC1240,AST0527,SEC002,Electrical switchgear,Switchgear Maintenance,Contactor wear,2,HIGH,2025-01-07,2025-01-07,2025-01-16,1.1,8,HIGH,Scheduled,False
TRC1241,AST0528,SEC003,OHE,Transformer Servicing,Cooling system failure,2,HIGH,2025-09-05,2025-09-06,2025-09-13,7.0,2,HIGH,Scheduled,False
TRC1242,AST0641,SEC041,Pantograph interface,OHE Inspection,Height deviation,2,HIGH,2025-07-23,2025-07-25,2025-08-04,6.2,13,HIGH,Completed,False
TRC1243,AST0402,SEC027,Insulator,Switchgear Maintenance,Arc damage,3,MEDIUM,2025-11-07,2025-11-10,2025-11-29,7.5,15,MEDIUM,Completed,True
TRC1244,AST0677,SEC002,Feeder,Sectioning Post Maintenance,Isolator defect,2,HIGH,2025-08-02,2025-08-04,2025-08-12,9.5,9,HIGH,Scheduled,True
TRC1245,AST0534,SEC009,Sectioning equipment,OHE Inspection,Stagger fault,5,LOW,2025-03-24,2025-03-24,2025-06-20,7.6,3,LOW,Cancelled,True
TRC1246,AST0666,SEC066,Insulator,Switchgear Maintenance,Circuit breaker fault,4,LOW,2025-04-15,2025-04-16,2025-06-12,7.7,6,LOW,Completed,True
TRC1247,AST0527,SEC002,Electrical switchgear,Sectioning Post Maintenance,Isolator defect,5,LOW,2025-08-15,2025-08-16,2025-10-07,10.7,14,LOW,Pending,False
TRC1248,AST0517,SEC067,Feeder,OHE Mast Repair,Corrosion,5,LOW,2025-09-15,2025-09-16,2025-11-21,1.9,10,LOW,Scheduled,True
TRC1249,AST0629,SEC029,Feeder,Insulator Replacement,Pollution deposit,3,MEDIUM,2025-08-05,2025-08-05,2025-08-26,8.7,6,MEDIUM,Pending,False
TRC1250,AST0555,SEC030,Catenary,Feeder Repair,Cable damage,1,CRITICAL,2025-09-03,2025-09-04,2025-09-07,6.3,3,HIGH,Completed,False
TRC1251,AST0422,SEC047,Sectioning equipment,Sectioning Post Maintenance,Interrupter fault,4,LOW,2025-03-14,2025-03-15,2025-04-23,1.6,12,LOW,Scheduled,True
TRC1252,AST0680,SEC005,OHE,Transformer Servicing,Winding fault,3,MEDIUM,2025-04-06,2025-04-08,2025-05-01,9.5,10,MEDIUM,Cancelled,True
TRC1253,AST0546,SEC021,Insulator,OHE Inspection,Stagger fault,2,HIGH,2025-05-11,2025-05-13,2025-05-21,8.7,10,HIGH,Pending,False
TRC1254,AST0466,SEC016,Insulator,Feeder Repair,Insulation breakdown,5,LOW,2025-02-20,2025-02-21,2025-04-18,2.2,13,LOW,Completed,False
TRC1255,AST0629,SEC029,Feeder,Switchgear Maintenance,Contactor wear,2,HIGH,2025-05-12,2025-05-14,2025-05-29,7.7,15,HIGH,Scheduled,True
TRC1256,AST0469,SEC019,Feeder,Switchgear Maintenance,Arc damage,3,MEDIUM,2025-06-27,2025-06-29,2025-07-13,5.9,13,MEDIUM,Pending,True
TRC1257,AST0419,SEC044,Catenary,Catenary Maintenance,Catenary sag,3,MEDIUM,2025-04-14,2025-04-17,2025-05-02,7.8,15,MEDIUM,Pending,True
TRC1258,AST0501,SEC051,Feeder,Insulator Replacement,Pollution deposit,2,HIGH,2025-06-10,2025-06-10,2025-06-21,4.6,14,HIGH,Scheduled,True
TRC1259,AST0646,SEC046,Sectioning equipment,Insulator Replacement,Mechanical failure,4,LOW,2024-12-31,2025-01-01,2025-02-21,9.2,8,LOW,Pending,True
TRC1260,AST0410,SEC035,Insulator,Feeder Repair,Insulation breakdown,4,LOW,2025-01-02,2025-01-03,2025-02-16,8.8,8,LOW,Pending,False
TRC1261,AST0471,SEC021,Electrical switchgear,Sectioning Post Maintenance,Isolator defect,1,CRITICAL,2025-06-27,2025-06-30,2025-07-06,1.2,4,HIGH,Scheduled,True
TRC1262,AST0516,SEC066,Transformer,Switchgear Maintenance,Relay malfunction,4,LOW,2025-02-07,2025-02-08,2025-03-28,11.2,14,LOW,Completed,True
TRC1263,AST0449,SEC074,Pantograph interface,Sectioning Post Maintenance,Jumper damage,4,LOW,2025-06-15,2025-06-17,2025-08-13,8.0,12,LOW,Completed,True
TRC1264,AST0493,SEC043,Feeder,OHE Inspection,Height deviation,3,MEDIUM,2025-02-05,2025-02-07,2025-02-22,9.3,11,MEDIUM,Pending,True
TRC1265,AST0516,SEC066,Transformer,Insulator Replacement,Pollution deposit,3,MEDIUM,2025-10-15,2025-10-18,2025-11-16,8.4,10,MEDIUM,Scheduled,False
TRC1266,AST0406,SEC031,Sectioning equipment,Insulator Replacement,Cracked insulator,3,MEDIUM,2025-10-22,2025-10-23,2025-11-15,3.7,11,MEDIUM,Pending,True
TRC1267,AST0684,SEC009,Transformer,Feeder Repair,Cable damage,4,LOW,2025-02-05,2025-02-06,2025-03-04,12.0,2,LOW,In Progress,False
TRC1268,AST0664,SEC064,OHE,OHE Mast Repair,Foundation settlement,2,HIGH,2025-11-09,2025-11-12,2025-11-26,5.1,10,HIGH,Scheduled,True
TRC1269,AST0603,SEC003,Catenary,Transformer Servicing,Winding fault,4,LOW,2025-03-11,2025-03-14,2025-05-06,8.1,12,LOW,Pending,True
TRC1270,AST0636,SEC036,Transformer,Sectioning Post Maintenance,Jumper damage,3,MEDIUM,2025-08-17,2025-08-20,2025-09-19,6.3,7,MEDIUM,Pending,False
TRC1271,AST0401,SEC026,Pantograph interface,Transformer Servicing,Bushing defect,3,MEDIUM,2025-05-04,2025-05-04,2025-05-23,11.3,2,MEDIUM,In Progress,False
TRC1272,AST0621,SEC021,Feeder,Sectioning Post Maintenance,Isolator defect,4,LOW,2025-03-10,2025-03-10,2025-05-06,10.1,2,LOW,Completed,True
TRC1273,AST0538,SEC013,Insulator,Transformer Servicing,Cooling system failure,3,MEDIUM,2025-01-01,2025-01-02,2025-01-17,7.2,7,MEDIUM,Completed,False
TRC1274,AST0459,SEC009,Catenary,OHE Mast Repair,Guy wire slack,4,LOW,2025-10-08,2025-10-11,2025-11-23,11.6,15,LOW,Pending,True
TRC1275,AST0452,SEC002,Transformer,OHE Inspection,Contact wire wear,2,HIGH,2025-02-07,2025-02-10,2025-02-23,3.2,7,HIGH,Cancelled,False
TRC1276,AST0564,SEC039,Transformer,OHE Mast Repair,Foundation settlement,3,MEDIUM,2025-03-02,2025-03-03,2025-03-26,11.1,13,MEDIUM,Completed,False
TRC1277,AST0452,SEC002,Transformer,Sectioning Post Maintenance,Isolator defect,3,MEDIUM,2025-04-27,2025-04-29,2025-05-25,7.1,10,MEDIUM,Pending,True
TRC1278,AST0698,SEC023,Insulator,Transformer Servicing,Oil leak,3,MEDIUM,2025-11-04,2025-11-06,2025-11-26,9.1,4,MEDIUM,Completed,False
TRC1279,AST0541,SEC016,Feeder,Insulator Replacement,Mechanical failure,5,LOW,2025-01-11,2025-01-12,2025-04-10,4.8,6,LOW,Completed,True
TRC1280,AST0477,SEC027,Feeder,OHE Inspection,Height deviation,4,LOW,2025-04-27,2025-04-27,2025-06-20,9.6,5,LOW,In Progress,True
TRC1281,AST0453,SEC003,Feeder,Catenary Maintenance,Splice joint fault,3,MEDIUM,2025-10-20,2025-10-20,2025-11-19,10.2,5,MEDIUM,Completed,True
TRC1282,AST0459,SEC009,Catenary,Feeder Repair,Joint failure,4,LOW,2025-07-02,2025-07-02,2025-08-20,9.0,15,LOW,Completed,True
TRC1283,AST0431,SEC056,Electrical switchgear,Sectioning Post Maintenance,Earthing issue,5,LOW,2025-02-20,2025-02-21,2025-04-11,8.4,8,LOW,Completed,False
TRC1284,AST0499,SEC049,Catenary,Switchgear Maintenance,Contactor wear,2,HIGH,2025-03-11,2025-03-12,2025-03-25,8.7,8,HIGH,Scheduled,True
TRC1285,AST0495,SEC045,Electrical switchgear,Catenary Maintenance,Catenary sag,3,MEDIUM,2025-03-08,2025-03-09,2025-04-04,10.0,2,MEDIUM,Scheduled,False
TRC1286,AST0564,SEC039,Transformer,OHE Mast Repair,Corrosion,3,MEDIUM,2025-11-24,2025-11-27,2025-12-22,7.1,3,MEDIUM,Pending,False
TRC1287,AST0659,SEC059,Catenary,Feeder Repair,Overheating,3,MEDIUM,2025-07-01,2025-07-01,2025-07-22,5.9,13,MEDIUM,Pending,True
TRC1288,AST0690,SEC015,Insulator,Transformer Servicing,Cooling system failure,4,LOW,2025-06-13,2025-06-15,2025-07-24,6.3,13,LOW,In Progress,False
TRC1289,AST0460,SEC010,Transformer,OHE Inspection,Dropper defect,4,LOW,2025-11-22,2025-11-23,2026-01-22,1.5,8,LOW,Completed,False
TRC1290,AST0584,SEC059,OHE,OHE Inspection,Contact wire wear,2,HIGH,2025-10-26,2025-10-27,2025-11-07,11.6,4,HIGH,Pending,True
TRC1291,AST0611,SEC011,Catenary,Insulator Replacement,Cracked insulator,2,HIGH,2025-06-18,2025-06-20,2025-07-04,6.8,15,HIGH,Completed,True
TRC1292,AST0512,SEC062,OHE,Sectioning Post Maintenance,Earthing issue,2,HIGH,2025-07-17,2025-07-19,2025-07-31,9.2,12,HIGH,In Progress,True
TRC1293,AST0643,SEC043,Catenary,Switchgear Maintenance,Contactor wear,2,HIGH,2025-03-26,2025-03-29,2025-04-10,5.0,12,HIGH,Scheduled,True
TRC1294,AST0546,SEC021,Insulator,Catenary Maintenance,Tension deviation,2,HIGH,2025-12-06,2025-12-09,2025-12-20,6.7,3,HIGH,Scheduled,False
TRC1295,AST0632,SEC032,OHE,Transformer Servicing,Winding fault,2,HIGH,2025-05-01,2025-05-01,2025-05-08,1.5,15,HIGH,Scheduled,True
TRC1296,AST0478,SEC028,Sectioning equipment,Insulator Replacement,Cracked insulator,4,LOW,2025-01-15,2025-01-16,2025-03-02,10.1,14,LOW,Completed,True
TRC1297,AST0620,SEC020,Transformer,Switchgear Maintenance,Circuit breaker fault,3,MEDIUM,2025-07-31,2025-08-03,2025-08-18,7.2,5,MEDIUM,In Progress,False
TRC1298,AST0552,SEC027,OHE,OHE Mast Repair,Guy wire slack,5,LOW,2025-10-26,2025-10-27,2025-12-11,3.5,11,LOW,Completed,True
TRC1299,AST0457,SEC007,Pantograph interface,Feeder Repair,Joint failure,4,LOW,2025-01-03,2025-01-06,2025-02-08,7.6,7,LOW,Pending,True
TRC1300,AST0463,SEC013,Electrical switchgear,Switchgear Maintenance,Arc damage,3,MEDIUM,2025-10-25,2025-10-25,2025-11-12,10.8,4,MEDIUM,Completed,True
TRC1301,AST0700,SEC025,Transformer,OHE Mast Repair,Bracket damage,5,LOW,2025-01-19,2025-01-19,2025-04-05,4.9,2,LOW,Scheduled,True
TRC1302,AST0415,SEC040,Electrical switchgear,Sectioning Post Maintenance,Earthing issue,2,HIGH,2025-11-16,2025-11-17,2025-11-25,12.0,6,HIGH,Pending,True
TRC1303,AST0606,SEC006,Sectioning equipment,Feeder Repair,Overheating,2,HIGH,2025-11-06,2025-11-07,2025-11-17,1.7,5,HIGH,Cancelled,True
TRC1304,AST0497,SEC047,Pantograph interface,OHE Mast Repair,Corrosion,3,MEDIUM,2025-10-10,2025-10-11,2025-10-30,9.2,12,MEDIUM,Scheduled,False
TRC1305,AST0610,SEC010,Insulator,Sectioning Post Maintenance,Earthing issue,3,MEDIUM,2025-12-10,2025-12-13,2026-01-05,11.5,6,MEDIUM,Pending,True
TRC1306,AST0648,SEC048,OHE,Switchgear Maintenance,Circuit breaker fault,2,HIGH,2025-10-26,2025-10-26,2025-11-05,10.3,5,HIGH,Cancelled,True
TRC1307,AST0597,SEC072,Feeder,Catenary Maintenance,Tension deviation,3,MEDIUM,2025-11-23,2025-11-26,2025-12-17,10.8,11,MEDIUM,Cancelled,True
TRC1308,AST0558,SEC033,Sectioning equipment,Switchgear Maintenance,Contactor wear,2,HIGH,2025-10-24,2025-10-27,2025-11-08,10.7,3,HIGH,Pending,True
TRC1309,AST0657,SEC057,Pantograph interface,Feeder Repair,Overheating,2,HIGH,2025-06-18,2025-06-18,2025-06-27,7.2,6,HIGH,Pending,False
TRC1310,AST0467,SEC017,Catenary,Feeder Repair,Cable damage,3,MEDIUM,2025-12-05,2025-12-06,2025-12-27,1.0,6,MEDIUM,Completed,True
TRC1311,AST0430,SEC055,Sectioning equipment,Transformer Servicing,Winding fault,4,LOW,2025-07-11,2025-07-12,2025-08-24,7.7,7,LOW,Pending,True
TRC1312,AST0658,SEC058,Insulator,OHE Mast Repair,Bracket damage,2,HIGH,2025-02-02,2025-02-03,2025-02-11,4.7,11,HIGH,In Progress,False
TRC1313,AST0632,SEC032,OHE,Sectioning Post Maintenance,Jumper damage,2,HIGH,2025-06-23,2025-06-25,2025-07-06,5.2,2,HIGH,Pending,True
TRC1314,AST0522,SEC072,Insulator,Transformer Servicing,Bushing defect,1,CRITICAL,2025-11-27,2025-11-29,2025-12-02,2.8,3,HIGH,Scheduled,True
TRC1315,AST0598,SEC073,Sectioning equipment,Switchgear Maintenance,Contactor wear,3,MEDIUM,2025-01-30,2025-02-01,2025-02-26,10.6,11,MEDIUM,Pending,True
TRC1316,AST0539,SEC014,Catenary,Catenary Maintenance,Tension deviation,4,LOW,2025-07-21,2025-07-21,2025-09-11,4.8,12,LOW,Completed,True
TRC1317,AST0573,SEC048,Feeder,OHE Inspection,Contact wire wear,5,LOW,2025-09-12,2025-09-15,2025-11-03,3.1,8,LOW,Completed,True
TRC1318,AST0494,SEC044,Sectioning equipment,OHE Mast Repair,Corrosion,3,MEDIUM,2025-09-21,2025-09-24,2025-10-10,6.1,3,MEDIUM,Pending,True
TRC1319,AST0564,SEC039,Transformer,Insulator Replacement,Mechanical failure,3,MEDIUM,2025-01-02,2025-01-05,2025-01-27,7.0,15,MEDIUM,Completed,False
TRC1320,AST0449,SEC074,Pantograph interface,Catenary Maintenance,Tension deviation,2,HIGH,2025-01-29,2025-02-01,2025-02-13,10.2,14,HIGH,Scheduled,True
TRC1321,AST0592,SEC067,OHE,Transformer Servicing,Winding fault,2,HIGH,2025-06-03,2025-06-04,2025-06-17,7.6,8,HIGH,Pending,True
TRC1322,AST0418,SEC043,Insulator,OHE Inspection,Stagger fault,4,LOW,2025-06-14,2025-06-17,2025-07-14,7.3,8,LOW,Pending,True
TRC1323,AST0615,SEC015,Electrical switchgear,Sectioning Post Maintenance,Jumper damage,1,CRITICAL,2025-05-27,2025-05-30,2025-06-02,4.9,14,HIGH,Pending,True
TRC1324,AST0517,SEC067,Feeder,Catenary Maintenance,Tension deviation,2,HIGH,2025-02-13,2025-02-14,2025-02-22,7.9,15,HIGH,Pending,True
TRC1325,AST0562,SEC037,Insulator,Catenary Maintenance,Catenary sag,2,HIGH,2025-02-13,2025-02-15,2025-02-22,6.9,12,HIGH,Scheduled,True
TRC1326,AST0480,SEC030,OHE,Catenary Maintenance,Registration arm damage,4,LOW,2025-07-31,2025-08-03,2025-09-03,3.7,14,LOW,Pending,True
TRC1327,AST0583,SEC058,Electrical switchgear,Switchgear Maintenance,Circuit breaker fault,3,MEDIUM,2025-05-14,2025-05-15,2025-06-11,10.1,11,MEDIUM,Completed,True
TRC1328,AST0495,SEC045,Electrical switchgear,Transformer Servicing,Winding fault,4,LOW,2025-07-25,2025-07-27,2025-09-04,10.9,8,LOW,Completed,False
TRC1329,AST0450,SEC075,Insulator,OHE Inspection,Stagger fault,1,CRITICAL,2025-12-13,2025-12-13,2025-12-18,11.3,3,HIGH,Completed,False
TRC1330,AST0473,SEC023,Pantograph interface,Insulator Replacement,Pollution deposit,2,HIGH,2025-11-28,2025-12-01,2025-12-08,11.4,2,HIGH,Scheduled,True
TRC1331,AST0687,SEC012,Electrical switchgear,OHE Inspection,Contact wire wear,4,LOW,2025-07-22,2025-07-22,2025-09-10,9.8,3,LOW,In Progress,False
TRC1332,AST0626,SEC026,Insulator,OHE Inspection,Height deviation,4,LOW,2025-01-17,2025-01-17,2025-03-07,6.1,7,LOW,Completed,False
TRC1333,AST0568,SEC043,OHE,Sectioning Post Maintenance,Interrupter fault,3,MEDIUM,2025-03-17,2025-03-17,2025-04-14,6.3,9,MEDIUM,Cancelled,True
TRC1334,AST0643,SEC043,Catenary,OHE Inspection,Contact wire wear,1,CRITICAL,2025-01-14,2025-01-16,2025-01-22,11.9,13,HIGH,Scheduled,True
TRC1335,AST0673,SEC073,Pantograph interface,Sectioning Post Maintenance,Isolator defect,4,LOW,2025-01-12,2025-01-15,2025-03-03,11.8,11,LOW,Completed,False
TRC1336,AST0612,SEC012,Transformer,Feeder Repair,Cable damage,5,LOW,2025-03-27,2025-03-30,2025-06-14,1.2,4,LOW,Pending,False
TRC1337,AST0590,SEC065,Sectioning equipment,Transformer Servicing,Winding fault,2,HIGH,2025-06-02,2025-06-03,2025-06-18,6.4,7,HIGH,Pending,True
TRC1338,AST0594,SEC069,Insulator,Transformer Servicing,Winding fault,2,HIGH,2025-07-24,2025-07-24,2025-08-03,4.5,6,HIGH,Completed,False
TRC1339,AST0516,SEC066,Transformer,Switchgear Maintenance,Arc damage,5,LOW,2025-01-06,2025-01-07,2025-03-23,3.1,11,LOW,Completed,True
TRC1340,AST0613,SEC013,Feeder,OHE Mast Repair,Foundation settlement,4,LOW,2025-07-28,2025-07-28,2025-09-20,10.3,2,LOW,Completed,True
TRC1341,AST0670,SEC070,Sectioning equipment,Transformer Servicing,Bushing defect,3,MEDIUM,2025-10-05,2025-10-08,2025-10-24,3.3,12,MEDIUM,Pending,True
TRC1342,AST0407,SEC032,Electrical switchgear,Transformer Servicing,Bushing defect,3,MEDIUM,2025-01-09,2025-01-11,2025-01-29,3.9,13,MEDIUM,Completed,False
TRC1343,AST0663,SEC063,Electrical switchgear,Feeder Repair,Cable damage,2,HIGH,2025-11-09,2025-11-09,2025-11-16,4.2,14,HIGH,Pending,True
TRC1344,AST0602,SEC002,Insulator,OHE Mast Repair,Corrosion,5,LOW,2025-06-26,2025-06-28,2025-09-06,11.5,6,LOW,Completed,False
TRC1345,AST0494,SEC044,Sectioning equipment,OHE Mast Repair,Bracket damage,4,LOW,2025-05-04,2025-05-05,2025-06-17,4.9,13,LOW,Completed,True
TRC1346,AST0503,SEC053,Electrical switchgear,OHE Inspection,Stagger fault,2,HIGH,2025-02-21,2025-02-24,2025-03-03,10.7,4,HIGH,In Progress,True
TRC1347,AST0534,SEC009,Sectioning equipment,Switchgear Maintenance,Arc damage,3,MEDIUM,2025-02-18,2025-02-21,2025-03-22,5.5,11,MEDIUM,Scheduled,True
TRC1348,AST0474,SEC024,Insulator,Catenary Maintenance,Splice joint fault,2,HIGH,2025-05-14,2025-05-17,2025-05-27,7.4,3,HIGH,Pending,True
TRC1349,AST0503,SEC053,Electrical switchgear,Insulator Replacement,Pollution deposit,4,LOW,2025-10-19,2025-10-20,2025-12-08,3.0,13,LOW,Pending,False
TRC1350,AST0527,SEC002,Electrical switchgear,OHE Mast Repair,Foundation settlement,3,MEDIUM,2025-09-13,2025-09-14,2025-09-28,10.2,14,MEDIUM,Pending,True
TRC1351,AST0620,SEC020,Transformer,OHE Inspection,Contact wire wear,4,LOW,2025-05-05,2025-05-08,2025-06-06,2.5,12,LOW,Completed,False
TRC1352,AST0586,SEC061,Insulator,Feeder Repair,Joint failure,1,CRITICAL,2025-08-10,2025-08-10,2025-08-14,10.3,14,HIGH,Pending,False
TRC1353,AST0605,SEC005,Feeder,OHE Inspection,Height deviation,2,HIGH,2025-04-22,2025-04-24,2025-05-07,6.5,6,HIGH,Completed,True
TRC1354,AST0464,SEC014,OHE,Transformer Servicing,Cooling system failure,3,MEDIUM,2025-05-20,2025-05-20,2025-06-15,4.2,6,MEDIUM,Pending,True
TRC1355,AST0509,SEC059,Feeder,Feeder Repair,Joint failure,3,MEDIUM,2025-11-19,2025-11-22,2025-12-18,1.8,2,MEDIUM,Scheduled,True
TRC1356,AST0515,SEC065,Catenary,OHE Mast Repair,Guy wire slack,3,MEDIUM,2025-10-05,2025-10-08,2025-10-23,10.4,13,MEDIUM,Completed,True
TRC1357,AST0503,SEC053,Electrical switchgear,Insulator Replacement,Cracked insulator,4,LOW,2025-02-14,2025-02-14,2025-04-05,7.4,4,LOW,In Progress,True
TRC1358,AST0447,SEC072,Electrical switchgear,Feeder Repair,Cable damage,4,LOW,2025-07-19,2025-07-19,2025-09-02,4.9,7,LOW,Scheduled,True
TRC1359,AST0506,SEC056,Insulator,Catenary Maintenance,Splice joint fault,1,CRITICAL,2025-04-26,2025-04-28,2025-05-01,9.4,2,HIGH,Scheduled,False
TRC1360,AST0657,SEC057,Pantograph interface,Transformer Servicing,Winding fault,3,MEDIUM,2025-07-31,2025-08-01,2025-08-17,11.1,2,MEDIUM,Scheduled,False
TRC1361,AST0561,SEC036,Pantograph interface,Catenary Maintenance,Registration arm damage,3,MEDIUM,2025-09-09,2025-09-12,2025-09-29,8.1,4,MEDIUM,In Progress,False
TRC1362,AST0477,SEC027,Feeder,Switchgear Maintenance,Contactor wear,2,HIGH,2025-05-11,2025-05-11,2025-05-25,3.6,10,HIGH,Scheduled,True
TRC1363,AST0512,SEC062,OHE,Feeder Repair,Joint failure,5,LOW,2025-05-09,2025-05-11,2025-07-03,8.7,14,LOW,Scheduled,True
TRC1364,AST0512,SEC062,OHE,Feeder Repair,Insulation breakdown,4,LOW,2025-05-08,2025-05-09,2025-06-16,6.6,9,LOW,Scheduled,True
TRC1365,AST0620,SEC020,Transformer,Feeder Repair,Joint failure,3,MEDIUM,2025-02-15,2025-02-17,2025-03-12,9.0,15,MEDIUM,Scheduled,False
TRC1366,AST0477,SEC027,Feeder,Switchgear Maintenance,Contactor wear,2,HIGH,2025-06-06,2025-06-08,2025-06-21,1.6,4,HIGH,Scheduled,True
TRC1367,AST0559,SEC034,Electrical switchgear,Sectioning Post Maintenance,Jumper damage,4,LOW,2025-07-02,2025-07-04,2025-08-23,7.5,15,LOW,Cancelled,False
TRC1368,AST0589,SEC064,Feeder,OHE Mast Repair,Corrosion,1,CRITICAL,2025-04-03,2025-04-04,2025-04-09,5.8,12,HIGH,Completed,True
TRC1369,AST0497,SEC047,Pantograph interface,Feeder Repair,Joint failure,4,LOW,2025-08-03,2025-08-05,2025-09-16,3.0,11,LOW,In Progress,False
TRC1370,AST0539,SEC014,Catenary,Catenary Maintenance,Tension deviation,3,MEDIUM,2025-06-11,2025-06-13,2025-07-11,6.0,14,MEDIUM,Completed,True
TRC1371,AST0554,SEC029,Insulator,OHE Inspection,Dropper defect,4,LOW,2025-06-02,2025-06-02,2025-07-14,2.7,12,LOW,Scheduled,False
TRC1372,AST0590,SEC065,Sectioning equipment,Transformer Servicing,Cooling system failure,1,CRITICAL,2025-10-27,2025-10-30,2025-11-04,6.0,12,HIGH,Completed,True
TRC1373,AST0686,SEC011,Sectioning equipment,Catenary Maintenance,Catenary sag,5,LOW,2025-08-10,2025-08-11,2025-11-01,11.9,12,LOW,Completed,True
TRC1374,AST0519,SEC069,Electrical switchgear,Feeder Repair,Cable damage,3,MEDIUM,2025-11-08,2025-11-09,2025-11-26,6.3,7,MEDIUM,Completed,True
TRC1375,AST0508,SEC058,Transformer,Insulator Replacement,Flashover damage,3,MEDIUM,2025-09-15,2025-09-18,2025-10-12,4.4,3,MEDIUM,Scheduled,False
TRC1376,AST0523,SEC073,Catenary,Switchgear Maintenance,Contactor wear,5,LOW,2025-11-12,2025-11-13,2026-01-16,3.6,4,LOW,Cancelled,True
TRC1377,AST0535,SEC010,Electrical switchgear,Sectioning Post Maintenance,Interrupter fault,4,LOW,2025-10-12,2025-10-15,2025-12-06,10.7,15,LOW,Completed,False
TRC1378,AST0414,SEC039,Sectioning equipment,Switchgear Maintenance,Arc damage,2,HIGH,2025-05-18,2025-05-19,2025-06-03,9.9,14,HIGH,Cancelled,True
TRC1379,AST0417,SEC042,Pantograph interface,Switchgear Maintenance,Contactor wear,3,MEDIUM,2025-05-19,2025-05-21,2025-06-10,10.6,13,MEDIUM,Pending,True
TRC1380,AST0604,SEC004,Transformer,Switchgear Maintenance,Contactor wear,2,HIGH,2025-05-05,2025-05-05,2025-05-18,8.3,2,HIGH,Cancelled,False
TRC1381,AST0481,SEC031,Pantograph interface,Transformer Servicing,Oil leak,3,MEDIUM,2025-12-07,2025-12-10,2025-12-30,9.8,12,MEDIUM,Pending,False
TRC1382,AST0581,SEC056,Feeder,Feeder Repair,Cable damage,1,CRITICAL,2025-03-12,2025-03-13,2025-03-19,8.2,7,HIGH,Pending,True
TRC1383,AST0502,SEC052,Sectioning equipment,Sectioning Post Maintenance,Isolator defect,3,MEDIUM,2025-04-13,2025-04-14,2025-04-29,5.0,9,MEDIUM,Completed,True
TRC1384,AST0595,SEC070,Catenary,OHE Inspection,Dropper defect,1,CRITICAL,2025-07-18,2025-07-19,2025-07-23,11.7,13,HIGH,Scheduled,True
TRC1385,AST0689,SEC014,Pantograph interface,Insulator Replacement,Flashover damage,3,MEDIUM,2025-06-04,2025-06-05,2025-06-27,9.8,12,MEDIUM,In Progress,False
TRC1386,AST0474,SEC024,Insulator,OHE Inspection,Contact wire wear,4,LOW,2025-01-06,2025-01-08,2025-03-05,6.8,6,LOW,Pending,False
TRC1387,AST0671,SEC071,Electrical switchgear,Sectioning Post Maintenance,Jumper damage,5,LOW,2025-06-18,2025-06-18,2025-08-28,6.1,2,LOW,Completed,False
TRC1388,AST0408,SEC033,OHE,OHE Mast Repair,Corrosion,3,MEDIUM,2025-11-09,2025-11-12,2025-12-06,8.8,14,MEDIUM,In Progress,False
TRC1389,AST0557,SEC032,Feeder,OHE Inspection,Contact wire wear,3,MEDIUM,2025-05-18,2025-05-21,2025-06-08,1.9,7,MEDIUM,Cancelled,True
TRC1390,AST0450,SEC075,Insulator,OHE Inspection,Dropper defect,4,LOW,2025-06-26,2025-06-29,2025-07-27,9.4,11,LOW,Pending,False
TRC1391,AST0539,SEC014,Catenary,Catenary Maintenance,Registration arm damage,3,MEDIUM,2025-10-27,2025-10-29,2025-11-12,4.3,8,MEDIUM,Pending,True
TRC1392,AST0607,SEC007,Electrical switchgear,Switchgear Maintenance,Relay malfunction,3,MEDIUM,2025-11-28,2025-11-30,2025-12-30,6.2,4,MEDIUM,Completed,True
TRC1393,AST0588,SEC063,Transformer,Feeder Repair,Cable damage,4,LOW,2025-11-18,2025-11-21,2026-01-10,7.7,9,LOW,Completed,False
TRC1394,AST0504,SEC054,OHE,Insulator Replacement,Flashover damage,4,LOW,2025-10-18,2025-10-19,2025-11-23,6.7,15,LOW,Scheduled,True
TRC1395,AST0525,SEC075,Feeder,Sectioning Post Maintenance,Jumper damage,4,LOW,2025-10-19,2025-10-19,2025-12-07,10.4,7,LOW,Scheduled,True
TRC1396,AST0509,SEC059,Feeder,Sectioning Post Maintenance,Interrupter fault,1,CRITICAL,2025-03-04,2025-03-05,2025-03-10,4.3,7,HIGH,In Progress,True
TRC1397,AST0693,SEC018,Feeder,Catenary Maintenance,Catenary sag,3,MEDIUM,2025-03-28,2025-03-28,2025-04-16,5.1,4,MEDIUM,Pending,True
TRC1398,AST0660,SEC060,Transformer,Sectioning Post Maintenance,Interrupter fault,3,MEDIUM,2025-02-17,2025-02-17,2025-03-10,6.1,4,MEDIUM,In Progress,False
TRC1399,AST0614,SEC014,Sectioning equipment,OHE Mast Repair,Corrosion,4,LOW,2025-06-19,2025-06-21,2025-08-18,5.4,13,LOW,Completed,True
TRC1400,AST0533,SEC008,Feeder,Feeder Repair,Cable damage,2,HIGH,2025-09-21,2025-09-24,2025-10-08,10.0,13,HIGH,Cancelled,False
TRC1401,AST0498,SEC048,Insulator,Feeder Repair,Joint failure,4,LOW,2025-02-11,2025-02-13,2025-03-16,2.7,6,LOW,Completed,True
TRC1402,AST0499,SEC049,Catenary,Catenary Maintenance,Catenary sag,3,MEDIUM,2025-01-08,2025-01-11,2025-02-07,2.8,3,MEDIUM,Pending,True
TRC1403,AST0660,SEC060,Transformer,Catenary Maintenance,Tension deviation,4,LOW,2025-06-25,2025-06-26,2025-08-16,1.3,11,LOW,In Progress,False
TRC1404,AST0651,SEC051,Catenary,Switchgear Maintenance,Circuit breaker fault,3,MEDIUM,2025-07-01,2025-07-04,2025-07-21,8.4,8,MEDIUM,Completed,True
TRC1405,AST0417,SEC042,Pantograph interface,Catenary Maintenance,Catenary sag,3,MEDIUM,2025-08-05,2025-08-08,2025-08-29,1.2,15,MEDIUM,Pending,False
TRC1406,AST0414,SEC039,Sectioning equipment,Sectioning Post Maintenance,Isolator defect,2,HIGH,2025-01-02,2025-01-02,2025-01-11,11.5,11,HIGH,Cancelled,True
TRC1407,AST0518,SEC068,Sectioning equipment,OHE Mast Repair,Corrosion,3,MEDIUM,2025-12-07,2025-12-10,2025-12-29,9.8,13,MEDIUM,Pending,True
TRC1408,AST0623,SEC023,Electrical switchgear,Feeder Repair,Insulation breakdown,2,HIGH,2025-07-23,2025-07-24,2025-08-03,10.5,3,HIGH,Pending,False
TRC1409,AST0438,SEC063,Sectioning equipment,OHE Inspection,Stagger fault,5,LOW,2025-04-05,2025-04-08,2025-06-23,3.8,15,LOW,Pending,True
TRC1410,AST0618,SEC018,Insulator,Insulator Replacement,Cracked insulator,2,HIGH,2025-01-08,2025-01-10,2025-01-20,2.0,12,HIGH,Completed,True
TRC1411,AST0499,SEC049,Catenary,Sectioning Post Maintenance,Jumper damage,1,CRITICAL,2025-12-03,2025-12-06,2025-12-10,3.0,14,HIGH,Completed,True
TRC1412,AST0452,SEC002,Transformer,Sectioning Post Maintenance,Isolator defect,2,HIGH,2025-03-17,2025-03-18,2025-03-25,8.8,14,HIGH,Completed,True
TRC1413,AST0593,SEC068,Pantograph interface,Sectioning Post Maintenance,Earthing issue,3,MEDIUM,2025-01-03,2025-01-04,2025-01-31,4.3,6,MEDIUM,Cancelled,False
TRC1414,AST0460,SEC010,Transformer,Catenary Maintenance,Splice joint fault,2,HIGH,2025-08-05,2025-08-06,2025-08-15,3.4,3,HIGH,Pending,False
TRC1415,AST0640,SEC040,OHE,Feeder Repair,Insulation breakdown,3,MEDIUM,2025-07-11,2025-07-14,2025-08-13,8.1,2,MEDIUM,In Progress,True
TRC1416,AST0568,SEC043,OHE,Feeder Repair,Insulation breakdown,4,LOW,2025-07-14,2025-07-16,2025-09-05,10.9,7,LOW,Completed,True
TRC1417,AST0568,SEC043,OHE,Feeder Repair,Joint failure,5,LOW,2025-11-05,2025-11-07,2026-02-01,6.0,9,LOW,Completed,True
TRC1418,AST0594,SEC069,Insulator,OHE Inspection,Contact wire wear,3,MEDIUM,2025-01-07,2025-01-08,2025-01-31,7.3,15,MEDIUM,Pending,True
TRC1419,AST0528,SEC003,OHE,OHE Inspection,Height deviation,3,MEDIUM,2025-02-21,2025-02-24,2025-03-17,11.7,7,MEDIUM,Pending,True
TRC1420,AST0663,SEC063,Electrical switchgear,OHE Mast Repair,Bracket damage,1,CRITICAL,2025-04-30,2025-05-01,2025-05-06,8.4,13,HIGH,Completed,True
TRC1421,AST0516,SEC066,Transformer,Sectioning Post Maintenance,Interrupter fault,1,CRITICAL,2025-06-13,2025-06-16,2025-06-20,6.8,11,HIGH,Cancelled,False
TRC1422,AST0578,SEC053,Insulator,Catenary Maintenance,Registration arm damage,4,LOW,2025-06-30,2025-06-30,2025-08-22,9.2,2,LOW,Completed,True
TRC1423,AST0639,SEC039,Electrical switchgear,Switchgear Maintenance,Contactor wear,5,LOW,2025-11-22,2025-11-24,2026-02-04,2.0,5,LOW,Pending,False
TRC1424,AST0445,SEC070,Feeder,Feeder Repair,Overheating,2,HIGH,2025-03-14,2025-03-14,2025-03-28,3.2,6,HIGH,Completed,True
TRC1425,AST0688,SEC013,OHE,Catenary Maintenance,Registration arm damage,3,MEDIUM,2025-01-15,2025-01-18,2025-02-17,9.9,5,MEDIUM,Scheduled,True
TRC1426,AST0556,SEC031,Transformer,Feeder Repair,Cable damage,1,CRITICAL,2025-04-26,2025-04-28,2025-05-05,11.1,6,HIGH,In Progress,False
TRC1427,AST0562,SEC037,Insulator,Transformer Servicing,Cooling system failure,4,LOW,2025-10-11,2025-10-12,2025-11-16,5.6,8,LOW,Completed,False
TRC1428,AST0618,SEC018,Insulator,OHE Mast Repair,Corrosion,3,MEDIUM,2025-04-26,2025-04-28,2025-05-13,4.8,7,MEDIUM,Completed,False
TRC1429,AST0700,SEC025,Transformer,Transformer Servicing,Bushing defect,5,LOW,2025-05-08,2025-05-08,2025-07-04,4.5,8,LOW,Scheduled,False
TRC1430,AST0423,SEC048,Electrical switchgear,OHE Inspection,Contact wire wear,3,MEDIUM,2025-04-07,2025-04-08,2025-05-06,2.3,4,MEDIUM,Scheduled,True
TRC1431,AST0479,SEC029,Electrical switchgear,Sectioning Post Maintenance,Jumper damage,3,MEDIUM,2025-10-05,2025-10-07,2025-10-27,2.3,12,MEDIUM,Cancelled,True
TRC1432,AST0672,SEC072,OHE,Transformer Servicing,Bushing defect,3,MEDIUM,2025-05-28,2025-05-30,2025-06-24,3.1,11,MEDIUM,Pending,False
TRC1433,AST0461,SEC011,Feeder,Transformer Servicing,Oil leak,5,LOW,2025-11-15,2025-11-18,2026-01-13,4.5,14,LOW,Scheduled,True
TRC1434,AST0462,SEC012,Sectioning equipment,OHE Mast Repair,Bracket damage,4,LOW,2025-02-19,2025-02-19,2025-04-20,3.9,7,LOW,Pending,True
TRC1435,AST0469,SEC019,Feeder,Insulator Replacement,Mechanical failure,4,LOW,2025-04-26,2025-04-27,2025-06-13,7.2,5,LOW,Completed,True
TRC1436,AST0547,SEC022,Catenary,OHE Mast Repair,Corrosion,5,LOW,2025-03-16,2025-03-16,2025-06-06,6.7,11,LOW,Pending,True
TRC1437,AST0419,SEC044,Catenary,Transformer Servicing,Oil leak,4,LOW,2025-04-24,2025-04-25,2025-05-31,9.0,9,LOW,In Progress,False
TRC1438,AST0541,SEC016,Feeder,Feeder Repair,Insulation breakdown,5,LOW,2025-08-16,2025-08-16,2025-10-24,2.6,9,LOW,Scheduled,True
TRC1439,AST0473,SEC023,Pantograph interface,Switchgear Maintenance,Contactor wear,3,MEDIUM,2025-02-22,2025-02-23,2025-03-15,9.1,5,MEDIUM,Pending,False
TRC1440,AST0402,SEC027,Insulator,Feeder Repair,Overheating,4,LOW,2025-06-06,2025-06-09,2025-07-19,1.6,13,LOW,Pending,False
TRC1441,AST0421,SEC046,Feeder,Switchgear Maintenance,Relay malfunction,3,MEDIUM,2025-12-03,2025-12-05,2026-01-03,6.5,15,MEDIUM,Completed,True
TRC1442,AST0650,SEC050,Insulator,OHE Mast Repair,Bracket damage,4,LOW,2025-06-21,2025-06-24,2025-08-21,1.7,3,LOW,Completed,False
TRC1443,AST0433,SEC058,Pantograph interface,Switchgear Maintenance,Arc damage,5,LOW,2025-11-14,2025-11-15,2026-02-01,4.3,9,LOW,Pending,True
TRC1444,AST0636,SEC036,Transformer,Feeder Repair,Overheating,3,MEDIUM,2025-02-14,2025-02-14,2025-03-11,4.6,13,MEDIUM,Completed,False
TRC1445,AST0462,SEC012,Sectioning equipment,OHE Inspection,Contact wire wear,4,LOW,2025-01-17,2025-01-18,2025-02-25,7.8,13,LOW,Completed,True
TRC1446,AST0698,SEC023,Insulator,Feeder Repair,Cable damage,3,MEDIUM,2025-09-11,2025-09-14,2025-10-13,9.2,13,MEDIUM,Pending,False
TRC1447,AST0532,SEC007,Transformer,Insulator Replacement,Cracked insulator,4,LOW,2025-06-10,2025-06-12,2025-07-15,3.6,3,LOW,Scheduled,False
TRC1448,AST0584,SEC059,OHE,Switchgear Maintenance,Relay malfunction,3,MEDIUM,2025-11-15,2025-11-16,2025-12-02,1.2,7,MEDIUM,Completed,True
TRC1449,AST0637,SEC037,Feeder,Transformer Servicing,Oil leak,1,CRITICAL,2025-07-17,2025-07-20,2025-07-27,11.0,7,HIGH,Completed,True
TRC1450,AST0501,SEC051,Feeder,Transformer Servicing,Oil leak,4,LOW,2025-09-03,2025-09-06,2025-10-11,8.7,12,LOW,In Progress,True
TRC1451,AST0431,SEC056,Electrical switchgear,Feeder Repair,Overheating,3,MEDIUM,2025-06-17,2025-06-18,2025-07-18,1.5,7,MEDIUM,Pending,True
TRC1452,AST0636,SEC036,Transformer,Switchgear Maintenance,Relay malfunction,3,MEDIUM,2025-06-06,2025-06-06,2025-06-23,11.6,11,MEDIUM,Pending,True
TRC1453,AST0667,SEC067,Catenary,Switchgear Maintenance,Contactor wear,4,LOW,2025-02-03,2025-02-05,2025-03-29,6.0,8,LOW,Cancelled,True
TRC1454,AST0649,SEC049,Pantograph interface,Insulator Replacement,Flashover damage,2,HIGH,2025-07-05,2025-07-08,2025-07-21,9.3,14,HIGH,Completed,False
TRC1455,AST0698,SEC023,Insulator,Sectioning Post Maintenance,Earthing issue,3,MEDIUM,2025-11-27,2025-11-30,2025-12-23,10.1,3,MEDIUM,Cancelled,False
TRC1456,AST0469,SEC019,Feeder,Feeder Repair,Overheating,5,LOW,2025-08-31,2025-09-01,2025-11-06,9.7,7,LOW,Pending,True
TRC1457,AST0663,SEC063,Electrical switchgear,Switchgear Maintenance,Arc damage,3,MEDIUM,2025-02-27,2025-02-28,2025-03-21,5.2,14,MEDIUM,Completed,True
TRC1458,AST0468,SEC018,Transformer,OHE Inspection,Contact wire wear,3,MEDIUM,2025-01-16,2025-01-17,2025-02-06,6.4,15,MEDIUM,In Progress,True
TRC1459,AST0439,SEC064,Electrical switchgear,Catenary Maintenance,Splice joint fault,3,MEDIUM,2025-06-18,2025-06-20,2025-07-07,3.8,9,MEDIUM,Completed,False
TRC1460,AST0571,SEC046,Catenary,OHE Mast Repair,Bracket damage,3,MEDIUM,2025-06-06,2025-06-09,2025-06-23,9.1,13,MEDIUM,Pending,True
TRC1461,AST0555,SEC030,Catenary,OHE Inspection,Contact wire wear,3,MEDIUM,2025-01-23,2025-01-24,2025-02-10,4.8,7,MEDIUM,Completed,True
TRC1462,AST0683,SEC008,Catenary,Transformer Servicing,Winding fault,2,HIGH,2025-01-16,2025-01-16,2025-01-23,11.2,12,HIGH,Pending,True
TRC1463,AST0585,SEC060,Pantograph interface,Sectioning Post Maintenance,Isolator defect,5,LOW,2025-01-30,2025-01-30,2025-03-18,8.0,8,LOW,Pending,True
TRC1464,AST0662,SEC062,Sectioning equipment,Feeder Repair,Joint failure,4,LOW,2025-05-18,2025-05-21,2025-06-20,8.0,10,LOW,Completed,True
TRC1465,AST0418,SEC043,Insulator,OHE Mast Repair,Bracket damage,2,HIGH,2025-03-15,2025-03-17,2025-03-25,1.3,7,HIGH,Pending,True
TRC1466,AST0406,SEC031,Sectioning equipment,Catenary Maintenance,Registration arm damage,5,LOW,2025-10-23,2025-10-24,2025-12-03,8.6,12,LOW,Pending,True
TRC1467,AST0641,SEC041,Pantograph interface,Sectioning Post Maintenance,Jumper damage,3,MEDIUM,2025-11-24,2025-11-27,2025-12-26,4.1,4,MEDIUM,Pending,False
TRC1468,AST0482,SEC032,Insulator,Feeder Repair,Joint failure,5,LOW,2025-06-07,2025-06-09,2025-08-07,8.2,12,LOW,Completed,False
TRC1469,AST0505,SEC055,Pantograph interface,Sectioning Post Maintenance,Earthing issue,4,LOW,2025-06-25,2025-06-28,2025-08-20,9.5,5,LOW,Pending,False
TRC1470,AST0687,SEC012,Electrical switchgear,Switchgear Maintenance,Circuit breaker fault,3,MEDIUM,2025-06-13,2025-06-15,2025-07-01,6.4,5,MEDIUM,Cancelled,False
TRC1471,AST0635,SEC035,Catenary,Catenary Maintenance,Catenary sag,1,CRITICAL,2025-10-05,2025-10-07,2025-10-12,3.3,15,HIGH,Cancelled,True
TRC1472,AST0469,SEC019,Feeder,Catenary Maintenance,Tension deviation,3,MEDIUM,2025-03-22,2025-03-22,2025-04-14,4.0,4,MEDIUM,Completed,True
TRC1473,AST0435,SEC060,Catenary,OHE Inspection,Contact wire wear,4,LOW,2025-05-26,2025-05-29,2025-06-27,6.9,11,LOW,Scheduled,True
TRC1474,AST0668,SEC068,Transformer,OHE Inspection,Height deviation,2,HIGH,2025-04-20,2025-04-22,2025-04-29,4.1,10,HIGH,In Progress,True
TRC1475,AST0630,SEC030,Sectioning equipment,Transformer Servicing,Winding fault,3,MEDIUM,2025-05-22,2025-05-25,2025-06-18,8.5,4,MEDIUM,Pending,True
TRC1476,AST0510,SEC060,Sectioning equipment,Feeder Repair,Cable damage,2,HIGH,2025-05-06,2025-05-06,2025-05-14,2.6,12,HIGH,Pending,True
TRC1477,AST0600,SEC075,OHE,Switchgear Maintenance,Relay malfunction,2,HIGH,2025-10-28,2025-10-28,2025-11-07,2.6,6,HIGH,Cancelled,True
TRC1478,AST0624,SEC024,OHE,Insulator Replacement,Flashover damage,4,LOW,2025-03-19,2025-03-19,2025-05-02,5.4,3,LOW,Pending,True
TRC1479,AST0686,SEC011,Sectioning equipment,OHE Inspection,Height deviation,2,HIGH,2025-02-10,2025-02-10,2025-02-23,3.3,12,HIGH,In Progress,True
TRC1480,AST0480,SEC030,OHE,Catenary Maintenance,Catenary sag,3,MEDIUM,2025-09-13,2025-09-16,2025-10-02,3.1,14,MEDIUM,Pending,True
TRC1481,AST0598,SEC073,Sectioning equipment,Insulator Replacement,Pollution deposit,2,HIGH,2025-01-20,2025-01-22,2025-01-31,1.2,13,HIGH,Completed,True
TRC1482,AST0452,SEC002,Transformer,OHE Inspection,Stagger fault,4,LOW,2025-09-22,2025-09-25,2025-10-20,8.3,9,LOW,Completed,False
TRC1483,AST0563,SEC038,Catenary,Switchgear Maintenance,Circuit breaker fault,1,CRITICAL,2025-04-07,2025-04-07,2025-04-14,5.9,8,HIGH,Pending,True
TRC1484,AST0423,SEC048,Electrical switchgear,Switchgear Maintenance,Circuit breaker fault,4,LOW,2025-06-07,2025-06-10,2025-07-24,7.5,14,LOW,Completed,True
TRC1485,AST0700,SEC025,Transformer,Transformer Servicing,Oil leak,5,LOW,2025-02-27,2025-03-01,2025-05-29,2.0,10,LOW,Cancelled,False
TRC1486,AST0578,SEC053,Insulator,Catenary Maintenance,Catenary sag,4,LOW,2025-05-14,2025-05-16,2025-07-02,6.6,2,LOW,Completed,True
TRC1487,AST0471,SEC021,Electrical switchgear,Switchgear Maintenance,Circuit breaker fault,3,MEDIUM,2025-11-18,2025-11-19,2025-12-03,11.7,11,MEDIUM,Pending,True
TRC1488,AST0511,SEC061,Electrical switchgear,OHE Mast Repair,Corrosion,2,HIGH,2025-01-17,2025-01-18,2025-02-01,10.8,8,HIGH,Completed,True
TRC1489,AST0495,SEC045,Electrical switchgear,Catenary Maintenance,Catenary sag,3,MEDIUM,2025-09-26,2025-09-29,2025-10-26,4.1,3,MEDIUM,In Progress,False
TRC1490,AST0663,SEC063,Electrical switchgear,OHE Inspection,Stagger fault,3,MEDIUM,2025-02-11,2025-02-14,2025-03-15,9.8,4,MEDIUM,Scheduled,True
TRC1491,AST0406,SEC031,Sectioning equipment,Transformer Servicing,Winding fault,4,LOW,2025-10-16,2025-10-19,2025-11-21,3.8,6,LOW,In Progress,True
TRC1492,AST0622,SEC022,Sectioning equipment,Sectioning Post Maintenance,Earthing issue,4,LOW,2025-01-06,2025-01-08,2025-02-26,2.7,9,LOW,Cancelled,False
TRC1493,AST0664,SEC064,OHE,Catenary Maintenance,Registration arm damage,2,HIGH,2025-04-28,2025-05-01,2025-05-10,9.8,6,HIGH,In Progress,True
TRC1494,AST0495,SEC045,Electrical switchgear,OHE Inspection,Height deviation,3,MEDIUM,2025-01-24,2025-01-24,2025-02-15,9.5,15,MEDIUM,Completed,True
TRC1495,AST0535,SEC010,Electrical switchgear,Catenary Maintenance,Tension deviation,3,MEDIUM,2025-02-05,2025-02-07,2025-03-07,6.5,5,MEDIUM,Pending,True
TRC1496,AST0647,SEC047,Electrical switchgear,OHE Mast Repair,Bracket damage,2,HIGH,2025-07-21,2025-07-23,2025-08-07,8.4,4,HIGH,Completed,False
TRC1497,AST0498,SEC048,Insulator,Insulator Replacement,Pollution deposit,3,MEDIUM,2025-11-15,2025-11-16,2025-12-13,8.8,13,MEDIUM,Pending,False
TRC1498,AST0610,SEC010,Insulator,Insulator Replacement,Flashover damage,3,MEDIUM,2025-12-09,2025-12-12,2026-01-02,5.3,12,MEDIUM,Completed,True
TRC1499,AST0468,SEC018,Transformer,OHE Mast Repair,Foundation settlement,4,LOW,2025-12-17,2025-12-18,2026-01-28,4.6,11,LOW,In Progress,False
TRC1500,AST0577,SEC052,Pantograph interface,Sectioning Post Maintenance,Isolator defect,3,MEDIUM,2025-02-08,2025-02-09,2025-02-27,5.9,7,MEDIUM,Scheduled,True
TRC1501,AST0412,SEC037,Transformer,Insulator Replacement,Cracked insulator,5,LOW,2025-07-12,2025-07-13,2025-09-23,6.9,7,LOW,Scheduled,False
TRC1502,AST0657,SEC057,Pantograph interface,Switchgear Maintenance,Contactor wear,4,LOW,2025-03-09,2025-03-10,2025-04-28,10.6,8,LOW,Cancelled,True
TRC1503,AST0636,SEC036,Transformer,Feeder Repair,Overheating,3,MEDIUM,2025-06-26,2025-06-28,2025-07-21,6.8,11,MEDIUM,Scheduled,False
TRC1504,AST0560,SEC035,OHE,Sectioning Post Maintenance,Earthing issue,4,LOW,2025-04-15,2025-04-15,2025-05-16,3.1,4,LOW,Pending,True
TRC1505,AST0474,SEC024,Insulator,OHE Inspection,Dropper defect,5,LOW,2025-10-30,2025-11-01,2025-12-21,5.3,3,LOW,In Progress,False
TRC1506,AST0582,SEC057,Sectioning equipment,OHE Inspection,Stagger fault,2,HIGH,2025-05-24,2025-05-25,2025-06-03,9.7,6,HIGH,Completed,True
TRC1507,AST0597,SEC072,Feeder,Feeder Repair,Insulation breakdown,1,CRITICAL,2025-05-20,2025-05-22,2025-05-26,9.0,14,HIGH,Cancelled,True
TRC1508,AST0500,SEC050,Transformer,Transformer Servicing,Cooling system failure,1,CRITICAL,2025-02-06,2025-02-07,2025-02-14,4.6,8,HIGH,Completed,True
TRC1509,AST0591,SEC066,Electrical switchgear,Catenary Maintenance,Splice joint fault,3,MEDIUM,2025-11-21,2025-11-21,2025-12-11,5.6,15,MEDIUM,Scheduled,True
TRC1510,AST0568,SEC043,OHE,Feeder Repair,Insulation breakdown,3,MEDIUM,2025-11-25,2025-11-27,2025-12-17,3.4,15,MEDIUM,Completed,True
TRC1511,AST0506,SEC056,Insulator,Sectioning Post Maintenance,Earthing issue,3,MEDIUM,2025-06-09,2025-06-09,2025-07-09,11.5,5,MEDIUM,Completed,False
TRC1512,AST0694,SEC019,Sectioning equipment,Feeder Repair,Overheating,4,LOW,2025-09-30,2025-10-01,2025-11-25,3.8,6,LOW,Pending,True
TRC1513,AST0556,SEC031,Transformer,Feeder Repair,Insulation breakdown,4,LOW,2025-04-05,2025-04-08,2025-05-30,11.0,11,LOW,Scheduled,False
TRC1514,AST0627,SEC027,Catenary,Feeder Repair,Cable damage,3,MEDIUM,2025-09-19,2025-09-20,2025-10-08,6.0,14,MEDIUM,Pending,True
TRC1515,AST0649,SEC049,Pantograph interface,Feeder Repair,Cable damage,5,LOW,2025-05-13,2025-05-13,2025-06-25,11.4,2,LOW,Completed,True
TRC1516,AST0497,SEC047,Pantograph interface,OHE Mast Repair,Guy wire slack,3,MEDIUM,2025-02-23,2025-02-23,2025-03-12,5.1,8,MEDIUM,Scheduled,True
TRC1517,AST0483,SEC033,Catenary,Feeder Repair,Joint failure,3,MEDIUM,2025-05-08,2025-05-11,2025-06-05,6.3,13,MEDIUM,Cancelled,True
TRC1518,AST0687,SEC012,Electrical switchgear,Insulator Replacement,Pollution deposit,2,HIGH,2025-10-14,2025-10-17,2025-10-29,4.6,2,HIGH,In Progress,True
TRC1519,AST0581,SEC056,Feeder,OHE Mast Repair,Bracket damage,4,LOW,2025-03-03,2025-03-04,2025-04-25,3.6,6,LOW,Pending,True
TRC1520,AST0470,SEC020,Sectioning equipment,OHE Inspection,Stagger fault,4,LOW,2025-05-12,2025-05-13,2025-06-13,1.7,9,LOW,Scheduled,True
TRC1521,AST0636,SEC036,Transformer,Sectioning Post Maintenance,Interrupter fault,3,MEDIUM,2025-07-14,2025-07-16,2025-08-01,11.9,2,MEDIUM,Scheduled,True
TRC1522,AST0448,SEC073,OHE,Transformer Servicing,Winding fault,1,CRITICAL,2025-01-28,2025-01-31,2025-02-04,1.9,11,HIGH,Pending,True
TRC1523,AST0432,SEC057,OHE,Sectioning Post Maintenance,Isolator defect,3,MEDIUM,2025-10-17,2025-10-18,2025-11-12,6.8,9,MEDIUM,Completed,True
TRC1524,AST0473,SEC023,Pantograph interface,OHE Mast Repair,Corrosion,2,HIGH,2025-07-16,2025-07-18,2025-07-29,6.4,4,HIGH,Completed,False
TRC1525,AST0490,SEC040,Insulator,Catenary Maintenance,Catenary sag,2,HIGH,2025-01-09,2025-01-09,2025-01-16,6.2,9,HIGH,Pending,False
TRC1526,AST0673,SEC073,Pantograph interface,Sectioning Post Maintenance,Jumper damage,4,LOW,2025-08-09,2025-08-11,2025-10-02,10.3,13,LOW,In Progress,False
TRC1527,AST0511,SEC061,Electrical switchgear,OHE Inspection,Dropper defect,3,MEDIUM,2025-05-10,2025-05-13,2025-06-03,10.9,11,MEDIUM,Completed,False
TRC1528,AST0673,SEC073,Pantograph interface,Insulator Replacement,Pollution deposit,3,MEDIUM,2025-04-24,2025-04-27,2025-05-23,10.6,15,MEDIUM,Completed,False
TRC1529,AST0437,SEC062,Feeder,OHE Inspection,Contact wire wear,2,HIGH,2025-05-20,2025-05-23,2025-06-06,10.8,3,HIGH,Completed,True
TRC1530,AST0489,SEC039,Pantograph interface,OHE Inspection,Dropper defect,4,LOW,2025-08-04,2025-08-05,2025-09-18,5.7,2,LOW,Scheduled,True
TRC1531,AST0531,SEC006,Catenary,OHE Inspection,Stagger fault,4,LOW,2025-07-21,2025-07-21,2025-08-30,2.9,10,LOW,Cancelled,False
TRC1532,AST0405,SEC030,Feeder,OHE Inspection,Height deviation,1,CRITICAL,2025-05-30,2025-05-31,2025-06-05,2.8,5,HIGH,Completed,True
TRC1533,AST0503,SEC053,Electrical switchgear,Sectioning Post Maintenance,Isolator defect,5,LOW,2025-01-23,2025-01-23,2025-04-21,4.1,10,LOW,Completed,False
TRC1534,AST0529,SEC004,Pantograph interface,Transformer Servicing,Winding fault,4,LOW,2025-05-20,2025-05-22,2025-07-01,10.6,13,LOW,Pending,False
TRC1535,AST0581,SEC056,Feeder,OHE Mast Repair,Bracket damage,1,CRITICAL,2025-08-15,2025-08-15,2025-08-20,9.8,15,HIGH,Completed,True
TRC1536,AST0414,SEC039,Sectioning equipment,OHE Mast Repair,Guy wire slack,4,LOW,2025-10-01,2025-10-03,2025-11-24,10.0,13,LOW,Pending,True
TRC1537,AST0470,SEC020,Sectioning equipment,Switchgear Maintenance,Contactor wear,5,LOW,2025-02-21,2025-02-21,2025-04-05,2.7,11,LOW,Cancelled,False
TRC1538,AST0413,SEC038,Feeder,OHE Inspection,Height deviation,4,LOW,2025-01-22,2025-01-22,2025-03-08,5.9,4,LOW,Completed,True
TRC1539,AST0548,SEC023,Transformer,Switchgear Maintenance,Arc damage,3,MEDIUM,2025-08-29,2025-08-30,2025-09-28,4.3,3,MEDIUM,Completed,True
TRC1540,AST0669,SEC069,Feeder,Insulator Replacement,Mechanical failure,3,MEDIUM,2025-11-04,2025-11-07,2025-12-06,6.4,5,MEDIUM,In Progress,True
TRC1541,AST0433,SEC058,Pantograph interface,Catenary Maintenance,Splice joint fault,3,MEDIUM,2025-07-12,2025-07-15,2025-08-14,11.5,13,MEDIUM,Scheduled,True
TRC1542,AST0627,SEC027,Catenary,Sectioning Post Maintenance,Jumper damage,4,LOW,2025-04-10,2025-04-13,2025-06-08,6.0,2,LOW,Cancelled,True
TRC1543,AST0700,SEC025,Transformer,Insulator Replacement,Mechanical failure,2,HIGH,2025-10-06,2025-10-06,2025-10-17,2.2,5,HIGH,Completed,False
TRC1544,AST0483,SEC033,Catenary,OHE Inspection,Stagger fault,4,LOW,2024-12-31,2025-01-03,2025-02-25,1.0,6,LOW,Completed,True
TRC1545,AST0476,SEC026,Transformer,Feeder Repair,Joint failure,4,LOW,2025-12-17,2025-12-20,2026-01-28,3.8,8,LOW,Pending,False
TRC1546,AST0661,SEC061,Feeder,OHE Mast Repair,Corrosion,4,LOW,2025-12-15,2025-12-17,2026-01-13,9.0,4,LOW,Pending,True
TRC1547,AST0643,SEC043,Catenary,Switchgear Maintenance,Relay malfunction,3,MEDIUM,2025-10-28,2025-10-31,2025-11-14,7.6,14,MEDIUM,Pending,True
TRC1548,AST0565,SEC040,Feeder,Insulator Replacement,Mechanical failure,3,MEDIUM,2025-04-24,2025-04-27,2025-05-16,9.4,12,MEDIUM,Scheduled,True
TRC1549,AST0562,SEC037,Insulator,Insulator Replacement,Flashover damage,3,MEDIUM,2025-08-13,2025-08-16,2025-09-12,6.9,2,MEDIUM,Pending,False
TRC1550,AST0580,SEC055,Transformer,Insulator Replacement,Cracked insulator,1,CRITICAL,2025-12-08,2025-12-08,2025-12-14,10.7,2,HIGH,Completed,False
TRC1551,AST0465,SEC015,Pantograph interface,Switchgear Maintenance,Contactor wear,4,LOW,2025-02-01,2025-02-01,2025-03-28,1.5,11,LOW,Pending,True
TRC1552,AST0493,SEC043,Feeder,OHE Inspection,Height deviation,3,MEDIUM,2025-12-07,2025-12-08,2025-12-24,4.5,2,MEDIUM,Scheduled,True
TRC1553,AST0665,SEC065,Pantograph interface,Feeder Repair,Joint failure,3,MEDIUM,2025-07-08,2025-07-09,2025-08-02,7.5,6,MEDIUM,Scheduled,True
TRC1554,AST0497,SEC047,Pantograph interface,Sectioning Post Maintenance,Earthing issue,2,HIGH,2025-07-20,2025-07-22,2025-07-30,9.7,10,HIGH,In Progress,True
TRC1555,AST0469,SEC019,Feeder,Feeder Repair,Joint failure,3,MEDIUM,2024-12-31,2025-01-02,2025-01-29,5.2,8,MEDIUM,Completed,True
TRC1556,AST0536,SEC011,OHE,Insulator Replacement,Flashover damage,4,LOW,2025-11-27,2025-11-28,2026-01-05,10.1,2,LOW,Pending,True
TRC1557,AST0462,SEC012,Sectioning equipment,Feeder Repair,Joint failure,3,MEDIUM,2025-06-29,2025-06-30,2025-07-25,10.9,14,MEDIUM,Scheduled,True
TRC1558,AST0538,SEC013,Insulator,Sectioning Post Maintenance,Earthing issue,4,LOW,2025-04-30,2025-05-03,2025-05-31,8.6,6,LOW,Cancelled,True
TRC1559,AST0631,SEC031,Electrical switchgear,OHE Inspection,Height deviation,3,MEDIUM,2025-12-05,2025-12-08,2025-12-28,1.4,14,MEDIUM,Completed,True
TRC1560,AST0530,SEC005,Insulator,Insulator Replacement,Pollution deposit,2,HIGH,2025-12-14,2025-12-17,2026-01-01,9.7,9,HIGH,Completed,True
TRC1561,AST0657,SEC057,Pantograph interface,OHE Mast Repair,Bracket damage,3,MEDIUM,2025-06-28,2025-06-29,2025-07-27,5.1,2,MEDIUM,Scheduled,False
TRC1562,AST0422,SEC047,Sectioning equipment,Sectioning Post Maintenance,Interrupter fault,5,LOW,2025-01-22,2025-01-24,2025-04-21,9.0,12,LOW,Pending,True
TRC1563,AST0530,SEC005,Insulator,OHE Mast Repair,Bracket damage,3,MEDIUM,2025-11-07,2025-11-10,2025-11-27,10.5,2,MEDIUM,Completed,True
TRC1564,AST0551,SEC026,Electrical switchgear,Insulator Replacement,Cracked insulator,1,CRITICAL,2025-08-05,2025-08-05,2025-08-12,2.8,7,HIGH,Completed,False
TRC1565,AST0556,SEC031,Transformer,OHE Mast Repair,Foundation settlement,3,MEDIUM,2025-03-27,2025-03-27,2025-04-16,4.0,6,MEDIUM,Cancelled,False
TRC1566,AST0537,SEC012,Pantograph interface,Feeder Repair,Insulation breakdown,4,LOW,2025-08-03,2025-08-06,2025-09-01,6.5,4,LOW,Completed,True
TRC1567,AST0606,SEC006,Sectioning equipment,Feeder Repair,Joint failure,1,CRITICAL,2025-08-24,2025-08-26,2025-09-02,6.5,3,HIGH,In Progress,True
TRC1568,AST0673,SEC073,Pantograph interface,Insulator Replacement,Pollution deposit,3,MEDIUM,2025-07-15,2025-07-16,2025-08-11,6.2,9,MEDIUM,Cancelled,True
TRC1569,AST0556,SEC031,Transformer,Insulator Replacement,Cracked insulator,1,CRITICAL,2025-10-27,2025-10-27,2025-11-01,4.4,2,HIGH,Pending,False
TRC1570,AST0415,SEC040,Electrical switchgear,OHE Mast Repair,Foundation settlement,3,MEDIUM,2025-08-21,2025-08-23,2025-09-06,9.8,6,MEDIUM,Pending,False
TRC1571,AST0645,SEC045,Feeder,OHE Inspection,Height deviation,1,CRITICAL,2025-07-16,2025-07-16,2025-07-19,10.2,15,HIGH,Pending,True
TRC1572,AST0497,SEC047,Pantograph interface,Catenary Maintenance,Splice joint fault,4,LOW,2025-12-16,2025-12-19,2026-02-07,6.1,10,LOW,In Progress,True
TRC1573,AST0545,SEC020,Pantograph interface,Feeder Repair,Cable damage,3,MEDIUM,2025-01-05,2025-01-07,2025-01-24,6.8,3,MEDIUM,In Progress,False
TRC1574,AST0638,SEC038,Sectioning equipment,OHE Inspection,Height deviation,3,MEDIUM,2025-06-03,2025-06-06,2025-06-27,5.5,5,MEDIUM,Cancelled,True
TRC1575,AST0628,SEC028,Transformer,Switchgear Maintenance,Contactor wear,3,MEDIUM,2025-02-24,2025-02-25,2025-03-20,2.6,2,MEDIUM,In Progress,False
TRC1576,AST0504,SEC054,OHE,Sectioning Post Maintenance,Interrupter fault,3,MEDIUM,2025-04-17,2025-04-18,2025-05-10,10.2,2,MEDIUM,Completed,True
TRC1577,AST0657,SEC057,Pantograph interface,OHE Mast Repair,Bracket damage,3,MEDIUM,2025-02-26,2025-02-26,2025-03-12,9.5,6,MEDIUM,In Progress,True
TRC1578,AST0427,SEC052,Catenary,Sectioning Post Maintenance,Earthing issue,1,CRITICAL,2025-07-07,2025-07-07,2025-07-12,7.6,10,HIGH,Cancelled,True
TRC1579,AST0434,SEC059,Insulator,Catenary Maintenance,Catenary sag,5,LOW,2025-08-21,2025-08-23,2025-11-10,11.0,7,LOW,Completed,False
TRC1580,AST0447,SEC072,Electrical switchgear,OHE Mast Repair,Corrosion,5,LOW,2025-07-03,2025-07-03,2025-09-07,5.6,6,LOW,Completed,True
TRC1581,AST0649,SEC049,Pantograph interface,OHE Inspection,Contact wire wear,2,HIGH,2025-09-28,2025-09-29,2025-10-12,3.7,10,HIGH,Cancelled,False
TRC1582,AST0504,SEC054,OHE,Transformer Servicing,Winding fault,1,CRITICAL,2025-04-16,2025-04-19,2025-04-25,3.2,11,HIGH,Completed,True
TRC1583,AST0600,SEC075,OHE,Insulator Replacement,Flashover damage,4,LOW,2025-06-20,2025-06-21,2025-08-17,8.2,4,LOW,Pending,True
TRC1584,AST0553,SEC028,Pantograph interface,Insulator Replacement,Cracked insulator,3,MEDIUM,2025-03-19,2025-03-22,2025-04-10,8.2,11,MEDIUM,Scheduled,False
TRC1585,AST0616,SEC016,OHE,OHE Inspection,Dropper defect,3,MEDIUM,2025-01-04,2025-01-05,2025-01-27,10.3,4,MEDIUM,Completed,False
TRC1586,AST0419,SEC044,Catenary,OHE Inspection,Contact wire wear,2,HIGH,2025-11-12,2025-11-14,2025-11-29,6.0,12,HIGH,Pending,True
TRC1587,AST0446,SEC071,Sectioning equipment,Feeder Repair,Insulation breakdown,4,LOW,2025-05-07,2025-05-07,2025-06-01,10.2,12,LOW,Pending,True
TRC1588,AST0520,SEC070,OHE,OHE Mast Repair,Corrosion,4,LOW,2025-04-09,2025-04-09,2025-05-25,3.0,11,LOW,Completed,True
TRC1589,AST0620,SEC020,Transformer,OHE Inspection,Stagger fault,3,MEDIUM,2025-02-03,2025-02-05,2025-02-28,5.4,4,MEDIUM,Scheduled,True
TRC1590,AST0526,SEC001,Sectioning equipment,Feeder Repair,Insulation breakdown,4,LOW,2025-09-20,2025-09-20,2025-10-17,2.8,9,LOW,Pending,True
TRC1591,AST0487,SEC037,Electrical switchgear,Feeder Repair,Joint failure,3,MEDIUM,2025-02-28,2025-03-03,2025-03-30,3.1,5,MEDIUM,Completed,True
TRC1592,AST0597,SEC072,Feeder,Transformer Servicing,Winding fault,2,HIGH,2025-02-05,2025-02-05,2025-02-18,1.6,6,HIGH,Scheduled,True
TRC1593,AST0661,SEC061,Feeder,Catenary Maintenance,Splice joint fault,4,LOW,2025-11-03,2025-11-05,2025-12-25,3.8,2,LOW,Scheduled,True
TRC1594,AST0662,SEC062,Sectioning equipment,Feeder Repair,Cable damage,1,CRITICAL,2025-12-17,2025-12-19,2025-12-22,5.5,5,HIGH,Pending,True
TRC1595,AST0452,SEC002,Transformer,OHE Inspection,Contact wire wear,4,LOW,2025-06-09,2025-06-09,2025-07-19,2.7,15,LOW,Cancelled,True
TRC1596,AST0639,SEC039,Electrical switchgear,Catenary Maintenance,Splice joint fault,2,HIGH,2025-03-10,2025-03-13,2025-03-25,1.6,2,HIGH,Completed,True
TRC1597,AST0597,SEC072,Feeder,Sectioning Post Maintenance,Interrupter fault,3,MEDIUM,2025-01-26,2025-01-29,2025-02-22,7.3,3,MEDIUM,Pending,True
TRC1598,AST0511,SEC061,Electrical switchgear,Feeder Repair,Cable damage,1,CRITICAL,2025-07-08,2025-07-10,2025-07-15,3.4,14,HIGH,Completed,False
TRC1599,AST0634,SEC034,Insulator,OHE Inspection,Contact wire wear,3,MEDIUM,2025-08-16,2025-08-16,2025-09-06,9.5,10,MEDIUM,Pending,False
TRC1600,AST0529,SEC004,Pantograph interface,Sectioning Post Maintenance,Interrupter fault,3,MEDIUM,2025-01-14,2025-01-15,2025-02-08,11.8,10,MEDIUM,Completed,True
TRC1601,AST0496,SEC046,OHE,OHE Mast Repair,Bracket damage,4,LOW,2025-05-06,2025-05-09,2025-07-01,3.9,13,LOW,Completed,True
TRC1602,AST0547,SEC022,Catenary,OHE Inspection,Dropper defect,4,LOW,2025-01-20,2025-01-22,2025-02-23,5.7,14,LOW,Pending,True
TRC1603,AST0642,SEC042,Insulator,Feeder Repair,Overheating,4,LOW,2025-12-11,2025-12-12,2026-01-14,8.9,12,LOW,Pending,False
TRC1604,AST0652,SEC052,Transformer,Insulator Replacement,Mechanical failure,4,LOW,2025-09-22,2025-09-24,2025-10-29,8.7,6,LOW,Cancelled,True
TRC1605,AST0427,SEC052,Catenary,Transformer Servicing,Winding fault,3,MEDIUM,2025-07-10,2025-07-12,2025-07-28,10.2,7,MEDIUM,Pending,True
TRC1606,AST0622,SEC022,Sectioning equipment,OHE Inspection,Stagger fault,2,HIGH,2025-01-02,2025-01-03,2025-01-18,11.8,7,HIGH,Pending,False
TRC1607,AST0538,SEC013,Insulator,Catenary Maintenance,Catenary sag,3,MEDIUM,2025-12-14,2025-12-17,2026-01-14,4.6,9,MEDIUM,Completed,False
TRC1608,AST0412,SEC037,Transformer,OHE Mast Repair,Foundation settlement,1,CRITICAL,2025-05-28,2025-05-31,2025-06-05,2.4,14,HIGH,Pending,True
TRC1609,AST0552,SEC027,OHE,Sectioning Post Maintenance,Jumper damage,4,LOW,2025-01-15,2025-01-16,2025-03-16,9.0,14,LOW,Cancelled,True
TRC1610,AST0646,SEC046,Sectioning equipment,Transformer Servicing,Winding fault,1,CRITICAL,2025-11-16,2025-11-17,2025-11-22,3.7,11,HIGH,Pending,True
TRC1611,AST0432,SEC057,OHE,OHE Inspection,Height deviation,4,LOW,2025-06-15,2025-06-16,2025-08-09,3.3,4,LOW,Pending,True
TRC1612,AST0469,SEC019,Feeder,Sectioning Post Maintenance,Isolator defect,2,HIGH,2025-10-20,2025-10-20,2025-11-04,6.9,6,HIGH,In Progress,True
TRC1613,AST0682,SEC007,Insulator,OHE Mast Repair,Corrosion,3,MEDIUM,2025-10-22,2025-10-22,2025-11-13,6.6,7,MEDIUM,Pending,True
TRC1614,AST0489,SEC039,Pantograph interface,Feeder Repair,Insulation breakdown,1,CRITICAL,2025-05-21,2025-05-21,2025-05-28,8.9,7,HIGH,Completed,False
TRC1615,AST0555,SEC030,Catenary,OHE Mast Repair,Guy wire slack,4,LOW,2025-10-02,2025-10-03,2025-11-16,4.1,10,LOW,Scheduled,True
TRC1616,AST0535,SEC010,Electrical switchgear,Feeder Repair,Overheating,2,HIGH,2025-05-27,2025-05-27,2025-06-10,11.0,11,HIGH,Scheduled,False
TRC1617,AST0615,SEC015,Electrical switchgear,Switchgear Maintenance,Circuit breaker fault,3,MEDIUM,2025-10-01,2025-10-01,2025-10-26,3.6,12,MEDIUM,Completed,False
TRC1618,AST0413,SEC038,Feeder,Feeder Repair,Insulation breakdown,2,HIGH,2025-04-04,2025-04-05,2025-04-16,8.3,3,HIGH,Completed,True
TRC1619,AST0407,SEC032,Electrical switchgear,Insulator Replacement,Mechanical failure,4,LOW,2025-12-17,2025-12-18,2026-01-18,10.0,2,LOW,Pending,True
TRC1620,AST0677,SEC002,Feeder,Sectioning Post Maintenance,Jumper damage,2,HIGH,2025-09-04,2025-09-07,2025-09-15,5.8,6,HIGH,Pending,True
TRC1621,AST0439,SEC064,Electrical switchgear,Sectioning Post Maintenance,Jumper damage,3,MEDIUM,2025-07-30,2025-08-02,2025-08-27,10.0,11,MEDIUM,In Progress,True
TRC1622,AST0655,SEC055,Electrical switchgear,OHE Inspection,Contact wire wear,5,LOW,2025-06-02,2025-06-03,2025-08-17,1.1,7,LOW,Scheduled,False
TRC1623,AST0452,SEC002,Transformer,Sectioning Post Maintenance,Jumper damage,2,HIGH,2025-12-10,2025-12-11,2025-12-24,10.7,7,HIGH,Pending,True
TRC1624,AST0592,SEC067,OHE,OHE Mast Repair,Foundation settlement,1,CRITICAL,2025-09-15,2025-09-16,2025-09-20,2.9,15,HIGH,Completed,True
TRC1625,AST0562,SEC037,Insulator,Sectioning Post Maintenance,Jumper damage,4,LOW,2025-11-01,2025-11-03,2025-12-26,9.7,5,LOW,In Progress,False
TRC1626,AST0428,SEC053,Transformer,Catenary Maintenance,Registration arm damage,5,LOW,2025-10-23,2025-10-24,2025-12-25,11.5,9,LOW,Pending,False
TRC1627,AST0588,SEC063,Transformer,OHE Inspection,Contact wire wear,4,LOW,2025-09-29,2025-09-29,2025-11-19,2.1,12,LOW,Completed,True
TRC1628,AST0433,SEC058,Pantograph interface,Feeder Repair,Joint failure,3,MEDIUM,2025-04-18,2025-04-18,2025-05-17,3.0,12,MEDIUM,Scheduled,True
TRC1629,AST0669,SEC069,Feeder,OHE Mast Repair,Foundation settlement,5,LOW,2025-12-08,2025-12-08,2026-03-01,5.9,4,LOW,Completed,True
TRC1630,AST0477,SEC027,Feeder,OHE Mast Repair,Foundation settlement,3,MEDIUM,2025-05-25,2025-05-28,2025-06-21,1.4,8,MEDIUM,Pending,True
TRC1631,AST0699,SEC024,Catenary,Catenary Maintenance,Registration arm damage,5,LOW,2025-01-13,2025-01-15,2025-03-03,1.3,12,LOW,Pending,True
TRC1632,AST0655,SEC055,Electrical switchgear,Sectioning Post Maintenance,Jumper damage,1,CRITICAL,2025-01-09,2025-01-12,2025-01-15,11.0,6,HIGH,Pending,False
TRC1633,AST0487,SEC037,Electrical switchgear,Sectioning Post Maintenance,Jumper damage,4,LOW,2025-08-01,2025-08-03,2025-09-18,9.9,2,LOW,In Progress,True
TRC1634,AST0414,SEC039,Sectioning equipment,OHE Mast Repair,Foundation settlement,3,MEDIUM,2025-02-18,2025-02-19,2025-03-05,8.1,2,MEDIUM,Scheduled,True
TRC1635,AST0695,SEC020,Electrical switchgear,Catenary Maintenance,Splice joint fault,3,MEDIUM,2025-01-27,2025-01-29,2025-02-20,10.5,2,MEDIUM,Scheduled,True
TRC1636,AST0443,SEC068,Catenary,Sectioning Post Maintenance,Interrupter fault,3,MEDIUM,2025-07-12,2025-07-15,2025-08-14,5.5,2,MEDIUM,Completed,True
TRC1637,AST0491,SEC041,Catenary,Switchgear Maintenance,Circuit breaker fault,4,LOW,2025-06-21,2025-06-22,2025-07-18,1.3,13,LOW,Scheduled,True
TRC1638,AST0668,SEC068,Transformer,Transformer Servicing,Winding fault,3,MEDIUM,2025-09-18,2025-09-19,2025-10-08,10.5,14,MEDIUM,Completed,False
TRC1639,AST0617,SEC017,Pantograph interface,OHE Mast Repair,Bracket damage,5,LOW,2025-03-11,2025-03-13,2025-06-06,11.7,4,LOW,In Progress,True
TRC1640,AST0436,SEC061,Transformer,Switchgear Maintenance,Relay malfunction,3,MEDIUM,2025-08-26,2025-08-27,2025-09-11,6.7,9,MEDIUM,Completed,True
TRC1641,AST0578,SEC053,Insulator,Catenary Maintenance,Tension deviation,3,MEDIUM,2025-02-16,2025-02-17,2025-03-03,6.7,5,MEDIUM,Completed,True
TRC1642,AST0700,SEC025,Transformer,OHE Mast Repair,Corrosion,5,LOW,2025-04-16,2025-04-17,2025-06-13,5.3,2,LOW,Scheduled,False
TRC1643,AST0557,SEC032,Feeder,Switchgear Maintenance,Arc damage,2,HIGH,2025-01-13,2025-01-14,2025-01-22,5.9,4,HIGH,In Progress,True
TRC1644,AST0457,SEC007,Pantograph interface,Switchgear Maintenance,Arc damage,4,LOW,2025-06-19,2025-06-22,2025-08-07,4.4,9,LOW,Pending,True
TRC1645,AST0430,SEC055,Sectioning equipment,Switchgear Maintenance,Circuit breaker fault,5,LOW,2025-12-11,2025-12-11,2026-02-12,6.0,4,LOW,Scheduled,True
TRC1646,AST0555,SEC030,Catenary,Switchgear Maintenance,Circuit breaker fault,3,MEDIUM,2025-10-16,2025-10-19,2025-11-17,6.3,7,MEDIUM,Pending,True
TRC1647,AST0661,SEC061,Feeder,Catenary Maintenance,Splice joint fault,3,MEDIUM,2025-03-22,2025-03-22,2025-04-11,6.9,10,MEDIUM,Scheduled,True
TRC1648,AST0481,SEC031,Pantograph interface,OHE Mast Repair,Guy wire slack,4,LOW,2025-01-03,2025-01-06,2025-02-11,7.8,13,LOW,Pending,False
TRC1649,AST0566,SEC041,Sectioning equipment,Catenary Maintenance,Splice joint fault,4,LOW,2025-11-09,2025-11-09,2025-12-31,2.6,10,LOW,Scheduled,True
TRC1650,AST0432,SEC057,OHE,Feeder Repair,Insulation breakdown,2,HIGH,2025-02-25,2025-02-25,2025-03-11,2.4,3,HIGH,Completed,True
TRC1651,AST0417,SEC042,Pantograph interface,Insulator Replacement,Mechanical failure,1,CRITICAL,2025-01-04,2025-01-05,2025-01-10,4.9,2,HIGH,Cancelled,True
TRC1652,AST0670,SEC070,Sectioning equipment,Feeder Repair,Insulation breakdown,3,MEDIUM,2025-07-12,2025-07-15,2025-08-07,4.7,4,MEDIUM,Scheduled,True
TRC1653,AST0581,SEC056,Feeder,Transformer Servicing,Oil leak,1,CRITICAL,2025-01-01,2025-01-03,2025-01-08,7.5,10,HIGH,Completed,False
TRC1654,AST0676,SEC001,Transformer,Insulator Replacement,Flashover damage,2,HIGH,2025-06-29,2025-07-02,2025-07-15,2.7,6,HIGH,Cancelled,True
TRC1655,AST0644,SEC044,Transformer,Insulator Replacement,Mechanical failure,4,LOW,2025-02-18,2025-02-20,2025-03-25,7.0,6,LOW,Completed,False
TRC1656,AST0582,SEC057,Sectioning equipment,Transformer Servicing,Winding fault,3,MEDIUM,2025-11-18,2025-11-19,2025-12-10,1.9,6,MEDIUM,Cancelled,True
TRC1657,AST0583,SEC058,Electrical switchgear,OHE Mast Repair,Bracket damage,3,MEDIUM,2025-09-04,2025-09-04,2025-09-29,11.5,6,MEDIUM,Cancelled,True
TRC1658,AST0594,SEC069,Insulator,Catenary Maintenance,Registration arm damage,1,CRITICAL,2025-07-24,2025-07-25,2025-07-29,10.2,10,HIGH,Completed,False
TRC1659,AST0566,SEC041,Sectioning equipment,Transformer Servicing,Bushing defect,2,HIGH,2025-01-16,2025-01-16,2025-01-28,6.9,12,HIGH,Pending,True
TRC1660,AST0404,SEC029,Transformer,OHE Mast Repair,Bracket damage,4,LOW,2025-10-11,2025-10-13,2025-11-15,3.2,2,LOW,In Progress,False
TRC1661,AST0530,SEC005,Insulator,Sectioning Post Maintenance,Interrupter fault,1,CRITICAL,2025-12-14,2025-12-16,2025-12-23,7.3,8,HIGH,In Progress,True
TRC1662,AST0401,SEC026,Pantograph interface,Sectioning Post Maintenance,Interrupter fault,3,MEDIUM,2025-02-24,2025-02-25,2025-03-14,5.8,14,MEDIUM,Cancelled,False
TRC1663,AST0484,SEC034,Transformer,Feeder Repair,Insulation breakdown,4,LOW,2025-06-09,2025-06-09,2025-08-06,2.1,10,LOW,Cancelled,True
TRC1664,AST0478,SEC028,Sectioning equipment,OHE Inspection,Stagger fault,1,CRITICAL,2025-03-24,2025-03-27,2025-04-02,2.7,12,HIGH,Completed,True
TRC1665,AST0642,SEC042,Insulator,OHE Inspection,Stagger fault,2,HIGH,2025-01-31,2025-02-02,2025-02-10,2.8,14,HIGH,Cancelled,False
TRC1666,AST0514,SEC064,Insulator,Sectioning Post Maintenance,Isolator defect,5,LOW,2025-11-12,2025-11-13,2026-02-03,10.0,15,LOW,Completed,True
TRC1667,AST0547,SEC022,Catenary,Catenary Maintenance,Splice joint fault,3,MEDIUM,2025-11-25,2025-11-28,2025-12-27,5.0,11,MEDIUM,Completed,False
TRC1668,AST0424,SEC049,OHE,Transformer Servicing,Bushing defect,3,MEDIUM,2025-08-14,2025-08-14,2025-09-13,8.6,10,MEDIUM,Completed,True
TRC1669,AST0424,SEC049,OHE,Sectioning Post Maintenance,Interrupter fault,2,HIGH,2025-05-03,2025-05-04,2025-05-18,3.5,2,HIGH,Completed,True
TRC1670,AST0558,SEC033,Sectioning equipment,Insulator Replacement,Mechanical failure,5,LOW,2025-10-09,2025-10-11,2026-01-02,5.9,3,LOW,Pending,True
TRC1671,AST0655,SEC055,Electrical switchgear,Transformer Servicing,Winding fault,3,MEDIUM,2025-01-11,2025-01-13,2025-02-07,4.0,5,MEDIUM,In Progress,False
TRC1672,AST0548,SEC023,Transformer,Insulator Replacement,Pollution deposit,3,MEDIUM,2025-03-29,2025-03-31,2025-04-16,1.6,7,MEDIUM,Pending,False
TRC1673,AST0574,SEC049,Sectioning equipment,Sectioning Post Maintenance,Earthing issue,3,MEDIUM,2025-01-09,2025-01-11,2025-01-30,7.0,14,MEDIUM,Pending,True
TRC1674,AST0530,SEC005,Insulator,Switchgear Maintenance,Circuit breaker fault,4,LOW,2025-12-15,2025-12-18,2026-02-01,3.2,6,LOW,Completed,False
TRC1675,AST0456,SEC006,OHE,Catenary Maintenance,Tension deviation,3,MEDIUM,2025-03-06,2025-03-06,2025-03-25,6.5,8,MEDIUM,Pending,True
TRC1676,AST0613,SEC013,Feeder,Sectioning Post Maintenance,Earthing issue,3,MEDIUM,2025-12-02,2025-12-02,2025-12-25,1.3,5,MEDIUM,In Progress,True
TRC1677,AST0557,SEC032,Feeder,OHE Mast Repair,Bracket damage,3,MEDIUM,2025-06-07,2025-06-07,2025-06-26,1.7,4,MEDIUM,Completed,True
TRC1678,AST0582,SEC057,Sectioning equipment,Insulator Replacement,Cracked insulator,1,CRITICAL,2025-07-29,2025-08-01,2025-08-07,11.3,3,HIGH,Pending,True
TRC1679,AST0684,SEC009,Transformer,Transformer Servicing,Cooling system failure,3,MEDIUM,2025-07-20,2025-07-22,2025-08-08,9.3,12,MEDIUM,Completed,False
TRC1680,AST0528,SEC003,OHE,OHE Mast Repair,Foundation settlement,4,LOW,2025-05-23,2025-05-24,2025-07-01,10.9,2,LOW,Scheduled,True
TRC1681,AST0460,SEC010,Transformer,Sectioning Post Maintenance,Jumper damage,2,HIGH,2025-06-14,2025-06-14,2025-06-22,1.1,7,HIGH,Completed,True
TRC1682,AST0449,SEC074,Pantograph interface,Feeder Repair,Joint failure,4,LOW,2025-09-15,2025-09-17,2025-11-16,7.0,11,LOW,In Progress,False
TRC1683,AST0618,SEC018,Insulator,OHE Inspection,Contact wire wear,3,MEDIUM,2025-09-03,2025-09-05,2025-09-25,9.9,6,MEDIUM,Scheduled,True
TRC1684,AST0631,SEC031,Electrical switchgear,Catenary Maintenance,Tension deviation,5,LOW,2024-12-31,2025-01-03,2025-03-07,7.6,2,LOW,In Progress,False
TRC1685,AST0580,SEC055,Transformer,Sectioning Post Maintenance,Jumper damage,4,LOW,2025-08-20,2025-08-20,2025-09-20,1.2,4,LOW,In Progress,False
TRC1686,AST0618,SEC018,Insulator,Insulator Replacement,Mechanical failure,3,MEDIUM,2025-06-27,2025-06-29,2025-07-29,9.2,7,MEDIUM,Completed,False
TRC1687,AST0547,SEC022,Catenary,Transformer Servicing,Oil leak,3,MEDIUM,2025-12-02,2025-12-03,2025-12-19,10.5,10,MEDIUM,Completed,True
TRC1688,AST0535,SEC010,Electrical switchgear,OHE Mast Repair,Guy wire slack,5,LOW,2025-12-07,2025-12-09,2026-01-20,10.5,2,LOW,Scheduled,False
TRC1689,AST0501,SEC051,Feeder,Feeder Repair,Insulation breakdown,3,MEDIUM,2025-08-10,2025-08-12,2025-09-01,11.9,9,MEDIUM,Cancelled,True
TRC1690,AST0520,SEC070,OHE,Sectioning Post Maintenance,Jumper damage,3,MEDIUM,2025-02-14,2025-02-17,2025-03-11,7.7,2,MEDIUM,Completed,True
TRC1691,AST0407,SEC032,Electrical switchgear,Transformer Servicing,Winding fault,4,LOW,2025-06-26,2025-06-28,2025-08-02,3.5,9,LOW,Scheduled,True
TRC1692,AST0527,SEC002,Electrical switchgear,Catenary Maintenance,Tension deviation,4,LOW,2025-04-28,2025-04-29,2025-06-08,10.8,9,LOW,Completed,True
TRC1693,AST0657,SEC057,Pantograph interface,Transformer Servicing,Winding fault,1,CRITICAL,2025-04-05,2025-04-05,2025-04-08,8.4,12,HIGH,Pending,False
TRC1694,AST0693,SEC018,Feeder,OHE Mast Repair,Bracket damage,5,LOW,2025-06-20,2025-06-23,2025-08-10,9.2,5,LOW,In Progress,True
TRC1695,AST0622,SEC022,Sectioning equipment,Insulator Replacement,Cracked insulator,4,LOW,2025-05-21,2025-05-24,2025-06-26,11.1,2,LOW,Completed,True
TRC1696,AST0618,SEC018,Insulator,Sectioning Post Maintenance,Interrupter fault,3,MEDIUM,2025-01-04,2025-01-07,2025-02-06,8.2,7,MEDIUM,Pending,False
TRC1697,AST0497,SEC047,Pantograph interface,Transformer Servicing,Bushing defect,5,LOW,2025-05-06,2025-05-06,2025-07-11,1.6,4,LOW,Pending,True
TRC1698,AST0423,SEC048,Electrical switchgear,Transformer Servicing,Bushing defect,4,LOW,2025-06-06,2025-06-08,2025-08-03,7.3,8,LOW,Completed,True
TRC1699,AST0689,SEC014,Pantograph interface,OHE Mast Repair,Foundation settlement,1,CRITICAL,2025-04-16,2025-04-16,2025-04-23,1.9,8,HIGH,Pending,False
TRC1700,AST0518,SEC068,Sectioning equipment,Catenary Maintenance,Registration arm damage,3,MEDIUM,2025-12-04,2025-12-07,2025-12-29,9.5,6,MEDIUM,Cancelled,True
TRC1701,AST0651,SEC051,Catenary,Catenary Maintenance,Splice joint fault,3,MEDIUM,2025-12-15,2025-12-16,2025-12-30,1.9,5,MEDIUM,Completed,True
TRC1702,AST0669,SEC069,Feeder,Transformer Servicing,Winding fault,2,HIGH,2025-07-11,2025-07-14,2025-07-23,6.2,14,HIGH,Pending,True
TRC1703,AST0445,SEC070,Feeder,OHE Mast Repair,Foundation settlement,3,MEDIUM,2025-06-02,2025-06-04,2025-06-24,1.0,2,MEDIUM,Completed,True
TRC1704,AST0616,SEC016,OHE,Sectioning Post Maintenance,Isolator defect,2,HIGH,2025-09-11,2025-09-11,2025-09-24,3.0,7,HIGH,Completed,True
TRC1705,AST0622,SEC022,Sectioning equipment,OHE Mast Repair,Corrosion,2,HIGH,2025-06-12,2025-06-14,2025-06-26,3.8,3,HIGH,Completed,True
TRC1706,AST0481,SEC031,Pantograph interface,OHE Inspection,Height deviation,4,LOW,2025-06-15,2025-06-16,2025-07-13,5.8,7,LOW,Completed,False
TRC1707,AST0640,SEC040,OHE,Insulator Replacement,Pollution deposit,5,LOW,2025-06-23,2025-06-24,2025-09-11,4.7,15,LOW,Completed,True
TRC1708,AST0608,SEC008,OHE,Transformer Servicing,Bushing defect,3,MEDIUM,2025-03-24,2025-03-27,2025-04-26,1.3,14,MEDIUM,Completed,True
TRC1709,AST0547,SEC022,Catenary,OHE Mast Repair,Bracket damage,5,LOW,2025-03-05,2025-03-07,2025-05-15,8.0,11,LOW,Completed,True
TRC1710,AST0591,SEC066,Electrical switchgear,OHE Inspection,Dropper defect,2,HIGH,2025-11-30,2025-12-02,2025-12-17,7.1,7,HIGH,Completed,True
TRC1711,AST0685,SEC010,Feeder,OHE Inspection,Contact wire wear,2,HIGH,2025-03-21,2025-03-21,2025-04-05,5.9,10,HIGH,Completed,True
TRC1712,AST0573,SEC048,Feeder,Insulator Replacement,Cracked insulator,4,LOW,2025-12-11,2025-12-13,2026-02-07,8.5,12,LOW,In Progress,True
TRC1713,AST0638,SEC038,Sectioning equipment,OHE Mast Repair,Foundation settlement,2,HIGH,2025-10-15,2025-10-15,2025-10-25,8.8,2,HIGH,Completed,True
TRC1714,AST0562,SEC037,Insulator,Catenary Maintenance,Splice joint fault,3,MEDIUM,2025-03-01,2025-03-03,2025-03-28,3.0,4,MEDIUM,Scheduled,False
TRC1715,AST0628,SEC028,Transformer,Switchgear Maintenance,Relay malfunction,5,LOW,2025-09-18,2025-09-19,2025-12-07,2.6,4,LOW,Completed,False
TRC1716,AST0506,SEC056,Insulator,Insulator Replacement,Cracked insulator,5,LOW,2025-01-06,2025-01-07,2025-02-17,9.8,11,LOW,Pending,False
TRC1717,AST0546,SEC021,Insulator,Sectioning Post Maintenance,Earthing issue,2,HIGH,2025-06-01,2025-06-02,2025-06-12,4.9,5,HIGH,In Progress,False
TRC1718,AST0453,SEC003,Feeder,Switchgear Maintenance,Relay malfunction,5,LOW,2025-11-03,2025-11-06,2026-01-03,2.4,4,LOW,Pending,False
TRC1719,AST0499,SEC049,Catenary,Transformer Servicing,Bushing defect,2,HIGH,2025-07-16,2025-07-16,2025-07-26,2.4,10,HIGH,Cancelled,True
TRC1720,AST0468,SEC018,Transformer,Switchgear Maintenance,Arc damage,5,LOW,2025-01-31,2025-02-01,2025-03-27,1.5,15,LOW,In Progress,True
TRC1721,AST0434,SEC059,Insulator,OHE Mast Repair,Bracket damage,4,LOW,2025-10-19,2025-10-22,2025-12-09,3.3,8,LOW,Completed,False
TRC1722,AST0547,SEC022,Catenary,Sectioning Post Maintenance,Earthing issue,3,MEDIUM,2025-05-26,2025-05-27,2025-06-21,1.7,9,MEDIUM,Completed,True
TRC1723,AST0664,SEC064,OHE,OHE Inspection,Height deviation,1,CRITICAL,2025-09-04,2025-09-06,2025-09-11,5.6,9,HIGH,Pending,False
TRC1724,AST0452,SEC002,Transformer,OHE Inspection,Dropper defect,2,HIGH,2025-10-20,2025-10-22,2025-11-06,4.3,7,HIGH,Cancelled,False
TRC1725,AST0613,SEC013,Feeder,Sectioning Post Maintenance,Interrupter fault,3,MEDIUM,2025-05-29,2025-05-31,2025-06-29,6.6,11,MEDIUM,Pending,True
TRC1726,AST0658,SEC058,Insulator,Transformer Servicing,Bushing defect,5,LOW,2025-04-15,2025-04-17,2025-06-25,1.4,14,LOW,Pending,False
TRC1727,AST0558,SEC033,Sectioning equipment,Feeder Repair,Joint failure,3,MEDIUM,2025-11-08,2025-11-09,2025-12-04,8.8,6,MEDIUM,Completed,True
TRC1728,AST0438,SEC063,Sectioning equipment,Feeder Repair,Insulation breakdown,4,LOW,2025-06-03,2025-06-06,2025-07-09,3.3,15,LOW,Cancelled,True
TRC1729,AST0436,SEC061,Transformer,Feeder Repair,Insulation breakdown,3,MEDIUM,2024-12-30,2025-01-01,2025-01-29,2.1,12,MEDIUM,Completed,True
TRC1730,AST0443,SEC068,Catenary,OHE Inspection,Stagger fault,2,HIGH,2025-12-04,2025-12-07,2025-12-14,8.3,6,HIGH,Pending,False
TRC1731,AST0692,SEC017,Transformer,OHE Inspection,Stagger fault,5,LOW,2025-03-26,2025-03-29,2025-06-08,10.0,14,LOW,Completed,True
TRC1732,AST0617,SEC017,Pantograph interface,Transformer Servicing,Winding fault,3,MEDIUM,2025-11-08,2025-11-10,2025-12-03,5.9,12,MEDIUM,Completed,False
TRC1733,AST0591,SEC066,Electrical switchgear,OHE Mast Repair,Foundation settlement,4,LOW,2025-02-19,2025-02-21,2025-04-04,8.4,8,LOW,Completed,True
TRC1734,AST0430,SEC055,Sectioning equipment,OHE Mast Repair,Foundation settlement,3,MEDIUM,2025-07-13,2025-07-15,2025-08-11,7.3,15,MEDIUM,Completed,True
TRC1735,AST0678,SEC003,Sectioning equipment,Switchgear Maintenance,Contactor wear,3,MEDIUM,2025-01-13,2025-01-14,2025-02-12,8.0,11,MEDIUM,Pending,True
TRC1736,AST0495,SEC045,Electrical switchgear,Catenary Maintenance,Registration arm damage,3,MEDIUM,2025-09-18,2025-09-18,2025-10-11,11.0,11,MEDIUM,Pending,False
TRC1737,AST0618,SEC018,Insulator,Switchgear Maintenance,Circuit breaker fault,3,MEDIUM,2025-04-05,2025-04-08,2025-04-23,4.3,11,MEDIUM,Scheduled,False
TRC1738,AST0555,SEC030,Catenary,Catenary Maintenance,Catenary sag,1,CRITICAL,2025-01-24,2025-01-26,2025-01-29,4.2,5,HIGH,Completed,True
TRC1739,AST0506,SEC056,Insulator,OHE Inspection,Height deviation,3,MEDIUM,2025-02-01,2025-02-04,2025-02-25,10.2,9,MEDIUM,Scheduled,True
TRC1740,AST0648,SEC048,OHE,OHE Inspection,Height deviation,4,LOW,2025-03-25,2025-03-26,2025-04-29,3.8,3,LOW,Completed,True
TRC1741,AST0432,SEC057,OHE,Catenary Maintenance,Splice joint fault,4,LOW,2025-10-05,2025-10-06,2025-12-01,10.0,9,LOW,In Progress,False
TRC1742,AST0691,SEC016,Catenary,OHE Mast Repair,Corrosion,5,LOW,2025-01-04,2025-01-05,2025-03-07,4.7,15,LOW,Scheduled,True
TRC1743,AST0414,SEC039,Sectioning equipment,OHE Mast Repair,Bracket damage,5,LOW,2025-03-25,2025-03-27,2025-06-15,7.4,2,LOW,Pending,True
TRC1744,AST0542,SEC017,Sectioning equipment,Insulator Replacement,Cracked insulator,3,MEDIUM,2025-04-26,2025-04-26,2025-05-19,3.6,8,MEDIUM,Cancelled,True
TRC1745,AST0446,SEC071,Sectioning equipment,OHE Inspection,Stagger fault,3,MEDIUM,2025-01-16,2025-01-18,2025-02-02,8.4,10,MEDIUM,Completed,True
TRC1746,AST0621,SEC021,Feeder,Transformer Servicing,Winding fault,2,HIGH,2025-07-26,2025-07-26,2025-08-07,9.0,3,HIGH,Pending,True
TRC1747,AST0469,SEC019,Feeder,Feeder Repair,Joint failure,3,MEDIUM,2025-06-11,2025-06-12,2025-07-06,11.5,5,MEDIUM,In Progress,True
TRC1748,AST0473,SEC023,Pantograph interface,OHE Inspection,Stagger fault,4,LOW,2025-09-19,2025-09-20,2025-10-26,3.9,12,LOW,Pending,False
TRC1749,AST0652,SEC052,Transformer,OHE Inspection,Stagger fault,3,MEDIUM,2025-07-04,2025-07-04,2025-07-23,3.5,11,MEDIUM,Pending,True
TRC1750,AST0567,SEC042,Electrical switchgear,Catenary Maintenance,Catenary sag,3,MEDIUM,2025-06-10,2025-06-12,2025-07-04,8.0,2,MEDIUM,Completed,False
TRC1751,AST0481,SEC031,Pantograph interface,Catenary Maintenance,Splice joint fault,3,MEDIUM,2025-01-01,2025-01-03,2025-01-26,1.6,7,MEDIUM,Pending,True
TRC1752,AST0688,SEC013,OHE,Catenary Maintenance,Tension deviation,4,LOW,2025-07-01,2025-07-04,2025-08-27,4.9,9,LOW,In Progress,True
TRC1753,AST0575,SEC050,Electrical switchgear,Catenary Maintenance,Tension deviation,4,LOW,2025-01-24,2025-01-27,2025-03-13,6.5,6,LOW,Scheduled,False
TRC1754,AST0537,SEC012,Pantograph interface,OHE Mast Repair,Corrosion,4,LOW,2025-02-09,2025-02-12,2025-03-18,8.6,5,LOW,Pending,True
TRC1755,AST0407,SEC032,Electrical switchgear,Transformer Servicing,Cooling system failure,2,HIGH,2025-01-19,2025-01-21,2025-02-03,9.9,12,HIGH,Completed,True
TRC1756,AST0611,SEC011,Catenary,Insulator Replacement,Cracked insulator,3,MEDIUM,2025-11-30,2025-12-02,2025-12-20,8.6,5,MEDIUM,In Progress,True
TRC1757,AST0690,SEC015,Insulator,Switchgear Maintenance,Circuit breaker fault,4,LOW,2025-04-17,2025-04-20,2025-06-07,1.3,10,LOW,Pending,True
TRC1758,AST0522,SEC072,Insulator,Catenary Maintenance,Registration arm damage,4,LOW,2025-06-21,2025-06-22,2025-08-18,7.9,10,LOW,Completed,False
TRC1759,AST0510,SEC060,Sectioning equipment,OHE Inspection,Stagger fault,3,MEDIUM,2025-11-02,2025-11-04,2025-11-25,6.0,3,MEDIUM,Pending,True
TRC1760,AST0529,SEC004,Pantograph interface,Transformer Servicing,Bushing defect,4,LOW,2025-02-04,2025-02-06,2025-03-13,11.2,14,LOW,Pending,False
TRC1761,AST0405,SEC030,Feeder,OHE Inspection,Stagger fault,2,HIGH,2025-12-15,2025-12-17,2025-12-31,6.7,4,HIGH,In Progress,True
TRC1762,AST0534,SEC009,Sectioning equipment,Switchgear Maintenance,Relay malfunction,3,MEDIUM,2025-05-31,2025-06-01,2025-06-22,5.6,4,MEDIUM,Completed,True
TRC1763,AST0550,SEC025,Sectioning equipment,OHE Inspection,Contact wire wear,2,HIGH,2025-10-21,2025-10-23,2025-11-04,5.2,10,HIGH,Scheduled,True
TRC1764,AST0467,SEC017,Catenary,Sectioning Post Maintenance,Isolator defect,3,MEDIUM,2025-05-25,2025-05-28,2025-06-15,7.8,10,MEDIUM,Completed,True
TRC1765,AST0626,SEC026,Insulator,Feeder Repair,Cable damage,3,MEDIUM,2025-09-02,2025-09-05,2025-09-28,4.3,9,MEDIUM,Scheduled,False
TRC1766,AST0683,SEC008,Catenary,OHE Inspection,Stagger fault,5,LOW,2025-02-07,2025-02-08,2025-04-23,10.3,12,LOW,Scheduled,True
TRC1767,AST0670,SEC070,Sectioning equipment,Switchgear Maintenance,Contactor wear,3,MEDIUM,2025-03-05,2025-03-05,2025-04-01,6.5,11,MEDIUM,Cancelled,True
TRC1768,AST0569,SEC044,Pantograph interface,OHE Inspection,Height deviation,1,CRITICAL,2025-02-06,2025-02-07,2025-02-11,6.8,4,HIGH,Pending,True
TRC1769,AST0403,SEC028,Catenary,OHE Mast Repair,Guy wire slack,2,HIGH,2025-09-26,2025-09-27,2025-10-09,4.1,12,HIGH,Completed,True
TRC1770,AST0574,SEC049,Sectioning equipment,Feeder Repair,Overheating,3,MEDIUM,2025-08-31,2025-09-02,2025-10-01,8.6,3,MEDIUM,Completed,True
TRC1771,AST0490,SEC040,Insulator,Feeder Repair,Insulation breakdown,2,HIGH,2025-04-27,2025-04-29,2025-05-13,4.7,14,HIGH,Pending,True
TRC1772,AST0560,SEC035,OHE,Sectioning Post Maintenance,Isolator defect,3,MEDIUM,2025-07-08,2025-07-10,2025-07-27,4.3,8,MEDIUM,Cancelled,True
TRC1773,AST0411,SEC036,Catenary,Transformer Servicing,Bushing defect,4,LOW,2025-01-13,2025-01-14,2025-02-20,7.0,13,LOW,Pending,True
TRC1774,AST0412,SEC037,Transformer,Sectioning Post Maintenance,Earthing issue,3,MEDIUM,2025-06-19,2025-06-21,2025-07-14,11.9,2,MEDIUM,Cancelled,False
TRC1775,AST0425,SEC050,Pantograph interface,Feeder Repair,Overheating,2,HIGH,2025-02-20,2025-02-22,2025-03-02,3.6,8,HIGH,Scheduled,False
TRC1776,AST0462,SEC012,Sectioning equipment,Transformer Servicing,Winding fault,4,LOW,2025-08-21,2025-08-23,2025-10-14,3.6,7,LOW,Pending,True
TRC1777,AST0460,SEC010,Transformer,OHE Mast Repair,Foundation settlement,2,HIGH,2025-01-22,2025-01-22,2025-02-02,2.0,3,HIGH,Cancelled,False
TRC1778,AST0610,SEC010,Insulator,Sectioning Post Maintenance,Isolator defect,1,CRITICAL,2025-03-12,2025-03-14,2025-03-19,7.8,6,HIGH,Completed,True
TRC1779,AST0434,SEC059,Insulator,Transformer Servicing,Winding fault,2,HIGH,2025-06-23,2025-06-24,2025-07-03,7.3,10,HIGH,Scheduled,False
TRC1780,AST0503,SEC053,Electrical switchgear,Catenary Maintenance,Splice joint fault,2,HIGH,2025-08-02,2025-08-03,2025-08-11,1.5,2,HIGH,Pending,False
TRC1781,AST0632,SEC032,OHE,OHE Inspection,Stagger fault,3,MEDIUM,2025-05-07,2025-05-09,2025-06-05,11.4,12,MEDIUM,In Progress,True
TRC1782,AST0597,SEC072,Feeder,OHE Inspection,Dropper defect,3,MEDIUM,2025-06-22,2025-06-25,2025-07-14,3.1,11,MEDIUM,Scheduled,False
TRC1783,AST0471,SEC021,Electrical switchgear,Insulator Replacement,Mechanical failure,3,MEDIUM,2025-03-31,2025-04-03,2025-05-01,10.8,3,MEDIUM,Pending,False
TRC1784,AST0472,SEC022,OHE,Feeder Repair,Cable damage,5,LOW,2025-09-29,2025-09-29,2025-12-19,1.9,11,LOW,Pending,True
TRC1785,AST0644,SEC044,Transformer,OHE Inspection,Dropper defect,3,MEDIUM,2025-02-15,2025-02-17,2025-03-08,1.9,8,MEDIUM,In Progress,True
TRC1786,AST0549,SEC024,Feeder,Insulator Replacement,Pollution deposit,2,HIGH,2025-09-26,2025-09-29,2025-10-13,4.2,9,HIGH,Completed,True
TRC1787,AST0563,SEC038,Catenary,Switchgear Maintenance,Contactor wear,3,MEDIUM,2025-11-10,2025-11-13,2025-12-13,6.3,8,MEDIUM,In Progress,True
TRC1788,AST0617,SEC017,Pantograph interface,OHE Mast Repair,Guy wire slack,2,HIGH,2025-05-17,2025-05-19,2025-05-29,2.1,8,HIGH,In Progress,True
TRC1789,AST0507,SEC057,Catenary,OHE Inspection,Stagger fault,4,LOW,2025-01-08,2025-01-08,2025-02-13,1.7,7,LOW,Completed,True
TRC1790,AST0536,SEC011,OHE,Switchgear Maintenance,Relay malfunction,4,LOW,2025-10-07,2025-10-10,2025-12-05,8.8,7,LOW,Completed,True
TRC1791,AST0563,SEC038,Catenary,Switchgear Maintenance,Arc damage,3,MEDIUM,2025-01-05,2025-01-06,2025-01-23,3.1,4,MEDIUM,Completed,False
TRC1792,AST0415,SEC040,Electrical switchgear,Switchgear Maintenance,Contactor wear,1,CRITICAL,2025-08-17,2025-08-18,2025-08-22,5.4,7,HIGH,Pending,True
TRC1793,AST0418,SEC043,Insulator,OHE Mast Repair,Guy wire slack,2,HIGH,2025-01-16,2025-01-18,2025-01-29,3.0,2,HIGH,Completed,True
TRC1794,AST0545,SEC020,Pantograph interface,Catenary Maintenance,Tension deviation,1,CRITICAL,2025-11-20,2025-11-22,2025-11-29,4.6,6,HIGH,Scheduled,True
TRC1795,AST0408,SEC033,OHE,Sectioning Post Maintenance,Interrupter fault,3,MEDIUM,2025-12-17,2025-12-18,2026-01-09,10.0,11,MEDIUM,Pending,True
TRC1796,AST0461,SEC011,Feeder,Switchgear Maintenance,Circuit breaker fault,4,LOW,2025-03-15,2025-03-15,2025-04-30,1.6,7,LOW,Pending,False
TRC1797,AST0424,SEC049,OHE,OHE Inspection,Stagger fault,2,HIGH,2025-11-22,2025-11-22,2025-12-01,10.6,7,HIGH,Pending,True
TRC1798,AST0560,SEC035,OHE,Feeder Repair,Overheating,4,LOW,2025-11-08,2025-11-11,2025-12-27,8.8,13,LOW,Pending,True
TRC1799,AST0538,SEC013,Insulator,OHE Inspection,Contact wire wear,2,HIGH,2025-09-15,2025-09-15,2025-09-25,5.3,15,HIGH,Pending,True
TRC1800,AST0540,SEC015,Transformer,OHE Inspection,Stagger fault,3,MEDIUM,2025-12-13,2025-12-15,2025-12-29,3.6,5,MEDIUM,In Progress,False
TRC1801,AST0409,SEC034,Pantograph interface,Sectioning Post Maintenance,Jumper damage,3,MEDIUM,2025-07-13,2025-07-16,2025-08-10,6.5,9,MEDIUM,Completed,False
TRC1802,AST0488,SEC038,OHE,OHE Mast Repair,Foundation settlement,2,HIGH,2025-08-22,2025-08-25,2025-09-08,10.7,8,HIGH,Scheduled,True
TRC1803,AST0641,SEC041,Pantograph interface,Catenary Maintenance,Splice joint fault,4,LOW,2025-12-01,2025-12-03,2026-02-01,3.1,2,LOW,Pending,True
TRC1804,AST0590,SEC065,Sectioning equipment,OHE Inspection,Dropper defect,4,LOW,2025-06-25,2025-06-27,2025-08-10,11.9,8,LOW,Scheduled,True
TRC1805,AST0476,SEC026,Transformer,Insulator Replacement,Pollution deposit,4,LOW,2025-02-17,2025-02-20,2025-04-12,2.9,10,LOW,Pending,True
TRC1806,AST0630,SEC030,Sectioning equipment,Insulator Replacement,Pollution deposit,3,MEDIUM,2025-06-27,2025-06-29,2025-07-26,7.1,9,MEDIUM,Pending,True
TRC1807,AST0462,SEC012,Sectioning equipment,OHE Mast Repair,Corrosion,2,HIGH,2025-01-25,2025-01-26,2025-02-04,11.7,3,HIGH,Completed,True
TRC1808,AST0529,SEC004,Pantograph interface,Insulator Replacement,Pollution deposit,4,LOW,2025-01-22,2025-01-24,2025-03-25,4.5,5,LOW,Scheduled,True
TRC1809,AST0546,SEC021,Insulator,Sectioning Post Maintenance,Isolator defect,4,LOW,2025-03-20,2025-03-22,2025-04-20,8.8,8,LOW,Cancelled,True
TRC1810,AST0683,SEC008,Catenary,Feeder Repair,Joint failure,4,LOW,2025-08-20,2025-08-20,2025-10-07,7.0,13,LOW,In Progress,True
TRC1811,AST0677,SEC002,Feeder,Catenary Maintenance,Registration arm damage,3,MEDIUM,2025-02-01,2025-02-01,2025-02-19,6.7,12,MEDIUM,Pending,True
TRC1812,AST0505,SEC055,Pantograph interface,OHE Mast Repair,Foundation settlement,4,LOW,2025-05-08,2025-05-11,2025-06-06,6.3,4,LOW,Pending,True
TRC1813,AST0402,SEC027,Insulator,OHE Mast Repair,Bracket damage,4,LOW,2025-02-24,2025-02-26,2025-04-26,4.3,7,LOW,In Progress,False
TRC1814,AST0412,SEC037,Transformer,Sectioning Post Maintenance,Isolator defect,2,HIGH,2025-04-24,2025-04-26,2025-05-06,4.7,15,HIGH,Completed,False
TRC1815,AST0408,SEC033,OHE,OHE Inspection,Contact wire wear,2,HIGH,2025-12-04,2025-12-04,2025-12-16,11.1,6,HIGH,Pending,True
TRC1816,AST0689,SEC014,Pantograph interface,Insulator Replacement,Cracked insulator,3,MEDIUM,2025-01-14,2025-01-17,2025-02-14,3.2,12,MEDIUM,Pending,False
TRC1817,AST0687,SEC012,Electrical switchgear,OHE Mast Repair,Guy wire slack,3,MEDIUM,2025-02-08,2025-02-09,2025-03-06,8.2,4,MEDIUM,Cancelled,True
TRC1818,AST0685,SEC010,Feeder,Insulator Replacement,Pollution deposit,4,LOW,2025-12-15,2025-12-18,2026-02-16,6.7,5,LOW,Scheduled,True
TRC1819,AST0418,SEC043,Insulator,Switchgear Maintenance,Relay malfunction,3,MEDIUM,2025-11-30,2025-12-03,2025-12-22,7.7,10,MEDIUM,Cancelled,True
TRC1820,AST0636,SEC036,Transformer,Transformer Servicing,Cooling system failure,4,LOW,2025-07-25,2025-07-28,2025-09-18,2.9,15,LOW,Completed,True
TRC1821,AST0697,SEC022,Pantograph interface,Insulator Replacement,Pollution deposit,3,MEDIUM,2025-04-12,2025-04-14,2025-05-10,7.8,10,MEDIUM,Completed,False
TRC1822,AST0572,SEC047,Transformer,Transformer Servicing,Cooling system failure,2,HIGH,2025-07-01,2025-07-04,2025-07-13,6.6,6,HIGH,Pending,True
TRC1823,AST0429,SEC054,Feeder,Transformer Servicing,Cooling system failure,3,MEDIUM,2025-07-02,2025-07-03,2025-07-31,4.1,8,MEDIUM,Scheduled,True
TRC1824,AST0573,SEC048,Feeder,Sectioning Post Maintenance,Isolator defect,1,CRITICAL,2025-09-20,2025-09-21,2025-09-26,3.0,14,HIGH,In Progress,False
TRC1825,AST0489,SEC039,Pantograph interface,Sectioning Post Maintenance,Earthing issue,5,LOW,2025-10-03,2025-10-05,2026-01-02,4.2,5,LOW,Completed,False
TRC1826,AST0497,SEC047,Pantograph interface,Transformer Servicing,Oil leak,3,MEDIUM,2025-09-15,2025-09-18,2025-10-04,8.3,6,MEDIUM,Pending,False
TRC1827,AST0431,SEC056,Electrical switchgear,Switchgear Maintenance,Circuit breaker fault,3,MEDIUM,2025-11-20,2025-11-21,2025-12-18,4.7,7,MEDIUM,Scheduled,False
TRC1828,AST0404,SEC029,Transformer,Catenary Maintenance,Splice joint fault,2,HIGH,2025-09-17,2025-09-20,2025-10-05,11.0,10,HIGH,Pending,False
TRC1829,AST0501,SEC051,Feeder,Sectioning Post Maintenance,Jumper damage,3,MEDIUM,2025-03-04,2025-03-06,2025-03-31,2.0,12,MEDIUM,Scheduled,True
TRC1830,AST0676,SEC001,Transformer,Insulator Replacement,Mechanical failure,3,MEDIUM,2025-09-11,2025-09-12,2025-10-08,1.3,9,MEDIUM,Scheduled,False
TRC1831,AST0700,SEC025,Transformer,Sectioning Post Maintenance,Jumper damage,4,LOW,2025-07-29,2025-07-30,2025-09-15,10.5,3,LOW,Scheduled,False
TRC1832,AST0698,SEC023,Insulator,Insulator Replacement,Flashover damage,3,MEDIUM,2025-08-22,2025-08-25,2025-09-13,5.4,8,MEDIUM,Scheduled,False
TRC1833,AST0507,SEC057,Catenary,Sectioning Post Maintenance,Isolator defect,3,MEDIUM,2025-09-06,2025-09-09,2025-10-07,7.4,11,MEDIUM,Completed,True
TRC1834,AST0514,SEC064,Insulator,Sectioning Post Maintenance,Interrupter fault,3,MEDIUM,2025-05-10,2025-05-13,2025-05-28,10.3,2,MEDIUM,Completed,False
TRC1835,AST0696,SEC021,OHE,OHE Mast Repair,Bracket damage,4,LOW,2025-11-21,2025-11-23,2026-01-22,6.2,14,LOW,Scheduled,True
TRC1836,AST0629,SEC029,Feeder,Catenary Maintenance,Catenary sag,3,MEDIUM,2025-04-20,2025-04-22,2025-05-06,3.9,5,MEDIUM,Scheduled,True
TRC1837,AST0615,SEC015,Electrical switchgear,OHE Inspection,Stagger fault,4,LOW,2025-06-01,2025-06-04,2025-07-11,3.5,9,LOW,Pending,False
TRC1838,AST0489,SEC039,Pantograph interface,OHE Inspection,Height deviation,3,MEDIUM,2025-11-26,2025-11-28,2025-12-22,5.9,15,MEDIUM,Pending,True
TRC1839,AST0640,SEC040,OHE,Feeder Repair,Joint failure,5,LOW,2025-10-22,2025-10-25,2025-12-31,8.0,5,LOW,Scheduled,True
TRC1840,AST0538,SEC013,Insulator,Feeder Repair,Insulation breakdown,3,MEDIUM,2025-03-30,2025-04-01,2025-04-25,10.1,9,MEDIUM,Completed,False
TRC1841,AST0533,SEC008,Feeder,Sectioning Post Maintenance,Isolator defect,5,LOW,2025-06-06,2025-06-06,2025-08-03,9.0,9,LOW,Scheduled,True
TRC1842,AST0407,SEC032,Electrical switchgear,Feeder Repair,Insulation breakdown,2,HIGH,2025-09-08,2025-09-08,2025-09-19,5.3,13,HIGH,Completed,False
TRC1843,AST0406,SEC031,Sectioning equipment,Feeder Repair,Overheating,5,LOW,2025-11-22,2025-11-22,2026-01-28,6.7,4,LOW,Scheduled,False
TRC1844,AST0450,SEC075,Insulator,OHE Mast Repair,Foundation settlement,4,LOW,2025-03-06,2025-03-08,2025-04-22,9.1,10,LOW,Scheduled,True
TRC1845,AST0496,SEC046,OHE,Sectioning Post Maintenance,Jumper damage,3,MEDIUM,2025-07-08,2025-07-10,2025-08-04,2.0,6,MEDIUM,Pending,True
TRC1846,AST0504,SEC054,OHE,Insulator Replacement,Cracked insulator,4,LOW,2025-05-12,2025-05-12,2025-07-11,6.9,14,LOW,Completed,True
TRC1847,AST0663,SEC063,Electrical switchgear,Feeder Repair,Cable damage,5,LOW,2025-10-21,2025-10-23,2025-12-22,3.7,7,LOW,Pending,True
TRC1848,AST0429,SEC054,Feeder,OHE Mast Repair,Bracket damage,3,MEDIUM,2025-11-18,2025-11-19,2025-12-15,10.5,15,MEDIUM,Pending,False
TRC1849,AST0571,SEC046,Catenary,Insulator Replacement,Mechanical failure,5,LOW,2025-07-25,2025-07-27,2025-10-13,7.7,14,LOW,Scheduled,True
TRC1850,AST0418,SEC043,Insulator,Insulator Replacement,Mechanical failure,5,LOW,2025-07-26,2025-07-26,2025-09-17,10.5,9,LOW,In Progress,True
TRC1851,AST0667,SEC067,Catenary,Catenary Maintenance,Tension deviation,3,MEDIUM,2025-06-14,2025-06-17,2025-07-17,6.1,10,MEDIUM,Completed,True
TRC1852,AST0422,SEC047,Sectioning equipment,Feeder Repair,Cable damage,4,LOW,2025-01-10,2025-01-10,2025-02-05,9.3,2,LOW,Completed,True
TRC1853,AST0657,SEC057,Pantograph interface,Switchgear Maintenance,Relay malfunction,2,HIGH,2025-04-01,2025-04-03,2025-04-17,4.9,5,HIGH,Completed,False
TRC1854,AST0465,SEC015,Pantograph interface,Feeder Repair,Joint failure,2,HIGH,2025-09-02,2025-09-05,2025-09-15,2.3,9,HIGH,Pending,False
TRC1855,AST0478,SEC028,Sectioning equipment,Feeder Repair,Cable damage,5,LOW,2025-11-14,2025-11-14,2026-01-02,4.6,7,LOW,Scheduled,True
TRC1856,AST0415,SEC040,Electrical switchgear,OHE Inspection,Contact wire wear,3,MEDIUM,2025-10-03,2025-10-05,2025-10-25,8.6,14,MEDIUM,Cancelled,True
TRC1857,AST0427,SEC052,Catenary,Transformer Servicing,Bushing defect,3,MEDIUM,2025-06-19,2025-06-20,2025-07-10,7.0,5,MEDIUM,Pending,False
TRC1858,AST0522,SEC072,Insulator,Feeder Repair,Joint failure,3,MEDIUM,2025-09-14,2025-09-17,2025-10-03,7.7,8,MEDIUM,Pending,False
TRC1859,AST0615,SEC015,Electrical switchgear,OHE Inspection,Contact wire wear,3,MEDIUM,2025-10-14,2025-10-17,2025-11-01,8.5,7,MEDIUM,Cancelled,True
TRC1860,AST0585,SEC060,Pantograph interface,Switchgear Maintenance,Arc damage,2,HIGH,2025-07-14,2025-07-17,2025-07-31,8.6,14,HIGH,In Progress,True
TRC1861,AST0671,SEC071,Electrical switchgear,Feeder Repair,Cable damage,4,LOW,2025-06-16,2025-06-17,2025-07-14,8.8,4,LOW,Completed,True
TRC1862,AST0496,SEC046,OHE,OHE Inspection,Stagger fault,4,LOW,2025-05-11,2025-05-14,2025-07-11,1.5,8,LOW,Completed,True
TRC1863,AST0655,SEC055,Electrical switchgear,Switchgear Maintenance,Contactor wear,4,LOW,2025-02-09,2025-02-09,2025-04-09,8.7,14,LOW,Completed,False
TRC1864,AST0610,SEC010,Insulator,Transformer Servicing,Bushing defect,3,MEDIUM,2025-12-20,2025-12-20,2026-01-18,9.8,6,MEDIUM,In Progress,False
TRC1865,AST0461,SEC011,Feeder,Switchgear Maintenance,Relay malfunction,2,HIGH,2025-05-10,2025-05-12,2025-05-20,3.4,10,HIGH,Scheduled,True
TRC1866,AST0480,SEC030,OHE,Insulator Replacement,Mechanical failure,4,LOW,2025-10-19,2025-10-19,2025-11-15,2.5,14,LOW,Completed,True
TRC1867,AST0468,SEC018,Transformer,Sectioning Post Maintenance,Earthing issue,3,MEDIUM,2025-04-09,2025-04-12,2025-04-28,10.3,11,MEDIUM,Scheduled,True
TRC1868,AST0667,SEC067,Catenary,OHE Mast Repair,Corrosion,5,LOW,2025-01-16,2025-01-16,2025-03-11,4.7,5,LOW,Completed,True
TRC1869,AST0452,SEC002,Transformer,Switchgear Maintenance,Arc damage,5,LOW,2025-04-26,2025-04-28,2025-07-25,4.2,4,LOW,Completed,True
TRC1870,AST0415,SEC040,Electrical switchgear,OHE Mast Repair,Guy wire slack,3,MEDIUM,2025-08-17,2025-08-20,2025-09-07,7.7,4,MEDIUM,Scheduled,False
TRC1871,AST0470,SEC020,Sectioning equipment,Transformer Servicing,Cooling system failure,3,MEDIUM,2025-02-04,2025-02-04,2025-02-18,3.8,15,MEDIUM,Cancelled,True
TRC1872,AST0537,SEC012,Pantograph interface,Catenary Maintenance,Tension deviation,4,LOW,2025-09-13,2025-09-13,2025-10-27,11.3,9,LOW,Pending,False
TRC1873,AST0453,SEC003,Feeder,Catenary Maintenance,Registration arm damage,2,HIGH,2025-04-07,2025-04-09,2025-04-18,1.3,2,HIGH,Scheduled,True
TRC1874,AST0417,SEC042,Pantograph interface,OHE Inspection,Stagger fault,3,MEDIUM,2025-12-18,2025-12-20,2026-01-17,6.6,12,MEDIUM,Cancelled,False
TRC1875,AST0475,SEC025,Catenary,Feeder Repair,Joint failure,1,CRITICAL,2025-01-09,2025-01-09,2025-01-15,3.9,10,HIGH,Completed,True
TRC1876,AST0684,SEC009,Transformer,Insulator Replacement,Flashover damage,3,MEDIUM,2025-11-10,2025-11-11,2025-12-03,8.5,12,MEDIUM,Pending,True
TRC1877,AST0524,SEC074,Transformer,Sectioning Post Maintenance,Isolator defect,3,MEDIUM,2025-04-30,2025-05-01,2025-05-23,8.3,5,MEDIUM,Scheduled,False
TRC1878,AST0626,SEC026,Insulator,Switchgear Maintenance,Contactor wear,5,LOW,2025-05-20,2025-05-23,2025-07-12,11.5,2,LOW,Scheduled,False
TRC1879,AST0682,SEC007,Insulator,Sectioning Post Maintenance,Jumper damage,3,MEDIUM,2025-05-13,2025-05-15,2025-05-31,5.4,15,MEDIUM,Completed,False
TRC1880,AST0426,SEC051,Insulator,Insulator Replacement,Cracked insulator,3,MEDIUM,2025-04-05,2025-04-06,2025-05-02,10.3,9,MEDIUM,Completed,True
TRC1881,AST0655,SEC055,Electrical switchgear,OHE Inspection,Stagger fault,4,LOW,2025-07-24,2025-07-26,2025-08-25,10.5,3,LOW,Scheduled,True
TRC1882,AST0695,SEC020,Electrical switchgear,OHE Mast Repair,Bracket damage,5,LOW,2025-03-27,2025-03-29,2025-06-14,7.2,12,LOW,Scheduled,False
TRC1883,AST0553,SEC028,Pantograph interface,Feeder Repair,Insulation breakdown,1,CRITICAL,2025-09-16,2025-09-16,2025-09-22,4.1,7,HIGH,Pending,True
TRC1884,AST0639,SEC039,Electrical switchgear,Sectioning Post Maintenance,Jumper damage,2,HIGH,2025-05-07,2025-05-08,2025-05-16,6.9,6,HIGH,Scheduled,True
TRC1885,AST0497,SEC047,Pantograph interface,Transformer Servicing,Winding fault,2,HIGH,2025-05-16,2025-05-17,2025-05-26,4.7,10,HIGH,Completed,True
TRC1886,AST0553,SEC028,Pantograph interface,Insulator Replacement,Mechanical failure,4,LOW,2025-10-15,2025-10-15,2025-11-20,5.5,2,LOW,Scheduled,False
TRC1887,AST0471,SEC021,Electrical switchgear,OHE Mast Repair,Bracket damage,2,HIGH,2025-11-05,2025-11-08,2025-11-23,4.7,7,HIGH,Pending,False
TRC1888,AST0536,SEC011,OHE,Switchgear Maintenance,Circuit breaker fault,4,LOW,2025-10-22,2025-10-22,2025-11-25,1.6,2,LOW,Completed,False
TRC1889,AST0674,SEC074,Insulator,Switchgear Maintenance,Circuit breaker fault,4,LOW,2025-09-07,2025-09-09,2025-10-15,4.1,6,LOW,Completed,False
TRC1890,AST0484,SEC034,Transformer,Sectioning Post Maintenance,Earthing issue,4,LOW,2025-04-10,2025-04-10,2025-05-31,1.5,14,LOW,In Progress,False
TRC1891,AST0469,SEC019,Feeder,OHE Mast Repair,Corrosion,4,LOW,2025-12-08,2025-12-08,2026-01-21,4.0,11,LOW,Scheduled,True
TRC1892,AST0566,SEC041,Sectioning equipment,Sectioning Post Maintenance,Interrupter fault,3,MEDIUM,2025-06-09,2025-06-09,2025-07-09,2.7,12,MEDIUM,Completed,True
TRC1893,AST0618,SEC018,Insulator,Switchgear Maintenance,Circuit breaker fault,3,MEDIUM,2025-11-12,2025-11-13,2025-12-02,10.1,11,MEDIUM,Pending,True
TRC1894,AST0572,SEC047,Transformer,Sectioning Post Maintenance,Isolator defect,1,CRITICAL,2025-11-10,2025-11-10,2025-11-17,3.9,3,HIGH,Scheduled,False
TRC1895,AST0410,SEC035,Insulator,Catenary Maintenance,Splice joint fault,5,LOW,2025-02-21,2025-02-23,2025-04-07,1.8,8,LOW,Scheduled,False
TRC1896,AST0510,SEC060,Sectioning equipment,Switchgear Maintenance,Relay malfunction,3,MEDIUM,2025-03-10,2025-03-11,2025-04-04,2.1,8,MEDIUM,Completed,True
TRC1897,AST0455,SEC005,Electrical switchgear,Sectioning Post Maintenance,Earthing issue,2,HIGH,2025-04-06,2025-04-06,2025-04-19,3.9,9,HIGH,Pending,True
TRC1898,AST0645,SEC045,Feeder,Sectioning Post Maintenance,Jumper damage,2,HIGH,2025-09-09,2025-09-12,2025-09-19,5.5,12,HIGH,Scheduled,True
TRC1899,AST0642,SEC042,Insulator,OHE Mast Repair,Bracket damage,3,MEDIUM,2025-03-19,2025-03-19,2025-04-02,6.1,13,MEDIUM,Completed,False
TRC1900,AST0481,SEC031,Pantograph interface,Insulator Replacement,Pollution deposit,2,HIGH,2025-04-25,2025-04-27,2025-05-04,11.1,2,HIGH,Completed,False
TRC1901,AST0517,SEC067,Feeder,OHE Mast Repair,Bracket damage,5,LOW,2025-07-02,2025-07-02,2025-09-21,10.7,4,LOW,Pending,True
TRC1902,AST0648,SEC048,OHE,Transformer Servicing,Winding fault,4,LOW,2025-04-30,2025-05-03,2025-06-21,2.5,11,LOW,Completed,True
TRC1903,AST0592,SEC067,OHE,Switchgear Maintenance,Circuit breaker fault,3,MEDIUM,2025-08-29,2025-09-01,2025-09-29,10.3,13,MEDIUM,Completed,True
TRC1904,AST0587,SEC062,Catenary,Switchgear Maintenance,Arc damage,5,LOW,2025-12-12,2025-12-13,2026-02-05,10.3,15,LOW,Completed,True
TRC1905,AST0544,SEC019,OHE,Sectioning Post Maintenance,Jumper damage,4,LOW,2025-06-18,2025-06-20,2025-07-31,8.8,15,LOW,Scheduled,True
TRC1906,AST0550,SEC025,Sectioning equipment,Insulator Replacement,Flashover damage,3,MEDIUM,2025-12-07,2025-12-09,2026-01-05,10.3,6,MEDIUM,Cancelled,False
TRC1907,AST0612,SEC012,Transformer,Catenary Maintenance,Catenary sag,2,HIGH,2025-08-28,2025-08-31,2025-09-15,9.4,2,HIGH,Completed,False
TRC1908,AST0663,SEC063,Electrical switchgear,Transformer Servicing,Cooling system failure,5,LOW,2025-11-07,2025-11-10,2026-01-20,2.0,3,LOW,Cancelled,True
TRC1909,AST0606,SEC006,Sectioning equipment,Insulator Replacement,Flashover damage,4,LOW,2025-02-14,2025-02-16,2025-03-16,4.8,14,LOW,Completed,True
TRC1910,AST0539,SEC014,Catenary,Sectioning Post Maintenance,Interrupter fault,3,MEDIUM,2025-09-22,2025-09-23,2025-10-18,2.0,12,MEDIUM,Pending,True
TRC1911,AST0626,SEC026,Insulator,OHE Inspection,Dropper defect,1,CRITICAL,2025-04-15,2025-04-17,2025-04-22,1.2,3,HIGH,Scheduled,True
TRC1912,AST0512,SEC062,OHE,OHE Inspection,Dropper defect,1,CRITICAL,2025-06-19,2025-06-22,2025-06-26,5.2,3,HIGH,Completed,True
TRC1913,AST0526,SEC001,Sectioning equipment,OHE Inspection,Dropper defect,4,LOW,2025-08-18,2025-08-21,2025-10-20,4.6,9,LOW,Completed,True
TRC1914,AST0411,SEC036,Catenary,OHE Inspection,Height deviation,2,HIGH,2025-10-05,2025-10-06,2025-10-14,3.0,15,HIGH,Cancelled,True
TRC1915,AST0571,SEC046,Catenary,OHE Mast Repair,Foundation settlement,2,HIGH,2025-05-12,2025-05-15,2025-05-23,3.3,12,HIGH,Scheduled,True
TRC1916,AST0515,SEC065,Catenary,OHE Inspection,Contact wire wear,1,CRITICAL,2025-05-20,2025-05-21,2025-05-26,9.7,11,HIGH,Completed,True
TRC1917,AST0401,SEC026,Pantograph interface,Transformer Servicing,Bushing defect,2,HIGH,2025-10-18,2025-10-18,2025-10-29,6.5,9,HIGH,Completed,False
TRC1918,AST0604,SEC004,Transformer,Catenary Maintenance,Tension deviation,4,LOW,2025-11-21,2025-11-21,2026-01-10,10.3,14,LOW,Completed,True
TRC1919,AST0624,SEC024,OHE,Switchgear Maintenance,Relay malfunction,3,MEDIUM,2025-10-01,2025-10-04,2025-10-18,11.9,15,MEDIUM,Scheduled,True
TRC1920,AST0588,SEC063,Transformer,Catenary Maintenance,Catenary sag,3,MEDIUM,2025-08-18,2025-08-20,2025-09-03,7.3,10,MEDIUM,Completed,True
TRC1921,AST0471,SEC021,Electrical switchgear,Feeder Repair,Insulation breakdown,3,MEDIUM,2025-07-05,2025-07-08,2025-07-25,8.4,6,MEDIUM,Pending,False
TRC1922,AST0429,SEC054,Feeder,Insulator Replacement,Mechanical failure,3,MEDIUM,2025-06-28,2025-06-29,2025-07-15,8.9,14,MEDIUM,Completed,True
TRC1923,AST0500,SEC050,Transformer,Transformer Servicing,Winding fault,5,LOW,2025-04-20,2025-04-20,2025-06-09,5.6,5,LOW,Completed,False
TRC1924,AST0563,SEC038,Catenary,Insulator Replacement,Pollution deposit,4,LOW,2025-03-02,2025-03-04,2025-04-01,6.3,11,LOW,Cancelled,True
TRC1925,AST0442,SEC067,Insulator,Sectioning Post Maintenance,Interrupter fault,3,MEDIUM,2025-05-09,2025-05-09,2025-06-02,7.2,4,MEDIUM,Completed,False
TRC1926,AST0425,SEC050,Pantograph interface,Insulator Replacement,Mechanical failure,2,HIGH,2025-11-10,2025-11-12,2025-11-22,7.6,14,HIGH,Pending,False
TRC1927,AST0627,SEC027,Catenary,Insulator Replacement,Mechanical failure,3,MEDIUM,2025-09-22,2025-09-25,2025-10-13,6.9,2,MEDIUM,Cancelled,True
TRC1928,AST0569,SEC044,Pantograph interface,Insulator Replacement,Flashover damage,3,MEDIUM,2025-01-12,2025-01-12,2025-02-09,2.2,7,MEDIUM,Pending,False
TRC1929,AST0660,SEC060,Transformer,Catenary Maintenance,Registration arm damage,4,LOW,2025-11-15,2025-11-15,2026-01-13,2.2,4,LOW,Completed,False
TRC1930,AST0415,SEC040,Electrical switchgear,OHE Mast Repair,Foundation settlement,1,CRITICAL,2025-01-22,2025-01-24,2025-01-30,8.6,4,HIGH,Cancelled,True
TRC1931,AST0471,SEC021,Electrical switchgear,Feeder Repair,Cable damage,3,MEDIUM,2025-07-06,2025-07-09,2025-08-08,2.7,4,MEDIUM,Pending,False
TRC1932,AST0509,SEC059,Feeder,Insulator Replacement,Flashover damage,2,HIGH,2025-02-15,2025-02-16,2025-02-27,8.3,4,HIGH,Completed,True
TRC1933,AST0493,SEC043,Feeder,OHE Mast Repair,Bracket damage,3,MEDIUM,2025-06-09,2025-06-10,2025-07-02,2.8,12,MEDIUM,Pending,True
TRC1934,AST0698,SEC023,Insulator,Insulator Replacement,Pollution deposit,1,CRITICAL,2025-12-01,2025-12-01,2025-12-08,5.5,6,HIGH,Scheduled,False
TRC1935,AST0497,SEC047,Pantograph interface,Catenary Maintenance,Tension deviation,3,MEDIUM,2025-08-28,2025-08-28,2025-09-16,7.9,3,MEDIUM,Completed,False
TRC1936,AST0662,SEC062,Sectioning equipment,Catenary Maintenance,Tension deviation,3,MEDIUM,2025-10-07,2025-10-08,2025-10-28,8.9,3,MEDIUM,Completed,True
TRC1937,AST0452,SEC002,Transformer,OHE Inspection,Stagger fault,1,CRITICAL,2025-07-24,2025-07-27,2025-07-31,2.1,2,HIGH,Completed,False
TRC1938,AST0645,SEC045,Feeder,OHE Mast Repair,Corrosion,2,HIGH,2025-09-19,2025-09-22,2025-10-04,4.8,6,HIGH,Scheduled,True
TRC1939,AST0590,SEC065,Sectioning equipment,Transformer Servicing,Winding fault,3,MEDIUM,2025-09-13,2025-09-13,2025-10-07,10.1,10,MEDIUM,Completed,True
TRC1940,AST0628,SEC028,Transformer,Sectioning Post Maintenance,Isolator defect,1,CRITICAL,2025-01-19,2025-01-22,2025-01-28,1.1,15,HIGH,Scheduled,True
TRC1941,AST0508,SEC058,Transformer,OHE Mast Repair,Foundation settlement,1,CRITICAL,2025-05-27,2025-05-28,2025-06-04,11.3,7,HIGH,Cancelled,False
TRC1942,AST0558,SEC033,Sectioning equipment,Transformer Servicing,Winding fault,1,CRITICAL,2025-05-03,2025-05-06,2025-05-13,6.5,10,HIGH,Completed,False
TRC1943,AST0573,SEC048,Feeder,Transformer Servicing,Winding fault,4,LOW,2025-03-07,2025-03-08,2025-05-04,3.7,3,LOW,Pending,True
TRC1944,AST0639,SEC039,Electrical switchgear,Feeder Repair,Overheating,4,LOW,2025-09-15,2025-09-15,2025-10-21,5.6,2,LOW,Completed,True
TRC1945,AST0613,SEC013,Feeder,Catenary Maintenance,Registration arm damage,2,HIGH,2025-08-26,2025-08-28,2025-09-09,11.6,11,HIGH,Scheduled,True
TRC1946,AST0611,SEC011,Catenary,Insulator Replacement,Cracked insulator,4,LOW,2025-11-09,2025-11-09,2025-12-14,2.1,9,LOW,Cancelled,True
TRC1947,AST0557,SEC032,Feeder,Insulator Replacement,Cracked insulator,2,HIGH,2025-02-14,2025-02-15,2025-03-02,9.0,6,HIGH,Scheduled,True
TRC1948,AST0668,SEC068,Transformer,Catenary Maintenance,Catenary sag,3,MEDIUM,2025-01-27,2025-01-29,2025-02-13,10.9,9,MEDIUM,Cancelled,True
TRC1949,AST0440,SEC065,OHE,Switchgear Maintenance,Arc damage,4,LOW,2025-03-29,2025-03-31,2025-05-19,6.2,7,LOW,Pending,True
TRC1950,AST0407,SEC032,Electrical switchgear,Feeder Repair,Insulation breakdown,4,LOW,2025-07-19,2025-07-20,2025-09-07,8.8,9,LOW,Cancelled,False
TRC1951,AST0473,SEC023,Pantograph interface,Insulator Replacement,Pollution deposit,1,CRITICAL,2025-04-11,2025-04-11,2025-04-16,10.5,5,HIGH,Cancelled,False
TRC1952,AST0662,SEC062,Sectioning equipment,Insulator Replacement,Cracked insulator,3,MEDIUM,2025-03-28,2025-03-29,2025-04-28,4.4,9,MEDIUM,Completed,True
TRC1953,AST0579,SEC054,Catenary,Transformer Servicing,Cooling system failure,3,MEDIUM,2025-10-28,2025-10-29,2025-11-14,5.7,3,MEDIUM,Pending,True
TRC1954,AST0415,SEC040,Electrical switchgear,Catenary Maintenance,Tension deviation,4,LOW,2025-07-09,2025-07-10,2025-09-01,2.4,11,LOW,Completed,True
TRC1955,AST0634,SEC034,Insulator,Feeder Repair,Insulation breakdown,4,LOW,2025-11-23,2025-11-26,2026-01-11,11.5,2,LOW,Scheduled,False
TRC1956,AST0441,SEC066,Pantograph interface,Switchgear Maintenance,Arc damage,4,LOW,2025-03-01,2025-03-04,2025-04-03,1.3,7,LOW,Scheduled,True
TRC1957,AST0608,SEC008,OHE,Feeder Repair,Joint failure,5,LOW,2025-01-04,2025-01-04,2025-03-12,2.8,6,LOW,Scheduled,True
TRC1958,AST0459,SEC009,Catenary,Feeder Repair,Joint failure,3,MEDIUM,2025-09-07,2025-09-08,2025-10-08,4.6,5,MEDIUM,In Progress,True
TRC1959,AST0620,SEC020,Transformer,Transformer Servicing,Oil leak,1,CRITICAL,2025-01-15,2025-01-17,2025-01-22,6.0,12,HIGH,Pending,False
TRC1960,AST0424,SEC049,OHE,OHE Mast Repair,Corrosion,2,HIGH,2025-11-06,2025-11-09,2025-11-20,3.5,13,HIGH,Scheduled,False
TRC1961,AST0692,SEC017,Transformer,Feeder Repair,Insulation breakdown,2,HIGH,2025-07-25,2025-07-26,2025-08-10,1.1,8,HIGH,Scheduled,False
TRC1962,AST0410,SEC035,Insulator,Sectioning Post Maintenance,Interrupter fault,2,HIGH,2025-09-06,2025-09-09,2025-09-16,6.1,2,HIGH,Completed,True
TRC1963,AST0569,SEC044,Pantograph interface,Insulator Replacement,Mechanical failure,4,LOW,2025-07-25,2025-07-28,2025-08-31,10.6,4,LOW,In Progress,True
TRC1964,AST0410,SEC035,Insulator,Switchgear Maintenance,Arc damage,1,CRITICAL,2025-10-17,2025-10-19,2025-10-25,11.9,6,HIGH,Pending,False
TRC1965,AST0613,SEC013,Feeder,Feeder Repair,Insulation breakdown,2,HIGH,2025-11-19,2025-11-22,2025-12-01,11.5,11,HIGH,Pending,True
TRC1966,AST0670,SEC070,Sectioning equipment,Catenary Maintenance,Splice joint fault,1,CRITICAL,2025-08-28,2025-08-29,2025-09-01,5.9,3,HIGH,Scheduled,True
TRC1967,AST0567,SEC042,Electrical switchgear,Sectioning Post Maintenance,Interrupter fault,3,MEDIUM,2025-02-12,2025-02-12,2025-03-07,5.4,15,MEDIUM,Completed,True
TRC1968,AST0617,SEC017,Pantograph interface,Transformer Servicing,Bushing defect,3,MEDIUM,2025-11-25,2025-11-27,2025-12-26,10.8,8,MEDIUM,Completed,True
TRC1969,AST0407,SEC032,Electrical switchgear,OHE Mast Repair,Guy wire slack,2,HIGH,2025-05-13,2025-05-15,2025-05-30,4.1,5,HIGH,Completed,True
TRC1970,AST0676,SEC001,Transformer,OHE Mast Repair,Bracket damage,3,MEDIUM,2025-10-20,2025-10-22,2025-11-08,9.4,3,MEDIUM,Completed,False
TRC1971,AST0479,SEC029,Electrical switchgear,OHE Mast Repair,Bracket damage,3,MEDIUM,2025-09-25,2025-09-27,2025-10-18,5.1,2,MEDIUM,Scheduled,True
TRC1972,AST0474,SEC024,Insulator,Insulator Replacement,Pollution deposit,3,MEDIUM,2025-11-08,2025-11-11,2025-11-26,9.3,12,MEDIUM,Cancelled,True
TRC1973,AST0475,SEC025,Catenary,Transformer Servicing,Bushing defect,3,MEDIUM,2025-01-18,2025-01-19,2025-02-17,7.1,5,MEDIUM,Pending,True
TRC1974,AST0697,SEC022,Pantograph interface,OHE Inspection,Dropper defect,2,HIGH,2025-09-27,2025-09-30,2025-10-12,2.4,13,HIGH,Pending,False
TRC1975,AST0497,SEC047,Pantograph interface,Switchgear Maintenance,Arc damage,5,LOW,2025-03-07,2025-03-07,2025-05-30,10.8,6,LOW,Completed,False
TRC1976,AST0536,SEC011,OHE,Catenary Maintenance,Tension deviation,2,HIGH,2025-10-09,2025-10-09,2025-10-16,4.5,10,HIGH,Completed,False
TRC1977,AST0613,SEC013,Feeder,OHE Inspection,Contact wire wear,1,CRITICAL,2024-12-31,2025-01-02,2025-01-07,3.5,9,HIGH,Completed,True
TRC1978,AST0563,SEC038,Catenary,Catenary Maintenance,Registration arm damage,4,LOW,2025-09-14,2025-09-16,2025-10-15,2.6,12,LOW,In Progress,True
TRC1979,AST0443,SEC068,Catenary,OHE Inspection,Height deviation,2,HIGH,2025-01-14,2025-01-16,2025-01-25,4.0,8,HIGH,Completed,False
TRC1980,AST0596,SEC071,Transformer,Switchgear Maintenance,Relay malfunction,2,HIGH,2025-10-04,2025-10-06,2025-10-13,7.6,5,HIGH,Completed,False
TRC1981,AST0543,SEC018,Electrical switchgear,Transformer Servicing,Cooling system failure,4,LOW,2025-11-24,2025-11-26,2026-01-24,4.4,8,LOW,Completed,False
TRC1982,AST0611,SEC011,Catenary,Transformer Servicing,Winding fault,3,MEDIUM,2025-06-18,2025-06-20,2025-07-07,9.0,15,MEDIUM,In Progress,True
TRC1983,AST0489,SEC039,Pantograph interface,Sectioning Post Maintenance,Jumper damage,3,MEDIUM,2025-04-29,2025-05-01,2025-05-25,7.8,13,MEDIUM,In Progress,False
TRC1984,AST0645,SEC045,Feeder,Insulator Replacement,Pollution deposit,3,MEDIUM,2025-06-05,2025-06-06,2025-06-22,6.4,4,MEDIUM,Completed,True
TRC1985,AST0497,SEC047,Pantograph interface,Insulator Replacement,Mechanical failure,4,LOW,2025-01-21,2025-01-24,2025-02-25,8.0,6,LOW,Pending,False
TRC1986,AST0476,SEC026,Transformer,Insulator Replacement,Flashover damage,4,LOW,2025-08-24,2025-08-27,2025-10-01,10.9,4,LOW,In Progress,False
TRC1987,AST0521,SEC071,Pantograph interface,Transformer Servicing,Winding fault,2,HIGH,2025-09-24,2025-09-27,2025-10-07,11.4,5,HIGH,Scheduled,True
TRC1988,AST0551,SEC026,Electrical switchgear,Feeder Repair,Insulation breakdown,3,MEDIUM,2025-04-30,2025-05-02,2025-05-31,7.0,2,MEDIUM,Pending,False
TRC1989,AST0595,SEC070,Catenary,Feeder Repair,Joint failure,4,LOW,2025-07-08,2025-07-08,2025-08-30,2.4,4,LOW,Scheduled,False
TRC1990,AST0446,SEC071,Sectioning equipment,Feeder Repair,Cable damage,2,HIGH,2025-08-30,2025-08-30,2025-09-14,5.5,5,HIGH,Pending,True
TRC1991,AST0491,SEC041,Catenary,Feeder Repair,Cable damage,3,MEDIUM,2025-06-03,2025-06-04,2025-06-30,4.9,5,MEDIUM,In Progress,True
TRC1992,AST0658,SEC058,Insulator,OHE Inspection,Dropper defect,3,MEDIUM,2025-10-22,2025-10-22,2025-11-17,1.9,14,MEDIUM,In Progress,False
TRC1993,AST0477,SEC027,Feeder,Switchgear Maintenance,Contactor wear,2,HIGH,2025-05-07,2025-05-09,2025-05-16,3.4,9,HIGH,Scheduled,True
TRC1994,AST0586,SEC061,Insulator,Catenary Maintenance,Registration arm damage,4,LOW,2025-01-12,2025-01-13,2025-02-18,9.3,12,LOW,Scheduled,False
TRC1995,AST0602,SEC002,Insulator,OHE Mast Repair,Corrosion,3,MEDIUM,2025-06-20,2025-06-23,2025-07-15,1.1,14,MEDIUM,Completed,False
TRC1996,AST0512,SEC062,OHE,OHE Mast Repair,Guy wire slack,2,HIGH,2025-05-22,2025-05-23,2025-06-04,3.1,12,HIGH,Completed,True
TRC1997,AST0658,SEC058,Insulator,OHE Mast Repair,Guy wire slack,2,HIGH,2025-09-22,2025-09-25,2025-10-03,11.5,7,HIGH,Completed,False
TRC1998,AST0479,SEC029,Electrical switchgear,Switchgear Maintenance,Arc damage,2,HIGH,2025-10-15,2025-10-18,2025-11-02,3.3,14,HIGH,In Progress,False
TRC1999,AST0513,SEC063,Pantograph interface,OHE Mast Repair,Corrosion,3,MEDIUM,2025-03-10,2025-03-13,2025-04-07,1.0,10,MEDIUM,Pending,True
TRC2000,AST0500,SEC050,Transformer,OHE Inspection,Height deviation,4,LOW,2025-08-01,2025-08-03,2025-09-14,8.0,13,LOW,Scheduled,False
TRC2001,AST0516,SEC066,Transformer,Insulator Replacement,Cracked insulator,3,MEDIUM,2025-11-11,2025-11-13,2025-12-05,8.6,10,MEDIUM,Completed,False
TRC2002,AST0467,SEC017,Catenary,Transformer Servicing,Bushing defect,5,LOW,2025-05-12,2025-05-13,2025-07-04,9.0,8,LOW,Cancelled,True
TRC2003,AST0680,SEC005,OHE,Insulator Replacement,Flashover damage,3,MEDIUM,2025-03-23,2025-03-26,2025-04-22,5.8,5,MEDIUM,Completed,True
TRC2004,AST0425,SEC050,Pantograph interface,Insulator Replacement,Pollution deposit,3,MEDIUM,2025-04-05,2025-04-07,2025-04-27,10.8,11,MEDIUM,Cancelled,True
TRC2005,AST0525,SEC075,Feeder,OHE Inspection,Stagger fault,5,LOW,2025-01-04,2025-01-07,2025-02-23,3.2,7,LOW,Pending,False
TRC2006,AST0492,SEC042,Transformer,OHE Inspection,Stagger fault,5,LOW,2025-12-01,2025-12-01,2026-02-07,4.1,13,LOW,Completed,True
TRC2007,AST0558,SEC033,Sectioning equipment,OHE Inspection,Contact wire wear,4,LOW,2025-08-31,2025-08-31,2025-10-18,5.8,10,LOW,Scheduled,True
TRC2008,AST0638,SEC038,Sectioning equipment,OHE Mast Repair,Corrosion,3,MEDIUM,2025-03-21,2025-03-21,2025-04-17,5.9,9,MEDIUM,Completed,True
TRC2009,AST0686,SEC011,Sectioning equipment,Catenary Maintenance,Tension deviation,5,LOW,2025-11-29,2025-11-30,2026-02-17,4.3,8,LOW,Completed,True
TRC2010,AST0465,SEC015,Pantograph interface,Feeder Repair,Joint failure,5,LOW,2025-10-17,2025-10-19,2026-01-06,7.4,7,LOW,Pending,True
TRC2011,AST0593,SEC068,Pantograph interface,Catenary Maintenance,Registration arm damage,5,LOW,2025-07-20,2025-07-21,2025-10-18,8.4,7,LOW,Completed,False
TRC2012,AST0662,SEC062,Sectioning equipment,Insulator Replacement,Cracked insulator,3,MEDIUM,2025-11-29,2025-12-01,2025-12-15,4.7,14,MEDIUM,Scheduled,True
TRC2013,AST0529,SEC004,Pantograph interface,OHE Inspection,Dropper defect,4,LOW,2025-03-28,2025-03-29,2025-05-13,3.4,6,LOW,Completed,True
TRC2014,AST0452,SEC002,Transformer,Transformer Servicing,Cooling system failure,3,MEDIUM,2025-11-21,2025-11-23,2025-12-23,10.7,2,MEDIUM,Completed,False
TRC2015,AST0673,SEC073,Pantograph interface,Sectioning Post Maintenance,Interrupter fault,1,CRITICAL,2025-11-09,2025-11-11,2025-11-18,6.6,14,HIGH,Completed,False
TRC2016,AST0682,SEC007,Insulator,Feeder Repair,Cable damage,3,MEDIUM,2025-09-18,2025-09-19,2025-10-10,8.6,7,MEDIUM,Completed,False
TRC2017,AST0532,SEC007,Transformer,OHE Mast Repair,Corrosion,2,HIGH,2025-08-31,2025-08-31,2025-09-11,10.8,5,HIGH,Cancelled,False
TRC2018,AST0578,SEC053,Insulator,Feeder Repair,Insulation breakdown,3,MEDIUM,2025-08-25,2025-08-28,2025-09-14,5.0,8,MEDIUM,Scheduled,False
TRC2019,AST0625,SEC025,Pantograph interface,Transformer Servicing,Winding fault,3,MEDIUM,2025-08-29,2025-08-29,2025-09-15,6.9,3,MEDIUM,In Progress,False
TRC2020,AST0467,SEC017,Catenary,Transformer Servicing,Cooling system failure,1,CRITICAL,2025-03-22,2025-03-22,2025-03-29,10.7,10,HIGH,Pending,True
TRC2021,AST0691,SEC016,Catenary,OHE Mast Repair,Corrosion,3,MEDIUM,2025-05-16,2025-05-16,2025-06-07,4.0,15,MEDIUM,Completed,True
TRC2022,AST0692,SEC017,Transformer,Catenary Maintenance,Registration arm damage,3,MEDIUM,2025-09-03,2025-09-06,2025-10-01,10.0,13,MEDIUM,Pending,True
TRC2023,AST0534,SEC009,Sectioning equipment,OHE Mast Repair,Foundation settlement,4,LOW,2025-01-23,2025-01-25,2025-03-14,2.5,2,LOW,Completed,True
TRC2024,AST0618,SEC018,Insulator,Insulator Replacement,Cracked insulator,2,HIGH,2025-11-14,2025-11-17,2025-11-26,10.7,4,HIGH,Completed,False
TRC2025,AST0426,SEC051,Insulator,Transformer Servicing,Cooling system failure,4,LOW,2025-08-20,2025-08-23,2025-09-23,1.2,15,LOW,Cancelled,True
TRC2026,AST0586,SEC061,Insulator,Sectioning Post Maintenance,Earthing issue,2,HIGH,2025-12-18,2025-12-20,2026-01-03,3.2,3,HIGH,Pending,True
TRC2027,AST0619,SEC019,Catenary,OHE Inspection,Dropper defect,3,MEDIUM,2025-10-03,2025-10-06,2025-11-05,9.3,15,MEDIUM,Pending,True
TRC2028,AST0411,SEC036,Catenary,OHE Mast Repair,Guy wire slack,2,HIGH,2025-10-25,2025-10-26,2025-11-09,2.8,13,HIGH,Pending,True
TRC2029,AST0431,SEC056,Electrical switchgear,OHE Inspection,Dropper defect,1,CRITICAL,2025-09-08,2025-09-11,2025-09-17,3.5,13,HIGH,Cancelled,False
TRC2030,AST0425,SEC050,Pantograph interface,OHE Inspection,Stagger fault,4,LOW,2025-08-21,2025-08-21,2025-10-06,11.2,3,LOW,Completed,False
TRC2031,AST0626,SEC026,Insulator,Insulator Replacement,Pollution deposit,4,LOW,2025-12-09,2025-12-09,2026-01-31,2.6,5,LOW,Pending,False
TRC2032,AST0549,SEC024,Feeder,OHE Mast Repair,Corrosion,2,HIGH,2025-11-12,2025-11-13,2025-11-20,3.0,2,HIGH,Cancelled,True
TRC2033,AST0623,SEC023,Electrical switchgear,Feeder Repair,Cable damage,4,LOW,2025-05-11,2025-05-13,2025-06-14,7.1,2,LOW,Scheduled,False
TRC2034,AST0435,SEC060,Catenary,Transformer Servicing,Winding fault,4,LOW,2025-03-27,2025-03-30,2025-05-01,8.0,4,LOW,Pending,True
TRC2035,AST0622,SEC022,Sectioning equipment,Catenary Maintenance,Catenary sag,2,HIGH,2025-04-07,2025-04-09,2025-04-17,8.9,9,HIGH,Completed,True
TRC2036,AST0474,SEC024,Insulator,OHE Inspection,Contact wire wear,4,LOW,2025-01-18,2025-01-21,2025-03-21,3.0,12,LOW,Completed,False
TRC2037,AST0501,SEC051,Feeder,OHE Mast Repair,Guy wire slack,4,LOW,2025-05-07,2025-05-07,2025-06-22,11.9,6,LOW,Scheduled,True
TRC2038,AST0667,SEC067,Catenary,Feeder Repair,Insulation breakdown,4,LOW,2025-09-04,2025-09-06,2025-10-28,6.6,11,LOW,Pending,True
TRC2039,AST0616,SEC016,OHE,OHE Mast Repair,Foundation settlement,2,HIGH,2025-05-01,2025-05-04,2025-05-16,1.1,5,HIGH,Completed,True
TRC2040,AST0691,SEC016,Catenary,Switchgear Maintenance,Arc damage,5,LOW,2025-02-25,2025-02-28,2025-05-27,9.4,5,LOW,Cancelled,True
TRC2041,AST0627,SEC027,Catenary,Insulator Replacement,Flashover damage,5,LOW,2025-05-06,2025-05-06,2025-08-02,5.0,11,LOW,Pending,True
TRC2042,AST0624,SEC024,OHE,Feeder Repair,Insulation breakdown,4,LOW,2025-08-12,2025-08-13,2025-09-15,8.3,5,LOW,Completed,True
TRC2043,AST0558,SEC033,Sectioning equipment,Transformer Servicing,Oil leak,4,LOW,2025-11-05,2025-11-06,2025-12-22,11.6,9,LOW,Completed,True
TRC2044,AST0416,SEC041,OHE,Catenary Maintenance,Tension deviation,2,HIGH,2025-11-19,2025-11-22,2025-12-05,6.9,11,HIGH,In Progress,True
TRC2045,AST0420,SEC045,Transformer,Catenary Maintenance,Catenary sag,3,MEDIUM,2025-02-14,2025-02-16,2025-03-10,1.9,8,MEDIUM,Scheduled,False
TRC2046,AST0623,SEC023,Electrical switchgear,Transformer Servicing,Winding fault,4,LOW,2025-01-01,2025-01-02,2025-02-17,9.9,10,LOW,Pending,False
TRC2047,AST0483,SEC033,Catenary,Transformer Servicing,Cooling system failure,3,MEDIUM,2025-05-25,2025-05-25,2025-06-11,8.0,6,MEDIUM,Completed,True
TRC2048,AST0459,SEC009,Catenary,Catenary Maintenance,Catenary sag,3,MEDIUM,2025-12-08,2025-12-09,2025-12-30,6.1,13,MEDIUM,Pending,True
TRC2049,AST0674,SEC074,Insulator,Switchgear Maintenance,Relay malfunction,3,MEDIUM,2025-10-23,2025-10-25,2025-11-15,3.7,12,MEDIUM,Cancelled,False
TRC2050,AST0511,SEC061,Electrical switchgear,Sectioning Post Maintenance,Isolator defect,4,LOW,2025-01-31,2025-01-31,2025-03-15,3.2,4,LOW,Scheduled,False
TRC2051,AST0421,SEC046,Feeder,Sectioning Post Maintenance,Jumper damage,5,LOW,2025-09-22,2025-09-24,2025-11-27,2.4,5,LOW,Completed,True
TRC2052,AST0429,SEC054,Feeder,Catenary Maintenance,Registration arm damage,3,MEDIUM,2025-12-11,2025-12-11,2026-01-10,11.7,13,MEDIUM,Pending,True
TRC2053,AST0666,SEC066,Insulator,Sectioning Post Maintenance,Isolator defect,3,MEDIUM,2025-11-01,2025-11-02,2025-12-01,9.6,14,MEDIUM,Scheduled,False
TRC2054,AST0603,SEC003,Catenary,Feeder Repair,Insulation breakdown,3,MEDIUM,2025-09-22,2025-09-23,2025-10-22,6.9,3,MEDIUM,Pending,False
TRC2055,AST0554,SEC029,Insulator,Switchgear Maintenance,Relay malfunction,3,MEDIUM,2025-04-30,2025-05-03,2025-05-28,6.2,8,MEDIUM,Scheduled,True
TRC2056,AST0557,SEC032,Feeder,Transformer Servicing,Bushing defect,5,LOW,2025-12-20,2025-12-21,2026-03-12,6.7,7,LOW,Pending,True
TRC2057,AST0554,SEC029,Insulator,Feeder Repair,Cable damage,2,HIGH,2025-05-18,2025-05-18,2025-05-29,2.7,12,HIGH,Completed,False
TRC2058,AST0488,SEC038,OHE,OHE Mast Repair,Bracket damage,3,MEDIUM,2025-10-03,2025-10-04,2025-11-01,4.9,2,MEDIUM,Pending,True
TRC2059,AST0445,SEC070,Feeder,Catenary Maintenance,Catenary sag,3,MEDIUM,2025-10-30,2025-10-30,2025-11-29,6.5,14,MEDIUM,Completed,False
TRC2060,AST0467,SEC017,Catenary,Transformer Servicing,Cooling system failure,5,LOW,2025-10-28,2025-10-28,2025-12-14,5.2,2,LOW,Scheduled,True
TRC2061,AST0520,SEC070,OHE,Sectioning Post Maintenance,Jumper damage,4,LOW,2025-06-14,2025-06-16,2025-08-04,1.9,9,LOW,Pending,True
TRC2062,AST0566,SEC041,Sectioning equipment,OHE Inspection,Dropper defect,4,LOW,2025-03-05,2025-03-05,2025-04-22,5.7,3,LOW,Completed,True
TRC2063,AST0657,SEC057,Pantograph interface,Sectioning Post Maintenance,Earthing issue,5,LOW,2025-04-13,2025-04-15,2025-06-17,2.8,5,LOW,In Progress,True
TRC2064,AST0441,SEC066,Pantograph interface,OHE Mast Repair,Foundation settlement,3,MEDIUM,2025-12-11,2025-12-13,2025-12-30,2.2,6,MEDIUM,Completed,True
TRC2065,AST0635,SEC035,Catenary,OHE Inspection,Dropper defect,3,MEDIUM,2025-05-28,2025-05-30,2025-06-16,10.0,6,MEDIUM,Scheduled,True
TRC2066,AST0664,SEC064,OHE,Feeder Repair,Joint failure,1,CRITICAL,2025-10-27,2025-10-27,2025-11-02,6.2,13,HIGH,Scheduled,True
TRC2067,AST0665,SEC065,Pantograph interface,Insulator Replacement,Cracked insulator,4,LOW,2025-10-25,2025-10-27,2025-12-22,11.5,12,LOW,Completed,True
TRC2068,AST0687,SEC012,Electrical switchgear,Switchgear Maintenance,Arc damage,5,LOW,2025-08-15,2025-08-18,2025-10-15,4.7,5,LOW,Cancelled,False
TRC2069,AST0439,SEC064,Electrical switchgear,OHE Mast Repair,Guy wire slack,4,LOW,2025-08-27,2025-08-30,2025-10-06,4.0,7,LOW,Pending,False
TRC2070,AST0541,SEC016,Feeder,Switchgear Maintenance,Relay malfunction,4,LOW,2025-10-31,2025-11-02,2025-12-24,9.7,5,LOW,Pending,True
TRC2071,AST0640,SEC040,OHE,Catenary Maintenance,Splice joint fault,3,MEDIUM,2025-04-24,2025-04-25,2025-05-13,9.0,4,MEDIUM,Scheduled,False
TRC2072,AST0479,SEC029,Electrical switchgear,Insulator Replacement,Flashover damage,1,CRITICAL,2025-01-26,2025-01-29,2025-02-05,10.9,8,HIGH,Completed,False
TRC2073,AST0547,SEC022,Catenary,OHE Mast Repair,Guy wire slack,5,LOW,2025-05-18,2025-05-20,2025-07-31,3.0,8,LOW,Scheduled,True
TRC2074,AST0488,SEC038,OHE,Insulator Replacement,Pollution deposit,3,MEDIUM,2025-07-14,2025-07-16,2025-08-09,11.9,13,MEDIUM,Pending,True
TRC2075,AST0445,SEC070,Feeder,Sectioning Post Maintenance,Earthing issue,4,LOW,2025-04-24,2025-04-24,2025-05-21,6.5,9,LOW,Scheduled,True
TRC2076,AST0590,SEC065,Sectioning equipment,Catenary Maintenance,Catenary sag,2,HIGH,2025-12-03,2025-12-06,2025-12-16,11.4,6,HIGH,Cancelled,True
TRC2077,AST0617,SEC017,Pantograph interface,Sectioning Post Maintenance,Isolator defect,4,LOW,2025-03-07,2025-03-08,2025-04-23,10.0,14,LOW,Pending,True
TRC2078,AST0611,SEC011,Catenary,Catenary Maintenance,Splice joint fault,1,CRITICAL,2025-04-20,2025-04-21,2025-04-27,2.3,6,HIGH,Pending,False
TRC2079,AST0440,SEC065,OHE,Feeder Repair,Cable damage,3,MEDIUM,2025-05-04,2025-05-04,2025-05-26,10.3,2,MEDIUM,Completed,True
TRC2080,AST0685,SEC010,Feeder,OHE Mast Repair,Bracket damage,3,MEDIUM,2025-09-29,2025-10-01,2025-10-20,3.0,5,MEDIUM,Pending,True
TRC2081,AST0515,SEC065,Catenary,Feeder Repair,Joint failure,4,LOW,2025-02-15,2025-02-18,2025-04-12,12.0,8,LOW,In Progress,True
TRC2082,AST0524,SEC074,Transformer,Catenary Maintenance,Registration arm damage,3,MEDIUM,2025-01-25,2025-01-28,2025-02-21,9.6,3,MEDIUM,Pending,False
TRC2083,AST0454,SEC004,Sectioning equipment,OHE Mast Repair,Bracket damage,3,MEDIUM,2025-04-09,2025-04-10,2025-05-09,8.6,13,MEDIUM,Scheduled,True
TRC2084,AST0406,SEC031,Sectioning equipment,Switchgear Maintenance,Arc damage,2,HIGH,2025-05-08,2025-05-10,2025-05-20,1.8,12,HIGH,Completed,True
TRC2085,AST0501,SEC051,Feeder,OHE Mast Repair,Foundation settlement,5,LOW,2025-08-09,2025-08-09,2025-10-13,1.3,6,LOW,Completed,True
TRC2086,AST0584,SEC059,OHE,OHE Mast Repair,Guy wire slack,4,LOW,2025-05-12,2025-05-12,2025-06-16,4.7,9,LOW,Pending,True
TRC2087,AST0433,SEC058,Pantograph interface,OHE Inspection,Height deviation,2,HIGH,2025-08-29,2025-08-30,2025-09-12,1.5,6,HIGH,Pending,True
TRC2088,AST0648,SEC048,OHE,Catenary Maintenance,Splice joint fault,3,MEDIUM,2025-10-28,2025-10-29,2025-11-15,6.5,11,MEDIUM,Completed,True
TRC2089,AST0579,SEC054,Catenary,Feeder Repair,Joint failure,3,MEDIUM,2025-09-07,2025-09-10,2025-10-08,3.3,11,MEDIUM,Scheduled,True
TRC2090,AST0593,SEC068,Pantograph interface,Insulator Replacement,Pollution deposit,1,CRITICAL,2025-03-09,2025-03-11,2025-03-15,7.5,9,HIGH,Pending,True
TRC2091,AST0697,SEC022,Pantograph interface,OHE Mast Repair,Corrosion,1,CRITICAL,2025-02-15,2025-02-17,2025-02-22,6.0,15,HIGH,Completed,False
TRC2092,AST0555,SEC030,Catenary,Sectioning Post Maintenance,Interrupter fault,3,MEDIUM,2025-01-20,2025-01-20,2025-02-17,10.3,2,MEDIUM,Pending,True
TRC2093,AST0627,SEC027,Catenary,Sectioning Post Maintenance,Jumper damage,4,LOW,2025-07-10,2025-07-12,2025-08-31,4.7,13,LOW,Completed,True
TRC2094,AST0661,SEC061,Feeder,Feeder Repair,Joint failure,3,MEDIUM,2025-01-26,2025-01-26,2025-02-23,7.0,8,MEDIUM,Completed,True
TRC2095,AST0489,SEC039,Pantograph interface,Catenary Maintenance,Splice joint fault,2,HIGH,2025-11-20,2025-11-21,2025-11-29,5.8,6,HIGH,Completed,False
TRC2096,AST0406,SEC031,Sectioning equipment,Sectioning Post Maintenance,Earthing issue,4,LOW,2025-02-19,2025-02-20,2025-04-19,8.9,11,LOW,Scheduled,True
TRC2097,AST0631,SEC031,Electrical switchgear,Switchgear Maintenance,Circuit breaker fault,2,HIGH,2025-11-10,2025-11-12,2025-11-26,6.4,9,HIGH,Cancelled,False
TRC2098,AST0410,SEC035,Insulator,Sectioning Post Maintenance,Earthing issue,4,LOW,2025-06-29,2025-06-30,2025-08-24,10.7,7,LOW,Completed,False
TRC2099,AST0621,SEC021,Feeder,Feeder Repair,Joint failure,2,HIGH,2025-04-16,2025-04-16,2025-04-26,7.9,12,HIGH,Completed,True
TRC2100,AST0555,SEC030,Catenary,Transformer Servicing,Oil leak,4,LOW,2025-12-12,2025-12-14,2026-01-20,5.0,2,LOW,Completed,True
TRC2101,AST0453,SEC003,Feeder,Sectioning Post Maintenance,Jumper damage,3,MEDIUM,2025-04-07,2025-04-09,2025-05-06,1.8,7,MEDIUM,Pending,True
TRC2102,AST0683,SEC008,Catenary,Catenary Maintenance,Registration arm damage,3,MEDIUM,2025-06-05,2025-06-08,2025-06-24,4.0,15,MEDIUM,Completed,True
TRC2103,AST0580,SEC055,Transformer,OHE Inspection,Contact wire wear,4,LOW,2025-05-22,2025-05-24,2025-06-30,3.0,13,LOW,Completed,False
TRC2104,AST0666,SEC066,Insulator,Switchgear Maintenance,Circuit breaker fault,2,HIGH,2025-04-08,2025-04-09,2025-04-20,9.6,15,HIGH,Scheduled,True
TRC2105,AST0492,SEC042,Transformer,Switchgear Maintenance,Contactor wear,4,LOW,2025-06-10,2025-06-11,2025-07-26,8.9,5,LOW,Completed,False
TRC2106,AST0642,SEC042,Insulator,Feeder Repair,Insulation breakdown,2,HIGH,2025-08-01,2025-08-01,2025-08-10,11.3,14,HIGH,Scheduled,True
TRC2107,AST0516,SEC066,Transformer,OHE Mast Repair,Bracket damage,3,MEDIUM,2025-01-20,2025-01-20,2025-02-06,7.7,3,MEDIUM,Scheduled,False
TRC2108,AST0690,SEC015,Insulator,Feeder Repair,Overheating,3,MEDIUM,2025-10-17,2025-10-19,2025-11-04,8.7,15,MEDIUM,Scheduled,True
TRC2109,AST0626,SEC026,Insulator,Catenary Maintenance,Tension deviation,2,HIGH,2025-09-28,2025-09-28,2025-10-10,10.0,11,HIGH,In Progress,False
TRC2110,AST0567,SEC042,Electrical switchgear,Feeder Repair,Insulation breakdown,3,MEDIUM,2025-10-28,2025-10-31,2025-11-25,1.8,12,MEDIUM,Completed,True
TRC2111,AST0547,SEC022,Catenary,Feeder Repair,Cable damage,2,HIGH,2025-05-15,2025-05-17,2025-05-31,7.1,15,HIGH,Pending,False
TRC2112,AST0420,SEC045,Transformer,Insulator Replacement,Flashover damage,5,LOW,2025-09-02,2025-09-04,2025-11-30,3.3,14,LOW,Completed,False
TRC2113,AST0565,SEC040,Feeder,OHE Inspection,Stagger fault,3,MEDIUM,2025-07-23,2025-07-23,2025-08-08,7.0,9,MEDIUM,In Progress,True
TRC2114,AST0689,SEC014,Pantograph interface,Catenary Maintenance,Catenary sag,4,LOW,2025-07-13,2025-07-13,2025-08-23,7.5,5,LOW,Scheduled,True
TRC2115,AST0450,SEC075,Insulator,Transformer Servicing,Winding fault,3,MEDIUM,2025-09-19,2025-09-20,2025-10-15,8.1,11,MEDIUM,Pending,False
TRC2116,AST0417,SEC042,Pantograph interface,OHE Inspection,Contact wire wear,3,MEDIUM,2025-05-31,2025-05-31,2025-06-29,9.0,12,MEDIUM,Completed,True
TRC2117,AST0583,SEC058,Electrical switchgear,Transformer Servicing,Winding fault,4,LOW,2025-04-24,2025-04-24,2025-06-19,9.0,8,LOW,Completed,True
TRC2118,AST0609,SEC009,Pantograph interface,Transformer Servicing,Bushing defect,1,CRITICAL,2025-10-02,2025-10-05,2025-10-08,5.4,7,HIGH,In Progress,False
TRC2119,AST0619,SEC019,Catenary,Sectioning Post Maintenance,Jumper damage,3,MEDIUM,2025-05-10,2025-05-11,2025-06-10,7.0,11,MEDIUM,Cancelled,True
TRC2120,AST0519,SEC069,Electrical switchgear,Switchgear Maintenance,Relay malfunction,2,HIGH,2025-04-16,2025-04-19,2025-04-29,5.0,15,HIGH,Scheduled,False
TRC2121,AST0585,SEC060,Pantograph interface,Catenary Maintenance,Splice joint fault,4,LOW,2025-11-09,2025-11-09,2025-12-17,3.7,7,LOW,Completed,False
TRC2122,AST0562,SEC037,Insulator,Feeder Repair,Insulation breakdown,3,MEDIUM,2025-08-17,2025-08-18,2025-09-17,9.1,11,MEDIUM,Pending,True
TRC2123,AST0637,SEC037,Feeder,Feeder Repair,Overheating,4,LOW,2025-01-07,2025-01-10,2025-03-06,6.2,9,LOW,Completed,True
TRC2124,AST0564,SEC039,Transformer,OHE Inspection,Stagger fault,2,HIGH,2025-07-19,2025-07-20,2025-07-29,8.4,15,HIGH,Completed,False
TRC2125,AST0490,SEC040,Insulator,OHE Inspection,Contact wire wear,4,LOW,2025-01-30,2025-02-02,2025-02-27,11.9,9,LOW,In Progress,False
TRC2126,AST0581,SEC056,Feeder,OHE Mast Repair,Foundation settlement,2,HIGH,2025-05-30,2025-06-01,2025-06-12,3.0,9,HIGH,Pending,True
TRC2127,AST0652,SEC052,Transformer,Insulator Replacement,Cracked insulator,4,LOW,2025-07-22,2025-07-22,2025-08-22,4.5,5,LOW,Scheduled,False
TRC2128,AST0549,SEC024,Feeder,OHE Mast Repair,Corrosion,3,MEDIUM,2025-11-18,2025-11-18,2025-12-14,6.9,8,MEDIUM,Completed,True
TRC2129,AST0650,SEC050,Insulator,OHE Mast Repair,Corrosion,4,LOW,2025-04-29,2025-05-01,2025-06-13,7.6,5,LOW,Scheduled,False
TRC2130,AST0476,SEC026,Transformer,OHE Inspection,Dropper defect,3,MEDIUM,2025-07-23,2025-07-23,2025-08-13,11.8,12,MEDIUM,In Progress,False
TRC2131,AST0644,SEC044,Transformer,Transformer Servicing,Cooling system failure,2,HIGH,2025-07-18,2025-07-20,2025-08-01,1.5,7,HIGH,Completed,False
TRC2132,AST0693,SEC018,Feeder,Feeder Repair,Overheating,3,MEDIUM,2025-01-19,2025-01-22,2025-02-16,8.6,7,MEDIUM,Cancelled,False
TRC2133,AST0480,SEC030,OHE,OHE Mast Repair,Bracket damage,1,CRITICAL,2025-01-18,2025-01-21,2025-01-24,6.0,12,HIGH,Pending,True
TRC2134,AST0570,SEC045,Insulator,OHE Mast Repair,Guy wire slack,2,HIGH,2025-12-13,2025-12-14,2025-12-29,7.0,2,HIGH,Completed,False
TRC2135,AST0473,SEC023,Pantograph interface,Catenary Maintenance,Catenary sag,5,LOW,2025-02-07,2025-02-08,2025-05-04,6.0,6,LOW,Scheduled,False
TRC2136,AST0440,SEC065,OHE,Sectioning Post Maintenance,Jumper damage,4,LOW,2025-02-14,2025-02-15,2025-03-27,9.7,12,LOW,Completed,True
TRC2137,AST0544,SEC019,OHE,OHE Mast Repair,Corrosion,1,CRITICAL,2025-10-02,2025-10-05,2025-10-10,9.6,13,HIGH,Cancelled,True
TRC2138,AST0598,SEC073,Sectioning equipment,Sectioning Post Maintenance,Earthing issue,2,HIGH,2025-04-03,2025-04-05,2025-04-14,7.6,14,HIGH,In Progress,True
TRC2139,AST0561,SEC036,Pantograph interface,Insulator Replacement,Mechanical failure,5,LOW,2025-03-22,2025-03-22,2025-06-03,10.7,2,LOW,Scheduled,False
TRC2140,AST0656,SEC056,OHE,Sectioning Post Maintenance,Jumper damage,3,MEDIUM,2025-03-02,2025-03-02,2025-03-25,4.0,11,MEDIUM,Cancelled,True
TRC2141,AST0579,SEC054,Catenary,Sectioning Post Maintenance,Jumper damage,3,MEDIUM,2025-05-10,2025-05-13,2025-06-06,11.7,6,MEDIUM,Completed,True
TRC2142,AST0636,SEC036,Transformer,Transformer Servicing,Bushing defect,4,LOW,2025-10-14,2025-10-15,2025-12-12,3.5,10,LOW,Cancelled,False
TRC2143,AST0508,SEC058,Transformer,Sectioning Post Maintenance,Earthing issue,3,MEDIUM,2025-10-21,2025-10-21,2025-11-11,4.4,7,MEDIUM,Cancelled,True
TRC2144,AST0504,SEC054,OHE,Feeder Repair,Overheating,4,LOW,2025-04-15,2025-04-17,2025-06-09,11.0,15,LOW,Pending,True
TRC2145,AST0417,SEC042,Pantograph interface,OHE Mast Repair,Corrosion,1,CRITICAL,2025-12-11,2025-12-14,2025-12-18,11.1,3,HIGH,In Progress,True
TRC2146,AST0441,SEC066,Pantograph interface,Catenary Maintenance,Registration arm damage,1,CRITICAL,2025-05-31,2025-06-02,2025-06-05,1.7,9,HIGH,Completed,False
TRC2147,AST0481,SEC031,Pantograph interface,OHE Mast Repair,Foundation settlement,3,MEDIUM,2025-11-12,2025-11-14,2025-12-03,9.7,13,MEDIUM,Pending,False
TRC2148,AST0644,SEC044,Transformer,OHE Mast Repair,Bracket damage,2,HIGH,2025-06-13,2025-06-15,2025-06-25,3.5,7,HIGH,Scheduled,True
TRC2149,AST0669,SEC069,Feeder,Transformer Servicing,Cooling system failure,3,MEDIUM,2025-02-11,2025-02-12,2025-03-01,1.2,13,MEDIUM,In Progress,True
TRC2150,AST0549,SEC024,Feeder,Feeder Repair,Cable damage,4,LOW,2025-04-26,2025-04-28,2025-05-29,6.3,15,LOW,Completed,True
TRC2151,AST0629,SEC029,Feeder,Transformer Servicing,Cooling system failure,3,MEDIUM,2025-07-01,2025-07-03,2025-07-17,10.2,6,MEDIUM,Pending,True
TRC2152,AST0624,SEC024,OHE,Sectioning Post Maintenance,Jumper damage,4,LOW,2025-07-27,2025-07-29,2025-09-19,6.5,7,LOW,Pending,True
TRC2153,AST0564,SEC039,Transformer,OHE Mast Repair,Foundation settlement,4,LOW,2025-12-16,2025-12-16,2026-01-15,5.9,15,LOW,Pending,True
TRC2154,AST0636,SEC036,Transformer,Insulator Replacement,Flashover damage,3,MEDIUM,2025-09-09,2025-09-10,2025-09-26,9.4,11,MEDIUM,Completed,True
TRC2155,AST0447,SEC072,Electrical switchgear,Insulator Replacement,Mechanical failure,4,LOW,2025-05-31,2025-06-03,2025-07-22,5.6,8,LOW,Scheduled,False
TRC2156,AST0540,SEC015,Transformer,OHE Inspection,Dropper defect,5,LOW,2025-07-26,2025-07-29,2025-10-08,3.3,3,LOW,Pending,False
TRC2157,AST0654,SEC054,Sectioning equipment,Catenary Maintenance,Registration arm damage,3,MEDIUM,2025-04-06,2025-04-06,2025-04-26,2.5,4,MEDIUM,Pending,True
TRC2158,AST0591,SEC066,Electrical switchgear,Insulator Replacement,Cracked insulator,2,HIGH,2025-08-01,2025-08-02,2025-08-11,11.2,9,HIGH,Completed,True
TRC2159,AST0496,SEC046,OHE,OHE Inspection,Dropper defect,3,MEDIUM,2025-06-26,2025-06-27,2025-07-27,11.2,3,MEDIUM,Completed,True
TRC2160,AST0625,SEC025,Pantograph interface,Switchgear Maintenance,Arc damage,1,CRITICAL,2025-08-28,2025-08-30,2025-09-06,4.4,13,HIGH,Completed,False
TRC2161,AST0402,SEC027,Insulator,OHE Mast Repair,Corrosion,4,LOW,2025-01-04,2025-01-07,2025-02-22,4.3,8,LOW,Completed,False
TRC2162,AST0537,SEC012,Pantograph interface,OHE Mast Repair,Foundation settlement,4,LOW,2025-02-28,2025-03-02,2025-04-18,6.5,6,LOW,Cancelled,False
TRC2163,AST0420,SEC045,Transformer,Sectioning Post Maintenance,Isolator defect,4,LOW,2025-09-30,2025-10-03,2025-11-12,5.5,4,LOW,Cancelled,False
TRC2164,AST0646,SEC046,Sectioning equipment,OHE Inspection,Height deviation,3,MEDIUM,2025-06-23,2025-06-23,2025-07-16,7.8,2,MEDIUM,Pending,False
TRC2165,AST0669,SEC069,Feeder,OHE Mast Repair,Corrosion,4,LOW,2025-11-08,2025-11-08,2026-01-04,8.0,2,LOW,Cancelled,True
TRC2166,AST0539,SEC014,Catenary,Insulator Replacement,Cracked insulator,3,MEDIUM,2025-06-26,2025-06-28,2025-07-18,5.3,2,MEDIUM,Pending,True
TRC2167,AST0543,SEC018,Electrical switchgear,OHE Inspection,Dropper defect,2,HIGH,2025-04-12,2025-04-12,2025-04-19,8.1,14,HIGH,Completed,False
TRC2168,AST0512,SEC062,OHE,Switchgear Maintenance,Arc damage,4,LOW,2025-07-21,2025-07-21,2025-09-11,1.6,11,LOW,Completed,True
TRC2169,AST0643,SEC043,Catenary,Switchgear Maintenance,Relay malfunction,5,LOW,2025-03-05,2025-03-05,2025-05-18,10.0,6,LOW,Cancelled,True
TRC2170,AST0502,SEC052,Sectioning equipment,OHE Mast Repair,Foundation settlement,3,MEDIUM,2025-10-10,2025-10-13,2025-11-10,11.1,6,MEDIUM,Completed,True
TRC2171,AST0578,SEC053,Insulator,Switchgear Maintenance,Circuit breaker fault,3,MEDIUM,2025-01-01,2025-01-01,2025-01-26,2.9,15,MEDIUM,Cancelled,True
TRC2172,AST0650,SEC050,Insulator,Feeder Repair,Cable damage,4,LOW,2025-04-24,2025-04-26,2025-06-15,6.7,11,LOW,Cancelled,True
TRC2173,AST0628,SEC028,Transformer,Sectioning Post Maintenance,Isolator defect,3,MEDIUM,2025-09-02,2025-09-03,2025-09-19,10.4,6,MEDIUM,Scheduled,False
TRC2174,AST0546,SEC021,Insulator,OHE Inspection,Contact wire wear,3,MEDIUM,2025-09-13,2025-09-13,2025-09-30,2.2,10,MEDIUM,Scheduled,False
TRC2175,AST0557,SEC032,Feeder,OHE Mast Repair,Corrosion,4,LOW,2025-08-18,2025-08-19,2025-10-02,1.2,2,LOW,Pending,True
TRC2176,AST0634,SEC034,Insulator,Sectioning Post Maintenance,Isolator defect,2,HIGH,2025-05-16,2025-05-19,2025-06-03,8.8,13,HIGH,In Progress,True
TRC2177,AST0690,SEC015,Insulator,Feeder Repair,Cable damage,4,LOW,2025-12-12,2025-12-14,2026-01-24,2.9,3,LOW,Completed,True
TRC2178,AST0682,SEC007,Insulator,Catenary Maintenance,Catenary sag,2,HIGH,2025-02-05,2025-02-06,2025-02-19,9.4,11,HIGH,Completed,False
TRC2179,AST0604,SEC004,Transformer,Catenary Maintenance,Tension deviation,2,HIGH,2025-06-17,2025-06-18,2025-07-03,2.0,4,HIGH,Pending,True
TRC2180,AST0634,SEC034,Insulator,OHE Inspection,Height deviation,5,LOW,2025-12-12,2025-12-13,2026-03-12,5.1,2,LOW,Completed,False
TRC2181,AST0467,SEC017,Catenary,Switchgear Maintenance,Arc damage,5,LOW,2025-05-10,2025-05-11,2025-06-23,9.2,11,LOW,Scheduled,False
TRC2182,AST0659,SEC059,Catenary,Switchgear Maintenance,Contactor wear,4,LOW,2025-09-15,2025-09-16,2025-10-22,10.7,4,LOW,Scheduled,True
TRC2183,AST0467,SEC017,Catenary,Insulator Replacement,Pollution deposit,3,MEDIUM,2025-08-03,2025-08-04,2025-08-26,3.8,15,MEDIUM,In Progress,True
TRC2184,AST0547,SEC022,Catenary,Transformer Servicing,Cooling system failure,2,HIGH,2025-05-09,2025-05-09,2025-05-18,3.3,4,HIGH,Pending,True
TRC2185,AST0402,SEC027,Insulator,Transformer Servicing,Cooling system failure,4,LOW,2025-08-06,2025-08-07,2025-10-01,7.1,8,LOW,Completed,False
TRC2186,AST0537,SEC012,Pantograph interface,Sectioning Post Maintenance,Earthing issue,4,LOW,2025-09-20,2025-09-21,2025-10-30,12.0,7,LOW,Pending,True
TRC2187,AST0691,SEC016,Catenary,Transformer Servicing,Oil leak,5,LOW,2025-01-24,2025-01-27,2025-04-02,8.3,7,LOW,Completed,True
TRC2188,AST0542,SEC017,Sectioning equipment,Transformer Servicing,Cooling system failure,4,LOW,2025-08-24,2025-08-27,2025-10-01,7.8,15,LOW,Cancelled,True
TRC2189,AST0428,SEC053,Transformer,Transformer Servicing,Winding fault,4,LOW,2025-03-20,2025-03-23,2025-05-16,10.0,11,LOW,Completed,True
TRC2190,AST0476,SEC026,Transformer,Feeder Repair,Cable damage,5,LOW,2025-08-08,2025-08-11,2025-09-29,11.9,4,LOW,Pending,False
TRC2191,AST0612,SEC012,Transformer,Switchgear Maintenance,Circuit breaker fault,3,MEDIUM,2025-04-05,2025-04-08,2025-04-25,2.8,8,MEDIUM,In Progress,False
TRC2192,AST0548,SEC023,Transformer,OHE Mast Repair,Guy wire slack,3,MEDIUM,2025-09-20,2025-09-22,2025-10-20,3.1,6,MEDIUM,Pending,True
TRC2193,AST0621,SEC021,Feeder,Transformer Servicing,Oil leak,3,MEDIUM,2025-09-09,2025-09-10,2025-10-09,3.1,11,MEDIUM,Pending,False
TRC2194,AST0631,SEC031,Electrical switchgear,Sectioning Post Maintenance,Isolator defect,2,HIGH,2025-03-21,2025-03-24,2025-04-04,6.2,7,HIGH,Cancelled,False
TRC2195,AST0637,SEC037,Feeder,Feeder Repair,Joint failure,3,MEDIUM,2025-02-19,2025-02-21,2025-03-09,8.3,13,MEDIUM,In Progress,True
TRC2196,AST0561,SEC036,Pantograph interface,Switchgear Maintenance,Circuit breaker fault,1,CRITICAL,2025-09-14,2025-09-17,2025-09-21,6.1,13,HIGH,Scheduled,True
TRC2197,AST0637,SEC037,Feeder,Insulator Replacement,Pollution deposit,2,HIGH,2025-11-29,2025-12-01,2025-12-12,11.3,6,HIGH,Pending,True
TRC2198,AST0405,SEC030,Feeder,Feeder Repair,Overheating,3,MEDIUM,2025-01-23,2025-01-23,2025-02-11,10.9,15,MEDIUM,In Progress,False
TRC2199,AST0511,SEC061,Electrical switchgear,OHE Mast Repair,Foundation settlement,2,HIGH,2025-12-18,2025-12-20,2025-12-30,9.7,4,HIGH,Pending,True
TRC2200,AST0504,SEC054,OHE,OHE Mast Repair,Foundation settlement,4,LOW,2025-06-17,2025-06-19,2025-07-17,5.0,10,LOW,Completed,True
TRC2201,AST0438,SEC063,Sectioning equipment,OHE Mast Repair,Bracket damage,2,HIGH,2025-06-20,2025-06-22,2025-07-03,7.6,13,HIGH,Pending,True
TRC2202,AST0682,SEC007,Insulator,Sectioning Post Maintenance,Isolator defect,3,MEDIUM,2025-09-23,2025-09-23,2025-10-20,9.3,2,MEDIUM,Completed,False
TRC2203,AST0523,SEC073,Catenary,Insulator Replacement,Flashover damage,2,HIGH,2025-10-08,2025-10-09,2025-10-24,6.7,7,HIGH,Completed,False
TRC2204,AST0668,SEC068,Transformer,OHE Mast Repair,Foundation settlement,2,HIGH,2025-02-03,2025-02-04,2025-02-19,4.6,3,HIGH,Pending,False
TRC2205,AST0638,SEC038,Sectioning equipment,OHE Mast Repair,Guy wire slack,4,LOW,2025-02-20,2025-02-22,2025-03-29,11.1,6,LOW,Completed,True
TRC2206,AST0418,SEC043,Insulator,Sectioning Post Maintenance,Earthing issue,3,MEDIUM,2025-10-15,2025-10-17,2025-11-06,9.0,3,MEDIUM,Scheduled,True
TRC2207,AST0469,SEC019,Feeder,Insulator Replacement,Flashover damage,1,CRITICAL,2025-01-31,2025-01-31,2025-02-05,9.5,6,HIGH,Completed,True
TRC2208,AST0638,SEC038,Sectioning equipment,Insulator Replacement,Mechanical failure,5,LOW,2025-02-23,2025-02-25,2025-05-24,10.8,3,LOW,Cancelled,False
TRC2209,AST0488,SEC038,OHE,Sectioning Post Maintenance,Interrupter fault,4,LOW,2025-04-03,2025-04-06,2025-05-19,3.0,10,LOW,Pending,True
TRC2210,AST0447,SEC072,Electrical switchgear,Switchgear Maintenance,Contactor wear,4,LOW,2025-01-04,2025-01-04,2025-02-28,4.9,13,LOW,Scheduled,False
TRC2211,AST0570,SEC045,Insulator,Transformer Servicing,Bushing defect,3,MEDIUM,2025-11-24,2025-11-25,2025-12-18,10.7,6,MEDIUM,Pending,True
TRC2212,AST0597,SEC072,Feeder,Catenary Maintenance,Splice joint fault,4,LOW,2025-06-04,2025-06-05,2025-07-31,4.2,8,LOW,Completed,True
TRC2213,AST0413,SEC038,Feeder,Sectioning Post Maintenance,Earthing issue,3,MEDIUM,2025-07-08,2025-07-11,2025-08-01,4.0,15,MEDIUM,Completed,False
TRC2214,AST0602,SEC002,Insulator,Transformer Servicing,Winding fault,1,CRITICAL,2025-10-23,2025-10-26,2025-10-30,2.0,15,HIGH,Completed,True
TRC2215,AST0523,SEC073,Catenary,Transformer Servicing,Oil leak,3,MEDIUM,2025-11-10,2025-11-10,2025-11-28,8.8,15,MEDIUM,Scheduled,True
TRC2216,AST0482,SEC032,Insulator,Feeder Repair,Cable damage,1,CRITICAL,2025-08-28,2025-08-31,2025-09-07,9.0,3,HIGH,Completed,False
TRC2217,AST0440,SEC065,OHE,OHE Mast Repair,Guy wire slack,4,LOW,2025-06-02,2025-06-05,2025-07-03,5.4,5,LOW,Completed,False
TRC2218,AST0428,SEC053,Transformer,Insulator Replacement,Cracked insulator,1,CRITICAL,2025-11-11,2025-11-13,2025-11-17,1.2,8,HIGH,Completed,False
TRC2219,AST0462,SEC012,Sectioning equipment,Switchgear Maintenance,Contactor wear,1,CRITICAL,2025-12-17,2025-12-20,2025-12-24,8.0,15,HIGH,Scheduled,True
TRC2220,AST0592,SEC067,OHE,OHE Mast Repair,Corrosion,3,MEDIUM,2025-09-12,2025-09-12,2025-10-01,7.9,9,MEDIUM,Completed,False
TRC2221,AST0482,SEC032,Insulator,OHE Mast Repair,Corrosion,5,LOW,2025-04-30,2025-04-30,2025-06-09,1.9,13,LOW,Scheduled,False
TRC2222,AST0512,SEC062,OHE,Transformer Servicing,Oil leak,1,CRITICAL,2025-05-16,2025-05-16,2025-05-19,4.5,8,HIGH,Pending,True
TRC2223,AST0568,SEC043,OHE,OHE Mast Repair,Foundation settlement,3,MEDIUM,2025-12-16,2025-12-17,2026-01-02,2.0,6,MEDIUM,Pending,False
TRC2224,AST0505,SEC055,Pantograph interface,Switchgear Maintenance,Circuit breaker fault,1,CRITICAL,2025-07-13,2025-07-14,2025-07-18,1.3,3,HIGH,In Progress,False
TRC2225,AST0571,SEC046,Catenary,OHE Inspection,Height deviation,5,LOW,2025-03-21,2025-03-21,2025-05-30,12.0,2,LOW,Scheduled,True
TRC2226,AST0592,SEC067,OHE,Switchgear Maintenance,Circuit breaker fault,3,MEDIUM,2025-11-15,2025-11-16,2025-11-30,10.4,12,MEDIUM,In Progress,True
TRC2227,AST0403,SEC028,Catenary,Catenary Maintenance,Registration arm damage,5,LOW,2025-03-04,2025-03-06,2025-05-14,7.0,13,LOW,In Progress,True
TRC2228,AST0404,SEC029,Transformer,Catenary Maintenance,Splice joint fault,4,LOW,2025-09-05,2025-09-08,2025-10-29,7.4,14,LOW,Completed,False
TRC2229,AST0447,SEC072,Electrical switchgear,Sectioning Post Maintenance,Jumper damage,4,LOW,2025-11-23,2025-11-23,2026-01-02,2.8,9,LOW,Pending,False
TRC2230,AST0430,SEC055,Sectioning equipment,Catenary Maintenance,Splice joint fault,2,HIGH,2025-12-18,2025-12-21,2026-01-04,5.1,15,HIGH,Completed,True
TRC2231,AST0402,SEC027,Insulator,Catenary Maintenance,Catenary sag,1,CRITICAL,2025-02-28,2025-03-02,2025-03-07,4.2,15,HIGH,Pending,True
TRC2232,AST0627,SEC027,Catenary,Insulator Replacement,Cracked insulator,5,LOW,2025-01-31,2025-01-31,2025-03-23,10.1,11,LOW,Scheduled,True
TRC2233,AST0552,SEC027,OHE,Feeder Repair,Joint failure,4,LOW,2025-07-02,2025-07-05,2025-08-25,4.3,10,LOW,Pending,True
TRC2234,AST0494,SEC044,Sectioning equipment,Feeder Repair,Insulation breakdown,5,LOW,2025-10-24,2025-10-24,2025-12-12,1.4,8,LOW,Completed,True
TRC2235,AST0523,SEC073,Catenary,Switchgear Maintenance,Arc damage,2,HIGH,2025-03-03,2025-03-05,2025-03-18,11.9,11,HIGH,Pending,True
TRC2236,AST0660,SEC060,Transformer,OHE Inspection,Stagger fault,1,CRITICAL,2025-09-18,2025-09-19,2025-09-24,4.6,6,HIGH,Pending,False
TRC2237,AST0545,SEC020,Pantograph interface,Insulator Replacement,Flashover damage,2,HIGH,2025-05-10,2025-05-10,2025-05-25,9.0,11,HIGH,Completed,False
TRC2238,AST0548,SEC023,Transformer,Insulator Replacement,Flashover damage,1,CRITICAL,2025-08-05,2025-08-07,2025-08-14,3.2,11,HIGH,In Progress,False
TRC2239,AST0606,SEC006,Sectioning equipment,Feeder Repair,Joint failure,3,MEDIUM,2025-04-21,2025-04-22,2025-05-17,3.6,8,MEDIUM,Cancelled,True
TRC2240,AST0512,SEC062,OHE,Sectioning Post Maintenance,Interrupter fault,2,HIGH,2025-07-23,2025-07-23,2025-08-06,7.1,14,HIGH,Pending,True
TRC2241,AST0521,SEC071,Pantograph interface,Insulator Replacement,Flashover damage,3,MEDIUM,2025-12-18,2025-12-18,2026-01-11,1.1,15,MEDIUM,Scheduled,True
TRC2242,AST0579,SEC054,Catenary,Transformer Servicing,Cooling system failure,3,MEDIUM,2025-08-25,2025-08-26,2025-09-25,11.1,13,MEDIUM,Completed,True
TRC2243,AST0540,SEC015,Transformer,Transformer Servicing,Winding fault,3,MEDIUM,2025-04-30,2025-04-30,2025-05-29,7.5,6,MEDIUM,In Progress,True
TRC2244,AST0524,SEC074,Transformer,Transformer Servicing,Bushing defect,4,LOW,2025-11-23,2025-11-26,2026-01-14,8.8,6,LOW,Completed,False
TRC2245,AST0551,SEC026,Electrical switchgear,Catenary Maintenance,Catenary sag,4,LOW,2025-11-27,2025-11-28,2026-01-13,8.1,8,LOW,In Progress,False
TRC2246,AST0669,SEC069,Feeder,OHE Mast Repair,Guy wire slack,4,LOW,2025-10-14,2025-10-17,2025-12-03,1.1,15,LOW,Pending,True
TRC2247,AST0474,SEC024,Insulator,Feeder Repair,Joint failure,3,MEDIUM,2025-02-24,2025-02-26,2025-03-28,9.2,2,MEDIUM,In Progress,True
TRC2248,AST0622,SEC022,Sectioning equipment,Catenary Maintenance,Tension deviation,4,LOW,2025-01-20,2025-01-22,2025-02-21,11.9,9,LOW,Completed,True
TRC2249,AST0645,SEC045,Feeder,Feeder Repair,Overheating,4,LOW,2025-03-31,2025-04-02,2025-05-03,4.6,2,LOW,Pending,True
TRC2250,AST0655,SEC055,Electrical switchgear,Catenary Maintenance,Registration arm damage,3,MEDIUM,2025-11-22,2025-11-22,2025-12-08,9.0,2,MEDIUM,Cancelled,False
TRC2251,AST0419,SEC044,Catenary,Insulator Replacement,Mechanical failure,1,CRITICAL,2025-10-23,2025-10-23,2025-10-27,2.2,8,HIGH,In Progress,True
TRC2252,AST0621,SEC021,Feeder,Sectioning Post Maintenance,Interrupter fault,3,MEDIUM,2025-02-02,2025-02-05,2025-02-20,2.7,2,MEDIUM,Scheduled,True
TRC2253,AST0659,SEC059,Catenary,Feeder Repair,Insulation breakdown,3,MEDIUM,2025-04-13,2025-04-14,2025-05-04,5.3,12,MEDIUM,Completed,True
TRC2254,AST0595,SEC070,Catenary,Catenary Maintenance,Registration arm damage,3,MEDIUM,2025-10-08,2025-10-10,2025-11-08,6.6,15,MEDIUM,Pending,True
TRC2255,AST0416,SEC041,OHE,Transformer Servicing,Winding fault,2,HIGH,2025-10-09,2025-10-09,2025-10-17,3.8,15,HIGH,Scheduled,True
TRC2256,AST0598,SEC073,Sectioning equipment,Insulator Replacement,Pollution deposit,4,LOW,2025-11-24,2025-11-25,2025-12-25,11.6,15,LOW,Completed,True
TRC2257,AST0669,SEC069,Feeder,Switchgear Maintenance,Relay malfunction,3,MEDIUM,2025-04-06,2025-04-07,2025-04-22,5.1,5,MEDIUM,Scheduled,True
TRC2258,AST0634,SEC034,Insulator,Feeder Repair,Insulation breakdown,5,LOW,2025-02-14,2025-02-15,2025-05-07,3.3,7,LOW,Scheduled,False
TRC2259,AST0677,SEC002,Feeder,OHE Inspection,Height deviation,1,CRITICAL,2025-10-29,2025-10-31,2025-11-06,1.5,7,HIGH,Cancelled,True
TRC2260,AST0590,SEC065,Sectioning equipment,Sectioning Post Maintenance,Jumper damage,4,LOW,2025-08-11,2025-08-13,2025-10-11,5.7,15,LOW,Pending,True
TRC2261,AST0435,SEC060,Catenary,Transformer Servicing,Bushing defect,3,MEDIUM,2025-09-19,2025-09-19,2025-10-18,1.2,5,MEDIUM,Pending,True
TRC2262,AST0422,SEC047,Sectioning equipment,Transformer Servicing,Winding fault,4,LOW,2025-11-07,2025-11-10,2025-12-08,4.6,8,LOW,Pending,True
TRC2263,AST0485,SEC035,Feeder,OHE Inspection,Contact wire wear,3,MEDIUM,2025-11-12,2025-11-13,2025-12-13,11.0,3,MEDIUM,In Progress,True
TRC2264,AST0571,SEC046,Catenary,Feeder Repair,Overheating,3,MEDIUM,2025-03-22,2025-03-24,2025-04-18,9.6,3,MEDIUM,Scheduled,True
TRC2265,AST0689,SEC014,Pantograph interface,OHE Mast Repair,Foundation settlement,3,MEDIUM,2025-07-07,2025-07-10,2025-08-09,1.5,5,MEDIUM,Cancelled,False
TRC2266,AST0474,SEC024,Insulator,OHE Inspection,Height deviation,2,HIGH,2025-09-30,2025-10-02,2025-10-10,11.2,12,HIGH,Scheduled,False
TRC2267,AST0430,SEC055,Sectioning equipment,Catenary Maintenance,Registration arm damage,3,MEDIUM,2025-02-08,2025-02-11,2025-02-25,9.4,8,MEDIUM,Pending,True
TRC2268,AST0626,SEC026,Insulator,Catenary Maintenance,Catenary sag,4,LOW,2025-03-08,2025-03-11,2025-04-07,6.6,8,LOW,Completed,True
TRC2269,AST0501,SEC051,Feeder,Transformer Servicing,Cooling system failure,2,HIGH,2025-10-14,2025-10-15,2025-10-27,2.4,15,HIGH,Pending,True
TRC2270,AST0462,SEC012,Sectioning equipment,OHE Inspection,Dropper defect,2,HIGH,2025-02-04,2025-02-05,2025-02-18,7.1,15,HIGH,Pending,True
TRC2271,AST0542,SEC017,Sectioning equipment,OHE Mast Repair,Foundation settlement,3,MEDIUM,2025-05-18,2025-05-18,2025-06-11,7.3,13,MEDIUM,Pending,True
TRC2272,AST0407,SEC032,Electrical switchgear,Switchgear Maintenance,Relay malfunction,3,MEDIUM,2025-01-25,2025-01-27,2025-02-16,10.3,12,MEDIUM,In Progress,True
TRC2273,AST0688,SEC013,OHE,OHE Mast Repair,Guy wire slack,4,LOW,2025-01-22,2025-01-22,2025-03-13,9.5,7,LOW,Scheduled,True
TRC2274,AST0634,SEC034,Insulator,Feeder Repair,Cable damage,3,MEDIUM,2025-01-04,2025-01-05,2025-01-26,3.5,9,MEDIUM,Completed,True
TRC2275,AST0659,SEC059,Catenary,OHE Inspection,Dropper defect,3,MEDIUM,2025-01-16,2025-01-17,2025-02-06,8.2,12,MEDIUM,Completed,True
TRC2276,AST0457,SEC007,Pantograph interface,Sectioning Post Maintenance,Earthing issue,4,LOW,2025-08-25,2025-08-27,2025-10-04,9.0,2,LOW,Completed,True
TRC2277,AST0631,SEC031,Electrical switchgear,Feeder Repair,Joint failure,4,LOW,2025-02-17,2025-02-20,2025-03-20,10.9,3,LOW,Scheduled,True
TRC2278,AST0584,SEC059,OHE,OHE Inspection,Stagger fault,2,HIGH,2025-03-14,2025-03-15,2025-03-27,11.1,12,HIGH,Pending,True
TRC2279,AST0580,SEC055,Transformer,Feeder Repair,Insulation breakdown,1,CRITICAL,2025-03-12,2025-03-14,2025-03-18,11.7,6,HIGH,Completed,True
TRC2280,AST0563,SEC038,Catenary,Insulator Replacement,Mechanical failure,3,MEDIUM,2025-03-18,2025-03-21,2025-04-16,11.8,8,MEDIUM,Scheduled,True
TRC2281,AST0471,SEC021,Electrical switchgear,OHE Inspection,Dropper defect,3,MEDIUM,2025-06-22,2025-06-23,2025-07-19,11.3,13,MEDIUM,Completed,True
TRC2282,AST0472,SEC022,OHE,Switchgear Maintenance,Relay malfunction,5,LOW,2024-12-31,2025-01-03,2025-03-24,2.1,4,LOW,Scheduled,True
TRC2283,AST0569,SEC044,Pantograph interface,Switchgear Maintenance,Contactor wear,1,CRITICAL,2025-07-29,2025-07-29,2025-08-04,5.8,13,HIGH,Pending,False
TRC2284,AST0549,SEC024,Feeder,OHE Mast Repair,Corrosion,3,MEDIUM,2025-09-20,2025-09-20,2025-10-10,6.4,12,MEDIUM,Scheduled,True
TRC2285,AST0559,SEC034,Electrical switchgear,Switchgear Maintenance,Arc damage,5,LOW,2025-07-04,2025-07-06,2025-09-24,7.7,8,LOW,Completed,False
TRC2286,AST0482,SEC032,Insulator,Sectioning Post Maintenance,Interrupter fault,1,CRITICAL,2025-04-30,2025-05-02,2025-05-07,11.1,6,HIGH,Cancelled,True
TRC2287,AST0445,SEC070,Feeder,Sectioning Post Maintenance,Earthing issue,4,LOW,2025-08-11,2025-08-14,2025-09-23,2.6,15,LOW,Completed,True
TRC2288,AST0468,SEC018,Transformer,OHE Inspection,Height deviation,3,MEDIUM,2025-04-01,2025-04-04,2025-04-24,6.5,2,MEDIUM,Completed,False
TRC2289,AST0416,SEC041,OHE,Transformer Servicing,Oil leak,3,MEDIUM,2025-04-05,2025-04-08,2025-04-22,11.3,5,MEDIUM,Completed,True
TRC2290,AST0576,SEC051,OHE,Feeder Repair,Joint failure,1,CRITICAL,2025-05-26,2025-05-27,2025-06-02,11.4,13,HIGH,Pending,True
TRC2291,AST0573,SEC048,Feeder,Insulator Replacement,Mechanical failure,3,MEDIUM,2025-05-17,2025-05-17,2025-06-01,11.7,9,MEDIUM,Scheduled,True
TRC2292,AST0688,SEC013,OHE,Insulator Replacement,Pollution deposit,3,MEDIUM,2025-09-13,2025-09-16,2025-10-16,3.8,3,MEDIUM,Pending,True
TRC2293,AST0545,SEC020,Pantograph interface,Transformer Servicing,Oil leak,4,LOW,2025-08-13,2025-08-14,2025-10-08,10.9,8,LOW,Completed,False
TRC2294,AST0481,SEC031,Pantograph interface,Insulator Replacement,Mechanical failure,3,MEDIUM,2025-01-06,2025-01-06,2025-01-27,1.2,13,MEDIUM,Pending,False
TRC2295,AST0462,SEC012,Sectioning equipment,Insulator Replacement,Mechanical failure,3,MEDIUM,2025-06-26,2025-06-26,2025-07-25,5.7,5,MEDIUM,Pending,True
TRC2296,AST0627,SEC027,Catenary,Switchgear Maintenance,Relay malfunction,2,HIGH,2025-03-05,2025-03-08,2025-03-17,11.3,7,HIGH,Cancelled,True
TRC2297,AST0689,SEC014,Pantograph interface,Sectioning Post Maintenance,Isolator defect,4,LOW,2025-02-03,2025-02-05,2025-03-28,3.5,12,LOW,Pending,False
TRC2298,AST0485,SEC035,Feeder,Transformer Servicing,Oil leak,2,HIGH,2025-03-30,2025-04-02,2025-04-17,11.5,13,HIGH,In Progress,True
TRC2299,AST0499,SEC049,Catenary,Insulator Replacement,Pollution deposit,3,MEDIUM,2025-07-21,2025-07-23,2025-08-20,10.1,13,MEDIUM,Scheduled,True
TRC2300,AST0565,SEC040,Feeder,Insulator Replacement,Mechanical failure,2,HIGH,2025-09-07,2025-09-08,2025-09-20,7.6,5,HIGH,Scheduled,True
TRC2301,AST0683,SEC008,Catenary,Switchgear Maintenance,Circuit breaker fault,2,HIGH,2024-12-31,2025-01-01,2025-01-14,11.2,4,HIGH,Completed,True
TRC2302,AST0512,SEC062,OHE,Sectioning Post Maintenance,Interrupter fault,4,LOW,2025-08-22,2025-08-23,2025-10-09,6.5,8,LOW,Scheduled,True
TRC2303,AST0602,SEC002,Insulator,Sectioning Post Maintenance,Earthing issue,2,HIGH,2025-05-14,2025-05-15,2025-05-23,10.5,11,HIGH,Scheduled,False
TRC2304,AST0405,SEC030,Feeder,Sectioning Post Maintenance,Interrupter fault,1,CRITICAL,2025-07-04,2025-07-07,2025-07-12,1.0,15,HIGH,Scheduled,True
TRC2305,AST0634,SEC034,Insulator,OHE Inspection,Contact wire wear,1,CRITICAL,2025-04-04,2025-04-05,2025-04-08,3.6,9,HIGH,Pending,False
TRC2306,AST0700,SEC025,Transformer,OHE Inspection,Contact wire wear,3,MEDIUM,2025-11-06,2025-11-06,2025-12-01,4.2,5,MEDIUM,Completed,True
TRC2307,AST0659,SEC059,Catenary,Insulator Replacement,Flashover damage,2,HIGH,2025-02-22,2025-02-24,2025-03-07,10.8,2,HIGH,Scheduled,True
TRC2308,AST0546,SEC021,Insulator,Switchgear Maintenance,Arc damage,2,HIGH,2025-12-15,2025-12-15,2025-12-23,1.5,3,HIGH,Completed,False
TRC2309,AST0411,SEC036,Catenary,Sectioning Post Maintenance,Earthing issue,3,MEDIUM,2025-05-16,2025-05-19,2025-06-11,3.7,2,MEDIUM,Cancelled,True
TRC2310,AST0577,SEC052,Pantograph interface,Feeder Repair,Cable damage,4,LOW,2025-08-29,2025-09-01,2025-10-10,4.0,12,LOW,Completed,False
TRC2311,AST0543,SEC018,Electrical switchgear,OHE Mast Repair,Foundation settlement,4,LOW,2025-05-01,2025-05-02,2025-06-07,1.3,4,LOW,Pending,True
TRC2312,AST0438,SEC063,Sectioning equipment,Switchgear Maintenance,Circuit breaker fault,2,HIGH,2025-05-30,2025-06-01,2025-06-11,2.4,11,HIGH,Cancelled,True
TRC2313,AST0482,SEC032,Insulator,Transformer Servicing,Cooling system failure,3,MEDIUM,2025-07-26,2025-07-26,2025-08-19,9.8,4,MEDIUM,Cancelled,False
TRC2314,AST0656,SEC056,OHE,Transformer Servicing,Bushing defect,2,HIGH,2025-09-29,2025-09-30,2025-10-08,11.4,9,HIGH,In Progress,True
TRC2315,AST0541,SEC016,Feeder,Transformer Servicing,Oil leak,4,LOW,2025-01-14,2025-01-14,2025-02-12,11.8,8,LOW,Scheduled,True
TRC2316,AST0608,SEC008,OHE,OHE Mast Repair,Foundation settlement,3,MEDIUM,2025-06-11,2025-06-11,2025-07-10,2.4,15,MEDIUM,Pending,True
TRC2317,AST0446,SEC071,Sectioning equipment,Sectioning Post Maintenance,Jumper damage,1,CRITICAL,2025-08-11,2025-08-11,2025-08-16,5.3,8,HIGH,Pending,True
TRC2318,AST0576,SEC051,OHE,Switchgear Maintenance,Arc damage,4,LOW,2025-03-24,2025-03-27,2025-05-16,11.1,14,LOW,Completed,True
TRC2319,AST0463,SEC013,Electrical switchgear,Transformer Servicing,Winding fault,4,LOW,2025-10-01,2025-10-04,2025-11-13,9.4,14,LOW,Pending,False
TRC2320,AST0554,SEC029,Insulator,Insulator Replacement,Flashover damage,3,MEDIUM,2025-11-30,2025-12-01,2025-12-29,7.1,6,MEDIUM,Completed,True
TRC2321,AST0689,SEC014,Pantograph interface,Insulator Replacement,Pollution deposit,2,HIGH,2025-01-09,2025-01-09,2025-01-16,2.4,14,HIGH,Scheduled,True
TRC2322,AST0531,SEC006,Catenary,OHE Mast Repair,Foundation settlement,2,HIGH,2025-08-23,2025-08-23,2025-09-06,2.2,5,HIGH,Pending,True
TRC2323,AST0419,SEC044,Catenary,Feeder Repair,Overheating,3,MEDIUM,2025-05-11,2025-05-14,2025-06-02,5.7,12,MEDIUM,Pending,True
TRC2324,AST0600,SEC075,OHE,Transformer Servicing,Winding fault,2,HIGH,2025-06-10,2025-06-12,2025-06-27,11.9,5,HIGH,Scheduled,False
TRC2325,AST0481,SEC031,Pantograph interface,Catenary Maintenance,Tension deviation,4,LOW,2025-03-24,2025-03-27,2025-05-06,6.4,15,LOW,Completed,True
TRC2326,AST0527,SEC002,Electrical switchgear,Catenary Maintenance,Registration arm damage,4,LOW,2025-07-30,2025-07-30,2025-09-22,3.4,2,LOW,Scheduled,False
TRC2327,AST0532,SEC007,Transformer,Catenary Maintenance,Catenary sag,3,MEDIUM,2025-01-26,2025-01-27,2025-02-13,6.0,13,MEDIUM,Completed,False
TRC2328,AST0681,SEC006,Pantograph interface,Switchgear Maintenance,Circuit breaker fault,2,HIGH,2025-11-06,2025-11-07,2025-11-19,5.0,10,HIGH,Completed,True
TRC2329,AST0422,SEC047,Sectioning equipment,Feeder Repair,Insulation breakdown,2,HIGH,2025-11-01,2025-11-04,2025-11-12,10.6,14,HIGH,Completed,True
TRC2330,AST0616,SEC016,OHE,Insulator Replacement,Flashover damage,4,LOW,2025-07-09,2025-07-10,2025-08-26,10.0,11,LOW,Completed,True
TRC2331,AST0509,SEC059,Feeder,Catenary Maintenance,Catenary sag,3,MEDIUM,2025-03-10,2025-03-12,2025-04-10,5.0,6,MEDIUM,Pending,True
TRC2332,AST0513,SEC063,Pantograph interface,Transformer Servicing,Cooling system failure,3,MEDIUM,2025-12-07,2025-12-10,2026-01-03,5.3,6,MEDIUM,In Progress,True
TRC2333,AST0472,SEC022,OHE,Sectioning Post Maintenance,Interrupter fault,2,HIGH,2025-09-15,2025-09-16,2025-09-25,3.9,3,HIGH,Completed,False
TRC2334,AST0556,SEC031,Transformer,Catenary Maintenance,Splice joint fault,3,MEDIUM,2025-05-04,2025-05-06,2025-05-21,5.3,12,MEDIUM,Cancelled,False
TRC2335,AST0524,SEC074,Transformer,OHE Mast Repair,Corrosion,4,LOW,2025-04-22,2025-04-25,2025-06-01,6.0,4,LOW,In Progress,False
TRC2336,AST0610,SEC010,Insulator,OHE Inspection,Contact wire wear,2,HIGH,2025-03-31,2025-04-02,2025-04-11,4.8,8,HIGH,Scheduled,True
TRC2337,AST0499,SEC049,Catenary,Insulator Replacement,Mechanical failure,1,CRITICAL,2025-07-20,2025-07-20,2025-07-26,3.1,4,HIGH,Completed,True
TRC2338,AST0690,SEC015,Insulator,Insulator Replacement,Mechanical failure,2,HIGH,2025-04-30,2025-05-02,2025-05-12,6.9,11,HIGH,Cancelled,True
TRC2339,AST0691,SEC016,Catenary,OHE Mast Repair,Bracket damage,2,HIGH,2025-09-13,2025-09-15,2025-09-24,8.9,7,HIGH,Pending,False
TRC2340,AST0697,SEC022,Pantograph interface,Transformer Servicing,Bushing defect,4,LOW,2025-07-30,2025-08-01,2025-09-21,5.6,3,LOW,Completed,True
TRC2341,AST0642,SEC042,Insulator,OHE Mast Repair,Corrosion,2,HIGH,2025-08-18,2025-08-19,2025-08-31,4.3,15,HIGH,In Progress,True
TRC2342,AST0402,SEC027,Insulator,Transformer Servicing,Winding fault,5,LOW,2025-04-07,2025-04-09,2025-06-07,4.5,4,LOW,Pending,True
TRC2343,AST0480,SEC030,OHE,Transformer Servicing,Winding fault,5,LOW,2025-01-29,2025-01-30,2025-04-16,8.2,2,LOW,Completed,True
TRC2344,AST0520,SEC070,OHE,Insulator Replacement,Flashover damage,3,MEDIUM,2025-01-05,2025-01-06,2025-01-31,10.4,4,MEDIUM,Completed,False
TRC2345,AST0631,SEC031,Electrical switchgear,Insulator Replacement,Flashover damage,3,MEDIUM,2025-12-14,2025-12-15,2026-01-11,5.0,3,MEDIUM,Scheduled,False
TRC2346,AST0503,SEC053,Electrical switchgear,Switchgear Maintenance,Contactor wear,3,MEDIUM,2025-12-19,2025-12-20,2026-01-14,7.9,12,MEDIUM,Completed,False
TRC2347,AST0523,SEC073,Catenary,OHE Inspection,Contact wire wear,1,CRITICAL,2025-07-12,2025-07-15,2025-07-22,7.4,3,HIGH,Scheduled,True
TRC2348,AST0517,SEC067,Feeder,Sectioning Post Maintenance,Interrupter fault,2,HIGH,2025-01-23,2025-01-24,2025-02-06,7.9,9,HIGH,In Progress,True
TRC2349,AST0647,SEC047,Electrical switchgear,Sectioning Post Maintenance,Interrupter fault,4,LOW,2025-09-04,2025-09-06,2025-10-31,6.6,7,LOW,Cancelled,True
TRC2350,AST0560,SEC035,OHE,Sectioning Post Maintenance,Earthing issue,1,CRITICAL,2025-11-02,2025-11-04,2025-11-11,8.4,11,HIGH,In Progress,True
TRC2351,AST0458,SEC008,Insulator,Catenary Maintenance,Catenary sag,4,LOW,2025-09-09,2025-09-10,2025-10-07,6.4,8,LOW,Completed,False
TRC2352,AST0596,SEC071,Transformer,Feeder Repair,Joint failure,3,MEDIUM,2025-06-06,2025-06-09,2025-06-25,4.3,5,MEDIUM,Completed,False
TRC2353,AST0562,SEC037,Insulator,Feeder Repair,Insulation breakdown,5,LOW,2025-07-07,2025-07-07,2025-09-09,9.0,6,LOW,In Progress,False
TRC2354,AST0690,SEC015,Insulator,Transformer Servicing,Cooling system failure,4,LOW,2025-01-12,2025-01-13,2025-03-09,9.8,3,LOW,Pending,True
TRC2355,AST0527,SEC002,Electrical switchgear,OHE Inspection,Height deviation,3,MEDIUM,2025-03-18,2025-03-20,2025-04-07,11.1,10,MEDIUM,Scheduled,True
TRC2356,AST0416,SEC041,OHE,Transformer Servicing,Oil leak,4,LOW,2025-04-15,2025-04-17,2025-05-13,2.9,3,LOW,Scheduled,True
TRC2357,AST0463,SEC013,Electrical switchgear,OHE Inspection,Stagger fault,3,MEDIUM,2025-02-22,2025-02-25,2025-03-18,10.5,14,MEDIUM,Completed,True
TRC2358,AST0601,SEC001,Pantograph interface,Switchgear Maintenance,Arc damage,1,CRITICAL,2025-06-07,2025-06-08,2025-06-14,10.2,7,HIGH,Completed,True
TRC2359,AST0697,SEC022,Pantograph interface,Catenary Maintenance,Registration arm damage,1,CRITICAL,2025-01-24,2025-01-27,2025-02-02,4.4,10,HIGH,Pending,False
TRC2360,AST0644,SEC044,Transformer,Catenary Maintenance,Registration arm damage,3,MEDIUM,2025-05-19,2025-05-21,2025-06-18,10.5,14,MEDIUM,Completed,False
TRC2361,AST0668,SEC068,Transformer,OHE Inspection,Stagger fault,2,HIGH,2025-06-24,2025-06-25,2025-07-06,10.2,15,HIGH,In Progress,False
TRC2362,AST0462,SEC012,Sectioning equipment,Transformer Servicing,Cooling system failure,4,LOW,2025-07-02,2025-07-02,2025-08-10,2.3,10,LOW,Scheduled,True
TRC2363,AST0596,SEC071,Transformer,OHE Mast Repair,Guy wire slack,3,MEDIUM,2025-11-24,2025-11-24,2025-12-10,4.5,4,MEDIUM,Cancelled,False
TRC2364,AST0641,SEC041,Pantograph interface,OHE Inspection,Dropper defect,4,LOW,2025-02-09,2025-02-12,2025-04-07,4.4,7,LOW,Completed,True
TRC2365,AST0685,SEC010,Feeder,OHE Inspection,Dropper defect,3,MEDIUM,2025-07-13,2025-07-15,2025-08-12,11.5,13,MEDIUM,Completed,True
TRC2366,AST0490,SEC040,Insulator,Sectioning Post Maintenance,Interrupter fault,3,MEDIUM,2025-05-31,2025-06-03,2025-06-26,1.7,8,MEDIUM,Completed,False
TRC2367,AST0481,SEC031,Pantograph interface,Insulator Replacement,Mechanical failure,5,LOW,2025-08-20,2025-08-20,2025-10-18,4.1,15,LOW,Completed,False
TRC2368,AST0522,SEC072,Insulator,OHE Mast Repair,Bracket damage,3,MEDIUM,2025-05-24,2025-05-27,2025-06-11,10.2,5,MEDIUM,Completed,True
TRC2369,AST0570,SEC045,Insulator,Transformer Servicing,Bushing defect,2,HIGH,2025-02-22,2025-02-22,2025-03-03,9.9,6,HIGH,Scheduled,True
TRC2370,AST0444,SEC069,Transformer,Sectioning Post Maintenance,Earthing issue,4,LOW,2025-07-19,2025-07-19,2025-09-05,7.5,7,LOW,Scheduled,False
TRC2371,AST0606,SEC006,Sectioning equipment,Catenary Maintenance,Catenary sag,3,MEDIUM,2025-01-31,2025-02-02,2025-02-17,2.4,3,MEDIUM,Scheduled,True
TRC2372,AST0670,SEC070,Sectioning equipment,Sectioning Post Maintenance,Isolator defect,5,LOW,2025-06-27,2025-06-30,2025-08-31,4.7,13,LOW,Pending,True
TRC2373,AST0464,SEC014,OHE,OHE Inspection,Contact wire wear,3,MEDIUM,2025-06-20,2025-06-22,2025-07-08,8.3,9,MEDIUM,In Progress,True
TRC2374,AST0431,SEC056,Electrical switchgear,OHE Inspection,Stagger fault,3,MEDIUM,2025-03-15,2025-03-18,2025-04-03,11.0,8,MEDIUM,Pending,True
TRC2375,AST0571,SEC046,Catenary,Transformer Servicing,Cooling system failure,3,MEDIUM,2025-07-16,2025-07-17,2025-08-03,10.5,14,MEDIUM,Pending,True
TRC2376,AST0593,SEC068,Pantograph interface,Insulator Replacement,Mechanical failure,3,MEDIUM,2025-10-05,2025-10-08,2025-10-29,6.1,12,MEDIUM,Scheduled,False
TRC2377,AST0478,SEC028,Sectioning equipment,Transformer Servicing,Winding fault,3,MEDIUM,2025-06-07,2025-06-10,2025-07-06,8.9,7,MEDIUM,Cancelled,True
TRC2378,AST0487,SEC037,Electrical switchgear,Transformer Servicing,Bushing defect,2,HIGH,2025-12-09,2025-12-11,2025-12-24,3.4,6,HIGH,Scheduled,False
TRC2379,AST0456,SEC006,OHE,Insulator Replacement,Pollution deposit,3,MEDIUM,2025-06-02,2025-06-02,2025-06-28,8.0,11,MEDIUM,Scheduled,False
TRC2380,AST0615,SEC015,Electrical switchgear,OHE Inspection,Contact wire wear,4,LOW,2025-08-16,2025-08-17,2025-09-24,4.6,2,LOW,In Progress,False
TRC2381,AST0674,SEC074,Insulator,Switchgear Maintenance,Arc damage,3,MEDIUM,2025-05-24,2025-05-27,2025-06-21,3.7,15,MEDIUM,Completed,True
TRC2382,AST0534,SEC009,Sectioning equipment,OHE Inspection,Height deviation,3,MEDIUM,2025-02-23,2025-02-23,2025-03-23,8.3,2,MEDIUM,Completed,True
TRC2383,AST0559,SEC034,Electrical switchgear,Transformer Servicing,Cooling system failure,2,HIGH,2025-04-25,2025-04-27,2025-05-06,8.4,12,HIGH,Cancelled,False
TRC2384,AST0630,SEC030,Sectioning equipment,Feeder Repair,Overheating,2,HIGH,2025-04-01,2025-04-01,2025-04-08,6.8,5,HIGH,Scheduled,True
TRC2385,AST0598,SEC073,Sectioning equipment,OHE Mast Repair,Foundation settlement,2,HIGH,2025-06-24,2025-06-24,2025-07-03,4.2,10,HIGH,Cancelled,True
TRC2386,AST0551,SEC026,Electrical switchgear,OHE Inspection,Height deviation,5,LOW,2025-11-07,2025-11-10,2025-12-25,2.3,7,LOW,Pending,True
TRC2387,AST0520,SEC070,OHE,OHE Inspection,Contact wire wear,2,HIGH,2025-07-24,2025-07-27,2025-08-10,1.4,5,HIGH,Completed,True
TRC2388,AST0448,SEC073,OHE,Feeder Repair,Insulation breakdown,2,HIGH,2025-04-23,2025-04-24,2025-05-05,5.2,10,HIGH,Scheduled,True
TRC2389,AST0633,SEC033,Pantograph interface,Feeder Repair,Insulation breakdown,3,MEDIUM,2025-03-09,2025-03-09,2025-03-26,1.5,12,MEDIUM,Scheduled,False
TRC2390,AST0648,SEC048,OHE,Catenary Maintenance,Catenary sag,1,CRITICAL,2025-09-05,2025-09-05,2025-09-11,5.3,10,HIGH,Scheduled,True
TRC2391,AST0407,SEC032,Electrical switchgear,Feeder Repair,Cable damage,5,LOW,2025-06-20,2025-06-21,2025-08-04,4.3,10,LOW,Completed,False
TRC2392,AST0586,SEC061,Insulator,OHE Inspection,Contact wire wear,3,MEDIUM,2025-04-06,2025-04-06,2025-04-30,1.3,10,MEDIUM,Cancelled,False
TRC2393,AST0538,SEC013,Insulator,OHE Mast Repair,Guy wire slack,1,CRITICAL,2025-02-21,2025-02-24,2025-02-28,9.3,13,HIGH,Scheduled,True
TRC2394,AST0685,SEC010,Feeder,Catenary Maintenance,Registration arm damage,3,MEDIUM,2025-04-07,2025-04-08,2025-05-07,11.3,12,MEDIUM,Completed,True
TRC2395,AST0424,SEC049,OHE,OHE Mast Repair,Guy wire slack,2,HIGH,2025-01-06,2025-01-07,2025-01-17,1.6,6,HIGH,Completed,True
TRC2396,AST0492,SEC042,Transformer,Sectioning Post Maintenance,Jumper damage,2,HIGH,2025-11-22,2025-11-25,2025-12-09,7.0,3,HIGH,Completed,False
TRC2397,AST0499,SEC049,Catenary,OHE Mast Repair,Corrosion,4,LOW,2025-03-26,2025-03-26,2025-05-11,6.0,14,LOW,Completed,True
TRC2398,AST0614,SEC014,Sectioning equipment,Switchgear Maintenance,Circuit breaker fault,2,HIGH,2025-11-14,2025-11-14,2025-11-28,9.7,12,HIGH,Cancelled,True
TRC2399,AST0426,SEC051,Insulator,Feeder Repair,Joint failure,3,MEDIUM,2025-10-28,2025-10-29,2025-11-26,1.9,7,MEDIUM,Scheduled,False
TRC2400,AST0532,SEC007,Transformer,Sectioning Post Maintenance,Interrupter fault,3,MEDIUM,2025-02-10,2025-02-13,2025-02-28,5.9,10,MEDIUM,Completed,False
TRC2401,AST0686,SEC011,Sectioning equipment,Feeder Repair,Cable damage,1,CRITICAL,2025-09-04,2025-09-06,2025-09-11,8.6,9,HIGH,Completed,True
TRC2402,AST0494,SEC044,Sectioning equipment,Catenary Maintenance,Registration arm damage,2,HIGH,2025-02-08,2025-02-11,2025-02-20,3.4,8,HIGH,Cancelled,True
TRC2403,AST0452,SEC002,Transformer,Insulator Replacement,Flashover damage,4,LOW,2025-07-22,2025-07-22,2025-09-14,1.2,5,LOW,Completed,True
TRC2404,AST0696,SEC021,OHE,Switchgear Maintenance,Contactor wear,3,MEDIUM,2025-09-23,2025-09-23,2025-10-17,4.0,7,MEDIUM,Completed,True
TRC2405,AST0616,SEC016,OHE,OHE Mast Repair,Guy wire slack,2,HIGH,2025-11-28,2025-11-28,2025-12-11,7.1,15,HIGH,Pending,True
TRC2406,AST0438,SEC063,Sectioning equipment,Sectioning Post Maintenance,Jumper damage,2,HIGH,2025-09-06,2025-09-06,2025-09-17,4.5,13,HIGH,Pending,True
TRC2407,AST0640,SEC040,OHE,Sectioning Post Maintenance,Interrupter fault,1,CRITICAL,2025-11-16,2025-11-18,2025-11-22,9.8,9,HIGH,Pending,True
TRC2408,AST0410,SEC035,Insulator,Catenary Maintenance,Splice joint fault,3,MEDIUM,2025-06-05,2025-06-05,2025-06-29,11.1,15,MEDIUM,Pending,False
TRC2409,AST0603,SEC003,Catenary,OHE Inspection,Contact wire wear,4,LOW,2025-12-09,2025-12-10,2026-01-08,7.3,14,LOW,Completed,True
TRC2410,AST0515,SEC065,Catenary,Insulator Replacement,Pollution deposit,5,LOW,2025-07-03,2025-07-03,2025-09-14,11.0,7,LOW,Pending,True
TRC2411,AST0508,SEC058,Transformer,Catenary Maintenance,Splice joint fault,3,MEDIUM,2025-01-17,2025-01-20,2025-02-15,9.2,6,MEDIUM,Pending,True
TRC2412,AST0511,SEC061,Electrical switchgear,OHE Mast Repair,Guy wire slack,4,LOW,2025-03-02,2025-03-04,2025-04-22,7.0,15,LOW,Cancelled,False
TRC2413,AST0516,SEC066,Transformer,OHE Inspection,Height deviation,2,HIGH,2024-12-30,2025-01-01,2025-01-16,5.2,2,HIGH,In Progress,False
TRC2414,AST0403,SEC028,Catenary,OHE Mast Repair,Corrosion,4,LOW,2025-04-19,2025-04-20,2025-05-19,2.4,15,LOW,Scheduled,True
TRC2415,AST0621,SEC021,Feeder,OHE Mast Repair,Foundation settlement,4,LOW,2025-07-09,2025-07-09,2025-08-07,9.7,14,LOW,Pending,True
TRC2416,AST0431,SEC056,Electrical switchgear,Insulator Replacement,Pollution deposit,4,LOW,2025-02-14,2025-02-16,2025-04-13,10.9,6,LOW,Completed,True
TRC2417,AST0420,SEC045,Transformer,OHE Mast Repair,Corrosion,5,LOW,2025-03-20,2025-03-23,2025-05-17,1.0,11,LOW,In Progress,True
TRC2418,AST0526,SEC001,Sectioning equipment,Catenary Maintenance,Catenary sag,4,LOW,2025-02-21,2025-02-23,2025-04-23,3.7,15,LOW,Cancelled,True
TRC2419,AST0607,SEC007,Electrical switchgear,Insulator Replacement,Mechanical failure,3,MEDIUM,2025-06-15,2025-06-18,2025-07-04,10.8,14,MEDIUM,Completed,False
TRC2420,AST0650,SEC050,Insulator,Catenary Maintenance,Registration arm damage,2,HIGH,2025-08-29,2025-08-29,2025-09-08,1.3,6,HIGH,Cancelled,False
TRC2421,AST0561,SEC036,Pantograph interface,Transformer Servicing,Oil leak,4,LOW,2025-05-03,2025-05-03,2025-06-02,11.7,7,LOW,Completed,True
TRC2422,AST0501,SEC051,Feeder,Feeder Repair,Overheating,4,LOW,2025-07-14,2025-07-14,2025-09-09,7.3,5,LOW,Pending,False
TRC2423,AST0594,SEC069,Insulator,Transformer Servicing,Oil leak,3,MEDIUM,2025-11-02,2025-11-05,2025-12-01,11.8,9,MEDIUM,Completed,True
TRC2424,AST0436,SEC061,Transformer,Insulator Replacement,Flashover damage,3,MEDIUM,2025-03-14,2025-03-14,2025-04-06,6.8,5,MEDIUM,Pending,False
TRC2425,AST0631,SEC031,Electrical switchgear,Transformer Servicing,Oil leak,3,MEDIUM,2025-03-28,2025-03-30,2025-04-16,3.1,9,MEDIUM,Cancelled,True
TRC2426,AST0556,SEC031,Transformer,Insulator Replacement,Flashover damage,4,LOW,2025-03-30,2025-04-02,2025-05-20,4.6,5,LOW,Completed,False
TRC2427,AST0658,SEC058,Insulator,OHE Inspection,Stagger fault,3,MEDIUM,2025-09-01,2025-09-02,2025-09-23,9.7,15,MEDIUM,Pending,True
TRC2428,AST0415,SEC040,Electrical switchgear,OHE Mast Repair,Corrosion,4,LOW,2025-07-12,2025-07-15,2025-08-20,3.5,13,LOW,Cancelled,False
TRC2429,AST0697,SEC022,Pantograph interface,Sectioning Post Maintenance,Jumper damage,3,MEDIUM,2025-07-20,2025-07-21,2025-08-10,1.5,3,MEDIUM,Completed,True
TRC2430,AST0591,SEC066,Electrical switchgear,Feeder Repair,Overheating,3,MEDIUM,2025-01-22,2025-01-23,2025-02-16,11.3,3,MEDIUM,Pending,False
TRC2431,AST0495,SEC045,Electrical switchgear,Catenary Maintenance,Registration arm damage,3,MEDIUM,2025-06-14,2025-06-15,2025-07-05,2.1,13,MEDIUM,Pending,False
TRC2432,AST0561,SEC036,Pantograph interface,OHE Inspection,Contact wire wear,4,LOW,2025-12-07,2025-12-08,2026-02-06,1.7,6,LOW,Pending,False
TRC2433,AST0416,SEC041,OHE,Catenary Maintenance,Tension deviation,3,MEDIUM,2025-04-27,2025-04-30,2025-05-18,7.1,12,MEDIUM,Scheduled,True
TRC2434,AST0597,SEC072,Feeder,Insulator Replacement,Cracked insulator,4,LOW,2025-07-28,2025-07-29,2025-08-31,1.5,13,LOW,Pending,True
TRC2435,AST0454,SEC004,Sectioning equipment,Transformer Servicing,Winding fault,3,MEDIUM,2025-02-28,2025-02-28,2025-03-18,5.3,15,MEDIUM,Pending,True
TRC2436,AST0500,SEC050,Transformer,Feeder Repair,Insulation breakdown,4,LOW,2025-04-12,2025-04-14,2025-05-21,2.9,9,LOW,Scheduled,False
TRC2437,AST0464,SEC014,OHE,Sectioning Post Maintenance,Earthing issue,3,MEDIUM,2025-11-20,2025-11-21,2025-12-12,9.6,12,MEDIUM,Scheduled,True
TRC2438,AST0416,SEC041,OHE,Feeder Repair,Overheating,3,MEDIUM,2025-05-04,2025-05-04,2025-05-21,6.2,7,MEDIUM,Scheduled,True
TRC2439,AST0580,SEC055,Transformer,Catenary Maintenance,Splice joint fault,1,CRITICAL,2025-04-18,2025-04-20,2025-04-23,3.2,4,HIGH,Completed,True
TRC2440,AST0416,SEC041,OHE,Feeder Repair,Cable damage,2,HIGH,2025-09-13,2025-09-14,2025-09-27,3.0,10,HIGH,Pending,True
TRC2441,AST0465,SEC015,Pantograph interface,Feeder Repair,Cable damage,3,MEDIUM,2025-11-22,2025-11-22,2025-12-14,7.9,10,MEDIUM,Completed,False
TRC2442,AST0438,SEC063,Sectioning equipment,Transformer Servicing,Winding fault,3,MEDIUM,2025-10-19,2025-10-20,2025-11-04,2.5,5,MEDIUM,Pending,True
TRC2443,AST0444,SEC069,Transformer,Feeder Repair,Cable damage,4,LOW,2025-05-07,2025-05-07,2025-06-01,5.5,12,LOW,Completed,True
TRC2444,AST0621,SEC021,Feeder,Transformer Servicing,Oil leak,3,MEDIUM,2025-09-29,2025-10-01,2025-10-25,3.7,6,MEDIUM,Pending,True
TRC2445,AST0627,SEC027,Catenary,OHE Inspection,Contact wire wear,2,HIGH,2025-01-03,2025-01-03,2025-01-13,2.7,11,HIGH,Scheduled,False
TRC2446,AST0404,SEC029,Transformer,Transformer Servicing,Cooling system failure,3,MEDIUM,2025-09-06,2025-09-07,2025-09-25,10.6,15,MEDIUM,Pending,False
TRC2447,AST0461,SEC011,Feeder,Catenary Maintenance,Tension deviation,1,CRITICAL,2025-06-07,2025-06-07,2025-06-14,2.0,5,HIGH,Pending,True
TRC2448,AST0480,SEC030,OHE,OHE Mast Repair,Guy wire slack,4,LOW,2025-02-23,2025-02-23,2025-04-20,1.9,6,LOW,Scheduled,True
TRC2449,AST0513,SEC063,Pantograph interface,Insulator Replacement,Pollution deposit,4,LOW,2025-08-09,2025-08-11,2025-09-23,11.5,8,LOW,Completed,True
TRC2450,AST0644,SEC044,Transformer,OHE Mast Repair,Guy wire slack,3,MEDIUM,2025-04-19,2025-04-20,2025-05-07,11.0,14,MEDIUM,Scheduled,True
TRC2451,AST0514,SEC064,Insulator,OHE Inspection,Contact wire wear,3,MEDIUM,2025-02-11,2025-02-14,2025-03-03,5.1,13,MEDIUM,Scheduled,False
TRC2452,AST0417,SEC042,Pantograph interface,Switchgear Maintenance,Arc damage,2,HIGH,2025-02-25,2025-02-28,2025-03-12,2.1,5,HIGH,Completed,False
TRC2453,AST0465,SEC015,Pantograph interface,OHE Mast Repair,Foundation settlement,4,LOW,2025-11-03,2025-11-05,2025-12-02,11.2,12,LOW,Pending,True
TRC2454,AST0619,SEC019,Catenary,Insulator Replacement,Cracked insulator,3,MEDIUM,2025-09-25,2025-09-27,2025-10-16,1.9,4,MEDIUM,Pending,True
TRC2455,AST0584,SEC059,OHE,Insulator Replacement,Flashover damage,3,MEDIUM,2025-06-03,2025-06-03,2025-06-19,7.1,7,MEDIUM,Scheduled,True
TRC2456,AST0540,SEC015,Transformer,Catenary Maintenance,Catenary sag,3,MEDIUM,2025-03-06,2025-03-08,2025-03-29,8.5,5,MEDIUM,Completed,False
TRC2457,AST0414,SEC039,Sectioning equipment,Feeder Repair,Cable damage,4,LOW,2025-07-31,2025-08-03,2025-09-29,11.8,9,LOW,Completed,True
TRC2458,AST0582,SEC057,Sectioning equipment,Catenary Maintenance,Splice joint fault,1,CRITICAL,2025-07-24,2025-07-26,2025-08-02,7.4,5,HIGH,Scheduled,True
TRC2459,AST0404,SEC029,Transformer,Insulator Replacement,Flashover damage,4,LOW,2025-07-16,2025-07-18,2025-08-19,4.3,2,LOW,Completed,False
TRC2460,AST0626,SEC026,Insulator,Insulator Replacement,Flashover damage,2,HIGH,2025-06-24,2025-06-27,2025-07-11,11.2,12,HIGH,Pending,False
TRC2461,AST0688,SEC013,OHE,Transformer Servicing,Cooling system failure,3,MEDIUM,2025-09-28,2025-09-30,2025-10-28,9.4,3,MEDIUM,Scheduled,True
TRC2462,AST0517,SEC067,Feeder,Feeder Repair,Cable damage,4,LOW,2025-07-29,2025-07-30,2025-09-04,11.7,13,LOW,Pending,True
TRC2463,AST0465,SEC015,Pantograph interface,OHE Inspection,Dropper defect,2,HIGH,2025-01-21,2025-01-21,2025-01-29,10.8,7,HIGH,Completed,True
TRC2464,AST0519,SEC069,Electrical switchgear,Feeder Repair,Cable damage,3,MEDIUM,2025-11-04,2025-11-07,2025-11-24,8.0,4,MEDIUM,Pending,True
TRC2465,AST0510,SEC060,Sectioning equipment,Insulator Replacement,Flashover damage,3,MEDIUM,2025-12-07,2025-12-10,2025-12-29,2.9,13,MEDIUM,Pending,True
TRC2466,AST0513,SEC063,Pantograph interface,Catenary Maintenance,Catenary sag,3,MEDIUM,2025-08-27,2025-08-30,2025-09-21,4.8,9,MEDIUM,Scheduled,True
TRC2467,AST0510,SEC060,Sectioning equipment,Feeder Repair,Joint failure,5,LOW,2025-11-03,2025-11-04,2026-01-02,5.3,7,LOW,Scheduled,True
TRC2468,AST0476,SEC026,Transformer,Transformer Servicing,Cooling system failure,5,LOW,2025-08-15,2025-08-18,2025-10-02,2.4,15,LOW,Pending,False
TRC2469,AST0635,SEC035,Catenary,Feeder Repair,Cable damage,3,MEDIUM,2025-09-21,2025-09-22,2025-10-17,11.9,10,MEDIUM,Completed,True
TRC2470,AST0415,SEC040,Electrical switchgear,Feeder Repair,Cable damage,3,MEDIUM,2025-04-18,2025-04-19,2025-05-04,8.5,2,MEDIUM,Completed,False
TRC2471,AST0623,SEC023,Electrical switchgear,Feeder Repair,Insulation breakdown,4,LOW,2025-09-07,2025-09-09,2025-10-09,11.7,6,LOW,Cancelled,False
TRC2472,AST0596,SEC071,Transformer,Insulator Replacement,Mechanical failure,4,LOW,2025-10-20,2025-10-21,2025-12-06,10.1,3,LOW,Pending,True
TRC2473,AST0581,SEC056,Feeder,Transformer Servicing,Winding fault,3,MEDIUM,2025-03-28,2025-03-28,2025-04-21,1.1,7,MEDIUM,Scheduled,True
TRC2474,AST0684,SEC009,Transformer,Catenary Maintenance,Tension deviation,1,CRITICAL,2025-06-30,2025-07-02,2025-07-07,6.1,6,HIGH,Scheduled,True
TRC2475,AST0698,SEC023,Insulator,OHE Mast Repair,Foundation settlement,4,LOW,2025-09-19,2025-09-19,2025-10-14,11.7,3,LOW,In Progress,False
TRC2476,AST0584,SEC059,OHE,Transformer Servicing,Oil leak,2,HIGH,2025-05-04,2025-05-04,2025-05-15,10.9,6,HIGH,Scheduled,True
TRC2477,AST0519,SEC069,Electrical switchgear,OHE Inspection,Dropper defect,3,MEDIUM,2025-09-30,2025-10-01,2025-10-29,2.1,4,MEDIUM,Completed,False
TRC2478,AST0676,SEC001,Transformer,Feeder Repair,Joint failure,5,LOW,2025-06-09,2025-06-12,2025-08-03,9.4,5,LOW,Pending,False
TRC2479,AST0546,SEC021,Insulator,Switchgear Maintenance,Arc damage,3,MEDIUM,2025-08-29,2025-08-29,2025-09-19,5.1,8,MEDIUM,In Progress,False
TRC2480,AST0487,SEC037,Electrical switchgear,Transformer Servicing,Winding fault,2,HIGH,2025-03-18,2025-03-19,2025-04-01,3.7,12,HIGH,Pending,False
TRC2481,AST0501,SEC051,Feeder,Catenary Maintenance,Tension deviation,4,LOW,2025-10-26,2025-10-27,2025-12-15,5.6,7,LOW,Scheduled,True
TRC2482,AST0636,SEC036,Transformer,Insulator Replacement,Mechanical failure,5,LOW,2025-01-19,2025-01-21,2025-03-18,2.1,3,LOW,Scheduled,True
TRC2483,AST0406,SEC031,Sectioning equipment,Transformer Servicing,Oil leak,2,HIGH,2025-01-02,2025-01-03,2025-01-18,3.7,11,HIGH,Cancelled,False
TRC2484,AST0520,SEC070,OHE,Transformer Servicing,Winding fault,5,LOW,2025-06-26,2025-06-29,2025-08-23,2.5,9,LOW,Scheduled,True
TRC2485,AST0592,SEC067,OHE,Switchgear Maintenance,Circuit breaker fault,3,MEDIUM,2025-10-08,2025-10-09,2025-10-24,3.6,13,MEDIUM,Completed,True
TRC2486,AST0635,SEC035,Catenary,Catenary Maintenance,Registration arm damage,4,LOW,2025-07-16,2025-07-16,2025-09-01,6.8,3,LOW,In Progress,True
TRC2487,AST0428,SEC053,Transformer,Switchgear Maintenance,Circuit breaker fault,3,MEDIUM,2025-06-19,2025-06-21,2025-07-17,3.8,2,MEDIUM,Pending,True
TRC2488,AST0602,SEC002,Insulator,OHE Mast Repair,Bracket damage,4,LOW,2025-04-10,2025-04-12,2025-06-02,8.4,9,LOW,Pending,True
TRC2489,AST0403,SEC028,Catenary,Transformer Servicing,Bushing defect,4,LOW,2025-10-06,2025-10-08,2025-11-25,4.5,12,LOW,Scheduled,True
TRC2490,AST0583,SEC058,Electrical switchgear,Sectioning Post Maintenance,Interrupter fault,2,HIGH,2025-11-17,2025-11-20,2025-11-27,7.5,11,HIGH,In Progress,True
TRC2491,AST0675,SEC075,Catenary,Sectioning Post Maintenance,Isolator defect,3,MEDIUM,2025-05-13,2025-05-13,2025-05-28,9.5,15,MEDIUM,Completed,True
TRC2492,AST0688,SEC013,OHE,Insulator Replacement,Cracked insulator,3,MEDIUM,2025-04-22,2025-04-25,2025-05-21,11.6,11,MEDIUM,Scheduled,False
TRC2493,AST0567,SEC042,Electrical switchgear,Feeder Repair,Cable damage,2,HIGH,2025-07-26,2025-07-28,2025-08-08,4.8,7,HIGH,Cancelled,True
TRC2494,AST0571,SEC046,Catenary,OHE Inspection,Stagger fault,4,LOW,2025-07-21,2025-07-22,2025-09-01,1.4,13,LOW,Completed,True
TRC2495,AST0530,SEC005,Insulator,Catenary Maintenance,Catenary sag,3,MEDIUM,2025-06-08,2025-06-10,2025-07-07,2.8,12,MEDIUM,Completed,False
TRC2496,AST0639,SEC039,Electrical switchgear,OHE Inspection,Height deviation,2,HIGH,2025-05-22,2025-05-22,2025-06-01,9.1,6,HIGH,Pending,False
TRC2497,AST0615,SEC015,Electrical switchgear,OHE Inspection,Dropper defect,1,CRITICAL,2025-07-02,2025-07-05,2025-07-10,8.0,7,HIGH,Completed,False
TRC2498,AST0529,SEC004,Pantograph interface,Switchgear Maintenance,Relay malfunction,1,CRITICAL,2025-09-30,2025-10-02,2025-10-06,8.0,7,HIGH,Completed,False
TRC2499,AST0516,SEC066,Transformer,Feeder Repair,Joint failure,3,MEDIUM,2025-11-18,2025-11-20,2025-12-14,2.7,5,MEDIUM,In Progress,False
TRC2500,AST0464,SEC014,OHE,Switchgear Maintenance,Relay malfunction,2,HIGH,2025-08-12,2025-08-15,2025-08-23,5.8,13,HIGH,Cancelled,True
TRC2501,AST0642,SEC042,Insulator,OHE Inspection,Stagger fault,3,MEDIUM,2025-09-10,2025-09-10,2025-10-10,10.5,8,MEDIUM,Pending,False
TRC2502,AST0476,SEC026,Transformer,Switchgear Maintenance,Arc damage,3,MEDIUM,2025-02-10,2025-02-12,2025-03-14,7.1,10,MEDIUM,Scheduled,False
TRC2503,AST0613,SEC013,Feeder,Insulator Replacement,Mechanical failure,2,HIGH,2025-09-25,2025-09-25,2025-10-08,2.7,12,HIGH,Cancelled,True
TRC2504,AST0663,SEC063,Electrical switchgear,Sectioning Post Maintenance,Earthing issue,3,MEDIUM,2025-09-16,2025-09-18,2025-10-02,8.1,3,MEDIUM,Completed,True
TRC2505,AST0578,SEC053,Insulator,Sectioning Post Maintenance,Jumper damage,5,LOW,2025-07-21,2025-07-23,2025-10-17,11.7,10,LOW,Pending,True
TRC2506,AST0683,SEC008,Catenary,Transformer Servicing,Winding fault,2,HIGH,2025-06-26,2025-06-28,2025-07-06,6.5,3,HIGH,Pending,True
TRC2507,AST0671,SEC071,Electrical switchgear,Feeder Repair,Overheating,4,LOW,2025-08-09,2025-08-09,2025-09-04,3.6,15,LOW,In Progress,False
TRC2508,AST0596,SEC071,Transformer,OHE Mast Repair,Foundation settlement,1,CRITICAL,2025-01-27,2025-01-29,2025-02-02,7.3,14,HIGH,Completed,True
TRC2509,AST0554,SEC029,Insulator,Insulator Replacement,Pollution deposit,3,MEDIUM,2025-05-12,2025-05-13,2025-06-10,4.1,6,MEDIUM,Completed,False
TRC2510,AST0656,SEC056,OHE,Insulator Replacement,Mechanical failure,3,MEDIUM,2025-11-11,2025-11-13,2025-11-27,5.3,2,MEDIUM,Pending,True
TRC2511,AST0697,SEC022,Pantograph interface,Insulator Replacement,Flashover damage,2,HIGH,2025-01-04,2025-01-06,2025-01-17,3.2,3,HIGH,In Progress,False
TRC2512,AST0605,SEC005,Feeder,Switchgear Maintenance,Relay malfunction,4,LOW,2025-01-28,2025-01-29,2025-03-30,8.1,3,LOW,Scheduled,True
TRC2513,AST0508,SEC058,Transformer,OHE Mast Repair,Bracket damage,2,HIGH,2025-02-20,2025-02-22,2025-03-02,1.6,11,HIGH,Completed,True
TRC2514,AST0539,SEC014,Catenary,Catenary Maintenance,Registration arm damage,4,LOW,2025-12-14,2025-12-17,2026-01-12,9.5,13,LOW,In Progress,True
TRC2515,AST0572,SEC047,Transformer,Sectioning Post Maintenance,Jumper damage,1,CRITICAL,2025-08-17,2025-08-19,2025-08-24,7.9,2,HIGH,Pending,True
TRC2516,AST0409,SEC034,Pantograph interface,Transformer Servicing,Winding fault,4,LOW,2025-03-24,2025-03-24,2025-04-29,4.3,15,LOW,Completed,False
TRC2517,AST0653,SEC053,Feeder,Transformer Servicing,Winding fault,5,LOW,2025-09-03,2025-09-05,2025-12-02,2.2,13,LOW,Pending,True
TRC2518,AST0607,SEC007,Electrical switchgear,OHE Inspection,Dropper defect,2,HIGH,2025-07-17,2025-07-18,2025-07-29,4.3,8,HIGH,Cancelled,True
TRC2519,AST0667,SEC067,Catenary,Feeder Repair,Cable damage,2,HIGH,2025-11-10,2025-11-13,2025-11-26,6.4,7,HIGH,Scheduled,True
TRC2520,AST0670,SEC070,Sectioning equipment,Feeder Repair,Insulation breakdown,5,LOW,2025-11-02,2025-11-02,2026-01-23,5.8,7,LOW,Cancelled,True
TRC2521,AST0626,SEC026,Insulator,Catenary Maintenance,Tension deviation,3,MEDIUM,2025-03-07,2025-03-08,2025-04-04,8.3,6,MEDIUM,In Progress,False
TRC2522,AST0455,SEC005,Electrical switchgear,Catenary Maintenance,Catenary sag,3,MEDIUM,2025-02-18,2025-02-20,2025-03-15,1.8,5,MEDIUM,Completed,True
TRC2523,AST0645,SEC045,Feeder,Catenary Maintenance,Catenary sag,5,LOW,2025-08-31,2025-09-01,2025-11-02,4.5,13,LOW,Completed,False
TRC2524,AST0546,SEC021,Insulator,Catenary Maintenance,Splice joint fault,4,LOW,2025-06-29,2025-06-30,2025-08-29,9.5,3,LOW,Pending,False
TRC2525,AST0422,SEC047,Sectioning equipment,Sectioning Post Maintenance,Interrupter fault,3,MEDIUM,2025-03-16,2025-03-16,2025-04-12,1.9,2,MEDIUM,In Progress,False
TRC2526,AST0642,SEC042,Insulator,Catenary Maintenance,Catenary sag,3,MEDIUM,2025-10-07,2025-10-10,2025-11-02,11.7,8,MEDIUM,Pending,False
TRC2527,AST0450,SEC075,Insulator,Insulator Replacement,Mechanical failure,4,LOW,2025-02-06,2025-02-09,2025-03-08,4.2,5,LOW,Completed,True
TRC2528,AST0571,SEC046,Catenary,Feeder Repair,Insulation breakdown,2,HIGH,2025-08-05,2025-08-07,2025-08-14,11.7,7,HIGH,Completed,True
TRC2529,AST0542,SEC017,Sectioning equipment,Transformer Servicing,Cooling system failure,4,LOW,2025-12-05,2025-12-07,2026-01-18,3.9,14,LOW,Completed,True
TRC2530,AST0418,SEC043,Insulator,Switchgear Maintenance,Circuit breaker fault,3,MEDIUM,2025-09-01,2025-09-03,2025-09-23,4.0,14,MEDIUM,Scheduled,False
TRC2531,AST0527,SEC002,Electrical switchgear,Switchgear Maintenance,Contactor wear,3,MEDIUM,2025-04-24,2025-04-26,2025-05-21,11.4,9,MEDIUM,Pending,True
TRC2532,AST0638,SEC038,Sectioning equipment,OHE Inspection,Dropper defect,4,LOW,2025-01-31,2025-02-01,2025-03-01,4.5,11,LOW,Scheduled,False
TRC2533,AST0439,SEC064,Electrical switchgear,Sectioning Post Maintenance,Earthing issue,1,CRITICAL,2025-01-13,2025-01-13,2025-01-20,10.2,7,HIGH,Completed,True
TRC2534,AST0474,SEC024,Insulator,Feeder Repair,Overheating,5,LOW,2025-11-15,2025-11-17,2025-12-31,11.2,9,LOW,Cancelled,False
TRC2535,AST0455,SEC005,Electrical switchgear,OHE Inspection,Stagger fault,4,LOW,2025-10-14,2025-10-14,2025-11-29,2.8,7,LOW,Completed,False
TRC2536,AST0593,SEC068,Pantograph interface,Insulator Replacement,Cracked insulator,4,LOW,2025-07-23,2025-07-26,2025-09-15,10.6,9,LOW,Completed,False
TRC2537,AST0614,SEC014,Sectioning equipment,Feeder Repair,Overheating,4,LOW,2025-07-27,2025-07-28,2025-09-25,8.5,10,LOW,Completed,True
TRC2538,AST0578,SEC053,Insulator,Sectioning Post Maintenance,Isolator defect,2,HIGH,2025-09-06,2025-09-08,2025-09-17,12.0,15,HIGH,Pending,True
TRC2539,AST0560,SEC035,OHE,Feeder Repair,Overheating,2,HIGH,2025-01-27,2025-01-28,2025-02-11,4.4,8,HIGH,Scheduled,True
TRC2540,AST0443,SEC068,Catenary,Sectioning Post Maintenance,Interrupter fault,3,MEDIUM,2025-10-13,2025-10-14,2025-11-10,11.3,8,MEDIUM,Pending,True
TRC2541,AST0603,SEC003,Catenary,Transformer Servicing,Bushing defect,2,HIGH,2025-03-23,2025-03-25,2025-04-02,6.9,5,HIGH,Scheduled,False
TRC2542,AST0676,SEC001,Transformer,Sectioning Post Maintenance,Earthing issue,5,LOW,2025-03-07,2025-03-08,2025-05-07,2.6,8,LOW,Cancelled,True
TRC2543,AST0570,SEC045,Insulator,Transformer Servicing,Bushing defect,2,HIGH,2025-10-19,2025-10-20,2025-11-03,4.2,5,HIGH,Scheduled,True
TRC2544,AST0522,SEC072,Insulator,Insulator Replacement,Cracked insulator,4,LOW,2025-09-14,2025-09-17,2025-11-08,9.2,7,LOW,Completed,False
TRC2545,AST0403,SEC028,Catenary,OHE Inspection,Stagger fault,5,LOW,2025-05-20,2025-05-22,2025-07-29,5.9,2,LOW,Scheduled,True
TRC2546,AST0640,SEC040,OHE,Insulator Replacement,Mechanical failure,2,HIGH,2025-12-05,2025-12-07,2025-12-20,4.0,14,HIGH,Pending,False
TRC2547,AST0419,SEC044,Catenary,Insulator Replacement,Mechanical failure,4,LOW,2025-10-18,2025-10-18,2025-11-26,11.8,8,LOW,Pending,True
TRC2548,AST0612,SEC012,Transformer,Feeder Repair,Insulation breakdown,3,MEDIUM,2025-02-14,2025-02-16,2025-03-02,3.2,15,MEDIUM,Pending,False
TRC2549,AST0619,SEC019,Catenary,OHE Inspection,Dropper defect,3,MEDIUM,2025-03-27,2025-03-28,2025-04-18,10.0,12,MEDIUM,Cancelled,True
TRC2550,AST0504,SEC054,OHE,Feeder Repair,Joint failure,2,HIGH,2025-01-21,2025-01-22,2025-01-31,2.7,11,HIGH,Completed,True
TRC2551,AST0548,SEC023,Transformer,Insulator Replacement,Flashover damage,4,LOW,2025-11-21,2025-11-24,2026-01-05,5.7,2,LOW,Completed,True
TRC2552,AST0501,SEC051,Feeder,Insulator Replacement,Flashover damage,5,LOW,2025-03-09,2025-03-09,2025-04-19,1.4,12,LOW,Scheduled,True
TRC2553,AST0581,SEC056,Feeder,Insulator Replacement,Pollution deposit,2,HIGH,2025-12-01,2025-12-03,2025-12-16,9.3,9,HIGH,Pending,True
TRC2554,AST0571,SEC046,Catenary,Switchgear Maintenance,Circuit breaker fault,3,MEDIUM,2025-02-24,2025-02-24,2025-03-20,7.0,13,MEDIUM,Pending,True
TRC2555,AST0468,SEC018,Transformer,Insulator Replacement,Flashover damage,5,LOW,2025-10-11,2025-10-11,2025-12-04,1.9,10,LOW,Cancelled,False
TRC2556,AST0531,SEC006,Catenary,Switchgear Maintenance,Arc damage,4,LOW,2025-11-29,2025-12-01,2026-01-10,11.8,2,LOW,Scheduled,True
TRC2557,AST0524,SEC074,Transformer,Transformer Servicing,Bushing defect,3,MEDIUM,2025-04-06,2025-04-06,2025-04-23,3.9,7,MEDIUM,Pending,True
TRC2558,AST0632,SEC032,OHE,Insulator Replacement,Pollution deposit,2,HIGH,2025-09-27,2025-09-29,2025-10-11,9.0,3,HIGH,Pending,True
TRC2559,AST0689,SEC014,Pantograph interface,Transformer Servicing,Oil leak,5,LOW,2025-10-31,2025-11-01,2026-01-13,11.5,12,LOW,Completed,False
TRC2560,AST0641,SEC041,Pantograph interface,OHE Inspection,Height deviation,3,MEDIUM,2025-07-20,2025-07-20,2025-08-06,11.9,11,MEDIUM,Scheduled,False
TRC2561,AST0523,SEC073,Catenary,Sectioning Post Maintenance,Interrupter fault,4,LOW,2025-08-14,2025-08-15,2025-10-02,11.3,10,LOW,Pending,True
TRC2562,AST0438,SEC063,Sectioning equipment,Catenary Maintenance,Splice joint fault,3,MEDIUM,2025-01-28,2025-01-30,2025-02-28,11.3,13,MEDIUM,Completed,True
TRC2563,AST0538,SEC013,Insulator,Catenary Maintenance,Tension deviation,3,MEDIUM,2025-09-08,2025-09-10,2025-09-26,1.6,12,MEDIUM,Pending,False
TRC2564,AST0495,SEC045,Electrical switchgear,Transformer Servicing,Bushing defect,3,MEDIUM,2025-04-25,2025-04-26,2025-05-24,4.0,10,MEDIUM,Scheduled,True
TRC2565,AST0435,SEC060,Catenary,Switchgear Maintenance,Contactor wear,5,LOW,2025-10-14,2025-10-15,2026-01-09,1.3,2,LOW,Scheduled,True
TRC2566,AST0646,SEC046,Sectioning equipment,Sectioning Post Maintenance,Interrupter fault,2,HIGH,2025-03-05,2025-03-05,2025-03-12,11.3,6,HIGH,Completed,True
TRC2567,AST0618,SEC018,Insulator,OHE Mast Repair,Guy wire slack,2,HIGH,2025-01-01,2025-01-03,2025-01-14,11.2,9,HIGH,In Progress,False
TRC2568,AST0550,SEC025,Sectioning equipment,Feeder Repair,Overheating,3,MEDIUM,2025-06-17,2025-06-17,2025-07-04,8.0,9,MEDIUM,Cancelled,True
TRC2569,AST0685,SEC010,Feeder,Insulator Replacement,Pollution deposit,2,HIGH,2025-04-14,2025-04-17,2025-05-01,8.1,2,HIGH,Scheduled,True
TRC2570,AST0645,SEC045,Feeder,OHE Mast Repair,Foundation settlement,3,MEDIUM,2025-01-29,2025-01-30,2025-02-22,5.5,10,MEDIUM,Completed,True
TRC2571,AST0689,SEC014,Pantograph interface,Feeder Repair,Cable damage,3,MEDIUM,2025-08-18,2025-08-18,2025-09-03,6.0,13,MEDIUM,Pending,False
TRC2572,AST0575,SEC050,Electrical switchgear,Insulator Replacement,Flashover damage,3,MEDIUM,2025-04-19,2025-04-22,2025-05-11,9.2,8,MEDIUM,Pending,False
TRC2573,AST0425,SEC050,Pantograph interface,Feeder Repair,Cable damage,1,CRITICAL,2025-11-03,2025-11-03,2025-11-06,8.7,3,HIGH,Pending,False
TRC2574,AST0603,SEC003,Catenary,Sectioning Post Maintenance,Interrupter fault,4,LOW,2025-09-21,2025-09-22,2025-11-06,4.1,2,LOW,Completed,True
TRC2575,AST0488,SEC038,OHE,Transformer Servicing,Winding fault,3,MEDIUM,2025-02-23,2025-02-24,2025-03-14,7.4,10,MEDIUM,Completed,False
TRC2576,AST0623,SEC023,Electrical switchgear,Switchgear Maintenance,Circuit breaker fault,4,LOW,2025-02-09,2025-02-10,2025-03-07,7.9,2,LOW,Pending,False
TRC2577,AST0689,SEC014,Pantograph interface,Feeder Repair,Joint failure,2,HIGH,2025-09-07,2025-09-07,2025-09-18,4.5,4,HIGH,Scheduled,False
TRC2578,AST0675,SEC075,Catenary,OHE Mast Repair,Corrosion,3,MEDIUM,2025-04-18,2025-04-21,2025-05-17,10.2,12,MEDIUM,In Progress,True
TRC2579,AST0407,SEC032,Electrical switchgear,Catenary Maintenance,Catenary sag,3,MEDIUM,2025-01-02,2025-01-02,2025-01-19,9.7,12,MEDIUM,In Progress,False
TRC2580,AST0554,SEC029,Insulator,OHE Mast Repair,Guy wire slack,5,LOW,2025-05-20,2025-05-23,2025-08-08,9.3,9,LOW,Pending,False
TRC2581,AST0475,SEC025,Catenary,Insulator Replacement,Cracked insulator,4,LOW,2025-03-08,2025-03-11,2025-04-15,10.6,2,LOW,Completed,True
TRC2582,AST0643,SEC043,Catenary,Feeder Repair,Overheating,2,HIGH,2025-09-23,2025-09-26,2025-10-11,6.3,6,HIGH,Pending,True
TRC2583,AST0569,SEC044,Pantograph interface,Feeder Repair,Cable damage,5,LOW,2025-05-12,2025-05-14,2025-08-03,6.6,11,LOW,Cancelled,False
TRC2584,AST0468,SEC018,Transformer,Switchgear Maintenance,Relay malfunction,4,LOW,2025-06-10,2025-06-11,2025-07-22,8.1,7,LOW,Cancelled,False
TRC2585,AST0548,SEC023,Transformer,OHE Inspection,Contact wire wear,2,HIGH,2025-05-03,2025-05-06,2025-05-14,1.5,14,HIGH,Cancelled,True
TRC2586,AST0683,SEC008,Catenary,Switchgear Maintenance,Relay malfunction,3,MEDIUM,2025-11-23,2025-11-25,2025-12-10,4.0,12,MEDIUM,Scheduled,True
TRC2587,AST0499,SEC049,Catenary,Insulator Replacement,Flashover damage,5,LOW,2025-01-31,2025-02-02,2025-03-14,5.5,12,LOW,Completed,False
TRC2588,AST0603,SEC003,Catenary,OHE Mast Repair,Corrosion,3,MEDIUM,2025-08-13,2025-08-15,2025-09-08,6.7,13,MEDIUM,Scheduled,True
TRC2589,AST0510,SEC060,Sectioning equipment,Sectioning Post Maintenance,Earthing issue,1,CRITICAL,2025-03-25,2025-03-25,2025-03-31,8.6,10,HIGH,Cancelled,True
TRC2590,AST0477,SEC027,Feeder,OHE Mast Repair,Bracket damage,3,MEDIUM,2025-04-17,2025-04-20,2025-05-07,6.8,13,MEDIUM,Scheduled,True
TRC2591,AST0475,SEC025,Catenary,Catenary Maintenance,Registration arm damage,2,HIGH,2025-10-25,2025-10-25,2025-11-09,10.1,2,HIGH,Completed,True
TRC2592,AST0623,SEC023,Electrical switchgear,Feeder Repair,Insulation breakdown,3,MEDIUM,2025-03-20,2025-03-23,2025-04-15,8.5,5,MEDIUM,Pending,True
TRC2593,AST0659,SEC059,Catenary,Catenary Maintenance,Catenary sag,2,HIGH,2025-01-03,2025-01-03,2025-01-17,1.3,8,HIGH,Scheduled,True
TRC2594,AST0591,SEC066,Electrical switchgear,OHE Mast Repair,Guy wire slack,5,LOW,2025-08-12,2025-08-13,2025-10-19,10.8,6,LOW,Completed,False
TRC2595,AST0579,SEC054,Catenary,Feeder Repair,Joint failure,3,MEDIUM,2025-07-14,2025-07-15,2025-08-09,8.6,2,MEDIUM,Completed,True
TRC2596,AST0688,SEC013,OHE,Transformer Servicing,Oil leak,2,HIGH,2025-05-17,2025-05-19,2025-06-03,9.0,15,HIGH,Scheduled,True
TRC2597,AST0548,SEC023,Transformer,OHE Inspection,Contact wire wear,3,MEDIUM,2025-09-23,2025-09-24,2025-10-22,11.4,6,MEDIUM,Completed,False
TRC2598,AST0458,SEC008,Insulator,OHE Mast Repair,Corrosion,3,MEDIUM,2025-06-30,2025-06-30,2025-07-30,10.1,14,MEDIUM,Scheduled,False
TRC2599,AST0660,SEC060,Transformer,Insulator Replacement,Cracked insulator,5,LOW,2025-11-18,2025-11-20,2026-01-31,11.0,13,LOW,Cancelled,True
TRC2600,AST0438,SEC063,Sectioning equipment,OHE Inspection,Stagger fault,2,HIGH,2025-07-18,2025-07-21,2025-07-31,11.6,3,HIGH,Pending,True
TRC2601,AST0558,SEC033,Sectioning equipment,Insulator Replacement,Mechanical failure,3,MEDIUM,2025-09-28,2025-09-30,2025-10-17,7.2,6,MEDIUM,Scheduled,True
TRC2602,AST0650,SEC050,Insulator,Catenary Maintenance,Tension deviation,4,LOW,2025-03-26,2025-03-28,2025-05-20,10.2,8,LOW,Completed,True
TRC2603,AST0681,SEC006,Pantograph interface,Transformer Servicing,Cooling system failure,1,CRITICAL,2025-11-20,2025-11-23,2025-11-28,1.1,6,HIGH,Completed,False
TRC2604,AST0404,SEC029,Transformer,OHE Inspection,Height deviation,4,LOW,2025-04-15,2025-04-16,2025-06-06,3.6,3,LOW,Completed,False
TRC2605,AST0557,SEC032,Feeder,Insulator Replacement,Pollution deposit,4,LOW,2025-11-23,2025-11-25,2026-01-14,4.1,14,LOW,Scheduled,True
TRC2606,AST0410,SEC035,Insulator,OHE Mast Repair,Foundation settlement,3,MEDIUM,2025-06-22,2025-06-24,2025-07-22,5.6,13,MEDIUM,Completed,False
TRC2607,AST0539,SEC014,Catenary,Transformer Servicing,Cooling system failure,4,LOW,2025-09-05,2025-09-07,2025-10-20,6.3,2,LOW,Scheduled,True
TRC2608,AST0626,SEC026,Insulator,Insulator Replacement,Cracked insulator,3,MEDIUM,2025-09-03,2025-09-04,2025-09-24,10.2,14,MEDIUM,Completed,False
TRC2609,AST0530,SEC005,Insulator,OHE Inspection,Contact wire wear,4,LOW,2025-05-31,2025-05-31,2025-07-26,8.3,14,LOW,Pending,True
TRC2610,AST0537,SEC012,Pantograph interface,OHE Inspection,Contact wire wear,3,MEDIUM,2025-08-10,2025-08-10,2025-09-04,7.2,11,MEDIUM,Completed,False
TRC2611,AST0596,SEC071,Transformer,OHE Mast Repair,Corrosion,1,CRITICAL,2025-06-16,2025-06-17,2025-06-21,11.4,11,HIGH,Pending,False
TRC2612,AST0506,SEC056,Insulator,Switchgear Maintenance,Circuit breaker fault,1,CRITICAL,2025-05-31,2025-06-03,2025-06-06,5.8,9,HIGH,Completed,True
TRC2613,AST0557,SEC032,Feeder,Sectioning Post Maintenance,Earthing issue,3,MEDIUM,2025-08-15,2025-08-18,2025-09-13,8.6,4,MEDIUM,Cancelled,True
TRC2614,AST0657,SEC057,Pantograph interface,Transformer Servicing,Bushing defect,1,CRITICAL,2025-09-16,2025-09-17,2025-09-22,5.6,4,HIGH,Pending,False
TRC2615,AST0639,SEC039,Electrical switchgear,Switchgear Maintenance,Circuit breaker fault,3,MEDIUM,2025-02-19,2025-02-20,2025-03-18,5.4,13,MEDIUM,Cancelled,True
TRC2616,AST0661,SEC061,Feeder,Sectioning Post Maintenance,Jumper damage,2,HIGH,2025-05-01,2025-05-03,2025-05-12,8.4,7,HIGH,Completed,True
TRC2617,AST0615,SEC015,Electrical switchgear,Switchgear Maintenance,Arc damage,4,LOW,2025-03-12,2025-03-13,2025-04-25,9.6,4,LOW,Pending,False
TRC2618,AST0505,SEC055,Pantograph interface,Switchgear Maintenance,Circuit breaker fault,2,HIGH,2025-09-02,2025-09-04,2025-09-14,7.7,15,HIGH,Pending,True
TRC2619,AST0580,SEC055,Transformer,Switchgear Maintenance,Arc damage,4,LOW,2025-02-06,2025-02-07,2025-03-20,8.3,7,LOW,In Progress,False
TRC2620,AST0488,SEC038,OHE,Insulator Replacement,Cracked insulator,4,LOW,2025-02-07,2025-02-10,2025-03-11,7.2,7,LOW,Cancelled,True
TRC2621,AST0679,SEC004,Electrical switchgear,OHE Inspection,Dropper defect,3,MEDIUM,2025-11-03,2025-11-03,2025-11-23,3.6,13,MEDIUM,Pending,True
TRC2622,AST0549,SEC024,Feeder,Sectioning Post Maintenance,Isolator defect,3,MEDIUM,2025-10-20,2025-10-20,2025-11-03,6.0,10,MEDIUM,Completed,True
TRC2623,AST0436,SEC061,Transformer,Switchgear Maintenance,Contactor wear,3,MEDIUM,2025-02-14,2025-02-15,2025-03-03,1.5,10,MEDIUM,Completed,False
TRC2624,AST0419,SEC044,Catenary,OHE Inspection,Stagger fault,3,MEDIUM,2025-12-07,2025-12-08,2025-12-31,4.3,9,MEDIUM,Pending,True
TRC2625,AST0408,SEC033,OHE,Insulator Replacement,Pollution deposit,5,LOW,2025-03-11,2025-03-12,2025-06-02,9.3,11,LOW,Pending,True
TRC2626,AST0612,SEC012,Transformer,Switchgear Maintenance,Relay malfunction,4,LOW,2025-09-15,2025-09-17,2025-10-31,6.2,2,LOW,Pending,False
TRC2627,AST0633,SEC033,Pantograph interface,Insulator Replacement,Pollution deposit,3,MEDIUM,2025-02-05,2025-02-06,2025-03-08,9.5,10,MEDIUM,Pending,True
TRC2628,AST0613,SEC013,Feeder,Switchgear Maintenance,Arc damage,1,CRITICAL,2025-07-25,2025-07-27,2025-08-03,8.1,11,HIGH,Completed,True
TRC2629,AST0465,SEC015,Pantograph interface,Catenary Maintenance,Registration arm damage,2,HIGH,2025-03-16,2025-03-18,2025-03-26,6.7,9,HIGH,Pending,True
TRC2630,AST0509,SEC059,Feeder,OHE Mast Repair,Bracket damage,4,LOW,2025-10-16,2025-10-19,2025-12-13,6.6,8,LOW,Completed,True
TRC2631,AST0591,SEC066,Electrical switchgear,Transformer Servicing,Winding fault,3,MEDIUM,2025-11-26,2025-11-29,2025-12-19,2.1,12,MEDIUM,Pending,False
TRC2632,AST0493,SEC043,Feeder,OHE Inspection,Dropper defect,3,MEDIUM,2025-02-26,2025-02-27,2025-03-26,11.5,15,MEDIUM,Pending,True
TRC2633,AST0482,SEC032,Insulator,Insulator Replacement,Mechanical failure,2,HIGH,2025-12-17,2025-12-18,2025-12-30,3.0,3,HIGH,Pending,False
TRC2634,AST0612,SEC012,Transformer,Sectioning Post Maintenance,Earthing issue,3,MEDIUM,2025-12-18,2025-12-18,2026-01-06,1.0,15,MEDIUM,Pending,False
TRC2635,AST0516,SEC066,Transformer,OHE Inspection,Stagger fault,3,MEDIUM,2025-07-01,2025-07-02,2025-07-27,4.1,3,MEDIUM,Pending,False
TRC2636,AST0673,SEC073,Pantograph interface,Insulator Replacement,Flashover damage,3,MEDIUM,2025-04-07,2025-04-09,2025-04-28,10.8,15,MEDIUM,Completed,False
TRC2637,AST0507,SEC057,Catenary,OHE Mast Repair,Foundation settlement,2,HIGH,2025-08-24,2025-08-25,2025-09-01,2.7,9,HIGH,Pending,False
TRC2638,AST0502,SEC052,Sectioning equipment,OHE Inspection,Height deviation,3,MEDIUM,2025-06-19,2025-06-19,2025-07-11,9.8,14,MEDIUM,Completed,True
TRC2639,AST0691,SEC016,Catenary,Transformer Servicing,Cooling system failure,5,LOW,2025-09-26,2025-09-29,2025-11-11,6.8,2,LOW,Pending,True
TRC2640,AST0561,SEC036,Pantograph interface,OHE Inspection,Height deviation,5,LOW,2025-05-06,2025-05-07,2025-08-03,3.2,2,LOW,Completed,False
TRC2641,AST0432,SEC057,OHE,OHE Mast Repair,Bracket damage,3,MEDIUM,2025-07-31,2025-08-03,2025-08-18,7.6,4,MEDIUM,Completed,True
TRC2642,AST0690,SEC015,Insulator,OHE Inspection,Dropper defect,3,MEDIUM,2025-06-15,2025-06-17,2025-07-11,7.6,11,MEDIUM,Pending,False
TRC2643,AST0449,SEC074,Pantograph interface,OHE Inspection,Contact wire wear,4,LOW,2025-07-31,2025-08-03,2025-09-02,9.1,5,LOW,Completed,False
TRC2644,AST0680,SEC005,OHE,OHE Inspection,Contact wire wear,3,MEDIUM,2025-01-08,2025-01-08,2025-02-01,10.6,10,MEDIUM,Completed,True
TRC2645,AST0673,SEC073,Pantograph interface,Sectioning Post Maintenance,Earthing issue,1,CRITICAL,2025-11-08,2025-11-09,2025-11-15,8.1,12,HIGH,Pending,True
TRC2646,AST0570,SEC045,Insulator,Insulator Replacement,Pollution deposit,5,LOW,2025-11-20,2025-11-20,2026-02-08,9.4,2,LOW,Completed,False
TRC2647,AST0685,SEC010,Feeder,Feeder Repair,Overheating,4,LOW,2025-09-28,2025-09-28,2025-11-09,6.5,12,LOW,Completed,True
TRC2648,AST0699,SEC024,Catenary,Feeder Repair,Overheating,3,MEDIUM,2025-07-20,2025-07-21,2025-08-15,6.7,2,MEDIUM,Pending,True
TRC2649,AST0669,SEC069,Feeder,OHE Mast Repair,Guy wire slack,3,MEDIUM,2025-05-05,2025-05-06,2025-05-22,4.7,7,MEDIUM,Completed,True
TRC2650,AST0468,SEC018,Transformer,OHE Mast Repair,Guy wire slack,4,LOW,2025-09-12,2025-09-14,2025-10-11,11.2,15,LOW,Scheduled,True
TRC2651,AST0497,SEC047,Pantograph interface,Feeder Repair,Insulation breakdown,4,LOW,2025-12-09,2025-12-10,2026-01-17,8.0,13,LOW,Scheduled,False
TRC2652,AST0675,SEC075,Catenary,Sectioning Post Maintenance,Earthing issue,2,HIGH,2025-05-05,2025-05-08,2025-05-21,4.5,12,HIGH,Scheduled,True
TRC2653,AST0472,SEC022,OHE,OHE Mast Repair,Guy wire slack,3,MEDIUM,2025-08-16,2025-08-16,2025-09-03,10.0,10,MEDIUM,Scheduled,True
TRC2654,AST0500,SEC050,Transformer,Insulator Replacement,Pollution deposit,2,HIGH,2025-09-12,2025-09-14,2025-09-24,4.1,9,HIGH,Pending,True
TRC2655,AST0559,SEC034,Electrical switchgear,OHE Inspection,Height deviation,4,LOW,2025-11-08,2025-11-10,2025-12-11,10.3,15,LOW,Cancelled,True
TRC2656,AST0428,SEC053,Transformer,Switchgear Maintenance,Relay malfunction,2,HIGH,2025-11-19,2025-11-19,2025-11-27,6.5,7,HIGH,Pending,False
TRC2657,AST0632,SEC032,OHE,Feeder Repair,Insulation breakdown,3,MEDIUM,2025-06-12,2025-06-15,2025-07-01,7.1,15,MEDIUM,Pending,True
TRC2658,AST0459,SEC009,Catenary,Switchgear Maintenance,Circuit breaker fault,4,LOW,2025-09-03,2025-09-06,2025-10-17,11.5,5,LOW,Completed,True
TRC2659,AST0529,SEC004,Pantograph interface,Sectioning Post Maintenance,Jumper damage,1,CRITICAL,2025-08-20,2025-08-20,2025-08-26,3.7,12,HIGH,Completed,True
TRC2660,AST0458,SEC008,Insulator,Switchgear Maintenance,Circuit breaker fault,5,LOW,2025-09-14,2025-09-16,2025-11-15,4.4,4,LOW,Pending,False
TRC2661,AST0676,SEC001,Transformer,Switchgear Maintenance,Contactor wear,4,LOW,2025-08-20,2025-08-23,2025-09-22,8.5,12,LOW,Pending,True
TRC2662,AST0436,SEC061,Transformer,Insulator Replacement,Pollution deposit,1,CRITICAL,2025-01-09,2025-01-09,2025-01-16,4.1,6,HIGH,Completed,True
TRC2663,AST0693,SEC018,Feeder,OHE Inspection,Stagger fault,1,CRITICAL,2025-03-12,2025-03-12,2025-03-15,8.9,4,HIGH,Completed,True
TRC2664,AST0527,SEC002,Electrical switchgear,Transformer Servicing,Cooling system failure,1,CRITICAL,2025-01-01,2025-01-04,2025-01-11,2.8,14,HIGH,Pending,True
TRC2665,AST0617,SEC017,Pantograph interface,OHE Inspection,Stagger fault,5,LOW,2025-01-06,2025-01-06,2025-04-06,7.4,4,LOW,Scheduled,True
TRC2666,AST0624,SEC024,OHE,Transformer Servicing,Cooling system failure,1,CRITICAL,2025-06-16,2025-06-18,2025-06-25,4.8,10,HIGH,In Progress,True
TRC2667,AST0519,SEC069,Electrical switchgear,Sectioning Post Maintenance,Jumper damage,1,CRITICAL,2025-01-11,2025-01-13,2025-01-16,8.4,11,HIGH,Pending,False
TRC2668,AST0669,SEC069,Feeder,Insulator Replacement,Flashover damage,2,HIGH,2025-04-17,2025-04-19,2025-05-02,3.3,14,HIGH,In Progress,True
TRC2669,AST0687,SEC012,Electrical switchgear,OHE Inspection,Height deviation,4,LOW,2025-11-03,2025-11-04,2025-12-04,9.9,4,LOW,Scheduled,False
TRC2670,AST0401,SEC026,Pantograph interface,Feeder Repair,Insulation breakdown,3,MEDIUM,2025-09-16,2025-09-18,2025-10-12,11.2,14,MEDIUM,Completed,False
TRC2671,AST0526,SEC001,Sectioning equipment,Feeder Repair,Joint failure,1,CRITICAL,2025-11-15,2025-11-18,2025-11-22,6.6,4,HIGH,Pending,False
TRC2672,AST0484,SEC034,Transformer,Transformer Servicing,Cooling system failure,3,MEDIUM,2025-08-19,2025-08-20,2025-09-14,5.0,15,MEDIUM,Pending,False
TRC2673,AST0503,SEC053,Electrical switchgear,Switchgear Maintenance,Contactor wear,4,LOW,2025-01-22,2025-01-23,2025-03-11,5.1,8,LOW,Pending,False
TRC2674,AST0578,SEC053,Insulator,Sectioning Post Maintenance,Jumper damage,3,MEDIUM,2025-04-08,2025-04-10,2025-05-06,8.8,2,MEDIUM,Completed,False
TRC2675,AST0430,SEC055,Sectioning equipment,Feeder Repair,Insulation breakdown,3,MEDIUM,2025-01-31,2025-02-03,2025-03-01,5.3,13,MEDIUM,Scheduled,True
TRC2676,AST0662,SEC062,Sectioning equipment,Feeder Repair,Joint failure,3,MEDIUM,2025-03-15,2025-03-15,2025-04-09,3.2,6,MEDIUM,In Progress,True
TRC2677,AST0502,SEC052,Sectioning equipment,OHE Mast Repair,Corrosion,2,HIGH,2025-09-29,2025-09-30,2025-10-13,2.5,7,HIGH,Scheduled,True
TRC2678,AST0554,SEC029,Insulator,Catenary Maintenance,Registration arm damage,1,CRITICAL,2025-09-17,2025-09-17,2025-09-20,1.9,11,HIGH,Pending,False
TRC2679,AST0609,SEC009,Pantograph interface,Feeder Repair,Joint failure,4,LOW,2025-05-06,2025-05-06,2025-06-23,1.8,10,LOW,Completed,False
TRC2680,AST0588,SEC063,Transformer,Sectioning Post Maintenance,Isolator defect,3,MEDIUM,2025-03-31,2025-04-03,2025-05-03,9.0,12,MEDIUM,Completed,True
TRC2681,AST0452,SEC002,Transformer,OHE Mast Repair,Bracket damage,3,MEDIUM,2025-08-12,2025-08-14,2025-09-03,10.6,6,MEDIUM,Completed,False
TRC2682,AST0574,SEC049,Sectioning equipment,Switchgear Maintenance,Circuit breaker fault,2,HIGH,2025-04-07,2025-04-09,2025-04-16,12.0,11,HIGH,Scheduled,True
TRC2683,AST0539,SEC014,Catenary,Switchgear Maintenance,Circuit breaker fault,3,MEDIUM,2025-01-04,2025-01-06,2025-02-01,9.6,8,MEDIUM,Completed,True
TRC2684,AST0618,SEC018,Insulator,Sectioning Post Maintenance,Interrupter fault,3,MEDIUM,2025-05-17,2025-05-18,2025-06-11,1.8,14,MEDIUM,Pending,False
TRC2685,AST0573,SEC048,Feeder,Insulator Replacement,Flashover damage,2,HIGH,2025-06-29,2025-06-29,2025-07-13,8.1,8,HIGH,Cancelled,True
TRC2686,AST0546,SEC021,Insulator,OHE Inspection,Stagger fault,2,HIGH,2025-03-21,2025-03-22,2025-04-06,6.5,9,HIGH,Cancelled,False
TRC2687,AST0679,SEC004,Electrical switchgear,Catenary Maintenance,Registration arm damage,3,MEDIUM,2025-06-17,2025-06-18,2025-07-08,2.7,9,MEDIUM,Scheduled,False
TRC2688,AST0581,SEC056,Feeder,OHE Inspection,Contact wire wear,3,MEDIUM,2025-07-25,2025-07-28,2025-08-14,5.7,8,MEDIUM,Completed,True
TRC2689,AST0609,SEC009,Pantograph interface,Catenary Maintenance,Registration arm damage,4,LOW,2025-10-10,2025-10-11,2025-11-26,8.7,11,LOW,Pending,False
TRC2690,AST0435,SEC060,Catenary,Sectioning Post Maintenance,Isolator defect,4,LOW,2025-05-10,2025-05-12,2025-07-02,6.5,13,LOW,Completed,True
TRC2691,AST0451,SEC001,Catenary,OHE Mast Repair,Foundation settlement,3,MEDIUM,2025-01-18,2025-01-18,2025-02-07,12.0,11,MEDIUM,Completed,False
TRC2692,AST0453,SEC003,Feeder,OHE Mast Repair,Bracket damage,4,LOW,2025-04-09,2025-04-10,2025-05-30,1.9,10,LOW,Scheduled,True
TRC2693,AST0474,SEC024,Insulator,Transformer Servicing,Bushing defect,4,LOW,2025-02-09,2025-02-12,2025-04-02,11.8,5,LOW,Pending,False
TRC2694,AST0630,SEC030,Sectioning equipment,Switchgear Maintenance,Relay malfunction,5,LOW,2025-11-12,2025-11-13,2026-01-21,1.2,5,LOW,Completed,True
TRC2695,AST0627,SEC027,Catenary,Insulator Replacement,Flashover damage,3,MEDIUM,2025-08-27,2025-08-29,2025-09-28,11.5,12,MEDIUM,Pending,True
TRC2696,AST0651,SEC051,Catenary,Feeder Repair,Cable damage,4,LOW,2025-03-22,2025-03-23,2025-05-16,11.2,14,LOW,Pending,False
TRC2697,AST0675,SEC075,Catenary,OHE Mast Repair,Foundation settlement,2,HIGH,2025-11-24,2025-11-27,2025-12-11,3.9,11,HIGH,Pending,True
TRC2698,AST0626,SEC026,Insulator,Feeder Repair,Cable damage,2,HIGH,2025-03-04,2025-03-07,2025-03-19,2.8,4,HIGH,Pending,True
TRC2699,AST0672,SEC072,OHE,Sectioning Post Maintenance,Earthing issue,5,LOW,2025-09-22,2025-09-24,2025-12-11,3.5,7,LOW,Pending,True
TRC2700,AST0435,SEC060,Catenary,Feeder Repair,Insulation breakdown,2,HIGH,2025-11-01,2025-11-01,2025-11-13,10.1,8,HIGH,Completed,True
TRC2701,AST0641,SEC041,Pantograph interface,Sectioning Post Maintenance,Jumper damage,4,LOW,2025-03-14,2025-03-17,2025-04-22,3.4,3,LOW,Completed,False
TRC2702,AST0520,SEC070,OHE,Transformer Servicing,Bushing defect,4,LOW,2025-08-28,2025-08-31,2025-10-15,6.4,12,LOW,Scheduled,True
TRC2703,AST0530,SEC005,Insulator,Feeder Repair,Insulation breakdown,2,HIGH,2025-02-12,2025-02-12,2025-02-21,9.0,10,HIGH,Pending,False
TRC2704,AST0591,SEC066,Electrical switchgear,OHE Inspection,Height deviation,1,CRITICAL,2025-07-05,2025-07-06,2025-07-11,8.0,6,HIGH,Completed,True
TRC2705,AST0645,SEC045,Feeder,Switchgear Maintenance,Relay malfunction,3,MEDIUM,2025-11-03,2025-11-05,2025-11-21,6.0,3,MEDIUM,Completed,True
TRC2706,AST0437,SEC062,Feeder,Switchgear Maintenance,Contactor wear,3,MEDIUM,2025-07-03,2025-07-06,2025-07-31,8.5,3,MEDIUM,Pending,True
TRC2707,AST0506,SEC056,Insulator,Insulator Replacement,Mechanical failure,1,CRITICAL,2025-04-15,2025-04-18,2025-04-23,2.6,9,HIGH,In Progress,True
TRC2708,AST0442,SEC067,Insulator,OHE Mast Repair,Corrosion,2,HIGH,2025-11-26,2025-11-26,2025-12-11,6.1,10,HIGH,Completed,True
TRC2709,AST0682,SEC007,Insulator,Catenary Maintenance,Registration arm damage,5,LOW,2025-09-19,2025-09-19,2025-12-10,2.4,3,LOW,Pending,True
TRC2710,AST0499,SEC049,Catenary,Feeder Repair,Joint failure,4,LOW,2025-01-03,2025-01-05,2025-01-30,1.5,6,LOW,Completed,True
TRC2711,AST0577,SEC052,Pantograph interface,OHE Inspection,Stagger fault,3,MEDIUM,2025-02-10,2025-02-12,2025-03-03,10.4,8,MEDIUM,Completed,False
TRC2712,AST0597,SEC072,Feeder,Transformer Servicing,Winding fault,1,CRITICAL,2025-05-16,2025-05-18,2025-05-21,8.1,9,HIGH,Scheduled,True
TRC2713,AST0639,SEC039,Electrical switchgear,OHE Mast Repair,Bracket damage,2,HIGH,2025-09-30,2025-09-30,2025-10-08,7.5,12,HIGH,Scheduled,False
TRC2714,AST0529,SEC004,Pantograph interface,Catenary Maintenance,Catenary sag,4,LOW,2025-06-26,2025-06-26,2025-08-09,4.4,2,LOW,Completed,True
TRC2715,AST0431,SEC056,Electrical switchgear,OHE Mast Repair,Corrosion,1,CRITICAL,2025-01-27,2025-01-30,2025-02-06,5.7,4,HIGH,Pending,False
TRC2716,AST0403,SEC028,Catenary,Insulator Replacement,Mechanical failure,4,LOW,2025-10-24,2025-10-24,2025-12-14,1.3,11,LOW,Pending,False
TRC2717,AST0413,SEC038,Feeder,Feeder Repair,Cable damage,3,MEDIUM,2025-10-06,2025-10-07,2025-11-01,1.1,10,MEDIUM,Completed,True
TRC2718,AST0477,SEC027,Feeder,Switchgear Maintenance,Arc damage,3,MEDIUM,2025-01-26,2025-01-26,2025-02-24,9.9,12,MEDIUM,Completed,True
TRC2719,AST0499,SEC049,Catenary,Feeder Repair,Joint failure,3,MEDIUM,2025-06-09,2025-06-11,2025-06-27,1.6,15,MEDIUM,Completed,True
TRC2720,AST0512,SEC062,OHE,Sectioning Post Maintenance,Isolator defect,3,MEDIUM,2025-04-23,2025-04-26,2025-05-26,2.5,9,MEDIUM,Completed,False
TRC2721,AST0512,SEC062,OHE,Switchgear Maintenance,Circuit breaker fault,4,LOW,2025-05-26,2025-05-26,2025-06-28,11.9,2,LOW,Completed,True
TRC2722,AST0469,SEC019,Feeder,Catenary Maintenance,Tension deviation,2,HIGH,2025-09-14,2025-09-15,2025-09-29,1.8,10,HIGH,In Progress,True
TRC2723,AST0526,SEC001,Sectioning equipment,Sectioning Post Maintenance,Earthing issue,4,LOW,2025-01-23,2025-01-26,2025-03-14,9.4,15,LOW,In Progress,True
TRC2724,AST0695,SEC020,Electrical switchgear,Feeder Repair,Cable damage,3,MEDIUM,2025-01-10,2025-01-11,2025-02-09,8.3,3,MEDIUM,Completed,False
TRC2725,AST0656,SEC056,OHE,Switchgear Maintenance,Contactor wear,5,LOW,2025-05-23,2025-05-26,2025-07-11,8.8,14,LOW,Completed,True
TRC2726,AST0553,SEC028,Pantograph interface,Sectioning Post Maintenance,Interrupter fault,5,LOW,2025-02-13,2025-02-15,2025-03-29,4.6,11,LOW,Pending,False
TRC2727,AST0477,SEC027,Feeder,OHE Mast Repair,Guy wire slack,4,LOW,2025-07-15,2025-07-18,2025-08-30,9.9,4,LOW,Cancelled,False
TRC2728,AST0486,SEC036,Sectioning equipment,Insulator Replacement,Flashover damage,3,MEDIUM,2025-01-07,2025-01-09,2025-02-06,2.2,7,MEDIUM,Scheduled,True
TRC2729,AST0473,SEC023,Pantograph interface,OHE Mast Repair,Guy wire slack,3,MEDIUM,2025-07-07,2025-07-08,2025-07-27,10.7,10,MEDIUM,Completed,True
TRC2730,AST0475,SEC025,Catenary,Feeder Repair,Insulation breakdown,2,HIGH,2025-09-09,2025-09-09,2025-09-23,1.5,4,HIGH,In Progress,True
TRC2731,AST0485,SEC035,Feeder,Catenary Maintenance,Registration arm damage,2,HIGH,2025-03-21,2025-03-21,2025-03-28,5.6,11,HIGH,Completed,True
TRC2732,AST0423,SEC048,Electrical switchgear,Sectioning Post Maintenance,Earthing issue,5,LOW,2025-02-26,2025-02-27,2025-04-25,5.2,11,LOW,Completed,True
TRC2733,AST0559,SEC034,Electrical switchgear,OHE Mast Repair,Foundation settlement,3,MEDIUM,2025-12-06,2025-12-06,2026-01-03,6.8,15,MEDIUM,Scheduled,True
TRC2734,AST0649,SEC049,Pantograph interface,Transformer Servicing,Cooling system failure,3,MEDIUM,2025-03-17,2025-03-18,2025-04-07,9.6,8,MEDIUM,Completed,False
TRC2735,AST0657,SEC057,Pantograph interface,Transformer Servicing,Winding fault,1,CRITICAL,2025-12-14,2025-12-16,2025-12-23,8.5,3,HIGH,In Progress,False
TRC2736,AST0668,SEC068,Transformer,Feeder Repair,Cable damage,2,HIGH,2025-01-24,2025-01-24,2025-02-08,2.6,9,HIGH,Pending,False
TRC2737,AST0596,SEC071,Transformer,Transformer Servicing,Oil leak,4,LOW,2025-02-18,2025-02-20,2025-04-15,1.5,15,LOW,Completed,True
TRC2738,AST0535,SEC010,Electrical switchgear,Sectioning Post Maintenance,Interrupter fault,1,CRITICAL,2025-01-05,2025-01-08,2025-01-13,3.9,3,HIGH,Completed,False
TRC2739,AST0584,SEC059,OHE,Transformer Servicing,Oil leak,4,LOW,2025-12-13,2025-12-16,2026-01-16,4.2,2,LOW,Cancelled,True
TRC2740,AST0440,SEC065,OHE,Transformer Servicing,Oil leak,3,MEDIUM,2025-05-29,2025-05-29,2025-06-28,11.0,11,MEDIUM,In Progress,True
TRC2741,AST0648,SEC048,OHE,OHE Mast Repair,Guy wire slack,2,HIGH,2025-09-26,2025-09-26,2025-10-10,9.2,6,HIGH,Completed,True
TRC2742,AST0510,SEC060,Sectioning equipment,Sectioning Post Maintenance,Isolator defect,3,MEDIUM,2025-02-08,2025-02-09,2025-03-03,7.7,15,MEDIUM,Cancelled,True
TRC2743,AST0402,SEC027,Insulator,OHE Inspection,Stagger fault,2,HIGH,2025-03-15,2025-03-17,2025-03-28,11.8,3,HIGH,Pending,False
TRC2744,AST0684,SEC009,Transformer,Transformer Servicing,Cooling system failure,3,MEDIUM,2025-02-22,2025-02-22,2025-03-20,5.1,5,MEDIUM,Cancelled,False
TRC2745,AST0403,SEC028,Catenary,Transformer Servicing,Bushing defect,4,LOW,2025-09-24,2025-09-26,2025-11-24,8.5,12,LOW,Scheduled,True
TRC2746,AST0456,SEC006,OHE,OHE Mast Repair,Foundation settlement,5,LOW,2025-01-03,2025-01-05,2025-02-22,9.2,9,LOW,Cancelled,True
TRC2747,AST0410,SEC035,Insulator,Switchgear Maintenance,Relay malfunction,4,LOW,2025-05-31,2025-06-01,2025-07-19,9.4,9,LOW,Pending,True
TRC2748,AST0433,SEC058,Pantograph interface,OHE Inspection,Dropper defect,4,LOW,2025-09-13,2025-09-16,2025-11-01,11.1,9,LOW,Cancelled,False
TRC2749,AST0409,SEC034,Pantograph interface,Feeder Repair,Joint failure,4,LOW,2025-07-04,2025-07-06,2025-08-18,10.2,4,LOW,Scheduled,False
TRC2750,AST0502,SEC052,Sectioning equipment,Transformer Servicing,Oil leak,1,CRITICAL,2025-06-30,2025-07-01,2025-07-08,11.1,5,HIGH,Cancelled,True
TRC2751,AST0528,SEC003,OHE,Catenary Maintenance,Catenary sag,5,LOW,2025-10-02,2025-10-02,2025-12-23,2.4,15,LOW,Pending,True
TRC2752,AST0496,SEC046,OHE,Catenary Maintenance,Tension deviation,3,MEDIUM,2025-10-25,2025-10-26,2025-11-19,4.0,8,MEDIUM,Scheduled,True
TRC2753,AST0698,SEC023,Insulator,Catenary Maintenance,Splice joint fault,3,MEDIUM,2025-09-01,2025-09-01,2025-09-27,1.6,11,MEDIUM,Pending,True
TRC2754,AST0556,SEC031,Transformer,Switchgear Maintenance,Circuit breaker fault,3,MEDIUM,2025-08-04,2025-08-07,2025-09-02,3.1,10,MEDIUM,Pending,False
TRC2755,AST0490,SEC040,Insulator,Feeder Repair,Insulation breakdown,4,LOW,2025-01-10,2025-01-10,2025-03-11,10.6,13,LOW,Completed,True
TRC2756,AST0580,SEC055,Transformer,Sectioning Post Maintenance,Isolator defect,5,LOW,2025-12-06,2025-12-07,2026-01-29,3.0,15,LOW,Completed,False
TRC2757,AST0625,SEC025,Pantograph interface,OHE Mast Repair,Corrosion,5,LOW,2025-08-13,2025-08-16,2025-10-04,4.7,14,LOW,Completed,True
TRC2758,AST0463,SEC013,Electrical switchgear,Catenary Maintenance,Splice joint fault,4,LOW,2025-06-04,2025-06-04,2025-07-06,10.7,8,LOW,Completed,False
TRC2759,AST0449,SEC074,Pantograph interface,Switchgear Maintenance,Arc damage,3,MEDIUM,2025-04-21,2025-04-24,2025-05-16,8.0,4,MEDIUM,Completed,False
TRC2760,AST0612,SEC012,Transformer,Catenary Maintenance,Registration arm damage,3,MEDIUM,2025-12-06,2025-12-06,2025-12-21,9.5,11,MEDIUM,In Progress,False
TRC2761,AST0595,SEC070,Catenary,Transformer Servicing,Winding fault,4,LOW,2025-10-25,2025-10-28,2025-12-05,11.8,9,LOW,Scheduled,True
TRC2762,AST0687,SEC012,Electrical switchgear,Insulator Replacement,Pollution deposit,4,LOW,2025-11-04,2025-11-05,2025-12-26,3.9,5,LOW,Completed,False
TRC2763,AST0512,SEC062,OHE,Insulator Replacement,Cracked insulator,4,LOW,2025-07-21,2025-07-22,2025-08-26,6.1,6,LOW,Cancelled,False
TRC2764,AST0482,SEC032,Insulator,Insulator Replacement,Mechanical failure,4,LOW,2025-06-28,2025-06-28,2025-08-27,11.0,11,LOW,Completed,True
TRC2765,AST0434,SEC059,Insulator,Feeder Repair,Insulation breakdown,5,LOW,2025-08-02,2025-08-04,2025-09-30,7.9,15,LOW,Pending,False
TRC2766,AST0635,SEC035,Catenary,Sectioning Post Maintenance,Jumper damage,3,MEDIUM,2025-12-05,2025-12-06,2025-12-23,8.1,12,MEDIUM,Pending,True
TRC2767,AST0505,SEC055,Pantograph interface,Catenary Maintenance,Registration arm damage,4,LOW,2025-02-11,2025-02-11,2025-03-27,5.7,13,LOW,Completed,True
TRC2768,AST0672,SEC072,OHE,Transformer Servicing,Winding fault,4,LOW,2025-08-29,2025-08-30,2025-10-19,5.0,2,LOW,In Progress,True
TRC2769,AST0578,SEC053,Insulator,OHE Mast Repair,Bracket damage,4,LOW,2025-10-12,2025-10-15,2025-11-24,9.0,5,LOW,Cancelled,False
TRC2770,AST0510,SEC060,Sectioning equipment,OHE Inspection,Dropper defect,3,MEDIUM,2025-07-06,2025-07-06,2025-08-02,6.1,3,MEDIUM,Completed,True
TRC2771,AST0642,SEC042,Insulator,Catenary Maintenance,Splice joint fault,1,CRITICAL,2025-04-09,2025-04-11,2025-04-18,7.3,13,HIGH,Cancelled,False
TRC2772,AST0642,SEC042,Insulator,Feeder Repair,Cable damage,2,HIGH,2025-03-10,2025-03-11,2025-03-25,10.0,2,HIGH,Pending,True
TRC2773,AST0674,SEC074,Insulator,Insulator Replacement,Mechanical failure,2,HIGH,2025-10-21,2025-10-23,2025-11-02,5.2,4,HIGH,Cancelled,False
TRC2774,AST0453,SEC003,Feeder,Transformer Servicing,Oil leak,2,HIGH,2025-10-11,2025-10-12,2025-10-19,8.4,11,HIGH,Completed,True
TRC2775,AST0635,SEC035,Catenary,Sectioning Post Maintenance,Jumper damage,4,LOW,2025-09-27,2025-09-30,2025-11-22,4.6,14,LOW,Cancelled,True
TRC2776,AST0496,SEC046,OHE,Insulator Replacement,Flashover damage,2,HIGH,2025-08-31,2025-09-02,2025-09-17,3.3,7,HIGH,Completed,True
TRC2777,AST0582,SEC057,Sectioning equipment,OHE Inspection,Contact wire wear,1,CRITICAL,2025-12-02,2025-12-04,2025-12-07,1.6,13,HIGH,In Progress,True
TRC2778,AST0483,SEC033,Catenary,OHE Inspection,Dropper defect,4,LOW,2025-10-08,2025-10-10,2025-12-05,10.5,12,LOW,Scheduled,True
TRC2779,AST0523,SEC073,Catenary,Switchgear Maintenance,Arc damage,3,MEDIUM,2025-06-13,2025-06-16,2025-06-30,7.1,11,MEDIUM,Completed,False
TRC2780,AST0686,SEC011,Sectioning equipment,Sectioning Post Maintenance,Earthing issue,5,LOW,2025-10-05,2025-10-08,2025-12-18,1.7,14,LOW,In Progress,True
TRC2781,AST0543,SEC018,Electrical switchgear,Sectioning Post Maintenance,Isolator defect,2,HIGH,2025-11-03,2025-11-05,2025-11-20,5.3,4,HIGH,Scheduled,True
TRC2782,AST0539,SEC014,Catenary,OHE Inspection,Stagger fault,1,CRITICAL,2025-11-29,2025-12-02,2025-12-06,10.9,14,HIGH,Scheduled,True
TRC2783,AST0692,SEC017,Transformer,Transformer Servicing,Winding fault,4,LOW,2025-08-21,2025-08-21,2025-10-07,7.7,6,LOW,Pending,False
TRC2784,AST0693,SEC018,Feeder,OHE Inspection,Height deviation,3,MEDIUM,2025-07-22,2025-07-24,2025-08-12,4.7,14,MEDIUM,Completed,True
TRC2785,AST0477,SEC027,Feeder,Transformer Servicing,Oil leak,4,LOW,2025-04-06,2025-04-08,2025-05-06,7.6,15,LOW,Cancelled,True
TRC2786,AST0665,SEC065,Pantograph interface,Catenary Maintenance,Registration arm damage,5,LOW,2025-02-16,2025-02-17,2025-04-01,9.9,13,LOW,Completed,True
TRC2787,AST0444,SEC069,Transformer,Feeder Repair,Cable damage,4,LOW,2025-05-12,2025-05-13,2025-07-12,9.4,9,LOW,Pending,False
TRC2788,AST0412,SEC037,Transformer,Switchgear Maintenance,Arc damage,3,MEDIUM,2025-11-27,2025-11-27,2025-12-24,5.7,14,MEDIUM,Cancelled,False
TRC2789,AST0600,SEC075,OHE,Transformer Servicing,Oil leak,2,HIGH,2025-02-12,2025-02-12,2025-02-19,3.6,11,HIGH,Completed,True
TRC2790,AST0683,SEC008,Catenary,Catenary Maintenance,Registration arm damage,4,LOW,2025-11-01,2025-11-04,2025-12-14,6.8,8,LOW,Completed,True
TRC2791,AST0608,SEC008,OHE,OHE Mast Repair,Bracket damage,2,HIGH,2025-01-24,2025-01-27,2025-02-05,10.9,14,HIGH,Pending,True
TRC2792,AST0661,SEC061,Feeder,Sectioning Post Maintenance,Jumper damage,1,CRITICAL,2025-03-04,2025-03-06,2025-03-12,5.0,2,HIGH,In Progress,True
TRC2793,AST0425,SEC050,Pantograph interface,Transformer Servicing,Winding fault,3,MEDIUM,2025-08-30,2025-09-02,2025-09-24,6.0,9,MEDIUM,In Progress,True
TRC2794,AST0635,SEC035,Catenary,Switchgear Maintenance,Relay malfunction,3,MEDIUM,2025-02-08,2025-02-11,2025-02-26,8.3,3,MEDIUM,Pending,True
TRC2795,AST0583,SEC058,Electrical switchgear,Switchgear Maintenance,Contactor wear,3,MEDIUM,2025-04-27,2025-04-27,2025-05-20,1.1,4,MEDIUM,Scheduled,False
TRC2796,AST0577,SEC052,Pantograph interface,Feeder Repair,Insulation breakdown,4,LOW,2025-03-17,2025-03-20,2025-04-21,8.8,5,LOW,In Progress,False
TRC2797,AST0625,SEC025,Pantograph interface,OHE Inspection,Contact wire wear,2,HIGH,2025-01-29,2025-01-30,2025-02-14,4.1,7,HIGH,In Progress,True
TRC2798,AST0592,SEC067,OHE,Insulator Replacement,Flashover damage,1,CRITICAL,2025-03-23,2025-03-26,2025-03-29,3.9,7,HIGH,Completed,True
TRC2799,AST0691,SEC016,Catenary,OHE Inspection,Contact wire wear,3,MEDIUM,2025-08-16,2025-08-18,2025-09-15,9.4,15,MEDIUM,Cancelled,True
TRC2800,AST0605,SEC005,Feeder,Feeder Repair,Insulation breakdown,5,LOW,2025-12-01,2025-12-02,2026-03-01,6.2,4,LOW,Scheduled,True
TRC2801,AST0532,SEC007,Transformer,Transformer Servicing,Oil leak,4,LOW,2025-01-27,2025-01-27,2025-03-03,6.5,12,LOW,Completed,False
TRC2802,AST0455,SEC005,Electrical switchgear,Insulator Replacement,Pollution deposit,2,HIGH,2025-04-01,2025-04-03,2025-04-17,2.8,5,HIGH,Scheduled,True
TRC2803,AST0604,SEC004,Transformer,OHE Mast Repair,Corrosion,3,MEDIUM,2025-02-02,2025-02-05,2025-02-21,8.9,4,MEDIUM,Scheduled,True
TRC2804,AST0458,SEC008,Insulator,OHE Mast Repair,Guy wire slack,2,HIGH,2025-03-07,2025-03-08,2025-03-21,8.9,15,HIGH,Scheduled,True
TRC2805,AST0422,SEC047,Sectioning equipment,Switchgear Maintenance,Arc damage,3,MEDIUM,2025-05-02,2025-05-04,2025-05-21,9.6,3,MEDIUM,Completed,True
TRC2806,AST0672,SEC072,OHE,OHE Inspection,Dropper defect,2,HIGH,2025-12-14,2025-12-14,2025-12-23,10.2,10,HIGH,Scheduled,True
TRC2807,AST0641,SEC041,Pantograph interface,Feeder Repair,Overheating,3,MEDIUM,2025-02-13,2025-02-15,2025-03-14,6.4,5,MEDIUM,Pending,False
TRC2808,AST0431,SEC056,Electrical switchgear,Catenary Maintenance,Tension deviation,3,MEDIUM,2025-02-26,2025-02-26,2025-03-14,7.0,14,MEDIUM,Pending,True
TRC2809,AST0598,SEC073,Sectioning equipment,Catenary Maintenance,Registration arm damage,5,LOW,2025-06-12,2025-06-15,2025-07-28,2.8,5,LOW,Cancelled,True
TRC2810,AST0553,SEC028,Pantograph interface,Sectioning Post Maintenance,Jumper damage,4,LOW,2025-01-10,2025-01-13,2025-03-08,1.7,8,LOW,Pending,True
TRC2811,AST0492,SEC042,Transformer,Catenary Maintenance,Registration arm damage,3,MEDIUM,2025-11-08,2025-11-10,2025-12-10,12.0,9,MEDIUM,Completed,False
TRC2812,AST0502,SEC052,Sectioning equipment,Insulator Replacement,Cracked insulator,3,MEDIUM,2025-03-19,2025-03-19,2025-04-07,8.4,2,MEDIUM,Completed,True
TRC2813,AST0676,SEC001,Transformer,Feeder Repair,Cable damage,4,LOW,2025-05-16,2025-05-19,2025-07-12,4.8,12,LOW,Pending,False
TRC2814,AST0619,SEC019,Catenary,Transformer Servicing,Bushing defect,4,LOW,2025-06-28,2025-06-30,2025-08-07,7.5,12,LOW,Completed,True
TRC2815,AST0480,SEC030,OHE,Insulator Replacement,Mechanical failure,3,MEDIUM,2025-03-24,2025-03-26,2025-04-25,8.6,15,MEDIUM,Scheduled,False
TRC2816,AST0538,SEC013,Insulator,Insulator Replacement,Cracked insulator,4,LOW,2025-04-11,2025-04-13,2025-05-26,4.5,4,LOW,Scheduled,False
TRC2817,AST0510,SEC060,Sectioning equipment,Sectioning Post Maintenance,Isolator defect,3,MEDIUM,2025-07-19,2025-07-20,2025-08-14,4.6,2,MEDIUM,Completed,True
TRC2818,AST0597,SEC072,Feeder,Sectioning Post Maintenance,Earthing issue,2,HIGH,2025-07-24,2025-07-27,2025-08-08,4.2,7,HIGH,In Progress,True
TRC2819,AST0652,SEC052,Transformer,OHE Inspection,Stagger fault,3,MEDIUM,2025-10-26,2025-10-26,2025-11-15,9.1,2,MEDIUM,Completed,False
TRC2820,AST0472,SEC022,OHE,Transformer Servicing,Cooling system failure,2,HIGH,2025-06-03,2025-06-05,2025-06-12,4.1,14,HIGH,Scheduled,True
TRC2821,AST0680,SEC005,OHE,Catenary Maintenance,Tension deviation,1,CRITICAL,2025-11-05,2025-11-07,2025-11-12,9.1,2,HIGH,In Progress,True
TRC2822,AST0559,SEC034,Electrical switchgear,Transformer Servicing,Oil leak,5,LOW,2025-06-20,2025-06-23,2025-08-15,6.8,10,LOW,Completed,False
TRC2823,AST0591,SEC066,Electrical switchgear,Transformer Servicing,Oil leak,4,LOW,2025-04-23,2025-04-24,2025-06-23,6.7,9,LOW,Scheduled,False
TRC2824,AST0494,SEC044,Sectioning equipment,Sectioning Post Maintenance,Earthing issue,5,LOW,2025-03-27,2025-03-30,2025-06-14,4.1,5,LOW,Pending,False
TRC2825,AST0628,SEC028,Transformer,Transformer Servicing,Winding fault,1,CRITICAL,2025-12-10,2025-12-10,2025-12-17,8.1,5,HIGH,Completed,False
TRC2826,AST0528,SEC003,OHE,Sectioning Post Maintenance,Isolator defect,2,HIGH,2025-11-15,2025-11-16,2025-11-25,3.6,3,HIGH,Cancelled,True
TRC2827,AST0566,SEC041,Sectioning equipment,Insulator Replacement,Mechanical failure,3,MEDIUM,2025-10-11,2025-10-14,2025-10-31,2.5,11,MEDIUM,In Progress,True
TRC2828,AST0677,SEC002,Feeder,Switchgear Maintenance,Circuit breaker fault,4,LOW,2025-01-02,2025-01-02,2025-02-25,5.0,4,LOW,Scheduled,True
TRC2829,AST0406,SEC031,Sectioning equipment,Insulator Replacement,Pollution deposit,5,LOW,2025-05-11,2025-05-14,2025-08-02,3.1,8,LOW,Pending,True
TRC2830,AST0582,SEC057,Sectioning equipment,Insulator Replacement,Mechanical failure,3,MEDIUM,2025-05-06,2025-05-07,2025-06-02,3.4,12,MEDIUM,Pending,True
TRC2831,AST0699,SEC024,Catenary,OHE Mast Repair,Corrosion,3,MEDIUM,2025-08-03,2025-08-03,2025-08-25,2.3,10,MEDIUM,Completed,True
TRC2832,AST0648,SEC048,OHE,Sectioning Post Maintenance,Isolator defect,5,LOW,2025-10-03,2025-10-06,2026-01-01,1.8,12,LOW,Completed,True
TRC2833,AST0612,SEC012,Transformer,Transformer Servicing,Oil leak,4,LOW,2025-08-19,2025-08-19,2025-09-20,9.4,4,LOW,Pending,False
TRC2834,AST0495,SEC045,Electrical switchgear,Catenary Maintenance,Tension deviation,5,LOW,2025-07-27,2025-07-27,2025-09-13,4.7,15,LOW,Completed,False
TRC2835,AST0670,SEC070,Sectioning equipment,Feeder Repair,Cable damage,2,HIGH,2025-09-18,2025-09-18,2025-09-28,6.4,7,HIGH,In Progress,True
TRC2836,AST0489,SEC039,Pantograph interface,Sectioning Post Maintenance,Interrupter fault,2,HIGH,2025-01-06,2025-01-07,2025-01-14,4.0,15,HIGH,In Progress,True
TRC2837,AST0691,SEC016,Catenary,Catenary Maintenance,Registration arm damage,2,HIGH,2025-07-20,2025-07-23,2025-08-07,7.0,15,HIGH,Completed,True
TRC2838,AST0458,SEC008,Insulator,Transformer Servicing,Cooling system failure,1,CRITICAL,2025-06-13,2025-06-13,2025-06-17,3.2,8,HIGH,Scheduled,False
TRC2839,AST0595,SEC070,Catenary,Sectioning Post Maintenance,Jumper damage,5,LOW,2025-05-17,2025-05-18,2025-06-28,6.4,10,LOW,Cancelled,True
TRC2840,AST0548,SEC023,Transformer,Insulator Replacement,Pollution deposit,3,MEDIUM,2025-10-06,2025-10-08,2025-11-04,9.2,2,MEDIUM,Completed,False
TRC2841,AST0432,SEC057,OHE,Switchgear Maintenance,Relay malfunction,2,HIGH,2025-01-07,2025-01-10,2025-01-18,6.5,10,HIGH,Completed,True
TRC2842,AST0526,SEC001,Sectioning equipment,Sectioning Post Maintenance,Interrupter fault,3,MEDIUM,2025-10-24,2025-10-24,2025-11-09,9.4,11,MEDIUM,Cancelled,True
TRC2843,AST0558,SEC033,Sectioning equipment,Catenary Maintenance,Splice joint fault,4,LOW,2025-04-18,2025-04-21,2025-05-24,3.0,11,LOW,Scheduled,False
TRC2844,AST0660,SEC060,Transformer,Feeder Repair,Overheating,3,MEDIUM,2025-03-26,2025-03-28,2025-04-11,4.5,10,MEDIUM,Completed,False
TRC2845,AST0586,SEC061,Insulator,Catenary Maintenance,Catenary sag,3,MEDIUM,2025-09-20,2025-09-22,2025-10-09,11.0,4,MEDIUM,Pending,True
TRC2846,AST0669,SEC069,Feeder,Catenary Maintenance,Registration arm damage,5,LOW,2025-09-15,2025-09-17,2025-11-29,8.1,5,LOW,Cancelled,True
TRC2847,AST0660,SEC060,Transformer,Switchgear Maintenance,Relay malfunction,2,HIGH,2025-07-16,2025-07-16,2025-07-24,3.6,10,HIGH,In Progress,True
TRC2848,AST0577,SEC052,Pantograph interface,Catenary Maintenance,Registration arm damage,4,LOW,2025-05-17,2025-05-20,2025-06-24,4.1,11,LOW,Scheduled,False
TRC2849,AST0585,SEC060,Pantograph interface,Feeder Repair,Joint failure,4,LOW,2025-12-03,2025-12-06,2026-01-19,4.6,15,LOW,Completed,True
TRC2850,AST0558,SEC033,Sectioning equipment,OHE Inspection,Dropper defect,4,LOW,2025-10-22,2025-10-24,2025-12-17,10.4,15,LOW,Completed,True
TRC2851,AST0433,SEC058,Pantograph interface,Catenary Maintenance,Registration arm damage,5,LOW,2025-03-15,2025-03-15,2025-05-07,7.0,14,LOW,Completed,False
TRC2852,AST0528,SEC003,OHE,Transformer Servicing,Cooling system failure,2,HIGH,2025-12-11,2025-12-12,2025-12-26,9.9,5,HIGH,Pending,True
TRC2853,AST0405,SEC030,Feeder,Switchgear Maintenance,Arc damage,2,HIGH,2025-10-21,2025-10-21,2025-10-29,8.9,14,HIGH,Pending,True
TRC2854,AST0576,SEC051,OHE,Catenary Maintenance,Registration arm damage,4,LOW,2025-07-16,2025-07-16,2025-08-24,8.3,9,LOW,In Progress,True
TRC2855,AST0619,SEC019,Catenary,Feeder Repair,Cable damage,4,LOW,2025-05-31,2025-06-01,2025-06-26,2.9,6,LOW,Pending,True
TRC2856,AST0547,SEC022,Catenary,Sectioning Post Maintenance,Interrupter fault,2,HIGH,2025-01-03,2025-01-03,2025-01-12,10.9,13,HIGH,Pending,True
TRC2857,AST0504,SEC054,OHE,OHE Inspection,Stagger fault,4,LOW,2025-11-08,2025-11-08,2026-01-03,2.3,12,LOW,Scheduled,True
TRC2858,AST0591,SEC066,Electrical switchgear,OHE Mast Repair,Corrosion,1,CRITICAL,2025-07-04,2025-07-07,2025-07-14,1.8,4,HIGH,Pending,False
TRC2859,AST0406,SEC031,Sectioning equipment,Transformer Servicing,Cooling system failure,2,HIGH,2025-10-02,2025-10-04,2025-10-16,8.4,5,HIGH,Completed,True
TRC2860,AST0611,SEC011,Catenary,Transformer Servicing,Winding fault,4,LOW,2025-01-27,2025-01-27,2025-03-22,1.7,3,LOW,Pending,True
TRC2861,AST0475,SEC025,Catenary,OHE Inspection,Dropper defect,4,LOW,2025-03-22,2025-03-25,2025-05-23,5.6,7,LOW,Pending,True
TRC2862,AST0674,SEC074,Insulator,Catenary Maintenance,Tension deviation,4,LOW,2025-10-03,2025-10-04,2025-10-31,6.8,11,LOW,Scheduled,False
TRC2863,AST0649,SEC049,Pantograph interface,OHE Mast Repair,Bracket damage,4,LOW,2025-01-06,2025-01-09,2025-03-07,9.2,2,LOW,Completed,True
TRC2864,AST0415,SEC040,Electrical switchgear,Sectioning Post Maintenance,Isolator defect,4,LOW,2025-05-28,2025-05-28,2025-07-24,5.9,13,LOW,Scheduled,False
TRC2865,AST0696,SEC021,OHE,OHE Mast Repair,Corrosion,4,LOW,2025-10-13,2025-10-15,2025-11-10,1.3,10,LOW,Completed,True
TRC2866,AST0489,SEC039,Pantograph interface,Switchgear Maintenance,Relay malfunction,4,LOW,2025-12-12,2025-12-12,2026-02-09,2.6,7,LOW,Cancelled,False
TRC2867,AST0453,SEC003,Feeder,OHE Inspection,Dropper defect,2,HIGH,2025-05-30,2025-05-30,2025-06-07,9.2,8,HIGH,Scheduled,True
TRC2868,AST0667,SEC067,Catenary,OHE Mast Repair,Foundation settlement,4,LOW,2025-02-23,2025-02-23,2025-04-24,3.5,14,LOW,Pending,True
TRC2869,AST0628,SEC028,Transformer,OHE Inspection,Dropper defect,2,HIGH,2025-05-14,2025-05-16,2025-05-31,4.2,3,HIGH,Completed,False
TRC2870,AST0565,SEC040,Feeder,Transformer Servicing,Cooling system failure,3,MEDIUM,2025-08-17,2025-08-20,2025-09-06,8.8,10,MEDIUM,Scheduled,True
TRC2871,AST0523,SEC073,Catenary,Insulator Replacement,Pollution deposit,2,HIGH,2025-05-08,2025-05-09,2025-05-17,10.3,11,HIGH,Completed,True
TRC2872,AST0612,SEC012,Transformer,Insulator Replacement,Mechanical failure,3,MEDIUM,2025-04-16,2025-04-17,2025-05-11,7.5,2,MEDIUM,Completed,False
TRC2873,AST0571,SEC046,Catenary,OHE Inspection,Dropper defect,5,LOW,2025-11-03,2025-11-03,2026-01-06,5.5,13,LOW,Pending,False
TRC2874,AST0448,SEC073,OHE,Catenary Maintenance,Registration arm damage,2,HIGH,2025-12-12,2025-12-12,2025-12-23,8.8,9,HIGH,Scheduled,True
TRC2875,AST0662,SEC062,Sectioning equipment,Transformer Servicing,Oil leak,5,LOW,2025-09-23,2025-09-23,2025-11-29,8.9,11,LOW,Cancelled,True
TRC2876,AST0632,SEC032,OHE,Sectioning Post Maintenance,Isolator defect,3,MEDIUM,2025-02-18,2025-02-19,2025-03-09,9.4,5,MEDIUM,Completed,True
TRC2877,AST0627,SEC027,Catenary,Transformer Servicing,Bushing defect,4,LOW,2025-10-23,2025-10-26,2025-12-17,9.3,12,LOW,Cancelled,True
TRC2878,AST0625,SEC025,Pantograph interface,OHE Mast Repair,Guy wire slack,3,MEDIUM,2025-10-25,2025-10-27,2025-11-23,1.5,11,MEDIUM,In Progress,False
TRC2879,AST0511,SEC061,Electrical switchgear,Transformer Servicing,Oil leak,2,HIGH,2025-11-18,2025-11-20,2025-12-03,5.3,14,HIGH,Completed,False
TRC2880,AST0502,SEC052,Sectioning equipment,OHE Mast Repair,Corrosion,4,LOW,2025-07-26,2025-07-26,2025-09-18,3.9,4,LOW,Completed,True
TRC2881,AST0661,SEC061,Feeder,Insulator Replacement,Mechanical failure,3,MEDIUM,2025-08-16,2025-08-19,2025-09-17,10.4,11,MEDIUM,Pending,True
TRC2882,AST0532,SEC007,Transformer,Transformer Servicing,Oil leak,5,LOW,2025-08-18,2025-08-19,2025-10-07,2.4,8,LOW,Cancelled,False
TRC2883,AST0621,SEC021,Feeder,Transformer Servicing,Cooling system failure,3,MEDIUM,2025-06-30,2025-07-02,2025-07-31,7.9,9,MEDIUM,Pending,True
TRC2884,AST0678,SEC003,Sectioning equipment,Catenary Maintenance,Catenary sag,5,LOW,2025-08-02,2025-08-02,2025-10-21,8.4,7,LOW,Pending,True
TRC2885,AST0654,SEC054,Sectioning equipment,Transformer Servicing,Cooling system failure,2,HIGH,2025-11-11,2025-11-14,2025-11-22,5.7,7,HIGH,Completed,True
TRC2886,AST0548,SEC023,Transformer,Catenary Maintenance,Splice joint fault,3,MEDIUM,2025-08-27,2025-08-29,2025-09-13,7.6,14,MEDIUM,Scheduled,False
TRC2887,AST0681,SEC006,Pantograph interface,Switchgear Maintenance,Relay malfunction,2,HIGH,2025-02-22,2025-02-23,2025-03-10,4.2,3,HIGH,Completed,False
TRC2888,AST0533,SEC008,Feeder,Feeder Repair,Overheating,3,MEDIUM,2025-06-05,2025-06-05,2025-06-22,9.7,2,MEDIUM,Scheduled,True
TRC2889,AST0405,SEC030,Feeder,Feeder Repair,Joint failure,5,LOW,2025-05-24,2025-05-25,2025-07-17,9.1,10,LOW,Completed,True
TRC2890,AST0547,SEC022,Catenary,OHE Inspection,Contact wire wear,4,LOW,2025-11-05,2025-11-07,2025-12-28,5.5,6,LOW,Cancelled,True
TRC2891,AST0597,SEC072,Feeder,OHE Mast Repair,Foundation settlement,2,HIGH,2025-05-28,2025-05-28,2025-06-04,8.0,14,HIGH,Scheduled,True
TRC2892,AST0674,SEC074,Insulator,Sectioning Post Maintenance,Interrupter fault,3,MEDIUM,2025-02-02,2025-02-04,2025-02-21,6.0,15,MEDIUM,Scheduled,True
TRC2893,AST0419,SEC044,Catenary,Switchgear Maintenance,Contactor wear,5,LOW,2025-07-01,2025-07-02,2025-08-27,1.2,13,LOW,In Progress,True
TRC2894,AST0554,SEC029,Insulator,Sectioning Post Maintenance,Isolator defect,5,LOW,2025-06-27,2025-06-29,2025-08-25,5.2,2,LOW,Completed,True
TRC2895,AST0538,SEC013,Insulator,Switchgear Maintenance,Relay malfunction,5,LOW,2025-12-16,2025-12-19,2026-01-29,7.8,15,LOW,Completed,True
TRC2896,AST0530,SEC005,Insulator,OHE Mast Repair,Corrosion,4,LOW,2025-10-22,2025-10-25,2025-12-17,9.6,2,LOW,Scheduled,True
TRC2897,AST0545,SEC020,Pantograph interface,OHE Mast Repair,Corrosion,2,HIGH,2025-09-29,2025-10-01,2025-10-10,9.9,10,HIGH,Cancelled,True
TRC2898,AST0559,SEC034,Electrical switchgear,Transformer Servicing,Winding fault,5,LOW,2025-03-18,2025-03-20,2025-06-17,4.4,7,LOW,Completed,False
TRC2899,AST0427,SEC052,Catenary,Transformer Servicing,Oil leak,1,CRITICAL,2025-02-28,2025-03-03,2025-03-08,2.8,13,HIGH,Pending,True
TRC2900,AST0499,SEC049,Catenary,Sectioning Post Maintenance,Earthing issue,4,LOW,2025-10-22,2025-10-24,2025-11-21,4.4,11,LOW,Completed,True
TRC2901,AST0606,SEC006,Sectioning equipment,Feeder Repair,Overheating,3,MEDIUM,2025-01-18,2025-01-19,2025-02-09,7.3,13,MEDIUM,Scheduled,True
TRC2902,AST0574,SEC049,Sectioning equipment,OHE Mast Repair,Bracket damage,3,MEDIUM,2025-01-17,2025-01-18,2025-02-17,8.1,12,MEDIUM,Scheduled,False
TRC2903,AST0407,SEC032,Electrical switchgear,Insulator Replacement,Flashover damage,3,MEDIUM,2025-08-15,2025-08-17,2025-09-02,10.1,12,MEDIUM,Completed,False
TRC2904,AST0486,SEC036,Sectioning equipment,Switchgear Maintenance,Relay malfunction,1,CRITICAL,2025-04-04,2025-04-06,2025-04-11,8.8,13,HIGH,Scheduled,False
TRC2905,AST0670,SEC070,Sectioning equipment,Switchgear Maintenance,Contactor wear,2,HIGH,2025-04-02,2025-04-05,2025-04-17,6.5,13,HIGH,Scheduled,False
TRC2906,AST0660,SEC060,Transformer,Catenary Maintenance,Catenary sag,4,LOW,2025-07-11,2025-07-11,2025-08-27,8.2,5,LOW,Cancelled,True
TRC2907,AST0587,SEC062,Catenary,Transformer Servicing,Oil leak,2,HIGH,2025-06-21,2025-06-23,2025-07-02,7.8,3,HIGH,Scheduled,True
TRC2908,AST0475,SEC025,Catenary,Switchgear Maintenance,Circuit breaker fault,2,HIGH,2025-10-23,2025-10-24,2025-11-05,8.8,13,HIGH,Completed,False
TRC2909,AST0625,SEC025,Pantograph interface,Switchgear Maintenance,Contactor wear,4,LOW,2025-09-25,2025-09-26,2025-11-25,2.4,15,LOW,Scheduled,False
TRC2910,AST0486,SEC036,Sectioning equipment,Insulator Replacement,Flashover damage,3,MEDIUM,2025-09-29,2025-09-29,2025-10-29,7.8,10,MEDIUM,Completed,True
TRC2911,AST0606,SEC006,Sectioning equipment,Insulator Replacement,Cracked insulator,2,HIGH,2025-06-01,2025-06-01,2025-06-11,7.7,12,HIGH,Scheduled,False
TRC2912,AST0598,SEC073,Sectioning equipment,Feeder Repair,Insulation breakdown,2,HIGH,2025-04-18,2025-04-19,2025-05-01,4.7,6,HIGH,Scheduled,True
TRC2913,AST0476,SEC026,Transformer,Feeder Repair,Joint failure,2,HIGH,2025-02-24,2025-02-24,2025-03-03,11.8,2,HIGH,Cancelled,True
TRC2914,AST0576,SEC051,OHE,OHE Mast Repair,Corrosion,4,LOW,2025-03-31,2025-03-31,2025-05-29,5.5,14,LOW,Pending,False
TRC2915,AST0612,SEC012,Transformer,OHE Mast Repair,Guy wire slack,3,MEDIUM,2025-07-21,2025-07-22,2025-08-08,1.8,8,MEDIUM,Completed,False
TRC2916,AST0575,SEC050,Electrical switchgear,OHE Mast Repair,Guy wire slack,4,LOW,2025-12-11,2025-12-13,2026-02-11,7.1,13,LOW,Scheduled,False
TRC2917,AST0417,SEC042,Pantograph interface,OHE Inspection,Height deviation,3,MEDIUM,2025-10-11,2025-10-11,2025-11-07,11.1,6,MEDIUM,Completed,True
TRC2918,AST0475,SEC025,Catenary,Sectioning Post Maintenance,Isolator defect,5,LOW,2025-03-29,2025-03-29,2025-05-23,8.6,14,LOW,Completed,False
TRC2919,AST0679,SEC004,Electrical switchgear,OHE Inspection,Dropper defect,2,HIGH,2025-01-28,2025-01-30,2025-02-10,11.8,14,HIGH,In Progress,False
TRC2920,AST0669,SEC069,Feeder,OHE Mast Repair,Corrosion,1,CRITICAL,2025-02-19,2025-02-21,2025-02-26,1.9,14,HIGH,Pending,True
TRC2921,AST0699,SEC024,Catenary,Transformer Servicing,Oil leak,4,LOW,2025-06-03,2025-06-05,2025-07-15,10.0,3,LOW,In Progress,False
TRC2922,AST0553,SEC028,Pantograph interface,Transformer Servicing,Oil leak,2,HIGH,2025-05-21,2025-05-23,2025-06-01,2.3,15,HIGH,In Progress,False
TRC2923,AST0482,SEC032,Insulator,OHE Mast Repair,Guy wire slack,3,MEDIUM,2025-06-04,2025-06-05,2025-06-27,1.4,6,MEDIUM,Pending,False
TRC2924,AST0608,SEC008,OHE,Catenary Maintenance,Splice joint fault,4,LOW,2025-07-26,2025-07-29,2025-09-17,8.8,12,LOW,In Progress,True
TRC2925,AST0474,SEC024,Insulator,Insulator Replacement,Cracked insulator,5,LOW,2025-07-10,2025-07-13,2025-10-01,6.4,12,LOW,Pending,True
TRC2926,AST0415,SEC040,Electrical switchgear,Catenary Maintenance,Catenary sag,2,HIGH,2025-06-09,2025-06-11,2025-06-20,6.3,10,HIGH,Cancelled,True
TRC2927,AST0522,SEC072,Insulator,OHE Mast Repair,Corrosion,3,MEDIUM,2025-11-22,2025-11-23,2025-12-23,1.4,4,MEDIUM,Scheduled,False
TRC2928,AST0476,SEC026,Transformer,OHE Mast Repair,Bracket damage,4,LOW,2025-04-18,2025-04-20,2025-05-29,1.2,12,LOW,In Progress,False
TRC2929,AST0450,SEC075,Insulator,Feeder Repair,Joint failure,4,LOW,2025-05-25,2025-05-26,2025-07-21,10.6,6,LOW,Cancelled,False
TRC2930,AST0585,SEC060,Pantograph interface,Transformer Servicing,Bushing defect,4,LOW,2025-03-22,2025-03-24,2025-05-22,6.6,2,LOW,Pending,True
TRC2931,AST0453,SEC003,Feeder,Insulator Replacement,Cracked insulator,1,CRITICAL,2025-08-20,2025-08-20,2025-08-24,4.0,7,HIGH,Completed,True
TRC2932,AST0439,SEC064,Electrical switchgear,Insulator Replacement,Pollution deposit,5,LOW,2025-05-28,2025-05-30,2025-07-25,3.8,2,LOW,Scheduled,True
TRC2933,AST0545,SEC020,Pantograph interface,Transformer Servicing,Winding fault,4,LOW,2025-01-09,2025-01-12,2025-02-12,11.1,6,LOW,Completed,True
TRC2934,AST0465,SEC015,Pantograph interface,Insulator Replacement,Flashover damage,4,LOW,2025-05-11,2025-05-14,2025-07-08,5.1,10,LOW,Completed,True
TRC2935,AST0569,SEC044,Pantograph interface,Switchgear Maintenance,Circuit breaker fault,2,HIGH,2025-09-07,2025-09-08,2025-09-18,4.7,12,HIGH,Cancelled,True
TRC2936,AST0604,SEC004,Transformer,Insulator Replacement,Flashover damage,3,MEDIUM,2025-04-25,2025-04-28,2025-05-16,4.5,2,MEDIUM,Cancelled,True
TRC2937,AST0625,SEC025,Pantograph interface,Feeder Repair,Insulation breakdown,5,LOW,2025-12-01,2025-12-02,2026-01-28,6.8,9,LOW,Pending,False
TRC2938,AST0550,SEC025,Sectioning equipment,OHE Mast Repair,Guy wire slack,1,CRITICAL,2025-08-12,2025-08-13,2025-08-20,3.7,4,HIGH,Completed,True
TRC2939,AST0613,SEC013,Feeder,Feeder Repair,Overheating,3,MEDIUM,2025-08-10,2025-08-12,2025-09-03,10.6,13,MEDIUM,Pending,True
TRC2940,AST0506,SEC056,Insulator,Feeder Repair,Overheating,2,HIGH,2025-03-01,2025-03-04,2025-03-15,3.8,15,HIGH,In Progress,False
TRC2941,AST0633,SEC033,Pantograph interface,Catenary Maintenance,Splice joint fault,2,HIGH,2025-06-09,2025-06-11,2025-06-18,10.4,13,HIGH,Pending,True
TRC2942,AST0555,SEC030,Catenary,Switchgear Maintenance,Relay malfunction,2,HIGH,2025-01-11,2025-01-12,2025-01-24,11.2,4,HIGH,In Progress,True
TRC2943,AST0646,SEC046,Sectioning equipment,OHE Mast Repair,Guy wire slack,3,MEDIUM,2025-07-25,2025-07-28,2025-08-19,10.8,12,MEDIUM,Scheduled,True
TRC2944,AST0437,SEC062,Feeder,Catenary Maintenance,Registration arm damage,3,MEDIUM,2025-12-06,2025-12-06,2025-12-29,9.6,14,MEDIUM,Scheduled,True
TRC2945,AST0530,SEC005,Insulator,Sectioning Post Maintenance,Jumper damage,2,HIGH,2025-11-21,2025-11-24,2025-12-03,3.0,14,HIGH,Pending,True
TRC2946,AST0677,SEC002,Feeder,OHE Mast Repair,Corrosion,3,MEDIUM,2025-12-12,2025-12-15,2026-01-05,8.4,6,MEDIUM,In Progress,True
TRC2947,AST0570,SEC045,Insulator,OHE Mast Repair,Bracket damage,3,MEDIUM,2025-07-04,2025-07-07,2025-08-03,3.8,8,MEDIUM,Completed,False
TRC2948,AST0698,SEC023,Insulator,Catenary Maintenance,Catenary sag,3,MEDIUM,2025-02-20,2025-02-20,2025-03-08,10.1,15,MEDIUM,Completed,False
TRC2949,AST0700,SEC025,Transformer,Feeder Repair,Cable damage,2,HIGH,2025-10-29,2025-10-29,2025-11-13,10.6,13,HIGH,Pending,False
TRC2950,AST0676,SEC001,Transformer,Catenary Maintenance,Catenary sag,3,MEDIUM,2025-05-22,2025-05-23,2025-06-16,10.8,4,MEDIUM,Scheduled,True
TRC2951,AST0610,SEC010,Insulator,OHE Mast Repair,Guy wire slack,3,MEDIUM,2025-07-24,2025-07-27,2025-08-10,6.5,11,MEDIUM,Completed,False
TRC2952,AST0536,SEC011,OHE,Catenary Maintenance,Splice joint fault,2,HIGH,2025-04-09,2025-04-12,2025-04-19,8.4,11,HIGH,Completed,True
TRC2953,AST0697,SEC022,Pantograph interface,Sectioning Post Maintenance,Jumper damage,2,HIGH,2025-02-12,2025-02-13,2025-02-27,11.5,3,HIGH,Scheduled,False
TRC2954,AST0569,SEC044,Pantograph interface,Transformer Servicing,Winding fault,3,MEDIUM,2025-07-17,2025-07-20,2025-08-08,9.5,7,MEDIUM,Scheduled,False
TRC2955,AST0441,SEC066,Pantograph interface,Transformer Servicing,Oil leak,3,MEDIUM,2025-04-29,2025-04-30,2025-05-15,5.4,2,MEDIUM,In Progress,True
TRC2956,AST0648,SEC048,OHE,OHE Mast Repair,Foundation settlement,3,MEDIUM,2025-04-23,2025-04-26,2025-05-10,4.8,15,MEDIUM,Pending,True
TRC2957,AST0469,SEC019,Feeder,Sectioning Post Maintenance,Jumper damage,4,LOW,2025-02-14,2025-02-15,2025-03-29,10.9,11,LOW,Scheduled,True
TRC2958,AST0482,SEC032,Insulator,Switchgear Maintenance,Arc damage,5,LOW,2025-11-08,2025-11-09,2026-02-06,7.7,15,LOW,Scheduled,False
TRC2959,AST0685,SEC010,Feeder,OHE Mast Repair,Corrosion,4,LOW,2025-06-13,2025-06-15,2025-07-31,6.3,13,LOW,Completed,True
TRC2960,AST0552,SEC027,OHE,Transformer Servicing,Bushing defect,4,LOW,2025-02-14,2025-02-14,2025-03-24,6.7,7,LOW,Scheduled,True
TRC2961,AST0488,SEC038,OHE,Feeder Repair,Insulation breakdown,4,LOW,2025-10-06,2025-10-07,2025-12-03,5.2,9,LOW,Completed,False
TRC2962,AST0631,SEC031,Electrical switchgear,Insulator Replacement,Mechanical failure,4,LOW,2025-10-28,2025-10-29,2025-12-21,11.4,15,LOW,Scheduled,False
TRC2963,AST0593,SEC068,Pantograph interface,OHE Inspection,Stagger fault,3,MEDIUM,2025-12-20,2025-12-20,2026-01-16,6.7,4,MEDIUM,Pending,False
TRC2964,AST0408,SEC033,OHE,Insulator Replacement,Pollution deposit,4,LOW,2025-04-20,2025-04-22,2025-06-10,5.4,12,LOW,Completed,True
TRC2965,AST0622,SEC022,Sectioning equipment,Insulator Replacement,Pollution deposit,3,MEDIUM,2025-04-30,2025-04-30,2025-05-23,11.9,8,MEDIUM,In Progress,False
TRC2966,AST0433,SEC058,Pantograph interface,OHE Mast Repair,Guy wire slack,5,LOW,2025-10-26,2025-10-27,2026-01-25,10.3,3,LOW,Completed,False
TRC2967,AST0677,SEC002,Feeder,OHE Inspection,Dropper defect,4,LOW,2025-12-06,2025-12-09,2026-02-06,1.8,10,LOW,Completed,True
TRC2968,AST0664,SEC064,OHE,Switchgear Maintenance,Contactor wear,3,MEDIUM,2025-08-09,2025-08-11,2025-09-01,5.4,13,MEDIUM,Pending,True
TRC2969,AST0601,SEC001,Pantograph interface,OHE Inspection,Dropper defect,4,LOW,2025-11-09,2025-11-12,2025-12-22,11.2,12,LOW,Cancelled,True
TRC2970,AST0413,SEC038,Feeder,OHE Inspection,Stagger fault,4,LOW,2025-09-24,2025-09-25,2025-11-01,9.2,3,LOW,Completed,True
TRC2971,AST0661,SEC061,Feeder,OHE Inspection,Stagger fault,3,MEDIUM,2025-08-15,2025-08-16,2025-09-08,4.4,6,MEDIUM,Scheduled,True
TRC2972,AST0615,SEC015,Electrical switchgear,Sectioning Post Maintenance,Jumper damage,4,LOW,2025-11-17,2025-11-18,2025-12-17,5.9,9,LOW,Pending,False
TRC2973,AST0513,SEC063,Pantograph interface,Feeder Repair,Overheating,3,MEDIUM,2025-04-22,2025-04-25,2025-05-15,9.5,5,MEDIUM,In Progress,False
TRC2974,AST0542,SEC017,Sectioning equipment,Feeder Repair,Joint failure,3,MEDIUM,2025-05-03,2025-05-03,2025-05-31,6.5,2,MEDIUM,Pending,True
TRC2975,AST0639,SEC039,Electrical switchgear,Feeder Repair,Cable damage,3,MEDIUM,2025-02-10,2025-02-12,2025-03-02,6.2,11,MEDIUM,Scheduled,True
TRC2976,AST0430,SEC055,Sectioning equipment,Insulator Replacement,Flashover damage,4,LOW,2025-11-10,2025-11-13,2025-12-10,8.5,5,LOW,Pending,True
TRC2977,AST0544,SEC019,OHE,Sectioning Post Maintenance,Interrupter fault,3,MEDIUM,2025-02-25,2025-02-25,2025-03-22,2.5,13,MEDIUM,Completed,True
TRC2978,AST0537,SEC012,Pantograph interface,Sectioning Post Maintenance,Earthing issue,4,LOW,2025-01-18,2025-01-20,2025-02-20,8.1,8,LOW,Completed,True
TRC2979,AST0487,SEC037,Electrical switchgear,Catenary Maintenance,Tension deviation,4,LOW,2025-01-13,2025-01-15,2025-02-25,10.1,12,LOW,Completed,True
TRC2980,AST0479,SEC029,Electrical switchgear,Transformer Servicing,Winding fault,3,MEDIUM,2025-06-24,2025-06-26,2025-07-15,7.7,2,MEDIUM,Completed,False
TRC2981,AST0458,SEC008,Insulator,Sectioning Post Maintenance,Jumper damage,4,LOW,2025-01-30,2025-01-30,2025-02-25,2.7,6,LOW,Pending,False
TRC2982,AST0588,SEC063,Transformer,OHE Inspection,Stagger fault,3,MEDIUM,2025-05-04,2025-05-05,2025-05-25,8.1,6,MEDIUM,Pending,True
TRC2983,AST0690,SEC015,Insulator,OHE Mast Repair,Foundation settlement,1,CRITICAL,2025-01-14,2025-01-17,2025-01-21,1.2,3,HIGH,Scheduled,False
TRC2984,AST0427,SEC052,Catenary,OHE Mast Repair,Foundation settlement,4,LOW,2025-10-25,2025-10-28,2025-12-07,11.1,15,LOW,Pending,True
TRC2985,AST0515,SEC065,Catenary,Sectioning Post Maintenance,Interrupter fault,3,MEDIUM,2025-10-31,2025-10-31,2025-11-15,9.0,6,MEDIUM,Scheduled,True
TRC2986,AST0483,SEC033,Catenary,OHE Inspection,Dropper defect,3,MEDIUM,2025-07-20,2025-07-21,2025-08-10,10.7,13,MEDIUM,Pending,True
TRC2987,AST0522,SEC072,Insulator,Insulator Replacement,Pollution deposit,4,LOW,2025-08-20,2025-08-23,2025-10-16,6.7,4,LOW,Pending,False
TRC2988,AST0636,SEC036,Transformer,Switchgear Maintenance,Contactor wear,2,HIGH,2025-07-24,2025-07-25,2025-08-05,9.7,14,HIGH,Scheduled,False
TRC2989,AST0489,SEC039,Pantograph interface,Feeder Repair,Cable damage,3,MEDIUM,2025-06-18,2025-06-20,2025-07-19,1.6,5,MEDIUM,Completed,False
TRC2990,AST0569,SEC044,Pantograph interface,Sectioning Post Maintenance,Interrupter fault,3,MEDIUM,2025-02-05,2025-02-08,2025-03-01,1.4,7,MEDIUM,Scheduled,False
TRC2991,AST0474,SEC024,Insulator,Catenary Maintenance,Tension deviation,4,LOW,2025-04-09,2025-04-09,2025-05-28,8.7,14,LOW,Cancelled,True
TRC2992,AST0563,SEC038,Catenary,Transformer Servicing,Bushing defect,4,LOW,2025-04-16,2025-04-18,2025-05-27,3.0,6,LOW,Pending,True
TRC2993,AST0523,SEC073,Catenary,Catenary Maintenance,Tension deviation,3,MEDIUM,2025-12-17,2025-12-17,2026-01-05,6.7,9,MEDIUM,Completed,True
TRC2994,AST0492,SEC042,Transformer,OHE Mast Repair,Foundation settlement,3,MEDIUM,2025-04-09,2025-04-12,2025-05-08,11.9,9,MEDIUM,Cancelled,False
TRC2995,AST0473,SEC023,Pantograph interface,Transformer Servicing,Bushing defect,3,MEDIUM,2025-04-21,2025-04-21,2025-05-11,8.8,8,MEDIUM,Scheduled,False
TRC2996,AST0650,SEC050,Insulator,Switchgear Maintenance,Arc damage,4,LOW,2025-03-26,2025-03-29,2025-05-24,8.2,7,LOW,Completed,False
TRC2997,AST0664,SEC064,OHE,Transformer Servicing,Oil leak,3,MEDIUM,2025-02-15,2025-02-15,2025-03-07,3.1,6,MEDIUM,Cancelled,True
TRC2998,AST0563,SEC038,Catenary,Sectioning Post Maintenance,Earthing issue,5,LOW,2025-07-29,2025-08-01,2025-10-10,11.9,6,LOW,Cancelled,True
TRC2999,AST0665,SEC065,Pantograph interface,Feeder Repair,Overheating,3,MEDIUM,2025-06-16,2025-06-18,2025-07-13,9.3,4,MEDIUM,In Progress,False
TRC3000,AST0529,SEC004,Pantograph interface,OHE Mast Repair,Guy wire slack,2,HIGH,2025-08-23,2025-08-26,2025-09-02,4.7,6,HIGH,Cancelled,False
